サイト,市町,種別,種別根拠,所在地,価格(万円),土地面積(㎡),坪単価(万円/坪),種別上限(万円),地目,都市計画,接道,建築可否,建築可否理由,属人性,検出日,フラグ,詳細URL,判定
SUUMO 土地 伊豆の国市,伊豆の国市,更地,土地カテゴリ（建物表記なし）,静岡県伊豆の国市三福171-10他,1600,172.1,30.7,1500,宅地,—,,不明,接道・区分情報なし、詳細/役場で要確認,,2026-07-27,,https://suumo.jp/tochi/shizuoka/sc_izunokuni/nc_75550290/,不適合
SUUMO 土地 伊豆の国市,伊豆の国市,更地,土地カテゴリ（建物表記なし）,静岡県伊豆の国市寺家,1400,201.8,22.9,1500,—,—,,不明,接道・区分情報なし、詳細/役場で要確認,,2026-06-17,,https://suumo.jp/tochi/shizuoka/sc_izunokuni/nc_78731421/,不適合
SUUMO 土地 伊豆の国市,伊豆の国市,更地,土地カテゴリ（建物表記なし）,静岡県伊豆の国市韮山多田富士見ニュータウン,150,311.0,1.6,1500,田,—,,不明,接道・区分情報なし、詳細/役場で要確認,,2026-07-24,NG:富士見ニュータウン,https://suumo.jp/tochi/shizuoka/sc_izunokuni/nc_21348721/,不適合
SUUMO 土地 伊豆の国市,伊豆の国市,更地,土地カテゴリ（建物表記なし）,静岡県伊豆の国市奈古谷エメラルドタウン,170,283.0,2.0,1500,—,—,,不明,接道・区分情報なし、詳細/役場で要確認,,2026-06-17,NG:エメラルドタウン,https://suumo.jp/tochi/shizuoka/sc_izunokuni/nc_82693663/,不適合
SUUMO 土地 伊豆の国市,伊豆の国市,更地,土地カテゴリ（建物表記なし）,静岡県伊豆の国市中,270,381.5,2.3,1500,畑,—,,×,掲載に再建築不可の表記（新規建築不可）,,2026-06-17,,https://suumo.jp/tochi/shizuoka/sc_izunokuni/nc_78937214/,適合
SUUMO 土地 伊豆の国市,伊豆の国市,更地,土地カテゴリ（建物表記なし）,静岡県伊豆の国市韮山山木,300,616.0,1.6,1500,—,—,,不明,接道・区分情報なし、詳細/役場で要確認,,2026-06-17,,https://suumo.jp/tochi/shizuoka/sc_izunokuni/nc_20083376/,適合
SUUMO 土地 伊豆の国市,伊豆の国市,更地,土地カテゴリ（建物表記なし）,静岡県伊豆の国市韮山山木,400,461.0,2.9,1500,—,—,,不明,接道・区分情報なし、詳細/役場で要確認,,2026-06-17,,https://suumo.jp/tochi/shizuoka/sc_izunokuni/nc_76404904/,適合
SUUMO 土地 伊豆の国市,伊豆の国市,更地,土地カテゴリ（建物表記なし）,静岡県伊豆の国市長岡,600,180.9,11.0,1500,—,—,,不明,接道・区分情報なし、詳細/役場で要確認,,2026-08-09,,https://suumo.jp/tochi/shizuoka/sc_izunokuni/nc_21471080/,不適合
SUUMO 土地 伊豆の国市,伊豆の国市,更地,土地カテゴリ（建物表記なし）,静岡県伊豆の国市長岡,650,173.6,12.4,1500,—,—,,不明,接道・区分情報なし、詳細/役場で要確認,,2026-06-17,注意:温泉,https://suumo.jp/tochi/shizuoka/sc_izunokuni/nc_78583766/,不適合
SUUMO 土地 伊豆の国市,伊豆の国市,更地,土地カテゴリ（建物表記なし）,静岡県伊豆の国市南條,680,73.2,30.7,1500,—,—,,不明,接道・区分情報なし、詳細/役場で要確認,,2026-06-17,,https://suumo.jp/tochi/shizuoka/sc_izunokuni/nc_20572842/,不適合
SUUMO 土地 伊豆の国市,伊豆の国市,更地,土地カテゴリ（建物表記なし）,静岡県伊豆の国市奈古谷,795,525.0,5.0,1500,—,—,,不明,接道・区分情報なし、詳細/役場で要確認,,2026-08-01,,https://suumo.jp/tochi/shizuoka/sc_izunokuni/nc_21411851/,適合
SUUMO 土地 伊豆の国市,伊豆の国市,更地,土地カテゴリ（建物表記なし）,静岡県伊豆の国市北江間,800,3244.8,0.8,1500,宅地,—,,不明,接道・区分情報なし、詳細/役場で要確認,,2026-06-17,,https://suumo.jp/tochi/shizuoka/sc_izunokuni/nc_21078648/,適合
SUUMO 土地 伊豆の国市,伊豆の国市,更地,土地カテゴリ（建物表記なし）,静岡県伊豆の国市三福69-3他,820,109.9,24.7,1500,田,—,,不明,接道・区分情報なし、詳細/役場で要確認,,2026-06-17,,https://suumo.jp/tochi/shizuoka/sc_izunokuni/nc_20504718/,不適合
SUUMO 土地 伊豆の国市,伊豆の国市,更地,土地カテゴリ（建物表記なし）,静岡県伊豆の国市中,980,1146.4,2.8,1500,—,—,,不明,接道・区分情報なし、詳細/役場で要確認,,2026-07-10,,https://suumo.jp/tochi/shizuoka/sc_izunokuni/nc_21261527/,適合
SUUMO 土地 伊豆の国市,伊豆の国市,更地,土地カテゴリ（建物表記なし）,静岡県伊豆の国市長崎,990,200.7,16.3,1500,—,—,,不明,接道・区分情報なし、詳細/役場で要確認,,2026-06-17,,https://suumo.jp/tochi/shizuoka/sc_izunokuni/nc_20818984/,不適合
SUUMO 土地 伊豆の国市,伊豆の国市,更地,土地カテゴリ（建物表記なし）,静岡県伊豆の国市大仁,1080,172.0,20.8,1500,—,—,,不明,接道・区分情報なし、詳細/役場で要確認,,2026-06-17,,https://suumo.jp/tochi/shizuoka/sc_izunokuni/nc_20346154/,不適合
SUUMO 土地 伊豆の国市,伊豆の国市,更地,土地カテゴリ（建物表記なし）,静岡県伊豆の国市北江間,1080,168.8,21.2,1500,宅地,—,,不明,接道・区分情報なし、詳細/役場で要確認,,2026-07-27,,https://suumo.jp/tochi/shizuoka/sc_izunokuni/nc_94832790/,不適合
SUUMO 土地 伊豆の国市,伊豆の国市,更地,土地カテゴリ（建物表記なし）,静岡県伊豆の国市長崎350-6,1150,201.0,18.9,1500,—,—,,不明,接道・区分情報なし、詳細/役場で要確認,,2026-08-10,,https://suumo.jp/tochi/shizuoka/sc_izunokuni/nc_75640261/,不適合
SUUMO 土地 伊豆の国市,伊豆の国市,更地,土地カテゴリ（建物表記なし）,静岡県伊豆の国市長崎350-4,1150,201.0,18.9,1500,—,—,,不明,接道・区分情報なし、詳細/役場で要確認,,2026-08-07,,https://suumo.jp/tochi/shizuoka/sc_izunokuni/nc_72034398/,不適合
SUUMO 土地 伊豆の国市,伊豆の国市,更地,土地カテゴリ（建物表記なし）,静岡県伊豆の国市長崎350-8,1180,201.5,19.4,1500,—,—,,不明,接道・区分情報なし、詳細/役場で要確認,,2026-08-10,,https://suumo.jp/tochi/shizuoka/sc_izunokuni/nc_75042663/,不適合
SUUMO 土地 伊豆の国市,伊豆の国市,更地,土地カテゴリ（建物表記なし）,静岡県伊豆の国市三福,1200,201.8,19.7,1500,—,—,,不明,接道・区分情報なし、詳細/役場で要確認,,2026-06-17,,https://suumo.jp/tochi/shizuoka/sc_izunokuni/nc_71633187/,不適合
SUUMO 土地 伊豆の国市,伊豆の国市,更地,土地カテゴリ（建物表記なし）,静岡県伊豆の国市長岡,1280,282.1,15.0,1500,—,—,,不明,接道・区分情報なし、詳細/役場で要確認,,2026-06-17,,https://suumo.jp/tochi/shizuoka/sc_izunokuni/nc_96501493/,不適合
SUUMO 土地 伊豆の国市,伊豆の国市,更地,土地カテゴリ（建物表記なし）,静岡県伊豆の国市寺家,1290,241.0,17.7,1500,—,—,,不明,接道・区分情報なし、詳細/役場で要確認,,2026-06-17,,https://suumo.jp/tochi/shizuoka/sc_izunokuni/nc_20315660/,不適合
SUUMO 土地 伊豆の国市,伊豆の国市,更地,土地カテゴリ（建物表記なし）,静岡県伊豆の国市長崎350-4,1380,205.0,22.3,1500,—,—,,不明,接道・区分情報なし、詳細/役場で要確認,,2026-08-10,,https://suumo.jp/tochi/shizuoka/sc_izunokuni/nc_75042521/,不適合
SUUMO 土地 伊豆の国市,伊豆の国市,更地,土地カテゴリ（建物表記なし）,静岡県伊豆の国市大仁,1380,342.3,13.3,1500,—,—,,不明,接道・区分情報なし、詳細/役場で要確認,,2026-06-17,,https://suumo.jp/tochi/shizuoka/sc_izunokuni/nc_76627283/,適合
SUUMO 土地 伊豆の国市,伊豆の国市,更地,土地カテゴリ（建物表記なし）,静岡県伊豆の国市長岡,1400,354.1,13.1,1500,—,—,,不明,接道・区分情報なし、詳細/役場で要確認,,2026-06-25,,https://suumo.jp/tochi/shizuoka/sc_izunokuni/nc_21145042/,適合
SUUMO 土地 伊豆の国市,伊豆の国市,更地,土地カテゴリ（建物表記なし）,静岡県伊豆の国市三福69-4,1468,165.5,29.3,1500,田,—,,不明,接道・区分情報なし、詳細/役場で要確認,,2026-06-17,,https://suumo.jp/tochi/shizuoka/sc_izunokuni/nc_20609438/,不適合
SUUMO 土地 伊豆の国市,伊豆の国市,更地,土地カテゴリ（建物表記なし）,静岡県伊豆の国市原木,1500,173.3,28.6,1500,—,—,,不明,接道・区分情報なし、詳細/役場で要確認,,2026-06-17,,https://suumo.jp/tochi/shizuoka/sc_izunokuni/nc_21068965/,不適合
SUUMO 土地 伊豆の国市,伊豆の国市,更地,土地カテゴリ（建物表記なし）,静岡県伊豆の国市四日町,1680,185.1,30.0,1500,—,—,,不明,接道・区分情報なし、詳細/役場で要確認,,2026-08-09,,https://suumo.jp/tochi/shizuoka/sc_izunokuni/nc_21469043/,不適合
SUUMO 土地 伊豆の国市,伊豆の国市,更地,土地カテゴリ（建物表記なし）,静岡県伊豆の国市中條400-1,2100,366.3,19.0,1500,—,—,,不明,接道・区分情報なし、詳細/役場で要確認,,2026-06-17,,https://suumo.jp/tochi/shizuoka/sc_izunokuni/nc_84674278/,不適合
SUUMO 土地 伊豆の国市,伊豆の国市,更地,土地カテゴリ（建物表記なし）,静岡県伊豆の国市古奈,2380,396.0,19.9,1500,—,—,,不明,接道・区分情報なし、詳細/役場で要確認,,2026-06-17,,https://suumo.jp/tochi/shizuoka/sc_izunokuni/nc_20764232/,不適合
SUUMO 土地 伊豆の国市,伊豆の国市,更地,土地カテゴリ（建物表記なし）,静岡県伊豆の国市長岡,2480,1316.0,6.2,1500,—,—,,不明,接道・区分情報なし、詳細/役場で要確認,,2026-08-10,,https://suumo.jp/tochi/shizuoka/sc_izunokuni/nc_20869771/,不適合
SUUMO 土地 伊豆の国市,伊豆の国市,更地,土地カテゴリ（建物表記なし）,静岡県伊豆の国市天野110,2480,653.0,12.6,1500,—,—,,不明,接道・区分情報なし、詳細/役場で要確認,,2026-06-17,,https://suumo.jp/tochi/shizuoka/sc_izunokuni/nc_72137058/,不適合
SUUMO 土地 伊豆の国市,伊豆の国市,更地,土地カテゴリ（建物表記なし）,静岡県伊豆の国市中,2730,1350.5,6.7,1500,—,—,,不明,接道・区分情報なし、詳細/役場で要確認,,2026-06-17,,https://suumo.jp/tochi/shizuoka/sc_izunokuni/nc_71149502/,不適合
SUUMO 土地 伊豆の国市,伊豆の国市,更地,土地カテゴリ（建物表記なし）,静岡県伊豆の国市四日町897-1,2800,961.8,9.6,1500,—,—,,不明,接道・区分情報なし、詳細/役場で要確認,,2026-06-17,,https://suumo.jp/tochi/shizuoka/sc_izunokuni/nc_74062654/,不適合
SUUMO 土地 伊豆の国市,伊豆の国市,更地,土地カテゴリ（建物表記なし）,静岡県伊豆の国市富士見,3000,850.9,11.7,1500,—,—,,不明,接道・区分情報なし、詳細/役場で要確認,,2026-06-17,,https://suumo.jp/tochi/shizuoka/sc_izunokuni/nc_70162419/,不適合
SUUMO 土地 伊豆の国市,伊豆の国市,更地,土地カテゴリ（建物表記なし）,静岡県伊豆の国市奈古谷,4450,3652.0,4.0,1500,—,—,,不明,接道・区分情報なし、詳細/役場で要確認,,2026-08-01,,https://suumo.jp/tochi/shizuoka/sc_izunokuni/nc_21411852/,不適合
SUUMO 土地 伊豆の国市,伊豆の国市,更地,土地カテゴリ（建物表記なし）,静岡県伊豆の国市田京,4990,1152.9,14.3,1500,田,—,,不明,接道・区分情報なし、詳細/役場で要確認,,2026-06-17,,https://suumo.jp/tochi/shizuoka/sc_izunokuni/nc_71292657/,不適合
SUUMO 土地 伊豆の国市,伊豆の国市,更地,土地カテゴリ（建物表記なし）,静岡県伊豆の国市南江間,10000,2228.0,14.8,1500,—,—,,不明,接道・区分情報なし、詳細/役場で要確認,,2026-06-17,,https://suumo.jp/tochi/shizuoka/sc_izunokuni/nc_20069747/,不適合
LIFULL 土地 伊豆の国市,伊豆の国市,更地,土地カテゴリ（建物表記なし）,伊豆の国市大仁 (大仁駅),1480,,,1500,—,—,,不明,接道・区分情報なし、詳細/役場で要確認,,2026-08-08,,https://www.homes.co.jp/tochi/b-33318410000042/,数値不明
LIFULL 土地 伊豆の国市,伊豆の国市,古家付き土地,土地＋古家/上物の表記,伊豆の国市大仁 (大仁駅),1400,,,1500,—,—,,不明,接道・区分情報なし。建物ありだが現行法での再建築可否は役場で要確認,,2026-08-08,,https://www.homes.co.jp/tochi/b-33318410000009/,数値不明
LIFULL 土地 伊豆の国市,伊豆の国市,更地,土地カテゴリ（建物表記なし）,伊豆の国市奈古谷 (熱海駅),80,,,1500,—,—,,不明,接道・区分情報なし、詳細/役場で要確認,,2026-08-04,,https://www.homes.co.jp/tochi/b-33303660000840/,数値不明
LIFULL 土地 伊豆の国市,伊豆の国市,更地,土地カテゴリ（建物表記なし）,伊豆の国市北江間 (伊豆箱根バス),850,,,1500,—,—,,不明,接道・区分情報なし、詳細/役場で要確認,,2026-08-08,,https://www.homes.co.jp/tochi/b-33332300000036/,数値不明
LIFULL 土地 伊豆の国市,伊豆の国市,更地,土地カテゴリ（建物表記なし）,伊豆の国市古奈 (伊豆長岡駅),1866,,,1500,—,—,,不明,接道・区分情報なし、詳細/役場で要確認,,2026-08-05,,https://www.homes.co.jp/tochi/b-33309130000096/,数値不明
LIFULL 土地 伊豆の国市,伊豆の国市,更地,土地カテゴリ（建物表記なし）,伊豆の国市古奈 (伊豆長岡駅),2480,,,1500,—,—,,不明,接道・区分情報なし、詳細/役場で要確認,,2026-08-05,注意:温泉,https://www.homes.co.jp/tochi/b-33301530000065/,数値不明
LIFULL 土地 伊豆の国市,伊豆の国市,更地,土地カテゴリ（建物表記なし）,伊豆の国市原木 (原木駅),980,,,1500,—,—,,不明,接道・区分情報なし、詳細/役場で要確認,,2026-08-03,,https://www.homes.co.jp/tochi/b-33316480000096/,数値不明
LIFULL 土地 伊豆の国市,伊豆の国市,更地,土地カテゴリ（建物表記なし）,伊豆の国市韮山多田富士見ニュータウン,100,,,1500,田,—,,不明,接道・区分情報なし、詳細/役場で要確認,,2026-08-03,NG:富士見ニュータウン,https://www.homes.co.jp/tochi/b-33308270000285/,数値不明
LIFULL 土地 伊豆の国市,伊豆の国市,古家付き土地,土地＋古家/上物の表記,伊豆の国市韮山韮山 (韮山駅),1850,,,1500,—,—,,不明,接道・区分情報なし。建物ありだが現行法での再建築可否は役場で要確認,,2026-08-03,,https://www.homes.co.jp/tochi/b-33317490000142/,数値不明
LIFULL 土地 伊豆の国市,伊豆の国市,古家付き土地,土地＋古家/上物の表記,伊豆の国市南江間 (韮山駅),750,,,1500,—,市街化調整区域,,△,調整区域の建替えは既存宅地要件等の確認が必要＝本命候補,,2026-08-03,関心:市街化調整区域/調整区域,https://www.homes.co.jp/tochi/b-33317490000136/,数値不明
LIFULL 土地 伊豆の国市,伊豆の国市,更地,土地カテゴリ（建物表記なし）,伊豆の国市原木 (原木駅),1390,,,1500,—,—,,不明,接道・区分情報なし、詳細/役場で要確認,,2026-08-03,,https://www.homes.co.jp/tochi/b-33327580000087/,数値不明
LIFULL 土地 伊豆の国市,伊豆の国市,更地,土地カテゴリ（建物表記なし）,伊豆の国市四日町 (韮山駅),1300,,,1500,—,—,,不明,接道・区分情報なし、詳細/役場で要確認,,2026-08-04,,https://www.homes.co.jp/tochi/b-33319390000005/,数値不明
LIFULL 土地 伊豆の国市,伊豆の国市,更地,土地カテゴリ（建物表記なし）,伊豆の国市奈古谷 (熱海駅),50,,,1500,—,—,,不明,接道・区分情報なし、詳細/役場で要確認,,2026-08-10,,https://www.homes.co.jp/tochi/b-37070020003430/,数値不明
LIFULL 土地 伊豆の国市,伊豆の国市,更地,土地カテゴリ（建物表記なし）,伊豆の国市奈古谷小松ケ原,100,,,1500,—,—,,不明,接道・区分情報なし、詳細/役場で要確認,,2026-08-10,注意:別荘地,https://www.homes.co.jp/tochi/b-33303660000686/,数値不明
LIFULL 土地 伊豆の国市,伊豆の国市,更地,土地カテゴリ（建物表記なし）,伊豆の国市長岡 (伊豆長岡駅),1150,,,1500,—,—,,不明,接道・区分情報なし、詳細/役場で要確認,,2026-08-11,注意:温泉,https://www.homes.co.jp/tochi/b-39046610000078/,数値不明
LIFULL 土地 伊豆の国市,伊豆の国市,更地,土地カテゴリ（建物表記なし）,伊豆の国市御門 (田京駅),1280,,,1500,田,—,,不明,接道・区分情報なし、詳細/役場で要確認,,2026-08-11,,https://www.homes.co.jp/tochi/b-39046610000081/,数値不明
LIFULL 土地 伊豆の国市,伊豆の国市,更地,土地カテゴリ（建物表記なし）,伊豆の国市原木 (韮山駅),750,,,1500,—,—,,不明,接道・区分情報なし、詳細/役場で要確認,,2026-08-07,,https://www.homes.co.jp/tochi/b-33303690000049/,数値不明
LIFULL 土地 伊豆の国市,伊豆の国市,更地,土地カテゴリ（建物表記なし）,伊豆の国市古奈 (伊豆長岡駅),800,,,1500,—,—,,不明,接道・区分情報なし、詳細/役場で要確認,,2026-08-07,,https://www.homes.co.jp/tochi/b-33303690000038/,数値不明
LIFULL 土地 伊豆の国市,伊豆の国市,更地,土地カテゴリ（建物表記なし）,伊豆の国市奈古谷小松ケ原,680,,,1500,—,—,,不明,接道・区分情報なし、詳細/役場で要確認,,2026-08-07,,https://www.homes.co.jp/tochi/b-33311850000189/,数値不明
LIFULL 土地 伊豆の国市,伊豆の国市,更地,土地カテゴリ（建物表記なし）,伊豆の国市韮山山木 (熱海駅),300,,,1500,—,—,,不明,接道・区分情報なし、詳細/役場で要確認,,2026-08-05,注意:別荘地,https://www.homes.co.jp/tochi/b-33303660001115/,数値不明
LIFULL 土地 伊豆の国市,伊豆の国市,古家付き土地,土地＋古家/上物の表記,伊豆の国市天野 (伊豆長岡駅),1080,,,1500,—,—,,不明,接道・区分情報なし。建物ありだが現行法での再建築可否は役場で要確認,,2026-07-25,,https://www.homes.co.jp/tochi/b-33315810000619/,数値不明
LIFULL 土地 伊豆の国市,伊豆の国市,更地,土地カテゴリ（建物表記なし）,伊豆の国市南條 (伊豆長岡駅),300,,,1500,—,—,,不明,接道・区分情報なし、詳細/役場で要確認,,2026-08-07,,https://www.homes.co.jp/tochi/b-1500050000472/,数値不明
LIFULL 土地 伊豆の国市,伊豆の国市,更地,土地カテゴリ（建物表記なし）,伊豆の国市大仁 (大仁駅),1380,,,1500,—,—,,不明,接道・区分情報なし、詳細/役場で要確認,,2026-08-07,,https://www.homes.co.jp/tochi/b-1500050000386/,数値不明
LIFULL 土地 伊豆の国市,伊豆の国市,古家付き土地,土地＋古家/上物の表記,伊豆の国市南條 (伊豆長岡駅),680,,,1500,—,—,,不明,接道・区分情報なし。建物ありだが現行法での再建築可否は役場で要確認,,2026-08-07,,https://www.homes.co.jp/tochi/b-1500050000639/,数値不明
LIFULL 土地 伊豆の国市,伊豆の国市,更地,土地カテゴリ（建物表記なし）,伊豆の国市中 (伊豆長岡駅),980,,,1500,—,—,,不明,接道・区分情報なし、詳細/役場で要確認,,2026-08-03,,https://www.homes.co.jp/tochi/b-1500050000680/,数値不明
LIFULL 土地 伊豆の国市,伊豆の国市,更地,土地カテゴリ（建物表記なし）,伊豆の国市中 (伊豆長岡駅),330,,,1500,—,—,,不明,接道・区分情報なし、詳細/役場で要確認,,2026-08-07,,https://www.homes.co.jp/tochi/b-1500050000601/,数値不明
LIFULL 土地 伊豆の国市,伊豆の国市,更地,土地カテゴリ（建物表記なし）,伊豆の国市韮山山木 (韮山駅),400,,,1500,—,—,,不明,接道・区分情報なし、詳細/役場で要確認,,2026-08-07,,https://www.homes.co.jp/tochi/b-1500050000370/,数値不明
LIFULL 土地 伊豆の国市,伊豆の国市,更地,土地カテゴリ（建物表記なし）,伊豆の国市韮山多田 (原木駅),148,,,1500,田,—,,不明,接道・区分情報なし、詳細/役場で要確認,,2026-08-07,,https://www.homes.co.jp/tochi/b-1500050000603/,数値不明
LIFULL 土地 伊豆の国市,伊豆の国市,更地,土地カテゴリ（建物表記なし）,伊豆の国市韮山多田富士見ニュータウン (韮山駅),100,,,1500,田,—,,不明,接道・区分情報なし、詳細/役場で要確認,,2026-08-10,注意:別荘地 NG:富士見ニュータウン,https://www.homes.co.jp/tochi/b-1546940000015/,数値不明
LIFULL 土地 伊豆の国市,伊豆の国市,更地,土地カテゴリ（建物表記なし）,伊豆の国市奈古谷 (函南駅),50,,,1500,—,—,,不明,接道・区分情報なし、詳細/役場で要確認,,2026-08-10,,https://www.homes.co.jp/tochi/b-1546940000043/,数値不明
SUUMO 中古戸建 伊豆の国市,伊豆の国市,更地,土地カテゴリ（建物表記なし）,静岡県伊豆の国市吉田,1750,422.4,13.7,1500,田,—,,不明,接道・区分情報なし、詳細/役場で要確認,,2026-06-14,,https://suumo.jp/chukoikkodate/shizuoka/sc_izunokuni/nc_21007309/,不適合
SUUMO 中古戸建 伊豆の国市,伊豆の国市,更地,土地カテゴリ（建物表記なし）,静岡県伊豆の国市四日町,1990,91.2,72.1,1500,—,—,,不明,接道・区分情報なし、詳細/役場で要確認,,2026-08-02,,https://suumo.jp/chukoikkodate/shizuoka/sc_izunokuni/nc_21415765/,不適合
SUUMO 中古戸建 伊豆の国市,伊豆の国市,更地,土地カテゴリ（建物表記なし）,静岡県伊豆の国市富士見,3000,850.9,11.7,1500,—,—,,不明,接道・区分情報なし、詳細/役場で要確認,,2026-06-14,,https://suumo.jp/chukoikkodate/shizuoka/sc_izunokuni/nc_70162439/,不適合
SUUMO 中古戸建 伊豆の国市,伊豆の国市,更地,土地カテゴリ（建物表記なし）,静岡県伊豆の国市中島,3980,239.0,55.1,1500,—,—,,不明,接道・区分情報なし、詳細/役場で要確認,,2026-07-30,,https://suumo.jp/chukoikkodate/shizuoka/sc_izunokuni/nc_21389329/,不適合
SUUMO 中古戸建 伊豆の国市,伊豆の国市,更地,土地カテゴリ（建物表記なし）,静岡県伊豆の国市宗光寺662-25,1529,264.3,19.1,1500,—,—,,不明,接道・区分情報なし、詳細/役場で要確認,,2026-06-14,,https://suumo.jp/chukoikkodate/shizuoka/sc_izunokuni/nc_20831265/,不適合
SUUMO 中古戸建 伊豆の国市,伊豆の国市,更地,土地カテゴリ（建物表記なし）,静岡県伊豆の国市立花２,1980,392.6,16.7,1500,田,—,,不明,接道・区分情報なし、詳細/役場で要確認,,2026-06-21,注意:要相談,https://suumo.jp/chukoikkodate/shizuoka/sc_izunokuni/nc_78708755/,不適合
SUUMO 中古戸建 伊豆の国市,伊豆の国市,更地,土地カテゴリ（建物表記なし）,静岡県伊豆の国市韮山多田,400,296.0,4.5,1500,田,—,,不明,接道・区分情報なし、詳細/役場で要確認,,2026-07-04,,https://suumo.jp/chukoikkodate/shizuoka/sc_izunokuni/nc_75426668/,不適合
SUUMO 中古戸建 伊豆の国市,伊豆の国市,更地,土地カテゴリ（建物表記なし）,静岡県伊豆の国市奈古谷,400,229.0,5.8,1500,—,—,,不明,接道・区分情報なし、詳細/役場で要確認,,2026-07-04,,https://suumo.jp/chukoikkodate/shizuoka/sc_izunokuni/nc_72355796/,不適合
SUUMO 中古戸建 伊豆の国市,伊豆の国市,更地,土地カテゴリ（建物表記なし）,静岡県伊豆の国市韮山山木,498,380.0,4.3,1500,—,—,,不明,接道・区分情報なし、詳細/役場で要確認,,2026-06-14,,https://suumo.jp/chukoikkodate/shizuoka/sc_izunokuni/nc_20766895/,適合
SUUMO 中古戸建 伊豆の国市,伊豆の国市,更地,土地カテゴリ（建物表記なし）,静岡県伊豆の国市奈古谷,500,393.0,4.2,1500,—,—,,不明,接道・区分情報なし、詳細/役場で要確認,,2026-06-14,,https://suumo.jp/chukoikkodate/shizuoka/sc_izunokuni/nc_97860466/,適合
SUUMO 中古戸建 伊豆の国市,伊豆の国市,更地,土地カテゴリ（建物表記なし）,静岡県伊豆の国市立花３,500,346.0,4.8,1500,田,—,,不明,接道・区分情報なし、詳細/役場で要確認,,2026-08-11,,https://suumo.jp/chukoikkodate/shizuoka/sc_izunokuni/nc_20609633/,適合
SUUMO 中古戸建 伊豆の国市,伊豆の国市,更地,土地カテゴリ（建物表記なし）,静岡県伊豆の国市奈古谷,520,290.0,5.9,1500,—,—,,不明,接道・区分情報なし、詳細/役場で要確認,,2026-06-14,,https://suumo.jp/chukoikkodate/shizuoka/sc_izunokuni/nc_20504430/,不適合
SUUMO 中古戸建 伊豆の国市,伊豆の国市,更地,土地カテゴリ（建物表記なし）,静岡県伊豆の国市奈古谷小松ケ原,580,358.0,5.4,1500,—,—,,不明,接道・区分情報なし、詳細/役場で要確認,,2026-06-14,,https://suumo.jp/chukoikkodate/shizuoka/sc_izunokuni/nc_78892714/,適合
SUUMO 中古戸建 伊豆の国市,伊豆の国市,更地,土地カテゴリ（建物表記なし）,静岡県伊豆の国市御門,750,141.0,17.6,1500,田,—,,不明,接道・区分情報なし、詳細/役場で要確認,,2026-06-14,,https://suumo.jp/chukoikkodate/shizuoka/sc_izunokuni/nc_74752544/,不適合
SUUMO 中古戸建 伊豆の国市,伊豆の国市,更地,土地カテゴリ（建物表記なし）,静岡県伊豆の国市原木,750,117.3,21.1,1500,—,—,,不明,接道・区分情報なし、詳細/役場で要確認,,2026-06-14,,https://suumo.jp/chukoikkodate/shizuoka/sc_izunokuni/nc_20827752/,不適合
SUUMO 中古戸建 伊豆の国市,伊豆の国市,中古戸建,中古戸建/住宅カテゴリ,静岡県伊豆の国市韮山多田,750,396.7,6.2,3000,田,—,,不明,接道・区分情報なし。建物ありだが現行法での再建築可否は役場で要確認,,2026-06-14,注意:別荘地 NG:富士見ニュータウン,https://suumo.jp/chukoikkodate/shizuoka/sc_izunokuni/nc_79112253/,適合
SUUMO 中古戸建 伊豆の国市,伊豆の国市,更地,土地カテゴリ（建物表記なし）,静岡県伊豆の国市大仁,800,136.9,19.3,1500,—,—,,不明,接道・区分情報なし、詳細/役場で要確認,,2026-06-14,,https://suumo.jp/chukoikkodate/shizuoka/sc_izunokuni/nc_20280636/,不適合
SUUMO 中古戸建 伊豆の国市,伊豆の国市,更地,土地カテゴリ（建物表記なし）,静岡県伊豆の国市奈古谷小松ケ原,800,366.3,7.2,1500,—,—,,不明,接道・区分情報なし、詳細/役場で要確認,,2026-06-14,,https://suumo.jp/chukoikkodate/shizuoka/sc_izunokuni/nc_21042192/,適合
SUUMO 中古戸建 伊豆の国市,伊豆の国市,更地,土地カテゴリ（建物表記なし）,静岡県伊豆の国市南條,900,199.5,14.9,1500,—,—,,不明,接道・区分情報なし、詳細/役場で要確認,,2026-06-14,,https://suumo.jp/chukoikkodate/shizuoka/sc_izunokuni/nc_20113184/,不適合
SUUMO 中古戸建 伊豆の国市,伊豆の国市,更地,土地カテゴリ（建物表記なし）,静岡県伊豆の国市三福,900,201.8,14.7,1500,—,—,,不明,接道・区分情報なし、詳細/役場で要確認,,2026-06-14,,https://suumo.jp/chukoikkodate/shizuoka/sc_izunokuni/nc_98525077/,不適合
SUUMO 中古戸建 伊豆の国市,伊豆の国市,中古戸建,中古戸建/住宅カテゴリ,静岡県伊豆の国市韮山多田,990,333.0,9.8,3000,田,—,,不明,接道・区分情報なし。建物ありだが現行法での再建築可否は役場で要確認,,2026-06-14,注意:別荘地 NG:富士見ニュータウン,https://suumo.jp/chukoikkodate/shizuoka/sc_izunokuni/nc_20773143/,適合
SUUMO 中古戸建 伊豆の国市,伊豆の国市,更地,土地カテゴリ（建物表記なし）,静岡県伊豆の国市韮山山木,1000,955.0,3.5,1500,—,—,,不明,接道・区分情報なし、詳細/役場で要確認,,2026-06-14,,https://suumo.jp/chukoikkodate/shizuoka/sc_izunokuni/nc_98299867/,適合
SUUMO 中古戸建 伊豆の国市,伊豆の国市,更地,土地カテゴリ（建物表記なし）,静岡県伊豆の国市奈古谷,1180,245.8,15.9,1500,—,—,,不明,接道・区分情報なし、詳細/役場で要確認,,2026-06-14,,https://suumo.jp/chukoikkodate/shizuoka/sc_izunokuni/nc_20998225/,不適合
SUUMO 中古戸建 伊豆の国市,伊豆の国市,更地,土地カテゴリ（建物表記なし）,静岡県伊豆の国市原木825-3,1299,109.0,39.4,1500,—,—,,不明,接道・区分情報なし、詳細/役場で要確認,,2026-06-14,,https://suumo.jp/chukoikkodate/shizuoka/sc_izunokuni/nc_20903783/,不適合
SUUMO 中古戸建 伊豆の国市,伊豆の国市,更地,土地カテゴリ（建物表記なし）,静岡県伊豆の国市奈古谷小松ケ原,1350,416.0,10.7,1500,—,—,,不明,接道・区分情報なし、詳細/役場で要確認,,2026-06-14,,https://suumo.jp/chukoikkodate/shizuoka/sc_izunokuni/nc_78494696/,適合
SUUMO 中古戸建 伊豆の国市,伊豆の国市,更地,土地カテゴリ（建物表記なし）,静岡県伊豆の国市原木742-12,1599,100.6,52.5,1500,—,—,,不明,接道・区分情報なし、詳細/役場で要確認,,2026-06-22,,https://suumo.jp/chukoikkodate/shizuoka/sc_izunokuni/nc_21076176/,不適合
SUUMO 中古戸建 伊豆の国市,伊豆の国市,更地,土地カテゴリ（建物表記なし）,静岡県伊豆の国市奈古谷小松ケ原,1780,221.0,26.6,1500,—,—,,不明,接道・区分情報なし、詳細/役場で要確認,,2026-06-14,,https://suumo.jp/chukoikkodate/shizuoka/sc_izunokuni/nc_97178786/,不適合
SUUMO 中古戸建 伊豆の国市,伊豆の国市,更地,土地カテゴリ（建物表記なし）,静岡県伊豆の国市南條,1780,184.1,32.0,1500,—,—,,不明,接道・区分情報なし、詳細/役場で要確認,,2026-08-04,,https://suumo.jp/chukoikkodate/shizuoka/sc_izunokuni/nc_21435252/,不適合
SUUMO 中古戸建 伊豆の国市,伊豆の国市,更地,土地カテゴリ（建物表記なし）,静岡県伊豆の国市大仁,1800,210.7,28.2,1500,—,—,,不明,接道・区分情報なし、詳細/役場で要確認,,2026-06-14,,https://suumo.jp/chukoikkodate/shizuoka/sc_izunokuni/nc_78650107/,不適合
SUUMO 中古戸建 伊豆の国市,伊豆の国市,更地,土地カテゴリ（建物表記なし）,静岡県伊豆の国市墹之上,1800,452.9,13.1,1500,—,—,,不明,接道・区分情報なし、詳細/役場で要確認,,2026-07-16,,https://suumo.jp/chukoikkodate/shizuoka/sc_izunokuni/nc_20800966/,不適合
SUUMO 中古戸建 伊豆の国市,伊豆の国市,更地,土地カテゴリ（建物表記なし）,静岡県伊豆の国市古奈1118-10,1829,213.7,28.3,1500,—,—,,不明,接道・区分情報なし、詳細/役場で要確認,,2026-06-14,,https://suumo.jp/chukoikkodate/shizuoka/sc_izunokuni/nc_20831311/,不適合
SUUMO 中古戸建 伊豆の国市,伊豆の国市,更地,土地カテゴリ（建物表記なし）,静岡県伊豆の国市奈古谷エメラルドタウン,1980,558.2,11.7,1500,—,—,,不明,接道・区分情報なし、詳細/役場で要確認,,2026-06-14,NG:エメラルドタウン,https://suumo.jp/chukoikkodate/shizuoka/sc_izunokuni/nc_91192340/,不適合
SUUMO 中古戸建 伊豆の国市,伊豆の国市,中古戸建,中古戸建/住宅カテゴリ,静岡県伊豆の国市原木,1980,312.6,20.9,3000,田,—,,不明,接道・区分情報なし。建物ありだが現行法での再建築可否は役場で要確認,,2026-06-14,,https://suumo.jp/chukoikkodate/shizuoka/sc_izunokuni/nc_79178268/,不適合
SUUMO 中古戸建 伊豆の国市,伊豆の国市,更地,土地カテゴリ（建物表記なし）,静岡県伊豆の国市三福,2180,128.1,56.3,1500,田,—,,不明,接道・区分情報なし、詳細/役場で要確認,,2026-06-14,,https://suumo.jp/chukoikkodate/shizuoka/sc_izunokuni/nc_20428723/,不適合
SUUMO 中古戸建 伊豆の国市,伊豆の国市,更地,土地カテゴリ（建物表記なし）,静岡県伊豆の国市大仁,2230,210.7,35.0,1500,田,—,,不明,接道・区分情報なし、詳細/役場で要確認,,2026-06-14,注意:温泉,https://suumo.jp/chukoikkodate/shizuoka/sc_izunokuni/nc_79025794/,不適合
SUUMO 中古戸建 伊豆の国市,伊豆の国市,更地,土地カテゴリ（建物表記なし）,静岡県伊豆の国市古奈602-1,2299,215.5,35.3,1500,—,—,,不明,接道・区分情報なし、詳細/役場で要確認,,2026-08-07,,https://suumo.jp/chukoikkodate/shizuoka/sc_izunokuni/nc_21440419/,不適合
SUUMO 中古戸建 伊豆の国市,伊豆の国市,更地,土地カテゴリ（建物表記なし）,静岡県伊豆の国市奈古谷小松ケ原,2480,378.0,21.7,1500,—,—,,不明,接道・区分情報なし、詳細/役場で要確認,,2026-07-20,,https://suumo.jp/chukoikkodate/shizuoka/sc_izunokuni/nc_77034505/,不適合
SUUMO 中古戸建 伊豆の国市,伊豆の国市,更地,土地カテゴリ（建物表記なし）,静岡県伊豆の国市長岡,2480,360.0,22.8,1500,—,—,,不明,接道・区分情報なし、詳細/役場で要確認,,2026-06-14,,https://suumo.jp/chukoikkodate/shizuoka/sc_izunokuni/nc_79002142/,不適合
SUUMO 中古戸建 伊豆の国市,伊豆の国市,更地,土地カテゴリ（建物表記なし）,静岡県伊豆の国市天野,2800,170.5,54.3,1500,—,—,,不明,接道・区分情報なし、詳細/役場で要確認,,2026-06-14,,https://suumo.jp/chukoikkodate/shizuoka/sc_izunokuni/nc_20882818/,不適合
SUUMO 中古戸建 伊豆の国市,伊豆の国市,更地,土地カテゴリ（建物表記なし）,静岡県伊豆の国市天野,2880,463.0,20.6,1500,—,—,,不明,接道・区分情報なし、詳細/役場で要確認,,2026-08-11,,https://suumo.jp/chukoikkodate/shizuoka/sc_izunokuni/nc_21376091/,不適合
SUUMO 中古戸建 伊豆の国市,伊豆の国市,更地,土地カテゴリ（建物表記なし）,静岡県伊豆の国市富士見,2950,164.0,59.5,1500,—,—,,不明,接道・区分情報なし、詳細/役場で要確認,,2026-06-14,,https://suumo.jp/chukoikkodate/shizuoka/sc_izunokuni/nc_78266044/,不適合
SUUMO 中古戸建 伊豆の国市,伊豆の国市,更地,土地カテゴリ（建物表記なし）,静岡県伊豆の国市大仁,3200,160.6,65.9,1500,—,—,,不明,接道・区分情報なし、詳細/役場で要確認,,2026-06-14,,https://suumo.jp/chukoikkodate/shizuoka/sc_izunokuni/nc_74842726/,不適合
SUUMO 中古戸建 伊豆の国市,伊豆の国市,更地,土地カテゴリ（建物表記なし）,静岡県伊豆の国市長岡,3280,157.3,68.9,1500,—,—,,不明,接道・区分情報なし、詳細/役場で要確認,,2026-06-14,注意:温泉,https://suumo.jp/chukoikkodate/shizuoka/sc_izunokuni/nc_76083243/,不適合
SUUMO 中古戸建 伊豆の国市,伊豆の国市,更地,土地カテゴリ（建物表記なし）,静岡県伊豆の国市吉田,3650,563.0,21.4,1500,田,—,,不明,接道・区分情報なし、詳細/役場で要確認,,2026-06-14,,https://suumo.jp/chukoikkodate/shizuoka/sc_izunokuni/nc_20155773/,不適合
SUUMO 中古戸建 伊豆の国市,伊豆の国市,更地,土地カテゴリ（建物表記なし）,静岡県伊豆の国市三福,3650,307.7,39.2,1500,田,—,,不明,接道・区分情報なし、詳細/役場で要確認,,2026-06-27,,https://suumo.jp/chukoikkodate/shizuoka/sc_izunokuni/nc_21162739/,不適合
SUUMO 中古戸建 伊豆の国市,伊豆の国市,更地,土地カテゴリ（建物表記なし）,静岡県伊豆の国市古奈,5600,331.6,55.8,1500,田,—,,不明,接道・区分情報なし、詳細/役場で要確認,,2026-06-14,,https://suumo.jp/chukoikkodate/shizuoka/sc_izunokuni/nc_97670552/,不適合
SUUMO 中古戸建 伊豆の国市,伊豆の国市,更地,土地カテゴリ（建物表記なし）,静岡県伊豆の国市長岡,9500,846.8,37.1,1500,田,—,,不明,接道・区分情報なし、詳細/役場で要確認,,2026-06-14,,https://suumo.jp/chukoikkodate/shizuoka/sc_izunokuni/nc_76448476/,不適合
スマイミー静岡 賃貸 田方郡函南町,函南町,賃貸アパート,賃貸カテゴリ（掲載種別）,田方郡函南町仁田691-3,5.4,48.9,,5,田,—,,—,賃貸のため対象外,,2026-07-25,関心:礼金無,https://www.shizuoka.fudohsan.jp/%E7%89%A9%E4%BB%B6/157338,不適合
スマイミー静岡 賃貸 田方郡函南町,函南町,賃貸その他,賃貸カテゴリ（掲載種別）,田方郡函南町塚本140-6,19.2,163.0,,5,田,—,,—,賃貸のため対象外,,2026-07-28,関心:敷金無/礼金無,https://www.shizuoka.fudohsan.jp/%E7%89%A9%E4%BB%B6/175325,不適合
スマイミー静岡 賃貸 田方郡函南町,函南町,賃貸アパート,賃貸カテゴリ（掲載種別）,田方郡函南町塚本140-6,6.0,47.0,,5,田,—,,—,賃貸のため対象外,,2026-07-29,関心:礼金無,https://www.shizuoka.fudohsan.jp/%E7%89%A9%E4%BB%B6/175781,不適合
スマイミー静岡 賃貸 田方郡函南町,函南町,賃貸アパート,賃貸カテゴリ（掲載種別）,田方郡函南町塚本140-6,6.0,50.0,,5,田,—,,—,賃貸のため対象外,,2026-07-25,関心:礼金無,https://www.shizuoka.fudohsan.jp/%E7%89%A9%E4%BB%B6/175295,不適合
スマイミー静岡 賃貸 田方郡函南町,函南町,賃貸マンション,賃貸カテゴリ（掲載種別）,田方郡函南町大土肥1-1,6.6,58.8,,5,田,—,,—,賃貸のため対象外,,2026-07-25,関心:礼金無,https://www.shizuoka.fudohsan.jp/%E7%89%A9%E4%BB%B6/38727,不適合
スマイミー静岡 賃貸 田方郡函南町,函南町,賃貸マンション,賃貸カテゴリ（掲載種別）,田方郡函南町大土肥793-6,4.0,21.0,,5,田,—,,—,賃貸のため対象外,,2026-07-25,関心:礼金無,https://www.shizuoka.fudohsan.jp/%E7%89%A9%E4%BB%B6/168541,適合
スマイミー静岡 賃貸 田方郡函南町,函南町,賃貸マンション,賃貸カテゴリ（掲載種別）,田方郡函南町塚本100-4,7.8,74.4,,5,田,—,,—,賃貸のため対象外,,2026-07-25,関心:礼金無,https://www.shizuoka.fudohsan.jp/%E7%89%A9%E4%BB%B6/174224,不適合
スマイミー静岡 賃貸 田方郡函南町,函南町,賃貸その他,賃貸カテゴリ（掲載種別）,田方郡函南町塚本140-6,12.65,113.1,,5,田,—,,—,賃貸のため対象外,,2026-07-25,関心:礼金無,https://www.shizuoka.fudohsan.jp/%E7%89%A9%E4%BB%B6/171137,不適合
スマイミー静岡 賃貸 田方郡函南町,函南町,賃貸戸建,賃貸カテゴリ（掲載種別）,田方郡函南町仁田47-1,6.0,41.4,,5,田,—,,—,賃貸のため対象外,,2026-07-25,関心:礼金無/戸建,https://www.shizuoka.fudohsan.jp/%E7%89%A9%E4%BB%B6/36515,不適合
スマイミー静岡 賃貸 田方郡函南町,函南町,賃貸アパート,賃貸カテゴリ（掲載種別）,田方郡函南町塚本232-1,6.5,51.6,,5,田,—,,—,賃貸のため対象外,,2026-07-25,関心:礼金無,https://www.shizuoka.fudohsan.jp/%E7%89%A9%E4%BB%B6/71090,不適合
スマイミー静岡 賃貸 田方郡函南町,函南町,賃貸アパート,賃貸カテゴリ（掲載種別）,田方郡函南町間宮822-2,6.5,57.2,,5,田,—,,—,賃貸のため対象外,,2026-08-01,関心:礼金無,https://www.shizuoka.fudohsan.jp/%E7%89%A9%E4%BB%B6/57715,不適合
スマイミー静岡 賃貸 田方郡函南町,函南町,賃貸その他,賃貸カテゴリ（掲載種別）,田方郡函南町平井1689-48,16.7,11900.0,,5,田,—,,—,賃貸のため対象外,,2026-07-25,関心:敷金無/礼金無 注意:事業用,https://www.shizuoka.fudohsan.jp/%E7%89%A9%E4%BB%B6/31624,不適合
スマイミー静岡 賃貸 田方郡函南町,函南町,賃貸戸建,賃貸カテゴリ（掲載種別）,田方郡函南町仁田211-7,4.9,47.2,,5,田,—,,—,賃貸のため対象外,,2026-07-25,関心:礼金無/戸建,https://www.shizuoka.fudohsan.jp/%E7%89%A9%E4%BB%B6/88088,適合
スマイミー静岡 賃貸 田方郡函南町,函南町,賃貸戸建,賃貸カテゴリ（掲載種別）,田方郡函南町肥田947-5,7.5,49.7,,5,田,—,,—,賃貸のため対象外,,2026-07-25,関心:礼金無/戸建,https://www.shizuoka.fudohsan.jp/%E7%89%A9%E4%BB%B6/111954,不適合
スマイミー静岡 賃貸 田方郡函南町,函南町,賃貸マンション,賃貸カテゴリ（掲載種別）,田方郡函南町仁田99-3,5.5,49.7,,5,田,—,,—,賃貸のため対象外,,2026-07-25,関心:礼金無,https://www.shizuoka.fudohsan.jp/%E7%89%A9%E4%BB%B6/141332,不適合
スマイミー静岡 賃貸 田方郡函南町,函南町,賃貸アパート,賃貸カテゴリ（掲載種別）,田方郡函南町柏谷1149-4,5.3,52.2,,5,田,—,,—,賃貸のため対象外,,2026-07-25,関心:礼金無,https://www.shizuoka.fudohsan.jp/%E7%89%A9%E4%BB%B6/143474,不適合
スマイミー静岡 賃貸 田方郡函南町,函南町,賃貸その他,賃貸カテゴリ（掲載種別）,田方郡函南町塚本575-3,45.0,238.5,,5,田,—,,—,賃貸のため対象外,,2026-07-25,関心:礼金無 注意:店舗,https://www.shizuoka.fudohsan.jp/%E7%89%A9%E4%BB%B6/152946,不適合
スマイミー静岡 賃貸 田方郡函南町,函南町,賃貸アパート,賃貸カテゴリ（掲載種別）,田方郡函南町柏谷43,5.0,53.6,,5,田,—,,—,賃貸のため対象外,,2026-07-25,関心:礼金無,https://www.shizuoka.fudohsan.jp/%E7%89%A9%E4%BB%B6/159193,適合
スマイミー静岡 賃貸 田方郡函南町,函南町,賃貸戸建,賃貸カテゴリ（掲載種別）,田方郡函南町仁田21-4,8.8,124.2,,5,田,—,,—,賃貸のため対象外,,2026-07-25,関心:礼金無/戸建,https://www.shizuoka.fudohsan.jp/%E7%89%A9%E4%BB%B6/170926,不適合
スマイミー静岡 賃貸 田方郡函南町,函南町,賃貸戸建,賃貸カテゴリ（掲載種別）,田方郡函南町間宮116-2,5.7,36.0,,5,田,—,,—,賃貸のため対象外,,2026-07-25,関心:礼金無/戸建,https://www.shizuoka.fudohsan.jp/%E7%89%A9%E4%BB%B6/173413,不適合
LIFULL 中古戸建 伊豆の国市,伊豆の国市,空き家,掲載に空き家表記,伊豆の国市大仁,3200,160.6,65.9,3000,—,—,,不明,接道・区分情報なし。建物ありだが現行法での再建築可否は役場で要確認,,2026-06-21,,https://www.homes.co.jp/kodate/b-33306040000363/,不適合
LIFULL 中古戸建 伊豆の国市,伊豆の国市,空き家,掲載に空き家表記,売中古戸建　伊豆の国市大仁,3200,160.6,65.9,3000,—,—,,不明,接道・区分情報なし。建物ありだが現行法での再建築可否は役場で要確認,,2026-06-21,,https://www.homes.co.jp/kodate/b-1500050000270/,不適合
LIFULL 中古戸建 伊豆の国市,伊豆の国市,中古戸建,中古戸建/住宅カテゴリ,伊豆の国市三福　中古戸建,2180,128.1,56.3,3000,田,—,,不明,接道・区分情報なし。建物ありだが現行法での再建築可否は役場で要確認,,2026-07-26,,https://www.homes.co.jp/kodate/b-1436870001889/,不適合
LIFULL 中古戸建 伊豆の国市,伊豆の国市,中古戸建,中古戸建/住宅カテゴリ,伊豆の国市田京　中古戸建,3450,245.5,46.5,3000,田,—,,不明,接道・区分情報なし。建物ありだが現行法での再建築可否は役場で要確認,,2026-07-26,,https://www.homes.co.jp/kodate/b-1436870001906/,不適合
LIFULL 中古戸建 伊豆の国市,伊豆の国市,空き家,掲載に空き家表記,中古戸建　伊豆の国市富士見,2950,164.0,59.5,3000,—,—,,不明,接道・区分情報なし。建物ありだが現行法での再建築可否は役場で要確認,,2026-06-21,,https://www.homes.co.jp/kodate/b-1556780000068/,不適合
LIFULL 中古戸建 伊豆の国市,伊豆の国市,空き家,掲載に空き家表記,伊豆の国市四日町中古住宅,1990,91.2,72.1,3000,—,—,,不明,接道・区分情報なし。建物ありだが現行法での再建築可否は役場で要確認,,2026-08-02,,https://www.homes.co.jp/kodate/b-1265050002559/,不適合
LIFULL 中古戸建 伊豆の国市,伊豆の国市,中古戸建,中古戸建/住宅カテゴリ,伊豆の国市吉田　中古平家,3650,563.0,21.4,3000,田,—,,不明,接道・区分情報なし。建物ありだが現行法での再建築可否は役場で要確認,,2026-06-21,,https://www.homes.co.jp/kodate/b-1490460002284/,不適合
LIFULL 中古戸建 伊豆の国市,伊豆の国市,中古戸建,中古戸建/住宅カテゴリ,伊豆の国市中島中古住宅,3980,239.0,55.1,3000,—,—,,不明,接道・区分情報なし。建物ありだが現行法での再建築可否は役場で要確認,,2026-07-30,,https://www.homes.co.jp/kodate/b-1265050002686/,不適合
LIFULL 中古戸建 伊豆の国市,,中古戸建,中古戸建/住宅カテゴリ,小松ヶ原別荘地　戸建,1380,225.1,20.3,3000,—,—,,不明,接道・区分情報なし。建物ありだが現行法での再建築可否は役場で要確認,,2026-06-21,注意:別荘地,https://www.homes.co.jp/kodate/b-33303660001042/,不適合
LIFULL 中古戸建 伊豆の国市,,中古戸建,中古戸建/住宅カテゴリ,JR東海道本線 熱海駅 15.4km,1380,225.1,20.3,3000,—,—,,不明,接道・区分情報なし。建物ありだが現行法での再建築可否は役場で要確認,,2026-06-21,,https://www.homes.co.jp/kodate/b-1341600001706/,不適合
LIFULL 中古戸建 伊豆の国市,伊豆の国市,空き家,掲載に空き家表記,中古戸建  伊豆の国市原木,1980,312.6,20.9,3000,宅地,—,,不明,接道・区分情報なし。建物ありだが現行法での再建築可否は役場で要確認,,2026-06-21,,https://www.homes.co.jp/kodate/b-1540930000173/,不適合
LIFULL 中古戸建 伊豆の国市,伊豆の国市,中古戸建,中古戸建/住宅カテゴリ,伊豆の国市長岡中古住宅,3280,157.3,68.9,3000,—,—,,不明,接道・区分情報なし。建物ありだが現行法での再建築可否は役場で要確認,,2026-06-21,注意:温泉,https://www.homes.co.jp/kodate/b-1265050002093/,不適合
LIFULL 中古戸建 伊豆の国市,伊豆の国市,空き家,掲載に空き家表記,売中古戸建　伊豆の国市大仁,2230,210.7,35.0,3000,—,—,,不明,接道・区分情報なし。建物ありだが現行法での再建築可否は役場で要確認,,2026-06-21,注意:温泉,https://www.homes.co.jp/kodate/b-1500050000602/,不適合
LIFULL 中古戸建 伊豆の国市,伊豆の国市,空き家,掲載に空き家表記,伊豆の国市原木　戸建て,1599,100.6,52.5,3000,—,—,,不明,接道・区分情報なし。建物ありだが現行法での再建築可否は役場で要確認,,2026-06-21,,https://www.homes.co.jp/kodate/b-1220300000737/,不適合
LIFULL 中古戸建 伊豆の国市,伊豆の国市,中古戸建,中古戸建/住宅カテゴリ,伊豆の国市南條　中古戸建,1780,184.1,32.0,3000,—,—,,不明,接道・区分情報なし。建物ありだが現行法での再建築可否は役場で要確認,,2026-08-04,,https://www.homes.co.jp/kodate/b-1436870001946/,不適合
LIFULL 中古戸建 伊豆の国市,,中古戸建,中古戸建/住宅カテゴリ,小松ヶ原別荘地　戸建,800,366.3,7.2,3000,—,—,,不明,接道・区分情報なし。建物ありだが現行法での再建築可否は役場で要確認,,2026-06-21,注意:別荘地,https://www.homes.co.jp/kodate/b-1111450005501/,適合
LIFULL 中古戸建 伊豆の国市,,中古戸建,中古戸建/住宅カテゴリ,JR東海道本線 熱海駅 17km,900,287.0,10.4,3000,—,—,,不明,接道・区分情報なし。建物ありだが現行法での再建築可否は役場で要確認,,2026-06-21,注意:温泉,https://www.homes.co.jp/kodate/b-33303660000945/,不適合
LIFULL 中古戸建 伊豆の国市,伊豆の国市,空き家,掲載に空き家表記,伊豆の国市三福中古戸建,2980,332.6,29.6,3000,田,—,,不明,接道・区分情報なし。建物ありだが現行法での再建築可否は役場で要確認,,2026-06-21,,https://www.homes.co.jp/kodate/b-89420000408/,適合
LIFULL 中古戸建 伊豆の国市,,中古戸建,中古戸建/住宅カテゴリ,JR東海道本線 熱海駅 13.5km,1180,245.8,15.9,3000,—,—,,不明,接道・区分情報なし。建物ありだが現行法での再建築可否は役場で要確認,,2026-06-21,NG:エメラルドタウン,https://www.homes.co.jp/kodate/b-33303660001149/,不適合
LIFULL 中古戸建 伊豆の国市,,中古戸建,中古戸建/住宅カテゴリ,JR東海道本線 熱海駅 16km,1350,416.0,10.7,3000,—,—,,不明,接道・区分情報なし。建物ありだが現行法での再建築可否は役場で要確認,,2026-06-21,,https://www.homes.co.jp/kodate/b-33303660000993/,適合
LIFULL 中古戸建 伊豆の国市,伊豆の国市,空き家,掲載に空き家表記,伊豆の国市宗光寺　戸建て,1529,264.3,19.1,3000,—,—,,不明,接道・区分情報なし。建物ありだが現行法での再建築可否は役場で要確認,,2026-06-21,,https://www.homes.co.jp/kodate/b-1220300000700/,不適合
LIFULL 中古戸建 伊豆の国市,伊豆の国市,空き家,掲載に空き家表記,伊豆の国市古奈　戸建て,1829,213.7,28.3,3000,—,—,,不明,接道・区分情報なし。建物ありだが現行法での再建築可否は役場で要確認,,2026-06-21,,https://www.homes.co.jp/kodate/b-1220300000701/,不適合
LIFULL 中古戸建 伊豆の国市,,空き家,掲載に空き家表記,JR東海道本線 熱海駅 16km,2480,218.0,37.6,3000,—,—,,不明,接道・区分情報なし。建物ありだが現行法での再建築可否は役場で要確認,,2026-06-21,注意:別荘地,https://www.homes.co.jp/kodate/b-33303660000874/,不適合
LIFULL 中古戸建 伊豆の国市,伊豆の国市,中古戸建,中古戸建/住宅カテゴリ,伊豆の国市天野戸建て,2880,463.0,20.6,3000,—,—,,不明,接道・区分情報なし。建物ありだが現行法での再建築可否は役場で要確認,,2026-08-11,,https://www.homes.co.jp/kodate/b-33334000000029/,適合
LIFULL 中古戸建 伊豆の国市,伊豆の国市,中古戸建,中古戸建/住宅カテゴリ,伊豆の国市奈古谷　中古戸建,980,677.0,4.8,3000,—,—,,不明,接道・区分情報なし。建物ありだが現行法での再建築可否は役場で要確認,,2026-06-21,,https://www.homes.co.jp/kodate/b-1490460002344/,適合
LIFULL 中古戸建 伊豆の国市,,空き家,掲載に空き家表記,伊豆箱根鉄道駿豆線 大仁駅 徒歩15分,1500,340.9,14.5,3000,田,—,,不明,接道・区分情報なし。建物ありだが現行法での再建築可否は役場で要確認,,2026-07-13,,https://www.homes.co.jp/kodate/b-33318410000045/,適合
LIFULL 中古戸建 伊豆の国市,,中古戸建,中古戸建/住宅カテゴリ,JR東海道本線 熱海駅 15km,380,337.0,3.7,3000,—,—,,不明,接道・区分情報なし。建物ありだが現行法での再建築可否は役場で要確認,,2026-06-21,NG:エメラルドタウン,https://www.homes.co.jp/kodate/b-33303660000702/,適合
LIFULL 中古戸建 伊豆の国市,伊豆の国市,空き家,掲載に空き家表記,伊豆の国市古奈　戸建て,2299,215.5,35.3,3000,—,—,接道、南西側4.0ｍ幅の接道,不明,接道・区分情報なし。建物ありだが現行法での再建築可否は役場で要確認,,2026-08-07,,https://www.homes.co.jp/kodate/b-1220300000755/,不適合
LIFULL 中古戸建 伊豆の国市,伊豆の国市,空き家,掲載に空き家表記,伊豆の国市奈古谷 中古戸建,250,97.7,8.5,3000,田,—,,不明,接道・区分情報なし。建物ありだが現行法での再建築可否は役場で要確認,,2026-07-31,,https://www.homes.co.jp/kodate/b-1489770000566/,不適合
LIFULL 中古戸建 伊豆の国市,伊豆の国市,空き家,掲載に空き家表記,伊豆の国市南條中古住宅,900,199.5,14.9,3000,—,—,,不明,接道・区分情報なし。建物ありだが現行法での再建築可否は役場で要確認,,2026-07-31,,https://www.homes.co.jp/kodate/b-1265050002531/,不適合
空き家バンクしずおか 函南町,函南町,更地,土地カテゴリ（建物表記なし）,田方郡函南町仁田,4180,183.6,75.3,1500,田,市街化区域,,△,市街化区域だが接道幅員が不明。新築可否は接道要確認,,2026-06-26,,https://akiya-bank.shizuoka.fudohsan.jp/%E7%89%A9%E4%BB%B6/174642/settle/1,不適合
空き家バンクしずおか 函南町,函南町,空き家,掲載に空き家表記,田方郡函南町仁田,2650,119.1,73.6,3000,田,市街化区域,,不明,接道・区分情報なし。建物ありだが現行法での再建築可否は役場で要確認,,2026-06-14,,https://akiya-bank.shizuoka.fudohsan.jp/%E7%89%A9%E4%BB%B6/168035/settle/1,不適合
空き家バンクしずおか 函南町,函南町,更地,土地カテゴリ（建物表記なし）,田方郡函南町間宮,2980,128.5,76.7,1500,田,市街化区域,,△,市街化区域だが接道幅員が不明。新築可否は接道要確認,,2026-06-14,,https://akiya-bank.shizuoka.fudohsan.jp/%E7%89%A9%E4%BB%B6/172053/settle/1,不適合
空き家バンクしずおか 函南町,函南町,更地,土地カテゴリ（建物表記なし）,田方郡函南町平井１２８４－１６、１２８４－２、,2100,321.5,21.6,1500,宅地,市街化区域,,△,市街化区域だが接道幅員が不明。新築可否は接道要確認,,2026-06-14,,https://akiya-bank.shizuoka.fudohsan.jp/%E7%89%A9%E4%BB%B6/59401/settle/1,不適合
空き家バンクしずおか 函南町,函南町,更地,土地カテゴリ（建物表記なし）,田方郡函南町上沢,50,332.0,0.5,1500,田,市街化調整区域,,△,市街化調整区域は原則新築不可・許可要件次第＝本命候補,,2026-06-14,関心:調整区域/無指定,https://akiya-bank.shizuoka.fudohsan.jp/%E7%89%A9%E4%BB%B6/92609/settle/1,適合
空き家バンクしずおか 函南町,函南町,古家付き土地,土地＋古家/上物の表記,田方郡函南町上沢768-14,250,169.2,4.9,1500,田,市街化調整区域,,△,調整区域の建替えは既存宅地要件等の確認が必要＝本命候補,,2026-06-14,関心:調整区域/無指定,https://akiya-bank.shizuoka.fudohsan.jp/%E7%89%A9%E4%BB%B6/160715/settle/1,不適合
空き家バンクしずおか 函南町,函南町,空き家,掲載に空き家表記,田方郡函南町仁田,2390,84.3,93.7,3000,田,—,,不明,接道・区分情報なし。建物ありだが現行法での再建築可否は役場で要確認,,2026-08-07,注意:管理費,https://akiya-bank.shizuoka.fudohsan.jp/%E7%89%A9%E4%BB%B6/176146/settle/1,不適合
空き家バンクしずおか 函南町,函南町,更地,土地カテゴリ（建物表記なし）,田方郡函南町畑毛,1480,742.0,6.6,1500,畑,市街化調整区域,,△,市街化調整区域は原則新築不可・許可要件次第＝本命候補,,2026-06-14,関心:調整区域/無指定,https://akiya-bank.shizuoka.fudohsan.jp/%E7%89%A9%E4%BB%B6/163601/settle/1,適合
空き家バンクしずおか 函南町,函南町,中古戸建,中古戸建/住宅カテゴリ,田方郡函南町平井1740-669,1780,429.5,13.7,3000,畑,市街化調整区域,,△,調整区域の建替えは既存宅地要件等の確認が必要＝本命候補,,2026-06-14,関心:調整区域/無指定 NG:南箱根ダイヤランド,https://akiya-bank.shizuoka.fudohsan.jp/%E7%89%A9%E4%BB%B6/153397/settle/1,適合
空き家バンクしずおか 函南町,函南町,空き家,掲載に空き家表記,田方郡函南町平井,580,271.7,7.1,3000,田,市街化調整区域,,△,調整区域の建替えは既存宅地要件等の確認が必要＝本命候補,,2026-06-14,関心:調整区域/無指定 NG:南箱根ダイヤランド,https://akiya-bank.shizuoka.fudohsan.jp/%E7%89%A9%E4%BB%B6/166471/settle/1,不適合
空き家バンクしずおか 函南町,函南町,空き家,掲載に空き家表記,田方郡函南町桑原,100,238.7,1.4,3000,田,市街化調整区域,,△,調整区域の建替えは既存宅地要件等の確認が必要＝本命候補,,2026-08-04,関心:調整区域/無指定 注意:借地,https://akiya-bank.shizuoka.fudohsan.jp/%E7%89%A9%E4%BB%B6/175975/settle/1,不適合
空き家バンクしずおか 函南町,函南町,空き家,掲載に空き家表記,田方郡函南町平井南箱根ダイヤランド,550,246.6,7.4,3000,田,市街化調整区域,,△,調整区域の建替えは既存宅地要件等の確認が必要＝本命候補,,2026-08-03,関心:調整区域/無指定 NG:南箱根ダイヤランド,https://akiya-bank.shizuoka.fudohsan.jp/%E7%89%A9%E4%BB%B6/175958/settle/1,不適合
空き家バンクしずおか 函南町,函南町,更地,土地カテゴリ（建物表記なし）,田方郡函南町仁田,1580,312.2,16.7,1500,田,市街化調整区域,,△,市街化調整区域は原則新築不可・許可要件次第＝本命候補,,2026-08-03,関心:調整区域/無指定,https://akiya-bank.shizuoka.fudohsan.jp/%E7%89%A9%E4%BB%B6/175939/settle/1,不適合
空き家バンクしずおか 函南町,函南町,古家付き土地,土地＋古家/上物の表記,田方郡函南町肥田,3500,1400.6,8.3,1500,田,市街化調整区域,,△,調整区域の建替えは既存宅地要件等の確認が必要＝本命候補,,2026-06-14,関心:調整区域/無指定,https://akiya-bank.shizuoka.fudohsan.jp/%E7%89%A9%E4%BB%B6/124611/settle/1,不適合
空き家バンクしずおか 函南町,函南町,空き家,掲載に空き家表記,田方郡函南町畑529-135,1480,301.7,16.2,3000,畑,市街化調整区域,,△,調整区域の建替えは既存宅地要件等の確認が必要＝本命候補,,2026-08-02,関心:調整区域/無指定,https://akiya-bank.shizuoka.fudohsan.jp/%E7%89%A9%E4%BB%B6/175917/settle/1,不適合
空き家バンクしずおか 函南町,函南町,空き家,掲載に空き家表記,田方郡函南町平井,750,365.0,6.8,3000,田,市街化区域,,不明,接道・区分情報なし。建物ありだが現行法での再建築可否は役場で要確認,,2026-06-14,関心:無指定 注意:温泉 NG:南箱根ダイヤランド,https://akiya-bank.shizuoka.fudohsan.jp/%E7%89%A9%E4%BB%B6/165995/settle/1,適合
空き家バンクしずおか 函南町,函南町,空き家,掲載に空き家表記,田方郡函南町平井1247番の4,2700,424.8,21.0,3000,田,市街化区域,,不明,接道・区分情報なし。建物ありだが現行法での再建築可否は役場で要確認,,2026-06-14,,https://akiya-bank.shizuoka.fudohsan.jp/%E7%89%A9%E4%BB%B6/161158/settle/1,適合
空き家バンクしずおか 函南町,函南町,空き家,掲載に空き家表記,田方郡函南町平井1720番７４他,3500,1924.8,6.0,3000,田,市街化調整区域,,△,調整区域の建替えは既存宅地要件等の確認が必要＝本命候補,,2026-06-14,関心:調整区域/無指定,https://akiya-bank.shizuoka.fudohsan.jp/%E7%89%A9%E4%BB%B6/120470/settle/1,不適合
空き家バンクしずおか 函南町,函南町,空き家,掲載に空き家表記,田方郡函南町上沢,750,339.0,7.3,3000,田,市街化調整区域,,△,調整区域の建替えは既存宅地要件等の確認が必要＝本命候補,,2026-06-14,関心:調整区域/無指定,https://akiya-bank.shizuoka.fudohsan.jp/%E7%89%A9%E4%BB%B6/156063/settle/1,適合
空き家バンクしずおか 函南町,函南町,空き家,掲載に空き家表記,田方郡函南町平井1733-633,320,378.0,2.8,3000,田,市街化調整区域,,△,調整区域の建替えは既存宅地要件等の確認が必要＝本命候補,,2026-06-14,関心:調整区域/無指定,https://akiya-bank.shizuoka.fudohsan.jp/%E7%89%A9%E4%BB%B6/128773/settle/1,適合
空き家バンクしずおか 函南町,函南町,空き家,掲載に空き家表記,田方郡函南町平井,965,241.4,13.2,3000,田,市街化区域,,不明,接道・区分情報なし。建物ありだが現行法での再建築可否は役場で要確認,,2026-06-14,,https://akiya-bank.shizuoka.fudohsan.jp/%E7%89%A9%E4%BB%B6/173699/settle/1,不適合
空き家バンクしずおか 函南町,函南町,空き家,掲載に空き家表記,田方郡函南町柏谷,1200,183.3,21.6,3000,宅地,市街化区域,,不明,接道・区分情報なし。建物ありだが現行法での再建築可否は役場で要確認,,2026-07-24,,https://akiya-bank.shizuoka.fudohsan.jp/%E7%89%A9%E4%BB%B6/175644/settle/1,不適合
空き家バンクしずおか 函南町,函南町,更地,土地カテゴリ（建物表記なし）,田方郡函南町上沢951-205,50,449.0,0.4,1500,田,市街化調整区域,,△,市街化調整区域は原則新築不可・許可要件次第＝本命候補,,2026-06-14,関心:調整区域/無指定,https://akiya-bank.shizuoka.fudohsan.jp/%E7%89%A9%E4%BB%B6/128604/settle/1,適合
空き家バンクしずおか 函南町,函南町,更地,土地カテゴリ（建物表記なし）,田方郡函南町丹那南箱根ダイヤランド529－587,200,363.6,1.8,1500,田,市街化調整区域,,△,市街化調整区域は原則新築不可・許可要件次第＝本命候補,,2026-06-14,関心:調整区域/無指定 注意:温泉 NG:南箱根ダイヤランド,https://akiya-bank.shizuoka.fudohsan.jp/%E7%89%A9%E4%BB%B6/61857/settle/1,適合
空き家バンクしずおか 函南町,函南町,空き家,掲載に空き家表記,田方郡函南町平井,980,408.0,7.9,3000,田,市街化区域,,不明,接道・区分情報なし。建物ありだが現行法での再建築可否は役場で要確認,,2026-06-14,関心:無指定 NG:南箱根ダイヤランド,https://akiya-bank.shizuoka.fudohsan.jp/%E7%89%A9%E4%BB%B6/173001/settle/1,適合
空き家バンクしずおか 函南町,函南町,空き家,掲載に空き家表記,田方郡函南町肥田408-9,1500,145.6,34.1,3000,田,市街化区域,,不明,接道・区分情報なし。建物ありだが現行法での再建築可否は役場で要確認,,2026-06-14,,https://akiya-bank.shizuoka.fudohsan.jp/%E7%89%A9%E4%BB%B6/153293/settle/1,不適合
空き家バンクしずおか 函南町,函南町,中古戸建,中古戸建/住宅カテゴリ,田方郡函南町畑,1280,277.0,15.3,3000,畑,市街化調整区域,,△,調整区域の建替えは既存宅地要件等の確認が必要＝本命候補,,2026-07-13,関心:調整区域/無指定 NG:南箱根ダイヤランド,https://akiya-bank.shizuoka.fudohsan.jp/%E7%89%A9%E4%BB%B6/175234/settle/1,不適合
空き家バンクしずおか 函南町,函南町,古家付き土地,土地＋古家/上物の表記,田方郡函南町桑原,1000,395.9,8.4,1500,田,市街化調整区域,,△,調整区域の建替えは既存宅地要件等の確認が必要＝本命候補,,2026-07-03,関心:調整区域/無指定,https://akiya-bank.shizuoka.fudohsan.jp/%E7%89%A9%E4%BB%B6/174858/settle/1,適合
空き家バンクしずおか 函南町,函南町,更地,土地カテゴリ（建物表記なし）,田方郡函南町平井1258番4,280,99.8,9.3,1500,宅地,市街化区域,,△,市街化区域だが接道幅員が不明。新築可否は接道要確認,,2026-07-09,,https://akiya-bank.shizuoka.fudohsan.jp/%E7%89%A9%E4%BB%B6/127079/settle/1,不適合
空き家バンクしずおか 函南町,函南町,更地,土地カテゴリ（建物表記なし）,田方郡函南町塚本939-4,5500,771.5,23.6,1500,田,市街化調整区域,,△,市街化調整区域は原則新築不可・許可要件次第＝本命候補,,2026-06-14,関心:調整区域/無指定,https://akiya-bank.shizuoka.fudohsan.jp/%E7%89%A9%E4%BB%B6/139026/settle/1,不適合
空き家バンクしずおか 函南町,函南町,更地,土地カテゴリ（建物表記なし）,田方郡函南町柏谷1264-1,280,996.0,0.9,1500,宅地,市街化区域,,△,市街化区域だが接道幅員が不明。新築可否は接道要確認,,2026-06-14,,https://akiya-bank.shizuoka.fudohsan.jp/%E7%89%A9%E4%BB%B6/146283/settle/1,適合
空き家バンクしずおか 函南町,函南町,更地,土地カテゴリ（建物表記なし）,田方郡函南町大土肥,2490,248.0,33.2,1500,田,市街化区域,,△,市街化区域だが接道幅員が不明。新築可否は接道要確認,,2026-06-14,,https://akiya-bank.shizuoka.fudohsan.jp/%E7%89%A9%E4%BB%B6/168927/settle/1,不適合
空き家バンクしずおか 函南町,函南町,空き家,掲載に空き家表記,田方郡函南町平井南箱根ダイヤランド,380,290.0,4.3,3000,田,市街化調整区域,,△,調整区域の建替えは既存宅地要件等の確認が必要＝本命候補,,2026-06-14,関心:調整区域/無指定 注意:温泉 NG:南箱根ダイヤランド,https://akiya-bank.shizuoka.fudohsan.jp/%E7%89%A9%E4%BB%B6/111023/settle/1,不適合
空き家バンクしずおか 函南町,函南町,空き家,掲載に空き家表記,田方郡函南町柏谷,1880,347.1,17.9,3000,田,市街化区域,,不明,接道・区分情報なし。建物ありだが現行法での再建築可否は役場で要確認,,2026-06-14,,https://akiya-bank.shizuoka.fudohsan.jp/%E7%89%A9%E4%BB%B6/167122/settle/1,適合
空き家バンクしずおか 函南町,函南町,更地,土地カテゴリ（建物表記なし）,田方郡函南町塚本,1780,603.0,9.8,1500,畑,市街化調整区域,,△,市街化調整区域は原則新築不可・許可要件次第＝本命候補,,2026-06-14,関心:調整区域/無指定,https://akiya-bank.shizuoka.fudohsan.jp/%E7%89%A9%E4%BB%B6/168271/settle/1,不適合
空き家バンクしずおか 函南町,函南町,更地,土地カテゴリ（建物表記なし）,田方郡函南町大竹,700,206.6,11.2,1500,田,市街化調整区域,,△,市街化調整区域は原則新築不可・許可要件次第＝本命候補,,2026-06-14,関心:調整区域/無指定,https://akiya-bank.shizuoka.fudohsan.jp/%E7%89%A9%E4%BB%B6/171641/settle/1,不適合
空き家バンクしずおか 函南町,函南町,空き家,掲載に空き家表記,田方郡函南町畑毛389-3,480,165.3,9.6,3000,畑,市街化調整区域,,△,調整区域の建替えは既存宅地要件等の確認が必要＝本命候補,,2026-06-14,関心:調整区域/無指定,https://akiya-bank.shizuoka.fudohsan.jp/%E7%89%A9%E4%BB%B6/174189/settle/1,不適合
空き家バンクしずおか 函南町,函南町,空き家,掲載に空き家表記,田方郡函南町丹那,2650,370.5,23.6,3000,田,市街化調整区域,,△,調整区域の建替えは既存宅地要件等の確認が必要＝本命候補,,2026-06-14,関心:調整区域/無指定,https://akiya-bank.shizuoka.fudohsan.jp/%E7%89%A9%E4%BB%B6/159531/settle/1,適合
空き家バンクしずおか 函南町,函南町,更地,土地カテゴリ（建物表記なし）,田方郡函南町平井1753-1387,980,233.0,13.9,1500,田,市街化区域,,△,市街化区域だが接道幅員が不明。新築可否は接道要確認,,2026-06-14,関心:無指定 NG:南箱根ダイヤランド,https://akiya-bank.shizuoka.fudohsan.jp/%E7%89%A9%E4%BB%B6/149239/settle/1,不適合
空き家バンクしずおか 函南町,函南町,中古戸建,中古戸建/住宅カテゴリ,田方郡函南町畑,1250,295.4,14.0,3000,畑,市街化調整区域,,△,調整区域の建替えは既存宅地要件等の確認が必要＝本命候補,,2026-06-22,関心:調整区域/無指定 NG:南箱根ダイヤランド,https://akiya-bank.shizuoka.fudohsan.jp/%E7%89%A9%E4%BB%B6/174489/settle/1,不適合
空き家バンクしずおか 函南町,函南町,古家付き土地,土地＋古家/上物の表記,田方郡函南町肥田917-1,3500,1400.6,8.3,1500,田,市街化調整区域,,△,調整区域の建替えは既存宅地要件等の確認が必要＝本命候補,,2026-06-14,関心:調整区域/無指定,https://akiya-bank.shizuoka.fudohsan.jp/%E7%89%A9%E4%BB%B6/124718/settle/1,不適合
空き家バンクしずおか 函南町,函南町,空き家,掲載に空き家表記,田方郡函南町平井,590,543.0,3.6,3000,田,市街化区域,,不明,接道・区分情報なし。建物ありだが現行法での再建築可否は役場で要確認,,2026-06-14,関心:無指定 NG:エメラルドタウン,https://akiya-bank.shizuoka.fudohsan.jp/%E7%89%A9%E4%BB%B6/174222/settle/1,適合
空き家バンクしずおか 函南町,函南町,更地,土地カテゴリ（建物表記なし）,田方郡函南町肥田68-2,1453,686.0,7.0,1500,田,市街化調整区域,,△,市街化調整区域は原則新築不可・許可要件次第＝本命候補,,2026-06-14,関心:調整区域/無指定,https://akiya-bank.shizuoka.fudohsan.jp/%E7%89%A9%E4%BB%B6/126876/settle/1,適合
空き家バンクしずおか 函南町,函南町,古家付き土地,土地＋古家/上物の表記,田方郡函南町平井,200,356.9,1.9,1500,田,市街化調整区域,,△,調整区域の建替えは既存宅地要件等の確認が必要＝本命候補,,2026-06-14,関心:調整区域/無指定,https://akiya-bank.shizuoka.fudohsan.jp/%E7%89%A9%E4%BB%B6/171294/settle/1,適合
空き家バンクしずおか 函南町,函南町,更地,土地カテゴリ（建物表記なし）,田方郡函南町平井1753番1500,300,206.0,4.8,1500,田,市街化調整区域,,△,市街化調整区域は原則新築不可・許可要件次第＝本命候補,,2026-06-14,関心:調整区域/無指定,https://akiya-bank.shizuoka.fudohsan.jp/%E7%89%A9%E4%BB%B6/133665/settle/1,不適合
空き家バンクしずおか 函南町,函南町,更地,土地カテゴリ（建物表記なし）,田方郡函南町丹那1316番529,300,249.0,4.0,1500,田,市街化調整区域,,△,市街化調整区域は原則新築不可・許可要件次第＝本命候補,,2026-06-14,関心:調整区域/無指定,https://akiya-bank.shizuoka.fudohsan.jp/%E7%89%A9%E4%BB%B6/133668/settle/1,不適合
家っち(新日本住建販売) 函南町 土地一覧,函南町,更地,土地カテゴリ（建物表記なし）,静岡県田方郡函南町間宮,2980,128.5,76.7,1500,田,—,,不明,接道・区分情報なし、詳細/役場で要確認,,2026-08-07,,https://www.snjhkk.com/s_r_59446/index.html,不適合
家っち(新日本住建販売) 函南町 土地一覧,函南町,更地,土地カテゴリ（建物表記なし）,静岡県田方郡函南町柏谷,2980,309.4,31.8,1500,田,—,,不明,接道・区分情報なし、詳細/役場で要確認,,2026-08-07,,https://www.snjhkk.com/s_r_59445/index.html,不適合
家っち(新日本住建販売) 函南町 土地一覧,函南町,更地,土地カテゴリ（建物表記なし）,静岡県田方郡函南町仁田,2880,128.1,74.3,1500,田,—,,不明,接道・区分情報なし、詳細/役場で要確認,,2026-08-03,,https://www.snjhkk.com/s_r_59440/index.html,不適合
家っち(新日本住建販売) 函南町 土地一覧,函南町,更地,土地カテゴリ（建物表記なし）,静岡県田方郡函南町仁田,2480,154.3,53.1,1500,田,—,,不明,接道・区分情報なし、詳細/役場で要確認,,2026-07-30,,https://www.snjhkk.com/s_r_59397/index.html,不適合
家っち(新日本住建販売) 函南町 土地一覧,函南町,更地,土地カテゴリ（建物表記なし）,静岡県田方郡函南町仁田,4180,183.6,75.3,1500,田,—,,不明,接道・区分情報なし、詳細/役場で要確認,,2026-07-13,,https://www.snjhkk.com/s_r_59251/index.html,不適合
家っち(新日本住建販売) 函南町 土地一覧,函南町,更地,土地カテゴリ（建物表記なし）,静岡県田方郡函南町上沢,1080,238.0,15.0,1500,田,—,,不明,接道・区分情報なし、詳細/役場で要確認,,2026-06-27,,https://www.snjhkk.com/s_r_59095/index.html,不適合
家っち(新日本住建販売) 函南町 土地一覧,函南町,更地,土地カテゴリ（建物表記なし）,静岡県田方郡函南町塚本,2330,,,1500,田,—,,不明,接道・区分情報なし、詳細/役場で要確認,,2026-06-25,,https://www.snjhkk.com/s_r_59045/index.html,数値不明
家っち(新日本住建販売) 函南町 土地一覧,函南町,更地,土地カテゴリ（建物表記なし）,静岡県田方郡函南町肥田,780,252.6,10.2,1500,田,—,,不明,接道・区分情報なし、詳細/役場で要確認,,2026-06-25,,https://www.snjhkk.com/s_r_58974/index.html,不適合
家っち(新日本住建販売) 函南町 土地一覧,函南町,更地,土地カテゴリ（建物表記なし）,静岡県田方郡函南町仁田,2390,,,1500,田,—,,不明,接道・区分情報なし、詳細/役場で要確認,,2026-06-25,,https://www.snjhkk.com/s_r_58969/index.html,数値不明
家っち(新日本住建販売) 函南町 土地一覧,函南町,更地,土地カテゴリ（建物表記なし）,静岡県田方郡函南町畑毛,3600,,,1500,宅地,—,,不明,接道・区分情報なし、詳細/役場で要確認,,2026-06-25,,https://www.snjhkk.com/s_r_58899/index.html,数値不明
家っち(新日本住建販売) 函南町 土地一覧,函南町,更地,土地カテゴリ（建物表記なし）,静岡県田方郡函南町塚本,5600,,,1500,田,—,,不明,接道・区分情報なし、詳細/役場で要確認,,2026-06-25,,https://www.snjhkk.com/s_r_58896/index.html,数値不明
SUUMO 賃貸 田方郡（函南町）,函南町,賃貸マンション,賃貸カテゴリ（掲載種別）,静岡県田方郡函南町大土肥,6.6,50.3,,5,田,—,,—,賃貸のため対象外,,2026-08-03,,https://suumo.jp/chintai/jnc_000108944297/,不適合
SUUMO 賃貸 田方郡（函南町）,函南町,賃貸マンション,賃貸カテゴリ（掲載種別）,静岡県田方郡函南町大土肥,6.7,50.3,,5,田,—,,—,賃貸のため対象外,,2026-07-30,,https://suumo.jp/chintai/jnc_000108330036/,不適合
SUUMO 賃貸 田方郡（函南町）,函南町,賃貸アパート,賃貸カテゴリ（掲載種別）,静岡県田方郡函南町平井,5.8,58.9,,5,田,—,,—,賃貸のため対象外,,2026-08-07,,https://suumo.jp/chintai/jnc_000109021916/,不適合
SUUMO 賃貸 田方郡（函南町）,函南町,賃貸アパート,賃貸カテゴリ（掲載種別）,静岡県田方郡函南町仁田,5.25,34.1,,5,田,—,,—,賃貸のため対象外,,2026-08-07,,https://suumo.jp/chintai/jnc_000109051706/,不適合
SUUMO 賃貸 田方郡（函南町）,函南町,賃貸アパート,賃貸カテゴリ（掲載種別）,静岡県田方郡函南町仁田,5.25,34.1,,5,田,—,,—,賃貸のため対象外,,2026-08-07,,https://suumo.jp/chintai/jnc_000108951100/,不適合
SUUMO 賃貸 田方郡（函南町）,函南町,賃貸アパート,賃貸カテゴリ（掲載種別）,静岡県田方郡函南町上沢,7.3,62.1,,5,田,—,,—,賃貸のため対象外,,2026-08-07,,https://suumo.jp/chintai/jnc_000109021915/,不適合
SUUMO 賃貸 田方郡（函南町）,函南町,賃貸アパート,賃貸カテゴリ（掲載種別）,静岡県田方郡函南町仁田,4.9,29.4,,5,田,—,,—,賃貸のため対象外,,2026-08-11,,https://suumo.jp/chintai/jnc_000107639655/,適合
SUUMO 賃貸 田方郡（函南町）,函南町,賃貸マンション,賃貸カテゴリ（掲載種別）,静岡県田方郡函南町間宮,4.1,24.0,,5,田,—,,—,賃貸のため対象外,,2026-08-08,,https://suumo.jp/chintai/jnc_000109084967/,適合
SUUMO 賃貸 田方郡（函南町）,函南町,賃貸マンション,賃貸カテゴリ（掲載種別）,静岡県田方郡函南町間宮,4.3,24.4,,5,田,—,,—,賃貸のため対象外,,2026-08-07,,https://suumo.jp/chintai/jnc_000109061478/,適合
SUUMO 賃貸 田方郡（函南町）,函南町,賃貸アパート,賃貸カテゴリ（掲載種別）,静岡県田方郡函南町間宮,4.4,42.4,,5,田,—,,—,賃貸のため対象外,,2026-08-09,,https://suumo.jp/chintai/jnc_000109092082/,適合
SUUMO 賃貸 田方郡（函南町）,函南町,賃貸アパート,賃貸カテゴリ（掲載種別）,静岡県田方郡函南町大土肥,4.2,41.4,,5,田,—,,—,賃貸のため対象外,,2026-08-08,,https://suumo.jp/chintai/jnc_000079152485/,適合
SUUMO 賃貸 田方郡（函南町）,函南町,賃貸アパート,賃貸カテゴリ（掲載種別）,静岡県田方郡函南町間宮,5.7,34.0,,5,田,—,,—,賃貸のため対象外,,2026-07-25,,https://suumo.jp/chintai/jnc_000107566350/,不適合
SUUMO 賃貸 田方郡（函南町）,函南町,賃貸アパート,賃貸カテゴリ（掲載種別）,静岡県田方郡函南町間宮,5.7,34.0,,5,田,—,,—,賃貸のため対象外,,2026-07-25,,https://suumo.jp/chintai/jnc_000108136862/,不適合
SUUMO 賃貸 田方郡（函南町）,函南町,賃貸アパート,賃貸カテゴリ（掲載種別）,静岡県田方郡函南町平井,5.3,33.0,,5,田,—,,—,賃貸のため対象外,,2026-08-09,,https://suumo.jp/chintai/jnc_000108263928/,不適合
SUUMO 賃貸 田方郡（函南町）,函南町,賃貸アパート,賃貸カテゴリ（掲載種別）,静岡県田方郡函南町平井,5.7,33.0,,5,田,—,,—,賃貸のため対象外,,2026-08-09,,https://suumo.jp/chintai/jnc_000106416445/,不適合
SUUMO 賃貸 田方郡（函南町）,函南町,賃貸マンション,賃貸カテゴリ（掲載種別）,静岡県田方郡函南町柏谷,5.3,47.4,,5,田,—,,—,賃貸のため対象外,,2026-08-09,,https://suumo.jp/chintai/jnc_000108742953/,不適合
SUUMO 賃貸 田方郡（函南町）,函南町,賃貸マンション,賃貸カテゴリ（掲載種別）,静岡県田方郡函南町柏谷,5.7,53.3,,5,田,—,,—,賃貸のため対象外,,2026-08-09,,https://suumo.jp/chintai/jnc_000106510638/,不適合
SUUMO 賃貸 田方郡（函南町）,函南町,賃貸マンション,賃貸カテゴリ（掲載種別）,静岡県田方郡函南町柏谷,5.7,53.3,,5,田,—,,—,賃貸のため対象外,,2026-08-09,,https://suumo.jp/chintai/jnc_000106510637/,不適合
SUUMO 賃貸 田方郡（函南町）,函南町,賃貸マンション,賃貸カテゴリ（掲載種別）,静岡県田方郡函南町柏谷,5.7,53.3,,5,田,—,,—,賃貸のため対象外,,2026-08-09,,https://suumo.jp/chintai/jnc_000107245063/,不適合
SUUMO 賃貸 田方郡（函南町）,函南町,賃貸マンション,賃貸カテゴリ（掲載種別）,静岡県田方郡函南町柏谷,5.7,53.3,,5,田,—,,—,賃貸のため対象外,,2026-08-09,,https://suumo.jp/chintai/jnc_000108742952/,不適合
SUUMO 賃貸 田方郡（函南町）,函南町,賃貸マンション,賃貸カテゴリ（掲載種別）,静岡県田方郡函南町柏谷,5.7,47.4,,5,田,—,,—,賃貸のため対象外,,2026-08-09,,https://suumo.jp/chintai/jnc_000108742954/,不適合
SUUMO 賃貸 田方郡（函南町）,函南町,賃貸アパート,賃貸カテゴリ（掲載種別）,静岡県田方郡函南町上沢,6.4,47.9,,5,田,—,,—,賃貸のため対象外,,2026-08-11,,https://suumo.jp/chintai/jnc_000108761167/,不適合
SUUMO 賃貸 田方郡（函南町）,函南町,賃貸マンション,賃貸カテゴリ（掲載種別）,静岡県田方郡函南町大土肥,5.9,53.0,,5,田,—,,—,賃貸のため対象外,,2026-08-11,,https://suumo.jp/chintai/jnc_000108819207/,不適合
SUUMO 賃貸 田方郡（函南町）,函南町,賃貸マンション,賃貸カテゴリ（掲載種別）,静岡県田方郡函南町大土肥,6.0,53.0,,5,田,—,,—,賃貸のため対象外,,2026-08-11,,https://suumo.jp/chintai/jnc_000082250713/,不適合
SUUMO 賃貸 田方郡（函南町）,函南町,賃貸マンション,賃貸カテゴリ（掲載種別）,静岡県田方郡函南町大土肥,6.2,53.0,,5,田,—,,—,賃貸のため対象外,,2026-08-11,,https://suumo.jp/chintai/jnc_000105564739/,不適合
SUUMO 賃貸 田方郡（函南町）,函南町,賃貸マンション,賃貸カテゴリ（掲載種別）,静岡県田方郡函南町大土肥,6.2,53.0,,5,田,—,,—,賃貸のため対象外,,2026-08-11,,https://suumo.jp/chintai/jnc_000107061132/,不適合
SUUMO 賃貸 田方郡（函南町）,函南町,賃貸マンション,賃貸カテゴリ（掲載種別）,静岡県田方郡函南町大土肥,6.3,53.0,,5,田,—,,—,賃貸のため対象外,,2026-08-11,,https://suumo.jp/chintai/jnc_000093849876/,不適合
SUUMO 賃貸 田方郡（函南町）,函南町,賃貸マンション,賃貸カテゴリ（掲載種別）,静岡県田方郡函南町大土肥,6.6,66.2,,5,田,—,,—,賃貸のため対象外,,2026-08-09,,https://suumo.jp/chintai/jnc_000107871141/,不適合
SUUMO 賃貸 田方郡（函南町）,函南町,賃貸マンション,賃貸カテゴリ（掲載種別）,静岡県田方郡函南町仁田,5.2,42.8,,5,田,—,,—,賃貸のため対象外,,2026-08-10,,https://suumo.jp/chintai/jnc_000108163119/,不適合
SUUMO 賃貸 田方郡（函南町）,函南町,賃貸マンション,賃貸カテゴリ（掲載種別）,静岡県田方郡函南町仁田,5.2,42.8,,5,田,—,,—,賃貸のため対象外,,2026-08-10,,https://suumo.jp/chintai/jnc_000105418186/,不適合
SUUMO 賃貸 田方郡（函南町）,函南町,賃貸アパート,賃貸カテゴリ（掲載種別）,静岡県田方郡函南町柏谷,4.15,37.1,,5,田,—,,—,賃貸のため対象外,,2026-08-09,,https://suumo.jp/chintai/jnc_000108951099/,適合
SUUMO 賃貸 田方郡（函南町）,函南町,賃貸アパート,賃貸カテゴリ（掲載種別）,静岡県田方郡函南町上沢,5.5,53.5,,5,田,—,,—,賃貸のため対象外,,2026-08-09,,https://suumo.jp/chintai/jnc_000072704650/,不適合
SUUMO 賃貸 田方郡（函南町）,函南町,賃貸アパート,賃貸カテゴリ（掲載種別）,静岡県田方郡函南町上沢,5.9,53.5,,5,田,—,,—,賃貸のため対象外,,2026-08-09,,https://suumo.jp/chintai/jnc_000107196273/,不適合
SUUMO 賃貸 田方郡（函南町）,函南町,賃貸アパート,賃貸カテゴリ（掲載種別）,静岡県田方郡函南町間宮,5.0,52.5,,5,田,—,,—,賃貸のため対象外,,2026-08-09,,https://suumo.jp/chintai/jnc_000102264215/,適合
SUUMO 賃貸 田方郡（函南町）,函南町,賃貸アパート,賃貸カテゴリ（掲載種別）,静岡県田方郡函南町間宮,7.5,58.4,,5,田,—,,—,賃貸のため対象外,,2026-08-11,,https://suumo.jp/chintai/jnc_000107639656/,不適合
SUUMO 賃貸 田方郡（函南町）,函南町,賃貸アパート,賃貸カテゴリ（掲載種別）,静岡県田方郡函南町仁田,5.7,54.6,,5,田,—,,—,賃貸のため対象外,,2026-08-11,,https://suumo.jp/chintai/jnc_000092929464/,不適合
SUUMO 賃貸 田方郡（函南町）,函南町,賃貸アパート,賃貸カテゴリ（掲載種別）,静岡県田方郡函南町大土肥,5.9,53.6,,5,田,—,,—,賃貸のため対象外,,2026-08-10,,https://suumo.jp/chintai/jnc_000107674086/?bc=100510544321,不適合
SUUMO 賃貸 田方郡（函南町）,函南町,賃貸アパート,賃貸カテゴリ（掲載種別）,静岡県田方郡函南町間宮,5.6,22.4,,5,田,—,,—,賃貸のため対象外,,2026-08-08,,https://suumo.jp/chintai/jnc_000109043475/?bc=100491583481,不適合
SUUMO 賃貸 田方郡（函南町）,函南町,賃貸アパート,賃貸カテゴリ（掲載種別）,静岡県田方郡函南町仁田,4.8,35.1,,5,田,—,,—,賃貸のため対象外,,2026-08-11,,https://suumo.jp/chintai/jnc_000096610258/?bc=100318109422,適合
SUUMO 賃貸 田方郡（函南町）,函南町,賃貸アパート,賃貸カテゴリ（掲載種別）,静岡県田方郡函南町仁田,4.8,29.4,,5,田,—,,—,賃貸のため対象外,,2026-08-11,,https://suumo.jp/chintai/jnc_000108761168/?bc=100518762014,適合
SUUMO 賃貸 田方郡（函南町）,函南町,賃貸アパート,賃貸カテゴリ（掲載種別）,静岡県田方郡函南町仁田,4.9,29.4,,5,田,—,,—,賃貸のため対象外,,2026-08-11,,https://suumo.jp/chintai/jnc_000055106300/?bc=100515552534,適合
SUUMO 賃貸 田方郡（函南町）,函南町,賃貸マンション,賃貸カテゴリ（掲載種別）,静岡県田方郡函南町間宮,7.6,60.0,,5,田,—,,—,賃貸のため対象外,,2026-07-25,,https://suumo.jp/chintai/jnc_000040502694/?bc=100508155928,不適合
SUUMO 賃貸 田方郡（函南町）,函南町,賃貸マンション,賃貸カテゴリ（掲載種別）,静岡県田方郡函南町間宮,3.9,20.9,,5,田,—,,—,賃貸のため対象外,,2026-08-03,,https://suumo.jp/chintai/jnc_000013976654/?bc=100452390824,適合
SUUMO 賃貸 田方郡（函南町）,函南町,賃貸マンション,賃貸カテゴリ（掲載種別）,静岡県田方郡函南町間宮,4.1,20.9,,5,田,—,,—,賃貸のため対象外,,2026-08-03,,https://suumo.jp/chintai/jnc_000074689394/?bc=100519107866,適合
SUUMO 賃貸 田方郡（函南町）,函南町,賃貸マンション,賃貸カテゴリ（掲載種別）,静岡県田方郡函南町間宮,5.4,20.9,,5,田,—,,—,賃貸のため対象外,,2026-08-03,,https://suumo.jp/chintai/jnc_000103782123/?bc=100467373486,不適合
SUUMO 賃貸 田方郡（函南町）,函南町,賃貸アパート,賃貸カテゴリ（掲載種別）,静岡県田方郡函南町間宮,7.1,45.8,,5,田,—,,—,賃貸のため対象外,,2026-08-11,,https://suumo.jp/chintai/jnc_000107438717/?bc=100513826269,不適合
SUUMO 賃貸 田方郡（函南町）,函南町,賃貸アパート,賃貸カテゴリ（掲載種別）,静岡県田方郡函南町間宮,7.1,45.8,,5,田,—,,—,賃貸のため対象外,,2026-08-11,,https://suumo.jp/chintai/jnc_000107438718/?bc=100501314036,不適合
SUUMO 賃貸 田方郡（函南町）,函南町,賃貸アパート,賃貸カテゴリ（掲載種別）,静岡県田方郡函南町間宮,7.1,45.8,,5,田,—,,—,賃貸のため対象外,,2026-08-11,,https://suumo.jp/chintai/jnc_000107438719/?bc=100499838271,不適合
SUUMO 賃貸 田方郡（函南町）,函南町,賃貸アパート,賃貸カテゴリ（掲載種別）,静岡県田方郡函南町間宮,7.1,45.8,,5,田,—,,—,賃貸のため対象外,,2026-08-11,,https://suumo.jp/chintai/jnc_000048999299/?bc=100498432715,不適合
SUUMO 賃貸 田方郡（函南町）,函南町,賃貸マンション,賃貸カテゴリ（掲載種別）,静岡県田方郡函南町仁田,6.6,62.8,,5,田,—,,—,賃貸のため対象外,,2026-08-09,,https://suumo.jp/chintai/jnc_000093628778/?bc=100408629394,不適合
SUUMO 賃貸 田方郡（函南町）,函南町,賃貸マンション,賃貸カテゴリ（掲載種別）,静岡県田方郡函南町仁田,6.9,62.8,,5,田,—,,—,賃貸のため対象外,,2026-08-09,,https://suumo.jp/chintai/jnc_000093628780/?bc=100410044030,不適合
SUUMO 賃貸 田方郡（函南町）,函南町,賃貸マンション,賃貸カテゴリ（掲載種別）,静岡県田方郡函南町仁田,7.4,62.8,,5,田,—,,—,賃貸のため対象外,,2026-08-09,,https://suumo.jp/chintai/jnc_000108263925/?bc=100515136558,不適合
SUUMO 賃貸 田方郡（函南町）,函南町,賃貸マンション,賃貸カテゴリ（掲載種別）,静岡県田方郡函南町仁田,7.4,62.8,,5,田,—,,—,賃貸のため対象外,,2026-08-11,,https://suumo.jp/chintai/jnc_000108263926/?bc=100514821157,不適合
SUUMO 賃貸 田方郡（函南町）,函南町,賃貸マンション,賃貸カテゴリ（掲載種別）,静岡県田方郡函南町大土肥,6.4,65.0,,5,田,—,,—,賃貸のため対象外,,2026-08-11,,https://suumo.jp/chintai/jnc_000108080954/?bc=100497123840,不適合
SUUMO 賃貸 田方郡（函南町）,函南町,賃貸マンション,賃貸カテゴリ（掲載種別）,静岡県田方郡函南町大土肥,6.4,63.6,,5,田,—,,—,賃貸のため対象外,,2026-08-11,,https://suumo.jp/chintai/jnc_000108080953/?bc=100513327793,不適合
SUUMO 賃貸 田方郡（函南町）,函南町,賃貸アパート,賃貸カテゴリ（掲載種別）,静岡県田方郡函南町平井,4.9,33.0,,5,田,—,,—,賃貸のため対象外,,2026-08-11,,https://suumo.jp/chintai/jnc_000089666381/?bc=100515749920,適合
SUUMO 賃貸 田方郡（函南町）,函南町,賃貸アパート,賃貸カテゴリ（掲載種別）,静岡県田方郡函南町間宮,4.5,38.7,,5,田,—,,—,賃貸のため対象外,,2026-08-10,,https://suumo.jp/chintai/jnc_000056527397/?bc=100509129639,適合
SUUMO 賃貸 田方郡（函南町）,函南町,賃貸マンション,賃貸カテゴリ（掲載種別）,静岡県田方郡函南町間宮,4.7,24.8,,5,田,—,,—,賃貸のため対象外,,2026-08-11,,https://suumo.jp/chintai/jnc_000105384924/?bc=100497774970,適合
SUUMO 賃貸 田方郡（函南町）,函南町,賃貸マンション,賃貸カテゴリ（掲載種別）,静岡県田方郡函南町間宮,4.7,24.8,,5,田,—,,—,賃貸のため対象外,,2026-08-11,,https://suumo.jp/chintai/jnc_000098135415/?bc=100510383107,適合
SUUMO 賃貸 田方郡（函南町）,函南町,賃貸マンション,賃貸カテゴリ（掲載種別）,静岡県田方郡函南町間宮,4.7,24.8,,5,田,—,,—,賃貸のため対象外,,2026-08-11,,https://suumo.jp/chintai/jnc_000106828677/?bc=100496065707,適合
SUUMO 賃貸 田方郡（函南町）,函南町,賃貸マンション,賃貸カテゴリ（掲載種別）,静岡県田方郡函南町間宮,4.7,24.8,,5,田,—,,—,賃貸のため対象外,,2026-08-11,,https://suumo.jp/chintai/jnc_000101523777/?bc=100498432688,適合
SUUMO 賃貸 田方郡（函南町）,函南町,賃貸アパート,賃貸カテゴリ（掲載種別）,静岡県田方郡函南町柏谷,4.3,52.2,,5,田,—,,—,賃貸のため対象外,,2026-08-09,,https://suumo.jp/chintai/jnc_000109084966/?bc=100521054878,適合
SUUMO 賃貸 田方郡（函南町）,函南町,賃貸マンション,賃貸カテゴリ（掲載種別）,静岡県田方郡函南町仁田,4.5,40.0,,5,田,—,,—,賃貸のため対象外,,2026-08-09,,https://suumo.jp/chintai/jnc_000109092080/?bc=100521162846,適合
SUUMO 賃貸 田方郡（函南町）,函南町,賃貸マンション,賃貸カテゴリ（掲載種別）,静岡県田方郡函南町仁田,4.8,40.0,,5,田,—,,—,賃貸のため対象外,,2026-08-09,,https://suumo.jp/chintai/jnc_000109092079/?bc=100521162704,適合
SUUMO 賃貸 田方郡（函南町）,函南町,賃貸マンション,賃貸カテゴリ（掲載種別）,静岡県田方郡函南町仁田,4.8,40.0,,5,田,—,,—,賃貸のため対象外,,2026-08-09,,https://suumo.jp/chintai/jnc_000103543750/?bc=100478357114,適合
SUUMO 賃貸 田方郡（函南町）,函南町,賃貸アパート,賃貸カテゴリ（掲載種別）,静岡県田方郡函南町柏谷,8.05,56.1,,5,田,—,,—,賃貸のため対象外,,2026-08-09,,https://suumo.jp/chintai/jnc_000107921168/?bc=100508430174,不適合
SUUMO 賃貸 田方郡（函南町）,函南町,賃貸アパート,賃貸カテゴリ（掲載種別）,静岡県田方郡函南町間宮,7.6,52.4,,5,田,—,,—,賃貸のため対象外,,2026-08-11,,https://suumo.jp/chintai/jnc_000104467406/?bc=100498432670,不適合
SUUMO 賃貸 田方郡（函南町）,函南町,賃貸アパート,賃貸カテゴリ（掲載種別）,静岡県田方郡函南町間宮,7.9,67.1,,5,田,—,,—,賃貸のため対象外,,2026-08-11,,https://suumo.jp/chintai/jnc_000108650061/?bc=100517787298,不適合
SUUMO 賃貸 田方郡（函南町）,函南町,賃貸アパート,賃貸カテゴリ（掲載種別）,静岡県田方郡函南町間宮,6.1,51.0,,5,田,—,,—,賃貸のため対象外,,2026-07-26,,https://suumo.jp/chintai/jnc_000103272005/?bc=100465483755,不適合
SUUMO 賃貸 田方郡（函南町）,函南町,賃貸アパート,賃貸カテゴリ（掲載種別）,静岡県田方郡函南町間宮,6.3,55.3,,5,田,—,,—,賃貸のため対象外,,2026-07-25,,https://suumo.jp/chintai/jnc_000099916509/?bc=100419811254,不適合
SUUMO 賃貸 田方郡（函南町）,函南町,賃貸アパート,賃貸カテゴリ（掲載種別）,静岡県田方郡函南町間宮,6.3,51.0,,5,田,—,,—,賃貸のため対象外,,2026-08-11,,https://suumo.jp/chintai/jnc_000098995127/?bc=100446699587,不適合
SUUMO 賃貸 田方郡（函南町）,函南町,賃貸アパート,賃貸カテゴリ（掲載種別）,静岡県田方郡函南町間宮,6.3,51.0,,5,田,—,,—,賃貸のため対象外,,2026-07-25,,https://suumo.jp/chintai/jnc_000097450086/?bc=100440470480,不適合
SUUMO 賃貸 田方郡（函南町）,函南町,賃貸アパート,賃貸カテゴリ（掲載種別）,静岡県田方郡函南町間宮,6.3,52.0,,5,田,—,,—,賃貸のため対象外,,2026-08-11,,https://suumo.jp/chintai/jnc_000092209644/?bc=100392224786,不適合
SUUMO 賃貸 田方郡（函南町）,函南町,賃貸マンション,賃貸カテゴリ（掲載種別）,静岡県田方郡函南町間宮,4.5,22.0,,5,田,—,,—,賃貸のため対象外,,2026-08-10,,https://suumo.jp/chintai/jnc_000039353621/?bc=100462597263,適合
SUUMO 賃貸 田方郡（函南町）,函南町,賃貸マンション,賃貸カテゴリ（掲載種別）,静岡県田方郡函南町間宮,4.6,22.0,,5,田,—,,—,賃貸のため対象外,,2026-08-11,,https://suumo.jp/chintai/jnc_000083094646/?bc=100465618348,適合
SUUMO 賃貸 田方郡（函南町）,函南町,賃貸マンション,賃貸カテゴリ（掲載種別）,静岡県田方郡函南町間宮,4.6,22.0,,5,田,—,,—,賃貸のため対象外,,2026-08-11,,https://suumo.jp/chintai/jnc_000063227677/?bc=100465617640,適合
SUUMO 賃貸 田方郡（函南町）,函南町,賃貸マンション,賃貸カテゴリ（掲載種別）,静岡県田方郡函南町間宮,4.7,22.0,,5,田,—,,—,賃貸のため対象外,,2026-08-11,,https://suumo.jp/chintai/jnc_000090338827/?bc=100515621704,適合
SUUMO 賃貸 田方郡（函南町）,函南町,賃貸マンション,賃貸カテゴリ（掲載種別）,静岡県田方郡函南町間宮,5.3,22.0,,5,田,—,,—,賃貸のため対象外,,2026-08-11,,https://suumo.jp/chintai/jnc_000059358227/?bc=100344154646,不適合
SUUMO 賃貸 田方郡（函南町）,函南町,賃貸戸建,賃貸カテゴリ（掲載種別）,静岡県田方郡函南町平井,6.6,121.7,,5,田,—,,—,賃貸のため対象外,,2026-07-25,,https://suumo.jp/chintai/jnc_000105206261/?bc=100491470032,不適合
SUUMO 賃貸 田方郡（函南町）,函南町,賃貸マンション,賃貸カテゴリ（掲載種別）,静岡県田方郡函南町仁田,5.6,44.8,,5,田,—,,—,賃貸のため対象外,,2026-08-11,,https://suumo.jp/chintai/jnc_000102962907/?bc=100474649284,不適合
SUUMO 賃貸 田方郡（函南町）,函南町,賃貸マンション,賃貸カテゴリ（掲載種別）,静岡県田方郡函南町仁田,5.7,44.8,,5,田,—,,—,賃貸のため対象外,,2026-08-11,,https://suumo.jp/chintai/jnc_000087763093/?bc=100503929927,不適合
SUUMO 賃貸 田方郡（函南町）,函南町,賃貸マンション,賃貸カテゴリ（掲載種別）,静岡県田方郡函南町仁田,5.4,57.3,,5,田,—,,—,賃貸のため対象外,,2026-08-11,,https://suumo.jp/chintai/jnc_000106602359/?bc=100502673516,不適合
SUUMO 賃貸 田方郡（函南町）,函南町,賃貸アパート,賃貸カテゴリ（掲載種別）,静岡県田方郡函南町桑原,3.8,38.8,,5,田,—,,—,賃貸のため対象外,,2026-08-11,,https://suumo.jp/chintai/jnc_000107799727/?bc=100511793939,適合
SUUMO 賃貸 田方郡（函南町）,函南町,賃貸アパート,賃貸カテゴリ（掲載種別）,静岡県田方郡函南町仁田,5.8,38.9,,5,田,—,,—,賃貸のため対象外,,2026-08-11,,https://suumo.jp/chintai/jnc_000106468892/?bc=100439457610,不適合
SUUMO 賃貸 田方郡（函南町）,函南町,賃貸アパート,賃貸カテゴリ（掲載種別）,静岡県田方郡函南町仁田,5.8,39.1,,5,田,—,,—,賃貸のため対象外,,2026-08-11,,https://suumo.jp/chintai/jnc_000106468891/?bc=100501926238,不適合
SUUMO 賃貸 田方郡（函南町）,函南町,賃貸アパート,賃貸カテゴリ（掲載種別）,静岡県田方郡函南町間宮,4.4,27.1,,5,田,—,,—,賃貸のため対象外,,2026-08-11,,https://suumo.jp/chintai/jnc_000108073592/?bc=100513659830,適合
SUUMO 賃貸 田方郡（函南町）,函南町,賃貸アパート,賃貸カテゴリ（掲載種別）,静岡県田方郡函南町間宮,4.4,27.1,,5,田,—,,—,賃貸のため対象外,,2026-08-11,,https://suumo.jp/chintai/jnc_000108298325/?bc=100515671805,適合
SUUMO 賃貸 田方郡（函南町）,函南町,賃貸アパート,賃貸カテゴリ（掲載種別）,静岡県田方郡函南町間宮,4.4,27.1,,5,田,—,,—,賃貸のため対象外,,2026-08-11,,https://suumo.jp/chintai/jnc_000108640510/?bc=100517874153,適合
SUUMO 賃貸 田方郡（函南町）,函南町,賃貸アパート,賃貸カテゴリ（掲載種別）,静岡県田方郡函南町間宮,4.4,27.1,,5,田,—,,—,賃貸のため対象外,,2026-08-09,,https://suumo.jp/chintai/jnc_000088538083/?bc=100502493454,適合
SUUMO 賃貸 田方郡（函南町）,函南町,賃貸アパート,賃貸カテゴリ（掲載種別）,静岡県田方郡函南町間宮,4.4,27.1,,5,田,—,,—,賃貸のため対象外,,2026-08-09,,https://suumo.jp/chintai/jnc_000096626105/?bc=100502493453,適合
SUUMO 賃貸 田方郡（函南町）,函南町,賃貸マンション,賃貸カテゴリ（掲載種別）,静岡県田方郡函南町平井,6.0,46.5,,5,田,—,,—,賃貸のため対象外,,2026-08-09,,https://suumo.jp/chintai/jnc_000109092081/?bc=100521177940,不適合
SUUMO 賃貸 田方郡（函南町）,函南町,賃貸マンション,賃貸カテゴリ（掲載種別）,静岡県田方郡函南町柏谷,6.3,59.4,,5,田,—,,—,賃貸のため対象外,,2026-07-25,,https://suumo.jp/chintai/jnc_000108511482/?bc=100516782432,不適合
SUUMO 賃貸 田方郡（函南町）,函南町,賃貸マンション,賃貸カテゴリ（掲載種別）,静岡県田方郡函南町間宮,3.9,21.4,,5,田,—,,—,賃貸のため対象外,,2026-08-11,,https://suumo.jp/chintai/jnc_000013976647/?bc=100514195989,適合
SUUMO 賃貸 田方郡（函南町）,函南町,賃貸マンション,賃貸カテゴリ（掲載種別）,静岡県田方郡函南町間宮,3.9,20.9,,5,田,—,,—,賃貸のため対象外,,2026-08-05,,https://suumo.jp/chintai/jnc_000013976648/?bc=000089487291,適合
SUUMO 賃貸 田方郡（函南町）,函南町,賃貸マンション,賃貸カテゴリ（掲載種別）,静岡県田方郡函南町間宮,4.1,21.4,,5,田,—,,—,賃貸のため対象外,,2026-08-10,,https://suumo.jp/chintai/jnc_000013976650/?bc=100429867066,適合
SUUMO 賃貸 田方郡（函南町）,函南町,賃貸戸建,賃貸カテゴリ（掲載種別）,静岡県田方郡函南町柏谷,5.0,49.6,,5,田,—,,—,賃貸のため対象外,,2026-08-08,関心:戸建,https://suumo.jp/chintai/jnc_000109043474/?bc=100520869613,適合
SUUMO 賃貸 田方郡（函南町）,函南町,賃貸アパート,賃貸カテゴリ（掲載種別）,静岡県田方郡函南町大土肥,4.8,35.9,,5,田,—,,—,賃貸のため対象外,,2026-08-11,,https://suumo.jp/chintai/jnc_000101304465/?bc=100512790618,適合
SUUMO 賃貸 田方郡（函南町）,函南町,賃貸マンション,賃貸カテゴリ（掲載種別）,静岡県田方郡函南町肥田,3.6,28.0,,5,田,—,,—,賃貸のため対象外,,2026-08-09,,https://suumo.jp/chintai/jnc_000038414660/?bc=100521231723,適合
SUUMO 賃貸 田方郡（函南町）,函南町,賃貸マンション,賃貸カテゴリ（掲載種別）,静岡県田方郡函南町肥田,3.6,28.0,,5,田,—,,—,賃貸のため対象外,,2026-08-09,,https://suumo.jp/chintai/jnc_000092784057/?bc=100520979195,適合
SUUMO 賃貸 田方郡（函南町）,函南町,賃貸アパート,賃貸カテゴリ（掲載種別）,静岡県田方郡函南町塚本,4.5,26.7,,5,田,—,,—,賃貸のため対象外,,2026-08-09,,https://suumo.jp/chintai/jnc_000105580082/?bc=100494326727,適合
SUUMO 賃貸 田方郡（函南町）,函南町,賃貸アパート,賃貸カテゴリ（掲載種別）,静岡県田方郡函南町仁田,12.0,91.2,,5,田,—,,—,賃貸のため対象外,,2026-08-11,,https://suumo.jp/chintai/jnc_000013976441/?bc=100510224918,不適合
SUUMO 賃貸 田方郡（函南町）,函南町,賃貸アパート,賃貸カテゴリ（掲載種別）,静岡県田方郡函南町仁田,12.0,91.2,,5,田,—,,—,賃貸のため対象外,,2026-08-11,,https://suumo.jp/chintai/jnc_000016670814/?bc=100510807758,不適合
SUUMO 賃貸 田方郡（函南町）,函南町,賃貸アパート,賃貸カテゴリ（掲載種別）,静岡県田方郡函南町仁田,12.0,91.2,,5,田,—,,—,賃貸のため対象外,,2026-08-05,,https://suumo.jp/chintai/jnc_000107597502/?bc=100509982502,不適合
SUUMO 賃貸 田方郡（函南町）,函南町,賃貸マンション,賃貸カテゴリ（掲載種別）,静岡県田方郡函南町柏谷,5.3,53.3,,5,田,—,,—,賃貸のため対象外,,2026-08-10,,https://suumo.jp/chintai/jnc_000108735243/?bc=100508047287,不適合
SUUMO 賃貸 田方郡（函南町）,函南町,賃貸マンション,賃貸カテゴリ（掲載種別）,静岡県田方郡函南町柏谷,5.7,53.3,,5,田,—,,—,賃貸のため対象外,,2026-08-11,,https://suumo.jp/chintai/jnc_000108735244/?bc=100508047301,不適合
SUUMO 賃貸 田方郡（函南町）,函南町,賃貸マンション,賃貸カテゴリ（掲載種別）,静岡県田方郡函南町柏谷,5.7,53.3,,5,田,—,,—,賃貸のため対象外,,2026-08-09,,https://suumo.jp/chintai/jnc_000107250023/?bc=100508047298,不適合
SUUMO 賃貸 田方郡（函南町）,函南町,賃貸マンション,賃貸カテゴリ（掲載種別）,静岡県田方郡函南町柏谷,5.7,47.4,,5,田,—,,—,賃貸のため対象外,,2026-07-31,,https://suumo.jp/chintai/jnc_000108735242/?bc=100454897392,不適合
SUUMO 賃貸 田方郡（函南町）,函南町,賃貸アパート,賃貸カテゴリ（掲載種別）,静岡県田方郡函南町柏谷,5.8,56.5,,5,田,—,,—,賃貸のため対象外,,2026-08-09,,https://suumo.jp/chintai/jnc_000104702581/?bc=100481554006,不適合
SUUMO 賃貸 田方郡（函南町）,函南町,賃貸マンション,賃貸カテゴリ（掲載種別）,静岡県田方郡函南町桑原,5.5,55.0,,5,田,—,,—,賃貸のため対象外,,2026-07-25,,https://suumo.jp/chintai/jnc_000067397054/?bc=100465639400,不適合
SUUMO 賃貸 田方郡（函南町）,函南町,賃貸マンション,賃貸カテゴリ（掲載種別）,静岡県田方郡函南町桑原,5.7,55.0,,5,田,—,,—,賃貸のため対象外,,2026-07-25,,https://suumo.jp/chintai/jnc_000046057672/?bc=100455356761,不適合
SUUMO 賃貸 田方郡（函南町）,函南町,賃貸マンション,賃貸カテゴリ（掲載種別）,静岡県田方郡函南町桑原,5.7,55.0,,5,田,—,,—,賃貸のため対象外,,2026-07-25,,https://suumo.jp/chintai/jnc_000099295529/?bc=100440401422,不適合
SUUMO 賃貸 田方郡（函南町）,函南町,賃貸マンション,賃貸カテゴリ（掲載種別）,静岡県田方郡函南町桑原,5.7,54.9,,5,田,—,,—,賃貸のため対象外,,2026-07-25,,https://suumo.jp/chintai/jnc_000101414661/?bc=100465483840,不適合
SUUMO 賃貸 田方郡（函南町）,函南町,賃貸アパート,賃貸カテゴリ（掲載種別）,静岡県田方郡函南町柏谷,6.0,58.0,,5,田,—,,—,賃貸のため対象外,,2026-08-09,,https://suumo.jp/chintai/jnc_000109096996/?bc=100521221807,不適合
SUUMO 賃貸 田方郡（函南町）,函南町,賃貸アパート,賃貸カテゴリ（掲載種別）,静岡県田方郡函南町柏谷,6.0,53.0,,5,田,—,,—,賃貸のため対象外,,2026-08-09,,https://suumo.jp/chintai/jnc_000017546713/?bc=100465483878,不適合
SUUMO 賃貸 田方郡（函南町）,函南町,賃貸マンション,賃貸カテゴリ（掲載種別）,静岡県田方郡函南町間宮,5.8,55.7,,5,田,—,,—,賃貸のため対象外,,2026-08-11,,https://suumo.jp/chintai/jnc_000105036915/?bc=100490206245,不適合
SUUMO 賃貸 田方郡（函南町）,函南町,賃貸マンション,賃貸カテゴリ（掲載種別）,静岡県田方郡函南町仁田,4.5,55.0,,5,田,—,,—,賃貸のため対象外,,2026-08-05,,https://suumo.jp/chintai/jnc_000108711618/?bc=100488906221,適合
SUUMO 賃貸 田方郡（函南町）,函南町,賃貸マンション,賃貸カテゴリ（掲載種別）,静岡県田方郡函南町仁田,4.7,55.0,,5,田,—,,—,賃貸のため対象外,,2026-08-05,,https://suumo.jp/chintai/jnc_000089133040/?bc=100519354317,適合
SUUMO 賃貸 田方郡（函南町）,函南町,賃貸マンション,賃貸カテゴリ（掲載種別）,静岡県田方郡函南町間宮,6.7,55.7,,5,田,—,,—,賃貸のため対象外,,2026-08-11,,https://suumo.jp/chintai/jnc_000108067171/?bc=100513624739,不適合
SUUMO 賃貸 田方郡（函南町）,函南町,賃貸アパート,賃貸カテゴリ（掲載種別）,静岡県田方郡函南町柏谷,7.4,79.6,,5,田,—,,—,賃貸のため対象外,,2026-08-11,,https://suumo.jp/chintai/jnc_000079328395/?bc=100513826257,不適合
SUUMO 賃貸 田方郡（函南町）,函南町,賃貸マンション,賃貸カテゴリ（掲載種別）,静岡県田方郡函南町間宮,6.7,55.7,,5,田,—,,—,賃貸のため対象外,,2026-07-25,,https://suumo.jp/chintai/jnc_000108067172/?bc=100513622130,不適合
SUUMO 賃貸 田方郡（函南町）,函南町,賃貸マンション,賃貸カテゴリ（掲載種別）,静岡県田方郡函南町間宮,6.8,79.6,,5,田,—,,—,賃貸のため対象外,,2026-07-25,,https://suumo.jp/chintai/jnc_000108090300/?bc=100513622097,不適合
SUUMO 賃貸 田方郡（函南町）,函南町,賃貸マンション,賃貸カテゴリ（掲載種別）,静岡県田方郡函南町間宮,6.9,79.6,,5,田,—,,—,賃貸のため対象外,,2026-07-25,,https://suumo.jp/chintai/jnc_000108464391/?bc=100516416578,不適合
SUUMO 賃貸 田方郡（函南町）,函南町,賃貸マンション,賃貸カテゴリ（掲載種別）,静岡県田方郡函南町間宮,6.8,79.6,,5,田,—,,—,賃貸のため対象外,,2026-08-07,,https://suumo.jp/chintai/jnc_000108073591/?bc=100513577434,不適合
SUUMO 賃貸 田方郡（函南町）,函南町,賃貸マンション,賃貸カテゴリ（掲載種別）,静岡県田方郡函南町間宮,6.9,79.6,,5,田,—,,—,賃貸のため対象外,,2026-07-25,,https://suumo.jp/chintai/jnc_000107632570/?bc=100512958881,不適合
SUUMO 賃貸 田方郡（函南町）,函南町,賃貸アパート,賃貸カテゴリ（掲載種別）,静岡県田方郡函南町柏谷,5.5,63.6,,5,田,—,,—,賃貸のため対象外,,2026-07-25,,https://suumo.jp/chintai/jnc_000107150279/?bc=100506453785,不適合
SUUMO 賃貸 田方郡（函南町）,函南町,賃貸アパート,賃貸カテゴリ（掲載種別）,静岡県田方郡函南町柏谷,5.5,63.6,,5,田,—,,—,賃貸のため対象外,,2026-07-25,,https://suumo.jp/chintai/jnc_000103354170/?bc=100476071680,不適合
SUUMO 賃貸 田方郡（函南町）,函南町,賃貸アパート,賃貸カテゴリ（掲載種別）,静岡県田方郡函南町平井,5.05,45.8,,5,田,—,,—,賃貸のため対象外,,2026-08-11,,https://suumo.jp/chintai/jnc_000107921169/?bc=100503635890,不適合
SUUMO 賃貸 田方郡（函南町）,函南町,賃貸アパート,賃貸カテゴリ（掲載種別）,静岡県田方郡函南町平井,5.9,45.8,,5,田,—,,—,賃貸のため対象外,,2026-08-11,,https://suumo.jp/chintai/jnc_000108847953/?bc=100519544709,不適合
SUUMO 賃貸 田方郡（函南町）,函南町,賃貸マンション,賃貸カテゴリ（掲載種別）,静岡県田方郡函南町仁田,5.5,55.2,,5,田,—,,—,賃貸のため対象外,,2026-08-11,,https://suumo.jp/chintai/jnc_000109068583/?bc=100372020289,不適合
SUUMO 賃貸 田方郡（函南町）,函南町,賃貸マンション,賃貸カテゴリ（掲載種別）,静岡県田方郡函南町仁田,6.0,55.2,,5,田,—,,—,賃貸のため対象外,,2026-08-07,,https://suumo.jp/chintai/jnc_000013976478/?bc=100372020291,不適合
SUUMO 賃貸 田方郡（函南町）,函南町,賃貸マンション,賃貸カテゴリ（掲載種別）,静岡県田方郡函南町間宮,6.9,79.6,,5,田,—,,—,賃貸のため対象外,,2026-07-25,,https://suumo.jp/chintai/jnc_000107784360/?bc=100511721121,不適合
SUUMO 賃貸 田方郡（函南町）,函南町,賃貸マンション,賃貸カテゴリ（掲載種別）,静岡県田方郡函南町大土肥,6.4,71.7,,5,田,—,,—,賃貸のため対象外,,2026-08-07,,https://suumo.jp/chintai/jnc_000065707745/?bc=100516613786,不適合
SUUMO 賃貸 田方郡（函南町）,函南町,賃貸マンション,賃貸カテゴリ（掲載種別）,静岡県田方郡函南町大土肥,6.6,71.7,,5,田,—,,—,賃貸のため対象外,,2026-07-25,,https://suumo.jp/chintai/jnc_000108500545/?bc=100516684105,不適合
SUUMO 賃貸 田方郡（函南町）,函南町,賃貸マンション,賃貸カテゴリ（掲載種別）,静岡県田方郡函南町大土肥,6.6,71.7,,5,田,—,,—,賃貸のため対象外,,2026-07-25,,https://suumo.jp/chintai/jnc_000108500546/?bc=100516684139,不適合
SUUMO 賃貸 田方郡（函南町）,函南町,賃貸マンション,賃貸カテゴリ（掲載種別）,静岡県田方郡函南町大土肥,6.8,66.2,,5,田,—,,—,賃貸のため対象外,,2026-08-10,,https://suumo.jp/chintai/jnc_000107652184/?bc=100358413350,不適合
SUUMO 賃貸 田方郡（函南町）,函南町,賃貸マンション,賃貸カテゴリ（掲載種別）,静岡県田方郡函南町大土肥,7.0,66.2,,5,田,—,,—,賃貸のため対象外,,2026-08-10,,https://suumo.jp/chintai/jnc_000107399597/?bc=100386235571,不適合
SUUMO 賃貸 田方郡（函南町）,函南町,賃貸マンション,賃貸カテゴリ（掲載種別）,静岡県田方郡函南町大土肥,7.2,76.0,,5,田,—,,—,賃貸のため対象外,,2026-08-07,,https://suumo.jp/chintai/jnc_000108490781/?bc=100516613782,不適合
SUUMO 賃貸 田方郡（函南町）,函南町,賃貸マンション,賃貸カテゴリ（掲載種別）,静岡県田方郡函南町大土肥,7.5,71.7,,5,田,—,,—,賃貸のため対象外,,2026-07-25,,https://suumo.jp/chintai/jnc_000086012948/?bc=100516787189,不適合
SUUMO 賃貸 田方郡（函南町）,函南町,賃貸マンション,賃貸カテゴリ（掲載種別）,静岡県田方郡函南町大土肥,7.5,71.7,,5,田,—,,—,賃貸のため対象外,,2026-07-25,,https://suumo.jp/chintai/jnc_000069119667/?bc=100516684103,不適合
SUUMO 賃貸 田方郡（函南町）,函南町,賃貸アパート,賃貸カテゴリ（掲載種別）,静岡県田方郡函南町仁田,6.0,52.0,,5,田,—,,—,賃貸のため対象外,,2026-08-05,,https://suumo.jp/chintai/jnc_000078859438/?bc=100308140290,不適合
SUUMO 賃貸 田方郡（函南町）,函南町,賃貸マンション,賃貸カテゴリ（掲載種別）,静岡県田方郡函南町間宮,6.5,54.4,,5,田,—,,—,賃貸のため対象外,,2026-07-25,,https://suumo.jp/chintai/jnc_000107793226/?bc=100511344614,不適合
SUUMO 賃貸 田方郡（函南町）,函南町,賃貸マンション,賃貸カテゴリ（掲載種別）,静岡県田方郡函南町塚本,5.8,53.3,,5,田,—,,—,賃貸のため対象外,,2026-07-25,,https://suumo.jp/chintai/jnc_000063532954/?bc=100224382946,不適合
SUUMO 賃貸 田方郡（函南町）,函南町,賃貸マンション,賃貸カテゴリ（掲載種別）,静岡県田方郡函南町塚本,6.0,53.3,,5,田,—,,—,賃貸のため対象外,,2026-08-11,,https://suumo.jp/chintai/jnc_000106767050/?bc=100516770320,不適合
SUUMO 賃貸 田方郡（函南町）,函南町,賃貸マンション,賃貸カテゴリ（掲載種別）,静岡県田方郡函南町平井,5.9,53.3,,5,田,—,,—,賃貸のため対象外,,2026-07-25,,https://suumo.jp/chintai/jnc_000106411126/?bc=100503454452,不適合
SUUMO 賃貸 田方郡（函南町）,函南町,賃貸マンション,賃貸カテゴリ（掲載種別）,静岡県田方郡函南町平井,6.2,53.0,,5,田,—,,—,賃貸のため対象外,,2026-08-11,,https://suumo.jp/chintai/jnc_000104181327/?bc=100488509646,不適合
SUUMO 賃貸 田方郡（函南町）,函南町,賃貸マンション,賃貸カテゴリ（掲載種別）,静岡県田方郡函南町平井,6.2,53.0,,5,田,—,,—,賃貸のため対象外,,2026-08-11,,https://suumo.jp/chintai/jnc_000089658847/?bc=100489535327,不適合
SUUMO 賃貸 田方郡（函南町）,函南町,賃貸マンション,賃貸カテゴリ（掲載種別）,静岡県田方郡函南町平井,6.2,53.0,,5,田,—,,—,賃貸のため対象外,,2026-08-11,,https://suumo.jp/chintai/jnc_000107190446/?bc=100501257308,不適合
SUUMO 賃貸 田方郡（函南町）,函南町,賃貸マンション,賃貸カテゴリ（掲載種別）,静岡県田方郡函南町仁田,5.3,20.8,,5,田,—,,—,賃貸のため対象外,,2026-08-10,,https://suumo.jp/chintai/jnc_000107866594/?bc=100511953483,不適合
SUUMO 賃貸 田方郡（函南町）,函南町,賃貸マンション,賃貸カテゴリ（掲載種別）,静岡県田方郡函南町仁田,5.7,20.8,,5,田,—,,—,賃貸のため対象外,,2026-08-10,,https://suumo.jp/chintai/jnc_000108840119/?bc=100519395434,不適合
SUUMO 賃貸 田方郡（函南町）,函南町,賃貸アパート,賃貸カテゴリ（掲載種別）,静岡県田方郡函南町上沢,6.4,60.8,,5,田,—,,—,賃貸のため対象外,,2026-07-25,,https://suumo.jp/chintai/jnc_000085117392/?bc=100354720429,不適合
SUUMO 賃貸 田方郡（函南町）,函南町,賃貸アパート,賃貸カテゴリ（掲載種別）,静岡県田方郡函南町間宮,6.7,67.0,,5,田,—,,—,賃貸のため対象外,,2026-08-11,,https://suumo.jp/chintai/jnc_000108523330/?bc=100517129163,不適合
SUUMO 賃貸 田方郡（函南町）,函南町,賃貸アパート,賃貸カテゴリ（掲載種別）,静岡県田方郡函南町大竹,6.3,56.0,,5,田,—,,—,賃貸のため対象外,,2026-07-25,,https://suumo.jp/chintai/jnc_000063247662/?bc=100474688593,不適合
SUUMO 賃貸 田方郡（函南町）,函南町,賃貸マンション,賃貸カテゴリ（掲載種別）,静岡県田方郡函南町平井,6.2,53.0,,5,田,—,,—,賃貸のため対象外,,2026-07-25,,https://suumo.jp/chintai/jnc_000107184457/?bc=100508048108,不適合
SUUMO 賃貸 田方郡（函南町）,函南町,賃貸マンション,賃貸カテゴリ（掲載種別）,静岡県田方郡函南町平井,6.2,53.0,,5,田,—,,—,賃貸のため対象外,,2026-07-25,,https://suumo.jp/chintai/jnc_000089683073/?bc=100508048091,不適合
SUUMO 賃貸 田方郡（函南町）,函南町,賃貸マンション,賃貸カテゴリ（掲載種別）,静岡県田方郡函南町平井,6.2,53.0,,5,田,—,,—,賃貸のため対象外,,2026-07-25,,https://suumo.jp/chintai/jnc_000104198063/?bc=100508048191,不適合
SUUMO 賃貸 田方郡（函南町）,函南町,賃貸マンション,賃貸カテゴリ（掲載種別）,静岡県田方郡函南町塚本,6.5,46.0,,5,田,—,,—,賃貸のため対象外,,2026-07-25,,https://suumo.jp/chintai/jnc_000107343970/?bc=100507918877,不適合
SUUMO 賃貸 田方郡（函南町）,函南町,賃貸マンション,賃貸カテゴリ（掲載種別）,静岡県田方郡函南町塚本,6.5,46.0,,5,田,—,,—,賃貸のため対象外,,2026-07-25,,https://suumo.jp/chintai/jnc_000107351872/?bc=100508007025,不適合
SUUMO 賃貸 田方郡（函南町）,函南町,賃貸マンション,賃貸カテゴリ（掲載種別）,静岡県田方郡函南町塚本,6.5,46.0,,5,田,—,,—,賃貸のため対象外,,2026-07-25,,https://suumo.jp/chintai/jnc_000098648730/?bc=100465483762,不適合
SUUMO 賃貸 田方郡（函南町）,函南町,賃貸アパート,賃貸カテゴリ（掲載種別）,静岡県田方郡函南町間宮,6.0,50.0,,5,田,—,,—,賃貸のため対象外,,2026-07-25,,https://suumo.jp/chintai/jnc_000107179183/?bc=100506651482,不適合
SUUMO 賃貸 田方郡（函南町）,函南町,賃貸アパート,賃貸カテゴリ（掲載種別）,静岡県田方郡函南町仁田,5.2,42.8,,5,田,—,,—,賃貸のため対象外,,2026-08-09,,https://suumo.jp/chintai/jnc_000108884175/?bc=100519788500,不適合
SUUMO 賃貸 田方郡（函南町）,函南町,賃貸マンション,賃貸カテゴリ（掲載種別）,静岡県田方郡函南町仁田,6.8,62.8,,5,田,—,,—,賃貸のため対象外,,2026-08-11,,https://suumo.jp/chintai/jnc_000096257927/?bc=100408630819,不適合
SUUMO 賃貸 田方郡（函南町）,函南町,賃貸マンション,賃貸カテゴリ（掲載種別）,静岡県田方郡函南町仁田,7.1,62.8,,5,田,—,,—,賃貸のため対象外,,2026-08-11,,https://suumo.jp/chintai/jnc_000109136531/?bc=100506829968,不適合
SUUMO 賃貸 田方郡（函南町）,函南町,賃貸アパート,賃貸カテゴリ（掲載種別）,静岡県田方郡函南町塚本,6.5,51.6,,5,田,—,,—,賃貸のため対象外,,2026-07-31,,https://suumo.jp/chintai/jnc_000105740524/?bc=100513826277,不適合
SUUMO 賃貸 田方郡（函南町）,函南町,賃貸アパート,賃貸カテゴリ（掲載種別）,静岡県田方郡函南町塚本,5.3,23.2,,5,田,—,,—,賃貸のため対象外,,2026-07-25,,https://suumo.jp/chintai/jnc_000108401838/?bc=100515996427,不適合
SUUMO 賃貸 田方郡（函南町）,函南町,賃貸アパート,賃貸カテゴリ（掲載種別）,静岡県田方郡函南町仁田,5.5,49.7,,5,田,—,,—,賃貸のため対象外,,2026-07-25,,https://suumo.jp/chintai/jnc_000107425888/?bc=100508557700,不適合
SUUMO 賃貸 田方郡（函南町）,函南町,賃貸アパート,賃貸カテゴリ（掲載種別）,静岡県田方郡函南町仁田,5.5,48.7,,5,田,—,,—,賃貸のため対象外,,2026-08-11,,https://suumo.jp/chintai/jnc_000107425887/?bc=100322641944,不適合
SUUMO 賃貸 田方郡（函南町）,函南町,賃貸マンション,賃貸カテゴリ（掲載種別）,静岡県田方郡函南町間宮,5.1,25.9,,5,田,—,,—,賃貸のため対象外,,2026-07-25,,https://suumo.jp/chintai/jnc_000105547537/?bc=100512230735,不適合
SUUMO 賃貸 田方郡（函南町）,函南町,賃貸アパート,賃貸カテゴリ（掲載種別）,静岡県田方郡函南町塚本,6.5,54.6,,5,田,—,,—,賃貸のため対象外,,2026-07-25,,https://suumo.jp/chintai/jnc_000105530031/?bc=100493952690,不適合
SUUMO 賃貸 田方郡（函南町）,函南町,賃貸アパート,賃貸カテゴリ（掲載種別）,静岡県田方郡函南町仁田,5.7,54.6,,5,田,—,,—,賃貸のため対象外,,2026-08-09,,https://suumo.jp/chintai/jnc_000093238312/?bc=100519788124,不適合
SUUMO 賃貸 田方郡（函南町）,函南町,賃貸マンション,賃貸カテゴリ（掲載種別）,静岡県田方郡函南町間宮,6.5,54.5,,5,田,—,,—,賃貸のため対象外,,2026-07-25,,https://suumo.jp/chintai/jnc_000076248216/?bc=100508155872,不適合
SUUMO 賃貸 田方郡（函南町）,函南町,賃貸マンション,賃貸カテゴリ（掲載種別）,静岡県田方郡函南町平井,6.0,57.3,,5,田,—,,—,賃貸のため対象外,,2026-07-25,,https://suumo.jp/chintai/jnc_000013976591/?bc=100049126357,不適合
SUUMO 賃貸 田方郡（函南町）,函南町,賃貸アパート,賃貸カテゴリ（掲載種別）,静岡県田方郡函南町仁田,6.8,52.2,,5,田,—,,—,賃貸のため対象外,,2026-08-11,,https://suumo.jp/chintai/jnc_000108500547/?bc=100516738499,不適合
SUUMO 賃貸 田方郡（函南町）,函南町,賃貸戸建,賃貸カテゴリ（掲載種別）,静岡県田方郡函南町畑毛,5.0,58.2,,5,畑,—,,—,賃貸のため対象外,,2026-07-25,,https://suumo.jp/chintai/jnc_000095229056/?bc=100414000246,適合
SUUMO 賃貸 田方郡（函南町）,函南町,賃貸戸建,賃貸カテゴリ（掲載種別）,静岡県田方郡函南町畑毛,6.0,78.8,,5,畑,—,,—,賃貸のため対象外,,2026-08-09,,https://suumo.jp/chintai/jnc_000094440013/?bc=100408886902,不適合
SUUMO 賃貸 田方郡（函南町）,函南町,賃貸マンション,賃貸カテゴリ（掲載種別）,静岡県田方郡函南町仁田,7.0,68.7,,5,田,—,,—,賃貸のため対象外,,2026-08-11,,https://suumo.jp/chintai/jnc_000108167711/?bc=100514530438,不適合
SUUMO 賃貸 田方郡（函南町）,函南町,賃貸マンション,賃貸カテゴリ（掲載種別）,静岡県田方郡函南町仁田,7.0,67.7,,5,田,—,,—,賃貸のため対象外,,2026-07-25,,https://suumo.jp/chintai/jnc_000072964855/?bc=100514530350,不適合
SUUMO 賃貸 田方郡（函南町）,函南町,賃貸マンション,賃貸カテゴリ（掲載種別）,静岡県田方郡函南町仁田,7.0,68.7,,5,田,—,,—,賃貸のため対象外,,2026-07-31,,https://suumo.jp/chintai/jnc_000103436702/?bc=100477472047,不適合
SUUMO 賃貸 田方郡（函南町）,函南町,賃貸アパート,賃貸カテゴリ（掲載種別）,静岡県田方郡函南町柏谷,5.0,51.9,,5,田,—,,—,賃貸のため対象外,,2026-08-09,,https://suumo.jp/chintai/jnc_000108891160/?bc=100516888239,適合
SUUMO 賃貸 田方郡（函南町）,函南町,賃貸アパート,賃貸カテゴリ（掲載種別）,静岡県田方郡函南町柏谷,5.3,53.5,,5,田,—,,—,賃貸のため対象外,,2026-08-05,,https://suumo.jp/chintai/jnc_000107369462/?bc=100516770332,不適合
SUUMO 賃貸 田方郡（函南町）,函南町,賃貸マンション,賃貸カテゴリ（掲載種別）,静岡県田方郡函南町間宮,4.9,29.8,,5,田,—,,—,賃貸のため対象外,,2026-08-02,,https://suumo.jp/chintai/jnc_000083781176/?bc=100200334254,適合
SUUMO 賃貸 田方郡（函南町）,函南町,賃貸アパート,賃貸カテゴリ（掲載種別）,静岡県田方郡函南町仁田,5.0,51.0,,5,田,—,,—,賃貸のため対象外,,2026-07-25,,https://suumo.jp/chintai/jnc_000094979451/?bc=100412374276,適合
SUUMO 賃貸 田方郡（函南町）,函南町,賃貸マンション,賃貸カテゴリ（掲載種別）,静岡県田方郡函南町仁田,7.9,68.8,,5,田,—,,—,賃貸のため対象外,,2026-08-09,,https://suumo.jp/chintai/jnc_000097384051/?bc=100517866471,不適合
SUUMO 賃貸 田方郡（函南町）,函南町,賃貸アパート,賃貸カテゴリ（掲載種別）,静岡県田方郡函南町仁田,6.0,50.8,,5,田,—,,—,賃貸のため対象外,,2026-08-11,,https://suumo.jp/chintai/jnc_000096297448/?bc=100514294399,不適合
SUUMO 賃貸 田方郡（函南町）,函南町,賃貸アパート,賃貸カテゴリ（掲載種別）,静岡県田方郡函南町仁田,6.8,52.2,,5,田,—,,—,賃貸のため対象外,,2026-07-27,,https://suumo.jp/chintai/jnc_000108020366/?bc=100099196348,不適合
SUUMO 賃貸 田方郡（函南町）,函南町,賃貸マンション,賃貸カテゴリ（掲載種別）,静岡県田方郡函南町大土肥,7.4,60.5,,5,田,—,,—,賃貸のため対象外,,2026-08-11,,https://suumo.jp/chintai/jnc_000077596194/?bc=100507889474,不適合
SUUMO 賃貸 田方郡（函南町）,函南町,賃貸マンション,賃貸カテゴリ（掲載種別）,静岡県田方郡函南町大土肥,7.4,60.5,,5,田,—,,—,賃貸のため対象外,,2026-08-11,,https://suumo.jp/chintai/jnc_000068652933/?bc=100478255402,不適合
SUUMO 賃貸 田方郡（函南町）,函南町,賃貸マンション,賃貸カテゴリ（掲載種別）,静岡県田方郡函南町大土肥,7.6,60.5,,5,田,—,,—,賃貸のため対象外,,2026-08-10,,https://suumo.jp/chintai/jnc_000033569736/?bc=100106060093,不適合
SUUMO 賃貸 田方郡（函南町）,函南町,賃貸マンション,賃貸カテゴリ（掲載種別）,静岡県田方郡函南町大土肥,7.6,60.5,,5,田,—,,—,賃貸のため対象外,,2026-08-11,,https://suumo.jp/chintai/jnc_000018312592/?bc=100279626877,不適合
SUUMO 賃貸 田方郡（函南町）,函南町,賃貸マンション,賃貸カテゴリ（掲載種別）,静岡県田方郡函南町大土肥,7.8,60.5,,5,田,—,,—,賃貸のため対象外,,2026-08-10,,https://suumo.jp/chintai/jnc_000059646507/?bc=100205245219,不適合
SUUMO 賃貸 田方郡（函南町）,函南町,賃貸アパート,賃貸カテゴリ（掲載種別）,静岡県田方郡函南町仁田,5.3,51.9,,5,田,—,,—,賃貸のため対象外,,2026-07-26,,https://suumo.jp/chintai/jnc_000108783952/?bc=100488951520,不適合
SUUMO 賃貸 田方郡（函南町）,函南町,賃貸マンション,賃貸カテゴリ（掲載種別）,静岡県田方郡函南町間宮,6.9,33.1,,5,田,—,,—,賃貸のため対象外,,2026-08-11,,https://suumo.jp/chintai/jnc_000104826390/?bc=100488435435,不適合
SUUMO 賃貸 田方郡（函南町）,函南町,賃貸マンション,賃貸カテゴリ（掲載種別）,静岡県田方郡函南町柏谷,7.6,68.7,,5,田,—,,—,賃貸のため対象外,,2026-07-25,,https://suumo.jp/chintai/jnc_000013976277/?bc=100484180765,不適合
SUUMO 賃貸 田方郡（函南町）,函南町,賃貸マンション,賃貸カテゴリ（掲載種別）,静岡県田方郡函南町柏谷,7.6,68.7,,5,田,—,,—,賃貸のため対象外,,2026-07-25,,https://suumo.jp/chintai/jnc_000013976284/?bc=100176576913,不適合
SUUMO 賃貸 田方郡（函南町）,函南町,賃貸マンション,賃貸カテゴリ（掲載種別）,静岡県田方郡函南町柏谷,7.6,68.7,,5,田,—,,—,賃貸のため対象外,,2026-07-25,,https://suumo.jp/chintai/jnc_000013976286/?bc=100484180755,不適合
SUUMO 賃貸 田方郡（函南町）,函南町,賃貸マンション,賃貸カテゴリ（掲載種別）,静岡県田方郡函南町柏谷,7.6,68.7,,5,田,—,,—,賃貸のため対象外,,2026-07-25,,https://suumo.jp/chintai/jnc_000053945316/?bc=100176941872,不適合
SUUMO 賃貸 田方郡（函南町）,函南町,賃貸マンション,賃貸カテゴリ（掲載種別）,静岡県田方郡函南町柏谷,7.6,68.7,,5,田,—,,—,賃貸のため対象外,,2026-07-25,,https://suumo.jp/chintai/jnc_000013976282/?bc=100176576920,不適合
SUUMO 賃貸 田方郡（函南町）,函南町,賃貸マンション,賃貸カテゴリ（掲載種別）,静岡県田方郡函南町柏谷,7.6,68.7,,5,田,—,,—,賃貸のため対象外,,2026-07-25,,https://suumo.jp/chintai/jnc_000013976289/?bc=100484180752,不適合
SUUMO 賃貸 田方郡（函南町）,函南町,賃貸マンション,賃貸カテゴリ（掲載種別）,静岡県田方郡函南町柏谷,7.6,68.7,,5,田,—,,—,賃貸のため対象外,,2026-07-25,,https://suumo.jp/chintai/jnc_000013976285/?bc=100484180761,不適合
SUUMO 賃貸 田方郡（函南町）,函南町,賃貸マンション,賃貸カテゴリ（掲載種別）,静岡県田方郡函南町柏谷,7.6,68.7,,5,田,—,,—,賃貸のため対象外,,2026-07-25,,https://suumo.jp/chintai/jnc_000013976288/?bc=100484180751,不適合
SUUMO 賃貸 田方郡（函南町）,函南町,賃貸マンション,賃貸カテゴリ（掲載種別）,静岡県田方郡函南町柏谷,7.6,68.7,,5,田,—,,—,賃貸のため対象外,,2026-07-25,,https://suumo.jp/chintai/jnc_000013976290/?bc=100484180758,不適合
SUUMO 賃貸 田方郡（函南町）,函南町,賃貸マンション,賃貸カテゴリ（掲載種別）,静岡県田方郡函南町柏谷,7.6,68.7,,5,田,—,,—,賃貸のため対象外,,2026-07-25,,https://suumo.jp/chintai/jnc_000013976281/?bc=100484180750,不適合
SUUMO 賃貸 田方郡（函南町）,函南町,賃貸マンション,賃貸カテゴリ（掲載種別）,静岡県田方郡函南町柏谷,7.6,68.7,,5,田,—,,—,賃貸のため対象外,,2026-07-25,,https://suumo.jp/chintai/jnc_000042654627/?bc=100176576905,不適合
SUUMO 賃貸 田方郡（函南町）,函南町,賃貸マンション,賃貸カテゴリ（掲載種別）,静岡県田方郡函南町柏谷,7.6,68.7,,5,田,—,,—,賃貸のため対象外,,2026-07-25,,https://suumo.jp/chintai/jnc_000013976280/?bc=100484180760,不適合
SUUMO 賃貸 田方郡（函南町）,函南町,賃貸マンション,賃貸カテゴリ（掲載種別）,静岡県田方郡函南町柏谷,7.8,68.7,,5,田,—,,—,賃貸のため対象外,,2026-07-25,,https://suumo.jp/chintai/jnc_000033598113/?bc=100484180759,不適合
SUUMO 賃貸 田方郡（函南町）,函南町,賃貸マンション,賃貸カテゴリ（掲載種別）,静岡県田方郡函南町柏谷,7.8,68.7,,5,田,—,,—,賃貸のため対象外,,2026-07-25,,https://suumo.jp/chintai/jnc_000033598114/?bc=100176941879,不適合
SUUMO 賃貸 田方郡（函南町）,函南町,賃貸マンション,賃貸カテゴリ（掲載種別）,静岡県田方郡函南町柏谷,8.0,68.7,,5,田,—,,—,賃貸のため対象外,,2026-07-25,,https://suumo.jp/chintai/jnc_000042654626/?bc=100484180754,不適合
SUUMO 賃貸 田方郡（函南町）,函南町,賃貸マンション,賃貸カテゴリ（掲載種別）,静岡県田方郡函南町柏谷,8.0,68.7,,5,田,—,,—,賃貸のため対象外,,2026-07-25,,https://suumo.jp/chintai/jnc_000033598110/?bc=100484180757,不適合
SUUMO 賃貸 田方郡（函南町）,函南町,賃貸マンション,賃貸カテゴリ（掲載種別）,静岡県田方郡函南町柏谷,8.0,68.7,,5,田,—,,—,賃貸のため対象外,,2026-07-25,,https://suumo.jp/chintai/jnc_000033598109/?bc=100176576923,不適合
SUUMO 賃貸 田方郡（函南町）,函南町,賃貸マンション,賃貸カテゴリ（掲載種別）,静岡県田方郡函南町柏谷,8.0,68.7,,5,田,—,,—,賃貸のため対象外,,2026-07-25,,https://suumo.jp/chintai/jnc_000033598112/?bc=100484180762,不適合
SUUMO 賃貸 田方郡（函南町）,函南町,賃貸マンション,賃貸カテゴリ（掲載種別）,静岡県田方郡函南町柏谷,8.0,68.7,,5,田,—,,—,賃貸のため対象外,,2026-07-25,,https://suumo.jp/chintai/jnc_000033598111/?bc=100176941839,不適合
SUUMO 賃貸 田方郡（函南町）,函南町,賃貸マンション,賃貸カテゴリ（掲載種別）,静岡県田方郡函南町柏谷,8.3,68.7,,5,田,—,,—,賃貸のため対象外,,2026-07-25,,https://suumo.jp/chintai/jnc_000033598115/?bc=100484180756,不適合
SUUMO 賃貸 田方郡（函南町）,函南町,賃貸マンション,賃貸カテゴリ（掲載種別）,静岡県田方郡函南町仁田,6.5,53.7,,5,田,—,,—,賃貸のため対象外,,2026-08-11,,https://suumo.jp/chintai/jnc_000081971751/?bc=100494827506,不適合
SUUMO 賃貸 田方郡（函南町）,函南町,賃貸マンション,賃貸カテゴリ（掲載種別）,静岡県田方郡函南町仁田,6.7,53.7,,5,田,—,,—,賃貸のため対象外,,2026-08-01,,https://suumo.jp/chintai/jnc_000013976408/?bc=100139931547,不適合
SUUMO 賃貸 田方郡（函南町）,函南町,賃貸マンション,賃貸カテゴリ（掲載種別）,静岡県田方郡函南町仁田,6.7,53.7,,5,田,—,,—,賃貸のため対象外,,2026-08-03,,https://suumo.jp/chintai/jnc_000099807616/?bc=100485273295,不適合
SUUMO 賃貸 田方郡（函南町）,函南町,賃貸アパート,賃貸カテゴリ（掲載種別）,静岡県田方郡函南町柏谷,6.5,50.3,,5,田,—,,—,賃貸のため対象外,,2026-08-11,,https://suumo.jp/chintai/jnc_000082490303/?bc=100516284142,不適合
SUUMO 賃貸 田方郡（函南町）,函南町,賃貸アパート,賃貸カテゴリ（掲載種別）,静岡県田方郡函南町塚本,5.1,54.0,,5,田,—,,—,賃貸のため対象外,,2026-07-25,,https://suumo.jp/chintai/jnc_000107395034/?bc=100508374377,不適合
SUUMO 賃貸 田方郡（函南町）,函南町,賃貸マンション,賃貸カテゴリ（掲載種別）,静岡県田方郡函南町間宮,7.5,75.0,,5,田,—,,—,賃貸のため対象外,,2026-07-25,,https://suumo.jp/chintai/jnc_000107670793/?bc=100510531055,不適合
SUUMO 賃貸 田方郡（函南町）,函南町,賃貸マンション,賃貸カテゴリ（掲載種別）,静岡県田方郡函南町間宮,7.5,75.0,,5,田,—,,—,賃貸のため対象外,,2026-07-25,,https://suumo.jp/chintai/jnc_000071996239/?bc=100510531056,不適合
SUUMO 賃貸 田方郡（函南町）,函南町,賃貸マンション,賃貸カテゴリ（掲載種別）,静岡県田方郡函南町間宮,7.5,75.0,,5,田,—,,—,賃貸のため対象外,,2026-07-25,,https://suumo.jp/chintai/jnc_000059973868/?bc=100508155926,不適合
SUUMO 賃貸 田方郡（函南町）,函南町,賃貸マンション,賃貸カテゴリ（掲載種別）,静岡県田方郡函南町間宮,7.5,75.0,,5,田,—,,—,賃貸のため対象外,,2026-07-25,,https://suumo.jp/chintai/jnc_000094658705/?bc=100508155929,不適合
SUUMO 賃貸 田方郡（函南町）,函南町,賃貸アパート,賃貸カテゴリ（掲載種別）,静岡県田方郡函南町柏谷,4.5,23.2,,5,田,—,,—,賃貸のため対象外,,2026-07-25,,https://suumo.jp/chintai/jnc_000106790146/?bc=100404437203,適合
SUUMO 賃貸 田方郡（函南町）,函南町,賃貸アパート,賃貸カテゴリ（掲載種別）,静岡県田方郡函南町柏谷,4.5,23.2,,5,田,—,,—,賃貸のため対象外,,2026-07-25,,https://suumo.jp/chintai/jnc_000098763027/?bc=100207184454,適合
SUUMO 賃貸 田方郡（函南町）,函南町,賃貸アパート,賃貸カテゴリ（掲載種別）,静岡県田方郡函南町柏谷,4.9,23.2,,5,田,—,,—,賃貸のため対象外,,2026-08-08,,https://suumo.jp/chintai/jnc_000106723534/?bc=100207183296,適合
SUUMO 賃貸 田方郡（函南町）,函南町,賃貸アパート,賃貸カテゴリ（掲載種別）,静岡県田方郡函南町柏谷,5.0,23.2,,5,田,—,,—,賃貸のため対象外,,2026-08-11,,https://suumo.jp/chintai/jnc_000109076555/?bc=100520915929,適合
SUUMO 賃貸 田方郡（函南町）,函南町,賃貸アパート,賃貸カテゴリ（掲載種別）,静岡県田方郡函南町柏谷,5.0,23.2,,5,田,—,,—,賃貸のため対象外,,2026-08-08,,https://suumo.jp/chintai/jnc_000106723535/?bc=100271350455,適合
SUUMO 賃貸 田方郡（函南町）,函南町,賃貸マンション,賃貸カテゴリ（掲載種別）,静岡県田方郡函南町大土肥,7.6,60.5,,5,田,—,,—,賃貸のため対象外,,2026-07-25,,https://suumo.jp/chintai/jnc_000029479930/?bc=100288137268,不適合
SUUMO 賃貸 田方郡（函南町）,函南町,賃貸マンション,賃貸カテゴリ（掲載種別）,静岡県田方郡函南町大土肥,7.6,60.5,,5,田,—,,—,賃貸のため対象外,,2026-07-25,,https://suumo.jp/chintai/jnc_000040420517/?bc=100288137253,不適合
SUUMO 賃貸 田方郡（函南町）,函南町,賃貸マンション,賃貸カテゴリ（掲載種別）,静岡県田方郡函南町大土肥,7.8,60.5,,5,田,—,,—,賃貸のため対象外,,2026-07-25,,https://suumo.jp/chintai/jnc_000059655534/?bc=100288137264,不適合
SUUMO 賃貸 田方郡（函南町）,函南町,賃貸マンション,賃貸カテゴリ（掲載種別）,静岡県田方郡函南町柏谷,7.6,68.7,,5,田,—,,—,賃貸のため対象外,,2026-07-25,,https://suumo.jp/chintai/jnc_000013976259/?bc=100352820867,不適合
SUUMO 賃貸 田方郡（函南町）,函南町,賃貸マンション,賃貸カテゴリ（掲載種別）,静岡県田方郡函南町柏谷,7.6,68.7,,5,田,—,,—,賃貸のため対象外,,2026-08-10,,https://suumo.jp/chintai/jnc_000013976258/?bc=100507028074,不適合
SUUMO 賃貸 田方郡（函南町）,函南町,賃貸マンション,賃貸カテゴリ（掲載種別）,静岡県田方郡函南町柏谷,7.8,68.7,,5,田,—,,—,賃貸のため対象外,,2026-08-10,,https://suumo.jp/chintai/jnc_000039395862/?bc=100507028055,不適合
SUUMO 賃貸 田方郡（函南町）,函南町,賃貸マンション,賃貸カテゴリ（掲載種別）,静岡県田方郡函南町柏谷,8.0,68.7,,5,田,—,,—,賃貸のため対象外,,2026-08-10,,https://suumo.jp/chintai/jnc_000033342267/?bc=100507028051,不適合
SUUMO 賃貸 田方郡（函南町）,函南町,賃貸マンション,賃貸カテゴリ（掲載種別）,静岡県田方郡函南町柏谷,8.0,68.7,,5,田,—,,—,賃貸のため対象外,,2026-08-10,,https://suumo.jp/chintai/jnc_000042418539/?bc=100507028016,不適合
SUUMO 賃貸 田方郡（函南町）,函南町,賃貸マンション,賃貸カテゴリ（掲載種別）,静岡県田方郡函南町柏谷,8.3,68.7,,5,田,—,,—,賃貸のため対象外,,2026-07-25,,https://suumo.jp/chintai/jnc_000099605241/?bc=100288137198,不適合
SUUMO 賃貸 田方郡（函南町）,函南町,賃貸アパート,賃貸カテゴリ（掲載種別）,静岡県田方郡函南町間宮,5.5,52.0,,5,田,—,,—,賃貸のため対象外,,2026-08-11,,https://suumo.jp/chintai/jnc_000098431732/?bc=100478255331,不適合
SUUMO 賃貸 田方郡（函南町）,函南町,賃貸マンション,賃貸カテゴリ（掲載種別）,静岡県田方郡函南町平井,4.8,55.1,,5,田,—,,—,賃貸のため対象外,,2026-07-25,,https://suumo.jp/chintai/jnc_000104922462/?bc=100477820366,適合
SUUMO 賃貸 田方郡（函南町）,函南町,賃貸マンション,賃貸カテゴリ（掲載種別）,静岡県田方郡函南町平井,4.8,51.0,,5,田,—,,—,賃貸のため対象外,,2026-07-25,,https://suumo.jp/chintai/jnc_000107369466/?bc=100508155924,適合
SUUMO 賃貸 田方郡（函南町）,函南町,賃貸マンション,賃貸カテゴリ（掲載種別）,静岡県田方郡函南町平井,5.0,51.0,,5,田,—,,—,賃貸のため対象外,,2026-07-25,,https://suumo.jp/chintai/jnc_000104922461/?bc=100469963092,適合
SUUMO 賃貸 田方郡（函南町）,函南町,賃貸マンション,賃貸カテゴリ（掲載種別）,静岡県田方郡函南町平井,5.5,56.1,,5,田,—,,—,賃貸のため対象外,,2026-07-25,,https://suumo.jp/chintai/jnc_000080954088/?bc=100323627046,不適合
SUUMO 賃貸 田方郡（函南町）,函南町,賃貸アパート,賃貸カテゴリ（掲載種別）,静岡県田方郡函南町肥田,4.6,22.4,,5,田,—,,—,賃貸のため対象外,,2026-08-08,,https://suumo.jp/chintai/jnc_000099170580/?bc=100308133329,適合
SUUMO 賃貸 田方郡（函南町）,函南町,賃貸アパート,賃貸カテゴリ（掲載種別）,静岡県田方郡函南町肥田,4.6,22.4,,5,田,—,,—,賃貸のため対象外,,2026-08-08,,https://suumo.jp/chintai/jnc_000064158324/?bc=100207184017,適合
SUUMO 賃貸 田方郡（函南町）,函南町,賃貸マンション,賃貸カテゴリ（掲載種別）,静岡県田方郡函南町間宮,4.5,38.7,,5,田,—,,—,賃貸のため対象外,,2026-08-09,,https://suumo.jp/chintai/jnc_000056399050/?bc=100515530789,適合
SUUMO 賃貸 田方郡（函南町）,函南町,賃貸アパート,賃貸カテゴリ（掲載種別）,静岡県田方郡函南町大土肥,4.9,42.2,,5,田,—,,—,賃貸のため対象外,,2026-08-11,,https://suumo.jp/chintai/jnc_000039733968/?bc=100500393818,適合
SUUMO 賃貸 田方郡（函南町）,函南町,賃貸マンション,賃貸カテゴリ（掲載種別）,静岡県田方郡函南町間宮,7.5,65.1,,5,田,—,,—,賃貸のため対象外,,2026-08-09,,https://suumo.jp/chintai/jnc_000013976717/?bc=100498432765,不適合
SUUMO 賃貸 田方郡（函南町）,函南町,賃貸マンション,賃貸カテゴリ（掲載種別）,静岡県田方郡函南町間宮,7.5,65.1,,5,田,—,,—,賃貸のため対象外,,2026-07-26,,https://suumo.jp/chintai/jnc_000108783956/?bc=100508612435,不適合
SUUMO 賃貸 田方郡（函南町）,函南町,賃貸マンション,賃貸カテゴリ（掲載種別）,静岡県田方郡函南町間宮,7.5,65.1,,5,田,—,,—,賃貸のため対象外,,2026-08-11,,https://suumo.jp/chintai/jnc_000016563105/?bc=100478255330,不適合
SUUMO 賃貸 田方郡（函南町）,函南町,賃貸マンション,賃貸カテゴリ（掲載種別）,静岡県田方郡函南町間宮,7.5,65.1,,5,田,—,,—,賃貸のため対象外,,2026-07-26,,https://suumo.jp/chintai/jnc_000108783955/?bc=100508223247,不適合
SUUMO 賃貸 田方郡（函南町）,函南町,賃貸アパート,賃貸カテゴリ（掲載種別）,静岡県田方郡函南町平井,5.6,51.0,,5,田,—,,—,賃貸のため対象外,,2026-08-11,,https://suumo.jp/chintai/jnc_000108141565/?bc=100516770327,不適合
SUUMO 賃貸 田方郡（函南町）,函南町,賃貸アパート,賃貸カテゴリ（掲載種別）,静岡県田方郡函南町平井,5.6,51.0,,5,田,—,,—,賃貸のため対象外,,2026-07-31,,https://suumo.jp/chintai/jnc_000055382399/?bc=100513514290,不適合
SUUMO 賃貸 田方郡（函南町）,函南町,賃貸アパート,賃貸カテゴリ（掲載種別）,静岡県田方郡函南町塚本,5.3,58.3,,5,田,—,,—,賃貸のため対象外,,2026-07-25,,https://suumo.jp/chintai/jnc_000107965832/?bc=100465483730,不適合
SUUMO 賃貸 田方郡（函南町）,函南町,賃貸アパート,賃貸カテゴリ（掲載種別）,静岡県田方郡函南町柏谷,7.6,58.1,,5,田,—,,—,賃貸のため対象外,,2026-08-11,,https://suumo.jp/chintai/jnc_000106503132/?bc=100502058816,不適合
SUUMO 賃貸 田方郡（函南町）,函南町,賃貸アパート,賃貸カテゴリ（掲載種別）,静岡県田方郡函南町柏谷,12.0,104.4,,5,田,—,,—,賃貸のため対象外,,2026-07-25,,https://suumo.jp/chintai/jnc_000107530447/?bc=100502764370,不適合
SUUMO 賃貸 田方郡（函南町）,函南町,賃貸アパート,賃貸カテゴリ（掲載種別）,静岡県田方郡函南町仁田,5.8,44.1,,5,田,—,,—,賃貸のため対象外,,2026-08-05,,https://suumo.jp/chintai/jnc_000096185073/?bc=100514109772,不適合
SUUMO 賃貸 田方郡（函南町）,函南町,賃貸アパート,賃貸カテゴリ（掲載種別）,静岡県田方郡函南町仁田,5.8,44.1,,5,田,—,,—,賃貸のため対象外,,2026-08-05,,https://suumo.jp/chintai/jnc_000108457791/?bc=100516770347,不適合
SUUMO 賃貸 田方郡（函南町）,函南町,賃貸アパート,賃貸カテゴリ（掲載種別）,静岡県田方郡函南町仁田,5.8,44.1,,5,田,—,,—,賃貸のため対象外,,2026-08-05,,https://suumo.jp/chintai/jnc_000096185072/?bc=100182281535,不適合
SUUMO 賃貸 田方郡（函南町）,函南町,賃貸アパート,賃貸カテゴリ（掲載種別）,静岡県田方郡函南町仁田,5.8,44.1,,5,田,—,,—,賃貸のため対象外,,2026-08-05,,https://suumo.jp/chintai/jnc_000096185074/?bc=100121692401,不適合
SUUMO 賃貸 田方郡（函南町）,函南町,賃貸アパート,賃貸カテゴリ（掲載種別）,静岡県田方郡函南町仁田,5.8,44.1,,5,田,—,,—,賃貸のため対象外,,2026-08-05,,https://suumo.jp/chintai/jnc_000105808713/?bc=100496313316,不適合
SUUMO 賃貸 田方郡（函南町）,函南町,賃貸アパート,賃貸カテゴリ（掲載種別）,静岡県田方郡函南町仁田,5.8,44.1,,5,田,—,,—,賃貸のため対象外,,2026-08-05,,https://suumo.jp/chintai/jnc_000107131477/?bc=100514109769,不適合
SUUMO 賃貸 田方郡（函南町）,函南町,賃貸アパート,賃貸カテゴリ（掲載種別）,静岡県田方郡函南町肥田,6.5,47.7,,5,田,—,,—,賃貸のため対象外,,2026-07-25,,https://suumo.jp/chintai/jnc_000107369464/?bc=100508155919,不適合
SUUMO 賃貸 田方郡（函南町）,函南町,賃貸マンション,賃貸カテゴリ（掲載種別）,静岡県田方郡函南町塚本,6.6,72.0,,5,田,—,,—,賃貸のため対象外,,2026-08-09,,https://suumo.jp/chintai/jnc_000094057430/?bc=100465483753,不適合
SUUMO 賃貸 田方郡（函南町）,函南町,賃貸アパート,賃貸カテゴリ（掲載種別）,静岡県田方郡函南町塚本,5.0,56.3,,5,田,—,,—,賃貸のため対象外,,2026-07-25,,https://suumo.jp/chintai/jnc_000090991812/?bc=100383632727,適合
SUUMO 賃貸 田方郡（函南町）,函南町,賃貸アパート,賃貸カテゴリ（掲載種別）,静岡県田方郡函南町塚本,5.2,56.3,,5,田,—,,—,賃貸のため対象外,,2026-08-09,,https://suumo.jp/chintai/jnc_000044253257/?bc=100358393007,不適合
SUUMO 賃貸 田方郡（函南町）,函南町,賃貸アパート,賃貸カテゴリ（掲載種別）,静岡県田方郡函南町間宮,5.0,46.1,,5,田,—,,—,賃貸のため対象外,,2026-07-25,,https://suumo.jp/chintai/jnc_000027153933/?bc=100516895018,適合
SUUMO 賃貸 田方郡（函南町）,函南町,賃貸アパート,賃貸カテゴリ（掲載種別）,静岡県田方郡函南町間宮,5.0,46.1,,5,田,—,,—,賃貸のため対象外,,2026-07-25,,https://suumo.jp/chintai/jnc_000079156504/?bc=100517874116,適合
SUUMO 賃貸 田方郡（函南町）,函南町,賃貸アパート,賃貸カテゴリ（掲載種別）,静岡県田方郡函南町畑毛,4.5,54.5,,5,畑,—,,—,賃貸のため対象外,,2026-07-25,,https://suumo.jp/chintai/jnc_000099295531/?bc=100465483806,適合
SUUMO 賃貸 田方郡（函南町）,函南町,賃貸アパート,賃貸カテゴリ（掲載種別）,静岡県田方郡函南町畑毛,4.9,52.5,,5,畑,—,,—,賃貸のため対象外,,2026-07-25,,https://suumo.jp/chintai/jnc_000033989144/?bc=100443068635,適合
SUUMO 賃貸 田方郡（函南町）,函南町,賃貸戸建,賃貸カテゴリ（掲載種別）,静岡県田方郡函南町桑原,6.0,87.6,,5,田,—,,—,賃貸のため対象外,,2026-07-25,,https://suumo.jp/chintai/jnc_000013976347/?bc=000051127136,不適合
SUUMO 賃貸 田方郡（函南町）,函南町,賃貸マンション,賃貸カテゴリ（掲載種別）,静岡県田方郡函南町柏谷,5.3,52.1,,5,田,—,,—,賃貸のため対象外,,2026-07-25,,https://suumo.jp/chintai/jnc_000081246972/?bc=100465483829,不適合
SUUMO 賃貸 田方郡（函南町）,函南町,賃貸マンション,賃貸カテゴリ（掲載種別）,静岡県田方郡函南町柏谷,5.3,52.1,,5,田,—,,—,賃貸のため対象外,,2026-07-25,,https://suumo.jp/chintai/jnc_000107369461/?bc=100508155913,不適合
SUUMO 賃貸 田方郡（函南町）,函南町,賃貸戸建,賃貸カテゴリ（掲載種別）,静岡県田方郡函南町仁田,9.8,124.2,,5,田,—,,—,賃貸のため対象外,,2026-07-25,,https://suumo.jp/chintai/jnc_000106904425/?bc=100504829726,不適合
SUUMO 賃貸 田方郡（函南町）,函南町,賃貸アパート,賃貸カテゴリ（掲載種別）,静岡県田方郡函南町間宮,4.5,44.5,,5,田,—,,—,賃貸のため対象外,,2026-07-25,,https://suumo.jp/chintai/jnc_000106021738/?bc=100498071924,適合
SUUMO 賃貸 田方郡（函南町）,函南町,賃貸マンション,賃貸カテゴリ（掲載種別）,静岡県田方郡函南町平井,5.0,56.2,,5,田,—,,—,賃貸のため対象外,,2026-07-25,,https://suumo.jp/chintai/jnc_000014958829/?bc=100297118872,適合
SUUMO 賃貸 田方郡（函南町）,函南町,賃貸マンション,賃貸カテゴリ（掲載種別）,静岡県田方郡函南町平井,5.0,55.1,,5,田,—,,—,賃貸のため対象外,,2026-07-25,,https://suumo.jp/chintai/jnc_000064019367/?bc=100297118925,適合
SUUMO 賃貸 田方郡（函南町）,函南町,賃貸マンション,賃貸カテゴリ（掲載種別）,静岡県田方郡函南町平井,5.3,58.7,,5,田,—,,—,賃貸のため対象外,,2026-07-25,,https://suumo.jp/chintai/jnc_000096232689/?bc=100465483858,不適合
SUUMO 賃貸 田方郡（函南町）,函南町,賃貸マンション,賃貸カテゴリ（掲載種別）,静岡県田方郡函南町平井,5.5,55.1,,5,田,—,,—,賃貸のため対象外,,2026-07-25,,https://suumo.jp/chintai/jnc_000098360048/?bc=100465616939,不適合
SUUMO 賃貸 田方郡（函南町）,函南町,賃貸アパート,賃貸カテゴリ（掲載種別）,静岡県田方郡函南町大土肥,5.5,49.5,,5,田,—,,—,賃貸のため対象外,,2026-08-11,,https://suumo.jp/chintai/jnc_000016082705/?bc=100459299844,不適合
SUUMO 賃貸 田方郡（函南町）,函南町,賃貸アパート,賃貸カテゴリ（掲載種別）,静岡県田方郡函南町柏谷,5.0,53.6,,5,田,—,,—,賃貸のため対象外,,2026-07-25,,https://suumo.jp/chintai/jnc_000106672120/?bc=100503135552,適合
SUUMO 賃貸 田方郡（函南町）,函南町,賃貸アパート,賃貸カテゴリ（掲載種別）,静岡県田方郡函南町塚本,4.0,19.9,,5,田,—,,—,賃貸のため対象外,,2026-08-08,,https://suumo.jp/chintai/jnc_000062924247/?bc=100489365871,適合
SUUMO 賃貸 田方郡（函南町）,函南町,賃貸アパート,賃貸カテゴリ（掲載種別）,静岡県田方郡函南町塚本,4.0,19.9,,5,田,—,,—,賃貸のため対象外,,2026-08-08,,https://suumo.jp/chintai/jnc_000063479676/?bc=100489365585,適合
SUUMO 賃貸 田方郡（函南町）,函南町,賃貸アパート,賃貸カテゴリ（掲載種別）,静岡県田方郡函南町塚本,4.4,19.9,,5,田,—,,—,賃貸のため対象外,,2026-08-10,,https://suumo.jp/chintai/jnc_000073991808/?bc=100449726694,適合
SUUMO 賃貸 田方郡（函南町）,函南町,賃貸戸建,賃貸カテゴリ（掲載種別）,静岡県田方郡函南町仁田,9.3,73.2,,5,田,—,,—,賃貸のため対象外,,2026-08-01,,https://suumo.jp/chintai/jnc_000049544536/?bc=100157643316,不適合
SUUMO 賃貸 田方郡（函南町）,函南町,賃貸戸建,賃貸カテゴリ（掲載種別）,静岡県田方郡函南町平井,6.6,121.7,,5,田,—,,—,賃貸のため対象外,,2026-07-25,関心:戸建,https://suumo.jp/chintai/jnc_000105426509/?bc=100492825055,不適合
SUUMO 賃貸 田方郡（函南町）,函南町,賃貸マンション,賃貸カテゴリ（掲載種別）,静岡県田方郡函南町仁田,8.8,76.0,,5,田,—,,—,賃貸のため対象外,,2026-08-07,,https://suumo.jp/chintai/jnc_000088849669/?bc=100465638635,不適合
SUUMO 賃貸 田方郡（函南町）,函南町,賃貸マンション,賃貸カテゴリ（掲載種別）,静岡県田方郡函南町仁田,8.8,76.0,,5,田,—,,—,賃貸のため対象外,,2026-08-07,,https://suumo.jp/chintai/jnc_000073852250/?bc=100280600262,不適合
SUUMO 賃貸 田方郡（函南町）,函南町,賃貸マンション,賃貸カテゴリ（掲載種別）,静岡県田方郡函南町仁田,8.8,76.0,,5,田,—,,—,賃貸のため対象外,,2026-08-07,,https://suumo.jp/chintai/jnc_000082308161/?bc=100344301540,不適合
SUUMO 賃貸 田方郡（函南町）,函南町,賃貸マンション,賃貸カテゴリ（掲載種別）,静岡県田方郡函南町仁田,8.8,76.0,,5,田,—,,—,賃貸のため対象外,,2026-08-07,,https://suumo.jp/chintai/jnc_000104555857/?bc=100486614312,不適合
SUUMO 賃貸 田方郡（函南町）,函南町,賃貸戸建,賃貸カテゴリ（掲載種別）,静岡県田方郡函南町間宮,5.0,52.2,,5,田,—,,—,賃貸のため対象外,,2026-07-25,関心:戸建,https://suumo.jp/chintai/jnc_000107842322/?bc=100511757923,適合
SUUMO 賃貸 田方郡（函南町）,函南町,賃貸アパート,賃貸カテゴリ（掲載種別）,静岡県田方郡函南町仁田,6.5,57.9,,5,田,—,,—,賃貸のため対象外,,2026-07-25,,https://suumo.jp/chintai/jnc_000102882991/?bc=100473108632,不適合
SUUMO 賃貸 田方郡（函南町）,函南町,賃貸アパート,賃貸カテゴリ（掲載種別）,静岡県田方郡函南町間宮,5.0,38.1,,5,田,—,,—,賃貸のため対象外,,2026-08-10,,https://suumo.jp/chintai/jnc_000096232692/?bc=100498432708,適合
SUUMO 賃貸 田方郡（函南町）,函南町,賃貸アパート,賃貸カテゴリ（掲載種別）,静岡県田方郡函南町塚本,4.4,23.2,,5,田,—,,—,賃貸のため対象外,,2026-08-05,,https://suumo.jp/chintai/jnc_000106998641/?bc=100501369591,適合
SUUMO 賃貸 田方郡（函南町）,函南町,賃貸アパート,賃貸カテゴリ（掲載種別）,静岡県田方郡函南町間宮,6.5,52.4,,5,田,—,,—,賃貸のため対象外,,2026-08-09,,https://suumo.jp/chintai/jnc_000095038732/?bc=100400621471,不適合
SUUMO 賃貸 田方郡（函南町）,函南町,賃貸アパート,賃貸カテゴリ（掲載種別）,静岡県田方郡函南町畑毛,4.5,52.4,,5,畑,—,,—,賃貸のため対象外,,2026-08-11,,https://suumo.jp/chintai/jnc_000066479232/?bc=100498372171,適合
SUUMO 賃貸 田方郡（函南町）,函南町,賃貸アパート,賃貸カテゴリ（掲載種別）,静岡県田方郡函南町柏谷,8.05,56.1,,5,田,—,,—,賃貸のため対象外,,2026-07-25,,https://suumo.jp/chintai/jnc_000108057310/?bc=100513570283,不適合
SUUMO 賃貸 田方郡（函南町）,函南町,賃貸アパート,賃貸カテゴリ（掲載種別）,静岡県田方郡函南町柏谷,5.0,41.0,,5,田,—,,—,賃貸のため対象外,,2026-07-25,,https://suumo.jp/chintai/jnc_000096232671/?bc=100465483830,適合
SUUMO 賃貸 田方郡（函南町）,函南町,賃貸アパート,賃貸カテゴリ（掲載種別）,静岡県田方郡函南町柏谷,3.8,40.9,,5,田,—,,—,賃貸のため対象外,,2026-08-09,,https://suumo.jp/chintai/jnc_000107806195/?bc=100517866477,適合
SUUMO 賃貸 田方郡（函南町）,函南町,賃貸アパート,賃貸カテゴリ（掲載種別）,静岡県田方郡函南町上沢,4.5,40.6,,5,田,—,,—,賃貸のため対象外,,2026-07-25,,https://suumo.jp/chintai/jnc_000096232673/?bc=100465483836,適合
SUUMO 賃貸 田方郡（函南町）,函南町,賃貸アパート,賃貸カテゴリ（掲載種別）,静岡県田方郡函南町大竹,4.5,34.8,,5,田,—,,—,賃貸のため対象外,,2026-08-11,,https://suumo.jp/chintai/jnc_000092151290/?bc=100469147962,適合
SUUMO 賃貸 田方郡（函南町）,函南町,賃貸戸建,賃貸カテゴリ（掲載種別）,静岡県田方郡函南町間宮,9.0,79.9,,5,田,—,,—,賃貸のため対象外,,2026-08-11,,https://suumo.jp/chintai/jnc_000108117313/?bc=100497473569,不適合
SUUMO 賃貸 田方郡（函南町）,函南町,賃貸アパート,賃貸カテゴリ（掲載種別）,静岡県田方郡函南町平井,4.0,38.9,,5,田,—,,—,賃貸のため対象外,,2026-08-05,,https://suumo.jp/chintai/jnc_000022526806/?bc=100516770297,適合
SUUMO 賃貸 田方郡（函南町）,函南町,賃貸マンション,賃貸カテゴリ（掲載種別）,静岡県田方郡函南町畑毛,4.5,33.2,,5,畑,—,,—,賃貸のため対象外,,2026-07-25,,https://suumo.jp/chintai/jnc_000106844885/?bc=100504369186,適合
SUUMO 賃貸 田方郡（函南町）,函南町,賃貸マンション,賃貸カテゴリ（掲載種別）,静岡県田方郡函南町畑毛,4.7,33.2,,5,畑,—,,—,賃貸のため対象外,,2026-07-25,,https://suumo.jp/chintai/jnc_000104754852/?bc=100487843120,適合
SUUMO 賃貸 田方郡（函南町）,函南町,賃貸アパート,賃貸カテゴリ（掲載種別）,静岡県田方郡函南町間宮,5.0,46.2,,5,田,—,,—,賃貸のため対象外,,2026-07-25,,https://suumo.jp/chintai/jnc_000107369467/?bc=100508155871,適合
SUUMO 賃貸 田方郡（函南町）,函南町,賃貸アパート,賃貸カテゴリ（掲載種別）,静岡県田方郡函南町大土肥,4.5,39.7,,5,田,—,,—,賃貸のため対象外,,2026-07-25,,https://suumo.jp/chintai/jnc_000077530461/?bc=100516770321,適合
SUUMO 賃貸 田方郡（函南町）,函南町,賃貸マンション,賃貸カテゴリ（掲載種別）,静岡県田方郡函南町間宮,6.9,68.1,,5,田,—,,—,賃貸のため対象外,,2026-07-25,,https://suumo.jp/chintai/jnc_000108096833/?bc=100510645649,不適合
SUUMO 賃貸 田方郡（函南町）,函南町,賃貸マンション,賃貸カテゴリ（掲載種別）,静岡県田方郡函南町桑原,6.9,68.1,,5,田,—,,—,賃貸のため対象外,,2026-07-25,,https://suumo.jp/chintai/jnc_000107842321/?bc=100511757918,不適合
SUUMO 賃貸 田方郡（函南町）,函南町,賃貸マンション,賃貸カテゴリ（掲載種別）,静岡県田方郡函南町平井,4.0,43.9,,5,田,—,,—,賃貸のため対象外,,2026-07-25,,https://suumo.jp/chintai/jnc_000099520057/?bc=100504881742,適合
SUUMO 賃貸 田方郡（函南町）,函南町,賃貸アパート,賃貸カテゴリ（掲載種別）,静岡県田方郡函南町上沢,3.9,40.5,,5,田,—,,—,賃貸のため対象外,,2026-08-11,,https://suumo.jp/chintai/jnc_000100648697/?bc=100453096933,適合
SUUMO 賃貸 田方郡（函南町）,函南町,賃貸アパート,賃貸カテゴリ（掲載種別）,静岡県田方郡函南町柏谷,4.2,46.3,,5,田,—,,—,賃貸のため対象外,,2026-07-25,,https://suumo.jp/chintai/jnc_000079923888/?bc=100280477159,適合
SUUMO 賃貸 田方郡（函南町）,函南町,賃貸アパート,賃貸カテゴリ（掲載種別）,静岡県田方郡函南町柏谷,4.2,40.0,,5,田,—,,—,賃貸のため対象外,,2026-07-25,,https://suumo.jp/chintai/jnc_000079923889/?bc=100280477155,適合
SUUMO 賃貸 田方郡（函南町）,函南町,賃貸マンション,賃貸カテゴリ（掲載種別）,静岡県田方郡函南町塚本,3.6,22.4,,5,田,—,,—,賃貸のため対象外,,2026-08-10,,https://suumo.jp/chintai/jnc_000083737081/?bc=100479245128,適合
SUUMO 賃貸 田方郡（函南町）,函南町,賃貸マンション,賃貸カテゴリ（掲載種別）,静岡県田方郡函南町塚本,3.6,22.4,,5,田,—,,—,賃貸のため対象外,,2026-08-08,,https://suumo.jp/chintai/jnc_000104343096/?bc=100510737373,適合
SUUMO 賃貸 田方郡（函南町）,函南町,賃貸マンション,賃貸カテゴリ（掲載種別）,静岡県田方郡函南町平井,7.2,79.4,,5,田,—,,—,賃貸のため対象外,,2026-07-25,,https://suumo.jp/chintai/jnc_000096232687/?bc=100465483767,不適合
SUUMO 賃貸 田方郡（函南町）,函南町,賃貸戸建,賃貸カテゴリ（掲載種別）,静岡県田方郡函南町塚本,6.0,52.0,,5,田,—,,—,賃貸のため対象外,,2026-07-25,関心:戸建,https://suumo.jp/chintai/jnc_000105769553/?bc=100495576184,不適合
SUUMO 賃貸 田方郡（函南町）,函南町,賃貸アパート,賃貸カテゴリ（掲載種別）,静岡県田方郡函南町塚本,3.6,20.2,,5,田,—,,—,賃貸のため対象外,,2026-07-25,,https://suumo.jp/chintai/jnc_000018047762/?bc=100444024935,適合
SUUMO 賃貸 田方郡（函南町）,函南町,賃貸アパート,賃貸カテゴリ（掲載種別）,静岡県田方郡函南町塚本,3.6,20.2,,5,田,—,,—,賃貸のため対象外,,2026-07-25,,https://suumo.jp/chintai/jnc_000104803032/?bc=100477594575,適合
SUUMO 賃貸 田方郡（函南町）,函南町,賃貸戸建,賃貸カテゴリ（掲載種別）,静岡県田方郡函南町間宮,6.9,68.1,,5,田,—,,—,賃貸のため対象外,,2026-07-25,,https://suumo.jp/chintai/jnc_000108096834/?bc=100513101322,不適合
SUUMO 賃貸 田方郡（函南町）,函南町,賃貸アパート,賃貸カテゴリ（掲載種別）,静岡県田方郡函南町上沢,2.45,22.7,,5,田,—,,—,賃貸のため対象外,,2026-08-05,,https://suumo.jp/chintai/jnc_000108484469/?bc=100516770328,適合
SUUMO 賃貸 田方郡（函南町）,函南町,賃貸アパート,賃貸カテゴリ（掲載種別）,静岡県田方郡函南町上沢,2.95,34.7,,5,田,—,,—,賃貸のため対象外,,2026-08-10,,https://suumo.jp/chintai/jnc_000108484470/?bc=100516569016,適合
SUUMO 賃貸 田方郡（函南町）,函南町,賃貸アパート,賃貸カテゴリ（掲載種別）,静岡県田方郡函南町上沢,2.95,34.8,,5,田,—,,—,賃貸のため対象外,,2026-08-05,,https://suumo.jp/chintai/jnc_000108464390/?bc=100516770331,適合
SUUMO 賃貸 田方郡（函南町）,函南町,賃貸アパート,賃貸カテゴリ（掲載種別）,静岡県田方郡函南町大土肥,3.26,20.0,,5,田,—,,—,賃貸のため対象外,,2026-08-08,,https://suumo.jp/chintai/jnc_000082753646/?bc=100508155903,適合
SUUMO 賃貸 田方郡（函南町）,函南町,賃貸アパート,賃貸カテゴリ（掲載種別）,静岡県田方郡函南町間宮,3.35,20.2,,5,田,—,,—,賃貸のため対象外,,2026-08-05,,https://suumo.jp/chintai/jnc_000105267497/?bc=100396135316,適合
SUUMO 賃貸 田方郡（函南町）,函南町,賃貸マンション,賃貸カテゴリ（掲載種別）,静岡県田方郡函南町畑毛,3.4,23.2,,5,畑,—,,—,賃貸のため対象外,,2026-07-26,,https://suumo.jp/chintai/jnc_000108783954/?bc=100465483876,適合
SUUMO 賃貸 田方郡（函南町）,函南町,賃貸マンション,賃貸カテゴリ（掲載種別）,静岡県田方郡函南町畑毛,3.7,26.1,,5,畑,—,,—,賃貸のため対象外,,2026-07-26,,https://suumo.jp/chintai/jnc_000108783953/?bc=100465483744,適合
SUUMO 賃貸 田方郡（函南町）,函南町,賃貸戸建,賃貸カテゴリ（掲載種別）,静岡県田方郡函南町柏谷,12.0,104.4,,5,田,—,,—,賃貸のため対象外,,2026-08-11,,https://suumo.jp/chintai/jnc_000107530449/?bc=100513825972,不適合
SUUMO 賃貸 田方郡（函南町）,函南町,賃貸マンション,賃貸カテゴリ（掲載種別）,静岡県田方郡函南町柏谷,2.0,31.8,,5,田,—,,—,賃貸のため対象外,,2026-08-05,,https://suumo.jp/chintai/jnc_000108390448/?bc=100514109777,適合
SUUMO 賃貸 田方郡（函南町）,函南町,賃貸マンション,賃貸カテゴリ（掲載種別）,静岡県田方郡函南町柏谷,2.3,31.8,,5,田,—,,—,賃貸のため対象外,,2026-08-05,,https://suumo.jp/chintai/jnc_000108390451/?bc=100319201547,適合
SUUMO 賃貸 田方郡（函南町）,函南町,賃貸マンション,賃貸カテゴリ（掲載種別）,静岡県田方郡函南町柏谷,2.3,31.8,,5,田,—,,—,賃貸のため対象外,,2026-08-05,,https://suumo.jp/chintai/jnc_000108390452/?bc=100242948214,適合
SUUMO 賃貸 田方郡（函南町）,函南町,賃貸マンション,賃貸カテゴリ（掲載種別）,静岡県田方郡函南町柏谷,3.1,31.8,,5,田,—,,—,賃貸のため対象外,,2026-07-25,,https://suumo.jp/chintai/jnc_000096878433/?bc=100448569044,適合
SUUMO 賃貸 田方郡（函南町）,函南町,賃貸アパート,賃貸カテゴリ（掲載種別）,静岡県田方郡函南町間宮,3.3,17.4,,5,田,—,,—,賃貸のため対象外,,2026-07-26,,https://suumo.jp/chintai/jnc_000108783958/?bc=100508155922,適合
SUUMO 賃貸 田方郡（函南町）,函南町,賃貸アパート,賃貸カテゴリ（掲載種別）,静岡県田方郡函南町間宮,3.3,17.4,,5,田,—,,—,賃貸のため対象外,,2026-07-26,,https://suumo.jp/chintai/jnc_000108783957/?bc=100509127096,適合
SUUMO 賃貸 田方郡（函南町）,函南町,賃貸アパート,賃貸カテゴリ（掲載種別）,静岡県田方郡函南町平井,3.0,37.0,,5,田,—,,—,賃貸のため対象外,,2026-07-25,,https://suumo.jp/chintai/jnc_000106917271/?bc=100465483807,適合
SUUMO 賃貸 田方郡（函南町）,函南町,賃貸戸建,賃貸カテゴリ（掲載種別）,静岡県田方郡函南町畑毛,6.8,130.0,,5,畑,—,,—,賃貸のため対象外,,2026-08-04,関心:戸建,https://suumo.jp/chintai/jnc_000108080955/?bc=100520337809,不適合
SUUMO 賃貸 田方郡（函南町）,函南町,賃貸アパート,賃貸カテゴリ（掲載種別）,静岡県田方郡函南町仁田,5.0,52.2,,5,田,—,,—,賃貸のため対象外,,2026-07-25,,https://suumo.jp/chintai/jnc_000097908135/?bc=100504041737,適合
SUUMO 賃貸 田方郡（函南町）,函南町,賃貸アパート,賃貸カテゴリ（掲載種別）,静岡県田方郡函南町平井,4.9,23.2,,5,田,—,,—,賃貸のため対象外,,2026-08-10,,https://suumo.jp/chintai/jnc_000108987966/?bc=100496897984,適合
SUUMO 賃貸 田方郡（函南町）,函南町,賃貸アパート,賃貸カテゴリ（掲載種別）,静岡県田方郡函南町平井,4.9,23.2,,5,田,—,,—,賃貸のため対象外,,2026-08-05,,https://suumo.jp/chintai/jnc_000108987965/?bc=100225773824,適合
SUUMO 賃貸 田方郡（函南町）,函南町,賃貸アパート,賃貸カテゴリ（掲載種別）,静岡県田方郡函南町平井,5.0,23.2,,5,田,—,,—,賃貸のため対象外,,2026-08-10,,https://suumo.jp/chintai/jnc_000108987964/?bc=100519860075,適合
SUUMO 賃貸 田方郡（函南町）,函南町,賃貸アパート,賃貸カテゴリ（掲載種別）,静岡県田方郡函南町平井,5.1,23.2,,5,田,—,,—,賃貸のため対象外,,2026-08-05,,https://suumo.jp/chintai/jnc_000108987967/?bc=100507718647,不適合
SUUMO 賃貸 田方郡（函南町）,函南町,賃貸アパート,賃貸カテゴリ（掲載種別）,静岡県田方郡函南町柏谷,4.4,23.2,,5,田,—,,—,賃貸のため対象外,,2026-08-10,,https://suumo.jp/chintai/jnc_000074557760/?bc=100232355138,適合
SUUMO 賃貸 田方郡（函南町）,函南町,賃貸アパート,賃貸カテゴリ（掲載種別）,静岡県田方郡函南町柏谷,4.5,23.2,,5,田,—,,—,賃貸のため対象外,,2026-08-10,,https://suumo.jp/chintai/jnc_000073457640/?bc=100207184388,適合
SUUMO 賃貸 田方郡（函南町）,函南町,賃貸アパート,賃貸カテゴリ（掲載種別）,静岡県田方郡函南町柏谷,5.0,23.2,,5,田,—,,—,賃貸のため対象外,,2026-08-10,,https://suumo.jp/chintai/jnc_000106723540/?bc=100343972962,適合
SUUMO 賃貸 田方郡（函南町）,函南町,賃貸アパート,賃貸カテゴリ（掲載種別）,静岡県田方郡函南町柏谷,5.0,23.2,,5,田,—,,—,賃貸のため対象外,,2026-08-10,,https://suumo.jp/chintai/jnc_000106723538/?bc=100446063142,適合
SUUMO 賃貸 田方郡（函南町）,函南町,賃貸アパート,賃貸カテゴリ（掲載種別）,静岡県田方郡函南町柏谷,4.6,26.5,,5,田,—,,—,賃貸のため対象外,,2026-08-10,,https://suumo.jp/chintai/jnc_000108987963/?bc=100516398855,適合
SUUMO 賃貸 田方郡（函南町）,函南町,賃貸アパート,賃貸カテゴリ（掲載種別）,静岡県田方郡函南町柏谷,4.7,23.2,,5,田,—,,—,賃貸のため対象外,,2026-08-05,,https://suumo.jp/chintai/jnc_000101841883/?bc=100207183938,適合
SUUMO 賃貸 田方郡（函南町）,函南町,賃貸アパート,賃貸カテゴリ（掲載種別）,静岡県田方郡函南町柏谷,4.8,23.2,,5,田,—,,—,賃貸のため対象外,,2026-08-05,,https://suumo.jp/chintai/jnc_000074557755/?bc=100207183172,適合
SUUMO 賃貸 田方郡（函南町）,函南町,賃貸アパート,賃貸カテゴリ（掲載種別）,静岡県田方郡函南町柏谷,4.8,23.2,,5,田,—,,—,賃貸のため対象外,,2026-08-05,,https://suumo.jp/chintai/jnc_000074557751/?bc=100279213083,適合
SUUMO 賃貸 田方郡（函南町）,函南町,賃貸アパート,賃貸カテゴリ（掲載種別）,静岡県田方郡函南町平井,4.5,22.4,,5,田,—,,—,賃貸のため対象外,,2026-08-05,,https://suumo.jp/chintai/jnc_000108987969/?bc=100503295215,適合
SUUMO 賃貸 田方郡（函南町）,函南町,賃貸アパート,賃貸カテゴリ（掲載種別）,静岡県田方郡函南町平井,4.5,22.4,,5,田,—,,—,賃貸のため対象外,,2026-08-05,,https://suumo.jp/chintai/jnc_000108987970/?bc=100496309691,適合
SUUMO 賃貸 田方郡（函南町）,函南町,賃貸アパート,賃貸カテゴリ（掲載種別）,静岡県田方郡函南町平井,4.6,22.4,,5,田,—,,—,賃貸のため対象外,,2026-08-05,,https://suumo.jp/chintai/jnc_000108987968/?bc=100471484495,適合
SUUMO 賃貸 田方郡（函南町）,函南町,賃貸アパート,賃貸カテゴリ（掲載種別）,静岡県田方郡函南町平井,4.7,22.4,,5,田,—,,—,賃貸のため対象外,,2026-08-05,,https://suumo.jp/chintai/jnc_000108987972/?bc=100288632070,適合
SUUMO 賃貸 田方郡（函南町）,函南町,賃貸アパート,賃貸カテゴリ（掲載種別）,静岡県田方郡函南町平井,4.7,22.4,,5,田,—,,—,賃貸のため対象外,,2026-08-05,,https://suumo.jp/chintai/jnc_000108987973/?bc=100255327598,適合
SUUMO 賃貸 田方郡（函南町）,函南町,賃貸アパート,賃貸カテゴリ（掲載種別）,静岡県田方郡函南町平井,4.8,22.4,,5,田,—,,—,賃貸のため対象外,,2026-08-05,,https://suumo.jp/chintai/jnc_000108987971/?bc=100425181037,適合
SUUMO 賃貸 田方郡（函南町）,函南町,賃貸アパート,賃貸カテゴリ（掲載種別）,静岡県田方郡函南町平井,4.8,22.4,,5,田,—,,—,賃貸のため対象外,,2026-08-10,,https://suumo.jp/chintai/jnc_000108987974/?bc=100516185361,適合
SUUMO 賃貸 田方郡（函南町）,函南町,賃貸マンション,賃貸カテゴリ（掲載種別）,静岡県田方郡函南町柏谷,4.9,26.5,,5,田,—,,—,賃貸のため対象外,,2026-08-05,,https://suumo.jp/chintai/jnc_000108987960/?bc=100361381143,適合
SUUMO 賃貸 田方郡（函南町）,函南町,賃貸マンション,賃貸カテゴリ（掲載種別）,静岡県田方郡函南町柏谷,5.2,26.5,,5,田,—,,—,賃貸のため対象外,,2026-08-05,,https://suumo.jp/chintai/jnc_000108987959/?bc=100448206840,不適合
SUUMO 賃貸 田方郡（函南町）,函南町,賃貸マンション,賃貸カテゴリ（掲載種別）,静岡県田方郡函南町柏谷,5.4,26.5,,5,田,—,,—,賃貸のため対象外,,2026-08-05,,https://suumo.jp/chintai/jnc_000108987962/?bc=100462140844,不適合
SUUMO 賃貸 田方郡（函南町）,函南町,賃貸マンション,賃貸カテゴリ（掲載種別）,静岡県田方郡函南町柏谷,5.4,26.5,,5,田,—,,—,賃貸のため対象外,,2026-08-05,,https://suumo.jp/chintai/jnc_000108987961/?bc=100288491432,不適合
SUUMO 賃貸 田方郡（函南町）,函南町,賃貸アパート,賃貸カテゴリ（掲載種別）,静岡県田方郡函南町仁田,5.9,39.7,,5,田,—,,—,賃貸のため対象外,,2026-07-25,,https://suumo.jp/chintai/jnc_000103543751/?bc=100399154342,不適合
SUUMO 賃貸 田方郡（函南町）,函南町,賃貸戸建,賃貸カテゴリ（掲載種別）,静岡県田方郡函南町柏谷,5.0,49.7,,5,田,—,,—,賃貸のため対象外,,2026-07-25,,https://suumo.jp/chintai/jnc_000108057309/?bc=100513570272,適合
SUUMO 賃貸 田方郡（函南町）,函南町,賃貸戸建,賃貸カテゴリ（掲載種別）,静岡県田方郡函南町平井,7.5,57.0,,5,田,—,,—,賃貸のため対象外,,2026-07-25,関心:平屋,https://suumo.jp/chintai/jnc_000107369465/?bc=100508155898,不適合
SUUMO 土地 三島市,三島市,更地,土地カテゴリ（建物表記なし）,静岡県三島市南二日町,2571,169.0,50.3,1500,—,—,,不明,接道・区分情報なし、詳細/役場で要確認,,2026-08-02,,https://suumo.jp/tochi/shizuoka/sc_mishima/nc_20884336/,不適合
SUUMO 土地 三島市,三島市,更地,土地カテゴリ（建物表記なし）,静岡県三島市幸原町１,3220,136.5,78.0,1500,—,—,,不明,接道・区分情報なし、詳細/役場で要確認,,2026-06-17,,https://suumo.jp/tochi/shizuoka/sc_mishima/nc_20388080/,不適合
SUUMO 土地 三島市,三島市,更地,土地カテゴリ（建物表記なし）,静岡県三島市大場,250,305.0,2.7,1500,—,—,,不明,接道・区分情報なし、詳細/役場で要確認,,2026-06-17,,https://suumo.jp/tochi/shizuoka/sc_mishima/nc_78936290/,不適合
SUUMO 土地 三島市,三島市,更地,土地カテゴリ（建物表記なし）,静岡県三島市徳倉４,430,83.0,17.1,1500,—,—,,不明,接道・区分情報なし、詳細/役場で要確認,,2026-06-17,,https://suumo.jp/tochi/shizuoka/sc_mishima/nc_20027711/,不適合
SUUMO 土地 三島市,三島市,更地,土地カテゴリ（建物表記なし）,静岡県三島市谷田1159-204,480,104.1,15.2,1500,田,—,,不明,接道・区分情報なし、詳細/役場で要確認,,2026-06-17,,https://suumo.jp/tochi/shizuoka/sc_mishima/nc_79014268/,不適合
SUUMO 土地 三島市,三島市,更地,土地カテゴリ（建物表記なし）,静岡県三島市市山新田,650,172.4,12.5,1500,田,—,,不明,接道・区分情報なし、詳細/役場で要確認,,2026-06-17,,https://suumo.jp/tochi/shizuoka/sc_mishima/nc_74764878/,不適合
SUUMO 土地 三島市,三島市,更地,土地カテゴリ（建物表記なし）,静岡県三島市谷田,750,197.1,12.6,1500,田,—,,不明,接道・区分情報なし、詳細/役場で要確認,,2026-06-17,,https://suumo.jp/tochi/shizuoka/sc_mishima/nc_74423075/,不適合
SUUMO 土地 三島市,三島市,更地,土地カテゴリ（建物表記なし）,静岡県三島市谷田,800,206.0,12.8,1500,田,—,,不明,接道・区分情報なし、詳細/役場で要確認,,2026-06-17,,https://suumo.jp/tochi/shizuoka/sc_mishima/nc_78391473/,不適合
SUUMO 土地 三島市,三島市,更地,土地カテゴリ（建物表記なし）,静岡県三島市富士ビレッジ204-57,895,99.3,29.8,1500,—,—,,不明,接道・区分情報なし、詳細/役場で要確認,,2026-06-17,,https://suumo.jp/tochi/shizuoka/sc_mishima/nc_20697228/,不適合
SUUMO 土地 三島市,三島市,更地,土地カテゴリ（建物表記なし）,静岡県三島市大場,998,160.8,20.5,1500,—,—,,不明,接道・区分情報なし、詳細/役場で要確認,,2026-06-17,,https://suumo.jp/tochi/shizuoka/sc_mishima/nc_20442223/,不適合
SUUMO 土地 三島市,三島市,更地,土地カテゴリ（建物表記なし）,静岡県三島市谷田,998,130.4,25.3,1500,田,—,,不明,接道・区分情報なし、詳細/役場で要確認,,2026-07-24,,https://suumo.jp/tochi/shizuoka/sc_mishima/nc_21358058/,不適合
SUUMO 土地 三島市,三島市,更地,土地カテゴリ（建物表記なし）,静岡県三島市徳倉３,1048,155.1,22.3,1500,—,—,,不明,接道・区分情報なし、詳細/役場で要確認,,2026-06-17,,https://suumo.jp/tochi/shizuoka/sc_mishima/nc_72320814/,不適合
SUUMO 土地 三島市,三島市,更地,土地カテゴリ（建物表記なし）,静岡県三島市谷田,1080,136.1,26.2,1500,田,—,,不明,接道・区分情報なし、詳細/役場で要確認,,2026-06-17,,https://suumo.jp/tochi/shizuoka/sc_mishima/nc_76874238/,不適合
SUUMO 土地 三島市,三島市,更地,土地カテゴリ（建物表記なし）,静岡県三島市谷田,1080,136.1,26.2,1500,田,—,,不明,接道・区分情報なし、詳細/役場で要確認,,2026-06-17,,https://suumo.jp/tochi/shizuoka/sc_mishima/nc_76928411/,不適合
SUUMO 土地 三島市,三島市,更地,土地カテゴリ（建物表記なし）,静岡県三島市旭ヶ丘,1100,209.4,17.4,1500,—,—,,不明,接道・区分情報なし、詳細/役場で要確認,,2026-06-17,,https://suumo.jp/tochi/shizuoka/sc_mishima/nc_72411246/,不適合
SUUMO 土地 三島市,三島市,更地,土地カテゴリ（建物表記なし）,静岡県三島市谷田,1150,208.5,18.2,1500,田,—,,不明,接道・区分情報なし、詳細/役場で要確認,,2026-06-30,,https://suumo.jp/tochi/shizuoka/sc_mishima/nc_21180003/,不適合
SUUMO 土地 三島市,三島市,更地,土地カテゴリ（建物表記なし）,静岡県三島市大場,1200,84.3,47.1,1500,—,—,,不明,接道・区分情報なし、詳細/役場で要確認,,2026-06-17,,https://suumo.jp/tochi/shizuoka/sc_mishima/nc_20848997/,不適合
SUUMO 土地 三島市,三島市,更地,土地カテゴリ（建物表記なし）,静岡県三島市青木,1200,113.9,34.8,1500,—,—,,不明,接道・区分情報なし、詳細/役場で要確認,,2026-06-17,,https://suumo.jp/tochi/shizuoka/sc_mishima/nc_20915485/,不適合
SUUMO 土地 三島市,三島市,更地,土地カテゴリ（建物表記なし）,静岡県三島市谷田,1230,183.8,22.1,1500,田,—,,不明,接道・区分情報なし、詳細/役場で要確認,,2026-07-31,,https://suumo.jp/tochi/shizuoka/sc_mishima/nc_20045162/,不適合
SUUMO 土地 三島市,三島市,更地,土地カテゴリ（建物表記なし）,静岡県三島市富士ビレッジ,1230,201.0,20.2,1500,—,—,,不明,接道・区分情報なし、詳細/役場で要確認,,2026-07-03,,https://suumo.jp/tochi/shizuoka/sc_mishima/nc_21207489/,不適合
SUUMO 土地 三島市,三島市,更地,土地カテゴリ（建物表記なし）,静岡県三島市東大場１,1380,208.1,21.9,1500,田,—,,不明,接道・区分情報なし、詳細/役場で要確認,,2026-06-17,NG:東大場,https://suumo.jp/tochi/shizuoka/sc_mishima/nc_78363513/,不適合
SUUMO 土地 三島市,三島市,更地,土地カテゴリ（建物表記なし）,静岡県三島市若松町,1380,242.1,18.8,1500,—,—,,不明,接道・区分情報なし、詳細/役場で要確認,,2026-06-17,,https://suumo.jp/tochi/shizuoka/sc_mishima/nc_73151079/,不適合
SUUMO 土地 三島市,三島市,更地,土地カテゴリ（建物表記なし）,静岡県三島市徳倉４,1500,175.1,28.3,1500,—,—,,不明,接道・区分情報なし、詳細/役場で要確認,,2026-06-17,,https://suumo.jp/tochi/shizuoka/sc_mishima/nc_76386248/,不適合
SUUMO 土地 三島市,三島市,更地,土地カテゴリ（建物表記なし）,静岡県三島市文教町２,1500,170.1,29.2,1500,—,—,,不明,接道・区分情報なし、詳細/役場で要確認,,2026-06-17,,https://suumo.jp/tochi/shizuoka/sc_mishima/nc_20396860/,不適合
SUUMO 土地 三島市,三島市,更地,土地カテゴリ（建物表記なし）,静岡県三島市谷田1296,1680,151.1,36.8,1500,田,—,,不明,接道・区分情報なし、詳細/役場で要確認,,2026-06-17,,https://suumo.jp/tochi/shizuoka/sc_mishima/nc_20353254/,不適合
SUUMO 土地 三島市,三島市,更地,土地カテゴリ（建物表記なし）,静岡県三島市萩50-1,1680,113.8,48.8,1500,—,—,,不明,接道・区分情報なし、詳細/役場で要確認,,2026-06-17,,https://suumo.jp/tochi/shizuoka/sc_mishima/nc_21034695/,不適合
SUUMO 土地 三島市,三島市,更地,土地カテゴリ（建物表記なし）,静岡県三島市萩,1680,113.8,48.8,1500,—,—,,不明,接道・区分情報なし、詳細/役場で要確認,,2026-07-04,,https://suumo.jp/tochi/shizuoka/sc_mishima/nc_21216432/,不適合
SUUMO 土地 三島市,三島市,更地,土地カテゴリ（建物表記なし）,静岡県三島市谷田1349-1,1780,201.9,29.1,1500,田,—,,不明,接道・区分情報なし、詳細/役場で要確認,,2026-06-17,,https://suumo.jp/tochi/shizuoka/sc_mishima/nc_20623244/,不適合
SUUMO 土地 三島市,三島市,更地,土地カテゴリ（建物表記なし）,静岡県三島市谷田,1780,177.6,33.1,1500,田,—,,不明,接道・区分情報なし、詳細/役場で要確認,,2026-06-17,,https://suumo.jp/tochi/shizuoka/sc_mishima/nc_78293692/,不適合
SUUMO 土地 三島市,三島市,更地,土地カテゴリ（建物表記なし）,静岡県三島市青木245-4,1835,140.3,43.2,1500,—,—,,不明,接道・区分情報なし、詳細/役場で要確認,,2026-06-17,,https://suumo.jp/tochi/shizuoka/sc_mishima/nc_20224942/,不適合
SUUMO 土地 三島市,三島市,更地,土地カテゴリ（建物表記なし）,静岡県三島市谷田字西ノ久保５８９番外,1840,173.2,35.1,1500,田,—,,不明,接道・区分情報なし、詳細/役場で要確認,,2026-06-17,,https://suumo.jp/tochi/shizuoka/sc_mishima/nc_78043370/,不適合
SUUMO 土地 三島市,三島市,更地,土地カテゴリ（建物表記なし）,静岡県三島市光ケ丘,1880,241.3,25.8,1500,—,—,,不明,接道・区分情報なし、詳細/役場で要確認,,2026-06-17,,https://suumo.jp/tochi/shizuoka/sc_mishima/nc_20915486/,不適合
SUUMO 土地 三島市,三島市,更地,土地カテゴリ（建物表記なし）,静岡県三島市松本330-9,1880,274.6,22.6,1500,—,—,,不明,接道・区分情報なし、詳細/役場で要確認,,2026-07-21,,https://suumo.jp/tochi/shizuoka/sc_mishima/nc_21132161/,不適合
SUUMO 土地 三島市,三島市,更地,土地カテゴリ（建物表記なし）,静岡県三島市松本,1880,180.7,34.4,1500,—,—,,不明,接道・区分情報なし、詳細/役場で要確認,,2026-06-17,,https://suumo.jp/tochi/shizuoka/sc_mishima/nc_20556749/,不適合
SUUMO 土地 三島市,三島市,更地,土地カテゴリ（建物表記なし）,静岡県三島市山中新田,1900,472.6,13.3,1500,田,—,,不明,接道・区分情報なし、詳細/役場で要確認,,2026-06-17,,https://suumo.jp/tochi/shizuoka/sc_mishima/nc_75287975/,不適合
SUUMO 土地 三島市,三島市,更地,土地カテゴリ（建物表記なし）,静岡県三島市山中新田,1900,472.6,13.3,1500,田,—,,不明,接道・区分情報なし、詳細/役場で要確認,,2026-06-17,,https://suumo.jp/tochi/shizuoka/sc_mishima/nc_76931154/,不適合
SUUMO 土地 三島市,三島市,更地,土地カテゴリ（建物表記なし）,静岡県三島市徳倉４,1920,193.1,32.9,1500,宅地,—,,不明,接道・区分情報なし、詳細/役場で要確認,,2026-06-17,,https://suumo.jp/tochi/shizuoka/sc_mishima/nc_78937420/,不適合
SUUMO 土地 三島市,三島市,更地,土地カテゴリ（建物表記なし）,静岡県三島市多呂,1980,231.5,28.3,1500,宅地,—,,不明,接道・区分情報なし、詳細/役場で要確認,,2026-08-11,,https://suumo.jp/tochi/shizuoka/sc_mishima/nc_21481500/,不適合
SUUMO 土地 三島市,三島市,更地,土地カテゴリ（建物表記なし）,静岡県三島市中島,1980,177.0,37.0,1500,—,—,,不明,接道・区分情報なし、詳細/役場で要確認,,2026-06-17,,https://suumo.jp/tochi/shizuoka/sc_mishima/nc_78608940/,不適合
SUUMO 土地 三島市,三島市,更地,土地カテゴリ（建物表記なし）,静岡県三島市三恵台,1980,267.4,24.5,1500,—,—,,不明,接道・区分情報なし、詳細/役場で要確認,,2026-07-01,,https://suumo.jp/tochi/shizuoka/sc_mishima/nc_77233691/,不適合
SUUMO 土地 三島市,三島市,更地,土地カテゴリ（建物表記なし）,静岡県三島市大場246-18,1990,172.4,38.2,1500,—,—,,不明,接道・区分情報なし、詳細/役場で要確認,,2026-07-01,,https://suumo.jp/tochi/shizuoka/sc_mishima/nc_20727667/,不適合
SUUMO 土地 三島市,三島市,更地,土地カテゴリ（建物表記なし）,静岡県三島市光ケ丘,2100,255.3,27.2,1500,—,—,,不明,接道・区分情報なし、詳細/役場で要確認,,2026-06-17,,https://suumo.jp/tochi/shizuoka/sc_mishima/nc_73209966/,不適合
SUUMO 土地 三島市,三島市,更地,土地カテゴリ（建物表記なし）,静岡県三島市加茂,2150,169.5,41.9,1500,—,—,,不明,接道・区分情報なし、詳細/役場で要確認,,2026-07-02,,https://suumo.jp/tochi/shizuoka/sc_mishima/nc_21193680/,不適合
SUUMO 土地 三島市,三島市,更地,土地カテゴリ（建物表記なし）,静岡県三島市徳倉３,2180,234.6,30.7,1500,—,—,,不明,接道・区分情報なし、詳細/役場で要確認,,2026-08-10,,https://suumo.jp/tochi/shizuoka/sc_mishima/nc_21479565/,不適合
SUUMO 土地 三島市,三島市,更地,土地カテゴリ（建物表記なし）,静岡県三島市萩,2280,182.0,41.4,1500,—,—,,不明,接道・区分情報なし、詳細/役場で要確認,,2026-08-01,,https://suumo.jp/tochi/shizuoka/sc_mishima/nc_21413717/,不適合
SUUMO 土地 三島市,三島市,更地,土地カテゴリ（建物表記なし）,静岡県三島市旭ヶ丘,2380,301.3,26.1,1500,—,—,,不明,接道・区分情報なし、詳細/役場で要確認,,2026-06-21,,https://suumo.jp/tochi/shizuoka/sc_mishima/nc_21106239/,不適合
SUUMO 土地 三島市,三島市,更地,土地カテゴリ（建物表記なし）,静岡県三島市谷田,2450,254.6,31.8,1500,田,—,,不明,接道・区分情報なし、詳細/役場で要確認,,2026-08-07,,https://suumo.jp/tochi/shizuoka/sc_mishima/nc_21453029/,不適合
SUUMO 土地 三島市,三島市,更地,土地カテゴリ（建物表記なし）,静岡県三島市大場,2500,169.1,48.9,1500,—,—,,不明,接道・区分情報なし、詳細/役場で要確認,,2026-06-17,,https://suumo.jp/tochi/shizuoka/sc_mishima/nc_77220846/,不適合
SUUMO 土地 三島市,三島市,更地,土地カテゴリ（建物表記なし）,静岡県三島市栄町,2780,133.3,68.9,1500,—,—,,不明,接道・区分情報なし、詳細/役場で要確認,,2026-06-17,,https://suumo.jp/tochi/shizuoka/sc_mishima/nc_20649722/,不適合
SUUMO 土地 三島市,三島市,更地,土地カテゴリ（建物表記なし）,静岡県三島市沢地,2800,360.9,25.6,1500,—,—,,不明,接道・区分情報なし、詳細/役場で要確認,,2026-06-17,,https://suumo.jp/tochi/shizuoka/sc_mishima/nc_20533317/,不適合
SUUMO 土地 三島市,三島市,更地,土地カテゴリ（建物表記なし）,静岡県三島市幸原町１,2880,193.0,49.3,1500,—,—,,不明,接道・区分情報なし、詳細/役場で要確認,,2026-06-17,,https://suumo.jp/tochi/shizuoka/sc_mishima/nc_20298120/,不適合
SUUMO 土地 三島市,三島市,更地,土地カテゴリ（建物表記なし）,静岡県三島市東本町２,3000,169.7,58.4,1500,田,—,,不明,接道・区分情報なし、詳細/役場で要確認,,2026-06-21,,https://suumo.jp/tochi/shizuoka/sc_mishima/nc_21119703/,不適合
SUUMO 土地 三島市,三島市,更地,土地カテゴリ（建物表記なし）,静岡県三島市東本町２,3200,198.5,53.3,1500,—,—,,不明,接道・区分情報なし、詳細/役場で要確認,,2026-06-17,,https://suumo.jp/tochi/shizuoka/sc_mishima/nc_20359048/,不適合
SUUMO 土地 三島市,三島市,更地,土地カテゴリ（建物表記なし）,静岡県三島市文教町２-4777,3880,346.1,37.1,1500,—,—,,不明,接道・区分情報なし、詳細/役場で要確認,,2026-08-03,,https://suumo.jp/tochi/shizuoka/sc_mishima/nc_21237120/,不適合
SUUMO 土地 三島市,三島市,更地,土地カテゴリ（建物表記なし）,静岡県三島市泉町2431-1,5180,197.6,86.7,1500,—,—,,不明,接道・区分情報なし、詳細/役場で要確認,,2026-06-17,,https://suumo.jp/tochi/shizuoka/sc_mishima/nc_20319563/,不適合
SUUMO 土地 三島市,三島市,更地,土地カテゴリ（建物表記なし）,静岡県三島市沢地,5300,1474.3,11.9,1500,—,—,,不明,接道・区分情報なし、詳細/役場で要確認,,2026-06-17,,https://suumo.jp/tochi/shizuoka/sc_mishima/nc_21065136/,不適合
SUUMO 土地 三島市,三島市,更地,土地カテゴリ（建物表記なし）,静岡県三島市若松町,11000,2855.2,12.7,1500,—,—,,不明,接道・区分情報なし、詳細/役場で要確認,,2026-06-17,,https://suumo.jp/tochi/shizuoka/sc_mishima/nc_70432019/,不適合
SUUMO 土地 三島市,三島市,更地,土地カテゴリ（建物表記なし）,静岡県三島市若松町,11000,2855.2,12.7,1500,—,—,,不明,接道・区分情報なし、詳細/役場で要確認,,2026-06-17,,https://suumo.jp/tochi/shizuoka/sc_mishima/nc_78686654/,不適合
SUUMO 土地 三島市,三島市,更地,土地カテゴリ（建物表記なし）,静岡県三島市若松町,11000,2849.3,12.8,1500,—,—,,不明,接道・区分情報なし、詳細/役場で要確認,,2026-06-17,,https://suumo.jp/tochi/shizuoka/sc_mishima/nc_97070761/,不適合
SUUMO 中古戸建 三島市,三島市,更地,土地カテゴリ（建物表記なし）,静岡県三島市東大場２,1380,215.1,21.2,1500,—,—,,不明,接道・区分情報なし、詳細/役場で要確認,,2026-06-17,NG:東大場,https://suumo.jp/chukoikkodate/shizuoka/sc_mishima/nc_72874199/,不適合
SUUMO 中古戸建 三島市,三島市,更地,土地カテゴリ（建物表記なし）,静岡県三島市富士ビレッジ,1480,181.2,27.0,1500,—,—,接道で明るく開放的！落ち着い,不明,接道・区分情報なし、詳細/役場で要確認,,2026-06-17,,https://suumo.jp/chukoikkodate/shizuoka/sc_mishima/nc_79223152/,不適合
SUUMO 中古戸建 三島市,三島市,更地,土地カテゴリ（建物表記なし）,静岡県三島市芙蓉台３,1480,280.5,17.4,1500,—,—,,不明,接道・区分情報なし、詳細/役場で要確認,,2026-07-16,,https://suumo.jp/chukoikkodate/shizuoka/sc_mishima/nc_21294227/,不適合
SUUMO 中古戸建 三島市,三島市,更地,土地カテゴリ（建物表記なし）,静岡県三島市東大場１,1490,247.7,19.9,1500,—,—,,不明,接道・区分情報なし、詳細/役場で要確認,,2026-06-17,NG:東大場,https://suumo.jp/chukoikkodate/shizuoka/sc_mishima/nc_75972795/,不適合
SUUMO 中古戸建 三島市,三島市,更地,土地カテゴリ（建物表記なし）,静岡県三島市谷田,1598,145.7,36.3,1500,田,—,,不明,接道・区分情報なし、詳細/役場で要確認,,2026-06-17,,https://suumo.jp/chukoikkodate/shizuoka/sc_mishima/nc_78628522/,不適合
SUUMO 中古戸建 三島市,三島市,更地,土地カテゴリ（建物表記なし）,静岡県三島市梅名,2980,124.4,79.2,1500,—,—,,不明,接道・区分情報なし、詳細/役場で要確認,,2026-06-17,,https://suumo.jp/chukoikkodate/shizuoka/sc_mishima/nc_20635945/,不適合
SUUMO 中古戸建 三島市,三島市,更地,土地カテゴリ（建物表記なし）,静岡県三島市新谷,2980,165.4,59.6,1500,—,—,,不明,接道・区分情報なし、詳細/役場で要確認,,2026-07-19,,https://suumo.jp/chukoikkodate/shizuoka/sc_mishima/nc_21319796/,不適合
SUUMO 中古戸建 三島市,三島市,更地,土地カテゴリ（建物表記なし）,静岡県三島市錦が丘,2998,233.2,42.5,1500,田,—,,不明,接道・区分情報なし、詳細/役場で要確認,,2026-06-17,,https://suumo.jp/chukoikkodate/shizuoka/sc_mishima/nc_78761628/,不適合
SUUMO 中古戸建 三島市,三島市,更地,土地カテゴリ（建物表記なし）,静岡県三島市谷田,3190,153.5,68.7,1500,田,—,,不明,接道・区分情報なし、詳細/役場で要確認,,2026-06-17,,https://suumo.jp/chukoikkodate/shizuoka/sc_mishima/nc_20056703/,不適合
SUUMO 中古戸建 三島市,三島市,更地,土地カテゴリ（建物表記なし）,静岡県三島市徳倉１,3480,105.6,108.9,1500,—,—,,不明,接道・区分情報なし、詳細/役場で要確認,,2026-06-17,,https://suumo.jp/chukoikkodate/shizuoka/sc_mishima/nc_20425842/,不適合
SUUMO 中古戸建 三島市,三島市,更地,土地カテゴリ（建物表記なし）,静岡県三島市千枚原,4780,208.1,75.9,1500,—,—,,不明,接道・区分情報なし、詳細/役場で要確認,,2026-07-04,,https://suumo.jp/chukoikkodate/shizuoka/sc_mishima/nc_75922516/,不適合
SUUMO 中古戸建 三島市,三島市,更地,土地カテゴリ（建物表記なし）,静岡県三島市東本町２,7980,311.1,84.8,1500,田,—,,不明,接道・区分情報なし、詳細/役場で要確認,,2026-06-17,,https://suumo.jp/chukoikkodate/shizuoka/sc_mishima/nc_20966015/,不適合
SUUMO 中古戸建 三島市,三島市,更地,土地カテゴリ（建物表記なし）,静岡県三島市東大場１-15-11,2099,207.4,33.5,1500,—,—,,不明,接道・区分情報なし、詳細/役場で要確認,,2026-08-07,NG:東大場,https://suumo.jp/chukoikkodate/shizuoka/sc_mishima/nc_20830364/,不適合
SUUMO 中古戸建 三島市,三島市,更地,土地カテゴリ（建物表記なし）,静岡県三島市富士見台,2370,194.3,40.3,1500,—,—,,不明,接道・区分情報なし、詳細/役場で要確認,,2026-08-03,,https://suumo.jp/chukoikkodate/shizuoka/sc_mishima/nc_21426331/,不適合
SUUMO 中古戸建 三島市,三島市,空き家,掲載に空き家表記,静岡県三島市南田町,2400,112.4,70.6,3000,田,—,,不明,接道・区分情報なし。建物ありだが現行法での再建築可否は役場で要確認,,2026-06-17,,https://suumo.jp/chukoikkodate/shizuoka/sc_mishima/nc_21032216/,不適合
SUUMO 中古戸建 三島市,三島市,中古戸建,中古戸建/住宅カテゴリ,静岡県三島市錦が丘,2499,187.7,44.0,3000,—,—,,不明,接道・区分情報なし。建物ありだが現行法での再建築可否は役場で要確認,,2026-07-14,,https://suumo.jp/chukoikkodate/shizuoka/sc_mishima/nc_21285715/,不適合
SUUMO 中古戸建 三島市,三島市,更地,土地カテゴリ（建物表記なし）,静岡県三島市萩,2649,197.9,44.2,1500,—,—,,不明,接道・区分情報なし、詳細/役場で要確認,,2026-08-04,,https://suumo.jp/chukoikkodate/shizuoka/sc_mishima/nc_21060092/,不適合
SUUMO 中古戸建 三島市,三島市,更地,土地カテゴリ（建物表記なし）,静岡県三島市加茂,3100,165.4,62.0,1500,—,—,,不明,接道・区分情報なし、詳細/役場で要確認,,2026-06-17,,https://suumo.jp/chukoikkodate/shizuoka/sc_mishima/nc_20363618/,不適合
SUUMO 中古戸建 三島市,三島市,中古戸建,中古戸建/住宅カテゴリ,静岡県三島市芙蓉台３,700,254.5,9.1,3000,—,—,,不明,接道・区分情報なし。建物ありだが現行法での再建築可否は役場で要確認,,2026-07-30,,https://suumo.jp/chukoikkodate/shizuoka/sc_mishima/nc_21394717/,不適合
SUUMO 中古戸建 三島市,三島市,更地,土地カテゴリ（建物表記なし）,静岡県三島市谷田,900,158.7,18.7,1500,田,—,,不明,接道・区分情報なし、詳細/役場で要確認,,2026-06-17,,https://suumo.jp/chukoikkodate/shizuoka/sc_mishima/nc_76151820/,不適合
SUUMO 中古戸建 三島市,三島市,更地,土地カテゴリ（建物表記なし）,静岡県三島市若松町,1000,177.2,18.7,1500,—,—,,不明,接道・区分情報なし、詳細/役場で要確認,,2026-06-17,,https://suumo.jp/chukoikkodate/shizuoka/sc_mishima/nc_20240772/,不適合
SUUMO 中古戸建 三島市,三島市,更地,土地カテゴリ（建物表記なし）,静岡県三島市徳倉３,1048,155.1,22.3,1500,—,—,,不明,接道・区分情報なし、詳細/役場で要確認,,2026-06-17,,https://suumo.jp/chukoikkodate/shizuoka/sc_mishima/nc_72320921/,不適合
SUUMO 中古戸建 三島市,三島市,更地,土地カテゴリ（建物表記なし）,静岡県三島市大場,1200,201.0,19.7,1500,—,—,,不明,接道・区分情報なし、詳細/役場で要確認,,2026-06-17,,https://suumo.jp/chukoikkodate/shizuoka/sc_mishima/nc_20045951/,不適合
SUUMO 中古戸建 三島市,三島市,更地,土地カテゴリ（建物表記なし）,静岡県三島市芙蓉台１,1340,198.4,22.3,1500,—,—,,不明,接道・区分情報なし、詳細/役場で要確認,,2026-06-17,,https://suumo.jp/chukoikkodate/shizuoka/sc_mishima/nc_73269828/,不適合
SUUMO 中古戸建 三島市,三島市,更地,土地カテゴリ（建物表記なし）,静岡県三島市東大場１,1480,208.5,23.5,1500,—,—,,不明,接道・区分情報なし、詳細/役場で要確認,,2026-06-26,NG:東大場,https://suumo.jp/chukoikkodate/shizuoka/sc_mishima/nc_77337870/,不適合
SUUMO 中古戸建 三島市,三島市,更地,土地カテゴリ（建物表記なし）,静岡県三島市佐野見晴台１,1490,288.5,17.1,1500,—,—,,不明,接道・区分情報なし、詳細/役場で要確認,,2026-06-17,,https://suumo.jp/chukoikkodate/shizuoka/sc_mishima/nc_20839982/,不適合
SUUMO 中古戸建 三島市,三島市,更地,土地カテゴリ（建物表記なし）,静岡県三島市北沢,1500,197.8,25.1,1500,—,—,,不明,接道・区分情報なし、詳細/役場で要確認,,2026-06-17,,https://suumo.jp/chukoikkodate/shizuoka/sc_mishima/nc_76820060/,不適合
SUUMO 中古戸建 三島市,三島市,更地,土地カテゴリ（建物表記なし）,静岡県三島市東大場１,1660,195.0,28.1,1500,—,—,,不明,接道・区分情報なし、詳細/役場で要確認,,2026-06-17,NG:東大場,https://suumo.jp/chukoikkodate/shizuoka/sc_mishima/nc_20889912/,不適合
SUUMO 中古戸建 三島市,三島市,更地,土地カテゴリ（建物表記なし）,静岡県三島市芙蓉台３-12-5,1680,258.3,21.5,1500,—,—,,不明,接道・区分情報なし、詳細/役場で要確認,,2026-06-17,,https://suumo.jp/chukoikkodate/shizuoka/sc_mishima/nc_78935621/,不適合
SUUMO 中古戸建 三島市,三島市,更地,土地カテゴリ（建物表記なし）,静岡県三島市芙蓉台１,1680,307.9,18.0,1500,—,—,,不明,接道・区分情報なし、詳細/役場で要確認,,2026-07-27,,https://suumo.jp/chukoikkodate/shizuoka/sc_mishima/nc_78195636/,不適合
SUUMO 中古戸建 三島市,三島市,更地,土地カテゴリ（建物表記なし）,静岡県三島市東町,1699,148.0,37.9,1500,田,—,,不明,接道・区分情報なし、詳細/役場で要確認,,2026-08-11,,https://suumo.jp/chukoikkodate/shizuoka/sc_mishima/nc_21006021/,不適合
SUUMO 中古戸建 三島市,三島市,更地,土地カテゴリ（建物表記なし）,静岡県三島市東町8-4,1699,148.0,37.9,1500,田,—,,不明,接道・区分情報なし、詳細/役場で要確認,,2026-06-17,,https://suumo.jp/chukoikkodate/shizuoka/sc_mishima/nc_20942479/,不適合
SUUMO 中古戸建 三島市,三島市,中古戸建,中古戸建/住宅カテゴリ,静岡県三島市谷田,1780,172.2,34.2,3000,田,—,,不明,接道・区分情報なし。建物ありだが現行法での再建築可否は役場で要確認,,2026-06-17,,https://suumo.jp/chukoikkodate/shizuoka/sc_mishima/nc_20678573/,不適合
SUUMO 中古戸建 三島市,三島市,更地,土地カテゴリ（建物表記なし）,静岡県三島市東大場２,1780,183.2,32.1,1500,—,—,,不明,接道・区分情報なし、詳細/役場で要確認,,2026-06-17,NG:東大場,https://suumo.jp/chukoikkodate/shizuoka/sc_mishima/nc_79228864/,不適合
SUUMO 中古戸建 三島市,三島市,更地,土地カテゴリ（建物表記なし）,静岡県三島市東町7-34,1780,120.5,48.8,1500,田,—,,不明,接道・区分情報なし、詳細/役場で要確認,,2026-06-17,,https://suumo.jp/chukoikkodate/shizuoka/sc_mishima/nc_78834566/,不適合
SUUMO 中古戸建 三島市,三島市,更地,土地カテゴリ（建物表記なし）,静岡県三島市初音台,1799,147.6,40.3,1500,—,—,,不明,接道・区分情報なし、詳細/役場で要確認,,2026-06-17,,https://suumo.jp/chukoikkodate/shizuoka/sc_mishima/nc_20894246/,不適合
SUUMO 中古戸建 三島市,三島市,更地,土地カテゴリ（建物表記なし）,静岡県三島市初音台,1849,147.6,41.4,1500,—,—,,不明,接道・区分情報なし、詳細/役場で要確認,,2026-06-17,,https://suumo.jp/chukoikkodate/shizuoka/sc_mishima/nc_20996355/,不適合
SUUMO 中古戸建 三島市,三島市,更地,土地カテゴリ（建物表記なし）,静岡県三島市三恵台,1980,202.6,32.3,1500,—,—,,不明,接道・区分情報なし、詳細/役場で要確認,,2026-07-16,,https://suumo.jp/chukoikkodate/shizuoka/sc_mishima/nc_20612460/,不適合
SUUMO 中古戸建 三島市,三島市,更地,土地カテゴリ（建物表記なし）,静岡県三島市芙蓉台２,1990,396.1,16.6,1500,—,—,,不明,接道・区分情報なし、詳細/役場で要確認,,2026-06-17,,https://suumo.jp/chukoikkodate/shizuoka/sc_mishima/nc_74658742/,不適合
SUUMO 中古戸建 三島市,三島市,更地,土地カテゴリ（建物表記なし）,静岡県三島市芙蓉台２,1990,396.1,16.6,1500,—,—,,不明,接道・区分情報なし、詳細/役場で要確認,,2026-06-17,,https://suumo.jp/chukoikkodate/shizuoka/sc_mishima/nc_74405003/,不適合
SUUMO 中古戸建 三島市,三島市,更地,土地カテゴリ（建物表記なし）,静岡県三島市東大場１-29-4,1999,202.4,32.6,1500,—,—,,不明,接道・区分情報なし、詳細/役場で要確認,,2026-06-17,NG:東大場,https://suumo.jp/chukoikkodate/shizuoka/sc_mishima/nc_20903734/,不適合
SUUMO 中古戸建 三島市,三島市,更地,土地カテゴリ（建物表記なし）,静岡県三島市富士ビレッジ,2180,153.0,47.1,1500,—,—,,不明,接道・区分情報なし、詳細/役場で要確認,,2026-08-07,,https://suumo.jp/chukoikkodate/shizuoka/sc_mishima/nc_21451122/,不適合
SUUMO 中古戸建 三島市,三島市,更地,土地カテゴリ（建物表記なし）,静岡県三島市富士ビレッジ,2200,103.6,70.2,1500,—,—,,不明,接道・区分情報なし、詳細/役場で要確認,,2026-06-28,,https://suumo.jp/chukoikkodate/shizuoka/sc_mishima/nc_21081410/,不適合
SUUMO 中古戸建 三島市,三島市,更地,土地カテゴリ（建物表記なし）,静岡県三島市芙蓉台１,2230,303.8,24.3,1500,—,—,,不明,接道・区分情報なし、詳細/役場で要確認,,2026-06-17,,https://suumo.jp/chukoikkodate/shizuoka/sc_mishima/nc_79214986/,不適合
SUUMO 中古戸建 三島市,三島市,更地,土地カテゴリ（建物表記なし）,静岡県三島市芙蓉台１,2230,303.8,24.3,1500,宅地,—,,不明,接道・区分情報なし、詳細/役場で要確認,,2026-06-26,,https://suumo.jp/chukoikkodate/shizuoka/sc_mishima/nc_21156446/,不適合
SUUMO 中古戸建 三島市,三島市,更地,土地カテゴリ（建物表記なし）,静岡県三島市東大場２,2290,212.9,35.6,1500,—,—,,不明,接道・区分情報なし、詳細/役場で要確認,,2026-06-17,NG:東大場,https://suumo.jp/chukoikkodate/shizuoka/sc_mishima/nc_76520945/,不適合
SUUMO 中古戸建 三島市,三島市,更地,土地カテゴリ（建物表記なし）,静岡県三島市東大場２,2290,212.9,35.6,1500,—,—,,不明,接道・区分情報なし、詳細/役場で要確認,,2026-06-17,NG:東大場,https://suumo.jp/chukoikkodate/shizuoka/sc_mishima/nc_74409117/,不適合
SUUMO 中古戸建 三島市,三島市,更地,土地カテゴリ（建物表記なし）,静岡県三島市徳倉64,2299,196.4,38.7,1500,—,—,,不明,接道・区分情報なし、詳細/役場で要確認,,2026-07-24,,https://suumo.jp/chukoikkodate/shizuoka/sc_mishima/nc_21352603/,不適合
SUUMO 中古戸建 三島市,三島市,更地,土地カテゴリ（建物表記なし）,静岡県三島市三恵台27番地2,2349,205.4,37.8,1500,—,—,,不明,接道・区分情報なし、詳細/役場で要確認,,2026-06-17,,https://suumo.jp/chukoikkodate/shizuoka/sc_mishima/nc_21053463/,不適合
SUUMO 中古戸建 三島市,三島市,中古戸建,中古戸建/住宅カテゴリ,静岡県三島市富士見台18-4,2370,194.3,40.3,3000,—,—,,不明,接道・区分情報なし。建物ありだが現行法での再建築可否は役場で要確認,,2026-08-02,,https://suumo.jp/chukoikkodate/shizuoka/sc_mishima/nc_21416765/,不適合
SUUMO 中古戸建 三島市,三島市,更地,土地カテゴリ（建物表記なし）,静岡県三島市富士見台,2370,194.3,40.3,1500,—,—,,不明,接道・区分情報なし、詳細/役場で要確認,,2026-08-08,,https://suumo.jp/chukoikkodate/shizuoka/sc_mishima/nc_20161577/,不適合
SUUMO 中古戸建 三島市,三島市,更地,土地カテゴリ（建物表記なし）,静岡県三島市富士見台18-4,2370,194.3,40.3,1500,—,—,,不明,接道・区分情報なし、詳細/役場で要確認,,2026-08-09,,https://suumo.jp/chukoikkodate/shizuoka/sc_mishima/nc_20899290/,不適合
SUUMO 中古戸建 三島市,三島市,更地,土地カテゴリ（建物表記なし）,静岡県三島市富士見台,2370,194.3,40.3,1500,—,—,,不明,接道・区分情報なし、詳細/役場で要確認,,2026-08-03,,https://suumo.jp/chukoikkodate/shizuoka/sc_mishima/nc_21428653/,不適合
SUUMO 中古戸建 三島市,三島市,更地,土地カテゴリ（建物表記なし）,静岡県三島市千枚原,2380,212.5,37.0,1500,—,—,,不明,接道・区分情報なし、詳細/役場で要確認,,2026-07-17,,https://suumo.jp/chukoikkodate/shizuoka/sc_mishima/nc_21305301/,不適合
SUUMO 中古戸建 三島市,三島市,更地,土地カテゴリ（建物表記なし）,静岡県三島市富士見台14-6,2399,210.6,37.7,1500,宅地,—,,不明,接道・区分情報なし、詳細/役場で要確認,,2026-06-23,,https://suumo.jp/chukoikkodate/shizuoka/sc_mishima/nc_20830972/,不適合
SUUMO 中古戸建 三島市,三島市,更地,土地カテゴリ（建物表記なし）,静岡県三島市錦が丘4,2399,182.2,43.5,1500,—,—,,不明,接道・区分情報なし、詳細/役場で要確認,,2026-08-04,,https://suumo.jp/chukoikkodate/shizuoka/sc_mishima/nc_21432592/,不適合
SUUMO 中古戸建 三島市,三島市,更地,土地カテゴリ（建物表記なし）,静岡県三島市南田町,2400,112.4,70.6,1500,田,—,,不明,接道・区分情報なし、詳細/役場で要確認,,2026-06-17,,https://suumo.jp/chukoikkodate/shizuoka/sc_mishima/nc_20800974/,不適合
SUUMO 中古戸建 三島市,三島市,更地,土地カテゴリ（建物表記なし）,静岡県三島市錦が丘16番5,2499,205.3,40.2,1500,—,—,,不明,接道・区分情報なし、詳細/役場で要確認,,2026-08-09,,https://suumo.jp/chukoikkodate/shizuoka/sc_mishima/nc_21450465/,不適合
SUUMO 中古戸建 三島市,三島市,更地,土地カテゴリ（建物表記なし）,静岡県三島市錦が丘,2499,187.7,44.0,1500,—,—,,不明,接道・区分情報なし、詳細/役場で要確認,,2026-06-17,,https://suumo.jp/chukoikkodate/shizuoka/sc_mishima/nc_20789375/,不適合
SUUMO 中古戸建 三島市,三島市,更地,土地カテゴリ（建物表記なし）,静岡県三島市錦が丘3-2,2499,187.7,44.0,1500,—,—,,不明,接道・区分情報なし、詳細/役場で要確認,,2026-07-22,,https://suumo.jp/chukoikkodate/shizuoka/sc_mishima/nc_21339469/,不適合
SUUMO 中古戸建 三島市,三島市,更地,土地カテゴリ（建物表記なし）,静岡県三島市錦が丘,2499,187.7,44.0,1500,—,—,,不明,接道・区分情報なし、詳細/役場で要確認,,2026-07-21,,https://suumo.jp/chukoikkodate/shizuoka/sc_mishima/nc_21309422/,不適合
SUUMO 中古戸建 三島市,三島市,更地,土地カテゴリ（建物表記なし）,静岡県三島市錦が丘,2499,187.7,44.0,1500,—,—,,不明,接道・区分情報なし、詳細/役場で要確認,,2026-07-26,,https://suumo.jp/chukoikkodate/shizuoka/sc_mishima/nc_21369748/,不適合
SUUMO 中古戸建 三島市,三島市,中古戸建,中古戸建/住宅カテゴリ,静岡県三島市錦が丘3-2,2499,187.7,44.0,3000,—,—,,不明,接道・区分情報なし。建物ありだが現行法での再建築可否は役場で要確認,,2026-07-13,,https://suumo.jp/chukoikkodate/shizuoka/sc_mishima/nc_21277230/,不適合
SUUMO 中古戸建 三島市,三島市,更地,土地カテゴリ（建物表記なし）,静岡県三島市錦が丘,2499,187.7,44.0,1500,田,—,,不明,接道・区分情報なし、詳細/役場で要確認,,2026-07-20,,https://suumo.jp/chukoikkodate/shizuoka/sc_mishima/nc_21330917/,不適合
SUUMO 中古戸建 三島市,三島市,更地,土地カテゴリ（建物表記なし）,静岡県三島市錦が丘,2549,187.7,44.9,1500,—,—,,不明,接道・区分情報なし、詳細/役場で要確認,,2026-07-20,,https://suumo.jp/chukoikkodate/shizuoka/sc_mishima/nc_21329773/,不適合
SUUMO 中古戸建 三島市,三島市,中古戸建,中古戸建/住宅カテゴリ,静岡県三島市錦が丘,2549,187.7,44.9,3000,—,—,,不明,接道・区分情報なし。建物ありだが現行法での再建築可否は役場で要確認,,2026-07-17,,https://suumo.jp/chukoikkodate/shizuoka/sc_mishima/nc_21305944/,不適合
SUUMO 中古戸建 三島市,三島市,更地,土地カテゴリ（建物表記なし）,静岡県三島市芙蓉台３,2600,495.8,17.3,1500,宅地,—,,不明,接道・区分情報なし、詳細/役場で要確認,,2026-06-17,,https://suumo.jp/chukoikkodate/shizuoka/sc_mishima/nc_79034922/,不適合
SUUMO 中古戸建 三島市,三島市,更地,土地カテゴリ（建物表記なし）,静岡県三島市萩,2649,197.9,44.2,1500,—,—,,不明,接道・区分情報なし、詳細/役場で要確認,,2026-08-05,,https://suumo.jp/chukoikkodate/shizuoka/sc_mishima/nc_21084329/,不適合
SUUMO 中古戸建 三島市,三島市,中古戸建,中古戸建/住宅カテゴリ,静岡県三島市萩320-83,2649,197.9,44.2,3000,—,—,,不明,接道・区分情報なし。建物ありだが現行法での再建築可否は役場で要確認,,2026-06-17,,https://suumo.jp/chukoikkodate/shizuoka/sc_mishima/nc_20968206/,不適合
SUUMO 中古戸建 三島市,三島市,更地,土地カテゴリ（建物表記なし）,静岡県三島市萩,2649,197.9,44.2,1500,—,—,,不明,接道・区分情報なし、詳細/役場で要確認,,2026-06-17,,https://suumo.jp/chukoikkodate/shizuoka/sc_mishima/nc_21080839/,不適合
SUUMO 中古戸建 三島市,三島市,更地,土地カテゴリ（建物表記なし）,静岡県三島市萩,2649,197.9,44.2,1500,—,—,,不明,接道・区分情報なし、詳細/役場で要確認,,2026-07-20,,https://suumo.jp/chukoikkodate/shizuoka/sc_mishima/nc_21329928/,不適合
SUUMO 中古戸建 三島市,三島市,更地,土地カテゴリ（建物表記なし）,静岡県三島市萩,2649,197.9,44.2,1500,—,—,,不明,接道・区分情報なし、詳細/役場で要確認,,2026-07-04,,https://suumo.jp/chukoikkodate/shizuoka/sc_mishima/nc_21206353/,不適合
SUUMO 中古戸建 三島市,三島市,更地,土地カテゴリ（建物表記なし）,静岡県三島市萩,2649,197.9,44.2,1500,—,—,,不明,接道・区分情報なし、詳細/役場で要確認,,2026-06-21,,https://suumo.jp/chukoikkodate/shizuoka/sc_mishima/nc_21117173/,不適合
SUUMO 中古戸建 三島市,三島市,更地,土地カテゴリ（建物表記なし）,静岡県三島市安久,2680,183.6,48.3,1500,—,—,,不明,接道・区分情報なし、詳細/役場で要確認,,2026-06-17,,https://suumo.jp/chukoikkodate/shizuoka/sc_mishima/nc_79083841/,不適合
SUUMO 中古戸建 三島市,三島市,更地,土地カテゴリ（建物表記なし）,静岡県三島市北沢,2780,184.8,49.7,1500,田,—,,不明,接道・区分情報なし、詳細/役場で要確認,,2026-06-29,,https://suumo.jp/chukoikkodate/shizuoka/sc_mishima/nc_21177387/,不適合
SUUMO 中古戸建 三島市,三島市,更地,土地カテゴリ（建物表記なし）,静岡県三島市北沢,2780,184.8,49.7,1500,—,—,,不明,接道・区分情報なし、詳細/役場で要確認,,2026-06-29,,https://suumo.jp/chukoikkodate/shizuoka/sc_mishima/nc_21176917/,不適合
SUUMO 中古戸建 三島市,三島市,更地,土地カテゴリ（建物表記なし）,静岡県三島市北沢,2780,184.8,49.7,1500,—,—,,不明,接道・区分情報なし、詳細/役場で要確認,,2026-07-22,,https://suumo.jp/chukoikkodate/shizuoka/sc_mishima/nc_20069671/,不適合
SUUMO 中古戸建 三島市,三島市,更地,土地カテゴリ（建物表記なし）,静岡県三島市梅名,2980,216.2,45.6,1500,—,—,,不明,接道・区分情報なし、詳細/役場で要確認,,2026-06-17,,https://suumo.jp/chukoikkodate/shizuoka/sc_mishima/nc_20334289/,不適合
SUUMO 中古戸建 三島市,三島市,更地,土地カテゴリ（建物表記なし）,静岡県三島市東大場２,2980,190.9,51.6,1500,—,—,,不明,接道・区分情報なし、詳細/役場で要確認,,2026-06-17,NG:東大場,https://suumo.jp/chukoikkodate/shizuoka/sc_mishima/nc_73629527/,不適合
SUUMO 中古戸建 三島市,三島市,更地,土地カテゴリ（建物表記なし）,静岡県三島市松本,2980,175.1,56.3,1500,—,—,,不明,接道・区分情報なし、詳細/役場で要確認,,2026-07-05,,https://suumo.jp/chukoikkodate/shizuoka/sc_mishima/nc_78689369/,不適合
SUUMO 中古戸建 三島市,三島市,更地,土地カテゴリ（建物表記なし）,静岡県三島市若松町,2980,250.1,39.4,1500,田,—,,不明,接道・区分情報なし、詳細/役場で要確認,,2026-06-17,,https://suumo.jp/chukoikkodate/shizuoka/sc_mishima/nc_20412501/,不適合
SUUMO 中古戸建 三島市,三島市,更地,土地カテゴリ（建物表記なし）,静岡県三島市萩,2980,191.0,51.6,1500,—,—,,不明,接道・区分情報なし、詳細/役場で要確認,,2026-06-17,,https://suumo.jp/chukoikkodate/shizuoka/sc_mishima/nc_78930775/,不適合
SUUMO 中古戸建 三島市,三島市,更地,土地カテゴリ（建物表記なし）,静岡県三島市大場,3100,159.3,64.3,1500,—,—,,不明,接道・区分情報なし、詳細/役場で要確認,,2026-06-22,,https://suumo.jp/chukoikkodate/shizuoka/sc_mishima/nc_21130543/,不適合
SUUMO 中古戸建 三島市,三島市,更地,土地カテゴリ（建物表記なし）,静岡県三島市大場,3100,159.3,64.3,1500,田,—,,不明,接道・区分情報なし、詳細/役場で要確認,,2026-06-17,,https://suumo.jp/chukoikkodate/shizuoka/sc_mishima/nc_21022444/,不適合
SUUMO 中古戸建 三島市,三島市,更地,土地カテゴリ（建物表記なし）,静岡県三島市大場,3100,159.3,64.3,1500,—,—,,不明,接道・区分情報なし、詳細/役場で要確認,,2026-06-28,,https://suumo.jp/chukoikkodate/shizuoka/sc_mishima/nc_21166429/,不適合
SUUMO 中古戸建 三島市,三島市,更地,土地カテゴリ（建物表記なし）,静岡県三島市大場,3100,159.3,64.3,1500,—,—,,不明,接道・区分情報なし、詳細/役場で要確認,,2026-06-28,,https://suumo.jp/chukoikkodate/shizuoka/sc_mishima/nc_21072578/,不適合
SUUMO 中古戸建 三島市,三島市,更地,土地カテゴリ（建物表記なし）,静岡県三島市青木,3180,335.5,31.3,1500,—,—,,不明,接道・区分情報なし、詳細/役場で要確認,,2026-06-17,,https://suumo.jp/chukoikkodate/shizuoka/sc_mishima/nc_20280637/,不適合
SUUMO 中古戸建 三島市,三島市,更地,土地カテゴリ（建物表記なし）,静岡県三島市東大場２,3280,717.3,15.1,1500,—,—,,不明,接道・区分情報なし、詳細/役場で要確認,,2026-08-05,NG:東大場,https://suumo.jp/chukoikkodate/shizuoka/sc_mishima/nc_76272661/,不適合
SUUMO 中古戸建 三島市,三島市,更地,土地カテゴリ（建物表記なし）,静岡県三島市御園,3280,201.1,53.9,1500,田,—,,不明,接道・区分情報なし、詳細/役場で要確認,,2026-06-17,,https://suumo.jp/chukoikkodate/shizuoka/sc_mishima/nc_77717583/,不適合
SUUMO 中古戸建 三島市,三島市,更地,土地カテゴリ（建物表記なし）,静岡県三島市青木,3300,223.1,48.9,1500,—,—,,不明,接道・区分情報なし、詳細/役場で要確認,,2026-06-19,,https://suumo.jp/chukoikkodate/shizuoka/sc_mishima/nc_21097265/,不適合
SUUMO 中古戸建 三島市,三島市,更地,土地カテゴリ（建物表記なし）,静岡県三島市安久,3480,153.1,75.1,1500,—,—,接道があります。　　→陽当た,不明,接道・区分情報なし、詳細/役場で要確認,,2026-07-20,,https://suumo.jp/chukoikkodate/shizuoka/sc_mishima/nc_21332067/,不適合
SUUMO 中古戸建 三島市,三島市,更地,土地カテゴリ（建物表記なし）,静岡県三島市萩,3500,547.0,21.2,1500,田,—,,不明,接道・区分情報なし、詳細/役場で要確認,,2026-06-17,,https://suumo.jp/chukoikkodate/shizuoka/sc_mishima/nc_20815684/,不適合
SUUMO 中古戸建 三島市,三島市,更地,土地カテゴリ（建物表記なし）,静岡県三島市松が丘,3680,177.6,68.5,1500,—,—,,不明,接道・区分情報なし、詳細/役場で要確認,,2026-07-21,,https://suumo.jp/chukoikkodate/shizuoka/sc_mishima/nc_79161567/,不適合
SUUMO 中古戸建 三島市,三島市,更地,土地カテゴリ（建物表記なし）,静岡県三島市東本町２,3880,103.7,123.7,1500,—,—,,不明,接道・区分情報なし、詳細/役場で要確認,,2026-06-17,,https://suumo.jp/chukoikkodate/shizuoka/sc_mishima/nc_70054134/,不適合
SUUMO 中古戸建 三島市,三島市,更地,土地カテゴリ（建物表記なし）,静岡県三島市谷田,3980,188.5,69.8,1500,田,—,,不明,接道・区分情報なし、詳細/役場で要確認,,2026-07-10,,https://suumo.jp/chukoikkodate/shizuoka/sc_mishima/nc_20175873/,不適合
SUUMO 中古戸建 三島市,三島市,更地,土地カテゴリ（建物表記なし）,静岡県三島市富田町,3980,98.5,133.6,1500,田,—,,不明,接道・区分情報なし、詳細/役場で要確認,,2026-06-17,,https://suumo.jp/chukoikkodate/shizuoka/sc_mishima/nc_74285041/,不適合
SUUMO 中古戸建 三島市,三島市,中古戸建,中古戸建/住宅カテゴリ,静岡県三島市谷田,3990,158.2,83.4,3000,田,—,,不明,接道・区分情報なし。建物ありだが現行法での再建築可否は役場で要確認,,2026-07-28,,https://suumo.jp/chukoikkodate/shizuoka/sc_mishima/nc_21383433/,不適合
SUUMO 中古戸建 三島市,三島市,更地,土地カテゴリ（建物表記なし）,静岡県三島市富士ビレッジ,4183,170.7,81.0,1500,—,—,,不明,接道・区分情報なし、詳細/役場で要確認,,2026-07-26,,https://suumo.jp/chukoikkodate/shizuoka/sc_mishima/nc_21368618/,不適合
SUUMO 中古戸建 三島市,三島市,更地,土地カテゴリ（建物表記なし）,静岡県三島市富士ビレッジ,4183,170.7,81.0,1500,—,—,,不明,接道・区分情報なし、詳細/役場で要確認,,2026-06-17,,https://suumo.jp/chukoikkodate/shizuoka/sc_mishima/nc_20281404/,不適合
SUUMO 中古戸建 三島市,三島市,更地,土地カテゴリ（建物表記なし）,静岡県三島市加茂,4280,198.4,71.3,1500,—,—,,不明,接道・区分情報なし、詳細/役場で要確認,,2026-07-06,,https://suumo.jp/chukoikkodate/shizuoka/sc_mishima/nc_21065142/,不適合
SUUMO 中古戸建 三島市,三島市,更地,土地カテゴリ（建物表記なし）,静岡県三島市徳倉３,4500,200.8,74.1,1500,—,—,,不明,接道・区分情報なし、詳細/役場で要確認,,2026-06-17,,https://suumo.jp/chukoikkodate/shizuoka/sc_mishima/nc_20479193/,不適合
SUUMO 中古戸建 三島市,三島市,更地,土地カテゴリ（建物表記なし）,静岡県三島市佐野見晴台１,4600,252.3,60.3,1500,—,—,,不明,接道・区分情報なし、詳細/役場で要確認,,2026-06-17,,https://suumo.jp/chukoikkodate/shizuoka/sc_mishima/nc_78762527/,不適合
SUUMO 中古戸建 三島市,三島市,更地,土地カテゴリ（建物表記なし）,静岡県三島市千枚原,4780,208.1,75.9,1500,—,—,,不明,接道・区分情報なし、詳細/役場で要確認,,2026-06-17,,https://suumo.jp/chukoikkodate/shizuoka/sc_mishima/nc_78504229/,不適合
SUUMO 中古戸建 三島市,三島市,更地,土地カテゴリ（建物表記なし）,静岡県三島市千枚原,4780,208.1,75.9,1500,—,—,,不明,接道・区分情報なし、詳細/役場で要確認,,2026-06-17,,https://suumo.jp/chukoikkodate/shizuoka/sc_mishima/nc_75101635/,不適合
SUUMO 中古戸建 三島市,三島市,更地,土地カテゴリ（建物表記なし）,静岡県三島市千枚原,4780,208.1,75.9,1500,—,—,,不明,接道・区分情報なし、詳細/役場で要確認,,2026-06-17,,https://suumo.jp/chukoikkodate/shizuoka/sc_mishima/nc_74854386/,不適合
SUUMO 中古戸建 三島市,三島市,更地,土地カテゴリ（建物表記なし）,静岡県三島市富田町,4800,122.1,130.0,1500,田,—,,不明,接道・区分情報なし、詳細/役場で要確認,,2026-07-11,,https://suumo.jp/chukoikkodate/shizuoka/sc_mishima/nc_21237980/,不適合
SUUMO 中古戸建 三島市,三島市,更地,土地カテゴリ（建物表記なし）,静岡県三島市北田町,5200,255.3,67.3,1500,田,—,,不明,接道・区分情報なし、詳細/役場で要確認,,2026-07-14,,https://suumo.jp/chukoikkodate/shizuoka/sc_mishima/nc_20757963/,不適合
SUUMO 中古戸建 三島市,三島市,更地,土地カテゴリ（建物表記なし）,静岡県三島市南二日町,5480,330.6,54.8,1500,—,—,,不明,接道・区分情報なし、詳細/役場で要確認,,2026-06-17,,https://suumo.jp/chukoikkodate/shizuoka/sc_mishima/nc_78992267/,不適合
SUUMO 中古戸建 三島市,三島市,更地,土地カテゴリ（建物表記なし）,静岡県三島市松本,5800,744.3,25.8,1500,—,—,,不明,接道・区分情報なし、詳細/役場で要確認,,2026-06-17,,https://suumo.jp/chukoikkodate/shizuoka/sc_mishima/nc_78684341/,不適合
SUUMO 中古戸建 三島市,三島市,更地,土地カテゴリ（建物表記なし）,静岡県三島市塚原新田,11900,331.6,118.6,1500,田,—,,不明,接道・区分情報なし、詳細/役場で要確認,,2026-06-30,,https://suumo.jp/chukoikkodate/shizuoka/sc_mishima/nc_21183172/,不適合
SUUMO 中古戸建 三島市,三島市,更地,土地カテゴリ（建物表記なし）,静岡県三島市塚原新田,11900,331.6,118.6,1500,田,—,,不明,接道・区分情報なし、詳細/役場で要確認,,2026-06-17,,https://suumo.jp/chukoikkodate/shizuoka/sc_mishima/nc_20473892/,不適合
ジモティー 静岡県 土地,伊豆の国市,更地,土地カテゴリ（建物表記なし）,静岡 伊豆の国市 土地販売/土地売買,,228.0,,1500,原野,—,,不明,接道・区分情報なし、詳細/役場で要確認,,2026-07-25,注意:別荘地,https://jmty.jp/shizuoka/est-land/article-1k2pcw,数値不明
ジモティー 静岡県 土地,三島市,更地,土地カテゴリ（建物表記なし）,静岡 三島市 三島田町駅 土地販売/土地売買,70,240.0,1.0,1500,田,—,,不明,接道・区分情報なし、詳細/役場で要確認,,2026-07-25,注意:別荘地/管理費,https://jmty.jp/shizuoka/est-land/article-1idnhv,不適合
ジモティー 静岡県 土地,伊豆の国市,更地,土地カテゴリ（建物表記なし）,静岡 伊豆の国市 土地販売/土地売買,650,139.0,15.5,1500,宅地,—,,不明,接道・区分情報なし、詳細/役場で要確認,,2026-07-25,,https://jmty.jp/shizuoka/est-land/article-1mbxm9,不適合
ジモティー 静岡県 土地,伊豆の国市,更地,土地カテゴリ（建物表記なし）,静岡 伊豆の国市 土地販売/土地売買,390,132.0,9.8,1500,宅地,—,,不明,接道・区分情報なし、詳細/役場で要確認,,2026-07-25,,https://jmty.jp/shizuoka/est-land/article-1mbxm5,不適合
ジモティー 静岡県 土地,伊豆の国市,更地,土地カテゴリ（建物表記なし）,静岡 伊豆の国市 原木駅 土地販売/土地売買,,272.0,,1500,山林,—,,不明,接道・区分情報なし、詳細/役場で要確認,,2026-07-25,注意:別荘地,https://jmty.jp/shizuoka/est-land/article-1fvz1c,数値不明
ジモティー 静岡県 土地,裾野市,更地,土地カテゴリ（建物表記なし）,静岡 裾野市 御殿場駅 土地販売/土地売買,28,,,1500,—,—,,不明,接道・区分情報なし、詳細/役場で要確認,,2026-08-07,注意:別荘地,https://jmty.jp/shizuoka/est-land/article-1nn8ez,数値不明
ジモティー 静岡県 土地,沼津市,更地,土地カテゴリ（建物表記なし）,静岡 沼津市 土地販売/土地売買,,848.0,,1500,田,—,,不明,接道・区分情報なし、詳細/役場で要確認,,2026-07-25,,https://jmty.jp/shizuoka/est-land/article-1n5mai,数値不明
ジモティー 静岡県 土地,伊豆の国市,更地,土地カテゴリ（建物表記なし）,静岡 伊豆の国市 土地販売/土地売買,,,,1500,宅地,—,,不明,接道・区分情報なし、詳細/役場で要確認,,2026-07-25,,https://jmty.jp/shizuoka/est-land/article-19fibm,数値不明
スマイミー静岡 賃貸 伊豆の国市,伊豆の国市,賃貸その他,賃貸カテゴリ（掲載種別）,伊豆の国市大仁540-1-2,7.8,94.5,,5,—,—,,—,賃貸のため対象外,,2026-08-10,関心:礼金無 注意:事務所/店舗,https://www.shizuoka.fudohsan.jp/%E7%89%A9%E4%BB%B6/144329,不適合
スマイミー静岡 賃貸 伊豆の国市,伊豆の国市,賃貸アパート,賃貸カテゴリ（掲載種別）,伊豆の国市南條792-1,3.5,21.0,,5,—,—,,—,賃貸のため対象外,,2026-07-25,関心:礼金無,https://www.shizuoka.fudohsan.jp/%E7%89%A9%E4%BB%B6/138151,適合
スマイミー静岡 賃貸 伊豆の国市,伊豆の国市,賃貸アパート,賃貸カテゴリ（掲載種別）,伊豆の国市南條７９４－１,4.9,60.0,,5,—,—,,—,賃貸のため対象外,,2026-08-10,関心:礼金無,https://www.shizuoka.fudohsan.jp/%E7%89%A9%E4%BB%B6/65785,適合
スマイミー静岡 賃貸 伊豆の国市,伊豆の国市,賃貸アパート,賃貸カテゴリ（掲載種別）,伊豆の国市四日町894,3.5,25.0,,5,—,—,,—,賃貸のため対象外,,2026-07-28,,https://www.shizuoka.fudohsan.jp/%E7%89%A9%E4%BB%B6/175242,適合
スマイミー静岡 賃貸 伊豆の国市,伊豆の国市,賃貸戸建,賃貸カテゴリ（掲載種別）,伊豆の国市長岡251‐12,8.8,84.5,,5,—,—,,—,賃貸のため対象外,,2026-08-04,関心:礼金無/戸建 注意:店舗,https://www.shizuoka.fudohsan.jp/%E7%89%A9%E4%BB%B6/171309,不適合
スマイミー静岡 賃貸 伊豆の国市,伊豆の国市,賃貸その他,賃貸カテゴリ（掲載種別）,伊豆の国市長岡251-10,9.9,49.7,,5,—,—,,—,賃貸のため対象外,,2026-08-04,関心:礼金無 注意:店舗,https://www.shizuoka.fudohsan.jp/%E7%89%A9%E4%BB%B6/139484,不適合
スマイミー静岡 賃貸 伊豆の国市,伊豆の国市,駐車場,賃貸カテゴリ（掲載種別）,伊豆の国市神島107-1,0.4,,,5,田,—,,—,賃貸のため対象外,,2026-08-03,関心:礼金無,https://www.shizuoka.fudohsan.jp/%E7%89%A9%E4%BB%B6/162438,適合
スマイミー静岡 賃貸 伊豆の国市,伊豆の国市,駐車場,賃貸カテゴリ（掲載種別）,伊豆の国市吉田340-1,0.4,,,5,田,—,,—,賃貸のため対象外,,2026-08-03,関心:礼金無,https://www.shizuoka.fudohsan.jp/%E7%89%A9%E4%BB%B6/103193,適合
スマイミー静岡 賃貸 伊豆の国市,伊豆の国市,賃貸その他,賃貸カテゴリ（掲載種別）,伊豆の国市吉田357-2-2,22.0,131.0,,5,田,—,,—,賃貸のため対象外,,2026-08-03,関心:礼金無 注意:事務所/店舗,https://www.shizuoka.fudohsan.jp/%E7%89%A9%E4%BB%B6/175114,不適合
スマイミー静岡 賃貸 伊豆の国市,伊豆の国市,賃貸戸建,賃貸カテゴリ（掲載種別）,伊豆の国市大仁831-2,5.0,48.4,,5,—,—,,—,賃貸のため対象外,,2026-08-03,関心:礼金無/戸建,https://www.shizuoka.fudohsan.jp/%E7%89%A9%E4%BB%B6/34102,適合
スマイミー静岡 賃貸 伊豆の国市,伊豆の国市,賃貸アパート,賃貸カテゴリ（掲載種別）,伊豆の国市神島107-1,3.5,18.3,,5,田,—,,—,賃貸のため対象外,,2026-08-03,関心:礼金無,https://www.shizuoka.fudohsan.jp/%E7%89%A9%E4%BB%B6/132344,適合
スマイミー静岡 賃貸 伊豆の国市,伊豆の国市,賃貸アパート,賃貸カテゴリ（掲載種別）,伊豆の国市神島107-1,3.5,18.3,,5,田,—,,—,賃貸のため対象外,,2026-08-03,関心:礼金無,https://www.shizuoka.fudohsan.jp/%E7%89%A9%E4%BB%B6/78268,適合
スマイミー静岡 賃貸 伊豆の国市,伊豆の国市,賃貸アパート,賃貸カテゴリ（掲載種別）,伊豆の国市天野6-7,5.0,44.6,,5,—,—,,—,賃貸のため対象外,,2026-08-03,関心:礼金無,https://www.shizuoka.fudohsan.jp/%E7%89%A9%E4%BB%B6/169346,適合
スマイミー静岡 賃貸 伊豆の国市,伊豆の国市,賃貸アパート,賃貸カテゴリ（掲載種別）,伊豆の国市天野6-7,5.0,44.6,,5,—,—,,—,賃貸のため対象外,,2026-08-03,関心:礼金無,https://www.shizuoka.fudohsan.jp/%E7%89%A9%E4%BB%B6/169343,適合
スマイミー静岡 賃貸 伊豆の国市,伊豆の国市,賃貸アパート,賃貸カテゴリ（掲載種別）,伊豆の国市守木820-3,3.7,26.4,,5,田,—,,—,賃貸のため対象外,,2026-08-03,関心:礼金無,https://www.shizuoka.fudohsan.jp/%E7%89%A9%E4%BB%B6/168556,適合
スマイミー静岡 賃貸 伊豆の国市,伊豆の国市,賃貸アパート,賃貸カテゴリ（掲載種別）,伊豆の国市守木820-3,3.7,26.4,,5,田,—,,—,賃貸のため対象外,,2026-08-03,関心:礼金無,https://www.shizuoka.fudohsan.jp/%E7%89%A9%E4%BB%B6/168555,適合
スマイミー静岡 賃貸 伊豆の国市,伊豆の国市,賃貸マンション,賃貸カテゴリ（掲載種別）,伊豆の国市南條,4.1,35.4,,5,—,—,,—,賃貸のため対象外,,2026-08-01,関心:敷金無/礼金無,https://www.shizuoka.fudohsan.jp/%E7%89%A9%E4%BB%B6/135464,適合
スマイミー静岡 賃貸 伊豆の国市,伊豆の国市,賃貸マンション,賃貸カテゴリ（掲載種別）,伊豆の国市大仁,3.7,18.5,,5,—,—,,—,賃貸のため対象外,,2026-07-29,,https://www.shizuoka.fudohsan.jp/%E7%89%A9%E4%BB%B6/129244,適合
スマイミー静岡 賃貸 伊豆の国市,伊豆の国市,賃貸アパート,賃貸カテゴリ（掲載種別）,伊豆の国市長岡916,4.0,26.5,,5,—,—,,—,賃貸のため対象外,,2026-07-27,関心:礼金無,https://www.shizuoka.fudohsan.jp/%E7%89%A9%E4%BB%B6/173591,適合
スマイミー静岡 賃貸 伊豆の国市,伊豆の国市,賃貸戸建,賃貸カテゴリ（掲載種別）,伊豆の国市南條７６６－２,3.5,35.0,,5,—,—,,—,賃貸のため対象外,,2026-07-26,関心:敷金無/礼金無/戸建,https://www.shizuoka.fudohsan.jp/%E7%89%A9%E4%BB%B6/52605,適合
スマイミー静岡 賃貸 伊豆の国市,伊豆の国市,賃貸アパート,賃貸カテゴリ（掲載種別）,伊豆の国市古奈203-1,4.0,20.2,,5,—,—,,—,賃貸のため対象外,,2026-07-25,関心:敷金無/礼金無,https://www.shizuoka.fudohsan.jp/%E7%89%A9%E4%BB%B6/116153,適合
スマイミー静岡 賃貸 伊豆の国市,伊豆の国市,賃貸アパート,賃貸カテゴリ（掲載種別）,伊豆の国市古奈203-1,4.8,41.4,,5,—,—,,—,賃貸のため対象外,,2026-07-25,関心:敷金無/礼金無,https://www.shizuoka.fudohsan.jp/%E7%89%A9%E4%BB%B6/116156,適合
スマイミー静岡 賃貸 伊豆の国市,伊豆の国市,駐車場,賃貸カテゴリ（掲載種別）,伊豆の国市三福189-5,0.5,,,5,田,—,,—,賃貸のため対象外,,2026-07-25,関心:敷金無/礼金無,https://www.shizuoka.fudohsan.jp/%E7%89%A9%E4%BB%B6/172658,適合
スマイミー静岡 賃貸 伊豆の国市,伊豆の国市,駐車場,賃貸カテゴリ（掲載種別）,伊豆の国市四日町107,0.35,,,5,—,—,,—,賃貸のため対象外,,2026-07-25,関心:敷金無/礼金無,https://www.shizuoka.fudohsan.jp/%E7%89%A9%E4%BB%B6/10412,適合
スマイミー静岡 賃貸 伊豆の国市,伊豆の国市,駐車場,賃貸カテゴリ（掲載種別）,伊豆の国市田京,0.5,,,5,田,—,,—,賃貸のため対象外,,2026-07-25,関心:敷金無/礼金無,https://www.shizuoka.fudohsan.jp/%E7%89%A9%E4%BB%B6/48604,適合
スマイミー静岡 賃貸 伊豆の国市,伊豆の国市,賃貸その他,賃貸カテゴリ（掲載種別）,伊豆の国市御門67-10,8.8,59.6,,5,田,—,,—,賃貸のため対象外,,2026-07-25,関心:礼金無 注意:店舗,https://www.shizuoka.fudohsan.jp/%E7%89%A9%E4%BB%B6/98027,不適合
スマイミー静岡 賃貸 伊豆の国市,伊豆の国市,賃貸戸建,賃貸カテゴリ（掲載種別）,伊豆の国市田京753-7,6.0,83.6,,5,田,—,,—,賃貸のため対象外,,2026-07-25,関心:戸建,https://www.shizuoka.fudohsan.jp/%E7%89%A9%E4%BB%B6/171015,不適合
スマイミー静岡 賃貸 伊豆の国市,伊豆の国市,賃貸戸建,賃貸カテゴリ（掲載種別）,伊豆の国市御門55-1,5.0,49.7,,5,田,—,,—,賃貸のため対象外,,2026-07-25,関心:敷金無/戸建,https://www.shizuoka.fudohsan.jp/%E7%89%A9%E4%BB%B6/172885,適合
スマイミー静岡 賃貸 伊豆の国市,伊豆の国市,賃貸戸建,賃貸カテゴリ（掲載種別）,伊豆の国市守木53-3,5.5,42.5,,5,田,—,,—,賃貸のため対象外,,2026-07-25,関心:敷金無/戸建,https://www.shizuoka.fudohsan.jp/%E7%89%A9%E4%BB%B6/112315,不適合
スマイミー静岡 賃貸 伊豆の国市,伊豆の国市,賃貸戸建,賃貸カテゴリ（掲載種別）,伊豆の国市田京692-15,4.0,50.9,,5,田,—,,—,賃貸のため対象外,,2026-07-25,関心:戸建,https://www.shizuoka.fudohsan.jp/%E7%89%A9%E4%BB%B6/156448,適合
LIFULL 賃貸 田方郡函南町,函南町,賃貸マンション,賃貸カテゴリ（掲載種別）,静岡県田方郡函南町仁田191-6,7.4,62.8,,5,田,—,,—,賃貸のため対象外,,2026-07-25,,https://www.homes.co.jp/chintai/room/3514647d4321c4b2c242765d48c515616b0aff22/,不適合
LIFULL 賃貸 田方郡函南町,函南町,賃貸マンション,賃貸カテゴリ（掲載種別）,静岡県田方郡函南町仁田191-6,7.4,62.8,,5,田,—,,—,賃貸のため対象外,,2026-07-25,,https://www.homes.co.jp/chintai/room/8b1b67de66268f71bd602ccbcf95b7cf58d7d7ba/,不適合
LIFULL 賃貸 田方郡函南町,函南町,賃貸マンション,賃貸カテゴリ（掲載種別）,静岡県田方郡函南町仁田191-6,7.4,62.8,,5,田,—,,—,賃貸のため対象外,,2026-08-10,,https://www.homes.co.jp/chintai/room/16eeba3808679e3beb159794f0bd6bee84099127/,不適合
LIFULL 賃貸 田方郡函南町,函南町,賃貸マンション,賃貸カテゴリ（掲載種別）,静岡県田方郡函南町仁田191-6,7.4,62.8,,5,田,—,,—,賃貸のため対象外,,2026-07-25,,https://www.homes.co.jp/chintai/room/7ed1a668cb73b1806eabcbe4112188213bb38604/,不適合
LIFULL 賃貸 田方郡函南町,函南町,賃貸マンション,賃貸カテゴリ（掲載種別）,静岡県田方郡函南町間宮,6.9,33.1,,5,田,—,,—,賃貸のため対象外,,2026-07-26,,https://www.homes.co.jp/chintai/room/508a47d86f6511faaf06755ff56df82c4b7b10c8/,不適合
LIFULL 賃貸 田方郡函南町,函南町,賃貸アパート,賃貸カテゴリ（掲載種別）,静岡県田方郡函南町柏谷,8.05,56.1,,5,田,—,,—,賃貸のため対象外,,2026-07-25,,https://www.homes.co.jp/chintai/room/4aa205cf4138d350ce15cab12aed03ff8d21a189/,不適合
LIFULL 賃貸 田方郡函南町,函南町,賃貸アパート,賃貸カテゴリ（掲載種別）,静岡県田方郡函南町上沢,6.4,47.9,,5,田,—,,—,賃貸のため対象外,,2026-07-25,,https://www.homes.co.jp/chintai/room/50aa38b1586c74fe5bf55b442533f2aaa27f6240/,不適合
LIFULL 賃貸 田方郡函南町,函南町,賃貸マンション,賃貸カテゴリ（掲載種別）,静岡県田方郡函南町大土肥,6.6,50.3,,5,田,—,,—,賃貸のため対象外,,2026-08-03,,https://www.homes.co.jp/chintai/room/c562fbff9b64670fbda551609924ea47b92e1798/,不適合
LIFULL 賃貸 田方郡函南町,函南町,賃貸アパート,賃貸カテゴリ（掲載種別）,静岡県田方郡函南町柏谷,6.5,50.3,,5,田,—,,—,賃貸のため対象外,,2026-07-25,,https://www.homes.co.jp/chintai/room/c3b58bac89fe33c3155f9b25c01f1871d03602db/,不適合
LIFULL 賃貸 田方郡函南町,函南町,賃貸アパート,賃貸カテゴリ（掲載種別）,静岡県田方郡函南町仁田,6.8,52.2,,5,田,—,,—,賃貸のため対象外,,2026-07-25,,https://www.homes.co.jp/chintai/room/ad9061afa830232d16cca48665a7af9ed7463983/,不適合
LIFULL 賃貸 田方郡函南町,函南町,賃貸アパート,賃貸カテゴリ（掲載種別）,静岡県田方郡函南町仁田,6.8,52.2,,5,田,—,,—,賃貸のため対象外,,2026-07-25,,https://www.homes.co.jp/chintai/room/316890c9b141672ed736f2c6651636f327d7b876/,不適合
LIFULL 賃貸 田方郡函南町,函南町,賃貸アパート,賃貸カテゴリ（掲載種別）,静岡県田方郡函南町柏谷,7.4,79.6,,5,田,—,,—,賃貸のため対象外,,2026-07-25,,https://www.homes.co.jp/chintai/room/1538844b28f72943f73fe6994f0ad1d60aadf450/,不適合
LIFULL 賃貸 田方郡函南町,函南町,賃貸アパート,賃貸カテゴリ（掲載種別）,静岡県田方郡函南町間宮,7.9,67.1,,5,田,—,,—,賃貸のため対象外,,2026-07-25,,https://www.homes.co.jp/chintai/room/d9ba707e57802e16ef1698206e7f9a5e4d068600/,不適合
LIFULL 賃貸 田方郡函南町,函南町,賃貸アパート,賃貸カテゴリ（掲載種別）,静岡県田方郡函南町柏谷,7.6,58.1,,5,田,—,,—,賃貸のため対象外,,2026-07-25,,https://www.homes.co.jp/chintai/room/b60998853ca7b754aa967b1c7406f63f1c1c336d/,不適合
LIFULL 賃貸 田方郡函南町,函南町,賃貸アパート,賃貸カテゴリ（掲載種別）,静岡県田方郡函南町間宮,7.5,58.4,,5,田,—,,—,賃貸のため対象外,,2026-07-25,,https://www.homes.co.jp/chintai/room/2e3b952d688c90061752bc3d32bc9ea3f46d4129/,不適合
LIFULL 賃貸 田方郡函南町,函南町,賃貸アパート,賃貸カテゴリ（掲載種別）,静岡県田方郡函南町上沢,7.3,62.1,,5,田,—,,—,賃貸のため対象外,,2026-08-07,,https://www.homes.co.jp/chintai/room/f77f338972f9c98da03807d8e77b83f86f657842/,不適合
LIFULL 賃貸 田方郡函南町,函南町,賃貸アパート,賃貸カテゴリ（掲載種別）,静岡県田方郡函南町仁田,12.0,91.2,,5,田,—,,—,賃貸のため対象外,,2026-07-27,,https://www.homes.co.jp/chintai/room/51feb2a0ba5a838787de7a707df9dbe8b9a7fd4a/,不適合
LIFULL 賃貸 田方郡函南町,函南町,賃貸アパート,賃貸カテゴリ（掲載種別）,静岡県田方郡函南町仁田,12.0,91.2,,5,田,—,,—,賃貸のため対象外,,2026-07-27,,https://www.homes.co.jp/chintai/room/3b38e995494bbeb3591f7ca43eb101476d7fca8d/,不適合
LIFULL 賃貸 田方郡函南町,函南町,賃貸マンション,賃貸カテゴリ（掲載種別）,静岡県田方郡函南町間宮,6.7,55.7,,5,田,—,,—,賃貸のため対象外,,2026-07-27,,https://www.homes.co.jp/chintai/room/75094ddac8634b8ec8bb2068a74e8d9681c0445b/,不適合
LIFULL 賃貸 田方郡函南町,函南町,賃貸マンション,賃貸カテゴリ（掲載種別）,静岡県田方郡函南町間宮,6.9,79.6,,5,田,—,,—,賃貸のため対象外,,2026-07-27,,https://www.homes.co.jp/chintai/room/b9a31fc1c57f7b0d3eaa0e9dddac1758850a1a0a/,不適合
LIFULL 賃貸 田方郡函南町,函南町,賃貸マンション,賃貸カテゴリ（掲載種別）,静岡県田方郡函南町間宮,6.8,79.6,,5,田,—,,—,賃貸のため対象外,,2026-07-27,,https://www.homes.co.jp/chintai/room/72c4391888a73a87f6716cdac2749824a2042823/,不適合
LIFULL 賃貸 田方郡函南町,函南町,賃貸マンション,賃貸カテゴリ（掲載種別）,静岡県田方郡函南町間宮,6.9,79.6,,5,田,—,,—,賃貸のため対象外,,2026-07-27,,https://www.homes.co.jp/chintai/room/1f9f89de9bd6ed01d06037b0611384f295db4d53/,不適合
LIFULL 賃貸 田方郡函南町,函南町,賃貸マンション,賃貸カテゴリ（掲載種別）,静岡県田方郡函南町間宮,6.8,79.6,,5,田,—,,—,賃貸のため対象外,,2026-07-27,,https://www.homes.co.jp/chintai/room/e2b1b26aa8ed3b1b7cd47da9e2fd9dca1b283ceb/,不適合
LIFULL 賃貸 田方郡函南町,函南町,賃貸マンション,賃貸カテゴリ（掲載種別）,静岡県田方郡函南町平井,6.2,53.0,,5,田,—,,—,賃貸のため対象外,,2026-07-27,,https://www.homes.co.jp/chintai/room/952f8202e2cb01102aa9654f657b34329be216ae/,不適合
LIFULL 賃貸 田方郡函南町,函南町,賃貸マンション,賃貸カテゴリ（掲載種別）,静岡県田方郡函南町平井,6.2,53.0,,5,田,—,,—,賃貸のため対象外,,2026-07-27,,https://www.homes.co.jp/chintai/room/53121b25aa43642aad47c43b62b2adcc0d2a36dc/,不適合
LIFULL 賃貸 田方郡函南町,函南町,賃貸マンション,賃貸カテゴリ（掲載種別）,静岡県田方郡函南町平井,6.2,53.0,,5,田,—,,—,賃貸のため対象外,,2026-07-27,,https://www.homes.co.jp/chintai/room/63a251d5473dfef176e5b311f3839ca68383863d/,不適合
LIFULL 賃貸 田方郡函南町,函南町,賃貸戸建,賃貸カテゴリ（掲載種別）,静岡県田方郡函南町柏谷,12.0,104.4,,5,田,—,,—,賃貸のため対象外,,2026-07-27,,https://www.homes.co.jp/chintai/room/ab4da9ca784af49596403323ac7f4456b6249e91/,不適合
LIFULL 賃貸 田方郡函南町,函南町,賃貸マンション,賃貸カテゴリ（掲載種別）,静岡県田方郡函南町大土肥,6.6,66.2,,5,田,—,,—,賃貸のため対象外,,2026-07-27,,https://www.homes.co.jp/chintai/room/8ddddbe22db1efc5a8a55bf5995e17daba3da3fb/,不適合
LIFULL 賃貸 田方郡函南町,函南町,賃貸マンション,賃貸カテゴリ（掲載種別）,静岡県田方郡函南町仁田,8.8,76.0,,5,田,—,,—,賃貸のため対象外,,2026-07-27,,https://www.homes.co.jp/chintai/room/c94a52666641940144f8bab0d01cc5aa113a0bcd/,不適合
LIFULL 賃貸 田方郡函南町,函南町,賃貸マンション,賃貸カテゴリ（掲載種別）,静岡県田方郡函南町仁田,8.8,76.0,,5,田,—,,—,賃貸のため対象外,,2026-07-27,,https://www.homes.co.jp/chintai/room/8b101a2c391f78a1b989696cbbde2578dffd7057/,不適合
LIFULL 賃貸 田方郡函南町,函南町,賃貸マンション,賃貸カテゴリ（掲載種別）,静岡県田方郡函南町大土肥,7.2,76.0,,5,田,—,,—,賃貸のため対象外,,2026-07-28,,https://www.homes.co.jp/chintai/room/d8bc20453da06d0fb10da0d46ed163389e132783/,不適合
LIFULL 賃貸 田方郡函南町,函南町,賃貸マンション,賃貸カテゴリ（掲載種別）,静岡県田方郡函南町大土肥,6.4,71.7,,5,田,—,,—,賃貸のため対象外,,2026-08-03,,https://www.homes.co.jp/chintai/room/6e368e0d7b2ee966f946cd781855eabaf6bbd901/,不適合
LIFULL 賃貸 田方郡函南町,函南町,賃貸マンション,賃貸カテゴリ（掲載種別）,静岡県田方郡函南町大土肥,6.8,66.2,,5,田,—,,—,賃貸のため対象外,,2026-07-28,,https://www.homes.co.jp/chintai/room/56657367480b6615b4965cdd2115263374cc4b98/,不適合
LIFULL 賃貸 田方郡函南町,函南町,賃貸マンション,賃貸カテゴリ（掲載種別）,静岡県田方郡函南町大土肥,7.0,66.2,,5,田,—,,—,賃貸のため対象外,,2026-07-28,,https://www.homes.co.jp/chintai/room/0da6d5a43ab2882ca1f36c1acfa4955b4a3f0358/,不適合
LIFULL 賃貸 田方郡函南町,函南町,賃貸マンション,賃貸カテゴリ（掲載種別）,静岡県田方郡函南町仁田,7.0,68.7,,5,田,—,,—,賃貸のため対象外,,2026-07-27,,https://www.homes.co.jp/chintai/room/1fd632f63390f9a8095600a5fc82e970c08aa43c/,不適合
LIFULL 賃貸 田方郡函南町,函南町,賃貸マンション,賃貸カテゴリ（掲載種別）,静岡県田方郡函南町仁田,7.0,68.7,,5,田,—,,—,賃貸のため対象外,,2026-07-27,,https://www.homes.co.jp/chintai/room/223c3b14f0cde79fa54da6a4fce9dafc838a5830/,不適合
LIFULL 賃貸 田方郡函南町,函南町,賃貸マンション,賃貸カテゴリ（掲載種別）,静岡県田方郡函南町仁田,7.0,67.7,,5,田,—,,—,賃貸のため対象外,,2026-07-27,,https://www.homes.co.jp/chintai/room/1247bd4a750147ab40c08ecb4eeb8e5b52ba01af/,不適合
LIFULL 賃貸 田方郡函南町,函南町,賃貸アパート,賃貸カテゴリ（掲載種別）,静岡県田方郡函南町間宮,6.7,70.0,,5,田,—,,—,賃貸のため対象外,,2026-07-27,,https://www.homes.co.jp/chintai/room/fc85c6da14126991adeb2393f951224c61b474e7/,不適合
LIFULL 賃貸 田方郡函南町,函南町,賃貸マンション,賃貸カテゴリ（掲載種別）,静岡県田方郡函南町大土肥,6.4,65.0,,5,田,—,,—,賃貸のため対象外,,2026-07-27,,https://www.homes.co.jp/chintai/room/bbd3353d43302da5a7dd501733f2738c2088a075/,不適合
LIFULL 賃貸 田方郡函南町,函南町,賃貸マンション,賃貸カテゴリ（掲載種別）,静岡県田方郡函南町大土肥,6.4,63.5,,5,田,—,,—,賃貸のため対象外,,2026-08-10,,https://www.homes.co.jp/chintai/room/9a2638e8eb249dd4d4780d12c0c4ae98b6c8a7ee/,不適合
LIFULL 賃貸 田方郡函南町,函南町,賃貸マンション,賃貸カテゴリ（掲載種別）,静岡県田方郡函南町大土肥,6.4,63.6,,5,田,—,,—,賃貸のため対象外,,2026-07-27,,https://www.homes.co.jp/chintai/room/65b2b1430d2512987fac79f289e349839de5d14a/,不適合
LIFULL 賃貸 田方郡函南町,函南町,賃貸マンション,賃貸カテゴリ（掲載種別）,静岡県田方郡函南町大土肥,6.4,63.5,,5,田,—,,—,賃貸のため対象外,,2026-07-27,,https://www.homes.co.jp/chintai/room/d64561bb0378e34bbf0b05a63d92906ba76ae2a6/,不適合
LIFULL 賃貸 田方郡函南町,函南町,賃貸マンション,賃貸カテゴリ（掲載種別）,静岡県田方郡函南町大土肥,6.4,63.6,,5,田,—,,—,賃貸のため対象外,,2026-07-27,,https://www.homes.co.jp/chintai/room/2fcf465a62764731760c3e5ceb4b60fed6c8ce08/,不適合
LIFULL 賃貸 田方郡函南町,函南町,賃貸マンション,賃貸カテゴリ（掲載種別）,静岡県田方郡函南町大土肥,7.6,60.5,,5,田,—,,—,賃貸のため対象外,,2026-07-30,,https://www.homes.co.jp/chintai/room/682ae10776e1c6b7e3e04d2407ad3a34a346af1d/,不適合
LIFULL 賃貸 田方郡函南町,函南町,賃貸マンション,賃貸カテゴリ（掲載種別）,静岡県田方郡函南町大土肥,7.6,60.5,,5,田,—,,—,賃貸のため対象外,,2026-07-30,,https://www.homes.co.jp/chintai/room/a29cd0b72fff9ad5f5ada84593e03a70c8a31eaa/,不適合
LIFULL 賃貸 田方郡函南町,函南町,賃貸マンション,賃貸カテゴリ（掲載種別）,静岡県田方郡函南町大土肥,7.4,60.5,,5,田,—,,—,賃貸のため対象外,,2026-07-30,,https://www.homes.co.jp/chintai/room/6b62931fb083efac6a43711a9c3a660e67679e39/,不適合
LIFULL 賃貸 田方郡函南町,函南町,賃貸マンション,賃貸カテゴリ（掲載種別）,静岡県田方郡函南町大土肥,7.4,60.5,,5,田,—,,—,賃貸のため対象外,,2026-07-30,,https://www.homes.co.jp/chintai/room/8d6a86d4bc0962fb61d2cb9f0d81fc35653d245f/,不適合
LIFULL 賃貸 田方郡函南町,函南町,賃貸マンション,賃貸カテゴリ（掲載種別）,静岡県田方郡函南町大土肥,7.8,60.5,,5,田,—,,—,賃貸のため対象外,,2026-07-30,,https://www.homes.co.jp/chintai/room/b103e52860be5a27d2d2e86e45476566ed3463f1/,不適合
LIFULL 賃貸 田方郡函南町,函南町,賃貸マンション,賃貸カテゴリ（掲載種別）,静岡県田方郡函南町間宮,6.3,52.0,,5,田,—,,—,賃貸のため対象外,,2026-08-01,,https://www.homes.co.jp/chintai/room/17a7f008c2b4e4244ead9eabc16f61c66b6e42e7/,不適合
LIFULL 賃貸 田方郡函南町,函南町,賃貸マンション,賃貸カテゴリ（掲載種別）,静岡県田方郡函南町間宮,6.2,52.0,,5,田,—,,—,賃貸のため対象外,,2026-08-01,,https://www.homes.co.jp/chintai/room/82b7954903185f6b3be32875aea8b9c5ccaacc52/,不適合
LIFULL 賃貸 田方郡函南町,函南町,賃貸アパート,賃貸カテゴリ（掲載種別）,静岡県田方郡函南町平井,5.9,45.8,,5,田,—,,—,賃貸のため対象外,,2026-08-09,,https://www.homes.co.jp/chintai/room/34a8238e3f561646a8e47fdb24571e3eef66d216/,不適合
LIFULL 賃貸 田方郡函南町,函南町,賃貸アパート,賃貸カテゴリ（掲載種別）,静岡県田方郡函南町平井,5.05,45.8,,5,田,—,,—,賃貸のため対象外,,2026-08-09,,https://www.homes.co.jp/chintai/room/ee6c9aec403a4c77dfb4e7bd4d12c8ff6184e1ad/,不適合
LIFULL 賃貸 田方郡函南町,函南町,賃貸マンション,賃貸カテゴリ（掲載種別）,静岡県田方郡函南町塚本,6.0,53.3,,5,田,—,,—,賃貸のため対象外,,2026-08-09,,https://www.homes.co.jp/chintai/room/00b96bb5806bc0a02fa5ae5d8e80454b3d6488c1/,不適合
LIFULL 賃貸 田方郡函南町,函南町,賃貸アパート,賃貸カテゴリ（掲載種別）,静岡県田方郡函南町仁田,6.0,52.0,,5,田,—,,—,賃貸のため対象外,,2026-08-11,,https://www.homes.co.jp/chintai/room/43ce6e5434af7bd08134d0074b85108fe2a72cbf/,不適合
LIFULL 賃貸 田方郡函南町,函南町,賃貸アパート,賃貸カテゴリ（掲載種別）,静岡県田方郡函南町仁田,6.0,50.8,,5,田,—,,—,賃貸のため対象外,,2026-08-11,,https://www.homes.co.jp/chintai/room/d77935e1815b67a3a4270da315c5fd843994f00a/,不適合
LIFULL 賃貸 田方郡函南町,函南町,賃貸アパート,賃貸カテゴリ（掲載種別）,静岡県田方郡函南町仁田,6.0,50.8,,5,田,—,,—,賃貸のため対象外,,2026-08-11,,https://www.homes.co.jp/chintai/room/95ea3b002bd7f085c1705857ba2033a713f84405/,不適合
SUUMO 賃貸 伊豆の国市,伊豆の国市,賃貸アパート,賃貸カテゴリ（掲載種別）,静岡県伊豆の国市中條,5.5,45.8,,5,—,—,,—,賃貸のため対象外,,2026-08-09,,https://suumo.jp/chintai/jnc_000108711613/,不適合
SUUMO 賃貸 伊豆の国市,伊豆の国市,賃貸アパート,賃貸カテゴリ（掲載種別）,静岡県伊豆の国市田京,6.15,50.1,,5,田,—,,—,賃貸のため対象外,,2026-08-05,,https://suumo.jp/chintai/jnc_000108994390/,不適合
SUUMO 賃貸 伊豆の国市,伊豆の国市,賃貸アパート,賃貸カテゴリ（掲載種別）,静岡県伊豆の国市田京,6.2,48.9,,5,田,—,,—,賃貸のため対象外,,2026-08-10,,https://suumo.jp/chintai/jnc_000109084963/,不適合
SUUMO 賃貸 伊豆の国市,伊豆の国市,賃貸アパート,賃貸カテゴリ（掲載種別）,静岡県伊豆の国市田京,6.8,50.1,,5,田,—,,—,賃貸のため対象外,,2026-08-07,,https://suumo.jp/chintai/jnc_000107566348/,不適合
SUUMO 賃貸 伊豆の国市,伊豆の国市,賃貸アパート,賃貸カテゴリ（掲載種別）,静岡県伊豆の国市寺家,6.4,50.8,,5,—,—,,—,賃貸のため対象外,,2026-07-25,,https://suumo.jp/chintai/jnc_000108629092/,不適合
SUUMO 賃貸 伊豆の国市,伊豆の国市,賃貸アパート,賃貸カテゴリ（掲載種別）,静岡県伊豆の国市寺家,6.7,59.2,,5,—,—,,—,賃貸のため対象外,,2026-08-02,,https://suumo.jp/chintai/jnc_000102209651/,不適合
SUUMO 賃貸 伊豆の国市,伊豆の国市,賃貸アパート,賃貸カテゴリ（掲載種別）,静岡県伊豆の国市寺家,6.7,59.2,,5,—,—,,—,賃貸のため対象外,,2026-07-25,,https://suumo.jp/chintai/jnc_000105876035/,不適合
SUUMO 賃貸 伊豆の国市,伊豆の国市,賃貸アパート,賃貸カテゴリ（掲載種別）,静岡県伊豆の国市古奈,6.8,51.7,,5,—,—,,—,賃貸のため対象外,,2026-08-11,,https://suumo.jp/chintai/jnc_000107688858/,不適合
SUUMO 賃貸 伊豆の国市,伊豆の国市,賃貸アパート,賃貸カテゴリ（掲載種別）,静岡県伊豆の国市古奈,7.0,51.7,,5,—,—,,—,賃貸のため対象外,,2026-08-11,,https://suumo.jp/chintai/jnc_000107688859/,不適合
SUUMO 賃貸 伊豆の国市,伊豆の国市,賃貸アパート,賃貸カテゴリ（掲載種別）,静岡県伊豆の国市古奈,7.0,51.7,,5,—,—,,—,賃貸のため対象外,,2026-08-11,,https://suumo.jp/chintai/jnc_000107688857/,不適合
SUUMO 賃貸 伊豆の国市,伊豆の国市,賃貸アパート,賃貸カテゴリ（掲載種別）,静岡県伊豆の国市古奈,7.55,59.2,,5,—,—,,—,賃貸のため対象外,,2026-08-11,,https://suumo.jp/chintai/jnc_000107688861/,不適合
SUUMO 賃貸 伊豆の国市,伊豆の国市,賃貸アパート,賃貸カテゴリ（掲載種別）,静岡県伊豆の国市古奈,7.75,59.2,,5,—,—,,—,賃貸のため対象外,,2026-08-11,,https://suumo.jp/chintai/jnc_000107688862/,不適合
SUUMO 賃貸 伊豆の国市,伊豆の国市,賃貸アパート,賃貸カテゴリ（掲載種別）,静岡県伊豆の国市古奈,7.75,59.2,,5,—,—,,—,賃貸のため対象外,,2026-08-11,,https://suumo.jp/chintai/jnc_000107688860/,不適合
SUUMO 賃貸 伊豆の国市,伊豆の国市,賃貸アパート,賃貸カテゴリ（掲載種別）,静岡県伊豆の国市富士見,5.4,45.4,,5,—,—,,—,賃貸のため対象外,,2026-08-10,,https://suumo.jp/chintai/jnc_000100048976/,不適合
SUUMO 賃貸 伊豆の国市,伊豆の国市,賃貸アパート,賃貸カテゴリ（掲載種別）,静岡県伊豆の国市宗光寺,5.7,47.1,,5,—,—,,—,賃貸のため対象外,,2026-08-07,,https://suumo.jp/chintai/jnc_000109011473/,不適合
SUUMO 賃貸 伊豆の国市,伊豆の国市,賃貸アパート,賃貸カテゴリ（掲載種別）,静岡県伊豆の国市四日町,5.0,42.8,,5,—,—,,—,賃貸のため対象外,,2026-08-11,,https://suumo.jp/chintai/jnc_000108867626/,適合
SUUMO 賃貸 伊豆の国市,伊豆の国市,賃貸アパート,賃貸カテゴリ（掲載種別）,静岡県伊豆の国市北江間,6.3,60.9,,5,—,—,,—,賃貸のため対象外,,2026-08-11,,https://suumo.jp/chintai/jnc_000108379507/,不適合
SUUMO 賃貸 伊豆の国市,伊豆の国市,賃貸アパート,賃貸カテゴリ（掲載種別）,静岡県伊豆の国市四日町,8.05,44.7,,5,—,—,,—,賃貸のため対象外,,2026-08-10,,https://suumo.jp/chintai/jnc_000109084964/,不適合
SUUMO 賃貸 伊豆の国市,伊豆の国市,賃貸アパート,賃貸カテゴリ（掲載種別）,静岡県伊豆の国市四日町,8.85,56.5,,5,—,—,,—,賃貸のため対象外,,2026-08-10,,https://suumo.jp/chintai/jnc_000108847951/,不適合
SUUMO 賃貸 伊豆の国市,伊豆の国市,賃貸アパート,賃貸カテゴリ（掲載種別）,静岡県伊豆の国市古奈,8.65,59.6,,5,—,—,,—,賃貸のため対象外,,2026-08-07,,https://suumo.jp/chintai/jnc_000109030180/,不適合
SUUMO 賃貸 伊豆の国市,伊豆の国市,賃貸マンション,賃貸カテゴリ（掲載種別）,静岡県伊豆の国市南條,6.1,55.4,,5,—,—,,—,賃貸のため対象外,,2026-08-11,,https://suumo.jp/chintai/jnc_000096043046/,不適合
SUUMO 賃貸 伊豆の国市,伊豆の国市,賃貸アパート,賃貸カテゴリ（掲載種別）,静岡県伊豆の国市墹之上,4.85,37.0,,5,—,—,,—,賃貸のため対象外,,2026-08-07,,https://suumo.jp/chintai/jnc_000109011482/,適合
SUUMO 賃貸 伊豆の国市,伊豆の国市,賃貸アパート,賃貸カテゴリ（掲載種別）,静岡県伊豆の国市南條,3.8,38.0,,5,—,—,,—,賃貸のため対象外,,2026-08-11,,https://suumo.jp/chintai/jnc_000082071566/,適合
SUUMO 賃貸 伊豆の国市,伊豆の国市,賃貸アパート,賃貸カテゴリ（掲載種別）,静岡県伊豆の国市南條,4.0,40.6,,5,—,—,,—,賃貸のため対象外,,2026-08-11,,https://suumo.jp/chintai/jnc_000107574515/,適合
SUUMO 賃貸 伊豆の国市,伊豆の国市,賃貸アパート,賃貸カテゴリ（掲載種別）,静岡県伊豆の国市原木,6.7,55.7,,5,—,—,,—,賃貸のため対象外,,2026-08-11,,https://suumo.jp/chintai/jnc_000071384628/,不適合
SUUMO 賃貸 伊豆の国市,伊豆の国市,賃貸アパート,賃貸カテゴリ（掲載種別）,静岡県伊豆の国市南條,5.5,39.8,,5,—,—,,—,賃貸のため対象外,,2026-08-11,,https://suumo.jp/chintai/jnc_000107016810/,不適合
SUUMO 賃貸 伊豆の国市,伊豆の国市,賃貸アパート,賃貸カテゴリ（掲載種別）,静岡県伊豆の国市南條,5.5,39.7,,5,—,—,,—,賃貸のため対象外,,2026-08-11,,https://suumo.jp/chintai/jnc_000106968108/,不適合
SUUMO 賃貸 伊豆の国市,伊豆の国市,賃貸アパート,賃貸カテゴリ（掲載種別）,静岡県伊豆の国市大仁,5.45,43.2,,5,—,—,,—,賃貸のため対象外,,2026-08-11,,https://suumo.jp/chintai/jnc_000107307361/,不適合
SUUMO 賃貸 伊豆の国市,伊豆の国市,賃貸アパート,賃貸カテゴリ（掲載種別）,静岡県伊豆の国市古奈,5.8,44.5,,5,—,—,,—,賃貸のため対象外,,2026-08-01,,https://suumo.jp/chintai/jnc_000108856315/,不適合
SUUMO 賃貸 伊豆の国市,伊豆の国市,賃貸アパート,賃貸カテゴリ（掲載種別）,静岡県伊豆の国市古奈,5.8,44.5,,5,—,—,,—,賃貸のため対象外,,2026-08-09,,https://suumo.jp/chintai/jnc_000109092076/?bc=100521186319,不適合
SUUMO 賃貸 伊豆の国市,伊豆の国市,賃貸マンション,賃貸カテゴリ（掲載種別）,静岡県伊豆の国市原木,6.2,63.2,,5,—,—,,—,賃貸のため対象外,,2026-08-11,,https://suumo.jp/chintai/jnc_000107611855/?bc=100510538459,不適合
SUUMO 賃貸 伊豆の国市,伊豆の国市,賃貸マンション,賃貸カテゴリ（掲載種別）,静岡県伊豆の国市長岡,6.5,51.7,,5,—,—,,—,賃貸のため対象外,,2026-08-11,,https://suumo.jp/chintai/jnc_000108793761/?bc=100519287201,不適合
SUUMO 賃貸 伊豆の国市,伊豆の国市,賃貸マンション,賃貸カテゴリ（掲載種別）,静岡県伊豆の国市長岡,6.6,51.7,,5,—,—,,—,賃貸のため対象外,,2026-08-09,,https://suumo.jp/chintai/jnc_000097321793/?bc=100483207997,不適合
SUUMO 賃貸 伊豆の国市,伊豆の国市,賃貸マンション,賃貸カテゴリ（掲載種別）,静岡県伊豆の国市長岡,6.6,51.7,,5,—,—,,—,賃貸のため対象外,,2026-08-10,,https://suumo.jp/chintai/jnc_000106642039/?bc=100503006578,不適合
SUUMO 賃貸 伊豆の国市,伊豆の国市,賃貸アパート,賃貸カテゴリ（掲載種別）,静岡県伊豆の国市大仁,6.4,50.1,,5,—,—,,—,賃貸のため対象外,,2026-08-11,,https://suumo.jp/chintai/jnc_000029259406/?bc=100519316309,不適合
SUUMO 賃貸 伊豆の国市,伊豆の国市,賃貸アパート,賃貸カテゴリ（掲載種別）,静岡県伊豆の国市大仁,5.25,40.8,,5,—,—,,—,賃貸のため対象外,,2026-08-11,,https://suumo.jp/chintai/jnc_000107611853/?bc=100506035030,不適合
SUUMO 賃貸 伊豆の国市,伊豆の国市,賃貸アパート,賃貸カテゴリ（掲載種別）,静岡県伊豆の国市田京,6.8,50.1,,5,田,—,,—,賃貸のため対象外,,2026-08-09,,https://suumo.jp/chintai/jnc_000108298307/?bc=100521186350,不適合
SUUMO 賃貸 伊豆の国市,伊豆の国市,賃貸アパート,賃貸カテゴリ（掲載種別）,静岡県伊豆の国市古奈,5.7,46.8,,5,—,—,,—,賃貸のため対象外,,2026-08-11,,https://suumo.jp/chintai/jnc_000107932993/?bc=100512872534,不適合
SUUMO 賃貸 伊豆の国市,伊豆の国市,賃貸アパート,賃貸カテゴリ（掲載種別）,静岡県伊豆の国市古奈,6.5,58.5,,5,—,—,,—,賃貸のため対象外,,2026-08-11,,https://suumo.jp/chintai/jnc_000107793223/?bc=100518958097,不適合
SUUMO 賃貸 伊豆の国市,伊豆の国市,賃貸マンション,賃貸カテゴリ（掲載種別）,静岡県伊豆の国市長岡,6.6,52.8,,5,—,—,,—,賃貸のため対象外,,2026-08-11,,https://suumo.jp/chintai/jnc_000091842864/?bc=100390820207,不適合
SUUMO 賃貸 伊豆の国市,伊豆の国市,賃貸アパート,賃貸カテゴリ（掲載種別）,静岡県伊豆の国市寺家,5.9,44.2,,5,—,—,,—,賃貸のため対象外,,2026-08-11,,https://suumo.jp/chintai/jnc_000107411010/?bc=100518958037,不適合
SUUMO 賃貸 伊豆の国市,伊豆の国市,賃貸アパート,賃貸カテゴリ（掲載種別）,静岡県伊豆の国市長岡,4.8,37.1,,5,—,—,,—,賃貸のため対象外,,2026-08-11,,https://suumo.jp/chintai/jnc_000099315037/?bc=100511467244,適合
SUUMO 賃貸 伊豆の国市,伊豆の国市,賃貸アパート,賃貸カテゴリ（掲載種別）,静岡県伊豆の国市長岡,5.6,46.1,,5,—,—,,—,賃貸のため対象外,,2026-08-11,,https://suumo.jp/chintai/jnc_000098534933/?bc=100521422059,不適合
SUUMO 賃貸 伊豆の国市,伊豆の国市,賃貸アパート,賃貸カテゴリ（掲載種別）,静岡県伊豆の国市田京,5.5,53.8,,5,田,—,,—,賃貸のため対象外,,2026-08-11,,https://suumo.jp/chintai/jnc_000102320153/?bc=100515530365,不適合
SUUMO 賃貸 伊豆の国市,伊豆の国市,賃貸マンション,賃貸カテゴリ（掲載種別）,静岡県伊豆の国市寺家,6.6,62.8,,5,—,—,,—,賃貸のため対象外,,2026-08-11,,https://suumo.jp/chintai/jnc_000108827117/?bc=100498011217,不適合
SUUMO 賃貸 伊豆の国市,伊豆の国市,賃貸マンション,賃貸カテゴリ（掲載種別）,静岡県伊豆の国市寺家,6.9,62.8,,5,—,—,,—,賃貸のため対象外,,2026-08-11,,https://suumo.jp/chintai/jnc_000105985877/?bc=100500954175,不適合
SUUMO 賃貸 伊豆の国市,伊豆の国市,賃貸アパート,賃貸カテゴリ（掲載種別）,静岡県伊豆の国市南條,5.2,42.8,,5,—,—,,—,賃貸のため対象外,,2026-08-11,,https://suumo.jp/chintai/jnc_000107814138/?bc=100512247156,不適合
SUUMO 賃貸 伊豆の国市,伊豆の国市,賃貸アパート,賃貸カテゴリ（掲載種別）,静岡県伊豆の国市長崎,5.8,37.0,,5,—,—,,—,賃貸のため対象外,,2026-08-11,,https://suumo.jp/chintai/jnc_000099909539/?bc=100458743936,不適合
SUUMO 賃貸 伊豆の国市,伊豆の国市,賃貸アパート,賃貸カテゴリ（掲載種別）,静岡県伊豆の国市長崎,6.1,46.5,,5,—,—,,—,賃貸のため対象外,,2026-08-11,,https://suumo.jp/chintai/jnc_000099909542/?bc=100458808910,不適合
SUUMO 賃貸 伊豆の国市,伊豆の国市,賃貸アパート,賃貸カテゴリ（掲載種別）,静岡県伊豆の国市長崎,6.1,46.5,,5,—,—,,—,賃貸のため対象外,,2026-08-11,,https://suumo.jp/chintai/jnc_000099909541/?bc=100458808913,不適合
SUUMO 賃貸 伊豆の国市,伊豆の国市,賃貸アパート,賃貸カテゴリ（掲載種別）,静岡県伊豆の国市原木,4.7,61.2,,5,—,—,,—,賃貸のため対象外,,2026-08-11,,https://suumo.jp/chintai/jnc_000107652181/?bc=100510390196,適合
SUUMO 賃貸 伊豆の国市,伊豆の国市,賃貸アパート,賃貸カテゴリ（掲載種別）,静岡県伊豆の国市原木,5.2,61.2,,5,—,—,,—,賃貸のため対象外,,2026-08-11,,https://suumo.jp/chintai/jnc_000086808801/?bc=100470298714,不適合
SUUMO 賃貸 伊豆の国市,伊豆の国市,賃貸アパート,賃貸カテゴリ（掲載種別）,静岡県伊豆の国市南條,7.8,59.7,,5,—,—,,—,賃貸のため対象外,,2026-08-11,,https://suumo.jp/chintai/jnc_000108951097/?bc=100514682991,不適合
SUUMO 賃貸 伊豆の国市,伊豆の国市,賃貸アパート,賃貸カテゴリ（掲載種別）,静岡県伊豆の国市南條,7.4,60.3,,5,—,—,,—,賃貸のため対象外,,2026-08-11,,https://suumo.jp/chintai/jnc_000068337350/?bc=100497628001,不適合
SUUMO 賃貸 伊豆の国市,伊豆の国市,賃貸マンション,賃貸カテゴリ（掲載種別）,静岡県伊豆の国市南條,6.15,45.4,,5,—,—,,—,賃貸のため対象外,,2026-08-11,,https://suumo.jp/chintai/jnc_000027377595/?bc=100098172069,不適合
SUUMO 賃貸 伊豆の国市,伊豆の国市,賃貸アパート,賃貸カテゴリ（掲載種別）,静岡県伊豆の国市四日町,5.4,33.2,,5,—,—,,—,賃貸のため対象外,,2026-08-11,,https://suumo.jp/chintai/jnc_000107705059/?bc=100511834368,不適合
SUUMO 賃貸 伊豆の国市,伊豆の国市,賃貸アパート,賃貸カテゴリ（掲載種別）,静岡県伊豆の国市四日町,5.6,42.4,,5,—,—,,—,賃貸のため対象外,,2026-08-11,,https://suumo.jp/chintai/jnc_000107590958/?bc=100516900085,不適合
SUUMO 賃貸 伊豆の国市,伊豆の国市,賃貸アパート,賃貸カテゴリ（掲載種別）,静岡県伊豆の国市四日町,6.8,75.6,,5,—,—,,—,賃貸のため対象外,,2026-08-07,,https://suumo.jp/chintai/jnc_000090446037/?bc=100517767670,不適合
SUUMO 賃貸 伊豆の国市,伊豆の国市,賃貸アパート,賃貸カテゴリ（掲載種別）,静岡県伊豆の国市寺家,6.4,59.5,,5,—,—,,—,賃貸のため対象外,,2026-08-11,,https://suumo.jp/chintai/jnc_000108193492/?bc=100499308036,不適合
SUUMO 賃貸 伊豆の国市,伊豆の国市,賃貸アパート,賃貸カテゴリ（掲載種別）,静岡県伊豆の国市寺家,6.5,59.5,,5,—,—,,—,賃貸のため対象外,,2026-08-11,,https://suumo.jp/chintai/jnc_000108193493/?bc=100501114294,不適合
SUUMO 賃貸 伊豆の国市,伊豆の国市,賃貸アパート,賃貸カテゴリ（掲載種別）,静岡県伊豆の国市寺家,5.8,50.4,,5,—,—,,—,賃貸のため対象外,,2026-08-11,,https://suumo.jp/chintai/jnc_000107343966/?bc=100508202264,不適合
SUUMO 賃貸 伊豆の国市,伊豆の国市,賃貸アパート,賃貸カテゴリ（掲載種別）,静岡県伊豆の国市田京,8.05,59.2,,5,田,—,,—,賃貸のため対象外,,2026-08-11,,https://suumo.jp/chintai/jnc_000109051705/?bc=100474403813,不適合
SUUMO 賃貸 伊豆の国市,伊豆の国市,賃貸アパート,賃貸カテゴリ（掲載種別）,静岡県伊豆の国市田京,8.35,59.2,,5,田,—,,—,賃貸のため対象外,,2026-08-11,,https://suumo.jp/chintai/jnc_000108511481/?bc=100517538806,不適合
SUUMO 賃貸 伊豆の国市,伊豆の国市,賃貸アパート,賃貸カテゴリ（掲載種別）,静岡県伊豆の国市原木,4.9,61.2,,5,—,—,,—,賃貸のため対象外,,2026-08-11,,https://suumo.jp/chintai/jnc_000107204552/?bc=100482862069,適合
SUUMO 賃貸 伊豆の国市,伊豆の国市,賃貸アパート,賃貸カテゴリ（掲載種別）,静岡県伊豆の国市長岡,6.75,58.6,,5,—,—,,—,賃貸のため対象外,,2026-08-11,,https://suumo.jp/chintai/jnc_000108020364/?bc=100514526434,不適合
SUUMO 賃貸 伊豆の国市,伊豆の国市,賃貸アパート,賃貸カテゴリ（掲載種別）,静岡県伊豆の国市南條,7.4,59.2,,5,—,—,,—,賃貸のため対象外,,2026-08-11,,https://suumo.jp/chintai/jnc_000107474237/?bc=100509128030,不適合
SUUMO 賃貸 伊豆の国市,伊豆の国市,賃貸アパート,賃貸カテゴリ（掲載種別）,静岡県伊豆の国市田京,5.1,29.4,,5,田,—,,—,賃貸のため対象外,,2026-08-11,,https://suumo.jp/chintai/jnc_000107172226/?bc=100397453139,不適合
SUUMO 賃貸 伊豆の国市,伊豆の国市,賃貸アパート,賃貸カテゴリ（掲載種別）,静岡県伊豆の国市中條,5.9,55.4,,5,—,—,,—,賃貸のため対象外,,2026-08-10,,https://suumo.jp/chintai/jnc_000108922234/?bc=100503304141,不適合
SUUMO 賃貸 伊豆の国市,伊豆の国市,賃貸アパート,賃貸カテゴリ（掲載種別）,静岡県伊豆の国市中,5.5,53.0,,5,—,—,,—,賃貸のため対象外,,2026-08-10,,https://suumo.jp/chintai/jnc_000109112166/?bc=100521324447,不適合
SUUMO 賃貸 伊豆の国市,伊豆の国市,賃貸アパート,賃貸カテゴリ（掲載種別）,静岡県伊豆の国市三福,7.0,58.4,,5,—,—,,—,賃貸のため対象外,,2026-08-11,,https://suumo.jp/chintai/jnc_000106757816/?bc=100503794970,不適合
SUUMO 賃貸 伊豆の国市,伊豆の国市,賃貸アパート,賃貸カテゴリ（掲載種別）,静岡県伊豆の国市三福,7.0,58.4,,5,—,—,,—,賃貸のため対象外,,2026-08-09,,https://suumo.jp/chintai/jnc_000105713896/?bc=100510531051,不適合
SUUMO 賃貸 伊豆の国市,伊豆の国市,賃貸アパート,賃貸カテゴリ（掲載種別）,静岡県伊豆の国市長岡,6.0,49.7,,5,—,—,,—,賃貸のため対象外,,2026-08-11,,https://suumo.jp/chintai/jnc_000109133180/?bc=100439726236,不適合
SUUMO 賃貸 伊豆の国市,伊豆の国市,賃貸アパート,賃貸カテゴリ（掲載種別）,静岡県伊豆の国市長岡,6.1,49.7,,5,—,—,,—,賃貸のため対象外,,2026-08-08,,https://suumo.jp/chintai/jnc_000109076537/?bc=100521076890,不適合
SUUMO 賃貸 伊豆の国市,伊豆の国市,賃貸アパート,賃貸カテゴリ（掲載種別）,静岡県伊豆の国市中條,5.0,42.0,,5,—,—,,—,賃貸のため対象外,,2026-08-11,,https://suumo.jp/chintai/jnc_000108141564/?bc=100520191007,適合
SUUMO 賃貸 伊豆の国市,伊豆の国市,賃貸戸建,賃貸カテゴリ（掲載種別）,静岡県伊豆の国市古奈,8.6,77.8,,5,—,—,,—,賃貸のため対象外,,2026-08-10,,https://suumo.jp/chintai/jnc_000090230248/?bc=100521259651,不適合
SUUMO 賃貸 伊豆の国市,伊豆の国市,賃貸アパート,賃貸カテゴリ（掲載種別）,静岡県伊豆の国市長岡,6.95,50.0,,5,—,—,,—,賃貸のため対象外,,2026-08-11,,https://suumo.jp/chintai/jnc_000108711614/?bc=100521421893,不適合
SUUMO 賃貸 伊豆の国市,伊豆の国市,賃貸アパート,賃貸カテゴリ（掲載種別）,静岡県伊豆の国市四日町,5.5,50.4,,5,—,—,,—,賃貸のため対象外,,2026-08-11,,https://suumo.jp/chintai/jnc_000089721377/?bc=100505941230,不適合
SUUMO 賃貸 伊豆の国市,伊豆の国市,賃貸アパート,賃貸カテゴリ（掲載種別）,静岡県伊豆の国市寺家,5.3,35.3,,5,—,—,,—,賃貸のため対象外,,2026-08-11,,https://suumo.jp/chintai/jnc_000107386057/?bc=100508618108,不適合
SUUMO 賃貸 伊豆の国市,伊豆の国市,賃貸マンション,賃貸カテゴリ（掲載種別）,静岡県伊豆の国市四日町,6.0,59.5,,5,—,—,,—,賃貸のため対象外,,2026-08-07,,https://suumo.jp/chintai/jnc_000098544014/?bc=100488509628,不適合
SUUMO 賃貸 伊豆の国市,伊豆の国市,賃貸マンション,賃貸カテゴリ（掲載種別）,静岡県伊豆の国市四日町,6.1,59.5,,5,—,—,,—,賃貸のため対象外,,2026-08-07,,https://suumo.jp/chintai/jnc_000066686617/?bc=100488509629,不適合
SUUMO 賃貸 伊豆の国市,伊豆の国市,賃貸アパート,賃貸カテゴリ（掲載種別）,静岡県伊豆の国市田京,4.9,23.2,,5,田,—,,—,賃貸のため対象外,,2026-08-11,,https://suumo.jp/chintai/jnc_000108987949/?bc=100516567964,適合
SUUMO 賃貸 伊豆の国市,伊豆の国市,賃貸アパート,賃貸カテゴリ（掲載種別）,静岡県伊豆の国市田京,5.0,23.2,,5,田,—,,—,賃貸のため対象外,,2026-08-09,,https://suumo.jp/chintai/jnc_000109011474/?bc=100520671772,適合
SUUMO 賃貸 伊豆の国市,伊豆の国市,賃貸アパート,賃貸カテゴリ（掲載種別）,静岡県伊豆の国市田京,5.1,23.2,,5,田,—,,—,賃貸のため対象外,,2026-08-11,,https://suumo.jp/chintai/jnc_000108987950/?bc=100516568016,不適合
SUUMO 賃貸 伊豆の国市,伊豆の国市,賃貸アパート,賃貸カテゴリ（掲載種別）,静岡県伊豆の国市田京,5.1,23.2,,5,田,—,,—,賃貸のため対象外,,2026-08-09,,https://suumo.jp/chintai/jnc_000109076533/?bc=100521076904,不適合
SUUMO 賃貸 伊豆の国市,伊豆の国市,賃貸アパート,賃貸カテゴリ（掲載種別）,静岡県伊豆の国市三福,6.0,54.6,,5,—,—,,—,賃貸のため対象外,,2026-08-11,,https://suumo.jp/chintai/jnc_000108847950/?bc=100519238286,不適合
SUUMO 賃貸 伊豆の国市,伊豆の国市,賃貸マンション,賃貸カテゴリ（掲載種別）,静岡県伊豆の国市富士見,6.9,50.4,,5,—,—,,—,賃貸のため対象外,,2026-08-11,,https://suumo.jp/chintai/jnc_000108354221/?bc=100515671810,不適合
SUUMO 賃貸 伊豆の国市,伊豆の国市,賃貸マンション,賃貸カテゴリ（掲載種別）,静岡県伊豆の国市富士見,6.9,50.4,,5,—,—,,—,賃貸のため対象外,,2026-07-25,,https://suumo.jp/chintai/jnc_000104958934/?bc=100489474028,不適合
SUUMO 賃貸 伊豆の国市,伊豆の国市,賃貸マンション,賃貸カテゴリ（掲載種別）,静岡県伊豆の国市富士見,6.9,50.4,,5,—,—,,—,賃貸のため対象外,,2026-07-25,,https://suumo.jp/chintai/jnc_000106933601/?bc=100505091504,不適合
SUUMO 賃貸 伊豆の国市,伊豆の国市,賃貸アパート,賃貸カテゴリ（掲載種別）,静岡県伊豆の国市四日町,4.5,23.2,,5,—,—,,—,賃貸のため対象外,,2026-08-11,,https://suumo.jp/chintai/jnc_000109076545/?bc=100516568026,適合
SUUMO 賃貸 伊豆の国市,伊豆の国市,賃貸アパート,賃貸カテゴリ（掲載種別）,静岡県伊豆の国市四日町,5.3,23.2,,5,—,—,,—,賃貸のため対象外,,2026-08-08,,https://suumo.jp/chintai/jnc_000109076544/?bc=100254599908,不適合
SUUMO 賃貸 伊豆の国市,伊豆の国市,賃貸アパート,賃貸カテゴリ（掲載種別）,静岡県伊豆の国市南條,4.7,30.0,,5,—,—,,—,賃貸のため対象外,,2026-08-11,,https://suumo.jp/chintai/jnc_000031058905/?bc=100515855780,適合
SUUMO 賃貸 伊豆の国市,伊豆の国市,賃貸アパート,賃貸カテゴリ（掲載種別）,静岡県伊豆の国市四日町,5.7,35.3,,5,—,—,,—,賃貸のため対象外,,2026-08-11,,https://suumo.jp/chintai/jnc_000107597501/?bc=100511974036,不適合
SUUMO 賃貸 伊豆の国市,伊豆の国市,賃貸アパート,賃貸カテゴリ（掲載種別）,静岡県伊豆の国市原木,4.5,29.8,,5,—,—,,—,賃貸のため対象外,,2026-08-10,,https://suumo.jp/chintai/jnc_000083388358/?bc=100501317319,適合
SUUMO 賃貸 伊豆の国市,伊豆の国市,賃貸アパート,賃貸カテゴリ（掲載種別）,静岡県伊豆の国市原木,4.5,29.8,,5,—,—,,—,賃貸のため対象外,,2026-08-09,,https://suumo.jp/chintai/jnc_000071557814/?bc=100336158158,適合
SUUMO 賃貸 伊豆の国市,伊豆の国市,賃貸アパート,賃貸カテゴリ（掲載種別）,静岡県伊豆の国市原木,4.5,29.8,,5,—,—,,—,賃貸のため対象外,,2026-08-09,,https://suumo.jp/chintai/jnc_000071107136/?bc=100480256154,適合
SUUMO 賃貸 伊豆の国市,伊豆の国市,賃貸アパート,賃貸カテゴリ（掲載種別）,静岡県伊豆の国市原木,5.1,29.8,,5,—,—,,—,賃貸のため対象外,,2026-08-09,,https://suumo.jp/chintai/jnc_000085385358/?bc=100336158066,不適合
SUUMO 賃貸 伊豆の国市,伊豆の国市,賃貸アパート,賃貸カテゴリ（掲載種別）,静岡県伊豆の国市四日町,5.5,41.3,,5,—,—,,—,賃貸のため対象外,,2026-08-10,,https://suumo.jp/chintai/jnc_000109115658/?bc=100521363823,不適合
SUUMO 賃貸 伊豆の国市,伊豆の国市,賃貸アパート,賃貸カテゴリ（掲載種別）,静岡県伊豆の国市寺家,5.9,50.4,,5,—,—,,—,賃貸のため対象外,,2026-08-11,,https://suumo.jp/chintai/jnc_000106933599/?bc=100505312213,不適合
SUUMO 賃貸 伊豆の国市,伊豆の国市,賃貸アパート,賃貸カテゴリ（掲載種別）,静岡県伊豆の国市墹之上,4.85,37.0,,5,—,—,,—,賃貸のため対象外,,2026-08-09,,https://suumo.jp/chintai/jnc_000109092078/?bc=100521186304,適合
SUUMO 賃貸 伊豆の国市,伊豆の国市,賃貸マンション,賃貸カテゴリ（掲載種別）,静岡県伊豆の国市長岡,6.2,41.0,,5,—,—,,—,賃貸のため対象外,,2026-08-10,,https://suumo.jp/chintai/jnc_000109107020/?bc=100521273447,不適合
SUUMO 賃貸 伊豆の国市,伊豆の国市,賃貸アパート,賃貸カテゴリ（掲載種別）,静岡県伊豆の国市田京,4.8,23.2,,5,田,—,,—,賃貸のため対象外,,2026-08-11,,https://suumo.jp/chintai/jnc_000108987951/?bc=100516568046,適合
SUUMO 賃貸 伊豆の国市,伊豆の国市,賃貸アパート,賃貸カテゴリ（掲載種別）,静岡県伊豆の国市田京,4.8,23.2,,5,田,—,,—,賃貸のため対象外,,2026-08-11,,https://suumo.jp/chintai/jnc_000108987952/?bc=100516568017,適合
SUUMO 賃貸 伊豆の国市,伊豆の国市,賃貸アパート,賃貸カテゴリ（掲載種別）,静岡県伊豆の国市田京,4.8,23.2,,5,田,—,,—,賃貸のため対象外,,2026-08-09,,https://suumo.jp/chintai/jnc_000109076536/?bc=100452271539,適合
SUUMO 賃貸 伊豆の国市,伊豆の国市,賃貸アパート,賃貸カテゴリ（掲載種別）,静岡県伊豆の国市古奈,4.85,52.2,,5,—,—,,—,賃貸のため対象外,,2026-08-11,,https://suumo.jp/chintai/jnc_000108847949/?bc=100519646672,適合
SUUMO 賃貸 伊豆の国市,伊豆の国市,賃貸アパート,賃貸カテゴリ（掲載種別）,静岡県伊豆の国市四日町,4.4,38.8,,5,—,—,,—,賃貸のため対象外,,2026-08-11,,https://suumo.jp/chintai/jnc_000108024776/?bc=100513292446,適合
SUUMO 賃貸 伊豆の国市,伊豆の国市,賃貸アパート,賃貸カテゴリ（掲載種別）,静岡県伊豆の国市南條,4.1,24.8,,5,—,—,,—,賃貸のため対象外,,2026-08-11,,https://suumo.jp/chintai/jnc_000101841871/?bc=100465839182,適合
SUUMO 賃貸 伊豆の国市,伊豆の国市,賃貸アパート,賃貸カテゴリ（掲載種別）,静岡県伊豆の国市四日町,4.3,38.8,,5,—,—,,—,賃貸のため対象外,,2026-08-11,,https://suumo.jp/chintai/jnc_000107891101/?bc=100513622119,適合
SUUMO 賃貸 伊豆の国市,伊豆の国市,賃貸マンション,賃貸カテゴリ（掲載種別）,静岡県伊豆の国市南條,4.5,30.0,,5,—,—,,—,賃貸のため対象外,,2026-08-11,,https://suumo.jp/chintai/jnc_000029814798/?bc=100470139401,適合
SUUMO 賃貸 伊豆の国市,伊豆の国市,賃貸アパート,賃貸カテゴリ（掲載種別）,静岡県伊豆の国市四日町,4.8,46.1,,5,—,—,,—,賃貸のため対象外,,2026-08-10,,https://suumo.jp/chintai/jnc_000109112167/?bc=100521324445,適合
SUUMO 賃貸 伊豆の国市,伊豆の国市,賃貸アパート,賃貸カテゴリ（掲載種別）,静岡県伊豆の国市寺家,4.8,23.2,,5,—,—,,—,賃貸のため対象外,,2026-08-10,,https://suumo.jp/chintai/jnc_000108987947/?bc=100505883770,適合
SUUMO 賃貸 伊豆の国市,伊豆の国市,賃貸アパート,賃貸カテゴリ（掲載種別）,静岡県伊豆の国市寺家,5.0,23.2,,5,—,—,,—,賃貸のため対象外,,2026-08-10,,https://suumo.jp/chintai/jnc_000108987948/?bc=100509476810,適合
SUUMO 賃貸 伊豆の国市,伊豆の国市,賃貸アパート,賃貸カテゴリ（掲載種別）,静岡県伊豆の国市寺家,5.1,23.2,,5,—,—,,—,賃貸のため対象外,,2026-08-10,,https://suumo.jp/chintai/jnc_000109043466/?bc=100520866521,不適合
SUUMO 賃貸 伊豆の国市,伊豆の国市,賃貸アパート,賃貸カテゴリ（掲載種別）,静岡県伊豆の国市寺家,4.5,29.2,,5,—,—,,—,賃貸のため対象外,,2026-08-09,,https://suumo.jp/chintai/jnc_000083877615/?bc=100514680013,適合
SUUMO 賃貸 伊豆の国市,伊豆の国市,賃貸アパート,賃貸カテゴリ（掲載種別）,静岡県伊豆の国市寺家,4.5,29.2,,5,—,—,,—,賃貸のため対象外,,2026-08-11,,https://suumo.jp/chintai/jnc_000106214202/?bc=100500451879,適合
SUUMO 賃貸 伊豆の国市,伊豆の国市,賃貸アパート,賃貸カテゴリ（掲載種別）,静岡県伊豆の国市南條,4.4,36.0,,5,—,—,,—,賃貸のため対象外,,2026-08-11,,https://suumo.jp/chintai/jnc_000100591127/?bc=100519870983,適合
SUUMO 賃貸 伊豆の国市,伊豆の国市,賃貸アパート,賃貸カテゴリ（掲載種別）,静岡県伊豆の国市南條,4.4,36.0,,5,—,—,,—,賃貸のため対象外,,2026-08-08,,https://suumo.jp/chintai/jnc_000100640334/?bc=100521186241,適合
SUUMO 賃貸 伊豆の国市,伊豆の国市,賃貸マンション,賃貸カテゴリ（掲載種別）,静岡県伊豆の国市長岡,5.8,27.9,,5,—,—,,—,賃貸のため対象外,,2026-08-11,,https://suumo.jp/chintai/jnc_000104891897/?bc=100483720356,不適合
SUUMO 賃貸 伊豆の国市,伊豆の国市,賃貸マンション,賃貸カテゴリ（掲載種別）,静岡県伊豆の国市長岡,5.8,27.9,,5,—,—,,—,賃貸のため対象外,,2026-08-11,,https://suumo.jp/chintai/jnc_000104891893/?bc=100475754680,不適合
SUUMO 賃貸 伊豆の国市,伊豆の国市,賃貸マンション,賃貸カテゴリ（掲載種別）,静岡県伊豆の国市長岡,5.9,27.9,,5,—,—,,—,賃貸のため対象外,,2026-08-11,,https://suumo.jp/chintai/jnc_000104891904/?bc=100481952752,不適合
SUUMO 賃貸 伊豆の国市,伊豆の国市,賃貸マンション,賃貸カテゴリ（掲載種別）,静岡県伊豆の国市長岡,6.0,27.9,,5,—,—,,—,賃貸のため対象外,,2026-08-10,,https://suumo.jp/chintai/jnc_000104891913/?bc=100479609822,不適合
SUUMO 賃貸 伊豆の国市,伊豆の国市,賃貸マンション,賃貸カテゴリ（掲載種別）,静岡県伊豆の国市長岡,6.0,27.9,,5,—,—,,—,賃貸のため対象外,,2026-08-10,,https://suumo.jp/chintai/jnc_000104891911/?bc=100479609835,不適合
SUUMO 賃貸 伊豆の国市,伊豆の国市,賃貸マンション,賃貸カテゴリ（掲載種別）,静岡県伊豆の国市長岡,6.0,27.9,,5,—,—,,—,賃貸のため対象外,,2026-08-11,,https://suumo.jp/chintai/jnc_000104891909/?bc=100479538701,不適合
SUUMO 賃貸 伊豆の国市,伊豆の国市,賃貸マンション,賃貸カテゴリ（掲載種別）,静岡県伊豆の国市長岡,6.1,27.9,,5,—,—,,—,賃貸のため対象外,,2026-08-11,,https://suumo.jp/chintai/jnc_000104891921/?bc=100479609826,不適合
SUUMO 賃貸 伊豆の国市,伊豆の国市,賃貸マンション,賃貸カテゴリ（掲載種別）,静岡県伊豆の国市長岡,6.1,27.9,,5,—,—,,—,賃貸のため対象外,,2026-08-11,,https://suumo.jp/chintai/jnc_000104891919/?bc=100475754709,不適合
SUUMO 賃貸 伊豆の国市,伊豆の国市,賃貸マンション,賃貸カテゴリ（掲載種別）,静岡県伊豆の国市長岡,6.1,27.9,,5,—,—,,—,賃貸のため対象外,,2026-08-10,,https://suumo.jp/chintai/jnc_000104891907/?bc=100479538668,不適合
SUUMO 賃貸 伊豆の国市,伊豆の国市,賃貸マンション,賃貸カテゴリ（掲載種別）,静岡県伊豆の国市長岡,6.2,27.9,,5,—,—,,—,賃貸のため対象外,,2026-08-11,,https://suumo.jp/chintai/jnc_000104891926/?bc=100483720327,不適合
SUUMO 賃貸 伊豆の国市,伊豆の国市,賃貸マンション,賃貸カテゴリ（掲載種別）,静岡県伊豆の国市長岡,6.2,27.9,,5,—,—,,—,賃貸のため対象外,,2026-08-11,,https://suumo.jp/chintai/jnc_000104891917/?bc=100479538651,不適合
SUUMO 賃貸 伊豆の国市,伊豆の国市,賃貸マンション,賃貸カテゴリ（掲載種別）,静岡県伊豆の国市長岡,6.3,27.9,,5,—,—,,—,賃貸のため対象外,,2026-08-11,,https://suumo.jp/chintai/jnc_000104891925/?bc=100476985694,不適合
SUUMO 賃貸 伊豆の国市,伊豆の国市,賃貸アパート,賃貸カテゴリ（掲載種別）,静岡県伊豆の国市守木,3.9,40.0,,5,—,—,,—,賃貸のため対象外,,2026-08-09,,https://suumo.jp/chintai/jnc_000107775575/?bc=100511263673,適合
SUUMO 賃貸 伊豆の国市,伊豆の国市,賃貸アパート,賃貸カテゴリ（掲載種別）,静岡県伊豆の国市神島,4.8,40.5,,5,—,—,,—,賃貸のため対象外,,2026-08-11,,https://suumo.jp/chintai/jnc_000107417860/?bc=100508572196,適合
SUUMO 賃貸 伊豆の国市,伊豆の国市,賃貸アパート,賃貸カテゴリ（掲載種別）,静岡県伊豆の国市四日町,4.9,40.0,,5,—,—,,—,賃貸のため対象外,,2026-08-11,,https://suumo.jp/chintai/jnc_000108742951/?bc=100512319945,適合
SUUMO 賃貸 伊豆の国市,伊豆の国市,賃貸アパート,賃貸カテゴリ（掲載種別）,静岡県伊豆の国市四日町,4.3,26.5,,5,—,—,,—,賃貸のため対象外,,2026-08-11,,https://suumo.jp/chintai/jnc_000078521229/?bc=100468736033,適合
SUUMO 賃貸 伊豆の国市,伊豆の国市,賃貸アパート,賃貸カテゴリ（掲載種別）,静岡県伊豆の国市四日町,4.3,26.5,,5,—,—,,—,賃貸のため対象外,,2026-08-08,,https://suumo.jp/chintai/jnc_000106814367/?bc=100468736031,適合
SUUMO 賃貸 伊豆の国市,伊豆の国市,賃貸アパート,賃貸カテゴリ（掲載種別）,静岡県伊豆の国市四日町,4.8,26.5,,5,—,—,,—,賃貸のため対象外,,2026-08-09,,https://suumo.jp/chintai/jnc_000109076541/?bc=100489365548,適合
SUUMO 賃貸 伊豆の国市,伊豆の国市,賃貸アパート,賃貸カテゴリ（掲載種別）,静岡県伊豆の国市四日町,4.9,26.5,,5,—,—,,—,賃貸のため対象外,,2026-08-09,,https://suumo.jp/chintai/jnc_000109076543/?bc=100489365613,適合
SUUMO 賃貸 伊豆の国市,伊豆の国市,賃貸アパート,賃貸カテゴリ（掲載種別）,静岡県伊豆の国市四日町,5.4,29.8,,5,—,—,,—,賃貸のため対象外,,2026-08-08,,https://suumo.jp/chintai/jnc_000109076542/?bc=100468735934,不適合
SUUMO 賃貸 伊豆の国市,伊豆の国市,賃貸アパート,賃貸カテゴリ（掲載種別）,静岡県伊豆の国市天野,5.0,43.3,,5,—,—,,—,賃貸のため対象外,,2026-07-25,,https://suumo.jp/chintai/jnc_000101664525/?bc=100444024936,適合
SUUMO 賃貸 伊豆の国市,伊豆の国市,賃貸アパート,賃貸カテゴリ（掲載種別）,静岡県伊豆の国市寺家,4.0,45.9,,5,—,—,,—,賃貸のため対象外,,2026-08-11,,https://suumo.jp/chintai/jnc_000108441649/?bc=100513767567,適合
SUUMO 賃貸 伊豆の国市,伊豆の国市,賃貸アパート,賃貸カテゴリ（掲載種別）,静岡県伊豆の国市寺家,4.3,45.9,,5,—,—,,—,賃貸のため対象外,,2026-07-25,,https://suumo.jp/chintai/jnc_000108067167/?bc=100514251333,適合
SUUMO 賃貸 伊豆の国市,伊豆の国市,賃貸アパート,賃貸カテゴリ（掲載種別）,静岡県伊豆の国市大仁,4.5,35.3,,5,—,—,,—,賃貸のため対象外,,2026-08-10,,https://suumo.jp/chintai/jnc_000013975274/?bc=100368772547,適合
SUUMO 賃貸 伊豆の国市,伊豆の国市,賃貸マンション,賃貸カテゴリ（掲載種別）,静岡県伊豆の国市古奈,8.0,55.0,,5,—,—,,—,賃貸のため対象外,,2026-08-11,,https://suumo.jp/chintai/jnc_000104970034/?bc=100498309338,不適合
SUUMO 賃貸 伊豆の国市,伊豆の国市,賃貸マンション,賃貸カテゴリ（掲載種別）,静岡県伊豆の国市古奈,8.5,59.2,,5,—,—,,—,賃貸のため対象外,,2026-08-11,,https://suumo.jp/chintai/jnc_000079405518/?bc=100508499984,不適合
SUUMO 賃貸 伊豆の国市,伊豆の国市,賃貸マンション,賃貸カテゴリ（掲載種別）,静岡県伊豆の国市古奈,9.0,58.0,,5,—,—,,—,賃貸のため対象外,,2026-08-11,,https://suumo.jp/chintai/jnc_000096456677/?bc=100498309317,不適合
SUUMO 賃貸 伊豆の国市,伊豆の国市,賃貸マンション,賃貸カテゴリ（掲載種別）,静岡県伊豆の国市古奈,9.5,64.8,,5,—,—,,—,賃貸のため対象外,,2026-08-11,,https://suumo.jp/chintai/jnc_000106362733/?bc=100498309313,不適合
SUUMO 賃貸 伊豆の国市,伊豆の国市,賃貸アパート,賃貸カテゴリ（掲載種別）,静岡県伊豆の国市長岡,4.7,54.6,,5,—,—,,—,賃貸のため対象外,,2026-08-07,,https://suumo.jp/chintai/jnc_000109030181/?bc=100520765989,適合
SUUMO 賃貸 伊豆の国市,伊豆の国市,賃貸アパート,賃貸カテゴリ（掲載種別）,静岡県伊豆の国市長岡,4.8,54.6,,5,—,—,,—,賃貸のため対象外,,2026-08-11,,https://suumo.jp/chintai/jnc_000084293549/?bc=100505438663,適合
SUUMO 賃貸 伊豆の国市,伊豆の国市,賃貸マンション,賃貸カテゴリ（掲載種別）,静岡県伊豆の国市古奈,3.9,32.2,,5,—,—,,—,賃貸のため対象外,,2026-08-11,,https://suumo.jp/chintai/jnc_000083288943/?bc=100483720325,適合
SUUMO 賃貸 伊豆の国市,伊豆の国市,賃貸アパート,賃貸カテゴリ（掲載種別）,静岡県伊豆の国市南條,4.0,33.5,,5,—,—,,—,賃貸のため対象外,,2026-08-02,,https://suumo.jp/chintai/jnc_000073257276/?bc=100520015305,適合
SUUMO 賃貸 伊豆の国市,伊豆の国市,賃貸アパート,賃貸カテゴリ（掲載種別）,静岡県伊豆の国市南條,4.1,33.5,,5,—,—,,—,賃貸のため対象外,,2026-08-07,,https://suumo.jp/chintai/jnc_000105141092/?bc=100491273619,適合
SUUMO 賃貸 伊豆の国市,伊豆の国市,賃貸アパート,賃貸カテゴリ（掲載種別）,静岡県伊豆の国市田京,3.7,39.9,,5,田,—,,—,賃貸のため対象外,,2026-08-07,,https://suumo.jp/chintai/jnc_000072781261/?bc=100520813228,適合
SUUMO 賃貸 伊豆の国市,伊豆の国市,賃貸アパート,賃貸カテゴリ（掲載種別）,静岡県伊豆の国市田京,3.7,39.9,,5,田,—,,—,賃貸のため対象外,,2026-08-09,,https://suumo.jp/chintai/jnc_000087115835/?bc=100512929830,適合
SUUMO 賃貸 伊豆の国市,伊豆の国市,賃貸戸建,賃貸カテゴリ（掲載種別）,静岡県伊豆の国市寺家,12.2,86.1,,5,—,—,,—,賃貸のため対象外,,2026-08-10,,https://suumo.jp/chintai/jnc_000108111986/?bc=100513828334,不適合
SUUMO 賃貸 伊豆の国市,伊豆の国市,賃貸アパート,賃貸カテゴリ（掲載種別）,静岡県伊豆の国市長岡,4.5,43.0,,5,—,—,,—,賃貸のため対象外,,2026-08-10,,https://suumo.jp/chintai/jnc_000063262546/?bc=100493143631,適合
SUUMO 賃貸 伊豆の国市,伊豆の国市,賃貸アパート,賃貸カテゴリ（掲載種別）,静岡県伊豆の国市長岡,4.5,43.0,,5,—,—,,—,賃貸のため対象外,,2026-08-11,,https://suumo.jp/chintai/jnc_000107354442/?bc=100508048059,適合
SUUMO 賃貸 伊豆の国市,伊豆の国市,賃貸アパート,賃貸カテゴリ（掲載種別）,静岡県伊豆の国市長岡,4.5,50.0,,5,—,—,,—,賃貸のため対象外,,2026-08-07,,https://suumo.jp/chintai/jnc_000109061477/?bc=100520980836,適合
SUUMO 賃貸 伊豆の国市,伊豆の国市,賃貸マンション,賃貸カテゴリ（掲載種別）,静岡県伊豆の国市南條,3.7,24.8,,5,—,—,,—,賃貸のため対象外,,2026-08-11,,https://suumo.jp/chintai/jnc_000107830212/?bc=100511654963,適合
SUUMO 賃貸 伊豆の国市,伊豆の国市,賃貸マンション,賃貸カテゴリ（掲載種別）,静岡県伊豆の国市南條,3.7,24.8,,5,—,—,,—,賃貸のため対象外,,2026-08-08,,https://suumo.jp/chintai/jnc_000067413245/?bc=100521166110,適合
SUUMO 賃貸 伊豆の国市,伊豆の国市,賃貸マンション,賃貸カテゴリ（掲載種別）,静岡県伊豆の国市南條,3.7,24.8,,5,—,—,,—,賃貸のため対象外,,2026-07-25,,https://suumo.jp/chintai/jnc_000053031408/?bc=100517032208,適合
SUUMO 賃貸 伊豆の国市,伊豆の国市,賃貸マンション,賃貸カテゴリ（掲載種別）,静岡県伊豆の国市南條,3.7,24.8,,5,—,—,,—,賃貸のため対象外,,2026-07-25,,https://suumo.jp/chintai/jnc_000093004579/?bc=100398001178,適合
SUUMO 賃貸 伊豆の国市,伊豆の国市,賃貸マンション,賃貸カテゴリ（掲載種別）,静岡県伊豆の国市南條,3.7,24.8,,5,—,—,,—,賃貸のため対象外,,2026-07-25,,https://suumo.jp/chintai/jnc_000096565121/?bc=100517032206,適合
SUUMO 賃貸 伊豆の国市,伊豆の国市,賃貸マンション,賃貸カテゴリ（掲載種別）,静岡県伊豆の国市三福,2.9,24.8,,5,—,—,,—,賃貸のため対象外,,2026-08-09,,https://suumo.jp/chintai/jnc_000108994391/?bc=100472447686,適合
SUUMO 賃貸 伊豆の国市,伊豆の国市,賃貸マンション,賃貸カテゴリ（掲載種別）,静岡県伊豆の国市三福,2.9,24.8,,5,—,—,,—,賃貸のため対象外,,2026-08-09,,https://suumo.jp/chintai/jnc_000053236133/?bc=100494213277,適合
SUUMO 賃貸 伊豆の国市,伊豆の国市,賃貸マンション,賃貸カテゴリ（掲載種別）,静岡県伊豆の国市三福,2.9,24.8,,5,—,—,,—,賃貸のため対象外,,2026-08-07,,https://suumo.jp/chintai/jnc_000051258031/?bc=100517306134,適合
SUUMO 賃貸 伊豆の国市,伊豆の国市,賃貸マンション,賃貸カテゴリ（掲載種別）,静岡県伊豆の国市三福,2.9,24.8,,5,—,—,,—,賃貸のため対象外,,2026-08-07,,https://suumo.jp/chintai/jnc_000028698067/?bc=100520637453,適合
SUUMO 賃貸 伊豆の国市,伊豆の国市,賃貸アパート,賃貸カテゴリ（掲載種別）,静岡県伊豆の国市長岡,4.0,36.4,,5,—,—,,—,賃貸のため対象外,,2026-08-11,,https://suumo.jp/chintai/jnc_000108742950/?bc=100513909456,適合
SUUMO 賃貸 伊豆の国市,伊豆の国市,賃貸アパート,賃貸カテゴリ（掲載種別）,静岡県伊豆の国市田京,5.3,54.5,,5,田,—,,—,賃貸のため対象外,,2026-08-08,,https://suumo.jp/chintai/jnc_000105538015/?bc=100516567938,不適合
SUUMO 賃貸 伊豆の国市,伊豆の国市,賃貸アパート,賃貸カテゴリ（掲載種別）,静岡県伊豆の国市田京,8.4,54.5,,5,田,—,,—,賃貸のため対象外,,2026-08-10,,https://suumo.jp/chintai/jnc_000109011477/?bc=100499275785,不適合
SUUMO 賃貸 伊豆の国市,伊豆の国市,賃貸アパート,賃貸カテゴリ（掲載種別）,静岡県伊豆の国市田京,8.4,54.5,,5,田,—,,—,賃貸のため対象外,,2026-08-11,,https://suumo.jp/chintai/jnc_000109011475/?bc=100516568036,不適合
SUUMO 賃貸 伊豆の国市,伊豆の国市,賃貸アパート,賃貸カテゴリ（掲載種別）,静岡県伊豆の国市田京,8.4,54.5,,5,田,—,,—,賃貸のため対象外,,2026-08-11,,https://suumo.jp/chintai/jnc_000109011476/?bc=100516567962,不適合
SUUMO 賃貸 伊豆の国市,伊豆の国市,賃貸マンション,賃貸カテゴリ（掲載種別）,静岡県伊豆の国市原木,6.2,63.2,,5,—,—,,—,賃貸のため対象外,,2026-08-11,,https://suumo.jp/chintai/jnc_000108298319/?bc=100515432531,不適合
SUUMO 賃貸 伊豆の国市,伊豆の国市,賃貸アパート,賃貸カテゴリ（掲載種別）,静岡県伊豆の国市寺家,6.4,50.8,,5,—,—,,—,賃貸のため対象外,,2026-08-07,,https://suumo.jp/chintai/jnc_000108884169/?bc=100519788325,不適合
SUUMO 賃貸 伊豆の国市,伊豆の国市,賃貸アパート,賃貸カテゴリ（掲載種別）,静岡県伊豆の国市大仁,6.0,41.2,,5,—,—,,—,賃貸のため対象外,,2026-08-10,,https://suumo.jp/chintai/jnc_000106243009/?bc=100517823731,不適合
SUUMO 賃貸 伊豆の国市,伊豆の国市,賃貸アパート,賃貸カテゴリ（掲載種別）,静岡県伊豆の国市三福,7.5,61.7,,5,—,—,,—,賃貸のため対象外,,2026-08-11,,https://suumo.jp/chintai/jnc_000108527670/?bc=100516240358,不適合
SUUMO 賃貸 伊豆の国市,伊豆の国市,賃貸アパート,賃貸カテゴリ（掲載種別）,静岡県伊豆の国市三福,8.0,74.2,,5,—,—,,—,賃貸のため対象外,,2026-08-11,,https://suumo.jp/chintai/jnc_000108117310/?bc=100515530629,不適合
SUUMO 賃貸 伊豆の国市,伊豆の国市,賃貸アパート,賃貸カテゴリ（掲載種別）,静岡県伊豆の国市大仁,6.4,50.1,,5,—,—,,—,賃貸のため対象外,,2026-08-07,,https://suumo.jp/chintai/jnc_000083582458/?bc=100519788863,不適合
SUUMO 賃貸 伊豆の国市,伊豆の国市,賃貸その他,賃貸カテゴリ（掲載種別）,静岡県伊豆の国市古奈,6.6,60.9,,5,—,—,,—,賃貸のため対象外,,2026-08-11,,https://suumo.jp/chintai/jnc_000108511480/?bc=100508284730,不適合
SUUMO 賃貸 伊豆の国市,伊豆の国市,賃貸アパート,賃貸カテゴリ（掲載種別）,静岡県伊豆の国市三福,6.7,64.6,,5,—,—,,—,賃貸のため対象外,,2026-08-11,,https://suumo.jp/chintai/jnc_000105939097/?bc=100466472594,不適合
SUUMO 賃貸 伊豆の国市,伊豆の国市,賃貸アパート,賃貸カテゴリ（掲載種別）,静岡県伊豆の国市田京,6.0,44.9,,5,田,—,,—,賃貸のため対象外,,2026-07-25,,https://suumo.jp/chintai/jnc_000107886541/?bc=100516567948,不適合
SUUMO 賃貸 伊豆の国市,伊豆の国市,賃貸アパート,賃貸カテゴリ（掲載種別）,静岡県伊豆の国市田京,6.0,44.9,,5,田,—,,—,賃貸のため対象外,,2026-07-25,,https://suumo.jp/chintai/jnc_000097030480/?bc=100516567955,不適合
SUUMO 賃貸 伊豆の国市,伊豆の国市,賃貸アパート,賃貸カテゴリ（掲載種別）,静岡県伊豆の国市田京,6.7,44.9,,5,田,—,,—,賃貸のため対象外,,2026-08-09,,https://suumo.jp/chintai/jnc_000107727313/?bc=100516567975,不適合
SUUMO 賃貸 伊豆の国市,伊豆の国市,賃貸マンション,賃貸カテゴリ（掲載種別）,静岡県伊豆の国市古奈,5.6,51.0,,5,—,—,,—,賃貸のため対象外,,2026-08-10,,https://suumo.jp/chintai/jnc_000029259418/?bc=100505587401,不適合
SUUMO 賃貸 伊豆の国市,伊豆の国市,賃貸アパート,賃貸カテゴリ（掲載種別）,静岡県伊豆の国市南條,5.7,59.0,,5,田,—,,—,賃貸のため対象外,,2026-07-25,,https://suumo.jp/chintai/jnc_000107369454/?bc=100508155908,不適合
SUUMO 賃貸 伊豆の国市,伊豆の国市,賃貸アパート,賃貸カテゴリ（掲載種別）,静岡県伊豆の国市原木,4.7,61.2,,5,—,—,,—,賃貸のため対象外,,2026-08-11,,https://suumo.jp/chintai/jnc_000108325963/?bc=100515431795,適合
SUUMO 賃貸 伊豆の国市,伊豆の国市,賃貸アパート,賃貸カテゴリ（掲載種別）,静岡県伊豆の国市原木,5.2,61.2,,5,—,—,,—,賃貸のため対象外,,2026-08-11,,https://suumo.jp/chintai/jnc_000086932089/?bc=100475332154,不適合
SUUMO 賃貸 伊豆の国市,伊豆の国市,賃貸アパート,賃貸カテゴリ（掲載種別）,静岡県伊豆の国市田京,6.3,46.9,,5,田,—,,—,賃貸のため対象外,,2026-07-25,,https://suumo.jp/chintai/jnc_000107886540/?bc=100389941713,不適合
SUUMO 賃貸 伊豆の国市,伊豆の国市,賃貸アパート,賃貸カテゴリ（掲載種別）,静岡県伊豆の国市田京,6.3,46.9,,5,田,—,,—,賃貸のため対象外,,2026-07-25,,https://suumo.jp/chintai/jnc_000107886539/?bc=100424252368,不適合
SUUMO 賃貸 伊豆の国市,伊豆の国市,賃貸アパート,賃貸カテゴリ（掲載種別）,静岡県伊豆の国市田京,6.8,46.9,,5,田,—,,—,賃貸のため対象外,,2026-08-11,,https://suumo.jp/chintai/jnc_000107727311/?bc=100516567925,不適合
SUUMO 賃貸 伊豆の国市,伊豆の国市,賃貸アパート,賃貸カテゴリ（掲載種別）,静岡県伊豆の国市田京,6.8,46.9,,5,田,—,,—,賃貸のため対象外,,2026-08-08,,https://suumo.jp/chintai/jnc_000107727310/?bc=100409995109,不適合
SUUMO 賃貸 伊豆の国市,伊豆の国市,賃貸アパート,賃貸カテゴリ（掲載種別）,静岡県伊豆の国市田京,6.8,46.9,,5,田,—,,—,賃貸のため対象外,,2026-08-08,,https://suumo.jp/chintai/jnc_000107727312/?bc=100498767354,不適合
SUUMO 賃貸 伊豆の国市,伊豆の国市,賃貸アパート,賃貸カテゴリ（掲載種別）,静岡県伊豆の国市田京,6.8,46.9,,5,田,—,,—,賃貸のため対象外,,2026-08-08,,https://suumo.jp/chintai/jnc_000109076535/?bc=100517177290,不適合
SUUMO 賃貸 伊豆の国市,伊豆の国市,賃貸アパート,賃貸カテゴリ（掲載種別）,静岡県伊豆の国市田京,6.9,46.9,,5,田,—,,—,賃貸のため対象外,,2026-08-08,,https://suumo.jp/chintai/jnc_000107727309/?bc=100335321931,不適合
SUUMO 賃貸 伊豆の国市,伊豆の国市,賃貸アパート,賃貸カテゴリ（掲載種別）,静岡県伊豆の国市吉田,5.5,56.0,,5,田,—,,—,賃貸のため対象外,,2026-08-05,,https://suumo.jp/chintai/jnc_000019522233/?bc=100512742500,不適合
SUUMO 賃貸 伊豆の国市,伊豆の国市,賃貸マンション,賃貸カテゴリ（掲載種別）,静岡県伊豆の国市南條,6.15,45.4,,5,—,—,,—,賃貸のため対象外,,2026-08-10,,https://suumo.jp/chintai/jnc_000030105227/?bc=100515431696,不適合
SUUMO 賃貸 伊豆の国市,伊豆の国市,賃貸マンション,賃貸カテゴリ（掲載種別）,静岡県伊豆の国市四日町,6.5,62.8,,5,—,—,,—,賃貸のため対象外,,2026-07-25,,https://suumo.jp/chintai/jnc_000106598858/?bc=100465483868,不適合
SUUMO 賃貸 伊豆の国市,伊豆の国市,賃貸アパート,賃貸カテゴリ（掲載種別）,静岡県伊豆の国市守木,5.2,33.0,,5,—,—,,—,賃貸のため対象外,,2026-07-25,,https://suumo.jp/chintai/jnc_000108419285/?bc=100501486767,不適合
SUUMO 賃貸 伊豆の国市,伊豆の国市,賃貸アパート,賃貸カテゴリ（掲載種別）,静岡県伊豆の国市南條,7.4,60.3,,5,—,—,,—,賃貸のため対象外,,2026-07-25,,https://suumo.jp/chintai/jnc_000068354968/?bc=100512630262,不適合
SUUMO 賃貸 伊豆の国市,伊豆の国市,賃貸マンション,賃貸カテゴリ（掲載種別）,静岡県伊豆の国市原木,5.35,45.4,,5,—,—,,—,賃貸のため対象外,,2026-08-11,,https://suumo.jp/chintai/jnc_000105850100/?bc=100496847062,不適合
SUUMO 賃貸 伊豆の国市,伊豆の国市,賃貸アパート,賃貸カテゴリ（掲載種別）,静岡県伊豆の国市寺家,5.8,50.4,,5,—,—,,—,賃貸のため対象外,,2026-07-25,,https://suumo.jp/chintai/jnc_000107947093/?bc=100512629657,不適合
SUUMO 賃貸 伊豆の国市,伊豆の国市,賃貸マンション,賃貸カテゴリ（掲載種別）,静岡県伊豆の国市寺家,5.5,59.5,,5,—,—,,—,賃貸のため対象外,,2026-07-27,,https://suumo.jp/chintai/jnc_000108803950/?bc=100502670160,不適合
SUUMO 賃貸 伊豆の国市,伊豆の国市,賃貸アパート,賃貸カテゴリ（掲載種別）,静岡県伊豆の国市田京,8.05,59.2,,5,田,—,,—,賃貸のため対象外,,2026-08-08,,https://suumo.jp/chintai/jnc_000109076534/?bc=100520103351,不適合
SUUMO 賃貸 伊豆の国市,伊豆の国市,賃貸アパート,賃貸カテゴリ（掲載種別）,静岡県伊豆の国市吉田,5.5,56.0,,5,田,—,,—,賃貸のため対象外,,2026-08-11,,https://suumo.jp/chintai/jnc_000108298320/?bc=100515471793,不適合
SUUMO 賃貸 伊豆の国市,伊豆の国市,賃貸アパート,賃貸カテゴリ（掲載種別）,静岡県伊豆の国市原木,4.9,61.2,,5,—,—,,—,賃貸のため対象外,,2026-08-10,,https://suumo.jp/chintai/jnc_000107204553/?bc=100475334254,適合
SUUMO 賃貸 伊豆の国市,伊豆の国市,賃貸アパート,賃貸カテゴリ（掲載種別）,静岡県伊豆の国市南條,7.4,59.2,,5,—,—,,—,賃貸のため対象外,,2026-08-01,,https://suumo.jp/chintai/jnc_000108884170/?bc=100519788065,不適合
SUUMO 賃貸 伊豆の国市,伊豆の国市,賃貸アパート,賃貸カテゴリ（掲載種別）,静岡県伊豆の国市四日町,5.4,33.2,,5,—,—,,—,賃貸のため対象外,,2026-08-07,,https://suumo.jp/chintai/jnc_000107947111/?bc=100512629472,不適合
SUUMO 賃貸 伊豆の国市,伊豆の国市,賃貸アパート,賃貸カテゴリ（掲載種別）,静岡県伊豆の国市長岡,6.75,58.6,,5,—,—,,—,賃貸のため対象外,,2026-07-25,,https://suumo.jp/chintai/jnc_000108539346/?bc=100517022671,不適合
SUUMO 賃貸 伊豆の国市,伊豆の国市,賃貸マンション,賃貸カテゴリ（掲載種別）,静岡県伊豆の国市原木,5.5,52.6,,5,—,—,,—,賃貸のため対象外,,2026-07-25,,https://suumo.jp/chintai/jnc_000106367752/?bc=100500953692,不適合
SUUMO 賃貸 伊豆の国市,伊豆の国市,賃貸マンション,賃貸カテゴリ（掲載種別）,静岡県伊豆の国市原木,5.5,52.6,,5,—,—,,—,賃貸のため対象外,,2026-07-25,,https://suumo.jp/chintai/jnc_000094538072/?bc=100485588114,不適合
SUUMO 賃貸 伊豆の国市,伊豆の国市,賃貸マンション,賃貸カテゴリ（掲載種別）,静岡県伊豆の国市古奈,5.9,50.0,,5,—,—,,—,賃貸のため対象外,,2026-08-11,,https://suumo.jp/chintai/jnc_000094365913/?bc=100465483818,不適合
SUUMO 賃貸 伊豆の国市,伊豆の国市,賃貸アパート,賃貸カテゴリ（掲載種別）,静岡県伊豆の国市南條,5.9,50.4,,5,—,—,,—,賃貸のため対象外,,2026-07-25,,https://suumo.jp/chintai/jnc_000107369453/?bc=100508155875,不適合
SUUMO 賃貸 伊豆の国市,伊豆の国市,賃貸アパート,賃貸カテゴリ（掲載種別）,静岡県伊豆の国市三福,7.0,58.4,,5,田,—,,—,賃貸のため対象外,,2026-08-01,,https://suumo.jp/chintai/jnc_000108884172/?bc=100519789014,不適合
SUUMO 賃貸 伊豆の国市,伊豆の国市,賃貸アパート,賃貸カテゴリ（掲載種別）,静岡県伊豆の国市吉田,5.6,21.8,,5,田,—,,—,賃貸のため対象外,,2026-08-11,,https://suumo.jp/chintai/jnc_000109011484/?bc=100518745552,不適合
SUUMO 賃貸 伊豆の国市,伊豆の国市,賃貸アパート,賃貸カテゴリ（掲載種別）,静岡県伊豆の国市吉田,5.6,21.8,,5,田,—,,—,賃貸のため対象外,,2026-08-07,,https://suumo.jp/chintai/jnc_000109011483/?bc=100207184216,不適合
SUUMO 賃貸 伊豆の国市,伊豆の国市,賃貸アパート,賃貸カテゴリ（掲載種別）,静岡県伊豆の国市長岡,4.8,37.1,,5,田,—,,—,賃貸のため対象外,,2026-07-25,,https://suumo.jp/chintai/jnc_000098369534/?bc=100511292387,適合
SUUMO 賃貸 伊豆の国市,伊豆の国市,賃貸アパート,賃貸カテゴリ（掲載種別）,静岡県伊豆の国市三福,5.4,23.2,,5,—,—,,—,賃貸のため対象外,,2026-08-05,,https://suumo.jp/chintai/jnc_000108987956/?bc=100518745569,不適合
SUUMO 賃貸 伊豆の国市,伊豆の国市,賃貸アパート,賃貸カテゴリ（掲載種別）,静岡県伊豆の国市三福,5.4,23.2,,5,—,—,,—,賃貸のため対象外,,2026-08-11,,https://suumo.jp/chintai/jnc_000108987955/?bc=100327811721,不適合
SUUMO 賃貸 伊豆の国市,伊豆の国市,賃貸アパート,賃貸カテゴリ（掲載種別）,静岡県伊豆の国市三福,5.7,23.2,,5,—,—,,—,賃貸のため対象外,,2026-08-11,,https://suumo.jp/chintai/jnc_000108987957/?bc=100518745544,不適合
SUUMO 賃貸 伊豆の国市,伊豆の国市,賃貸アパート,賃貸カテゴリ（掲載種別）,静岡県伊豆の国市三福,5.7,23.2,,5,—,—,,—,賃貸のため対象外,,2026-08-11,,https://suumo.jp/chintai/jnc_000108987958/?bc=100518745572,不適合
SUUMO 賃貸 伊豆の国市,伊豆の国市,賃貸マンション,賃貸カテゴリ（掲載種別）,静岡県伊豆の国市四日町,6.0,59.5,,5,—,—,,—,賃貸のため対象外,,2026-08-11,,https://suumo.jp/chintai/jnc_000108330034/?bc=100515470575,不適合
SUUMO 賃貸 伊豆の国市,伊豆の国市,賃貸マンション,賃貸カテゴリ（掲載種別）,静岡県伊豆の国市四日町,6.1,59.5,,5,—,—,,—,賃貸のため対象外,,2026-08-11,,https://suumo.jp/chintai/jnc_000108330035/?bc=100515470593,不適合
SUUMO 賃貸 伊豆の国市,伊豆の国市,賃貸アパート,賃貸カテゴリ（掲載種別）,静岡県伊豆の国市田京,4.9,21.8,,5,田,—,,—,賃貸のため対象外,,2026-08-11,,https://suumo.jp/chintai/jnc_000109043467/?bc=100516567985,適合
SUUMO 賃貸 伊豆の国市,伊豆の国市,賃貸マンション,賃貸カテゴリ（掲載種別）,静岡県伊豆の国市南條,6.3,53.5,,5,—,—,,—,賃貸のため対象外,,2026-07-25,,https://suumo.jp/chintai/jnc_000107825652/?bc=100511601808,不適合
SUUMO 賃貸 伊豆の国市,伊豆の国市,賃貸マンション,賃貸カテゴリ（掲載種別）,静岡県伊豆の国市南條,6.3,53.5,,5,—,—,,—,賃貸のため対象外,,2026-08-11,,https://suumo.jp/chintai/jnc_000105538016/?bc=100515470578,不適合
SUUMO 賃貸 伊豆の国市,伊豆の国市,賃貸マンション,賃貸カテゴリ（掲載種別）,静岡県伊豆の国市古奈,5.0,47.0,,5,—,—,,—,賃貸のため対象外,,2026-08-02,,https://suumo.jp/chintai/jnc_000095058228/?bc=100516147505,適合
SUUMO 賃貸 伊豆の国市,伊豆の国市,賃貸マンション,賃貸カテゴリ（掲載種別）,静岡県伊豆の国市古奈,5.5,47.0,,5,—,—,,—,賃貸のため対象外,,2026-07-26,,https://suumo.jp/chintai/jnc_000108783947/?bc=100505292052,不適合
SUUMO 賃貸 伊豆の国市,伊豆の国市,賃貸マンション,賃貸カテゴリ（掲載種別）,静岡県伊豆の国市古奈,5.5,47.3,,5,—,—,,—,賃貸のため対象外,,2026-07-25,,https://suumo.jp/chintai/jnc_000106656243/?bc=100503064586,不適合
SUUMO 賃貸 伊豆の国市,伊豆の国市,賃貸マンション,賃貸カテゴリ（掲載種別）,静岡県伊豆の国市原木,6.5,65.6,,5,—,—,,—,賃貸のため対象外,,2026-08-02,,https://suumo.jp/chintai/jnc_000047387963/?bc=100504929182,不適合
SUUMO 賃貸 伊豆の国市,伊豆の国市,賃貸マンション,賃貸カテゴリ（掲載種別）,静岡県伊豆の国市原木,6.5,65.6,,5,—,—,,—,賃貸のため対象外,,2026-08-08,,https://suumo.jp/chintai/jnc_000038054093/?bc=100504881745,不適合
SUUMO 賃貸 伊豆の国市,伊豆の国市,賃貸マンション,賃貸カテゴリ（掲載種別）,静岡県伊豆の国市原木,6.5,61.0,,5,—,—,,—,賃貸のため対象外,,2026-08-11,,https://suumo.jp/chintai/jnc_000070031757/?bc=100498309400,不適合
SUUMO 賃貸 伊豆の国市,伊豆の国市,賃貸マンション,賃貸カテゴリ（掲載種別）,静岡県伊豆の国市原木,6.5,65.0,,5,—,—,,—,賃貸のため対象外,,2026-08-07,,https://suumo.jp/chintai/jnc_000038054095/?bc=100512958882,不適合
SUUMO 賃貸 伊豆の国市,伊豆の国市,賃貸マンション,賃貸カテゴリ（掲載種別）,静岡県伊豆の国市原木,6.5,65.6,,5,—,—,,—,賃貸のため対象外,,2026-08-11,,https://suumo.jp/chintai/jnc_000106912254/?bc=100504915121,不適合
SUUMO 賃貸 伊豆の国市,伊豆の国市,賃貸マンション,賃貸カテゴリ（掲載種別）,静岡県伊豆の国市原木,6.5,65.6,,5,—,—,,—,賃貸のため対象外,,2026-08-11,,https://suumo.jp/chintai/jnc_000038054097/?bc=100465483873,不適合
SUUMO 賃貸 伊豆の国市,伊豆の国市,賃貸マンション,賃貸カテゴリ（掲載種別）,静岡県伊豆の国市原木,6.5,65.0,,5,—,—,,—,賃貸のため対象外,,2026-08-11,,https://suumo.jp/chintai/jnc_000038073203/?bc=100515470620,不適合
SUUMO 賃貸 伊豆の国市,伊豆の国市,賃貸マンション,賃貸カテゴリ（掲載種別）,静岡県伊豆の国市原木,6.5,61.0,,5,—,—,,—,賃貸のため対象外,,2026-08-11,,https://suumo.jp/chintai/jnc_000108330031/?bc=100515470586,不適合
SUUMO 賃貸 伊豆の国市,伊豆の国市,賃貸マンション,賃貸カテゴリ（掲載種別）,静岡県伊豆の国市原木,6.5,61.0,,5,—,—,,—,賃貸のため対象外,,2026-08-11,,https://suumo.jp/chintai/jnc_000108330032/?bc=100515470600,不適合
SUUMO 賃貸 伊豆の国市,伊豆の国市,賃貸マンション,賃貸カテゴリ（掲載種別）,静岡県伊豆の国市原木,6.5,61.0,,5,—,—,,—,賃貸のため対象外,,2026-08-11,,https://suumo.jp/chintai/jnc_000038073204/?bc=100515470588,不適合
SUUMO 賃貸 伊豆の国市,伊豆の国市,賃貸マンション,賃貸カテゴリ（掲載種別）,静岡県伊豆の国市長岡,6.1,61.9,,5,—,—,,—,賃貸のため対象外,,2026-07-25,,https://suumo.jp/chintai/jnc_000108742949/?bc=100518537743,不適合
SUUMO 賃貸 伊豆の国市,伊豆の国市,賃貸アパート,賃貸カテゴリ（掲載種別）,静岡県伊豆の国市寺家,5.2,56.1,,5,—,—,,—,賃貸のため対象外,,2026-08-01,,https://suumo.jp/chintai/jnc_000103858142/?bc=100465483801,不適合
SUUMO 賃貸 伊豆の国市,伊豆の国市,賃貸戸建,賃貸カテゴリ（掲載種別）,静岡県伊豆の国市中條,5.5,57.1,,5,—,—,,—,賃貸のため対象外,,2026-08-02,関心:戸建,https://suumo.jp/chintai/jnc_000082474695/?bc=100513810588,不適合
SUUMO 賃貸 伊豆の国市,伊豆の国市,賃貸マンション,賃貸カテゴリ（掲載種別）,静岡県伊豆の国市南江間,6.5,65.8,,5,—,—,,—,賃貸のため対象外,,2026-07-25,,https://suumo.jp/chintai/jnc_000108090297/?bc=100513810630,不適合
SUUMO 賃貸 伊豆の国市,伊豆の国市,賃貸マンション,賃貸カテゴリ（掲載種別）,静岡県伊豆の国市南江間,6.5,65.8,,5,—,—,,—,賃貸のため対象外,,2026-08-11,,https://suumo.jp/chintai/jnc_000108330033/?bc=100515471792,不適合
SUUMO 賃貸 伊豆の国市,伊豆の国市,賃貸アパート,賃貸カテゴリ（掲載種別）,静岡県伊豆の国市四日町,5.0,22.4,,5,—,—,,—,賃貸のため対象外,,2026-08-07,,https://suumo.jp/chintai/jnc_000109011485/?bc=100516567899,適合
SUUMO 賃貸 伊豆の国市,伊豆の国市,賃貸マンション,賃貸カテゴリ（掲載種別）,静岡県伊豆の国市南條,6.2,57.3,,5,—,—,,—,賃貸のため対象外,,2026-07-25,,https://suumo.jp/chintai/jnc_000071582403/?bc=100268313623,不適合
SUUMO 賃貸 伊豆の国市,伊豆の国市,賃貸アパート,賃貸カテゴリ（掲載種別）,静岡県伊豆の国市南條,4.7,30.0,,5,—,—,,—,賃貸のため対象外,,2026-08-01,,https://suumo.jp/chintai/jnc_000108884171/?bc=100519788155,適合
SUUMO 賃貸 伊豆の国市,伊豆の国市,賃貸マンション,賃貸カテゴリ（掲載種別）,静岡県伊豆の国市南條,4.9,41.6,,5,—,—,,—,賃貸のため対象外,,2026-07-25,,https://suumo.jp/chintai/jnc_000102097816/?bc=100465638181,適合
SUUMO 賃貸 伊豆の国市,伊豆の国市,賃貸マンション,賃貸カテゴリ（掲載種別）,静岡県伊豆の国市寺家,5.8,55.9,,5,—,—,,—,賃貸のため対象外,,2026-07-25,,https://suumo.jp/chintai/jnc_000071293170/?bc=100465483800,不適合
SUUMO 賃貸 伊豆の国市,伊豆の国市,賃貸マンション,賃貸カテゴリ（掲載種別）,静岡県伊豆の国市寺家,5.8,55.9,,5,—,—,,—,賃貸のため対象外,,2026-07-25,,https://suumo.jp/chintai/jnc_000107369449/?bc=100508155877,不適合
SUUMO 賃貸 伊豆の国市,伊豆の国市,賃貸アパート,賃貸カテゴリ（掲載種別）,静岡県伊豆の国市四日町,5.7,35.3,,5,—,—,,—,賃貸のため対象外,,2026-08-10,,https://suumo.jp/chintai/jnc_000108298321/?bc=100515431787,不適合
SUUMO 賃貸 伊豆の国市,伊豆の国市,賃貸アパート,賃貸カテゴリ（掲載種別）,静岡県伊豆の国市原木,4.5,29.8,,5,—,—,,—,賃貸のため対象外,,2026-07-25,,https://suumo.jp/chintai/jnc_000083383420/?bc=100512629776,適合
SUUMO 賃貸 伊豆の国市,伊豆の国市,賃貸アパート,賃貸カテゴリ（掲載種別）,静岡県伊豆の国市三福,6.0,54.6,,5,田,—,,—,賃貸のため対象外,,2026-07-31,,https://suumo.jp/chintai/jnc_000108884174/?bc=100519788309,不適合
SUUMO 賃貸 伊豆の国市,伊豆の国市,賃貸アパート,賃貸カテゴリ（掲載種別）,静岡県伊豆の国市田京,6.0,45.4,,5,田,—,,—,賃貸のため対象外,,2026-08-02,,https://suumo.jp/chintai/jnc_000041724537/?bc=100508557741,不適合
SUUMO 賃貸 伊豆の国市,伊豆の国市,賃貸アパート,賃貸カテゴリ（掲載種別）,静岡県伊豆の国市田京,6.2,60.2,,5,田,—,,—,賃貸のため対象外,,2026-08-02,,https://suumo.jp/chintai/jnc_000108671451/?bc=100518020399,不適合
SUUMO 賃貸 伊豆の国市,伊豆の国市,賃貸マンション,賃貸カテゴリ（掲載種別）,静岡県伊豆の国市南江間,7.2,38.0,,5,—,—,,—,賃貸のため対象外,,2026-07-25,,https://suumo.jp/chintai/jnc_000107986231/?bc=100512954565,不適合
SUUMO 賃貸 伊豆の国市,伊豆の国市,賃貸アパート,賃貸カテゴリ（掲載種別）,静岡県伊豆の国市四日町,5.0,40.2,,5,—,—,,—,賃貸のため対象外,,2026-07-25,,https://suumo.jp/chintai/jnc_000108711615/?bc=100518302924,適合
SUUMO 賃貸 伊豆の国市,伊豆の国市,賃貸アパート,賃貸カテゴリ（掲載種別）,静岡県伊豆の国市四日町,5.0,40.2,,5,—,—,,—,賃貸のため対象外,,2026-07-25,,https://suumo.jp/chintai/jnc_000097540995/?bc=100517406853,適合
SUUMO 賃貸 伊豆の国市,伊豆の国市,賃貸アパート,賃貸カテゴリ（掲載種別）,静岡県伊豆の国市四日町,4.8,23.2,,5,—,—,,—,賃貸のため対象外,,2026-08-11,,https://suumo.jp/chintai/jnc_000109076546/?bc=100516567968,適合
SUUMO 賃貸 伊豆の国市,伊豆の国市,賃貸アパート,賃貸カテゴリ（掲載種別）,静岡県伊豆の国市四日町,5.0,23.2,,5,—,—,,—,賃貸のため対象外,,2026-08-11,,https://suumo.jp/chintai/jnc_000109076547/?bc=100518155617,適合
SUUMO 賃貸 伊豆の国市,伊豆の国市,賃貸アパート,賃貸カテゴリ（掲載種別）,静岡県伊豆の国市四日町,5.1,23.2,,5,—,—,,—,賃貸のため対象外,,2026-08-11,,https://suumo.jp/chintai/jnc_000109076548/?bc=100516567971,不適合
SUUMO 賃貸 伊豆の国市,伊豆の国市,賃貸アパート,賃貸カテゴリ（掲載種別）,静岡県伊豆の国市四日町,4.3,38.8,,5,—,—,,—,賃貸のため対象外,,2026-07-25,,https://suumo.jp/chintai/jnc_000108298322/?bc=100515431529,適合
SUUMO 賃貸 伊豆の国市,伊豆の国市,賃貸アパート,賃貸カテゴリ（掲載種別）,静岡県伊豆の国市南條,4.8,22.4,,5,—,—,,—,賃貸のため対象外,,2026-08-08,,https://suumo.jp/chintai/jnc_000108987953/?bc=100516567970,適合
SUUMO 賃貸 伊豆の国市,伊豆の国市,賃貸アパート,賃貸カテゴリ（掲載種別）,静岡県伊豆の国市南條,4.8,22.4,,5,—,—,,—,賃貸のため対象外,,2026-08-08,,https://suumo.jp/chintai/jnc_000108987954/?bc=100516790522,適合
SUUMO 賃貸 伊豆の国市,伊豆の国市,賃貸アパート,賃貸カテゴリ（掲載種別）,静岡県伊豆の国市吉田,7.9,34.3,,5,田,—,,—,賃貸のため対象外,,2026-08-11,,https://suumo.jp/chintai/jnc_000109101345/?bc=100518488980,不適合
SUUMO 賃貸 伊豆の国市,伊豆の国市,賃貸アパート,賃貸カテゴリ（掲載種別）,静岡県伊豆の国市長岡,5.1,33.4,,5,—,—,,—,賃貸のため対象外,,2026-08-11,,https://suumo.jp/chintai/jnc_000107379885/?bc=100508509521,不適合
SUUMO 賃貸 伊豆の国市,伊豆の国市,賃貸アパート,賃貸カテゴリ（掲載種別）,静岡県伊豆の国市南條,5.0,50.3,,5,—,—,,—,賃貸のため対象外,,2026-07-25,,https://suumo.jp/chintai/jnc_000108080951/?bc=100513703827,適合
SUUMO 賃貸 伊豆の国市,伊豆の国市,賃貸アパート,賃貸カテゴリ（掲載種別）,静岡県伊豆の国市四日町,4.4,38.8,,5,—,—,,—,賃貸のため対象外,,2026-08-10,,https://suumo.jp/chintai/jnc_000108298323/?bc=100515431723,適合
SUUMO 賃貸 伊豆の国市,伊豆の国市,賃貸戸建,賃貸カテゴリ（掲載種別）,静岡県伊豆の国市四日町,5.0,52.2,,5,—,—,,—,賃貸のため対象外,,2026-07-26,,https://suumo.jp/chintai/jnc_000108779794/?bc=100465483770,適合
SUUMO 賃貸 伊豆の国市,伊豆の国市,賃貸アパート,賃貸カテゴリ（掲載種別）,静岡県伊豆の国市古奈,4.85,52.2,,5,—,—,,—,賃貸のため対象外,,2026-08-03,,https://suumo.jp/chintai/jnc_000108927965/?bc=100520103359,適合
SUUMO 賃貸 伊豆の国市,伊豆の国市,賃貸アパート,賃貸カテゴリ（掲載種別）,静岡県伊豆の国市韮山土手和田,5.0,22.4,,5,田,—,,—,賃貸のため対象外,,2026-08-11,,https://suumo.jp/chintai/jnc_000109076538/?bc=100516567961,適合
SUUMO 賃貸 伊豆の国市,伊豆の国市,賃貸アパート,賃貸カテゴリ（掲載種別）,静岡県伊豆の国市韮山土手和田,5.1,22.4,,5,田,—,,—,賃貸のため対象外,,2026-08-11,,https://suumo.jp/chintai/jnc_000109076539/?bc=100518155623,不適合
SUUMO 賃貸 伊豆の国市,伊豆の国市,賃貸アパート,賃貸カテゴリ（掲載種別）,静岡県伊豆の国市南條,4.1,24.8,,5,—,—,,—,賃貸のため対象外,,2026-07-31,,https://suumo.jp/chintai/jnc_000101937653/?bc=100519787823,適合
SUUMO 賃貸 伊豆の国市,伊豆の国市,賃貸アパート,賃貸カテゴリ（掲載種別）,静岡県伊豆の国市南條,4.9,64.8,,5,—,—,,—,賃貸のため対象外,,2026-07-25,,https://suumo.jp/chintai/jnc_000106856889/?bc=100504487995,適合
SUUMO 賃貸 伊豆の国市,伊豆の国市,賃貸アパート,賃貸カテゴリ（掲載種別）,静岡県伊豆の国市四日町,5.5,39.7,,5,—,—,,—,賃貸のため対象外,,2026-07-25,,https://suumo.jp/chintai/jnc_000100447979/?bc=100513826109,不適合
SUUMO 賃貸 伊豆の国市,伊豆の国市,賃貸アパート,賃貸カテゴリ（掲載種別）,静岡県伊豆の国市三福,6.0,54.6,,5,—,—,,—,賃貸のため対象外,,2026-08-03,,https://suumo.jp/chintai/jnc_000108834799/?bc=100519354312,不適合
SUUMO 賃貸 伊豆の国市,伊豆の国市,賃貸マンション,賃貸カテゴリ（掲載種別）,静岡県伊豆の国市長岡,6.5,50.8,,5,—,—,,—,賃貸のため対象外,,2026-07-25,,https://suumo.jp/chintai/jnc_000103682425/?bc=100479651289,不適合
SUUMO 賃貸 伊豆の国市,伊豆の国市,賃貸マンション,賃貸カテゴリ（掲載種別）,静岡県伊豆の国市長岡,7.3,50.8,,5,—,—,,—,賃貸のため対象外,,2026-07-25,,https://suumo.jp/chintai/jnc_000104846797/?bc=100488563081,不適合
SUUMO 賃貸 伊豆の国市,伊豆の国市,賃貸マンション,賃貸カテゴリ（掲載種別）,静岡県伊豆の国市三福,5.0,46.4,,5,—,—,,—,賃貸のため対象外,,2026-07-26,,https://suumo.jp/chintai/jnc_000108783950/?bc=100508155925,適合
SUUMO 賃貸 伊豆の国市,伊豆の国市,賃貸マンション,賃貸カテゴリ（掲載種別）,静岡県伊豆の国市三福,5.0,46.4,,5,—,—,,—,賃貸のため対象外,,2026-07-26,,https://suumo.jp/chintai/jnc_000108783949/?bc=100508155931,適合
SUUMO 賃貸 伊豆の国市,伊豆の国市,賃貸マンション,賃貸カテゴリ（掲載種別）,静岡県伊豆の国市三福,5.0,46.4,,5,—,—,,—,賃貸のため対象外,,2026-08-07,,https://suumo.jp/chintai/jnc_000105352799/?bc=100492557166,適合
SUUMO 賃貸 伊豆の国市,伊豆の国市,賃貸マンション,賃貸カテゴリ（掲載種別）,静岡県伊豆の国市原木,4.2,49.0,,5,—,—,,—,賃貸のため対象外,,2026-08-08,,https://suumo.jp/chintai/jnc_000108279358/?bc=100465483752,適合
SUUMO 賃貸 伊豆の国市,伊豆の国市,賃貸アパート,賃貸カテゴリ（掲載種別）,静岡県伊豆の国市長岡,4.0,36.4,,5,—,—,,—,賃貸のため対象外,,2026-08-11,,https://suumo.jp/chintai/jnc_000108749210/?bc=100515432416,適合
SUUMO 賃貸 伊豆の国市,伊豆の国市,賃貸アパート,賃貸カテゴリ（掲載種別）,静岡県伊豆の国市四日町,4.0,40.0,,5,—,—,,—,賃貸のため対象外,,2026-08-07,,https://suumo.jp/chintai/jnc_000109036720/?bc=100465483834,適合
SUUMO 賃貸 伊豆の国市,伊豆の国市,賃貸マンション,賃貸カテゴリ（掲載種別）,静岡県伊豆の国市長岡,5.8,27.9,,5,—,—,,—,賃貸のため対象外,,2026-08-11,,https://suumo.jp/chintai/jnc_000104891929/?bc=100501495446,不適合
SUUMO 賃貸 伊豆の国市,伊豆の国市,賃貸マンション,賃貸カテゴリ（掲載種別）,静岡県伊豆の国市長岡,5.8,27.9,,5,—,—,,—,賃貸のため対象外,,2026-08-09,,https://suumo.jp/chintai/jnc_000104891931/?bc=100497017911,不適合
SUUMO 賃貸 伊豆の国市,伊豆の国市,賃貸マンション,賃貸カテゴリ（掲載種別）,静岡県伊豆の国市長岡,5.9,27.9,,5,—,—,,—,賃貸のため対象外,,2026-08-09,,https://suumo.jp/chintai/jnc_000104891934/?bc=100497017866,不適合
SUUMO 賃貸 伊豆の国市,伊豆の国市,賃貸マンション,賃貸カテゴリ（掲載種別）,静岡県伊豆の国市長岡,6.0,27.9,,5,—,—,,—,賃貸のため対象外,,2026-08-11,,https://suumo.jp/chintai/jnc_000104891938/?bc=100501495470,不適合
SUUMO 賃貸 伊豆の国市,伊豆の国市,賃貸マンション,賃貸カテゴリ（掲載種別）,静岡県伊豆の国市長岡,6.0,27.9,,5,—,—,,—,賃貸のため対象外,,2026-08-09,,https://suumo.jp/chintai/jnc_000104891936/?bc=100497017897,不適合
SUUMO 賃貸 伊豆の国市,伊豆の国市,賃貸マンション,賃貸カテゴリ（掲載種別）,静岡県伊豆の国市長岡,6.0,27.9,,5,—,—,,—,賃貸のため対象外,,2026-08-11,,https://suumo.jp/chintai/jnc_000104891937/?bc=100501495459,不適合
SUUMO 賃貸 伊豆の国市,伊豆の国市,賃貸マンション,賃貸カテゴリ（掲載種別）,静岡県伊豆の国市長岡,6.1,27.9,,5,—,—,,—,賃貸のため対象外,,2026-08-11,,https://suumo.jp/chintai/jnc_000104891941/?bc=100515431514,不適合
SUUMO 賃貸 伊豆の国市,伊豆の国市,賃貸マンション,賃貸カテゴリ（掲載種別）,静岡県伊豆の国市長岡,6.1,27.9,,5,—,—,,—,賃貸のため対象外,,2026-08-11,,https://suumo.jp/chintai/jnc_000104891940/?bc=100515431794,不適合
SUUMO 賃貸 伊豆の国市,伊豆の国市,賃貸マンション,賃貸カテゴリ（掲載種別）,静岡県伊豆の国市長岡,6.1,27.9,,5,—,—,,—,賃貸のため対象外,,2026-08-09,,https://suumo.jp/chintai/jnc_000104891935/?bc=100497017795,不適合
SUUMO 賃貸 伊豆の国市,伊豆の国市,賃貸マンション,賃貸カテゴリ（掲載種別）,静岡県伊豆の国市長岡,6.2,27.9,,5,—,—,,—,賃貸のため対象外,,2026-08-09,,https://suumo.jp/chintai/jnc_000104891939/?bc=100497017898,不適合
SUUMO 賃貸 伊豆の国市,伊豆の国市,賃貸マンション,賃貸カテゴリ（掲載種別）,静岡県伊豆の国市長岡,6.2,27.9,,5,—,—,,—,賃貸のため対象外,,2026-08-11,,https://suumo.jp/chintai/jnc_000104891944/?bc=100515431789,不適合
SUUMO 賃貸 伊豆の国市,伊豆の国市,賃貸マンション,賃貸カテゴリ（掲載種別）,静岡県伊豆の国市長岡,6.3,27.9,,5,—,—,,—,賃貸のため対象外,,2026-07-25,,https://suumo.jp/chintai/jnc_000104891943/?bc=100512629526,不適合
SUUMO 賃貸 伊豆の国市,伊豆の国市,賃貸マンション,賃貸カテゴリ（掲載種別）,静岡県伊豆の国市大仁,5.0,53.1,,5,—,—,,—,賃貸のため対象外,,2026-07-25,,https://suumo.jp/chintai/jnc_000107639654/?bc=100210776518,適合
SUUMO 賃貸 伊豆の国市,伊豆の国市,賃貸アパート,賃貸カテゴリ（掲載種別）,静岡県伊豆の国市天野,4.6,29.8,,5,—,—,,—,賃貸のため対象外,,2026-08-11,,https://suumo.jp/chintai/jnc_000080035960/?bc=100519038701,適合
SUUMO 賃貸 伊豆の国市,伊豆の国市,賃貸アパート,賃貸カテゴリ（掲載種別）,静岡県伊豆の国市田京,4.8,46.4,,5,田,—,,—,賃貸のため対象外,,2026-07-25,,https://suumo.jp/chintai/jnc_000107876594/?bc=100497998738,適合
SUUMO 賃貸 伊豆の国市,伊豆の国市,賃貸マンション,賃貸カテゴリ（掲載種別）,静岡県伊豆の国市三福,5.3,51.0,,5,—,—,,—,賃貸のため対象外,,2026-07-25,,https://suumo.jp/chintai/jnc_000107503883/?bc=100509265132,不適合
SUUMO 賃貸 伊豆の国市,伊豆の国市,賃貸アパート,賃貸カテゴリ（掲載種別）,静岡県伊豆の国市守木,3.9,40.0,,5,田,—,,—,賃貸のため対象外,,2026-07-31,,https://suumo.jp/chintai/jnc_000108599884/?bc=100517425846,適合
SUUMO 賃貸 伊豆の国市,伊豆の国市,賃貸アパート,賃貸カテゴリ（掲載種別）,静岡県伊豆の国市四日町,4.9,40.0,,5,—,—,,—,賃貸のため対象外,,2026-08-11,,https://suumo.jp/chintai/jnc_000108749211/?bc=100515432520,適合
SUUMO 賃貸 伊豆の国市,伊豆の国市,賃貸マンション,賃貸カテゴリ（掲載種別）,静岡県伊豆の国市北江間,5.5,54.1,,5,—,—,,—,賃貸のため対象外,,2026-07-25,,https://suumo.jp/chintai/jnc_000107581928/?bc=100509875366,不適合
SUUMO 賃貸 伊豆の国市,伊豆の国市,賃貸マンション,賃貸カテゴリ（掲載種別）,静岡県伊豆の国市北江間,5.5,54.1,,5,—,—,,—,賃貸のため対象外,,2026-07-25,,https://suumo.jp/chintai/jnc_000107524840/?bc=100406248453,不適合
SUUMO 賃貸 伊豆の国市,伊豆の国市,賃貸マンション,賃貸カテゴリ（掲載種別）,静岡県伊豆の国市北江間,5.5,54.1,,5,—,—,,—,賃貸のため対象外,,2026-07-25,,https://suumo.jp/chintai/jnc_000107524839/?bc=100405557805,不適合
SUUMO 賃貸 伊豆の国市,伊豆の国市,賃貸アパート,賃貸カテゴリ（掲載種別）,静岡県伊豆の国市神島,4.8,40.5,,5,田,—,,—,賃貸のため対象外,,2026-08-07,,https://suumo.jp/chintai/jnc_000108298293/?bc=100515470589,適合
SUUMO 賃貸 伊豆の国市,伊豆の国市,賃貸マンション,賃貸カテゴリ（掲載種別）,静岡県伊豆の国市古奈,4.8,41.4,,5,—,—,,—,賃貸のため対象外,,2026-08-02,,https://suumo.jp/chintai/jnc_000108385080/?bc=100515875723,適合
SUUMO 賃貸 伊豆の国市,伊豆の国市,賃貸マンション,賃貸カテゴリ（掲載種別）,静岡県伊豆の国市古奈,4.8,41.4,,5,—,—,,—,賃貸のため対象外,,2026-08-02,,https://suumo.jp/chintai/jnc_000108385078/?bc=100515875724,適合
SUUMO 賃貸 伊豆の国市,伊豆の国市,賃貸マンション,賃貸カテゴリ（掲載種別）,静岡県伊豆の国市古奈,4.8,41.4,,5,—,—,,—,賃貸のため対象外,,2026-08-02,,https://suumo.jp/chintai/jnc_000108385079/?bc=100515875691,適合
SUUMO 賃貸 伊豆の国市,伊豆の国市,賃貸マンション,賃貸カテゴリ（掲載種別）,静岡県伊豆の国市古奈,4.8,41.4,,5,—,—,,—,賃貸のため対象外,,2026-08-02,,https://suumo.jp/chintai/jnc_000094658700/?bc=100410323270,適合
SUUMO 賃貸 伊豆の国市,伊豆の国市,賃貸マンション,賃貸カテゴリ（掲載種別）,静岡県伊豆の国市原木,4.5,50.1,,5,—,—,,—,賃貸のため対象外,,2026-08-09,,https://suumo.jp/chintai/jnc_000096476335/?bc=100422055369,適合
SUUMO 賃貸 伊豆の国市,伊豆の国市,賃貸マンション,賃貸カテゴリ（掲載種別）,静岡県伊豆の国市原木,4.5,50.1,,5,—,—,,—,賃貸のため対象外,,2026-08-09,,https://suumo.jp/chintai/jnc_000096503572/?bc=100396146132,適合
SUUMO 賃貸 伊豆の国市,伊豆の国市,賃貸アパート,賃貸カテゴリ（掲載種別）,静岡県伊豆の国市韮山土手和田,4.8,23.2,,5,田,—,,—,賃貸のため対象外,,2026-08-11,,https://suumo.jp/chintai/jnc_000109076540/?bc=100516567942,適合
SUUMO 賃貸 伊豆の国市,伊豆の国市,賃貸アパート,賃貸カテゴリ（掲載種別）,静岡県伊豆の国市北江間,5.0,48.6,,5,—,—,,—,賃貸のため対象外,,2026-07-25,,https://suumo.jp/chintai/jnc_000102308413/?bc=100477962550,適合
SUUMO 賃貸 伊豆の国市,伊豆の国市,賃貸アパート,賃貸カテゴリ（掲載種別）,静岡県伊豆の国市長岡,5.1,54.6,,5,—,—,,—,賃貸のため対象外,,2026-08-02,,https://suumo.jp/chintai/jnc_000108124724/?bc=100514109781,不適合
SUUMO 賃貸 伊豆の国市,伊豆の国市,賃貸アパート,賃貸カテゴリ（掲載種別）,静岡県伊豆の国市長岡,5.1,50.1,,5,—,—,,—,賃貸のため対象外,,2026-08-02,,https://suumo.jp/chintai/jnc_000108124725/?bc=100514109780,不適合
SUUMO 賃貸 伊豆の国市,伊豆の国市,賃貸アパート,賃貸カテゴリ（掲載種別）,静岡県伊豆の国市長岡,5.1,50.1,,5,—,—,,—,賃貸のため対象外,,2026-08-02,,https://suumo.jp/chintai/jnc_000108124723/?bc=100514109774,不適合
SUUMO 賃貸 伊豆の国市,伊豆の国市,賃貸アパート,賃貸カテゴリ（掲載種別）,静岡県伊豆の国市長岡,5.5,54.6,,5,—,—,,—,賃貸のため対象外,,2026-07-25,,https://suumo.jp/chintai/jnc_000105963829/?bc=100497597714,不適合
SUUMO 賃貸 伊豆の国市,伊豆の国市,賃貸アパート,賃貸カテゴリ（掲載種別）,静岡県伊豆の国市南條,4.0,22.9,,5,—,—,,—,賃貸のため対象外,,2026-08-02,,https://suumo.jp/chintai/jnc_000108330029/?bc=100503803295,適合
SUUMO 賃貸 伊豆の国市,伊豆の国市,賃貸アパート,賃貸カテゴリ（掲載種別）,静岡県伊豆の国市南條,4.0,22.9,,5,—,—,,—,賃貸のため対象外,,2026-08-07,,https://suumo.jp/chintai/jnc_000108330030/?bc=100515470595,適合
SUUMO 賃貸 伊豆の国市,伊豆の国市,賃貸戸建,賃貸カテゴリ（掲載種別）,静岡県伊豆の国市田京,5.9,49.5,,5,田,—,,—,賃貸のため対象外,,2026-07-26,,https://suumo.jp/chintai/jnc_000108783948/?bc=100465483819,不適合
SUUMO 賃貸 伊豆の国市,伊豆の国市,賃貸アパート,賃貸カテゴリ（掲載種別）,静岡県伊豆の国市寺家,4.0,44.7,,5,—,—,,—,賃貸のため対象外,,2026-08-09,,https://suumo.jp/chintai/jnc_000090508722/?bc=100500610183,適合
SUUMO 賃貸 伊豆の国市,伊豆の国市,賃貸戸建,賃貸カテゴリ（掲載種別）,静岡県伊豆の国市四日町,4.5,45.0,,5,—,—,,—,賃貸のため対象外,,2026-07-25,関心:戸建,https://suumo.jp/chintai/jnc_000102000389/?bc=100465483823,適合
SUUMO 賃貸 伊豆の国市,伊豆の国市,賃貸アパート,賃貸カテゴリ（掲載種別）,静岡県伊豆の国市古奈,4.9,40.1,,5,—,—,,—,賃貸のため対象外,,2026-08-09,,https://suumo.jp/chintai/jnc_000071909014/?bc=100507028031,適合
SUUMO 賃貸 伊豆の国市,伊豆の国市,賃貸アパート,賃貸カテゴリ（掲載種別）,静岡県伊豆の国市古奈,4.9,40.1,,5,—,—,,—,賃貸のため対象外,,2026-07-25,,https://suumo.jp/chintai/jnc_000071909015/?bc=100465483875,適合
SUUMO 賃貸 伊豆の国市,伊豆の国市,賃貸戸建,賃貸カテゴリ（掲載種別）,静岡県伊豆の国市守木,5.5,43.9,,5,—,—,,—,賃貸のため対象外,,2026-08-02,,https://suumo.jp/chintai/jnc_000067517578/?bc=100245713300,不適合
SUUMO 賃貸 伊豆の国市,伊豆の国市,賃貸戸建,賃貸カテゴリ（掲載種別）,静岡県伊豆の国市守木,5.5,43.9,,5,—,—,,—,賃貸のため対象外,,2026-07-25,,https://suumo.jp/chintai/jnc_000102264210/?bc=100467846387,不適合
SUUMO 賃貸 伊豆の国市,伊豆の国市,賃貸アパート,賃貸カテゴリ（掲載種別）,静岡県伊豆の国市長岡,4.3,23.2,,5,—,—,,—,賃貸のため対象外,,2026-08-10,,https://suumo.jp/chintai/jnc_000109011479/?bc=100516185383,適合
SUUMO 賃貸 伊豆の国市,伊豆の国市,賃貸アパート,賃貸カテゴリ（掲載種別）,静岡県伊豆の国市長岡,4.3,23.2,,5,—,—,,—,賃貸のため対象外,,2026-08-10,,https://suumo.jp/chintai/jnc_000109011478/?bc=100518178613,適合
SUUMO 賃貸 伊豆の国市,伊豆の国市,賃貸アパート,賃貸カテゴリ（掲載種別）,静岡県伊豆の国市長岡,4.3,23.2,,5,—,—,,—,賃貸のため対象外,,2026-08-09,,https://suumo.jp/chintai/jnc_000109101344/?bc=100411703100,適合
SUUMO 賃貸 伊豆の国市,伊豆の国市,賃貸アパート,賃貸カテゴリ（掲載種別）,静岡県伊豆の国市長岡,6.7,43.5,,5,—,—,,—,賃貸のため対象外,,2026-08-09,,https://suumo.jp/chintai/jnc_000109011480/?bc=100516567888,不適合
SUUMO 賃貸 伊豆の国市,伊豆の国市,賃貸アパート,賃貸カテゴリ（掲載種別）,静岡県伊豆の国市寺家,4.0,45.9,,5,—,—,,—,賃貸のため対象外,,2026-08-11,,https://suumo.jp/chintai/jnc_000108464386/?bc=100515298089,適合
SUUMO 賃貸 伊豆の国市,伊豆の国市,賃貸マンション,賃貸カテゴリ（掲載種別）,静岡県伊豆の国市長岡,6.6,53.3,,5,—,—,,—,賃貸のため対象外,,2026-07-25,,https://suumo.jp/chintai/jnc_000100667316/?bc=100453270377,不適合
SUUMO 賃貸 伊豆の国市,伊豆の国市,賃貸マンション,賃貸カテゴリ（掲載種別）,静岡県伊豆の国市長岡,6.6,53.3,,5,—,—,,—,賃貸のため対象外,,2026-07-25,,https://suumo.jp/chintai/jnc_000105345564/?bc=100492594519,不適合
SUUMO 賃貸 伊豆の国市,伊豆の国市,賃貸マンション,賃貸カテゴリ（掲載種別）,静岡県伊豆の国市長岡,7.3,60.1,,5,—,—,,—,賃貸のため対象外,,2026-07-25,,https://suumo.jp/chintai/jnc_000106481494/?bc=100501886298,不適合
SUUMO 賃貸 伊豆の国市,伊豆の国市,賃貸アパート,賃貸カテゴリ（掲載種別）,静岡県伊豆の国市四日町,4.3,39.7,,5,—,—,,—,賃貸のため対象外,,2026-07-26,,https://suumo.jp/chintai/jnc_000108783951/?bc=100508155905,適合
SUUMO 賃貸 伊豆の国市,伊豆の国市,賃貸マンション,賃貸カテゴリ（掲載種別）,静岡県伊豆の国市古奈,8.0,55.0,,5,—,—,,—,賃貸のため対象外,,2026-08-11,,https://suumo.jp/chintai/jnc_000108330028/?bc=100515470545,不適合
SUUMO 賃貸 伊豆の国市,伊豆の国市,賃貸マンション,賃貸カテゴリ（掲載種別）,静岡県伊豆の国市古奈,8.5,59.2,,5,—,—,,—,賃貸のため対象外,,2026-08-11,,https://suumo.jp/chintai/jnc_000108330027/?bc=100515470625,不適合
SUUMO 賃貸 伊豆の国市,伊豆の国市,賃貸マンション,賃貸カテゴリ（掲載種別）,静岡県伊豆の国市古奈,9.0,58.0,,5,—,—,,—,賃貸のため対象外,,2026-08-11,,https://suumo.jp/chintai/jnc_000106762884/?bc=100515470615,不適合
SUUMO 賃貸 伊豆の国市,伊豆の国市,賃貸マンション,賃貸カテゴリ（掲載種別）,静岡県伊豆の国市古奈,9.5,64.8,,5,—,—,,—,賃貸のため対象外,,2026-08-11,,https://suumo.jp/chintai/jnc_000106762883/?bc=100515470534,不適合
SUUMO 賃貸 伊豆の国市,伊豆の国市,賃貸アパート,賃貸カテゴリ（掲載種別）,静岡県伊豆の国市中,4.9,52.8,,5,—,—,,—,賃貸のため対象外,,2026-08-11,,https://suumo.jp/chintai/jnc_000092856884/?bc=100516888249,適合
SUUMO 賃貸 伊豆の国市,伊豆の国市,賃貸マンション,賃貸カテゴリ（掲載種別）,静岡県伊豆の国市南條,4.8,49.5,,5,—,—,,—,賃貸のため対象外,,2026-08-11,,https://suumo.jp/chintai/jnc_000096043043/?bc=100511766503,適合
SUUMO 賃貸 伊豆の国市,伊豆の国市,賃貸マンション,賃貸カテゴリ（掲載種別）,静岡県伊豆の国市南條,5.1,49.5,,5,—,—,,—,賃貸のため対象外,,2026-08-11,,https://suumo.jp/chintai/jnc_000107830213/?bc=100511654968,不適合
SUUMO 賃貸 伊豆の国市,伊豆の国市,賃貸戸建,賃貸カテゴリ（掲載種別）,静岡県伊豆の国市古奈,5.0,49.5,,5,—,—,,—,賃貸のため対象外,,2026-08-11,,https://suumo.jp/chintai/jnc_000108385081/?bc=100515875741,適合
SUUMO 賃貸 伊豆の国市,伊豆の国市,賃貸マンション,賃貸カテゴリ（掲載種別）,静岡県伊豆の国市四日町,3.48,27.4,,5,—,—,,—,賃貸のため対象外,,2026-08-11,,https://suumo.jp/chintai/jnc_000108640508/?bc=100518447105,適合
SUUMO 賃貸 伊豆の国市,伊豆の国市,賃貸戸建,賃貸カテゴリ（掲載種別）,静岡県伊豆の国市南江間,5.8,49.6,,5,—,—,,—,賃貸のため対象外,,2026-08-11,,https://suumo.jp/chintai/jnc_000106741782/?bc=100503594600,不適合
SUUMO 賃貸 伊豆の国市,伊豆の国市,賃貸戸建,賃貸カテゴリ（掲載種別）,静岡県伊豆の国市南江間,5.8,49.6,,5,—,—,,—,賃貸のため対象外,,2026-08-11,,https://suumo.jp/chintai/jnc_000045450425/?bc=100141187018,不適合
SUUMO 賃貸 伊豆の国市,伊豆の国市,賃貸アパート,賃貸カテゴリ（掲載種別）,静岡県伊豆の国市中條,3.7,29.8,,5,—,—,,—,賃貸のため対象外,,2026-08-11,,https://suumo.jp/chintai/jnc_000029259420/?bc=100397759310,適合
SUUMO 賃貸 伊豆の国市,伊豆の国市,賃貸アパート,賃貸カテゴリ（掲載種別）,静岡県伊豆の国市中,5.5,58.6,,5,—,—,,—,賃貸のため対象外,,2026-08-11,,https://suumo.jp/chintai/jnc_000105895765/?bc=100486483575,不適合
SUUMO 賃貸 伊豆の国市,伊豆の国市,賃貸アパート,賃貸カテゴリ（掲載種別）,静岡県伊豆の国市四日町,4.3,39.7,,5,—,—,,—,賃貸のため対象外,,2026-08-11,,https://suumo.jp/chintai/jnc_000097795233/?bc=100443068633,適合
SUUMO 賃貸 伊豆の国市,伊豆の国市,賃貸アパート,賃貸カテゴリ（掲載種別）,静岡県伊豆の国市四日町,4.3,39.7,,5,—,—,,—,賃貸のため対象外,,2026-08-11,,https://suumo.jp/chintai/jnc_000099909553/?bc=100443068627,適合
SUUMO 賃貸 伊豆の国市,伊豆の国市,賃貸アパート,賃貸カテゴリ（掲載種別）,静岡県伊豆の国市四日町,4.3,39.7,,5,—,—,,—,賃貸のため対象外,,2026-08-11,,https://suumo.jp/chintai/jnc_000099909552/?bc=100443068618,適合
SUUMO 賃貸 伊豆の国市,伊豆の国市,賃貸アパート,賃貸カテゴリ（掲載種別）,静岡県伊豆の国市四日町,4.3,39.7,,5,—,—,,—,賃貸のため対象外,,2026-08-11,,https://suumo.jp/chintai/jnc_000108036674/?bc=100513385006,適合
SUUMO 賃貸 伊豆の国市,伊豆の国市,賃貸アパート,賃貸カテゴリ（掲載種別）,静岡県伊豆の国市大仁,4.5,35.3,,5,—,—,,—,賃貸のため対象外,,2026-08-11,,https://suumo.jp/chintai/jnc_000049095272/?bc=100515470567,適合
SUUMO 賃貸 伊豆の国市,伊豆の国市,賃貸アパート,賃貸カテゴリ（掲載種別）,静岡県伊豆の国市古奈,4.0,35.2,,5,—,—,,—,賃貸のため対象外,,2026-08-11,,https://suumo.jp/chintai/jnc_000108640507/?bc=100517375088,適合
SUUMO 賃貸 伊豆の国市,伊豆の国市,賃貸マンション,賃貸カテゴリ（掲載種別）,静岡県伊豆の国市南條,4.3,28.4,,5,—,—,,—,賃貸のため対象外,,2026-08-11,,https://suumo.jp/chintai/jnc_000056877982/?bc=100465639434,適合
SUUMO 賃貸 伊豆の国市,伊豆の国市,賃貸アパート,賃貸カテゴリ（掲載種別）,静岡県伊豆の国市長岡,4.8,54.6,,5,—,—,,—,賃貸のため対象外,,2026-08-11,,https://suumo.jp/chintai/jnc_000084206129/?bc=100515431782,適合
SUUMO 賃貸 伊豆の国市,伊豆の国市,賃貸戸建,賃貸カテゴリ（掲載種別）,静岡県伊豆の国市南條,4.5,43.1,,5,—,—,,—,賃貸のため対象外,,2026-08-11,,https://suumo.jp/chintai/jnc_000108385082/?bc=100515875737,適合
SUUMO 賃貸 伊豆の国市,伊豆の国市,賃貸戸建,賃貸カテゴリ（掲載種別）,静岡県伊豆の国市寺家,12.2,86.1,,5,—,—,,—,賃貸のため対象外,,2026-08-11,,https://suumo.jp/chintai/jnc_000108298303/?bc=100515469487,不適合
SUUMO 賃貸 伊豆の国市,伊豆の国市,賃貸アパート,賃貸カテゴリ（掲載種別）,静岡県伊豆の国市古奈,4.0,50.5,,5,—,—,,—,賃貸のため対象外,,2026-08-11,,https://suumo.jp/chintai/jnc_000108783946/?bc=100465483735,適合
SUUMO 賃貸 伊豆の国市,伊豆の国市,賃貸マンション,賃貸カテゴリ（掲載種別）,静岡県伊豆の国市原木,4.0,39.8,,5,—,—,,—,賃貸のため対象外,,2026-08-11,,https://suumo.jp/chintai/jnc_000108342637/?bc=100515557450,適合
SUUMO 賃貸 伊豆の国市,伊豆の国市,賃貸マンション,賃貸カテゴリ（掲載種別）,静岡県伊豆の国市原木,4.0,39.7,,5,—,—,,—,賃貸のため対象外,,2026-08-11,,https://suumo.jp/chintai/jnc_000096503573/?bc=100358393003,適合
SUUMO 賃貸 伊豆の国市,伊豆の国市,賃貸マンション,賃貸カテゴリ（掲載種別）,静岡県伊豆の国市原木,4.0,39.7,,5,—,—,,—,賃貸のため対象外,,2026-08-11,,https://suumo.jp/chintai/jnc_000096503574/?bc=100358392998,適合
SUUMO 賃貸 伊豆の国市,伊豆の国市,賃貸マンション,賃貸カテゴリ（掲載種別）,静岡県伊豆の国市原木,4.0,39.7,,5,—,—,,—,賃貸のため対象外,,2026-08-11,,https://suumo.jp/chintai/jnc_000105909753/?bc=100497078614,適合
SUUMO 賃貸 伊豆の国市,伊豆の国市,賃貸マンション,賃貸カテゴリ（掲載種別）,静岡県伊豆の国市南條,4.1,34.9,,5,—,—,,—,賃貸のため対象外,,2026-08-11,,https://suumo.jp/chintai/jnc_000108121573/?bc=100514069549,適合
SUUMO 賃貸 伊豆の国市,伊豆の国市,賃貸マンション,賃貸カテゴリ（掲載種別）,静岡県伊豆の国市長岡,5.3,59.0,,5,—,—,,—,賃貸のため対象外,,2026-08-11,,https://suumo.jp/chintai/jnc_000031500465/?bc=100499603929,不適合
SUUMO 賃貸 伊豆の国市,伊豆の国市,賃貸マンション,賃貸カテゴリ（掲載種別）,静岡県伊豆の国市長岡,5.3,59.0,,5,—,—,,—,賃貸のため対象外,,2026-08-11,,https://suumo.jp/chintai/jnc_000029479921/?bc=100516301727,不適合
SUUMO 賃貸 伊豆の国市,伊豆の国市,賃貸アパート,賃貸カテゴリ（掲載種別）,静岡県伊豆の国市南條,4.0,22.7,,5,—,—,,—,賃貸のため対象外,,2026-08-11,,https://suumo.jp/chintai/jnc_000107965831/?bc=100512739453,適合
SUUMO 賃貸 伊豆の国市,伊豆の国市,賃貸マンション,賃貸カテゴリ（掲載種別）,静岡県伊豆の国市古奈,3.8,20.2,,5,—,—,,—,賃貸のため対象外,,2026-08-11,,https://suumo.jp/chintai/jnc_000108506801/?bc=100516770324,適合
SUUMO 賃貸 伊豆の国市,伊豆の国市,賃貸マンション,賃貸カテゴリ（掲載種別）,静岡県伊豆の国市古奈,3.8,20.2,,5,—,—,,—,賃貸のため対象外,,2026-08-11,,https://suumo.jp/chintai/jnc_000108385077/?bc=100515875721,適合
SUUMO 賃貸 伊豆の国市,伊豆の国市,賃貸マンション,賃貸カテゴリ（掲載種別）,静岡県伊豆の国市古奈,4.0,24.0,,5,—,—,,—,賃貸のため対象外,,2026-08-11,,https://suumo.jp/chintai/jnc_000101201208/?bc=100465483821,適合
SUUMO 賃貸 伊豆の国市,伊豆の国市,賃貸アパート,賃貸カテゴリ（掲載種別）,静岡県伊豆の国市天野,4.6,29.8,,5,—,—,,—,賃貸のため対象外,,2026-08-11,,https://suumo.jp/chintai/jnc_000080028256/?bc=100519788964,適合
SUUMO 賃貸 伊豆の国市,伊豆の国市,賃貸アパート,賃貸カテゴリ（掲載種別）,静岡県伊豆の国市南江間,4.6,49.6,,5,—,—,,—,賃貸のため対象外,,2026-08-11,,https://suumo.jp/chintai/jnc_000013975607/?bc=100457693846,適合
SUUMO 賃貸 伊豆の国市,伊豆の国市,賃貸マンション,賃貸カテゴリ（掲載種別）,静岡県伊豆の国市三福,3.3,37.1,,5,—,—,,—,賃貸のため対象外,,2026-08-11,,https://suumo.jp/chintai/jnc_000091081866/?bc=100501704534,適合
SUUMO 賃貸 伊豆の国市,伊豆の国市,賃貸アパート,賃貸カテゴリ（掲載種別）,静岡県伊豆の国市田京,3.7,24.0,,5,田,—,,—,賃貸のため対象外,,2026-08-11,,https://suumo.jp/chintai/jnc_000103483156/?bc=100477820362,適合
SUUMO 賃貸 伊豆の国市,伊豆の国市,賃貸マンション,賃貸カテゴリ（掲載種別）,静岡県伊豆の国市長岡,4.4,50.4,,5,—,—,,—,賃貸のため対象外,,2026-08-11,,https://suumo.jp/chintai/jnc_000103412068/?bc=100477270803,適合
SUUMO 賃貸 伊豆の国市,伊豆の国市,賃貸マンション,賃貸カテゴリ（掲載種別）,静岡県伊豆の国市長岡,4.9,50.4,,5,—,—,,—,賃貸のため対象外,,2026-08-11,,https://suumo.jp/chintai/jnc_000108024775/?bc=100513292441,適合
SUUMO 賃貸 伊豆の国市,伊豆の国市,賃貸マンション,賃貸カテゴリ（掲載種別）,静岡県伊豆の国市古奈,3.2,23.5,,5,—,—,,—,賃貸のため対象外,,2026-08-11,,https://suumo.jp/chintai/jnc_000018282194/?bc=100465638508,適合
SUUMO 賃貸 伊豆の国市,伊豆の国市,賃貸マンション,賃貸カテゴリ（掲載種別）,静岡県伊豆の国市古奈,3.2,23.5,,5,—,—,,—,賃貸のため対象外,,2026-08-11,,https://suumo.jp/chintai/jnc_000094244323/?bc=100407569547,適合
SUUMO 賃貸 伊豆の国市,伊豆の国市,賃貸マンション,賃貸カテゴリ（掲載種別）,静岡県伊豆の国市長岡,4.8,54.0,,5,—,—,,—,賃貸のため対象外,,2026-08-11,,https://suumo.jp/chintai/jnc_000017067180/?bc=100519958715,適合
SUUMO 賃貸 伊豆の国市,伊豆の国市,賃貸マンション,賃貸カテゴリ（掲載種別）,静岡県伊豆の国市長岡,4.8,54.0,,5,—,—,,—,賃貸のため対象外,,2026-08-11,,https://suumo.jp/chintai/jnc_000062512406/?bc=100425963158,適合
SUUMO 賃貸 伊豆の国市,伊豆の国市,賃貸マンション,賃貸カテゴリ（掲載種別）,静岡県伊豆の国市長岡,4.8,54.0,,5,—,—,,—,賃貸のため対象外,,2026-08-11,,https://suumo.jp/chintai/jnc_000080372494/?bc=100465638933,適合
SUUMO 賃貸 伊豆の国市,伊豆の国市,賃貸マンション,賃貸カテゴリ（掲載種別）,静岡県伊豆の国市長岡,4.8,54.0,,5,—,—,,—,賃貸のため対象外,,2026-08-11,,https://suumo.jp/chintai/jnc_000040883682/?bc=100407321889,適合
SUUMO 賃貸 伊豆の国市,伊豆の国市,賃貸マンション,賃貸カテゴリ（掲載種別）,静岡県伊豆の国市長岡,4.8,54.0,,5,—,—,,—,賃貸のため対象外,,2026-08-11,,https://suumo.jp/chintai/jnc_000017176136/?bc=100317594948,適合
SUUMO 賃貸 伊豆の国市,伊豆の国市,賃貸マンション,賃貸カテゴリ（掲載種別）,静岡県伊豆の国市長岡,4.8,54.0,,5,—,—,,—,賃貸のため対象外,,2026-08-11,,https://suumo.jp/chintai/jnc_000017067181/?bc=100470887693,適合
SUUMO 賃貸 伊豆の国市,伊豆の国市,賃貸アパート,賃貸カテゴリ（掲載種別）,静岡県伊豆の国市小坂,3.7,40.5,,5,—,—,,—,賃貸のため対象外,,2026-08-11,,https://suumo.jp/chintai/jnc_000102097814/?bc=100466449291,適合
SUUMO 賃貸 伊豆の国市,伊豆の国市,賃貸アパート,賃貸カテゴリ（掲載種別）,静岡県伊豆の国市小坂,3.9,39.0,,5,—,—,,—,賃貸のため対象外,,2026-08-11,,https://suumo.jp/chintai/jnc_000058444737/?bc=100496007871,適合
SUUMO 賃貸 伊豆の国市,伊豆の国市,賃貸マンション,賃貸カテゴリ（掲載種別）,静岡県伊豆の国市三福,3.2,45.9,,5,—,—,,—,賃貸のため対象外,,2026-08-11,,https://suumo.jp/chintai/jnc_000103543749/?bc=100478357116,適合
SUUMO 賃貸 伊豆の国市,伊豆の国市,賃貸マンション,賃貸カテゴリ（掲載種別）,静岡県伊豆の国市三福,3.5,45.9,,5,—,—,,—,賃貸のため対象外,,2026-08-11,,https://suumo.jp/chintai/jnc_000108124726/?bc=100514109785,適合
SUUMO 賃貸 伊豆の国市,伊豆の国市,賃貸マンション,賃貸カテゴリ（掲載種別）,静岡県伊豆の国市三福,3.5,45.9,,5,—,—,,—,賃貸のため対象外,,2026-08-11,,https://suumo.jp/chintai/jnc_000103066540/?bc=100474653603,適合
SUUMO 賃貸 伊豆の国市,伊豆の国市,賃貸マンション,賃貸カテゴリ（掲載種別）,静岡県伊豆の国市三福,4.0,45.9,,5,—,—,,—,賃貸のため対象外,,2026-08-11,,https://suumo.jp/chintai/jnc_000052772541/?bc=100508499992,適合
SUUMO 賃貸 伊豆の国市,伊豆の国市,賃貸アパート,賃貸カテゴリ（掲載種別）,静岡県伊豆の国市南江間,4.0,50.0,,5,—,—,,—,賃貸のため対象外,,2026-08-11,,https://suumo.jp/chintai/jnc_000099542627/?bc=100465483845,適合
SUUMO 賃貸 伊豆の国市,伊豆の国市,賃貸アパート,賃貸カテゴリ（掲載種別）,静岡県伊豆の国市田京,3.0,18.5,,5,田,—,,—,賃貸のため対象外,,2026-08-11,,https://suumo.jp/chintai/jnc_000109096995/?bc=100486025714,適合
SUUMO 賃貸 伊豆の国市,伊豆の国市,賃貸アパート,賃貸カテゴリ（掲載種別）,静岡県伊豆の国市田京,3.0,18.5,,5,田,—,,—,賃貸のため対象外,,2026-08-11,,https://suumo.jp/chintai/jnc_000104493251/?bc=100465483771,適合
SUUMO 賃貸 伊豆の国市,伊豆の国市,賃貸マンション,賃貸カテゴリ（掲載種別）,静岡県伊豆の国市長岡,4.5,45.6,,5,—,—,,—,賃貸のため対象外,,2026-08-11,,https://suumo.jp/chintai/jnc_000102588127/?bc=100470840460,適合
SUUMO 賃貸 伊豆の国市,伊豆の国市,賃貸マンション,賃貸カテゴリ（掲載種別）,静岡県伊豆の国市長岡,4.5,45.6,,5,—,—,,—,賃貸のため対象外,,2026-08-11,,https://suumo.jp/chintai/jnc_000107674085/?bc=100510586487,適合
SUUMO 賃貸 伊豆の国市,伊豆の国市,賃貸アパート,賃貸カテゴリ（掲載種別）,静岡県伊豆の国市長岡,4.1,39.7,,5,—,—,,—,賃貸のため対象外,,2026-08-11,,https://suumo.jp/chintai/jnc_000108891157/?bc=100497597712,適合
SUUMO 賃貸 伊豆の国市,伊豆の国市,賃貸アパート,賃貸カテゴリ（掲載種別）,静岡県伊豆の国市長岡,4.1,39.7,,5,—,—,,—,賃貸のため対象外,,2026-08-11,,https://suumo.jp/chintai/jnc_000108891158/?bc=100519807663,適合
SUUMO 賃貸 伊豆の国市,伊豆の国市,賃貸アパート,賃貸カテゴリ（掲載種別）,静岡県伊豆の国市長岡,4.1,39.7,,5,—,—,,—,賃貸のため対象外,,2026-08-11,,https://suumo.jp/chintai/jnc_000108891159/?bc=100519807662,適合
SUUMO 賃貸 伊豆の国市,伊豆の国市,賃貸戸建,賃貸カテゴリ（掲載種別）,静岡県伊豆の国市吉田,2.8,33.0,,5,田,—,,—,賃貸のため対象外,,2026-08-11,,https://suumo.jp/chintai/jnc_000108354220/?bc=100515671825,適合
SUUMO 賃貸 伊豆の国市,伊豆の国市,賃貸マンション,賃貸カテゴリ（掲載種別）,静岡県伊豆の国市奈古谷,6.3,45.1,,5,—,—,,—,賃貸のため対象外,,2026-08-11,,https://suumo.jp/chintai/jnc_000099801153/?bc=100465638412,不適合
SUUMO 賃貸 伊豆の国市,伊豆の国市,賃貸マンション,賃貸カテゴリ（掲載種別）,静岡県伊豆の国市奈古谷,7.5,54.5,,5,—,—,,—,賃貸のため対象外,,2026-08-11,,https://suumo.jp/chintai/jnc_000087283135/?bc=100465638884,不適合
SUUMO 賃貸 伊豆の国市,伊豆の国市,賃貸マンション,賃貸カテゴリ（掲載種別）,静岡県伊豆の国市長岡,3.7,38.9,,5,—,—,,—,賃貸のため対象外,,2026-08-11,,https://suumo.jp/chintai/jnc_000104838673/?bc=100488509637,適合
SUUMO 賃貸 伊豆の国市,伊豆の国市,賃貸マンション,賃貸カテゴリ（掲載種別）,静岡県伊豆の国市天野,3.7,39.1,,5,—,—,,—,賃貸のため対象外,,2026-08-11,,https://suumo.jp/chintai/jnc_000087225377/?bc=100490666345,適合
SUUMO 賃貸 伊豆の国市,伊豆の国市,賃貸アパート,賃貸カテゴリ（掲載種別）,静岡県伊豆の国市韮山山木,3.5,53.6,,5,—,—,,—,賃貸のため対象外,,2026-08-11,,https://suumo.jp/chintai/jnc_000102000386/?bc=100465483776,適合
SUUMO 賃貸 伊豆の国市,伊豆の国市,賃貸マンション,賃貸カテゴリ（掲載種別）,静岡県伊豆の国市御門,2.88,39.8,,5,—,—,,—,賃貸のため対象外,,2026-08-11,,https://suumo.jp/chintai/jnc_000106367753/?bc=100508155894,適合
SUUMO 賃貸 伊豆の国市,伊豆の国市,賃貸マンション,賃貸カテゴリ（掲載種別）,静岡県伊豆の国市御門,3.09,39.8,,5,—,—,,—,賃貸のため対象外,,2026-08-11,,https://suumo.jp/chintai/jnc_000106636885/?bc=100502936446,適合
SUUMO 賃貸 伊豆の国市,伊豆の国市,賃貸マンション,賃貸カテゴリ（掲載種別）,静岡県伊豆の国市御門,3.1,39.8,,5,—,—,,—,賃貸のため対象外,,2026-08-11,,https://suumo.jp/chintai/jnc_000074808210/?bc=100503115725,適合
SUUMO 賃貸 伊豆の国市,伊豆の国市,賃貸マンション,賃貸カテゴリ（掲載種別）,静岡県伊豆の国市御門,3.74,39.8,,5,—,—,,—,賃貸のため対象外,,2026-08-11,,https://suumo.jp/chintai/jnc_000107369455/?bc=100508155927,適合
SUUMO 賃貸 伊豆の国市,伊豆の国市,賃貸マンション,賃貸カテゴリ（掲載種別）,静岡県伊豆の国市御門,3.74,39.8,,5,—,—,,—,賃貸のため対象外,,2026-08-11,,https://suumo.jp/chintai/jnc_000106206127/?bc=100488823296,適合
SUUMO 賃貸 伊豆の国市,伊豆の国市,賃貸マンション,賃貸カテゴリ（掲載種別）,静岡県伊豆の国市御門,3.75,39.8,,5,—,—,,—,賃貸のため対象外,,2026-08-11,,https://suumo.jp/chintai/jnc_000109043468/?bc=100437836061,適合
SUUMO 賃貸 伊豆の国市,伊豆の国市,賃貸マンション,賃貸カテゴリ（掲載種別）,静岡県伊豆の国市御門,2.67,39.8,,5,—,—,,—,賃貸のため対象外,,2026-08-11,,https://suumo.jp/chintai/jnc_000106177906/?bc=100493415547,適合
SUUMO 賃貸 伊豆の国市,伊豆の国市,賃貸マンション,賃貸カテゴリ（掲載種別）,静岡県伊豆の国市御門,2.68,39.8,,5,—,—,,—,賃貸のため対象外,,2026-08-11,,https://suumo.jp/chintai/jnc_000109043469/?bc=100493289806,適合
SUUMO 賃貸 伊豆の国市,伊豆の国市,賃貸アパート,賃貸カテゴリ（掲載種別）,静岡県伊豆の国市三福,6.7,64.6,,5,—,—,,—,賃貸のため対象外,,2026-08-11,,https://suumo.jp/chintai/jnc_000107947108/?bc=100512629635,不適合
SUUMO 賃貸 伊豆の国市,伊豆の国市,賃貸アパート,賃貸カテゴリ（掲載種別）,静岡県伊豆の国市三福,7.5,61.7,,5,—,—,,—,賃貸のため対象外,,2026-08-11,,https://suumo.jp/chintai/jnc_000108884173/?bc=100519789010,不適合
SUUMO 賃貸 伊豆の国市,伊豆の国市,賃貸アパート,賃貸カテゴリ（掲載種別）,静岡県伊豆の国市長岡,7.0,61.2,,5,—,—,,—,賃貸のため対象外,,2026-08-11,,https://suumo.jp/chintai/jnc_000106243010/?bc=100503455575,不適合
SUUMO 賃貸 伊豆の国市,伊豆の国市,賃貸アパート,賃貸カテゴリ（掲載種別）,静岡県伊豆の国市長岡,7.0,61.2,,5,—,—,,—,賃貸のため対象外,,2026-08-11,,https://suumo.jp/chintai/jnc_000107947100/?bc=100512630225,不適合
SUUMO 賃貸 伊豆の国市,伊豆の国市,賃貸戸建,賃貸カテゴリ（掲載種別）,静岡県伊豆の国市奈古谷,13.0,129.0,,5,—,—,,—,賃貸のため対象外,,2026-08-11,関心:庭付/戸建,https://suumo.jp/chintai/jnc_000090793801/?bc=100382376696,不適合
SUUMO 賃貸 伊豆の国市,伊豆の国市,賃貸アパート,賃貸カテゴリ（掲載種別）,静岡県伊豆の国市長岡,5.1,54.6,,5,—,—,,—,賃貸のため対象外,,2026-08-11,,https://suumo.jp/chintai/jnc_000108298311/?bc=100515432294,不適合
SUUMO 賃貸 伊豆の国市,伊豆の国市,賃貸アパート,賃貸カテゴリ（掲載種別）,静岡県伊豆の国市長岡,5.1,50.1,,5,—,—,,—,賃貸のため対象外,,2026-08-11,,https://suumo.jp/chintai/jnc_000108298312/?bc=100515432269,不適合
SUUMO 賃貸 伊豆の国市,伊豆の国市,賃貸アパート,賃貸カテゴリ（掲載種別）,静岡県伊豆の国市長岡,5.1,50.1,,5,—,—,,—,賃貸のため対象外,,2026-08-11,,https://suumo.jp/chintai/jnc_000108298310/?bc=100515432260,不適合
SUUMO 賃貸 伊豆の国市,伊豆の国市,賃貸アパート,賃貸カテゴリ（掲載種別）,静岡県伊豆の国市長岡,4.8,41.7,,5,—,—,,—,賃貸のため対象外,,2026-08-11,,https://suumo.jp/chintai/jnc_000108298309/?bc=100515469475,適合
SUUMO 賃貸 伊豆の国市,伊豆の国市,賃貸アパート,賃貸カテゴリ（掲載種別）,静岡県伊豆の国市長岡,4.8,41.7,,5,—,—,,—,賃貸のため対象外,,2026-08-11,,https://suumo.jp/chintai/jnc_000108298308/?bc=100514109771,適合
SUUMO 賃貸 伊豆の国市,伊豆の国市,賃貸アパート,賃貸カテゴリ（掲載種別）,静岡県伊豆の国市長岡,5.0,41.7,,5,—,—,,—,賃貸のため対象外,,2026-08-11,,https://suumo.jp/chintai/jnc_000058342677/?bc=100497537784,適合
SUUMO 賃貸 伊豆の国市,伊豆の国市,賃貸アパート,賃貸カテゴリ（掲載種別）,静岡県伊豆の国市長岡,4.7,23.2,,5,—,—,,—,賃貸のため対象外,,2026-08-11,,https://suumo.jp/chintai/jnc_000109011481/?bc=100474965210,適合
SUUMO 賃貸 伊豆の国市,伊豆の国市,賃貸アパート,賃貸カテゴリ（掲載種別）,静岡県伊豆の国市北江間,4.5,46.4,,5,—,—,,—,賃貸のため対象外,,2026-08-11,,https://suumo.jp/chintai/jnc_000068387095/?bc=100465483841,適合
SUUMO 賃貸 伊豆の国市,伊豆の国市,賃貸アパート,賃貸カテゴリ（掲載種別）,静岡県伊豆の国市北江間,4.5,46.4,,5,—,—,,—,賃貸のため対象外,,2026-08-11,,https://suumo.jp/chintai/jnc_000065244478/?bc=100465483837,適合
SUUMO 賃貸 伊豆の国市,伊豆の国市,賃貸アパート,賃貸カテゴリ（掲載種別）,静岡県伊豆の国市長岡,4.5,35.0,,5,—,—,,—,賃貸のため対象外,,2026-08-11,,https://suumo.jp/chintai/jnc_000107491065/?bc=100509128052,適合
SUUMO 賃貸 伊豆の国市,伊豆の国市,賃貸アパート,賃貸カテゴリ（掲載種別）,静岡県伊豆の国市長岡,4.5,35.0,,5,—,—,,—,賃貸のため対象外,,2026-08-11,,https://suumo.jp/chintai/jnc_000108298315/?bc=100515469490,適合
SUUMO 賃貸 伊豆の国市,伊豆の国市,賃貸アパート,賃貸カテゴリ（掲載種別）,静岡県伊豆の国市奈古谷,4.5,46.4,,5,—,—,,—,賃貸のため対象外,,2026-08-11,,https://suumo.jp/chintai/jnc_000049708032/?bc=100352820998,適合
SUUMO 土地 沼津市,沼津市,更地,土地カテゴリ（建物表記なし）,静岡県沼津市寿町943-2他,2280,155.7,48.4,1500,—,—,,不明,接道・区分情報なし、詳細/役場で要確認,,2026-06-17,,https://suumo.jp/tochi/shizuoka/sc_numazu/nc_76794185/,不適合
SUUMO 土地 沼津市,沼津市,更地,土地カテゴリ（建物表記なし）,静岡県沼津市岡宮,1450,166.7,28.8,1500,—,—,,不明,接道・区分情報なし、詳細/役場で要確認,,2026-08-10,,https://suumo.jp/tochi/shizuoka/sc_numazu/nc_77542585/,不適合
SUUMO 土地 沼津市,沼津市,更地,土地カテゴリ（建物表記なし）,静岡県沼津市岡宮,1690,152.6,36.6,1500,—,—,,不明,接道・区分情報なし、詳細/役場で要確認,,2026-08-10,,https://suumo.jp/tochi/shizuoka/sc_numazu/nc_76931185/,不適合
SUUMO 土地 沼津市,沼津市,更地,土地カテゴリ（建物表記なし）,静岡県沼津市岡宮,1740,173.7,33.1,1500,—,—,,不明,接道・区分情報なし、詳細/役場で要確認,,2026-06-17,,https://suumo.jp/tochi/shizuoka/sc_numazu/nc_78717051/,不適合
SUUMO 土地 沼津市,沼津市,更地,土地カテゴリ（建物表記なし）,静岡県沼津市西熊堂字久保３５３－１１,1980,167.3,39.1,1500,—,—,,不明,接道・区分情報なし、詳細/役場で要確認,,2026-06-17,,https://suumo.jp/tochi/shizuoka/sc_numazu/nc_20524045/,不適合
SUUMO 土地 沼津市,沼津市,更地,土地カテゴリ（建物表記なし）,静岡県沼津市本田町197-23他,2500,157.5,52.5,1500,田,—,,不明,接道・区分情報なし、詳細/役場で要確認,,2026-06-17,,https://suumo.jp/tochi/shizuoka/sc_numazu/nc_79036503/,不適合
SUUMO 土地 沼津市,沼津市,更地,土地カテゴリ（建物表記なし）,静岡県沼津市足高,1080,207.8,17.2,1500,—,—,,不明,接道・区分情報なし、詳細/役場で要確認,,2026-06-17,,https://suumo.jp/tochi/shizuoka/sc_numazu/nc_21065417/,不適合
SUUMO 土地 沼津市,沼津市,更地,土地カテゴリ（建物表記なし）,静岡県沼津市下香貫533-1の内,1134,156.1,24.0,1500,宅地,—,,不明,接道・区分情報なし、詳細/役場で要確認,,2026-07-30,,https://suumo.jp/tochi/shizuoka/sc_numazu/nc_75495354/,不適合
SUUMO 土地 沼津市,沼津市,更地,土地カテゴリ（建物表記なし）,静岡県沼津市岡宮,1760,177.7,32.7,1500,宅地,—,,不明,接道・区分情報なし、詳細/役場で要確認,,2026-07-06,,https://suumo.jp/tochi/shizuoka/sc_numazu/nc_78859801/,不適合
SUUMO 土地 沼津市,沼津市,更地,土地カテゴリ（建物表記なし）,静岡県沼津市岡宮６３８－３他,1950,165.5,39.0,1500,宅地,—,,不明,接道・区分情報なし、詳細/役場で要確認,,2026-07-27,,https://suumo.jp/tochi/shizuoka/sc_numazu/nc_74907487/,不適合
SUUMO 土地 沼津市,沼津市,更地,土地カテゴリ（建物表記なし）,静岡県沼津市平沼,840,448.7,6.2,1500,—,—,,不明,接道・区分情報なし、詳細/役場で要確認,,2026-07-17,,https://suumo.jp/tochi/shizuoka/sc_numazu/nc_21309960/,適合
SUUMO 土地 沼津市,沼津市,更地,土地カテゴリ（建物表記なし）,静岡県沼津市志下,1100,485.9,7.5,1500,宅地,—,,不明,接道・区分情報なし、詳細/役場で要確認,,2026-06-17,,https://suumo.jp/tochi/shizuoka/sc_numazu/nc_20671314/,適合
SUUMO 土地 沼津市,沼津市,更地,土地カテゴリ（建物表記なし）,静岡県沼津市西島町,1350,218.2,20.5,1500,—,—,,不明,接道・区分情報なし、詳細/役場で要確認,,2026-06-17,,https://suumo.jp/tochi/shizuoka/sc_numazu/nc_78937355/,不適合
SUUMO 土地 沼津市,沼津市,更地,土地カテゴリ（建物表記なし）,静岡県沼津市山王台,1600,162.6,32.5,1500,—,—,,不明,接道・区分情報なし、詳細/役場で要確認,,2026-06-17,,https://suumo.jp/tochi/shizuoka/sc_numazu/nc_78139490/,不適合
SUUMO 土地 沼津市,沼津市,更地,土地カテゴリ（建物表記なし）,静岡県沼津市下香貫前原,7180,1188.8,20.0,1500,—,—,,不明,接道・区分情報なし、詳細/役場で要確認,,2026-06-17,,https://suumo.jp/tochi/shizuoka/sc_numazu/nc_78937350/,不適合
SUUMO 土地 沼津市,沼津市,更地,土地カテゴリ（建物表記なし）,静岡県沼津市小諏訪,279,308.0,3.0,1500,—,—,,不明,接道・区分情報なし、詳細/役場で要確認,,2026-06-17,,https://suumo.jp/tochi/shizuoka/sc_numazu/nc_74310057/,不適合
SUUMO 土地 沼津市,沼津市,更地,土地カテゴリ（建物表記なし）,静岡県沼津市下香貫柿原,320,160.7,6.6,1500,—,—,,不明,接道・区分情報なし、詳細/役場で要確認,,2026-07-30,,https://suumo.jp/tochi/shizuoka/sc_numazu/nc_75867140/,不適合
SUUMO 土地 沼津市,沼津市,更地,土地カテゴリ（建物表記なし）,静岡県沼津市市道町14-5,350,60.3,19.2,1500,—,—,,不明,接道・区分情報なし、詳細/役場で要確認,,2026-07-30,,https://suumo.jp/tochi/shizuoka/sc_numazu/nc_21390895/,不適合
SUUMO 土地 沼津市,沼津市,更地,土地カテゴリ（建物表記なし）,静岡県沼津市小諏訪,350,92.6,12.5,1500,—,—,,不明,接道・区分情報なし、詳細/役場で要確認,,2026-06-17,,https://suumo.jp/tochi/shizuoka/sc_numazu/nc_77793449/,不適合
SUUMO 土地 沼津市,沼津市,更地,土地カテゴリ（建物表記なし）,静岡県沼津市志下,380,251.0,5.0,1500,—,—,,不明,接道・区分情報なし、詳細/役場で要確認,,2026-06-17,,https://suumo.jp/tochi/shizuoka/sc_numazu/nc_75325373/,不適合
SUUMO 土地 沼津市,沼津市,更地,土地カテゴリ（建物表記なし）,静岡県沼津市足高,380,231.4,5.4,1500,—,—,,不明,接道・区分情報なし、詳細/役場で要確認,,2026-07-30,,https://suumo.jp/tochi/shizuoka/sc_numazu/nc_21390929/,不適合
SUUMO 土地 沼津市,沼津市,更地,土地カテゴリ（建物表記なし）,静岡県沼津市市道町,390,112.0,11.5,1500,—,—,,不明,接道・区分情報なし、詳細/役場で要確認,,2026-06-17,,https://suumo.jp/tochi/shizuoka/sc_numazu/nc_79217136/,不適合
SUUMO 土地 沼津市,沼津市,更地,土地カテゴリ（建物表記なし）,静岡県沼津市大岡,398,56.0,23.5,1500,—,—,,不明,接道・区分情報なし、詳細/役場で要確認,,2026-07-23,,https://suumo.jp/tochi/shizuoka/sc_numazu/nc_21344037/,不適合
SUUMO 土地 沼津市,沼津市,更地,土地カテゴリ（建物表記なし）,静岡県沼津市西間門,400,64.1,20.6,1500,—,—,,不明,接道・区分情報なし、詳細/役場で要確認,,2026-07-13,,https://suumo.jp/tochi/shizuoka/sc_numazu/nc_21284384/,不適合
SUUMO 土地 沼津市,沼津市,更地,土地カテゴリ（建物表記なし）,静岡県沼津市高砂町,450,65.8,22.6,1500,—,—,,不明,接道・区分情報なし、詳細/役場で要確認,,2026-06-17,,https://suumo.jp/tochi/shizuoka/sc_numazu/nc_76747984/,不適合
SUUMO 土地 沼津市,沼津市,更地,土地カテゴリ（建物表記なし）,静岡県沼津市高砂町,450,65.8,22.6,1500,—,—,,不明,接道・区分情報なし、詳細/役場で要確認,,2026-07-27,,https://suumo.jp/tochi/shizuoka/sc_numazu/nc_97390221/,不適合
SUUMO 土地 沼津市,沼津市,更地,土地カテゴリ（建物表記なし）,静岡県沼津市石川,490,309.6,5.2,1500,—,—,,不明,接道・区分情報なし、詳細/役場で要確認,,2026-06-17,,https://suumo.jp/tochi/shizuoka/sc_numazu/nc_96975964/,不適合
SUUMO 土地 沼津市,沼津市,更地,土地カテゴリ（建物表記なし）,静岡県沼津市大平,498,151.9,10.8,1500,田,—,,不明,接道・区分情報なし、詳細/役場で要確認,,2026-06-17,,https://suumo.jp/tochi/shizuoka/sc_numazu/nc_91502801/,不適合
SUUMO 土地 沼津市,沼津市,古家付き土地,土地＋古家/上物の表記,静岡県沼津市根古屋,500,148.8,11.1,1500,—,—,,不明,接道・区分情報なし。建物ありだが現行法での再建築可否は役場で要確認,,2026-07-27,,https://suumo.jp/tochi/shizuoka/sc_numazu/nc_97479775/,不適合
SUUMO 土地 沼津市,沼津市,更地,土地カテゴリ（建物表記なし）,静岡県沼津市石川,550,145.7,12.5,1500,—,—,,不明,接道・区分情報なし、詳細/役場で要確認,,2026-06-17,,https://suumo.jp/tochi/shizuoka/sc_numazu/nc_75839318/,不適合
SUUMO 土地 沼津市,沼津市,更地,土地カテゴリ（建物表記なし）,静岡県沼津市下香貫大久保,580,197.0,9.7,1500,—,—,,不明,接道・区分情報なし、詳細/役場で要確認,,2026-06-17,,https://suumo.jp/tochi/shizuoka/sc_numazu/nc_20512806/,不適合
SUUMO 土地 沼津市,沼津市,更地,土地カテゴリ（建物表記なし）,静岡県沼津市下香貫宮原,580,113.1,17.0,1500,—,—,,不明,接道・区分情報なし、詳細/役場で要確認,,2026-06-17,,https://suumo.jp/tochi/shizuoka/sc_numazu/nc_79211058/,不適合
SUUMO 土地 沼津市,沼津市,更地,土地カテゴリ（建物表記なし）,静岡県沼津市東原,580,175.7,10.9,1500,—,—,,不明,接道・区分情報なし、詳細/役場で要確認,,2026-07-27,,https://suumo.jp/tochi/shizuoka/sc_numazu/nc_76799662/,不適合
SUUMO 土地 沼津市,沼津市,更地,土地カテゴリ（建物表記なし）,静岡県沼津市寿町,600,56.0,35.4,1500,—,—,,不明,接道・区分情報なし、詳細/役場で要確認,,2026-06-17,,https://suumo.jp/tochi/shizuoka/sc_numazu/nc_70958807/,不適合
SUUMO 土地 沼津市,沼津市,更地,土地カテゴリ（建物表記なし）,静岡県沼津市寿町,600,56.0,35.4,1500,—,—,,不明,接道・区分情報なし、詳細/役場で要確認,,2026-07-27,,https://suumo.jp/tochi/shizuoka/sc_numazu/nc_71879235/,不適合
SUUMO 土地 沼津市,沼津市,更地,土地カテゴリ（建物表記なし）,静岡県沼津市東椎路,650,88.4,24.3,1500,—,—,,不明,接道・区分情報なし、詳細/役場で要確認,,2026-06-17,,https://suumo.jp/tochi/shizuoka/sc_numazu/nc_74456530/,不適合
SUUMO 土地 沼津市,沼津市,古家付き土地,土地＋古家/上物の表記,静岡県沼津市根古屋,650,200.3,10.7,1500,—,—,,不明,接道・区分情報なし。建物ありだが現行法での再建築可否は役場で要確認,,2026-07-04,,https://suumo.jp/tochi/shizuoka/sc_numazu/nc_20438778/,不適合
SUUMO 土地 沼津市,沼津市,古家付き土地,土地＋古家/上物の表記,静岡県沼津市根古屋,650,200.3,10.7,1500,—,—,,不明,接道・区分情報なし。建物ありだが現行法での再建築可否は役場で要確認,,2026-07-03,,https://suumo.jp/tochi/shizuoka/sc_numazu/nc_20431435/,不適合
SUUMO 土地 沼津市,沼津市,更地,土地カテゴリ（建物表記なし）,静岡県沼津市大塚,650,226.4,9.5,1500,—,—,,不明,接道・区分情報なし、詳細/役場で要確認,,2026-06-17,,https://suumo.jp/tochi/shizuoka/sc_numazu/nc_78936988/,不適合
SUUMO 土地 沼津市,沼津市,更地,土地カテゴリ（建物表記なし）,静岡県沼津市西間門,680,188.0,12.0,1500,—,—,,不明,接道・区分情報なし、詳細/役場で要確認,,2026-06-17,,https://suumo.jp/tochi/shizuoka/sc_numazu/nc_20897045/,不適合
SUUMO 土地 沼津市,沼津市,更地,土地カテゴリ（建物表記なし）,静岡県沼津市八幡町,680,80.3,28.0,1500,—,—,,不明,接道・区分情報なし、詳細/役場で要確認,,2026-06-17,,https://suumo.jp/tochi/shizuoka/sc_numazu/nc_75642328/,不適合
SUUMO 土地 沼津市,沼津市,更地,土地カテゴリ（建物表記なし）,静岡県沼津市大平1525-2,700,199.0,11.6,1500,—,—,,不明,接道・区分情報なし、詳細/役場で要確認,,2026-06-17,,https://suumo.jp/tochi/shizuoka/sc_numazu/nc_95748913/,不適合
SUUMO 土地 沼津市,沼津市,更地,土地カテゴリ（建物表記なし）,静岡県沼津市上香貫八重,700,105.8,21.9,1500,—,—,,不明,接道・区分情報なし、詳細/役場で要確認,,2026-07-04,,https://suumo.jp/tochi/shizuoka/sc_numazu/nc_21217304/,不適合
SUUMO 土地 沼津市,沼津市,更地,土地カテゴリ（建物表記なし）,静岡県沼津市常盤町２,700,115.0,20.1,1500,—,—,,不明,接道・区分情報なし、詳細/役場で要確認,,2026-06-17,,https://suumo.jp/tochi/shizuoka/sc_numazu/nc_20867731/,不適合
SUUMO 土地 沼津市,沼津市,更地,土地カテゴリ（建物表記なし）,静岡県沼津市大平2874-545,760,209.8,12.0,1500,田,—,,不明,接道・区分情報なし、詳細/役場で要確認,,2026-06-17,,https://suumo.jp/tochi/shizuoka/sc_numazu/nc_78392963/,不適合
SUUMO 土地 沼津市,沼津市,更地,土地カテゴリ（建物表記なし）,静岡県沼津市原,780,300.2,8.6,1500,—,—,,不明,接道・区分情報なし、詳細/役場で要確認,,2026-06-17,,https://suumo.jp/tochi/shizuoka/sc_numazu/nc_77154533/,不適合
SUUMO 土地 沼津市,沼津市,更地,土地カテゴリ（建物表記なし）,静岡県沼津市西間門,780,191.0,13.5,1500,—,—,,不明,接道・区分情報なし、詳細/役場で要確認,,2026-07-30,,https://suumo.jp/tochi/shizuoka/sc_numazu/nc_77750894/,不適合
SUUMO 土地 沼津市,沼津市,更地,土地カテゴリ（建物表記なし）,静岡県沼津市下香貫大久保,780,158.7,16.2,1500,宅地,—,,不明,接道・区分情報なし、詳細/役場で要確認,,2026-07-27,,https://suumo.jp/tochi/shizuoka/sc_numazu/nc_96721587/,不適合
SUUMO 土地 沼津市,沼津市,更地,土地カテゴリ（建物表記なし）,静岡県沼津市内浦重寺,800,144.0,18.4,1500,—,—,,不明,接道・区分情報なし、詳細/役場で要確認,,2026-06-17,,https://suumo.jp/tochi/shizuoka/sc_numazu/nc_77117996/,不適合
SUUMO 土地 沼津市,沼津市,更地,土地カテゴリ（建物表記なし）,静岡県沼津市八幡町,800,72.6,36.4,1500,—,—,,不明,接道・区分情報なし、詳細/役場で要確認,,2026-06-17,,https://suumo.jp/tochi/shizuoka/sc_numazu/nc_77118002/,不適合
SUUMO 土地 沼津市,沼津市,更地,土地カテゴリ（建物表記なし）,静岡県沼津市西間門,800,166.1,15.9,1500,—,—,,不明,接道・区分情報なし、詳細/役場で要確認,,2026-06-17,,https://suumo.jp/tochi/shizuoka/sc_numazu/nc_77866500/,不適合
SUUMO 土地 沼津市,沼津市,更地,土地カテゴリ（建物表記なし）,静岡県沼津市青野,800,251.1,10.5,1500,—,—,,不明,接道・区分情報なし、詳細/役場で要確認,,2026-06-17,,https://suumo.jp/tochi/shizuoka/sc_numazu/nc_20701652/,不適合
SUUMO 土地 沼津市,沼津市,古家付き土地,土地＋古家/上物の表記,静岡県沼津市根古屋,840,165.3,16.8,1500,—,—,,不明,接道・区分情報なし。建物ありだが現行法での再建築可否は役場で要確認,,2026-06-17,,https://suumo.jp/tochi/shizuoka/sc_numazu/nc_78409667/,不適合
SUUMO 土地 沼津市,沼津市,更地,土地カテゴリ（建物表記なし）,静岡県沼津市上香貫九十九洞,840,142.0,19.6,1500,—,—,,不明,接道・区分情報なし、詳細/役場で要確認,,2026-06-17,,https://suumo.jp/tochi/shizuoka/sc_numazu/nc_20069770/,不適合
SUUMO 土地 沼津市,沼津市,更地,土地カテゴリ（建物表記なし）,静岡県沼津市東椎路1303-37,850,115.7,24.3,1500,—,—,,不明,接道・区分情報なし、詳細/役場で要確認,,2026-08-10,,https://suumo.jp/tochi/shizuoka/sc_numazu/nc_73896964/,不適合
SUUMO 土地 沼津市,沼津市,更地,土地カテゴリ（建物表記なし）,静岡県沼津市足高,880,176.3,16.5,1500,—,—,,不明,接道・区分情報なし、詳細/役場で要確認,,2026-08-07,,https://suumo.jp/tochi/shizuoka/sc_numazu/nc_21452176/,不適合
SUUMO 土地 沼津市,沼津市,更地,土地カテゴリ（建物表記なし）,静岡県沼津市大岡,880,103.4,28.1,1500,—,—,,不明,接道・区分情報なし、詳細/役場で要確認,,2026-06-17,,https://suumo.jp/tochi/shizuoka/sc_numazu/nc_74720703/,不適合
SUUMO 土地 沼津市,沼津市,更地,土地カテゴリ（建物表記なし）,静岡県沼津市大岡,890,151.5,19.4,1500,—,—,,不明,接道・区分情報なし、詳細/役場で要確認,,2026-06-17,,https://suumo.jp/tochi/shizuoka/sc_numazu/nc_74388767/,不適合
SUUMO 土地 沼津市,沼津市,更地,土地カテゴリ（建物表記なし）,静岡県沼津市東椎路,900,152.2,19.5,1500,—,—,,不明,接道・区分情報なし、詳細/役場で要確認,,2026-07-13,,https://suumo.jp/tochi/shizuoka/sc_numazu/nc_21284385/,不適合
SUUMO 土地 沼津市,沼津市,更地,土地カテゴリ（建物表記なし）,静岡県沼津市下香貫八重50-25,930,165.0,18.6,1500,—,—,,不明,接道・区分情報なし、詳細/役場で要確認,,2026-06-28,,https://suumo.jp/tochi/shizuoka/sc_numazu/nc_21168094/,不適合
SUUMO 土地 沼津市,沼津市,更地,土地カテゴリ（建物表記なし）,静岡県沼津市大岡,950,132.3,23.7,1500,—,—,,不明,接道・区分情報なし、詳細/役場で要確認,,2026-06-17,,https://suumo.jp/tochi/shizuoka/sc_numazu/nc_74700206/,不適合
SUUMO 土地 沼津市,沼津市,更地,土地カテゴリ（建物表記なし）,静岡県沼津市東椎路116-11,950,158.7,19.8,1500,—,—,,不明,接道・区分情報なし、詳細/役場で要確認,,2026-06-17,,https://suumo.jp/tochi/shizuoka/sc_numazu/nc_75323271/,不適合
SUUMO 土地 沼津市,沼津市,更地,土地カテゴリ（建物表記なし）,静岡県沼津市原,980,227.0,14.3,1500,—,—,,不明,接道・区分情報なし、詳細/役場で要確認,,2026-06-17,,https://suumo.jp/tochi/shizuoka/sc_numazu/nc_93966743/,不適合
SUUMO 土地 沼津市,沼津市,更地,土地カテゴリ（建物表記なし）,静岡県沼津市今沢,980,554.0,5.8,1500,畑,—,,不明,接道・区分情報なし、詳細/役場で要確認,,2026-06-17,,https://suumo.jp/tochi/shizuoka/sc_numazu/nc_77088510/,適合
SUUMO 土地 沼津市,沼津市,更地,土地カテゴリ（建物表記なし）,静岡県沼津市大岡263-7,980,169.7,19.1,1500,—,—,,不明,接道・区分情報なし、詳細/役場で要確認,,2026-07-29,,https://suumo.jp/tochi/shizuoka/sc_numazu/nc_20359016/,不適合
SUUMO 土地 沼津市,沼津市,更地,土地カテゴリ（建物表記なし）,静岡県沼津市東椎路,990,163.7,20.0,1500,—,—,,不明,接道・区分情報なし、詳細/役場で要確認,,2026-06-17,,https://suumo.jp/tochi/shizuoka/sc_numazu/nc_78123918/,不適合
SUUMO 土地 沼津市,沼津市,更地,土地カテゴリ（建物表記なし）,静岡県沼津市原字鳥澤６４７－１ノ一部,1060,159.2,22.0,1500,—,—,,不明,接道・区分情報なし、詳細/役場で要確認,,2026-06-29,,https://suumo.jp/tochi/shizuoka/sc_numazu/nc_91718724/,不適合
SUUMO 土地 沼津市,沼津市,更地,土地カテゴリ（建物表記なし）,静岡県沼津市大岡,1080,165.0,21.6,1500,—,—,,不明,接道・区分情報なし、詳細/役場で要確認,,2026-07-01,,https://suumo.jp/tochi/shizuoka/sc_numazu/nc_20374403/,不適合
SUUMO 土地 沼津市,沼津市,更地,土地カテゴリ（建物表記なし）,静岡県沼津市今沢508-32,1080,184.8,19.3,1500,—,—,,不明,接道・区分情報なし、詳細/役場で要確認,,2026-08-09,,https://suumo.jp/tochi/shizuoka/sc_numazu/nc_21471231/,不適合
SUUMO 土地 沼津市,沼津市,更地,土地カテゴリ（建物表記なし）,静岡県沼津市西島町,1100,158.4,23.0,1500,—,—,,不明,接道・区分情報なし、詳細/役場で要確認,,2026-06-17,,https://suumo.jp/tochi/shizuoka/sc_numazu/nc_21016503/,不適合
SUUMO 土地 沼津市,沼津市,更地,土地カテゴリ（建物表記なし）,静岡県沼津市東原,1100,182.4,19.9,1500,—,—,,不明,接道・区分情報なし、詳細/役場で要確認,,2026-06-17,,https://suumo.jp/tochi/shizuoka/sc_numazu/nc_91502848/,不適合
SUUMO 土地 沼津市,沼津市,更地,土地カテゴリ（建物表記なし）,静岡県沼津市下香貫八重,1180,163.8,23.8,1500,宅地,—,,不明,接道・区分情報なし、詳細/役場で要確認,,2026-06-17,,https://suumo.jp/tochi/shizuoka/sc_numazu/nc_94434597/,不適合
SUUMO 土地 沼津市,沼津市,更地,土地カテゴリ（建物表記なし）,静岡県沼津市内浦重寺,1200,183.9,21.6,1500,—,—,,不明,接道・区分情報なし、詳細/役場で要確認,,2026-06-17,,https://suumo.jp/tochi/shizuoka/sc_numazu/nc_77034008/,不適合
SUUMO 土地 沼津市,沼津市,更地,土地カテゴリ（建物表記なし）,静岡県沼津市錦町,1200,113.7,34.9,1500,—,—,,不明,接道・区分情報なし、詳細/役場で要確認,,2026-06-17,,https://suumo.jp/tochi/shizuoka/sc_numazu/nc_77584008/,不適合
SUUMO 土地 沼津市,沼津市,更地,土地カテゴリ（建物表記なし）,静岡県沼津市本郷町486-3,1200,137.5,28.9,1500,宅地,—,,不明,接道・区分情報なし、詳細/役場で要確認,,2026-06-17,,https://suumo.jp/tochi/shizuoka/sc_numazu/nc_78297832/,不適合
SUUMO 土地 沼津市,沼津市,更地,土地カテゴリ（建物表記なし）,静岡県沼津市本松下,1230,176.7,23.0,1500,—,—,,不明,接道・区分情報なし、詳細/役場で要確認,,2026-07-23,,https://suumo.jp/tochi/shizuoka/sc_numazu/nc_75920486/,不適合
SUUMO 土地 沼津市,沼津市,更地,土地カテゴリ（建物表記なし）,静岡県沼津市大岡,1230,150.1,27.1,1500,—,—,,不明,接道・区分情報なし、詳細/役場で要確認,,2026-07-30,,https://suumo.jp/tochi/shizuoka/sc_numazu/nc_21393340/,不適合
SUUMO 土地 沼津市,沼津市,更地,土地カテゴリ（建物表記なし）,静岡県沼津市西間門,1250,221.5,18.7,1500,—,—,,不明,接道・区分情報なし、詳細/役場で要確認,,2026-06-17,,https://suumo.jp/tochi/shizuoka/sc_numazu/nc_20069819/,不適合
SUUMO 土地 沼津市,沼津市,更地,土地カテゴリ（建物表記なし）,静岡県沼津市青野,1270,258.6,16.2,1500,—,—,,不明,接道・区分情報なし、詳細/役場で要確認,,2026-06-17,,https://suumo.jp/tochi/shizuoka/sc_numazu/nc_78722787/,不適合
SUUMO 土地 沼津市,沼津市,更地,土地カテゴリ（建物表記なし）,静岡県沼津市中沢田344-3,1300,135.1,31.8,1500,田,—,,不明,接道・区分情報なし、詳細/役場で要確認,,2026-07-28,,https://suumo.jp/tochi/shizuoka/sc_numazu/nc_21384400/,不適合
SUUMO 土地 沼津市,沼津市,更地,土地カテゴリ（建物表記なし）,静岡県沼津市下香貫馬場465-1,1320,218.4,20.0,1500,—,—,,不明,接道・区分情報なし、詳細/役場で要確認,,2026-06-17,,https://suumo.jp/tochi/shizuoka/sc_numazu/nc_79218822/,不適合
SUUMO 土地 沼津市,沼津市,更地,土地カテゴリ（建物表記なし）,静岡県沼津市東熊堂51番25他,1380,142.4,32.0,1500,—,—,,不明,接道・区分情報なし、詳細/役場で要確認,,2026-06-17,,https://suumo.jp/tochi/shizuoka/sc_numazu/nc_77120577/,不適合
SUUMO 土地 沼津市,沼津市,更地,土地カテゴリ（建物表記なし）,静岡県沼津市高沢町,1380,119.3,38.2,1500,—,—,,不明,接道・区分情報なし、詳細/役場で要確認,,2026-06-17,,https://suumo.jp/tochi/shizuoka/sc_numazu/nc_20834177/,不適合
SUUMO 土地 沼津市,沼津市,更地,土地カテゴリ（建物表記なし）,静岡県沼津市玉江町,1380,198.5,23.0,1500,—,—,,不明,接道・区分情報なし、詳細/役場で要確認,,2026-07-19,,https://suumo.jp/tochi/shizuoka/sc_numazu/nc_21324544/,不適合
SUUMO 土地 沼津市,沼津市,更地,土地カテゴリ（建物表記なし）,静岡県沼津市戸田,1400,699.0,6.6,1500,田,—,,不明,接道・区分情報なし、詳細/役場で要確認,,2026-06-17,,https://suumo.jp/tochi/shizuoka/sc_numazu/nc_20816237/,適合
SUUMO 土地 沼津市,沼津市,更地,土地カテゴリ（建物表記なし）,静岡県沼津市東原,1400,265.7,17.4,1500,—,—,,不明,接道・区分情報なし、詳細/役場で要確認,,2026-06-17,,https://suumo.jp/tochi/shizuoka/sc_numazu/nc_76497992/,不適合
SUUMO 土地 沼津市,沼津市,更地,土地カテゴリ（建物表記なし）,静岡県沼津市原町中３-10-17,1420,194.5,24.1,1500,—,—,,不明,接道・区分情報なし、詳細/役場で要確認,,2026-08-10,,https://suumo.jp/tochi/shizuoka/sc_numazu/nc_78345343/,不適合
SUUMO 土地 沼津市,沼津市,更地,土地カテゴリ（建物表記なし）,静岡県沼津市大門町,1450,147.1,32.6,1500,—,—,,不明,接道・区分情報なし、詳細/役場で要確認,,2026-07-04,,https://suumo.jp/tochi/shizuoka/sc_numazu/nc_21217303/,不適合
SUUMO 土地 沼津市,沼津市,更地,土地カテゴリ（建物表記なし）,静岡県沼津市花園町,1480,143.3,34.1,1500,—,—,,不明,接道・区分情報なし、詳細/役場で要確認,,2026-06-17,,https://suumo.jp/tochi/shizuoka/sc_numazu/nc_79054947/,不適合
SUUMO 土地 沼津市,沼津市,更地,土地カテゴリ（建物表記なし）,静岡県沼津市東原,1490,248.6,19.8,1500,—,—,,不明,接道・区分情報なし、詳細/役場で要確認,,2026-06-17,,https://suumo.jp/tochi/shizuoka/sc_numazu/nc_75326134/,不適合
SUUMO 土地 沼津市,沼津市,更地,土地カテゴリ（建物表記なし）,静岡県沼津市大岡字池田3500-9、3449-24他,1490,191.5,25.7,1500,田,—,,不明,接道・区分情報なし、詳細/役場で要確認,,2026-06-17,,https://suumo.jp/tochi/shizuoka/sc_numazu/nc_77862360/,不適合
SUUMO 土地 沼津市,沼津市,更地,土地カテゴリ（建物表記なし）,静岡県沼津市下香貫楊原,1490,222.1,22.2,1500,—,—,,不明,接道・区分情報なし、詳細/役場で要確認,,2026-06-17,,https://suumo.jp/tochi/shizuoka/sc_numazu/nc_73243855/,不適合
SUUMO 土地 沼津市,沼津市,更地,土地カテゴリ（建物表記なし）,静岡県沼津市下香貫楊原,1490,222.1,22.2,1500,—,—,,不明,接道・区分情報なし、詳細/役場で要確認,,2026-06-17,,https://suumo.jp/tochi/shizuoka/sc_numazu/nc_20921291/,不適合
SUUMO 土地 沼津市,沼津市,更地,土地カテゴリ（建物表記なし）,静岡県沼津市松長,1500,397.0,12.5,1500,—,—,,不明,接道・区分情報なし、詳細/役場で要確認,,2026-06-23,,https://suumo.jp/tochi/shizuoka/sc_numazu/nc_21134778/,適合
SUUMO 土地 沼津市,沼津市,更地,土地カテゴリ（建物表記なし）,静岡県沼津市吉田町28-22,1550,193.3,26.5,1500,田,—,,不明,接道・区分情報なし、詳細/役場で要確認,,2026-08-10,,https://suumo.jp/tochi/shizuoka/sc_numazu/nc_73849716/,不適合
SUUMO 土地 沼津市,沼津市,更地,土地カテゴリ（建物表記なし）,静岡県沼津市三枚橋町,1580,102.5,51.0,1500,—,—,,不明,接道・区分情報なし、詳細/役場で要確認,,2026-06-17,,https://suumo.jp/tochi/shizuoka/sc_numazu/nc_79141507/,不適合
SUUMO 土地 沼津市,沼津市,更地,土地カテゴリ（建物表記なし）,静岡県沼津市中沢田,1580,221.5,23.6,1500,田,—,,不明,接道・区分情報なし、詳細/役場で要確認,,2026-06-30,,https://suumo.jp/tochi/shizuoka/sc_numazu/nc_20141116/,不適合
SUUMO 土地 沼津市,沼津市,更地,土地カテゴリ（建物表記なし）,静岡県沼津市原,1600,385.4,13.7,1500,—,—,,不明,接道・区分情報なし、詳細/役場で要確認,,2026-06-17,,https://suumo.jp/tochi/shizuoka/sc_numazu/nc_74398998/,不適合
SUUMO 土地 沼津市,沼津市,更地,土地カテゴリ（建物表記なし）,静岡県沼津市大岡,1650,223.7,24.4,1500,—,—,,不明,接道・区分情報なし、詳細/役場で要確認,,2026-06-17,,https://suumo.jp/tochi/shizuoka/sc_numazu/nc_20764833/,不適合
SUUMO 土地 沼津市,沼津市,更地,土地カテゴリ（建物表記なし）,静岡県沼津市大岡,1680,213.7,26.0,1500,—,—,,不明,接道・区分情報なし、詳細/役場で要確認,,2026-06-17,,https://suumo.jp/tochi/shizuoka/sc_numazu/nc_20522570/,不適合
SUUMO 土地 沼津市,沼津市,更地,土地カテゴリ（建物表記なし）,静岡県沼津市東椎路,1680,214.8,25.9,1500,—,—,,不明,接道・区分情報なし、詳細/役場で要確認,,2026-06-17,,https://suumo.jp/tochi/shizuoka/sc_numazu/nc_21079413/,不適合
SUUMO 土地 沼津市,沼津市,更地,土地カテゴリ（建物表記なし）,静岡県沼津市西条町,1700,124.2,45.2,1500,—,—,,不明,接道・区分情報なし、詳細/役場で要確認,,2026-06-17,,https://suumo.jp/tochi/shizuoka/sc_numazu/nc_77418622/,不適合
SUUMO 土地 沼津市,沼津市,更地,土地カテゴリ（建物表記なし）,静岡県沼津市井出,1700,868.0,6.5,1500,宅地,—,,不明,接道・区分情報なし、詳細/役場で要確認,,2026-07-27,,https://suumo.jp/tochi/shizuoka/sc_numazu/nc_21237321/,不適合
SUUMO 土地 沼津市,沼津市,更地,土地カテゴリ（建物表記なし）,静岡県沼津市西条町,1700,124.2,45.2,1500,—,—,,不明,接道・区分情報なし、詳細/役場で要確認,,2026-06-22,,https://suumo.jp/tochi/shizuoka/sc_numazu/nc_20069720/,不適合
SUUMO 土地 沼津市,沼津市,更地,土地カテゴリ（建物表記なし）,静岡県沼津市白銀町,1780,146.6,40.1,1500,—,—,,不明,接道・区分情報なし、詳細/役場で要確認,,2026-06-17,,https://suumo.jp/tochi/shizuoka/sc_numazu/nc_78080334/,不適合
SUUMO 土地 沼津市,沼津市,更地,土地カテゴリ（建物表記なし）,静岡県沼津市松長792-2,1800,397.0,15.0,1500,—,—,,不明,接道・区分情報なし、詳細/役場で要確認,,2026-06-17,,https://suumo.jp/tochi/shizuoka/sc_numazu/nc_74237180/,不適合
SUUMO 土地 沼津市,沼津市,更地,土地カテゴリ（建物表記なし）,静岡県沼津市松長,1800,397.0,15.0,1500,—,—,,不明,接道・区分情報なし、詳細/役場で要確認,,2026-07-27,,https://suumo.jp/tochi/shizuoka/sc_numazu/nc_20599530/,不適合
SUUMO 土地 沼津市,沼津市,更地,土地カテゴリ（建物表記なし）,静岡県沼津市錦町,1800,102.5,58.1,1500,—,—,,不明,接道・区分情報なし、詳細/役場で要確認,,2026-08-03,,https://suumo.jp/tochi/shizuoka/sc_numazu/nc_21429674/,不適合
SUUMO 土地 沼津市,沼津市,更地,土地カテゴリ（建物表記なし）,静岡県沼津市西熊堂,1830,169.5,35.7,1500,田,—,接道も交通量がそれほど多くな,不明,接道・区分情報なし、詳細/役場で要確認,,2026-06-17,,https://suumo.jp/tochi/shizuoka/sc_numazu/nc_79047272/,不適合
SUUMO 土地 沼津市,沼津市,更地,土地カテゴリ（建物表記なし）,静岡県沼津市大岡,1830,169.8,35.6,1500,—,—,,不明,接道・区分情報なし、詳細/役場で要確認,,2026-07-07,,https://suumo.jp/tochi/shizuoka/sc_numazu/nc_21237977/,不適合
SUUMO 土地 沼津市,沼津市,更地,土地カテゴリ（建物表記なし）,静岡県沼津市大岡,1830,169.8,35.6,1500,—,—,,不明,接道・区分情報なし、詳細/役場で要確認,,2026-07-07,,https://suumo.jp/tochi/shizuoka/sc_numazu/nc_21237978/,不適合
SUUMO 土地 沼津市,沼津市,更地,土地カテゴリ（建物表記なし）,静岡県沼津市真砂町,1835,174.3,34.8,1500,—,—,,不明,接道・区分情報なし、詳細/役場で要確認,,2026-07-27,,https://suumo.jp/tochi/shizuoka/sc_numazu/nc_21234704/,不適合
SUUMO 土地 沼津市,沼津市,更地,土地カテゴリ（建物表記なし）,静岡県沼津市大岡,1850,193.3,31.6,1500,—,—,,不明,接道・区分情報なし、詳細/役場で要確認,,2026-06-17,,https://suumo.jp/tochi/shizuoka/sc_numazu/nc_20764886/,不適合
SUUMO 土地 沼津市,沼津市,更地,土地カテゴリ（建物表記なし）,静岡県沼津市大岡,1880,186.3,33.4,1500,—,—,,不明,接道・区分情報なし、詳細/役場で要確認,,2026-07-28,,https://suumo.jp/tochi/shizuoka/sc_numazu/nc_21382174/,不適合
SUUMO 土地 沼津市,沼津市,更地,土地カテゴリ（建物表記なし）,静岡県沼津市小諏訪483-2他,1890,258.1,24.2,1500,—,—,,不明,接道・区分情報なし、詳細/役場で要確認,,2026-07-27,,https://suumo.jp/tochi/shizuoka/sc_numazu/nc_77349395/,不適合
SUUMO 土地 沼津市,沼津市,更地,土地カテゴリ（建物表記なし）,静岡県沼津市東熊堂411-1,1900,159.0,39.5,1500,—,—,,不明,接道・区分情報なし、詳細/役場で要確認,,2026-06-17,,https://suumo.jp/tochi/shizuoka/sc_numazu/nc_97807318/,不適合
SUUMO 土地 沼津市,沼津市,更地,土地カテゴリ（建物表記なし）,静岡県沼津市若葉町,1950,165.4,39.0,1500,—,—,,不明,接道・区分情報なし、詳細/役場で要確認,,2026-06-17,,https://suumo.jp/tochi/shizuoka/sc_numazu/nc_79055341/,不適合
SUUMO 土地 沼津市,沼津市,更地,土地カテゴリ（建物表記なし）,静岡県沼津市三園町3-7,1970,220.7,29.5,1500,—,—,,不明,接道・区分情報なし、詳細/役場で要確認,,2026-06-17,,https://suumo.jp/tochi/shizuoka/sc_numazu/nc_20468090/,不適合
SUUMO 土地 沼津市,沼津市,更地,土地カテゴリ（建物表記なし）,静岡県沼津市三園町,1970,220.7,29.5,1500,—,—,,不明,接道・区分情報なし、詳細/役場で要確認,,2026-06-17,,https://suumo.jp/tochi/shizuoka/sc_numazu/nc_20389985/,不適合
SUUMO 土地 沼津市,沼津市,更地,土地カテゴリ（建物表記なし）,静岡県沼津市東熊堂,1980,487.0,13.4,1500,—,—,,不明,接道・区分情報なし、詳細/役場で要確認,,2026-06-17,,https://suumo.jp/tochi/shizuoka/sc_numazu/nc_74312427/,不適合
SUUMO 土地 沼津市,沼津市,更地,土地カテゴリ（建物表記なし）,静岡県沼津市西間門442,1990,330.6,19.9,1500,—,—,,不明,接道・区分情報なし、詳細/役場で要確認,,2026-07-01,,https://suumo.jp/tochi/shizuoka/sc_numazu/nc_20728680/,不適合
SUUMO 土地 沼津市,沼津市,更地,土地カテゴリ（建物表記なし）,静岡県沼津市住吉町,2050,167.3,40.5,1500,—,—,,不明,接道・区分情報なし、詳細/役場で要確認,,2026-06-17,,https://suumo.jp/tochi/shizuoka/sc_numazu/nc_20981557/,不適合
SUUMO 土地 沼津市,沼津市,更地,土地カテゴリ（建物表記なし）,静岡県沼津市駿河台,2060,228.8,29.8,1500,—,—,,不明,接道・区分情報なし、詳細/役場で要確認,,2026-06-22,,https://suumo.jp/tochi/shizuoka/sc_numazu/nc_21128421/,不適合
SUUMO 土地 沼津市,沼津市,更地,土地カテゴリ（建物表記なし）,静岡県沼津市岡宮,2080,215.0,32.0,1500,—,—,,不明,接道・区分情報なし、詳細/役場で要確認,,2026-06-17,,https://suumo.jp/tochi/shizuoka/sc_numazu/nc_78914954/,不適合
SUUMO 土地 沼津市,沼津市,更地,土地カテゴリ（建物表記なし）,静岡県沼津市沼北町１,2080,166.1,41.4,1500,—,—,,不明,接道・区分情報なし、詳細/役場で要確認,,2026-06-17,,https://suumo.jp/tochi/shizuoka/sc_numazu/nc_21065138/,不適合
SUUMO 土地 沼津市,沼津市,更地,土地カテゴリ（建物表記なし）,静岡県沼津市住吉町,2100,170.4,40.7,1500,—,—,,不明,接道・区分情報なし、詳細/役場で要確認,,2026-06-17,,https://suumo.jp/tochi/shizuoka/sc_numazu/nc_20981524/,不適合
SUUMO 土地 沼津市,沼津市,更地,土地カテゴリ（建物表記なし）,静岡県沼津市原,2180,473.5,15.2,1500,—,—,,不明,接道・区分情報なし、詳細/役場で要確認,,2026-06-17,,https://suumo.jp/tochi/shizuoka/sc_numazu/nc_76754722/,不適合
SUUMO 土地 沼津市,沼津市,更地,土地カテゴリ（建物表記なし）,静岡県沼津市新沢田町,2200,160.0,45.5,1500,田,—,,不明,接道・区分情報なし、詳細/役場で要確認,,2026-06-17,,https://suumo.jp/tochi/shizuoka/sc_numazu/nc_78769404/,不適合
SUUMO 土地 沼津市,沼津市,更地,土地カテゴリ（建物表記なし）,静岡県沼津市大岡,2245,206.5,35.9,1500,—,—,,不明,接道・区分情報なし、詳細/役場で要確認,,2026-06-17,,https://suumo.jp/tochi/shizuoka/sc_numazu/nc_78020310/,不適合
SUUMO 土地 沼津市,沼津市,更地,土地カテゴリ（建物表記なし）,静岡県沼津市高沢町,2280,165.5,45.5,1500,—,—,,不明,接道・区分情報なし、詳細/役場で要確認,,2026-07-06,,https://suumo.jp/tochi/shizuoka/sc_numazu/nc_21229726/,不適合
SUUMO 土地 沼津市,沼津市,更地,土地カテゴリ（建物表記なし）,静岡県沼津市五月町,2300,144.5,52.6,1500,—,—,,不明,接道・区分情報なし、詳細/役場で要確認,,2026-06-17,,https://suumo.jp/tochi/shizuoka/sc_numazu/nc_20459147/,不適合
SUUMO 土地 沼津市,沼津市,更地,土地カテゴリ（建物表記なし）,静岡県沼津市五月町,2300,144.5,52.6,1500,—,—,,不明,接道・区分情報なし、詳細/役場で要確認,,2026-06-17,,https://suumo.jp/tochi/shizuoka/sc_numazu/nc_20459827/,不適合
SUUMO 土地 沼津市,沼津市,更地,土地カテゴリ（建物表記なし）,静岡県沼津市原,2310,614.1,12.4,1500,—,—,,不明,接道・区分情報なし、詳細/役場で要確認,,2026-07-23,,https://suumo.jp/tochi/shizuoka/sc_numazu/nc_20905786/,不適合
SUUMO 土地 沼津市,沼津市,更地,土地カテゴリ（建物表記なし）,静岡県沼津市大岡,2400,304.4,26.1,1500,—,—,,不明,接道・区分情報なし、詳細/役場で要確認,,2026-06-17,,https://suumo.jp/tochi/shizuoka/sc_numazu/nc_20839214/,不適合
SUUMO 土地 沼津市,沼津市,更地,土地カテゴリ（建物表記なし）,静岡県沼津市宮町,2500,424.8,19.5,1500,—,—,,不明,接道・区分情報なし、詳細/役場で要確認,,2026-06-17,,https://suumo.jp/tochi/shizuoka/sc_numazu/nc_78724658/,不適合
SUUMO 土地 沼津市,沼津市,更地,土地カテゴリ（建物表記なし）,静岡県沼津市高沢町,2550,162.6,51.8,1500,—,—,,不明,接道・区分情報なし、詳細/役場で要確認,,2026-06-17,,https://suumo.jp/tochi/shizuoka/sc_numazu/nc_20089905/,不適合
SUUMO 土地 沼津市,沼津市,更地,土地カテゴリ（建物表記なし）,静岡県沼津市八幡町,2580,178.1,47.9,1500,—,—,,不明,接道・区分情報なし、詳細/役場で要確認,,2026-06-17,,https://suumo.jp/tochi/shizuoka/sc_numazu/nc_20783176/,不適合
SUUMO 土地 沼津市,沼津市,更地,土地カテゴリ（建物表記なし）,静岡県沼津市山王台,2700,165.6,53.9,1500,—,—,,不明,接道・区分情報なし、詳細/役場で要確認,,2026-07-30,,https://suumo.jp/tochi/shizuoka/sc_numazu/nc_20742560/,不適合
SUUMO 土地 沼津市,沼津市,更地,土地カテゴリ（建物表記なし）,静岡県沼津市山王台,2700,166.8,53.5,1500,—,—,,不明,接道・区分情報なし、詳細/役場で要確認,,2026-07-30,,https://suumo.jp/tochi/shizuoka/sc_numazu/nc_20742518/,不適合
SUUMO 土地 沼津市,沼津市,更地,土地カテゴリ（建物表記なし）,静岡県沼津市玉江町,2800,513.0,18.0,1500,—,—,,不明,接道・区分情報なし、詳細/役場で要確認,,2026-06-17,,https://suumo.jp/tochi/shizuoka/sc_numazu/nc_77154534/,不適合
SUUMO 土地 沼津市,沼津市,更地,土地カテゴリ（建物表記なし）,静岡県沼津市東原,2800,1543.0,6.0,1500,—,—,,不明,接道・区分情報なし、詳細/役場で要確認,,2026-06-17,,https://suumo.jp/tochi/shizuoka/sc_numazu/nc_79106776/,不適合
SUUMO 土地 沼津市,沼津市,更地,土地カテゴリ（建物表記なし）,静岡県沼津市上香貫二瀬川町,2900,327.1,29.3,1500,—,—,,不明,接道・区分情報なし、詳細/役場で要確認,,2026-07-02,,https://suumo.jp/tochi/shizuoka/sc_numazu/nc_21194907/,不適合
SUUMO 土地 沼津市,沼津市,更地,土地カテゴリ（建物表記なし）,静岡県沼津市大岡,3000,286.0,34.7,1500,—,—,,不明,接道・区分情報なし、詳細/役場で要確認,,2026-07-23,,https://suumo.jp/tochi/shizuoka/sc_numazu/nc_21346627/,不適合
SUUMO 土地 沼津市,沼津市,更地,土地カテゴリ（建物表記なし）,静岡県沼津市泉町,3190,210.1,50.2,1500,—,—,,不明,接道・区分情報なし、詳細/役場で要確認,,2026-08-08,,https://suumo.jp/tochi/shizuoka/sc_numazu/nc_21460782/,不適合
SUUMO 土地 沼津市,沼津市,古家付き土地,土地＋古家/上物の表記,静岡県沼津市市場町,4000,267.7,49.4,1500,—,—,,不明,接道・区分情報なし。建物ありだが現行法での再建築可否は役場で要確認,,2026-07-07,,https://suumo.jp/tochi/shizuoka/sc_numazu/nc_21236075/,不適合
SUUMO 土地 沼津市,沼津市,更地,土地カテゴリ（建物表記なし）,静岡県沼津市下河原町２,4100,522.5,25.9,1500,—,—,,不明,接道・区分情報なし、詳細/役場で要確認,,2026-06-17,,https://suumo.jp/tochi/shizuoka/sc_numazu/nc_20113441/,不適合
SUUMO 土地 沼津市,沼津市,更地,土地カテゴリ（建物表記なし）,静岡県沼津市西椎路,4500,1358.1,11.0,1500,—,—,,不明,接道・区分情報なし、詳細/役場で要確認,,2026-06-17,,https://suumo.jp/tochi/shizuoka/sc_numazu/nc_20261321/,不適合
SUUMO 土地 沼津市,沼津市,更地,土地カテゴリ（建物表記なし）,静岡県沼津市大岡,6000,765.3,25.9,1500,—,—,,不明,接道・区分情報なし、詳細/役場で要確認,,2026-06-17,,https://suumo.jp/tochi/shizuoka/sc_numazu/nc_20467040/,不適合
SUUMO 土地 沼津市,沼津市,更地,土地カテゴリ（建物表記なし）,静岡県沼津市下香貫前原,7180,1186.8,20.0,1500,—,—,,不明,接道・区分情報なし、詳細/役場で要確認,,2026-06-17,,https://suumo.jp/tochi/shizuoka/sc_numazu/nc_20069804/,不適合
LIFULL 土地 三島市,三島市,更地,土地カテゴリ（建物表記なし）,三島市幸原町,3220,136.5,78.0,1500,—,—,,不明,接道・区分情報なし、詳細/役場で要確認,,2026-06-19,,https://www.homes.co.jp/tochi/b-17083750000037/,不適合
LIFULL 土地 三島市,三島市,更地,土地カテゴリ（建物表記なし）,三島市谷田 (三島二日町駅),5500,,,1500,田,—,,不明,接道・区分情報なし、詳細/役場で要確認,,2026-07-31,,https://www.homes.co.jp/tochi/b-33317490000156/,数値不明
LIFULL 土地 三島市,三島市,更地,土地カテゴリ（建物表記なし）,三島市若松町 (三島駅),880,,,1500,—,—,,不明,接道・区分情報なし、詳細/役場で要確認,,2026-07-31,,https://www.homes.co.jp/tochi/b-33309130000091/,数値不明
LIFULL 土地 三島市,三島市,古家付き土地,土地＋古家/上物の表記,三島市徳倉3丁目 (三島駅),780,,,1500,—,—,,不明,接道・区分情報なし。建物ありだが現行法での再建築可否は役場で要確認,,2026-08-01,,https://www.homes.co.jp/tochi/b-33301270000098/,数値不明
LIFULL 土地 三島市,三島市,更地,土地カテゴリ（建物表記なし）,三島市谷田 (三島駅),1530,,,1500,田,—,,不明,接道・区分情報なし、詳細/役場で要確認,,2026-08-01,,https://www.homes.co.jp/tochi/b-33301270000105/,数値不明
LIFULL 土地 三島市,三島市,更地,土地カテゴリ（建物表記なし）,三島市徳倉 (三島駅),100,,,1500,—,市街化調整区域,接道！市街化調整区域のため、,△,市街化調整区域は原則新築不可・許可要件次第＝本命候補,,2026-08-08,関心:市街化調整区域/調整区域,https://www.homes.co.jp/tochi/b-33309130000086/,数値不明
LIFULL 土地 三島市,三島市,更地,土地カテゴリ（建物表記なし）,三島市富士ビレッジ (三島駅),1180,,,1500,—,—,,不明,接道・区分情報なし、詳細/役場で要確認,,2026-08-05,,https://www.homes.co.jp/tochi/b-33326400000195/,数値不明
LIFULL 土地 三島市,三島市,更地,土地カテゴリ（建物表記なし）,三島市谷田 (三島二日町駅),480,,,1500,田,—,,不明,接道・区分情報なし、詳細/役場で要確認,,2026-08-03,,https://www.homes.co.jp/tochi/b-33333810000599/,数値不明
LIFULL 土地 三島市,三島市,古家付き土地,土地＋古家/上物の表記,三島市東本町1丁目 (三島田町駅),4980,,,1500,田,—,,不明,接道・区分情報なし。建物ありだが現行法での再建築可否は役場で要確認,,2026-08-04,,https://www.homes.co.jp/tochi/b-33309130000094/,数値不明
LIFULL 土地 三島市,三島市,古家付き土地,土地＋古家/上物の表記,三島市谷田 (三島二日町駅),400,,,1500,田,—,,不明,接道・区分情報なし。建物ありだが現行法での再建築可否は役場で要確認,,2026-08-04,,https://www.homes.co.jp/tochi/b-33309130000090/,数値不明
LIFULL 土地 三島市,三島市,古家付き土地,土地＋古家/上物の表記,三島市中 (三島二日町駅),450,,,1500,—,—,,不明,接道・区分情報なし。建物ありだが現行法での再建築可否は役場で要確認,,2026-08-04,,https://www.homes.co.jp/tochi/b-33309130000095/,数値不明
LIFULL 土地 三島市,三島市,更地,土地カテゴリ（建物表記なし）,三島市萩 (長泉なめり駅),1680,,,1500,—,—,,不明,接道・区分情報なし、詳細/役場で要確認,,2026-08-11,,https://www.homes.co.jp/tochi/b-1529140000725/,数値不明
LIFULL 土地 三島市,三島市,更地,土地カテゴリ（建物表記なし）,三島市徳倉4丁目 (三島駅),780,,,1500,宅地,—,,不明,接道・区分情報なし、詳細/役場で要確認,,2026-08-10,,https://www.homes.co.jp/tochi/b-33300310000008/,数値不明
LIFULL 土地 三島市,三島市,古家付き土地,土地＋古家/上物の表記,三島市幸原町2丁目 (三島駅),1980,,,1500,—,—,,不明,接道・区分情報なし。建物ありだが現行法での再建築可否は役場で要確認,,2026-08-07,,https://www.homes.co.jp/tochi/b-33306070000013/,数値不明
LIFULL 土地 三島市,三島市,更地,土地カテゴリ（建物表記なし）,三島市東大場2丁目 (大場駅),1980,,,1500,—,—,,不明,接道・区分情報なし、詳細/役場で要確認,,2026-08-07,NG:東大場,https://www.homes.co.jp/tochi/b-33327580000004/,数値不明
LIFULL 土地 三島市,三島市,古家付き土地,土地＋古家/上物の表記,三島市若松町 (三島駅),11000,,,1500,—,—,,不明,接道・区分情報なし。建物ありだが現行法での再建築可否は役場で要確認,,2026-08-07,,https://www.homes.co.jp/tochi/b-33303030000158/,数値不明
LIFULL 土地 三島市,三島市,更地,土地カテゴリ（建物表記なし）,三島市谷田 (三島二日町駅),1580,,,1500,田,—,,不明,接道・区分情報なし、詳細/役場で要確認,,2026-08-07,,https://www.homes.co.jp/tochi/b-33307660000198/,数値不明
LIFULL 土地 三島市,三島市,古家付き土地,土地＋古家/上物の表記,三島市光ケ丘 (三島駅),1880,,,1500,—,—,,不明,接道・区分情報なし。建物ありだが現行法での再建築可否は役場で要確認,,2026-08-08,,https://www.homes.co.jp/tochi/b-1500050000662/,数値不明
LIFULL 土地 三島市,三島市,更地,土地カテゴリ（建物表記なし）,三島市中島 (大場駅),1980,,,1500,—,—,,不明,接道・区分情報なし、詳細/役場で要確認,,2026-08-08,,https://www.homes.co.jp/tochi/b-1500050000562/,数値不明
LIFULL 土地 三島市,三島市,古家付き土地,土地＋古家/上物の表記,三島市青木 (三島二日町駅),1200,,,1500,—,—,,不明,接道・区分情報なし。建物ありだが現行法での再建築可否は役場で要確認,,2026-08-08,,https://www.homes.co.jp/tochi/b-1500050000663/,数値不明
LIFULL 土地 三島市,三島市,更地,土地カテゴリ（建物表記なし）,三島市谷田 (三島二日町駅),1080,,,1500,田,—,,不明,接道・区分情報なし、詳細/役場で要確認,,2026-08-08,,https://www.homes.co.jp/tochi/b-1500050000423/,数値不明
LIFULL 土地 三島市,三島市,古家付き土地,土地＋古家/上物の表記,三島市萩 (長泉なめり駅),2280,,,1500,—,—,,不明,接道・区分情報なし。建物ありだが現行法での再建築可否は役場で要確認,,2026-08-08,,https://www.homes.co.jp/tochi/b-1500050000688/,数値不明
LIFULL 土地 三島市,三島市,更地,土地カテゴリ（建物表記なし）,三島市谷田 (三島二日町駅),800,,,1500,田,—,,不明,接道・区分情報なし、詳細/役場で要確認,,2026-08-08,,https://www.homes.co.jp/tochi/b-1500050000550/,数値不明
LIFULL 土地 三島市,三島市,古家付き土地,土地＋古家/上物の表記,三島市徳倉4丁目 (長泉なめり駅),430,,,1500,—,—,,不明,接道・区分情報なし。建物ありだが現行法での再建築可否は役場で要確認,,2026-08-09,,https://www.homes.co.jp/tochi/b-1500050000611/,数値不明
LIFULL 土地 三島市,三島市,更地,土地カテゴリ（建物表記なし）,三島市谷田 (三島二日町駅),998,,,1500,田,—,,不明,接道・区分情報なし、詳細/役場で要確認,,2026-08-09,,https://www.homes.co.jp/tochi/b-1500050000686/,数値不明
LIFULL 土地 三島市,三島市,古家付き土地,土地＋古家/上物の表記,三島市沢地 (三島駅),2800,,,1500,—,—,,不明,接道・区分情報なし。建物ありだが現行法での再建築可否は役場で要確認,,2026-08-09,,https://www.homes.co.jp/tochi/b-1500050000637/,数値不明
LIFULL 土地 三島市,三島市,更地,土地カテゴリ（建物表記なし）,三島市光ケ丘 (三島駅),2100,,,1500,—,—,,不明,接道・区分情報なし、詳細/役場で要確認,,2026-08-10,,https://www.homes.co.jp/tochi/b-1500050000171/,数値不明
LIFULL 土地 三島市,三島市,更地,土地カテゴリ（建物表記なし）,三島市大場 (函南駅),150,,,1500,—,—,,不明,接道・区分情報なし、詳細/役場で要確認,,2026-08-11,,https://www.homes.co.jp/tochi/b-1500050000279/,数値不明
LIFULL 土地 三島市,三島市,古家付き土地,土地＋古家/上物の表記,三島市大場 (大場駅),2500,,,1500,—,—,,不明,接道・区分情報なし。建物ありだが現行法での再建築可否は役場で要確認,,2026-08-11,,https://www.homes.co.jp/tochi/b-1500050000457/,数値不明
LIFULL 土地 三島市,三島市,更地,土地カテゴリ（建物表記なし）,三島市大場 (函南駅),150,,,1500,—,—,,不明,接道・区分情報なし、詳細/役場で要確認,,2026-08-11,,https://www.homes.co.jp/tochi/b-1500050000373/,数値不明
空き家バンクしずおか 伊豆の国市,伊豆の国市,空き家,掲載に空き家表記,伊豆の国市南條,890,63.3,46.5,3000,田,市街化区域,,不明,接道・区分情報なし。建物ありだが現行法での再建築可否は役場で要確認,,2026-07-13,,https://akiya-bank.shizuoka.fudohsan.jp/%E7%89%A9%E4%BB%B6/175226/settle/1,不適合
空き家バンクしずおか 伊豆の国市,伊豆の国市,更地,土地カテゴリ（建物表記なし）,伊豆の国市長崎350-6,1150,201.0,18.9,1500,田,市街化調整区域,,△,市街化調整区域は原則新築不可・許可要件次第＝本命候補,,2026-06-14,関心:調整区域/無指定,https://akiya-bank.shizuoka.fudohsan.jp/%E7%89%A9%E4%BB%B6/132916/settle/1,不適合
空き家バンクしずおか 伊豆の国市,伊豆の国市,更地,土地カテゴリ（建物表記なし）,伊豆の国市長崎350-4,1380,205.0,22.3,1500,田,市街化調整区域,,△,市街化調整区域は原則新築不可・許可要件次第＝本命候補,,2026-06-14,関心:調整区域/無指定,https://akiya-bank.shizuoka.fudohsan.jp/%E7%89%A9%E4%BB%B6/132911/settle/1,不適合
空き家バンクしずおか 伊豆の国市,伊豆の国市,更地,土地カテゴリ（建物表記なし）,伊豆の国市長崎350-8,1180,201.5,19.4,1500,田,市街化調整区域,,△,市街化調整区域は原則新築不可・許可要件次第＝本命候補,,2026-06-14,関心:調整区域/無指定,https://akiya-bank.shizuoka.fudohsan.jp/%E7%89%A9%E4%BB%B6/132918/settle/1,不適合
空き家バンクしずおか 伊豆の国市,伊豆の国市,更地,土地カテゴリ（建物表記なし）,伊豆の国市長岡,1480,343.6,14.2,1500,田,市街化区域,,△,市街化区域だが接道幅員が不明。新築可否は接道要確認,,2026-06-14,,https://akiya-bank.shizuoka.fudohsan.jp/%E7%89%A9%E4%BB%B6/97610/settle/1,適合
空き家バンクしずおか 伊豆の国市,伊豆の国市,更地,土地カテゴリ（建物表記なし）,伊豆の国市小坂,1180,257.9,15.1,1500,田,市街化調整区域,,△,市街化調整区域は原則新築不可・許可要件次第＝本命候補,,2026-06-14,関心:調整区域/無指定,https://akiya-bank.shizuoka.fudohsan.jp/%E7%89%A9%E4%BB%B6/163787/settle/1,不適合
空き家バンクしずおか 伊豆の国市,伊豆の国市,更地,土地カテゴリ（建物表記なし）,伊豆の国市奈古谷エメラルドタウン,1180,245.8,15.9,1500,田,市街化調整区域,,△,市街化調整区域は原則新築不可・許可要件次第＝本命候補,,2026-06-14,関心:調整区域/無指定 NG:エメラルドタウン,https://akiya-bank.shizuoka.fudohsan.jp/%E7%89%A9%E4%BB%B6/173766/settle/1,不適合
空き家バンクしずおか 伊豆の国市,伊豆の国市,更地,土地カテゴリ（建物表記なし）,伊豆の国市小坂,1180,257.9,15.1,1500,田,市街化調整区域,,△,市街化調整区域は原則新築不可・許可要件次第＝本命候補,,2026-06-14,関心:調整区域/無指定,https://akiya-bank.shizuoka.fudohsan.jp/%E7%89%A9%E4%BB%B6/154670/settle/1,不適合
空き家バンクしずおか 伊豆の国市,伊豆の国市,空き家,掲載に空き家表記,伊豆の国市長岡,1080,79.2,45.1,3000,田,—,,不明,接道・区分情報なし。建物ありだが現行法での再建築可否は役場で要確認,,2026-08-07,注意:管理費,https://akiya-bank.shizuoka.fudohsan.jp/%E7%89%A9%E4%BB%B6/176142/settle/1,不適合
空き家バンクしずおか 伊豆の国市,伊豆の国市,古家付き土地,土地＋古家/上物の表記,伊豆の国市田京,300,257.2,3.9,1500,田,市街化調整区域,,△,調整区域の建替えは既存宅地要件等の確認が必要＝本命候補,,2026-06-14,関心:調整区域/無指定,https://akiya-bank.shizuoka.fudohsan.jp/%E7%89%A9%E4%BB%B6/163205/settle/1,不適合
空き家バンクしずおか 伊豆の国市,伊豆の国市,更地,土地カテゴリ（建物表記なし）,伊豆の国市奈古谷小松ケ原2228-200,680,337.0,6.7,1500,畑,市街化調整区域,,△,市街化調整区域は原則新築不可・許可要件次第＝本命候補,,2026-06-14,関心:調整区域/無指定,https://akiya-bank.shizuoka.fudohsan.jp/%E7%89%A9%E4%BB%B6/111154/settle/1,適合
空き家バンクしずおか 伊豆の国市,伊豆の国市,更地,土地カテゴリ（建物表記なし）,伊豆の国市古奈221-2,3750,292.8,42.3,1500,田,市街化区域,,△,市街化区域だが接道幅員が不明。新築可否は接道要確認,,2026-06-14,,https://akiya-bank.shizuoka.fudohsan.jp/%E7%89%A9%E4%BB%B6/133411/settle/1,不適合
空き家バンクしずおか 伊豆の国市,伊豆の国市,空き家,掲載に空き家表記,伊豆の国市長岡1334-4,450,64.7,23.0,3000,田,—,,不明,接道・区分情報なし。建物ありだが現行法での再建築可否は役場で要確認,,2026-06-14,注意:管理費,https://akiya-bank.shizuoka.fudohsan.jp/%E7%89%A9%E4%BB%B6/131233/settle/1,不適合
空き家バンクしずおか 伊豆の国市,伊豆の国市,更地,土地カテゴリ（建物表記なし）,伊豆の国市韮山山木1225-127,900,287.0,10.4,1500,田,市街化区域,,△,市街化区域だが接道幅員が不明。新築可否は接道要確認,,2026-06-14,関心:無指定,https://akiya-bank.shizuoka.fudohsan.jp/%E7%89%A9%E4%BB%B6/155384/settle/1,不適合
空き家バンクしずおか 伊豆の国市,伊豆の国市,更地,土地カテゴリ（建物表記なし）,伊豆の国市奈古谷2227-107,80,495.0,0.5,1500,田,市街化調整区域,,△,市街化調整区域は原則新築不可・許可要件次第＝本命候補,,2026-06-14,関心:調整区域/無指定,https://akiya-bank.shizuoka.fudohsan.jp/%E7%89%A9%E4%BB%B6/144639/settle/1,適合
空き家バンクしずおか 伊豆の国市,伊豆の国市,空き家,掲載に空き家表記,伊豆の国市大仁,3200,160.6,65.9,3000,田,市街化区域,,不明,接道・区分情報なし。建物ありだが現行法での再建築可否は役場で要確認,,2026-06-14,,https://akiya-bank.shizuoka.fudohsan.jp/%E7%89%A9%E4%BB%B6/138202/settle/1,不適合
空き家バンクしずおか 伊豆の国市,伊豆の国市,古家付き土地,土地＋古家/上物の表記,伊豆の国市韮山金谷,1350,1941.6,2.3,1500,田,市街化調整区域,,△,調整区域の建替えは既存宅地要件等の確認が必要＝本命候補,,2026-06-14,関心:調整区域/無指定,https://akiya-bank.shizuoka.fudohsan.jp/%E7%89%A9%E4%BB%B6/172719/settle/1,適合
空き家バンクしずおか 伊豆の国市,伊豆の国市,更地,土地カテゴリ（建物表記なし）,伊豆の国市天野,2200,393.0,18.5,1500,田,市街化区域,,△,市街化区域だが接道幅員が不明。新築可否は接道要確認,,2026-06-14,,https://akiya-bank.shizuoka.fudohsan.jp/%E7%89%A9%E4%BB%B6/166786/settle/1,不適合
空き家バンクしずおか 伊豆の国市,伊豆の国市,更地,土地カテゴリ（建物表記なし）,伊豆の国市四日町1005-1,1300,190.1,22.6,1500,宅地,市街化区域,,△,市街化区域だが接道幅員が不明。新築可否は接道要確認,,2026-06-14,,https://akiya-bank.shizuoka.fudohsan.jp/%E7%89%A9%E4%BB%B6/143272/settle/1,不適合
空き家バンクしずおか 伊豆の国市,伊豆の国市,空き家,掲載に空き家表記,伊豆の国市立花３丁目,75,57.7,4.3,3000,田,—,,不明,接道・区分情報なし。建物ありだが現行法での再建築可否は役場で要確認,,2026-06-14,関心:無指定 注意:管理費,https://akiya-bank.shizuoka.fudohsan.jp/%E7%89%A9%E4%BB%B6/161234/settle/1,不適合
空き家バンクしずおか 伊豆の国市,伊豆の国市,古家付き土地,土地＋古家/上物の表記,伊豆の国市天野,1080,363.0,9.8,1500,田,市街化調整区域,,△,調整区域の建替えは既存宅地要件等の確認が必要＝本命候補,,2026-07-23,関心:調整区域/無指定,https://akiya-bank.shizuoka.fudohsan.jp/%E7%89%A9%E4%BB%B6/175551/settle/1,適合
空き家バンクしずおか 伊豆の国市,伊豆の国市,更地,土地カテゴリ（建物表記なし）,伊豆の国市古奈,2480,355.6,23.1,1500,田,市街化区域,,△,市街化区域だが接道幅員が不明。新築可否は接道要確認,,2026-06-14,注意:温泉,https://akiya-bank.shizuoka.fudohsan.jp/%E7%89%A9%E4%BB%B6/156379/settle/1,不適合
空き家バンクしずおか 伊豆の国市,伊豆の国市,更地,土地カテゴリ（建物表記なし）,伊豆の国市古奈347-1,1866,247.7,24.9,1500,田,市街化区域,,△,市街化区域だが接道幅員が不明。新築可否は接道要確認,,2026-07-21,,https://akiya-bank.shizuoka.fudohsan.jp/%E7%89%A9%E4%BB%B6/175245/settle/1,不適合
空き家バンクしずおか 伊豆の国市,伊豆の国市,中古戸建,中古戸建/住宅カテゴリ,伊豆の国市奈古谷,580,358.0,5.4,3000,田,市街化区域,,不明,接道・区分情報なし。建物ありだが現行法での再建築可否は役場で要確認,,2026-06-14,関心:無指定 注意:別荘地,https://akiya-bank.shizuoka.fudohsan.jp/%E7%89%A9%E4%BB%B6/165205/settle/1,適合
空き家バンクしずおか 伊豆の国市,伊豆の国市,更地,土地カテゴリ（建物表記なし）,伊豆の国市原木,980,165.1,19.6,1500,田,市街化区域,,△,市街化区域だが接道幅員が不明。新築可否は接道要確認,,2026-06-14,,https://akiya-bank.shizuoka.fudohsan.jp/%E7%89%A9%E4%BB%B6/173222/settle/1,不適合
空き家バンクしずおか 伊豆の国市,伊豆の国市,中古戸建,中古戸建/住宅カテゴリ,伊豆の国市奈古谷,1830,102.8,58.8,3000,田,—,,不明,接道・区分情報なし。建物ありだが現行法での再建築可否は役場で要確認,,2026-06-14,関心:無指定 注意:管理費,https://akiya-bank.shizuoka.fudohsan.jp/%E7%89%A9%E4%BB%B6/164972/settle/1,不適合
空き家バンクしずおか 伊豆の国市,伊豆の国市,古家付き土地,土地＋古家/上物の表記,伊豆の国市奈古谷,780,381.0,6.8,1500,田,市街化区域,,不明,接道・区分情報なし。建物ありだが現行法での再建築可否は役場で要確認,,2026-06-14,関心:無指定 注意:別荘地,https://akiya-bank.shizuoka.fudohsan.jp/%E7%89%A9%E4%BB%B6/171443/settle/1,適合
空き家バンクしずおか 伊豆の国市,伊豆の国市,更地,土地カテゴリ（建物表記なし）,伊豆の国市奈古谷小松ケ原2227-215,100,1032.0,0.3,1500,田,市街化調整区域,,△,市街化調整区域は原則新築不可・許可要件次第＝本命候補,,2026-06-14,関心:調整区域/無指定 注意:別荘地,https://akiya-bank.shizuoka.fudohsan.jp/%E7%89%A9%E4%BB%B6/111173/settle/1,適合
空き家バンクしずおか 伊豆の国市,伊豆の国市,更地,土地カテゴリ（建物表記なし）,伊豆の国市大仁858-2,1480,310.9,15.7,1500,田,市街化調整区域,,△,市街化調整区域は原則新築不可・許可要件次第＝本命候補,,2026-06-14,関心:調整区域/無指定,https://akiya-bank.shizuoka.fudohsan.jp/%E7%89%A9%E4%BB%B6/165628/settle/1,不適合
空き家バンクしずおか 伊豆の国市,伊豆の国市,空き家,掲載に空き家表記,伊豆の国市大仁,1980,404.0,16.2,3000,田,市街化区域,,不明,接道・区分情報なし。建物ありだが現行法での再建築可否は役場で要確認,,2026-06-14,,https://akiya-bank.shizuoka.fudohsan.jp/%E7%89%A9%E4%BB%B6/169525/settle/1,適合
空き家バンクしずおか 伊豆の国市,伊豆の国市,更地,土地カテゴリ（建物表記なし）,伊豆の国市奈古谷,1350,416.0,10.7,1500,田,市街化区域,,△,市街化区域だが接道幅員が不明。新築可否は接道要確認,,2026-06-14,関心:無指定,https://akiya-bank.shizuoka.fudohsan.jp/%E7%89%A9%E4%BB%B6/159577/settle/1,適合
空き家バンクしずおか 伊豆の国市,伊豆の国市,古家付き土地,土地＋古家/上物の表記,伊豆の国市南江間1930番38,750,199.1,12.5,1500,田,市街化調整区域,,△,調整区域の建替えは既存宅地要件等の確認が必要＝本命候補,,2026-06-14,関心:調整区域/無指定,https://akiya-bank.shizuoka.fudohsan.jp/%E7%89%A9%E4%BB%B6/165994/settle/1,不適合
空き家バンクしずおか 伊豆の国市,伊豆の国市,空き家,掲載に空き家表記,伊豆の国市長岡,2380,130.6,60.2,3000,田,—,,不明,接道・区分情報なし。建物ありだが現行法での再建築可否は役場で要確認,,2026-06-14,注意:管理費,https://akiya-bank.shizuoka.fudohsan.jp/%E7%89%A9%E4%BB%B6/170946/settle/1,不適合
空き家バンクしずおか 伊豆の国市,伊豆の国市,更地,土地カテゴリ（建物表記なし）,伊豆の国市原木38-1,1390,270.0,17.0,1500,田,市街化区域,,△,市街化区域だが接道幅員が不明。新築可否は接道要確認,,2026-06-14,,https://akiya-bank.shizuoka.fudohsan.jp/%E7%89%A9%E4%BB%B6/139291/settle/1,不適合
空き家バンクしずおか 伊豆の国市,伊豆の国市,中古戸建,中古戸建/住宅カテゴリ,伊豆の国市奈古谷,1380,225.1,20.3,3000,田,市街化区域,,不明,接道・区分情報なし。建物ありだが現行法での再建築可否は役場で要確認,,2026-06-14,関心:無指定 注意:別荘地,https://akiya-bank.shizuoka.fudohsan.jp/%E7%89%A9%E4%BB%B6/164344/settle/1,不適合
空き家バンクしずおか 伊豆の国市,伊豆の国市,空き家,掲載に空き家表記,伊豆の国市長岡1334-4,288,43.0,22.1,3000,田,—,,不明,接道・区分情報なし。建物ありだが現行法での再建築可否は役場で要確認,,2026-06-14,注意:管理費,https://akiya-bank.shizuoka.fudohsan.jp/%E7%89%A9%E4%BB%B6/152585/settle/1,不適合
空き家バンクしずおか 伊豆の国市,伊豆の国市,更地,土地カテゴリ（建物表記なし）,伊豆の国市長崎350-7,1150,226.3,16.8,1500,田,市街化調整区域,,△,市街化調整区域は原則新築不可・許可要件次第＝本命候補,,2026-06-14,関心:調整区域/無指定,https://akiya-bank.shizuoka.fudohsan.jp/%E7%89%A9%E4%BB%B6/138640/settle/1,不適合
家いちば 静岡県,函南町,更地,土地カテゴリ（建物表記なし）,静岡県函南町,222,,,1500,保安林,市街化調整区域,接道は長さ19. もっと見る,△,市街化調整区域は原則新築不可・許可要件次第＝本命候補,,2026-07-07,関心:市街化調整区域/調整区域 注意:別荘地/温泉,https://www.ieichiba.com/project/P202500691%E5%87%BD%E5%8D%97%E7%94%BA%E5%B9%B3%E4%BA%95A2,数値不明
家いちば 静岡県,伊豆の国市,更地,土地カテゴリ（建物表記なし）,静岡県伊豆の国市,2680,,,1500,—,—,,不明,接道・区分情報なし、詳細/役場で要確認,,2026-06-22,注意:別荘地,https://www.ieichiba.com/project/P202600509%E4%BC%8A%E8%B1%86%E3%81%AE%E5%9B%BD%E5%A5%88%E5%8F%A4%E8%B0%B7K,数値不明
家っち(新日本住建販売) 伊豆の国市 土地一覧,伊豆の国市,更地,土地カテゴリ（建物表記なし）,静岡県伊豆の国市中島,3980,239.0,55.1,1500,—,—,,不明,接道・区分情報なし、詳細/役場で要確認,,2026-07-30,,https://www.snjhkk.com/s_r_59395/index.html,不適合
家っち(新日本住建販売) 伊豆の国市 土地一覧,伊豆の国市,更地,土地カテゴリ（建物表記なし）,静岡県伊豆の国市長岡,1180,,,1500,—,—,,不明,接道・区分情報なし、詳細/役場で要確認,,2026-07-12,,https://www.snjhkk.com/s_r_59246/index.html,数値不明
家っち(新日本住建販売) 伊豆の国市 土地一覧,伊豆の国市,更地,土地カテゴリ（建物表記なし）,静岡県伊豆の国市長岡,1400,354.1,13.1,1500,—,—,,不明,接道・区分情報なし、詳細/役場で要確認,,2026-06-25,,https://www.snjhkk.com/s_r_59044/index.html,適合
家っち(新日本住建販売) 伊豆の国市 土地一覧,伊豆の国市,更地,土地カテゴリ（建物表記なし）,静岡県伊豆の国市北江間,800,3244.8,0.8,1500,宅地,—,,不明,接道・区分情報なし、詳細/役場で要確認,,2026-06-25,,https://www.snjhkk.com/s_r_58978/index.html,適合
家っち(新日本住建販売) 伊豆の国市 土地一覧,伊豆の国市,更地,土地カテゴリ（建物表記なし）,静岡県伊豆の国市原木,1500,173.3,28.6,1500,—,—,,不明,接道・区分情報なし、詳細/役場で要確認,,2026-06-25,,https://www.snjhkk.com/s_r_58976/index.html,不適合
家っち(新日本住建販売) 伊豆の国市 土地一覧,伊豆の国市,更地,土地カテゴリ（建物表記なし）,静岡県伊豆の国市吉田,1750,422.4,13.7,1500,田,—,,不明,接道・区分情報なし、詳細/役場で要確認,,2026-06-25,,https://www.snjhkk.com/s_r_58887/index.html,不適合
家っち(新日本住建販売) 伊豆の国市 土地一覧,伊豆の国市,更地,土地カテゴリ（建物表記なし）,静岡県伊豆の国市原木,750,117.3,21.1,1500,—,—,,不明,接道・区分情報なし、詳細/役場で要確認,,2026-08-07,,https://www.snjhkk.com/s_r_58599/index.html,不適合
家っち(新日本住建販売) 伊豆の国市 土地一覧,伊豆の国市,更地,土地カテゴリ（建物表記なし）,静岡県伊豆の国市長崎,990,200.7,16.3,1500,—,—,,不明,接道・区分情報なし、詳細/役場で要確認,,2026-08-07,,https://www.snjhkk.com/s_r_58594/index.html,不適合
家っち(新日本住建販売) 伊豆の国市 土地一覧,伊豆の国市,更地,土地カテゴリ（建物表記なし）,静岡県伊豆の国市古奈,2380,396.0,19.9,1500,—,—,,不明,接道・区分情報なし、詳細/役場で要確認,,2026-08-07,,https://www.snjhkk.com/s_r_58513/index.html,不適合
家っち(新日本住建販売) 伊豆の国市 土地一覧,伊豆の国市,更地,土地カテゴリ（建物表記なし）,静岡県伊豆の国市四日町,1990,91.2,72.1,1500,—,—,,不明,接道・区分情報なし、詳細/役場で要確認,,2026-08-07,,https://www.snjhkk.com/s_r_58269/index.html,不適合
家っち(新日本住建販売) 伊豆の国市 土地一覧,伊豆の国市,更地,土地カテゴリ（建物表記なし）,静岡県伊豆の国市寺家,1290,241.0,17.7,1500,—,—,,不明,接道・区分情報なし、詳細/役場で要確認,,2026-08-07,,https://www.snjhkk.com/s_r_58164/index.html,不適合
ビレッジハウス 沼津市（敷金礼金0円）,沼津市,賃貸アパート,賃貸カテゴリ（掲載種別）,静岡県沼津市今沢字水上443-1,,,,5,—,—,,—,賃貸のため対象外,,2026-07-25,関心:敷金なし/礼金なし,https://www.villagehouse.jp/chintai/tokai/shizuoka/numazu-shi-222038/imazawa-4103/,数値不明
ビレッジハウス 沼津市（敷金礼金0円）,沼津市,賃貸アパート,賃貸カテゴリ（掲載種別）,静岡県沼津市原1418-12,,,,5,—,—,,—,賃貸のため対象外,,2026-07-25,関心:敷金なし/礼金なし,https://www.villagehouse.jp/chintai/tokai/shizuoka/numazu-shi-222038/hara-4259/,数値不明
SUUMO 中古戸建 沼津市,沼津市,更地,土地カテゴリ（建物表記なし）,静岡県沼津市下香貫牛臥,1390,527.3,8.7,1500,—,—,,不明,接道・区分情報なし、詳細/役場で要確認,,2026-06-17,,https://suumo.jp/chukoikkodate/shizuoka/sc_numazu/nc_74785946/,適合
SUUMO 中古戸建 沼津市,沼津市,更地,土地カテゴリ（建物表記なし）,静岡県沼津市岡宮,1390,154.0,29.8,1500,—,—,,不明,接道・区分情報なし、詳細/役場で要確認,,2026-08-07,,https://suumo.jp/chukoikkodate/shizuoka/sc_numazu/nc_21443163/,不適合
SUUMO 中古戸建 沼津市,沼津市,更地,土地カテゴリ（建物表記なし）,静岡県沼津市青野,1690,165.4,33.8,1500,—,—,,不明,接道・区分情報なし、詳細/役場で要確認,,2026-06-17,,https://suumo.jp/chukoikkodate/shizuoka/sc_numazu/nc_76004739/,不適合
SUUMO 中古戸建 沼津市,沼津市,更地,土地カテゴリ（建物表記なし）,静岡県沼津市大諏訪,2170,134.0,53.5,1500,田,—,,不明,接道・区分情報なし、詳細/役場で要確認,,2026-08-07,,https://suumo.jp/chukoikkodate/shizuoka/sc_numazu/nc_21442241/,不適合
SUUMO 中古戸建 沼津市,沼津市,中古戸建,中古戸建/住宅カテゴリ,静岡県沼津市西沢田,2280,154.2,48.9,3000,田,—,,不明,接道・区分情報なし。建物ありだが現行法での再建築可否は役場で要確認,,2026-07-26,,https://suumo.jp/chukoikkodate/shizuoka/sc_numazu/nc_21025967/,不適合
SUUMO 中古戸建 沼津市,沼津市,更地,土地カテゴリ（建物表記なし）,静岡県沼津市大岡,2299,163.6,46.5,1500,—,—,,不明,接道・区分情報なし、詳細/役場で要確認,,2026-07-20,,https://suumo.jp/chukoikkodate/shizuoka/sc_numazu/nc_21330181/,不適合
SUUMO 中古戸建 沼津市,沼津市,更地,土地カテゴリ（建物表記なし）,静岡県沼津市大岡,2480,143.9,57.0,1500,—,—,,不明,接道・区分情報なし、詳細/役場で要確認,,2026-06-22,,https://suumo.jp/chukoikkodate/shizuoka/sc_numazu/nc_21123638/,不適合
SUUMO 中古戸建 沼津市,沼津市,更地,土地カテゴリ（建物表記なし）,静岡県沼津市大岡,2980,165.7,59.5,1500,—,—,,不明,接道・区分情報なし、詳細/役場で要確認,,2026-06-17,,https://suumo.jp/chukoikkodate/shizuoka/sc_numazu/nc_79233619/,不適合
SUUMO 中古戸建 沼津市,沼津市,更地,土地カテゴリ（建物表記なし）,静岡県沼津市大岡,2980,320.6,30.7,1500,—,—,,不明,接道・区分情報なし、詳細/役場で要確認,,2026-06-17,,https://suumo.jp/chukoikkodate/shizuoka/sc_numazu/nc_78801413/,不適合
SUUMO 中古戸建 沼津市,沼津市,更地,土地カテゴリ（建物表記なし）,静岡県沼津市下香貫大久保,2998,477.1,20.8,1500,宅地,—,,不明,接道・区分情報なし、詳細/役場で要確認,,2026-07-12,,https://suumo.jp/chukoikkodate/shizuoka/sc_numazu/nc_21270759/,不適合
SUUMO 中古戸建 沼津市,沼津市,更地,土地カテゴリ（建物表記なし）,静岡県沼津市原,3080,172.8,58.9,1500,—,—,,不明,接道・区分情報なし、詳細/役場で要確認,,2026-06-17,,https://suumo.jp/chukoikkodate/shizuoka/sc_numazu/nc_79055873/,不適合
SUUMO 中古戸建 沼津市,沼津市,更地,土地カテゴリ（建物表記なし）,静岡県沼津市大岡,3390,150.6,74.4,1500,—,—,,不明,接道・区分情報なし、詳細/役場で要確認,,2026-06-17,,https://suumo.jp/chukoikkodate/shizuoka/sc_numazu/nc_20814738/,不適合
SUUMO 中古戸建 沼津市,沼津市,中古戸建,中古戸建/住宅カテゴリ,静岡県沼津市青野,3850,503.2,25.3,3000,—,—,,不明,接道・区分情報なし。建物ありだが現行法での再建築可否は役場で要確認,,2026-06-17,,https://suumo.jp/chukoikkodate/shizuoka/sc_numazu/nc_78483496/,不適合
SUUMO 中古戸建 沼津市,沼津市,更地,土地カテゴリ（建物表記なし）,静岡県沼津市原,5200,188.2,91.3,1500,—,—,,不明,接道・区分情報なし、詳細/役場で要確認,,2026-06-17,,https://suumo.jp/chukoikkodate/shizuoka/sc_numazu/nc_20340171/,不適合
SUUMO 中古戸建 沼津市,沼津市,中古戸建,中古戸建/住宅カテゴリ,静岡県沼津市大岡,2299,163.6,46.5,3000,—,—,,不明,接道・区分情報なし。建物ありだが現行法での再建築可否は役場で要確認,,2026-07-21,,https://suumo.jp/chukoikkodate/shizuoka/sc_numazu/nc_21333723/,不適合
SUUMO 中古戸建 沼津市,沼津市,更地,土地カテゴリ（建物表記なし）,静岡県沼津市三芳町,2380,154.0,51.1,1500,—,—,,不明,接道・区分情報なし、詳細/役場で要確認,,2026-06-17,,https://suumo.jp/chukoikkodate/shizuoka/sc_numazu/nc_20969942/,不適合
SUUMO 中古戸建 沼津市,沼津市,更地,土地カテゴリ（建物表記なし）,静岡県沼津市本郷町1787-10,2479,138.1,59.3,1500,—,—,,不明,接道・区分情報なし、詳細/役場で要確認,,2026-07-20,,https://suumo.jp/chukoikkodate/shizuoka/sc_numazu/nc_20830611/,不適合
SUUMO 中古戸建 沼津市,沼津市,更地,土地カテゴリ（建物表記なし）,静岡県沼津市戸田,2500,2142.1,3.9,1500,田,—,,不明,接道・区分情報なし、詳細/役場で要確認,,2026-06-17,,https://suumo.jp/chukoikkodate/shizuoka/sc_numazu/nc_20712495/,不適合
SUUMO 中古戸建 沼津市,沼津市,中古戸建,中古戸建/住宅カテゴリ,静岡県沼津市下香貫西村,4480,269.5,55.0,3000,—,—,,不明,接道・区分情報なし。建物ありだが現行法での再建築可否は役場で要確認,,2026-06-17,,https://suumo.jp/chukoikkodate/shizuoka/sc_numazu/nc_78936722/,不適合
SUUMO 中古戸建 沼津市,沼津市,更地,土地カテゴリ（建物表記なし）,静岡県沼津市東椎路,250,66.9,12.4,1500,—,—,,不明,接道・区分情報なし、詳細/役場で要確認,,2026-07-31,,https://suumo.jp/chukoikkodate/shizuoka/sc_numazu/nc_21404758/,不適合
SUUMO 中古戸建 沼津市,沼津市,更地,土地カテゴリ（建物表記なし）,静岡県沼津市戸田,300,116.3,8.5,1500,田,—,,不明,接道・区分情報なし、詳細/役場で要確認,,2026-06-17,,https://suumo.jp/chukoikkodate/shizuoka/sc_numazu/nc_75291028/,不適合
SUUMO 中古戸建 沼津市,沼津市,更地,土地カテゴリ（建物表記なし）,静岡県沼津市大諏訪主要地,350,184.4,6.3,1500,—,—,,×,掲載に再建築不可の表記（新規建築不可）,,2026-06-17,注意:再建築不可,https://suumo.jp/chukoikkodate/shizuoka/sc_numazu/nc_20980141/,不適合
SUUMO 中古戸建 沼津市,沼津市,更地,土地カテゴリ（建物表記なし）,静岡県沼津市戸田,400,67.3,19.6,1500,田,—,,不明,接道・区分情報なし、詳細/役場で要確認,,2026-06-28,,https://suumo.jp/chukoikkodate/shizuoka/sc_numazu/nc_21168729/,不適合
SUUMO 中古戸建 沼津市,沼津市,更地,土地カテゴリ（建物表記なし）,静岡県沼津市東椎路,650,88.4,24.3,1500,—,—,,不明,接道・区分情報なし、詳細/役場で要確認,,2026-06-17,,https://suumo.jp/chukoikkodate/shizuoka/sc_numazu/nc_75024361/,不適合
SUUMO 中古戸建 沼津市,沼津市,更地,土地カテゴリ（建物表記なし）,静岡県沼津市大諏訪,790,79.2,33.0,1500,—,—,,不明,接道・区分情報なし、詳細/役場で要確認,,2026-06-17,,https://suumo.jp/chukoikkodate/shizuoka/sc_numazu/nc_20205621/,不適合
SUUMO 中古戸建 沼津市,沼津市,更地,土地カテゴリ（建物表記なし）,静岡県沼津市駿河台2-2,970,115.1,27.9,1500,—,—,,不明,接道・区分情報なし、詳細/役場で要確認,,2026-06-17,,https://suumo.jp/chukoikkodate/shizuoka/sc_numazu/nc_20529537/,不適合
SUUMO 中古戸建 沼津市,沼津市,更地,土地カテゴリ（建物表記なし）,静岡県沼津市大岡,980,90.1,36.0,1500,—,—,,不明,接道・区分情報なし、詳細/役場で要確認,,2026-07-27,,https://suumo.jp/chukoikkodate/shizuoka/sc_numazu/nc_21068413/,不適合
SUUMO 中古戸建 沼津市,沼津市,更地,土地カテゴリ（建物表記なし）,静岡県沼津市原,1140,139.8,27.0,1500,—,—,,不明,接道・区分情報なし、詳細/役場で要確認,,2026-06-17,,https://suumo.jp/chukoikkodate/shizuoka/sc_numazu/nc_20772933/,不適合
SUUMO 中古戸建 沼津市,沼津市,更地,土地カテゴリ（建物表記なし）,静岡県沼津市青野,1200,175.3,22.6,1500,—,—,,不明,接道・区分情報なし、詳細/役場で要確認,,2026-06-17,,https://suumo.jp/chukoikkodate/shizuoka/sc_numazu/nc_20512805/,不適合
SUUMO 中古戸建 沼津市,沼津市,更地,土地カテゴリ（建物表記なし）,静岡県沼津市大岡1102-13,1200,148.5,26.7,1500,—,—,,不明,接道・区分情報なし、詳細/役場で要確認,,2026-06-17,,https://suumo.jp/chukoikkodate/shizuoka/sc_numazu/nc_77187020/,不適合
SUUMO 中古戸建 沼津市,沼津市,更地,土地カテゴリ（建物表記なし）,静岡県沼津市大平,1200,287.7,13.8,1500,—,—,,不明,接道・区分情報なし、詳細/役場で要確認,,2026-06-17,,https://suumo.jp/chukoikkodate/shizuoka/sc_numazu/nc_75057063/,不適合
SUUMO 中古戸建 沼津市,沼津市,更地,土地カテゴリ（建物表記なし）,静岡県沼津市白銀町,1300,66.6,64.5,1500,—,—,,不明,接道・区分情報なし、詳細/役場で要確認,,2026-08-07,,https://suumo.jp/chukoikkodate/shizuoka/sc_numazu/nc_21437640/,不適合
SUUMO 中古戸建 沼津市,沼津市,古家付き土地,土地＋古家/上物の表記,静岡県沼津市根古屋,1330,199.5,22.0,1500,—,—,,不明,接道・区分情報なし。建物ありだが現行法での再建築可否は役場で要確認,,2026-08-07,,https://suumo.jp/chukoikkodate/shizuoka/sc_numazu/nc_21014961/,不適合
SUUMO 中古戸建 沼津市,沼津市,更地,土地カテゴリ（建物表記なし）,静岡県沼津市東椎路,1340,166.9,26.5,1500,—,—,,不明,接道・区分情報なし、詳細/役場で要確認,,2026-06-17,,https://suumo.jp/chukoikkodate/shizuoka/sc_numazu/nc_76886749/,不適合
SUUMO 中古戸建 沼津市,沼津市,更地,土地カテゴリ（建物表記なし）,静岡県沼津市東椎路,1340,188.0,23.6,1500,—,—,,不明,接道・区分情報なし、詳細/役場で要確認,,2026-06-17,,https://suumo.jp/chukoikkodate/shizuoka/sc_numazu/nc_20050142/,不適合
SUUMO 中古戸建 沼津市,沼津市,更地,土地カテゴリ（建物表記なし）,静岡県沼津市今沢,1350,156.1,28.6,1500,—,—,,不明,接道・区分情報なし、詳細/役場で要確認,,2026-07-30,,https://suumo.jp/chukoikkodate/shizuoka/sc_numazu/nc_78608939/,不適合
SUUMO 中古戸建 沼津市,沼津市,中古戸建,中古戸建/住宅カテゴリ,静岡県沼津市岡宮1344-87,1390,154.0,29.8,3000,—,—,,不明,接道・区分情報なし。建物ありだが現行法での再建築可否は役場で要確認,,2026-08-07,,https://suumo.jp/chukoikkodate/shizuoka/sc_numazu/nc_21451439/,不適合
SUUMO 中古戸建 沼津市,沼津市,更地,土地カテゴリ（建物表記なし）,静岡県沼津市大岡2587-6,1399,149.4,31.0,1500,宅地,—,,不明,接道・区分情報なし、詳細/役場で要確認,,2026-06-17,,https://suumo.jp/chukoikkodate/shizuoka/sc_numazu/nc_20898482/,不適合
SUUMO 中古戸建 沼津市,沼津市,更地,土地カテゴリ（建物表記なし）,静岡県沼津市西間門２,1400,107.3,43.1,1500,—,—,,不明,接道・区分情報なし、詳細/役場で要確認,,2026-06-17,,https://suumo.jp/chukoikkodate/shizuoka/sc_numazu/nc_75599152/,不適合
SUUMO 中古戸建 沼津市,沼津市,更地,土地カテゴリ（建物表記なし）,静岡県沼津市下香貫木ノ宮,1410,114.1,40.9,1500,宅地,—,,不明,接道・区分情報なし、詳細/役場で要確認,,2026-06-17,,https://suumo.jp/chukoikkodate/shizuoka/sc_numazu/nc_78285519/,不適合
SUUMO 中古戸建 沼津市,沼津市,更地,土地カテゴリ（建物表記なし）,静岡県沼津市今沢,1450,156.1,30.7,1500,—,—,,不明,接道・区分情報なし、詳細/役場で要確認,,2026-06-17,,https://suumo.jp/chukoikkodate/shizuoka/sc_numazu/nc_77897215/,不適合
SUUMO 中古戸建 沼津市,沼津市,更地,土地カテゴリ（建物表記なし）,静岡県沼津市戸田,1480,230.1,21.3,1500,田,—,,不明,接道・区分情報なし、詳細/役場で要確認,,2026-08-07,,https://suumo.jp/chukoikkodate/shizuoka/sc_numazu/nc_21457477/,不適合
SUUMO 中古戸建 沼津市,沼津市,更地,土地カテゴリ（建物表記なし）,静岡県沼津市戸田,1500,291.8,17.0,1500,田,—,,不明,接道・区分情報なし、詳細/役場で要確認,,2026-06-17,,https://suumo.jp/chukoikkodate/shizuoka/sc_numazu/nc_77555825/,不適合
SUUMO 中古戸建 沼津市,沼津市,更地,土地カテゴリ（建物表記なし）,静岡県沼津市内浦三津,1550,165.3,31.0,1500,—,—,,不明,接道・区分情報なし、詳細/役場で要確認,,2026-07-30,,https://suumo.jp/chukoikkodate/shizuoka/sc_numazu/nc_20808401/,不適合
SUUMO 中古戸建 沼津市,沼津市,更地,土地カテゴリ（建物表記なし）,静岡県沼津市松長,1580,133.3,39.2,1500,—,—,,不明,接道・区分情報なし、詳細/役場で要確認,,2026-07-27,,https://suumo.jp/chukoikkodate/shizuoka/sc_numazu/nc_21378744/,不適合
SUUMO 中古戸建 沼津市,沼津市,更地,土地カテゴリ（建物表記なし）,静岡県沼津市大平2277-20,1599,165.7,31.9,1500,—,—,,不明,接道・区分情報なし、詳細/役場で要確認,,2026-07-20,,https://suumo.jp/chukoikkodate/shizuoka/sc_numazu/nc_20837360/,不適合
SUUMO 中古戸建 沼津市,沼津市,更地,土地カテゴリ（建物表記なし）,静岡県沼津市下香貫牛臥,1630,257.0,21.0,1500,田,—,,不明,接道・区分情報なし、詳細/役場で要確認,,2026-06-17,,https://suumo.jp/chukoikkodate/shizuoka/sc_numazu/nc_79070479/,不適合
SUUMO 中古戸建 沼津市,沼津市,更地,土地カテゴリ（建物表記なし）,静岡県沼津市東間門,1630,131.0,41.1,1500,—,—,,不明,接道・区分情報なし、詳細/役場で要確認,,2026-07-27,,https://suumo.jp/chukoikkodate/shizuoka/sc_numazu/nc_20720546/,不適合
SUUMO 中古戸建 沼津市,沼津市,更地,土地カテゴリ（建物表記なし）,静岡県沼津市東椎路,1680,214.8,25.9,1500,—,—,,不明,接道・区分情報なし、詳細/役場で要確認,,2026-06-17,,https://suumo.jp/chukoikkodate/shizuoka/sc_numazu/nc_20822228/,不適合
SUUMO 中古戸建 沼津市,沼津市,更地,土地カテゴリ（建物表記なし）,静岡県沼津市岡宮,1680,156.6,35.5,1500,—,—,,不明,接道・区分情報なし、詳細/役場で要確認,,2026-07-07,,https://suumo.jp/chukoikkodate/shizuoka/sc_numazu/nc_21236968/,不適合
SUUMO 中古戸建 沼津市,沼津市,更地,土地カテゴリ（建物表記なし）,静岡県沼津市東椎路,1680,214.8,25.9,1500,—,—,,不明,接道・区分情報なし、詳細/役場で要確認,,2026-06-17,,https://suumo.jp/chukoikkodate/shizuoka/sc_numazu/nc_21078619/,不適合
SUUMO 中古戸建 沼津市,沼津市,更地,土地カテゴリ（建物表記なし）,静岡県沼津市東椎路,1680,214.8,25.9,1500,—,—,,不明,接道・区分情報なし、詳細/役場で要確認,,2026-06-17,,https://suumo.jp/chukoikkodate/shizuoka/sc_numazu/nc_21079412/,不適合
SUUMO 中古戸建 沼津市,沼津市,更地,土地カテゴリ（建物表記なし）,静岡県沼津市東原638-20,1699,162.0,34.7,1500,—,—,,不明,接道・区分情報なし、詳細/役場で要確認,,2026-06-17,,https://suumo.jp/chukoikkodate/shizuoka/sc_numazu/nc_20831135/,不適合
SUUMO 中古戸建 沼津市,沼津市,古家付き土地,土地＋古家/上物の表記,静岡県沼津市根古屋,1749,183.5,31.5,1500,—,—,,不明,接道・区分情報なし。建物ありだが現行法での再建築可否は役場で要確認,,2026-06-22,,https://suumo.jp/chukoikkodate/shizuoka/sc_numazu/nc_21122850/,不適合
SUUMO 中古戸建 沼津市,沼津市,更地,土地カテゴリ（建物表記なし）,静岡県沼津市江浦,1750,111.2,52.0,1500,—,—,,不明,接道・区分情報なし、詳細/役場で要確認,,2026-06-17,,https://suumo.jp/chukoikkodate/shizuoka/sc_numazu/nc_72024223/,不適合
SUUMO 中古戸建 沼津市,沼津市,更地,土地カテゴリ（建物表記なし）,静岡県沼津市大塚415-4,1799,147.2,40.4,1500,—,—,,不明,接道・区分情報なし、詳細/役場で要確認,,2026-06-17,,https://suumo.jp/chukoikkodate/shizuoka/sc_numazu/nc_20904647/,不適合
SUUMO 中古戸建 沼津市,沼津市,更地,土地カテゴリ（建物表記なし）,静岡県沼津市原町中３,1800,259.2,23.0,1500,—,—,,不明,接道・区分情報なし、詳細/役場で要確認,,2026-07-25,,https://suumo.jp/chukoikkodate/shizuoka/sc_numazu/nc_21263157/,不適合
SUUMO 中古戸建 沼津市,沼津市,更地,土地カテゴリ（建物表記なし）,静岡県沼津市今沢,1800,205.6,28.9,1500,—,—,,不明,接道・区分情報なし、詳細/役場で要確認,,2026-06-17,,https://suumo.jp/chukoikkodate/shizuoka/sc_numazu/nc_76096839/,不適合
SUUMO 中古戸建 沼津市,沼津市,更地,土地カテゴリ（建物表記なし）,静岡県沼津市高砂町,1850,215.0,28.4,1500,—,—,,不明,接道・区分情報なし、詳細/役場で要確認,,2026-07-31,,https://suumo.jp/chukoikkodate/shizuoka/sc_numazu/nc_21400499/,不適合
SUUMO 中古戸建 沼津市,沼津市,更地,土地カテゴリ（建物表記なし）,静岡県沼津市西椎路,1890,157.4,39.7,1500,—,—,,不明,接道・区分情報なし、詳細/役場で要確認,,2026-06-17,,https://suumo.jp/chukoikkodate/shizuoka/sc_numazu/nc_79172006/,不適合
SUUMO 中古戸建 沼津市,沼津市,更地,土地カテゴリ（建物表記なし）,静岡県沼津市西椎路,1890,157.4,39.7,1500,—,—,,不明,接道・区分情報なし、詳細/役場で要確認,,2026-06-17,,https://suumo.jp/chukoikkodate/shizuoka/sc_numazu/nc_20121290/,不適合
SUUMO 中古戸建 沼津市,沼津市,更地,土地カテゴリ（建物表記なし）,静岡県沼津市西椎路,1890,157.4,39.7,1500,田,—,,不明,接道・区分情報なし、詳細/役場で要確認,,2026-06-17,,https://suumo.jp/chukoikkodate/shizuoka/sc_numazu/nc_78435984/,不適合
SUUMO 中古戸建 沼津市,沼津市,更地,土地カテゴリ（建物表記なし）,静岡県沼津市東椎路,1980,149.0,43.9,1500,—,—,,不明,接道・区分情報なし、詳細/役場で要確認,,2026-07-28,,https://suumo.jp/chukoikkodate/shizuoka/sc_numazu/nc_21384979/,不適合
SUUMO 中古戸建 沼津市,沼津市,更地,土地カテゴリ（建物表記なし）,静岡県沼津市西熊堂,1980,303.7,21.6,1500,—,—,,不明,接道・区分情報なし、詳細/役場で要確認,,2026-07-13,,https://suumo.jp/chukoikkodate/shizuoka/sc_numazu/nc_21276339/,不適合
SUUMO 中古戸建 沼津市,沼津市,更地,土地カテゴリ（建物表記なし）,静岡県沼津市大岡,1995,164.1,40.2,1500,—,—,,不明,接道・区分情報なし、詳細/役場で要確認,,2026-08-11,,https://suumo.jp/chukoikkodate/shizuoka/sc_numazu/nc_78883367/,不適合
SUUMO 中古戸建 沼津市,沼津市,更地,土地カテゴリ（建物表記なし）,静岡県沼津市岡一色,2080,153.9,44.7,1500,—,—,,不明,接道・区分情報なし、詳細/役場で要確認,,2026-07-02,,https://suumo.jp/chukoikkodate/shizuoka/sc_numazu/nc_20651577/,不適合
SUUMO 中古戸建 沼津市,沼津市,更地,土地カテゴリ（建物表記なし）,静岡県沼津市岡一色,2080,153.9,44.7,1500,—,—,,不明,接道・区分情報なし、詳細/役場で要確認,,2026-06-28,,https://suumo.jp/chukoikkodate/shizuoka/sc_numazu/nc_21081411/,不適合
SUUMO 中古戸建 沼津市,沼津市,更地,土地カテゴリ（建物表記なし）,静岡県沼津市大岡,2100,167.3,41.5,1500,—,—,,不明,接道・区分情報なし、詳細/役場で要確認,,2026-06-17,,https://suumo.jp/chukoikkodate/shizuoka/sc_numazu/nc_20069917/,不適合
SUUMO 中古戸建 沼津市,沼津市,更地,土地カテゴリ（建物表記なし）,静岡県沼津市青野,2150,179.1,39.7,1500,—,—,,不明,接道・区分情報なし、詳細/役場で要確認,,2026-06-17,,https://suumo.jp/chukoikkodate/shizuoka/sc_numazu/nc_78732420/,不適合
SUUMO 中古戸建 沼津市,沼津市,更地,土地カテゴリ（建物表記なし）,静岡県沼津市小林台,2280,132.3,57.0,1500,—,—,,不明,接道・区分情報なし、詳細/役場で要確認,,2026-06-17,,https://suumo.jp/chukoikkodate/shizuoka/sc_numazu/nc_20637819/,不適合
SUUMO 中古戸建 沼津市,沼津市,更地,土地カテゴリ（建物表記なし）,静岡県沼津市小林台,2280,132.3,57.0,1500,—,—,,不明,接道・区分情報なし、詳細/役場で要確認,,2026-06-17,,https://suumo.jp/chukoikkodate/shizuoka/sc_numazu/nc_20580116/,不適合
SUUMO 中古戸建 沼津市,沼津市,更地,土地カテゴリ（建物表記なし）,静岡県沼津市東椎路,2280,141.0,53.5,1500,—,—,,不明,接道・区分情報なし、詳細/役場で要確認,,2026-06-17,,https://suumo.jp/chukoikkodate/shizuoka/sc_numazu/nc_20507900/,不適合
SUUMO 中古戸建 沼津市,沼津市,中古戸建,中古戸建/住宅カテゴリ,静岡県沼津市大岡3559-58,2299,163.6,46.5,3000,—,—,,不明,接道・区分情報なし。建物ありだが現行法での再建築可否は役場で要確認,,2026-08-03,,https://suumo.jp/chukoikkodate/shizuoka/sc_numazu/nc_21423110/,不適合
SUUMO 中古戸建 沼津市,沼津市,更地,土地カテゴリ（建物表記なし）,静岡県沼津市大岡,2299,163.6,46.5,1500,—,—,,不明,接道・区分情報なし、詳細/役場で要確認,,2026-08-07,,https://suumo.jp/chukoikkodate/shizuoka/sc_numazu/nc_21444174/,不適合
SUUMO 中古戸建 沼津市,沼津市,更地,土地カテゴリ（建物表記なし）,静岡県沼津市大岡3559-58,2299,163.6,46.5,1500,—,—,,不明,接道・区分情報なし、詳細/役場で要確認,,2026-06-17,,https://suumo.jp/chukoikkodate/shizuoka/sc_numazu/nc_20898518/,不適合
SUUMO 中古戸建 沼津市,沼津市,更地,土地カテゴリ（建物表記なし）,静岡県沼津市大岡,2299,163.6,46.5,1500,—,—,,不明,接道・区分情報なし、詳細/役場で要確認,,2026-08-03,,https://suumo.jp/chukoikkodate/shizuoka/sc_numazu/nc_20937638/,不適合
SUUMO 中古戸建 沼津市,沼津市,更地,土地カテゴリ（建物表記なし）,静岡県沼津市大岡,2299,163.6,46.5,1500,—,—,,不明,接道・区分情報なし、詳細/役場で要確認,,2026-07-23,,https://suumo.jp/chukoikkodate/shizuoka/sc_numazu/nc_21347035/,不適合
SUUMO 中古戸建 沼津市,沼津市,中古戸建,中古戸建/住宅カテゴリ,静岡県沼津市大岡,2300,295.3,25.7,3000,—,—,,不明,接道・区分情報なし。建物ありだが現行法での再建築可否は役場で要確認,,2026-08-11,,https://suumo.jp/chukoikkodate/shizuoka/sc_numazu/nc_77537892/,不適合
SUUMO 中古戸建 沼津市,沼津市,更地,土地カテゴリ（建物表記なし）,静岡県沼津市我入道一本松町,2350,148.8,52.2,1500,—,—,,不明,接道・区分情報なし、詳細/役場で要確認,,2026-06-17,,https://suumo.jp/chukoikkodate/shizuoka/sc_numazu/nc_20627981/,不適合
SUUMO 中古戸建 沼津市,沼津市,更地,土地カテゴリ（建物表記なし）,静岡県沼津市原町中３-14-22,2379,211.0,37.3,1500,—,—,,不明,接道・区分情報なし、詳細/役場で要確認,,2026-06-17,,https://suumo.jp/chukoikkodate/shizuoka/sc_numazu/nc_20898491/,不適合
SUUMO 中古戸建 沼津市,沼津市,更地,土地カテゴリ（建物表記なし）,静岡県沼津市我入道東町,2480,121.7,67.4,1500,—,—,,不明,接道・区分情報なし、詳細/役場で要確認,,2026-08-01,,https://suumo.jp/chukoikkodate/shizuoka/sc_numazu/nc_21412989/,不適合
SUUMO 中古戸建 沼津市,沼津市,更地,土地カテゴリ（建物表記なし）,静岡県沼津市我入道東町,2480,121.7,67.4,1500,—,—,,不明,接道・区分情報なし、詳細/役場で要確認,,2026-06-28,,https://suumo.jp/chukoikkodate/shizuoka/sc_numazu/nc_77639940/,不適合
SUUMO 中古戸建 沼津市,沼津市,更地,土地カテゴリ（建物表記なし）,静岡県沼津市井出,2480,244.5,33.5,1500,—,—,,不明,接道・区分情報なし、詳細/役場で要確認,,2026-06-17,,https://suumo.jp/chukoikkodate/shizuoka/sc_numazu/nc_79222272/,不適合
SUUMO 中古戸建 沼津市,沼津市,更地,土地カテゴリ（建物表記なし）,静岡県沼津市西椎路,2480,181.8,45.1,1500,—,—,,不明,接道・区分情報なし、詳細/役場で要確認,,2026-06-17,,https://suumo.jp/chukoikkodate/shizuoka/sc_numazu/nc_20610370/,不適合
SUUMO 中古戸建 沼津市,沼津市,更地,土地カテゴリ（建物表記なし）,静岡県沼津市大塚,2498,151.6,54.5,1500,—,—,,不明,接道・区分情報なし、詳細/役場で要確認,,2026-06-17,,https://suumo.jp/chukoikkodate/shizuoka/sc_numazu/nc_20873467/,不適合
SUUMO 中古戸建 沼津市,沼津市,更地,土地カテゴリ（建物表記なし）,静岡県沼津市大塚,2498,151.6,54.5,1500,—,—,,不明,接道・区分情報なし、詳細/役場で要確認,,2026-08-07,,https://suumo.jp/chukoikkodate/shizuoka/sc_numazu/nc_20739200/,不適合
SUUMO 中古戸建 沼津市,沼津市,更地,土地カテゴリ（建物表記なし）,静岡県沼津市新沢田町,2580,136.8,62.3,1500,田,—,,不明,接道・区分情報なし、詳細/役場で要確認,,2026-06-17,,https://suumo.jp/chukoikkodate/shizuoka/sc_numazu/nc_76057540/,不適合
SUUMO 中古戸建 沼津市,沼津市,更地,土地カテゴリ（建物表記なし）,静岡県沼津市高沢町16-13,2649,109.9,79.7,1500,—,—,,不明,接道・区分情報なし、詳細/役場で要確認,,2026-08-04,,https://suumo.jp/chukoikkodate/shizuoka/sc_numazu/nc_20898943/,不適合
SUUMO 中古戸建 沼津市,沼津市,更地,土地カテゴリ（建物表記なし）,静岡県沼津市大岡,2650,204.6,42.8,1500,—,—,,不明,接道・区分情報なし、詳細/役場で要確認,,2026-06-17,,https://suumo.jp/chukoikkodate/shizuoka/sc_numazu/nc_20152031/,不適合
SUUMO 中古戸建 沼津市,沼津市,更地,土地カテゴリ（建物表記なし）,静岡県沼津市下香貫藤井原,2750,148.1,61.4,1500,—,—,,不明,接道・区分情報なし、詳細/役場で要確認,,2026-06-17,,https://suumo.jp/chukoikkodate/shizuoka/sc_numazu/nc_21072577/,不適合
SUUMO 中古戸建 沼津市,沼津市,更地,土地カテゴリ（建物表記なし）,静岡県沼津市三枚橋竹ノ岬,2750,109.0,83.4,1500,—,—,,不明,接道・区分情報なし、詳細/役場で要確認,,2026-06-17,,https://suumo.jp/chukoikkodate/shizuoka/sc_numazu/nc_20681893/,不適合
SUUMO 中古戸建 沼津市,沼津市,更地,土地カテゴリ（建物表記なし）,静岡県沼津市大平,2780,200.3,45.9,1500,田,—,,不明,接道・区分情報なし、詳細/役場で要確認,,2026-06-17,,https://suumo.jp/chukoikkodate/shizuoka/sc_numazu/nc_20139133/,不適合
SUUMO 中古戸建 沼津市,沼津市,更地,土地カテゴリ（建物表記なし）,静岡県沼津市大諏訪,2874,456.2,20.8,1500,—,—,,不明,接道・区分情報なし、詳細/役場で要確認,,2026-06-17,,https://suumo.jp/chukoikkodate/shizuoka/sc_numazu/nc_20354275/,不適合
SUUMO 中古戸建 沼津市,沼津市,更地,土地カテゴリ（建物表記なし）,静岡県沼津市足高,2980,706.6,13.9,1500,—,—,,不明,接道・区分情報なし、詳細/役場で要確認,,2026-06-17,,https://suumo.jp/chukoikkodate/shizuoka/sc_numazu/nc_78724665/,不適合
SUUMO 中古戸建 沼津市,沼津市,更地,土地カテゴリ（建物表記なし）,静岡県沼津市東間門２,2980,113.2,87.0,1500,—,—,,不明,接道・区分情報なし、詳細/役場で要確認,,2026-07-23,,https://suumo.jp/chukoikkodate/shizuoka/sc_numazu/nc_20905151/,不適合
SUUMO 中古戸建 沼津市,沼津市,更地,土地カテゴリ（建物表記なし）,静岡県沼津市北今沢,2980,235.0,41.9,1500,—,—,,不明,接道・区分情報なし、詳細/役場で要確認,,2026-06-17,,https://suumo.jp/chukoikkodate/shizuoka/sc_numazu/nc_77497222/,不適合
SUUMO 中古戸建 沼津市,沼津市,更地,土地カテゴリ（建物表記なし）,静岡県沼津市大諏訪,2980,157.0,62.7,1500,—,—,,不明,接道・区分情報なし、詳細/役場で要確認,,2026-07-07,,https://suumo.jp/chukoikkodate/shizuoka/sc_numazu/nc_21237979/,不適合
SUUMO 中古戸建 沼津市,沼津市,更地,土地カテゴリ（建物表記なし）,静岡県沼津市大岡,2980,323.3,30.5,1500,—,—,,不明,接道・区分情報なし、詳細/役場で要確認,,2026-06-17,,https://suumo.jp/chukoikkodate/shizuoka/sc_numazu/nc_76257803/,不適合
SUUMO 中古戸建 沼津市,沼津市,更地,土地カテゴリ（建物表記なし）,静岡県沼津市東間門２,2980,113.2,87.0,1500,—,—,,不明,接道・区分情報なし、詳細/役場で要確認,,2026-06-17,,https://suumo.jp/chukoikkodate/shizuoka/sc_numazu/nc_20734158/,不適合
SUUMO 中古戸建 沼津市,沼津市,更地,土地カテゴリ（建物表記なし）,静岡県沼津市大岡,2990,199.4,49.6,1500,—,—,,不明,接道・区分情報なし、詳細/役場で要確認,,2026-07-07,,https://suumo.jp/chukoikkodate/shizuoka/sc_numazu/nc_79143561/,不適合
SUUMO 中古戸建 沼津市,沼津市,更地,土地カテゴリ（建物表記なし）,静岡県沼津市岡一色588-5,2999,479.4,20.7,1500,—,—,,不明,接道・区分情報なし、詳細/役場で要確認,,2026-06-30,,https://suumo.jp/chukoikkodate/shizuoka/sc_numazu/nc_20899211/,不適合
SUUMO 中古戸建 沼津市,沼津市,更地,土地カテゴリ（建物表記なし）,静岡県沼津市西条町,3000,126.2,78.6,1500,—,—,,不明,接道・区分情報なし、詳細/役場で要確認,,2026-06-17,,https://suumo.jp/chukoikkodate/shizuoka/sc_numazu/nc_21058112/,不適合
SUUMO 中古戸建 沼津市,沼津市,更地,土地カテゴリ（建物表記なし）,静岡県沼津市戸田,3100,343.0,29.9,1500,田,—,,不明,接道・区分情報なし、詳細/役場で要確認,,2026-07-20,,https://suumo.jp/chukoikkodate/shizuoka/sc_numazu/nc_21331363/,不適合
SUUMO 中古戸建 沼津市,沼津市,更地,土地カテゴリ（建物表記なし）,静岡県沼津市西熊堂,3450,145.2,78.5,1500,—,—,,不明,接道・区分情報なし、詳細/役場で要確認,,2026-06-17,,https://suumo.jp/chukoikkodate/shizuoka/sc_numazu/nc_20590124/,不適合
SUUMO 中古戸建 沼津市,沼津市,更地,土地カテゴリ（建物表記なし）,静岡県沼津市大岡,3450,162.6,70.1,1500,—,—,,不明,接道・区分情報なし、詳細/役場で要確認,,2026-07-01,,https://suumo.jp/chukoikkodate/shizuoka/sc_numazu/nc_77674440/,不適合
SUUMO 中古戸建 沼津市,沼津市,更地,土地カテゴリ（建物表記なし）,静岡県沼津市高砂町,3480,156.4,73.6,1500,田,—,,不明,接道・区分情報なし、詳細/役場で要確認,,2026-06-17,,https://suumo.jp/chukoikkodate/shizuoka/sc_numazu/nc_78942505/,不適合
SUUMO 中古戸建 沼津市,沼津市,更地,土地カテゴリ（建物表記なし）,静岡県沼津市高砂町,3500,156.4,74.0,1500,—,—,,不明,接道・区分情報なし、詳細/役場で要確認,,2026-06-17,,https://suumo.jp/chukoikkodate/shizuoka/sc_numazu/nc_79184521/,不適合
SUUMO 中古戸建 沼津市,沼津市,更地,土地カテゴリ（建物表記なし）,静岡県沼津市大岡,3500,173.8,66.6,1500,—,—,,不明,接道・区分情報なし、詳細/役場で要確認,,2026-06-27,,https://suumo.jp/chukoikkodate/shizuoka/sc_numazu/nc_21156314/,不適合
SUUMO 中古戸建 沼津市,沼津市,更地,土地カテゴリ（建物表記なし）,静岡県沼津市大岡,3550,171.7,68.3,1500,—,—,,不明,接道・区分情報なし、詳細/役場で要確認,,2026-07-01,,https://suumo.jp/chukoikkodate/shizuoka/sc_numazu/nc_77235919/,不適合
SUUMO 中古戸建 沼津市,沼津市,更地,土地カテゴリ（建物表記なし）,静岡県沼津市岡一色,3880,141.2,90.8,1500,—,—,,不明,接道・区分情報なし、詳細/役場で要確認,,2026-06-17,,https://suumo.jp/chukoikkodate/shizuoka/sc_numazu/nc_20920566/,不適合
SUUMO 中古戸建 沼津市,沼津市,更地,土地カテゴリ（建物表記なし）,静岡県沼津市大岡,4000,150.1,88.1,1500,田,—,,不明,接道・区分情報なし、詳細/役場で要確認,,2026-06-30,,https://suumo.jp/chukoikkodate/shizuoka/sc_numazu/nc_21177388/,不適合
SUUMO 中古戸建 沼津市,沼津市,更地,土地カテゴリ（建物表記なし）,静岡県沼津市大岡,4000,130.2,101.6,1500,—,—,,不明,接道・区分情報なし、詳細/役場で要確認,,2026-06-17,,https://suumo.jp/chukoikkodate/shizuoka/sc_numazu/nc_20375685/,不適合
SUUMO 中古戸建 沼津市,沼津市,更地,土地カテゴリ（建物表記なし）,静岡県沼津市下河原町２,4100,522.5,25.9,1500,—,—,,不明,接道・区分情報なし、詳細/役場で要確認,,2026-06-17,,https://suumo.jp/chukoikkodate/shizuoka/sc_numazu/nc_20113753/,不適合
SUUMO 中古戸建 沼津市,沼津市,更地,土地カテゴリ（建物表記なし）,静岡県沼津市大岡,4150,121.5,112.9,1500,—,—,,不明,接道・区分情報なし、詳細/役場で要確認,,2026-06-17,,https://suumo.jp/chukoikkodate/shizuoka/sc_numazu/nc_79002293/,不適合
SUUMO 中古戸建 沼津市,沼津市,更地,土地カテゴリ（建物表記なし）,静岡県沼津市岡一色,4280,150.5,94.0,1500,—,—,,不明,接道・区分情報なし、詳細/役場で要確認,,2026-08-10,,https://suumo.jp/chukoikkodate/shizuoka/sc_numazu/nc_73562338/,不適合
SUUMO 中古戸建 沼津市,沼津市,更地,土地カテゴリ（建物表記なし）,静岡県沼津市柳町,4380,132.2,109.5,1500,—,—,,不明,接道・区分情報なし、詳細/役場で要確認,,2026-06-17,,https://suumo.jp/chukoikkodate/shizuoka/sc_numazu/nc_76466195/,不適合
SUUMO 中古戸建 沼津市,沼津市,更地,土地カテゴリ（建物表記なし）,静岡県沼津市下香貫西村,4480,269.5,55.0,1500,—,—,,不明,接道・区分情報なし、詳細/役場で要確認,,2026-06-17,,https://suumo.jp/chukoikkodate/shizuoka/sc_numazu/nc_78411723/,不適合
SUUMO 中古戸建 沼津市,沼津市,更地,土地カテゴリ（建物表記なし）,静岡県沼津市松沢町,4702,177.4,87.6,1500,—,—,,不明,接道・区分情報なし、詳細/役場で要確認,,2026-06-17,,https://suumo.jp/chukoikkodate/shizuoka/sc_numazu/nc_20352748/,不適合
SUUMO 中古戸建 沼津市,沼津市,更地,土地カテゴリ（建物表記なし）,静岡県沼津市本松下842-2,5000,764.0,21.6,1500,—,—,,不明,接道・区分情報なし、詳細/役場で要確認,,2026-06-17,,https://suumo.jp/chukoikkodate/shizuoka/sc_numazu/nc_78422235/,不適合
SUUMO 中古戸建 沼津市,沼津市,更地,土地カテゴリ（建物表記なし）,静岡県沼津市大手町５,6000,188.9,105.0,1500,—,—,,不明,接道・区分情報なし、詳細/役場で要確認,,2026-08-10,,https://suumo.jp/chukoikkodate/shizuoka/sc_numazu/nc_76102489/,不適合
SUUMO 中古戸建 沼津市,沼津市,更地,土地カテゴリ（建物表記なし）,静岡県沼津市足高,6500,1328.8,16.2,1500,—,—,,不明,接道・区分情報なし、詳細/役場で要確認,,2026-06-17,,https://suumo.jp/chukoikkodate/shizuoka/sc_numazu/nc_78186505/,不適合
SUUMO 中古戸建 沼津市,沼津市,更地,土地カテゴリ（建物表記なし）,静岡県沼津市江原町,6700,409.6,54.1,1500,—,—,,不明,接道・区分情報なし、詳細/役場で要確認,,2026-07-01,,https://suumo.jp/chukoikkodate/shizuoka/sc_numazu/nc_78375595/,不適合
SUUMO 中古戸建 沼津市,沼津市,更地,土地カテゴリ（建物表記なし）,静岡県沼津市杉崎町,11500,653.6,58.2,1500,—,—,,不明,接道・区分情報なし、詳細/役場で要確認,,2026-06-17,,https://suumo.jp/chukoikkodate/shizuoka/sc_numazu/nc_78396031/,不適合
SUUMO 中古戸建 沼津市,沼津市,更地,土地カテゴリ（建物表記なし）,静岡県沼津市新沢田町106-3,12000,575.2,69.0,1500,田,—,,不明,接道・区分情報なし、詳細/役場で要確認,,2026-06-17,,https://suumo.jp/chukoikkodate/shizuoka/sc_numazu/nc_78951503/,不適合
スマイミー静岡 賃貸 三島市,三島市,賃貸マンション,賃貸カテゴリ（掲載種別）,三島市一番町18-25,15.0,64.3,,5,—,—,,—,賃貸のため対象外,,2026-08-10,関心:敷金無,https://www.shizuoka.fudohsan.jp/%E7%89%A9%E4%BB%B6/172008,不適合
スマイミー静岡 賃貸 三島市,三島市,賃貸その他,賃貸カテゴリ（掲載種別）,三島市松本,30.0,198.3,,5,—,—,,—,賃貸のため対象外,,2026-08-09,関心:礼金無 注意:事務所/店舗,https://www.shizuoka.fudohsan.jp/%E7%89%A9%E4%BB%B6/107971,不適合
スマイミー静岡 賃貸 三島市,三島市,駐車場,賃貸カテゴリ（掲載種別）,三島市中田町12―7,0.7,,,5,田,—,,—,賃貸のため対象外,,2026-08-08,関心:礼金無,https://www.shizuoka.fudohsan.jp/%E7%89%A9%E4%BB%B6/174507,適合
スマイミー静岡 賃貸 三島市,三島市,賃貸アパート,賃貸カテゴリ（掲載種別）,三島市加茂川町8-41,5.0,48.7,,5,—,—,,—,賃貸のため対象外,,2026-08-07,関心:礼金無,https://www.shizuoka.fudohsan.jp/%E7%89%A9%E4%BB%B6/160282,適合
スマイミー静岡 賃貸 三島市,三島市,賃貸マンション,賃貸カテゴリ（掲載種別）,三島市谷田305-1,6.0,59.1,,5,田,—,,—,賃貸のため対象外,,2026-08-07,関心:礼金無,https://www.shizuoka.fudohsan.jp/%E7%89%A9%E4%BB%B6/176052,不適合
スマイミー静岡 賃貸 三島市,三島市,賃貸その他,賃貸カテゴリ（掲載種別）,三島市梅名324-11,5.0,24.3,,5,—,—,,—,賃貸のため対象外,,2026-08-07,関心:礼金無 注意:店舗,https://www.shizuoka.fudohsan.jp/%E7%89%A9%E4%BB%B6/176048,適合
スマイミー静岡 賃貸 三島市,三島市,賃貸その他,賃貸カテゴリ（掲載種別）,三島市八反畑125-1,22.5,996.0,,5,畑,—,,—,賃貸のため対象外,,2026-08-05,関心:敷金無/礼金無 注意:事業用,https://www.shizuoka.fudohsan.jp/%E7%89%A9%E4%BB%B6/176032,不適合
スマイミー静岡 賃貸 三島市,三島市,賃貸その他,賃貸カテゴリ（掲載種別）,三島市八反畑125-2,8.35,550.0,,5,畑,—,,—,賃貸のため対象外,,2026-08-05,関心:敷金無/礼金無 注意:事業用,https://www.shizuoka.fudohsan.jp/%E7%89%A9%E4%BB%B6/176033,不適合
スマイミー静岡 賃貸 三島市,三島市,賃貸アパート,賃貸カテゴリ（掲載種別）,三島市柳郷地48-1,6.0,65.8,,5,—,—,,—,賃貸のため対象外,,2026-08-03,,https://www.shizuoka.fudohsan.jp/%E7%89%A9%E4%BB%B6/57475,不適合
スマイミー静岡 賃貸 三島市,三島市,駐車場,賃貸カテゴリ（掲載種別）,三島市谷田170-1,0.45,,,5,田,—,,—,賃貸のため対象外,,2026-08-03,関心:礼金無,https://www.shizuoka.fudohsan.jp/%E7%89%A9%E4%BB%B6/31314,適合
スマイミー静岡 賃貸 三島市,三島市,賃貸戸建,賃貸カテゴリ（掲載種別）,三島市萩135,4.0,45.9,,5,—,—,,—,賃貸のため対象外,,2026-08-03,関心:礼金無/戸建,https://www.shizuoka.fudohsan.jp/%E7%89%A9%E4%BB%B6/122680,適合
スマイミー静岡 賃貸 三島市,三島市,賃貸マンション,賃貸カテゴリ（掲載種別）,三島市西若町,4.7,27.9,,5,—,—,,—,賃貸のため対象外,,2026-07-25,関心:敷金無/礼金無,https://www.shizuoka.fudohsan.jp/%E7%89%A9%E4%BB%B6/107904,適合
スマイミー静岡 賃貸 三島市,三島市,賃貸マンション,賃貸カテゴリ（掲載種別）,三島市長伏29-12,4.7,29.8,,5,—,—,,—,賃貸のため対象外,,2026-08-01,関心:礼金無,https://www.shizuoka.fudohsan.jp/%E7%89%A9%E4%BB%B6/175136,適合
スマイミー静岡 賃貸 三島市,三島市,賃貸マンション,賃貸カテゴリ（掲載種別）,三島市長伏,5.0,57.3,,5,—,—,,—,賃貸のため対象外,,2026-08-01,関心:礼金無,https://www.shizuoka.fudohsan.jp/%E7%89%A9%E4%BB%B6/166158,適合
スマイミー静岡 賃貸 三島市,三島市,賃貸その他,賃貸カテゴリ（掲載種別）,三島市北田町3-62,22.0,127.5,,5,田,—,,—,賃貸のため対象外,,2026-08-01,関心:礼金無 注意:事務所/店舗,https://www.shizuoka.fudohsan.jp/%E7%89%A9%E4%BB%B6/174923,不適合
スマイミー静岡 賃貸 三島市,三島市,賃貸その他,賃貸カテゴリ（掲載種別）,三島市北田町3-62,15.4,108.0,,5,田,—,,—,賃貸のため対象外,,2026-07-31,関心:礼金無 注意:事務所/店舗,https://www.shizuoka.fudohsan.jp/%E7%89%A9%E4%BB%B6/175784,不適合
スマイミー静岡 賃貸 三島市,三島市,賃貸アパート,賃貸カテゴリ（掲載種別）,三島市幸原町２丁目,2.1,17.4,,5,—,—,,—,賃貸のため対象外,,2026-07-31,関心:礼金無,https://www.shizuoka.fudohsan.jp/%E7%89%A9%E4%BB%B6/46140,適合
スマイミー静岡 賃貸 三島市,三島市,賃貸その他,賃貸カテゴリ（掲載種別）,三島市御園489番地7,13.75,68.2,,5,田,—,,—,賃貸のため対象外,,2026-07-31,関心:礼金無 注意:事務所/店舗,https://www.shizuoka.fudohsan.jp/%E7%89%A9%E4%BB%B6/160070,不適合
スマイミー静岡 賃貸 三島市,三島市,賃貸アパート,賃貸カテゴリ（掲載種別）,三島市川原ケ谷270-18,5.2,53.0,,5,—,—,,—,賃貸のため対象外,,2026-07-30,関心:礼金無,https://www.shizuoka.fudohsan.jp/%E7%89%A9%E4%BB%B6/175816,不適合
スマイミー静岡 賃貸 三島市,三島市,賃貸アパート,賃貸カテゴリ（掲載種別）,三島市川原ケ谷270-18,5.0,53.0,,5,—,—,,—,賃貸のため対象外,,2026-07-30,関心:礼金無,https://www.shizuoka.fudohsan.jp/%E7%89%A9%E4%BB%B6/175815,適合
スマイミー静岡 賃貸 三島市,三島市,賃貸アパート,賃貸カテゴリ（掲載種別）,三島市川原ケ谷270-18,5.5,53.0,,5,—,—,,—,賃貸のため対象外,,2026-07-30,関心:礼金無,https://www.shizuoka.fudohsan.jp/%E7%89%A9%E4%BB%B6/175812,不適合
スマイミー静岡 賃貸 三島市,三島市,賃貸その他,賃貸カテゴリ（掲載種別）,三島市北田町3-62,6.6,19.5,,5,田,—,,—,賃貸のため対象外,,2026-07-28,関心:礼金無 注意:事務所/店舗,https://www.shizuoka.fudohsan.jp/%E7%89%A9%E4%BB%B6/175764,不適合
スマイミー静岡 賃貸 三島市,三島市,賃貸戸建,賃貸カテゴリ（掲載種別）,三島市南本町10-25,18.0,150.7,,5,—,—,,—,賃貸のため対象外,,2026-07-28,関心:礼金無/戸建,https://www.shizuoka.fudohsan.jp/%E7%89%A9%E4%BB%B6/174429,不適合
スマイミー静岡 賃貸 三島市,三島市,賃貸戸建,賃貸カテゴリ（掲載種別）,三島市多呂146-14,6.5,60.7,,5,—,—,,—,賃貸のため対象外,,2026-07-27,関心:礼金無/戸建,https://www.shizuoka.fudohsan.jp/%E7%89%A9%E4%BB%B6/164639,不適合
スマイミー静岡 賃貸 三島市,三島市,賃貸アパート,賃貸カテゴリ（掲載種別）,三島市谷田100-6,4.9,42.1,,5,田,—,,—,賃貸のため対象外,,2026-07-25,関心:礼金無,https://www.shizuoka.fudohsan.jp/%E7%89%A9%E4%BB%B6/34510,適合
スマイミー静岡 賃貸 三島市,三島市,賃貸その他,賃貸カテゴリ（掲載種別）,三島市八反畑109-7,16.5,107.0,,5,畑,—,,—,賃貸のため対象外,,2026-07-25,関心:礼金無 注意:店舗,https://www.shizuoka.fudohsan.jp/%E7%89%A9%E4%BB%B6/118947,不適合
スマイミー静岡 賃貸 三島市,三島市,賃貸アパート,賃貸カテゴリ（掲載種別）,三島市安久656-1,5.5,52.4,,5,—,—,,—,賃貸のため対象外,,2026-07-25,関心:礼金無,https://www.shizuoka.fudohsan.jp/%E7%89%A9%E4%BB%B6/131792,不適合
スマイミー静岡 賃貸 三島市,三島市,賃貸アパート,賃貸カテゴリ（掲載種別）,三島市安久206,7.0,69.4,,5,—,—,,—,賃貸のため対象外,,2026-07-25,関心:礼金無,https://www.shizuoka.fudohsan.jp/%E7%89%A9%E4%BB%B6/167863,不適合
スマイミー静岡 賃貸 三島市,三島市,賃貸マンション,賃貸カテゴリ（掲載種別）,三島市多呂１１１－１,4.8,55.4,,5,—,—,,—,賃貸のため対象外,,2026-07-25,関心:敷金無/礼金無,https://www.shizuoka.fudohsan.jp/%E7%89%A9%E4%BB%B6/165425,適合
スマイミー静岡 賃貸 三島市,三島市,賃貸マンション,賃貸カテゴリ（掲載種別）,三島市西本町５－１９,7.2,55.5,,5,—,—,,—,賃貸のため対象外,,2026-07-25,関心:礼金無,https://www.shizuoka.fudohsan.jp/%E7%89%A9%E4%BB%B6/165880,不適合
SUUMO 賃貸 三島市,三島市,賃貸アパート,賃貸カテゴリ（掲載種別）,静岡県三島市中島,5.8,58.5,,5,—,—,,—,賃貸のため対象外,,2026-08-07,,https://suumo.jp/chintai/jnc_000109021864/,不適合
SUUMO 賃貸 三島市,三島市,賃貸アパート,賃貸カテゴリ（掲載種別）,静岡県三島市大場,5.5,49.8,,5,—,—,,—,賃貸のため対象外,,2026-08-11,,https://suumo.jp/chintai/jnc_000108856260/,不適合
SUUMO 賃貸 三島市,三島市,賃貸アパート,賃貸カテゴリ（掲載種別）,静岡県三島市青木,7.0,60.9,,5,—,—,,—,賃貸のため対象外,,2026-08-09,,https://suumo.jp/chintai/jnc_000109106986/,不適合
SUUMO 賃貸 三島市,三島市,賃貸アパート,賃貸カテゴリ（掲載種別）,静岡県三島市大場,5.3,42.6,,5,—,—,,—,賃貸のため対象外,,2026-08-08,,https://suumo.jp/chintai/jnc_000109084897/,不適合
SUUMO 賃貸 三島市,三島市,賃貸アパート,賃貸カテゴリ（掲載種別）,静岡県三島市梅名,5.5,32.4,,5,—,—,,—,賃貸のため対象外,,2026-08-10,,https://suumo.jp/chintai/jnc_000108711554/,不適合
SUUMO 賃貸 三島市,三島市,賃貸アパート,賃貸カテゴリ（掲載種別）,静岡県三島市谷田,5.85,40.1,,5,田,—,,—,賃貸のため対象外,,2026-08-11,,https://suumo.jp/chintai/jnc_000108735207/,不適合
SUUMO 賃貸 三島市,三島市,賃貸マンション,賃貸カテゴリ（掲載種別）,静岡県三島市徳倉３,6.0,68.1,,5,—,—,,—,賃貸のため対象外,,2026-08-09,,https://suumo.jp/chintai/jnc_000041425836/,不適合
SUUMO 賃貸 三島市,三島市,賃貸マンション,賃貸カテゴリ（掲載種別）,静岡県三島市徳倉３,6.5,68.1,,5,—,—,,—,賃貸のため対象外,,2026-08-09,,https://suumo.jp/chintai/jnc_000108967900/,不適合
SUUMO 賃貸 三島市,三島市,賃貸アパート,賃貸カテゴリ（掲載種別）,静岡県三島市谷田,6.0,51.8,,5,田,—,,—,賃貸のため対象外,,2026-08-11,,https://suumo.jp/chintai/jnc_000105995589/,不適合
SUUMO 賃貸 三島市,三島市,賃貸アパート,賃貸カテゴリ（掲載種別）,静岡県三島市徳倉２,5.8,42.3,,5,—,—,,—,賃貸のため対象外,,2026-08-10,,https://suumo.jp/chintai/jnc_000108711556/,不適合
SUUMO 賃貸 三島市,三島市,賃貸マンション,賃貸カテゴリ（掲載種別）,静岡県三島市新谷,6.1,43.2,,5,—,—,,—,賃貸のため対象外,,2026-08-11,,https://suumo.jp/chintai/jnc_000109011267/,不適合
SUUMO 賃貸 三島市,三島市,賃貸アパート,賃貸カテゴリ（掲載種別）,静岡県三島市徳倉２,5.8,46.4,,5,—,—,,—,賃貸のため対象外,,2026-08-11,,https://suumo.jp/chintai/jnc_000108185429/,不適合
SUUMO 賃貸 三島市,三島市,賃貸アパート,賃貸カテゴリ（掲載種別）,静岡県三島市安久,4.95,37.1,,5,—,—,,—,賃貸のため対象外,,2026-08-08,,https://suumo.jp/chintai/jnc_000100640246/,適合
SUUMO 賃貸 三島市,三島市,賃貸マンション,賃貸カテゴリ（掲載種別）,静岡県三島市文教町２,6.9,40.6,,5,—,—,,—,賃貸のため対象外,,2026-08-10,,https://suumo.jp/chintai/jnc_000109127010/,不適合
SUUMO 賃貸 三島市,三島市,賃貸アパート,賃貸カテゴリ（掲載種別）,静岡県三島市東町,6.1,40.0,,5,—,—,,—,賃貸のため対象外,,2026-08-10,,https://suumo.jp/chintai/jnc_000108711558/,不適合
SUUMO 賃貸 三島市,三島市,賃貸アパート,賃貸カテゴリ（掲載種別）,静岡県三島市梅名,5.5,43.5,,5,—,—,,—,賃貸のため対象外,,2026-08-11,,https://suumo.jp/chintai/jnc_000109068533/,不適合
SUUMO 賃貸 三島市,三島市,賃貸アパート,賃貸カテゴリ（掲載種別）,静岡県三島市中島,4.9,34.3,,5,—,—,,—,賃貸のため対象外,,2026-08-10,,https://suumo.jp/chintai/jnc_000106672050/,適合
SUUMO 賃貸 三島市,三島市,賃貸マンション,賃貸カテゴリ（掲載種別）,静岡県三島市大宮町２,6.8,41.0,,5,—,—,,—,賃貸のため対象外,,2026-08-11,,https://suumo.jp/chintai/jnc_000108884100/,不適合
SUUMO 賃貸 三島市,三島市,賃貸アパート,賃貸カテゴリ（掲載種別）,静岡県三島市幸原町２,5.4,30.1,,5,—,—,,—,賃貸のため対象外,,2026-08-08,,https://suumo.jp/chintai/jnc_000104874430/,不適合
SUUMO 賃貸 三島市,三島市,賃貸アパート,賃貸カテゴリ（掲載種別）,静岡県三島市谷田,7.25,43.5,,5,田,—,,—,賃貸のため対象外,,2026-08-10,,https://suumo.jp/chintai/jnc_000107921128/,不適合
SUUMO 賃貸 三島市,三島市,賃貸アパート,賃貸カテゴリ（掲載種別）,静岡県三島市谷田,7.35,36.3,,5,田,—,,—,賃貸のため対象外,,2026-08-10,,https://suumo.jp/chintai/jnc_000108847893/,不適合
SUUMO 賃貸 三島市,三島市,賃貸アパート,賃貸カテゴリ（掲載種別）,静岡県三島市谷田,8.05,43.5,,5,田,—,,—,賃貸のため対象外,,2026-08-10,,https://suumo.jp/chintai/jnc_000108185433/,不適合
SUUMO 賃貸 三島市,三島市,賃貸マンション,賃貸カテゴリ（掲載種別）,静岡県三島市大社町,7.4,40.3,,5,—,—,,—,賃貸のため対象外,,2026-08-10,,https://suumo.jp/chintai/jnc_000109121905/,不適合
SUUMO 賃貸 三島市,三島市,賃貸アパート,賃貸カテゴリ（掲載種別）,静岡県三島市谷田,5.8,29.4,,5,田,—,,—,賃貸のため対象外,,2026-08-09,,https://suumo.jp/chintai/jnc_000108441521/?bc=100516225191,不適合
SUUMO 賃貸 三島市,三島市,賃貸アパート,賃貸カテゴリ（掲載種別）,静岡県三島市谷田,5.8,29.4,,5,田,—,,—,賃貸のため対象外,,2026-08-11,,https://suumo.jp/chintai/jnc_000108441522/?bc=100517055363,不適合
SUUMO 賃貸 三島市,三島市,賃貸アパート,賃貸カテゴリ（掲載種別）,静岡県三島市谷田,6.0,29.4,,5,田,—,,—,賃貸のため対象外,,2026-08-11,,https://suumo.jp/chintai/jnc_000108441523/?bc=100516790631,不適合
SUUMO 賃貸 三島市,三島市,賃貸アパート,賃貸カテゴリ（掲載種別）,静岡県三島市谷田,6.0,29.4,,5,田,—,,—,賃貸のため対象外,,2026-08-11,,https://suumo.jp/chintai/jnc_000108441520/?bc=100516790630,不適合
SUUMO 賃貸 三島市,三島市,賃貸アパート,賃貸カテゴリ（掲載種別）,静岡県三島市谷田,6.8,37.6,,5,田,—,,—,賃貸のため対象外,,2026-08-11,,https://suumo.jp/chintai/jnc_000108441526/?bc=100517058842,不適合
SUUMO 賃貸 三島市,三島市,賃貸アパート,賃貸カテゴリ（掲載種別）,静岡県三島市谷田,6.8,37.6,,5,田,—,,—,賃貸のため対象外,,2026-08-11,,https://suumo.jp/chintai/jnc_000108441525/?bc=100517058815,不適合
SUUMO 賃貸 三島市,三島市,賃貸アパート,賃貸カテゴリ（掲載種別）,静岡県三島市谷田,7.0,37.6,,5,田,—,,—,賃貸のため対象外,,2026-08-11,,https://suumo.jp/chintai/jnc_000108441524/?bc=100516938283,不適合
SUUMO 賃貸 三島市,三島市,賃貸アパート,賃貸カテゴリ（掲載種別）,静岡県三島市谷田,7.0,37.6,,5,田,—,,—,賃貸のため対象外,,2026-08-11,,https://suumo.jp/chintai/jnc_000108441527/?bc=100516938285,不適合
SUUMO 賃貸 三島市,三島市,賃貸アパート,賃貸カテゴリ（掲載種別）,静岡県三島市萩,7.95,39.2,,5,—,—,,—,賃貸のため対象外,,2026-08-11,,https://suumo.jp/chintai/jnc_000101626405/?bc=100461874216,不適合
SUUMO 賃貸 三島市,三島市,賃貸アパート,賃貸カテゴリ（掲載種別）,静岡県三島市長伏,7.2,67.6,,5,—,—,,—,賃貸のため対象外,,2026-08-11,,https://suumo.jp/chintai/jnc_000026280366/?bc=100518484559,不適合
SUUMO 賃貸 三島市,三島市,賃貸マンション,賃貸カテゴリ（掲載種別）,静岡県三島市萩,5.2,43.5,,5,—,—,,—,賃貸のため対象外,,2026-08-11,,https://suumo.jp/chintai/jnc_000108847892/?bc=100521500323,不適合
SUUMO 賃貸 三島市,三島市,賃貸アパート,賃貸カテゴリ（掲載種別）,静岡県三島市若松町,8.3,59.4,,5,—,—,,—,賃貸のため対象外,,2026-08-11,,https://suumo.jp/chintai/jnc_000109051642/?bc=100520984914,不適合
SUUMO 賃貸 三島市,三島市,賃貸アパート,賃貸カテゴリ（掲載種別）,静岡県三島市若松町,4.7,40.9,,5,—,—,,—,賃貸のため対象外,,2026-08-11,,https://suumo.jp/chintai/jnc_000077448992/?bc=100477920108,適合
SUUMO 賃貸 三島市,三島市,賃貸アパート,賃貸カテゴリ（掲載種別）,静岡県三島市若松町,4.8,39.7,,5,—,—,,—,賃貸のため対象外,,2026-08-11,,https://suumo.jp/chintai/jnc_000107825617/?bc=100479670261,適合
SUUMO 賃貸 三島市,三島市,賃貸アパート,賃貸カテゴリ（掲載種別）,静岡県三島市加茂,6.2,51.1,,5,—,—,,—,賃貸のため対象外,,2026-08-10,,https://suumo.jp/chintai/jnc_000109130693/?bc=100521485001,不適合
SUUMO 賃貸 三島市,三島市,賃貸アパート,賃貸カテゴリ（掲載種別）,静岡県三島市加茂,6.4,51.1,,5,—,—,,—,賃貸のため対象外,,2026-08-11,,https://suumo.jp/chintai/jnc_000109142813/?bc=100521610444,不適合
SUUMO 賃貸 三島市,三島市,賃貸マンション,賃貸カテゴリ（掲載種別）,静岡県三島市末広町,4.5,25.1,,5,—,—,,—,賃貸のため対象外,,2026-08-11,,https://suumo.jp/chintai/jnc_000109106989/?bc=100521338384,適合
SUUMO 賃貸 三島市,三島市,賃貸マンション,賃貸カテゴリ（掲載種別）,静岡県三島市末広町,4.5,25.1,,5,—,—,,—,賃貸のため対象外,,2026-08-11,,https://suumo.jp/chintai/jnc_000109092015/?bc=100521371635,適合
SUUMO 賃貸 三島市,三島市,賃貸マンション,賃貸カテゴリ（掲載種別）,静岡県三島市寿町,5.1,30.0,,5,—,—,,—,賃貸のため対象外,,2026-08-11,,https://suumo.jp/chintai/jnc_000109142814/?bc=100521604341,不適合
SUUMO 賃貸 三島市,三島市,賃貸マンション,賃貸カテゴリ（掲載種別）,静岡県三島市徳倉,8.0,76.1,,5,—,—,,—,賃貸のため対象外,,2026-08-08,,https://suumo.jp/chintai/jnc_000109061401/?bc=100521020075,不適合
SUUMO 賃貸 三島市,三島市,賃貸マンション,賃貸カテゴリ（掲載種別）,静岡県三島市長伏,7.6,61.5,,5,—,—,,—,賃貸のため対象外,,2026-08-11,,https://suumo.jp/chintai/jnc_000108711557/?bc=100518658950,不適合
SUUMO 賃貸 三島市,三島市,賃貸アパート,賃貸カテゴリ（掲載種別）,静岡県三島市長伏,5.0,45.1,,5,—,—,,—,賃貸のため対象外,,2026-08-11,,https://suumo.jp/chintai/jnc_000101141589/?bc=100457264971,適合
SUUMO 賃貸 三島市,三島市,賃貸アパート,賃貸カテゴリ（掲載種別）,静岡県三島市谷田,7.0,33.5,,5,田,—,,—,賃貸のため対象外,,2026-08-04,,https://suumo.jp/chintai/jnc_000103579330/?bc=100480434793,不適合
SUUMO 賃貸 三島市,三島市,賃貸アパート,賃貸カテゴリ（掲載種別）,静岡県三島市谷田,7.2,33.5,,5,田,—,,—,賃貸のため対象外,,2026-08-04,,https://suumo.jp/chintai/jnc_000103579331/?bc=100480434794,不適合
SUUMO 賃貸 三島市,三島市,賃貸アパート,賃貸カテゴリ（掲載種別）,静岡県三島市谷田,7.2,33.5,,5,田,—,,—,賃貸のため対象外,,2026-08-04,,https://suumo.jp/chintai/jnc_000103579329/?bc=100480434791,不適合
SUUMO 賃貸 三島市,三島市,賃貸アパート,賃貸カテゴリ（掲載種別）,静岡県三島市谷田,7.65,43.5,,5,田,—,,—,賃貸のため対象外,,2026-08-04,,https://suumo.jp/chintai/jnc_000103579333/?bc=100480434798,不適合
SUUMO 賃貸 三島市,三島市,賃貸アパート,賃貸カテゴリ（掲載種別）,静岡県三島市谷田,7.8,43.5,,5,田,—,,—,賃貸のため対象外,,2026-08-04,,https://suumo.jp/chintai/jnc_000103579334/?bc=100480434799,不適合
SUUMO 賃貸 三島市,三島市,賃貸アパート,賃貸カテゴリ（掲載種別）,静岡県三島市谷田,7.8,43.5,,5,田,—,,—,賃貸のため対象外,,2026-08-04,,https://suumo.jp/chintai/jnc_000103579332/?bc=100480434796,不適合
SUUMO 賃貸 三島市,三島市,賃貸アパート,賃貸カテゴリ（掲載種別）,静岡県三島市谷田,8.65,43.5,,5,田,—,,—,賃貸のため対象外,,2026-08-11,,https://suumo.jp/chintai/jnc_000098878709/?bc=100439084058,不適合
SUUMO 賃貸 三島市,三島市,賃貸マンション,賃貸カテゴリ（掲載種別）,静岡県三島市幸原町２,6.0,41.3,,5,—,—,,—,賃貸のため対象外,,2026-08-11,,https://suumo.jp/chintai/jnc_000075868592/?bc=100521580524,不適合
SUUMO 賃貸 三島市,三島市,賃貸戸建,賃貸カテゴリ（掲載種別）,静岡県三島市加茂,11.5,111.7,,5,—,—,,—,賃貸のため対象外,,2026-08-10,,https://suumo.jp/chintai/jnc_000099450401/?bc=100520990083,不適合
SUUMO 賃貸 三島市,三島市,賃貸マンション,賃貸カテゴリ（掲載種別）,静岡県三島市大宮町２,3.7,24.4,,5,—,—,,—,賃貸のため対象外,,2026-08-09,,https://suumo.jp/chintai/jnc_000108771826/?bc=100518917227,適合
SUUMO 賃貸 三島市,三島市,賃貸マンション,賃貸カテゴリ（掲載種別）,静岡県三島市大宮町２,3.7,24.4,,5,—,—,,—,賃貸のため対象外,,2026-08-11,,https://suumo.jp/chintai/jnc_000109112147/?bc=100521580519,適合
SUUMO 賃貸 三島市,三島市,賃貸マンション,賃貸カテゴリ（掲載種別）,静岡県三島市大宮町２,3.7,24.4,,5,—,—,,—,賃貸のため対象外,,2026-08-10,,https://suumo.jp/chintai/jnc_000108644350/?bc=100390066793,適合
SUUMO 賃貸 三島市,三島市,賃貸戸建,賃貸カテゴリ（掲載種別）,静岡県三島市大宮町２,4.8,39.7,,5,—,—,,—,賃貸のため対象外,,2026-08-11,,https://suumo.jp/chintai/jnc_000097065544/?bc=100521482498,適合
SUUMO 賃貸 三島市,三島市,賃貸アパート,賃貸カテゴリ（掲載種別）,静岡県三島市谷田,3.9,26.7,,5,田,—,,—,賃貸のため対象外,,2026-08-11,,https://suumo.jp/chintai/jnc_000069996721/?bc=100521610432,適合
SUUMO 賃貸 三島市,三島市,賃貸アパート,賃貸カテゴリ（掲載種別）,静岡県三島市長伏,3.5,24.7,,5,—,—,,—,賃貸のため対象外,,2026-08-09,,https://suumo.jp/chintai/jnc_000108912923/?bc=100519961411,適合
SUUMO 賃貸 三島市,三島市,賃貸アパート,賃貸カテゴリ（掲載種別）,静岡県三島市長伏,3.9,24.7,,5,—,—,,—,賃貸のため対象外,,2026-08-11,,https://suumo.jp/chintai/jnc_000108891130/?bc=100519818388,適合
SUUMO 賃貸 三島市,三島市,賃貸マンション,賃貸カテゴリ（掲載種別）,静岡県三島市寿町,4.0,22.3,,5,—,—,,—,賃貸のため対象外,,2026-08-11,,https://suumo.jp/chintai/jnc_000092764864/?bc=100408297213,適合
SUUMO 賃貸 三島市,三島市,賃貸マンション,賃貸カテゴリ（掲載種別）,静岡県三島市大社町,5.5,31.6,,5,—,—,,—,賃貸のため対象外,,2026-08-11,,https://suumo.jp/chintai/jnc_000013953237/?bc=100520253721,不適合
SUUMO 賃貸 三島市,三島市,賃貸マンション,賃貸カテゴリ（掲載種別）,静岡県三島市大社町,10.4,62.2,,5,—,—,,—,賃貸のため対象外,,2026-08-10,,https://suumo.jp/chintai/jnc_000096794618/?bc=100486425435,不適合
SUUMO 賃貸 三島市,三島市,賃貸マンション,賃貸カテゴリ（掲載種別）,静岡県三島市西本町,2.9,15.7,,5,—,—,,—,賃貸のため対象外,,2026-08-11,,https://suumo.jp/chintai/jnc_000108891131/?bc=100465618249,適合
SUUMO 賃貸 三島市,三島市,賃貸マンション,賃貸カテゴリ（掲載種別）,静岡県三島市西本町,3.2,17.6,,5,—,—,,—,賃貸のため対象外,,2026-08-11,,https://suumo.jp/chintai/jnc_000055609551/?bc=100521615291,適合
SUUMO 賃貸 三島市,三島市,賃貸マンション,賃貸カテゴリ（掲載種別）,静岡県三島市西本町,3.2,15.7,,5,—,—,,—,賃貸のため対象外,,2026-08-11,,https://suumo.jp/chintai/jnc_000042438249/?bc=100519545296,適合
SUUMO 賃貸 三島市,三島市,賃貸マンション,賃貸カテゴリ（掲載種別）,静岡県三島市西本町,3.2,15.7,,5,—,—,,—,賃貸のため対象外,,2026-08-11,,https://suumo.jp/chintai/jnc_000106088995/?bc=100499164538,適合
SUUMO 賃貸 三島市,三島市,賃貸アパート,賃貸カテゴリ（掲載種別）,静岡県三島市南町,3.0,23.2,,5,—,—,,—,賃貸のため対象外,,2026-08-11,,https://suumo.jp/chintai/jnc_000058136543/?bc=100485902752,適合
SUUMO 賃貸 三島市,三島市,賃貸アパート,賃貸カテゴリ（掲載種別）,静岡県三島市南町,3.0,23.2,,5,—,—,,—,賃貸のため対象外,,2026-08-11,,https://suumo.jp/chintai/jnc_000060702947/?bc=100519234030,適合
SUUMO 賃貸 三島市,三島市,賃貸アパート,賃貸カテゴリ（掲載種別）,静岡県三島市南町,3.0,23.2,,5,—,—,,—,賃貸のため対象外,,2026-08-11,,https://suumo.jp/chintai/jnc_000059243054/?bc=100521604346,適合
SUUMO 賃貸 三島市,三島市,賃貸アパート,賃貸カテゴリ（掲載種別）,静岡県三島市南町,3.0,23.2,,5,—,—,,—,賃貸のため対象外,,2026-08-11,,https://suumo.jp/chintai/jnc_000108062757/?bc=100513573728,適合
SUUMO 賃貸 三島市,三島市,賃貸マンション,賃貸カテゴリ（掲載種別）,静岡県三島市谷田,3.9,18.3,,5,田,—,,—,賃貸のため対象外,,2026-08-11,,https://suumo.jp/chintai/jnc_000105338892/?bc=100500097117,適合
SUUMO 賃貸 三島市,三島市,賃貸マンション,賃貸カテゴリ（掲載種別）,静岡県三島市谷田,3.9,18.3,,5,田,—,,—,賃貸のため対象外,,2026-08-11,,https://suumo.jp/chintai/jnc_000106884083/?bc=100506029265,適合
SUUMO 賃貸 三島市,三島市,賃貸マンション,賃貸カテゴリ（掲載種別）,静岡県三島市谷田,3.9,17.1,,5,田,—,,—,賃貸のため対象外,,2026-08-11,,https://suumo.jp/chintai/jnc_000104380273/?bc=100485168367,適合
SUUMO 賃貸 三島市,三島市,賃貸マンション,賃貸カテゴリ（掲載種別）,静岡県三島市谷田,3.9,15.6,,5,田,—,,—,賃貸のため対象外,,2026-08-11,,https://suumo.jp/chintai/jnc_000103627439/?bc=100480885594,適合
SUUMO 賃貸 三島市,三島市,賃貸マンション,賃貸カテゴリ（掲載種別）,静岡県三島市谷田,3.9,15.6,,5,田,—,,—,賃貸のため対象外,,2026-08-11,,https://suumo.jp/chintai/jnc_000103627438/?bc=100429706189,適合
SUUMO 賃貸 三島市,三島市,賃貸マンション,賃貸カテゴリ（掲載種別）,静岡県三島市谷田,3.9,15.3,,5,田,—,,—,賃貸のため対象外,,2026-08-11,,https://suumo.jp/chintai/jnc_000089632232/?bc=100506029266,適合
SUUMO 賃貸 三島市,三島市,賃貸マンション,賃貸カテゴリ（掲載種別）,静岡県三島市谷田,3.9,14.1,,5,田,—,,—,賃貸のため対象外,,2026-08-11,,https://suumo.jp/chintai/jnc_000069228038/?bc=100479032571,適合
SUUMO 賃貸 三島市,三島市,賃貸マンション,賃貸カテゴリ（掲載種別）,静岡県三島市谷田,3.9,13.2,,5,田,—,,—,賃貸のため対象外,,2026-08-11,,https://suumo.jp/chintai/jnc_000072754823/?bc=100467108267,適合
SUUMO 賃貸 三島市,三島市,賃貸マンション,賃貸カテゴリ（掲載種別）,静岡県三島市谷田,4.9,22.2,,5,田,—,,—,賃貸のため対象外,,2026-08-11,,https://suumo.jp/chintai/jnc_000072754821/?bc=100294874224,適合
SUUMO 賃貸 三島市,三島市,賃貸マンション,賃貸カテゴリ（掲載種別）,静岡県三島市竹倉,2.6,15.1,,5,—,—,,—,賃貸のため対象外,,2026-08-11,,https://suumo.jp/chintai/jnc_000032275076/?bc=100521610441,適合
SUUMO 賃貸 三島市,三島市,賃貸マンション,賃貸カテゴリ（掲載種別）,静岡県三島市竹倉,2.6,15.1,,5,—,—,,—,賃貸のため対象外,,2026-08-11,,https://suumo.jp/chintai/jnc_000087586388/?bc=100521610436,適合
SUUMO 賃貸 三島市,三島市,賃貸マンション,賃貸カテゴリ（掲載種別）,静岡県三島市竹倉,2.6,15.1,,5,—,—,,—,賃貸のため対象外,,2026-08-11,,https://suumo.jp/chintai/jnc_000032275077/?bc=100366691628,適合
SUUMO 賃貸 三島市,三島市,賃貸マンション,賃貸カテゴリ（掲載種別）,静岡県三島市多呂,4.0,30.6,,5,—,—,,—,賃貸のため対象外,,2026-07-25,,https://suumo.jp/chintai/jnc_000099916450/?bc=100444576487,適合
SUUMO 賃貸 三島市,三島市,賃貸マンション,賃貸カテゴリ（掲載種別）,静岡県三島市多呂,4.0,23.1,,5,—,—,,—,賃貸のため対象外,,2026-07-25,,https://suumo.jp/chintai/jnc_000103189122/?bc=100475595911,適合
SUUMO 賃貸 三島市,三島市,賃貸マンション,賃貸カテゴリ（掲載種別）,静岡県三島市壱町田,5.9,65.7,,5,田,—,,—,賃貸のため対象外,,2026-08-11,,https://suumo.jp/chintai/jnc_000108691912/?bc=100465617333,不適合
SUUMO 賃貸 三島市,三島市,賃貸マンション,賃貸カテゴリ（掲載種別）,静岡県三島市壱町田,6.3,65.7,,5,田,—,,—,賃貸のため対象外,,2026-08-11,,https://suumo.jp/chintai/jnc_000108354143/?bc=100515669853,不適合
SUUMO 賃貸 三島市,三島市,賃貸マンション,賃貸カテゴリ（掲載種別）,静岡県三島市壱町田,6.3,65.7,,5,田,—,,—,賃貸のため対象外,,2026-08-11,,https://suumo.jp/chintai/jnc_000101182420/?bc=100501602492,不適合
SUUMO 賃貸 三島市,三島市,賃貸マンション,賃貸カテゴリ（掲載種別）,静岡県三島市壱町田,6.9,65.7,,5,田,—,,—,賃貸のため対象外,,2026-08-11,,https://suumo.jp/chintai/jnc_000101182417/?bc=100465618745,不適合
SUUMO 賃貸 三島市,三島市,賃貸マンション,賃貸カテゴリ（掲載種別）,静岡県三島市壱町田,6.9,65.7,,5,田,—,,—,賃貸のため対象外,,2026-08-11,,https://suumo.jp/chintai/jnc_000101182416/?bc=100507801126,不適合
SUUMO 賃貸 三島市,三島市,賃貸マンション,賃貸カテゴリ（掲載種別）,静岡県三島市壱町田,6.9,65.7,,5,田,—,,—,賃貸のため対象外,,2026-08-11,,https://suumo.jp/chintai/jnc_000108141541/?bc=100514269621,不適合
SUUMO 賃貸 三島市,三島市,賃貸マンション,賃貸カテゴリ（掲載種別）,静岡県三島市壱町田,6.9,65.7,,5,田,—,,—,賃貸のため対象外,,2026-08-11,,https://suumo.jp/chintai/jnc_000102962847/?bc=100507801142,不適合
SUUMO 賃貸 三島市,三島市,賃貸マンション,賃貸カテゴリ（掲載種別）,静岡県三島市多呂,5.5,66.0,,5,—,—,,—,賃貸のため対象外,,2026-08-11,,https://suumo.jp/chintai/jnc_000106367703/?bc=100518020376,不適合
SUUMO 賃貸 三島市,三島市,賃貸アパート,賃貸カテゴリ（掲載種別）,静岡県三島市中,6.0,55.5,,5,—,—,,—,賃貸のため対象外,,2026-08-11,,https://suumo.jp/chintai/jnc_000106047524/?bc=100498445254,不適合
SUUMO 賃貸 三島市,三島市,賃貸アパート,賃貸カテゴリ（掲載種別）,静岡県三島市中,6.0,55.5,,5,—,—,,—,賃貸のため対象外,,2026-08-11,,https://suumo.jp/chintai/jnc_000106047522/?bc=100491274112,不適合
SUUMO 賃貸 三島市,三島市,賃貸アパート,賃貸カテゴリ（掲載種別）,静岡県三島市長伏,6.1,53.2,,5,—,—,,—,賃貸のため対象外,,2026-08-10,,https://suumo.jp/chintai/jnc_000108927937/?bc=100520087175,不適合
SUUMO 賃貸 三島市,三島市,賃貸アパート,賃貸カテゴリ（掲載種別）,静岡県三島市大場,6.2,49.9,,5,—,—,,—,賃貸のため対象外,,2026-08-10,,https://suumo.jp/chintai/jnc_000107425846/?bc=100508572185,不適合
SUUMO 賃貸 三島市,三島市,賃貸アパート,賃貸カテゴリ（掲載種別）,静岡県三島市安久,6.35,56.8,,5,—,—,,—,賃貸のため対象外,,2026-08-11,,https://suumo.jp/chintai/jnc_000107793169/?bc=100513826192,不適合
SUUMO 賃貸 三島市,三島市,賃貸マンション,賃貸カテゴリ（掲載種別）,静岡県三島市青木,6.8,53.1,,5,—,—,,—,賃貸のため対象外,,2026-08-11,,https://suumo.jp/chintai/jnc_000099203228/?bc=100512071395,不適合
SUUMO 賃貸 三島市,三島市,賃貸アパート,賃貸カテゴリ（掲載種別）,静岡県三島市中,6.8,63.0,,5,—,—,,—,賃貸のため対象外,,2026-08-11,,https://suumo.jp/chintai/jnc_000105125444/?bc=100491067034,不適合
SUUMO 賃貸 三島市,三島市,賃貸マンション,賃貸カテゴリ（掲載種別）,静岡県三島市青木,6.5,55.1,,5,—,—,,—,賃貸のため対象外,,2026-07-25,,https://suumo.jp/chintai/jnc_000103417565/?bc=100455516732,不適合
SUUMO 賃貸 三島市,三島市,賃貸マンション,賃貸カテゴリ（掲載種別）,静岡県三島市谷田,6.9,52.9,,5,田,—,,—,賃貸のため対象外,,2026-08-11,,https://suumo.jp/chintai/jnc_000108711560/?bc=100520470171,不適合
SUUMO 賃貸 三島市,三島市,賃貸マンション,賃貸カテゴリ（掲載種別）,静岡県三島市谷田,6.2,58.1,,5,田,—,,—,賃貸のため対象外,,2026-08-11,,https://suumo.jp/chintai/jnc_000093628661/?bc=100408629393,不適合
SUUMO 賃貸 三島市,三島市,賃貸マンション,賃貸カテゴリ（掲載種別）,静岡県三島市谷田,6.6,58.1,,5,田,—,,—,賃貸のため対象外,,2026-08-11,,https://suumo.jp/chintai/jnc_000108827098/?bc=100505504125,不適合
SUUMO 賃貸 三島市,三島市,賃貸マンション,賃貸カテゴリ（掲載種別）,静岡県三島市谷田,6.6,58.1,,5,田,—,,—,賃貸のため対象外,,2026-08-11,,https://suumo.jp/chintai/jnc_000108813446/?bc=100508331834,不適合
SUUMO 賃貸 三島市,三島市,賃貸マンション,賃貸カテゴリ（掲載種別）,静岡県三島市谷田,6.8,58.1,,5,田,—,,—,賃貸のため対象外,,2026-08-11,,https://suumo.jp/chintai/jnc_000106839533/?bc=100506874714,不適合
SUUMO 賃貸 三島市,三島市,賃貸マンション,賃貸カテゴリ（掲載種別）,静岡県三島市谷田,6.8,58.1,,5,田,—,,—,賃貸のため対象外,,2026-08-11,,https://suumo.jp/chintai/jnc_000107358539/?bc=100509371500,不適合
SUUMO 賃貸 三島市,三島市,賃貸マンション,賃貸カテゴリ（掲載種別）,静岡県三島市谷田,7.0,58.1,,5,田,—,,—,賃貸のため対象外,,2026-08-11,,https://suumo.jp/chintai/jnc_000104797771/?bc=100491359566,不適合
SUUMO 賃貸 三島市,三島市,賃貸アパート,賃貸カテゴリ（掲載種別）,静岡県三島市加茂川町,6.5,59.5,,5,—,—,,—,賃貸のため対象外,,2026-08-11,,https://suumo.jp/chintai/jnc_000103765271/?bc=100512592878,不適合
SUUMO 賃貸 三島市,三島市,賃貸アパート,賃貸カテゴリ（掲載種別）,静岡県三島市加茂川町,6.5,59.5,,5,—,—,,—,賃貸のため対象外,,2026-08-11,,https://suumo.jp/chintai/jnc_000107211593/?bc=100506962074,不適合
SUUMO 賃貸 三島市,三島市,賃貸アパート,賃貸カテゴリ（掲載種別）,静岡県三島市谷田,5.7,49.5,,5,田,—,,—,賃貸のため対象外,,2026-08-11,,https://suumo.jp/chintai/jnc_000106375356/?bc=100428523891,不適合
SUUMO 賃貸 三島市,三島市,賃貸マンション,賃貸カテゴリ（掲載種別）,静岡県三島市梅名,5.4,55.2,,5,—,—,,—,賃貸のため対象外,,2026-08-07,,https://suumo.jp/chintai/jnc_000107240138/?bc=100516888262,不適合
SUUMO 賃貸 三島市,三島市,賃貸マンション,賃貸カテゴリ（掲載種別）,静岡県三島市梅名,5.9,65.6,,5,—,—,,—,賃貸のため対象外,,2026-08-11,,https://suumo.jp/chintai/jnc_000108073534/?bc=100506708505,不適合
SUUMO 賃貸 三島市,三島市,賃貸マンション,賃貸カテゴリ（掲載種別）,静岡県三島市梅名,5.9,55.2,,5,—,—,,—,賃貸のため対象外,,2026-08-11,,https://suumo.jp/chintai/jnc_000108073535/?bc=100509328069,不適合
SUUMO 賃貸 三島市,三島市,賃貸マンション,賃貸カテゴリ（掲載種別）,静岡県三島市八反畑,4.7,26.4,,5,畑,—,,—,賃貸のため対象外,,2026-08-11,,https://suumo.jp/chintai/jnc_000108813444/?bc=100512071426,適合
SUUMO 賃貸 三島市,三島市,賃貸マンション,賃貸カテゴリ（掲載種別）,静岡県三島市八反畑,5.0,26.4,,5,畑,—,,—,賃貸のため対象外,,2026-08-11,,https://suumo.jp/chintai/jnc_000107851413/?bc=100512864303,適合
SUUMO 賃貸 三島市,三島市,賃貸マンション,賃貸カテゴリ（掲載種別）,静岡県三島市八反畑,5.1,26.4,,5,畑,—,,—,賃貸のため対象外,,2026-08-11,,https://suumo.jp/chintai/jnc_000103866788/?bc=100491359618,不適合
SUUMO 賃貸 三島市,三島市,賃貸マンション,賃貸カテゴリ（掲載種別）,静岡県三島市八反畑,6.2,53.3,,5,畑,—,,—,賃貸のため対象外,,2026-08-11,,https://suumo.jp/chintai/jnc_000106029819/?bc=100498620918,不適合
SUUMO 賃貸 三島市,三島市,賃貸マンション,賃貸カテゴリ（掲載種別）,静岡県三島市八反畑,6.4,53.3,,5,畑,—,,—,賃貸のため対象外,,2026-08-11,,https://suumo.jp/chintai/jnc_000108813443/?bc=100493124804,不適合
SUUMO 賃貸 三島市,三島市,賃貸マンション,賃貸カテゴリ（掲載種別）,静岡県三島市八反畑,6.5,53.3,,5,畑,—,,—,賃貸のため対象外,,2026-08-11,,https://suumo.jp/chintai/jnc_000105260159/?bc=100507801143,不適合
SUUMO 賃貸 三島市,三島市,賃貸マンション,賃貸カテゴリ（掲載種別）,静岡県三島市壱町田,6.2,40.1,,5,田,—,,—,賃貸のため対象外,,2026-08-08,,https://suumo.jp/chintai/jnc_000109036606/?bc=100520876400,不適合
SUUMO 賃貸 三島市,三島市,賃貸アパート,賃貸カテゴリ（掲載種別）,静岡県三島市萩,6.5,53.5,,5,—,—,,—,賃貸のため対象外,,2026-08-11,,https://suumo.jp/chintai/jnc_000078600977/?bc=100418726991,不適合
SUUMO 賃貸 三島市,三島市,賃貸マンション,賃貸カテゴリ（掲載種別）,静岡県三島市八反畑,6.2,53.3,,5,畑,—,,—,賃貸のため対象外,,2026-07-25,,https://suumo.jp/chintai/jnc_000106055910/?bc=100008519540,不適合
SUUMO 賃貸 三島市,三島市,賃貸アパート,賃貸カテゴリ（掲載種別）,静岡県三島市谷田,5.8,40.1,,5,田,—,,—,賃貸のため対象外,,2026-08-10,,https://suumo.jp/chintai/jnc_000108927938/?bc=100520182131,不適合
SUUMO 賃貸 三島市,三島市,賃貸アパート,賃貸カテゴリ（掲載種別）,静岡県三島市谷田,5.8,40.1,,5,田,—,,—,賃貸のため対象外,,2026-08-11,,https://suumo.jp/chintai/jnc_000087230364/?bc=100510116316,不適合
SUUMO 賃貸 三島市,三島市,賃貸アパート,賃貸カテゴリ（掲載種別）,静岡県三島市加茂川町,5.5,33.6,,5,—,—,,—,賃貸のため対象外,,2026-08-11,,https://suumo.jp/chintai/jnc_000108096749/?bc=100514028559,不適合
SUUMO 賃貸 三島市,三島市,賃貸アパート,賃貸カテゴリ（掲載種別）,静岡県三島市加茂,4.95,32.9,,5,—,—,,—,賃貸のため対象外,,2026-08-11,,https://suumo.jp/chintai/jnc_000108136816/?bc=100453206444,適合
SUUMO 賃貸 三島市,三島市,賃貸アパート,賃貸カテゴリ（掲載種別）,静岡県三島市加茂,5.8,42.4,,5,—,—,,—,賃貸のため対象外,,2026-08-10,,https://suumo.jp/chintai/jnc_000109021863/?bc=100520705610,不適合
SUUMO 賃貸 三島市,三島市,賃貸マンション,賃貸カテゴリ（掲載種別）,静岡県三島市南町,8.3,68.8,,5,—,—,,—,賃貸のため対象外,,2026-08-11,,https://suumo.jp/chintai/jnc_000108342609/?bc=100515856133,不適合
SUUMO 賃貸 三島市,三島市,賃貸アパート,賃貸カテゴリ（掲載種別）,静岡県三島市加茂川町,6.8,58.9,,5,—,—,,—,賃貸のため対象外,,2026-08-11,,https://suumo.jp/chintai/jnc_000105580053/?bc=100513826135,不適合
SUUMO 賃貸 三島市,三島市,賃貸アパート,賃貸カテゴリ（掲載種別）,静岡県三島市中島,6.0,59.0,,5,—,—,,—,賃貸のため対象外,,2026-08-11,,https://suumo.jp/chintai/jnc_000054679496/?bc=100515877322,不適合
SUUMO 賃貸 三島市,三島市,賃貸アパート,賃貸カテゴリ（掲載種別）,静岡県三島市中島,6.5,54.0,,5,—,—,,—,賃貸のため対象外,,2026-08-07,,https://suumo.jp/chintai/jnc_000109030041/?bc=100216474577,不適合
SUUMO 賃貸 三島市,三島市,賃貸マンション,賃貸カテゴリ（掲載種別）,静岡県三島市徳倉４,5.9,62.8,,5,—,—,,—,賃貸のため対象外,,2026-08-11,,https://suumo.jp/chintai/jnc_000108847891/?bc=100519961417,不適合
SUUMO 賃貸 三島市,三島市,賃貸マンション,賃貸カテゴリ（掲載種別）,静岡県三島市徳倉４,6.2,62.8,,5,—,—,,—,賃貸のため対象外,,2026-08-07,,https://suumo.jp/chintai/jnc_000105758313/?bc=100498749510,不適合
SUUMO 賃貸 三島市,三島市,賃貸マンション,賃貸カテゴリ（掲載種別）,静岡県三島市徳倉４,6.2,62.8,,5,—,—,,—,賃貸のため対象外,,2026-08-11,,https://suumo.jp/chintai/jnc_000106571630/?bc=100008937692,不適合
SUUMO 賃貸 三島市,三島市,賃貸マンション,賃貸カテゴリ（掲載種別）,静岡県三島市徳倉４,6.2,62.8,,5,—,—,,—,賃貸のため対象外,,2026-08-11,,https://suumo.jp/chintai/jnc_000105985821/?bc=100430532677,不適合
SUUMO 賃貸 三島市,三島市,賃貸マンション,賃貸カテゴリ（掲載種別）,静岡県三島市徳倉４,6.5,62.8,,5,—,—,,—,賃貸のため対象外,,2026-08-07,,https://suumo.jp/chintai/jnc_000100640241/?bc=100008959354,不適合
SUUMO 賃貸 三島市,三島市,賃貸マンション,賃貸カテゴリ（掲載種別）,静岡県三島市富士ビレッジ,5.6,49.0,,5,—,—,,—,賃貸のため対象外,,2026-08-11,,https://suumo.jp/chintai/jnc_000107915428/?bc=100514202831,不適合
SUUMO 賃貸 三島市,三島市,賃貸マンション,賃貸カテゴリ（掲載種別）,静岡県三島市富士ビレッジ,5.6,49.0,,5,—,—,,—,賃貸のため対象外,,2026-08-10,,https://suumo.jp/chintai/jnc_000107034400/?bc=100507161075,不適合
SUUMO 賃貸 三島市,三島市,賃貸マンション,賃貸カテゴリ（掲載種別）,静岡県三島市谷田,5.3,46.3,,5,田,—,,—,賃貸のため対象外,,2026-08-11,,https://suumo.jp/chintai/jnc_000108121555/?bc=100514825613,不適合
SUUMO 賃貸 三島市,三島市,賃貸マンション,賃貸カテゴリ（掲載種別）,静岡県三島市富士ビレッジ,7.0,68.8,,5,—,—,,—,賃貸のため対象外,,2026-08-11,,https://suumo.jp/chintai/jnc_000108209461/?bc=100514817859,不適合
SUUMO 賃貸 三島市,三島市,賃貸マンション,賃貸カテゴリ（掲載種別）,静岡県三島市富士ビレッジ,7.1,68.8,,5,—,—,,—,賃貸のため対象外,,2026-08-11,,https://suumo.jp/chintai/jnc_000102340071/?bc=100490895549,不適合
SUUMO 賃貸 三島市,三島市,賃貸マンション,賃貸カテゴリ（掲載種別）,静岡県三島市富士ビレッジ,7.4,68.8,,5,—,—,,—,賃貸のため対象外,,2026-08-11,,https://suumo.jp/chintai/jnc_000108235228/?bc=100514975485,不適合
SUUMO 賃貸 三島市,三島市,賃貸マンション,賃貸カテゴリ（掲載種別）,静岡県三島市青木,6.4,43.6,,5,—,—,,—,賃貸のため対象外,,2026-08-11,,https://suumo.jp/chintai/jnc_000108827090/?bc=100498204650,不適合
SUUMO 賃貸 三島市,三島市,賃貸マンション,賃貸カテゴリ（掲載種別）,静岡県三島市青木,6.6,43.6,,5,—,—,,—,賃貸のため対象外,,2026-08-11,,https://suumo.jp/chintai/jnc_000106021640/?bc=100499223040,不適合
SUUMO 賃貸 三島市,三島市,賃貸マンション,賃貸カテゴリ（掲載種別）,静岡県三島市南二日町,5.7,34.4,,5,—,—,,—,賃貸のため対象外,,2026-08-11,,https://suumo.jp/chintai/jnc_000108273076/?bc=100515225047,不適合
SUUMO 賃貸 三島市,三島市,賃貸マンション,賃貸カテゴリ（掲載種別）,静岡県三島市南二日町,5.8,34.4,,5,—,—,,—,賃貸のため対象外,,2026-08-11,,https://suumo.jp/chintai/jnc_000108273077/?bc=100516515032,不適合
SUUMO 賃貸 三島市,三島市,賃貸アパート,賃貸カテゴリ（掲載種別）,静岡県三島市徳倉,5.8,57.1,,5,—,—,,—,賃貸のため対象外,,2026-08-11,,https://suumo.jp/chintai/jnc_000106447595/?bc=100499077416,不適合
SUUMO 賃貸 三島市,三島市,賃貸マンション,賃貸カテゴリ（掲載種別）,静岡県三島市壱町田,5.5,62.4,,5,田,—,,—,賃貸のため対象外,,2026-08-10,,https://suumo.jp/chintai/jnc_000109101194/?bc=100521252718,不適合
SUUMO 賃貸 三島市,三島市,賃貸マンション,賃貸カテゴリ（掲載種別）,静岡県三島市壱町田,5.5,62.4,,5,田,—,,—,賃貸のため対象外,,2026-08-10,,https://suumo.jp/chintai/jnc_000108635737/?bc=100496615194,不適合
SUUMO 賃貸 三島市,三島市,賃貸マンション,賃貸カテゴリ（掲載種別）,静岡県三島市壱町田,5.5,62.4,,5,田,—,,—,賃貸のため対象外,,2026-08-11,,https://suumo.jp/chintai/jnc_000108635739/?bc=100501602418,不適合
SUUMO 賃貸 三島市,三島市,賃貸マンション,賃貸カテゴリ（掲載種別）,静岡県三島市本町,6.4,41.6,,5,—,—,,—,賃貸のため対象外,,2026-08-10,,https://suumo.jp/chintai/jnc_000108827095/?bc=100512752925,不適合
SUUMO 賃貸 三島市,三島市,賃貸マンション,賃貸カテゴリ（掲載種別）,静岡県三島市本町,6.6,41.6,,5,—,—,,—,賃貸のため対象外,,2026-08-11,,https://suumo.jp/chintai/jnc_000107688778/?bc=100510807827,不適合
SUUMO 賃貸 三島市,三島市,賃貸マンション,賃貸カテゴリ（掲載種別）,静岡県三島市徳倉１,6.5,66.2,,5,—,—,,—,賃貸のため対象外,,2026-08-11,,https://suumo.jp/chintai/jnc_000051361922/?bc=100506306056,不適合
SUUMO 賃貸 三島市,三島市,賃貸マンション,賃貸カテゴリ（掲載種別）,静岡県三島市徳倉１,6.5,66.2,,5,—,—,,—,賃貸のため対象外,,2026-08-11,,https://suumo.jp/chintai/jnc_000087739156/?bc=100485261910,不適合
SUUMO 賃貸 三島市,三島市,賃貸マンション,賃貸カテゴリ（掲載種別）,静岡県三島市徳倉１,6.5,66.2,,5,—,—,,—,賃貸のため対象外,,2026-08-10,,https://suumo.jp/chintai/jnc_000096395359/?bc=100504491728,不適合
SUUMO 賃貸 三島市,三島市,賃貸アパート,賃貸カテゴリ（掲載種別）,静岡県三島市加茂川町,7.5,57.9,,5,—,—,,—,賃貸のため対象外,,2026-08-11,,https://suumo.jp/chintai/jnc_000013952846/?bc=100513826193,不適合
SUUMO 賃貸 三島市,三島市,賃貸アパート,賃貸カテゴリ（掲載種別）,静岡県三島市加茂川町,7.7,57.9,,5,—,—,,—,賃貸のため対象外,,2026-08-11,,https://suumo.jp/chintai/jnc_000026141239/?bc=100515297985,不適合
SUUMO 賃貸 三島市,三島市,賃貸アパート,賃貸カテゴリ（掲載種別）,静岡県三島市西本町,6.4,51.8,,5,—,—,,—,賃貸のため対象外,,2026-08-11,,https://suumo.jp/chintai/jnc_000108856262/?bc=100519086801,不適合
SUUMO 賃貸 三島市,三島市,賃貸アパート,賃貸カテゴリ（掲載種別）,静岡県三島市徳倉２,5.8,46.4,,5,—,—,,—,賃貸のため対象外,,2026-07-25,,https://suumo.jp/chintai/jnc_000108193402/?bc=100514680184,不適合
SUUMO 賃貸 三島市,三島市,賃貸アパート,賃貸カテゴリ（掲載種別）,静岡県三島市大宮町３,5.5,23.8,,5,—,—,,—,賃貸のため対象外,,2026-08-11,,https://suumo.jp/chintai/jnc_000064081043/?bc=100484121633,不適合
SUUMO 賃貸 三島市,三島市,賃貸アパート,賃貸カテゴリ（掲載種別）,静岡県三島市中島,4.8,29.8,,5,—,—,,—,賃貸のため対象外,,2026-08-11,,https://suumo.jp/chintai/jnc_000036874039/?bc=100513826185,適合
SUUMO 賃貸 三島市,三島市,賃貸アパート,賃貸カテゴリ（掲載種別）,静岡県三島市中島,5.3,29.8,,5,—,—,,—,賃貸のため対象外,,2026-08-11,,https://suumo.jp/chintai/jnc_000104999939/?bc=100489993428,不適合
SUUMO 賃貸 三島市,三島市,賃貸マンション,賃貸カテゴリ（掲載種別）,静岡県三島市東本町１,6.8,73.4,,5,—,—,,—,賃貸のため対象外,,2026-07-31,,https://suumo.jp/chintai/jnc_000108511458/?bc=100489811238,不適合
SUUMO 賃貸 三島市,三島市,賃貸アパート,賃貸カテゴリ（掲載種別）,静岡県三島市長伏,6.65,44.2,,5,—,—,,—,賃貸のため対象外,,2026-08-10,,https://suumo.jp/chintai/jnc_000109030043/?bc=100520776859,不適合
SUUMO 賃貸 三島市,三島市,賃貸マンション,賃貸カテゴリ（掲載種別）,静岡県三島市大宮町２,7.2,59.6,,5,—,—,,—,賃貸のため対象外,,2026-08-11,,https://suumo.jp/chintai/jnc_000108635740/?bc=100516996729,不適合
SUUMO 賃貸 三島市,三島市,賃貸アパート,賃貸カテゴリ（掲載種別）,静岡県三島市中島,5.2,50.6,,5,—,—,,—,賃貸のため対象外,,2026-08-11,,https://suumo.jp/chintai/jnc_000105521417/?bc=100457869452,不適合
SUUMO 賃貸 三島市,三島市,賃貸アパート,賃貸カテゴリ（掲載種別）,静岡県三島市中島,5.8,50.6,,5,—,—,,—,賃貸のため対象外,,2026-08-11,,https://suumo.jp/chintai/jnc_000106550852/?bc=100517974599,不適合
SUUMO 賃貸 三島市,三島市,賃貸マンション,賃貸カテゴリ（掲載種別）,静岡県三島市梅名,6.0,62.0,,5,—,—,,—,賃貸のため対象外,,2026-07-25,,https://suumo.jp/chintai/jnc_000082189270/?bc=100444628766,不適合
SUUMO 賃貸 三島市,三島市,賃貸戸建,賃貸カテゴリ（掲載種別）,静岡県三島市旭ヶ丘,9.0,128.3,,5,—,—,,—,賃貸のため対象外,,2026-07-30,,https://suumo.jp/chintai/jnc_000108718329/?bc=100518402291,不適合
SUUMO 賃貸 三島市,三島市,賃貸アパート,賃貸カテゴリ（掲載種別）,静岡県三島市谷田,5.0,33.6,,5,田,—,,—,賃貸のため対象外,,2026-08-11,,https://suumo.jp/chintai/jnc_000108111955/?bc=100518846998,適合
SUUMO 賃貸 三島市,三島市,賃貸アパート,賃貸カテゴリ（掲載種別）,静岡県三島市谷田,5.0,33.4,,5,田,—,,—,賃貸のため対象外,,2026-08-11,,https://suumo.jp/chintai/jnc_000108111954/?bc=100501060547,適合
SUUMO 賃貸 三島市,三島市,賃貸アパート,賃貸カテゴリ（掲載種別）,静岡県三島市谷田,5.5,33.6,,5,田,—,,—,賃貸のため対象外,,2026-07-29,,https://suumo.jp/chintai/jnc_000106375355/?bc=100519265036,不適合
SUUMO 賃貸 三島市,三島市,賃貸アパート,賃貸カテゴリ（掲載種別）,静岡県三島市谷田,5.5,33.4,,5,田,—,,—,賃貸のため対象外,,2026-08-11,,https://suumo.jp/chintai/jnc_000106375354/?bc=100506979727,不適合
SUUMO 賃貸 三島市,三島市,賃貸アパート,賃貸カテゴリ（掲載種別）,静岡県三島市谷田,5.6,33.4,,5,田,—,,—,賃貸のため対象外,,2026-08-11,,https://suumo.jp/chintai/jnc_000106933531/?bc=100507801147,不適合
SUUMO 賃貸 三島市,三島市,賃貸アパート,賃貸カテゴリ（掲載種別）,静岡県三島市中島,5.2,50.6,,5,—,—,,—,賃貸のため対象外,,2026-08-11,,https://suumo.jp/chintai/jnc_000105586896/?bc=100494386161,不適合
SUUMO 賃貸 三島市,三島市,賃貸マンション,賃貸カテゴリ（掲載種別）,静岡県三島市萩,5.8,55.4,,5,—,—,,—,賃貸のため対象外,,2026-08-11,,https://suumo.jp/chintai/jnc_000104663971/?bc=100487240589,不適合
SUUMO 賃貸 三島市,三島市,賃貸マンション,賃貸カテゴリ（掲載種別）,静岡県三島市萩,5.8,55.4,,5,—,—,,—,賃貸のため対象外,,2026-08-11,,https://suumo.jp/chintai/jnc_000104663969/?bc=100487527010,不適合
SUUMO 賃貸 三島市,三島市,賃貸マンション,賃貸カテゴリ（掲載種別）,静岡県三島市萩,5.8,55.4,,5,—,—,,—,賃貸のため対象外,,2026-08-11,,https://suumo.jp/chintai/jnc_000108735205/?bc=100518653082,不適合
SUUMO 賃貸 三島市,三島市,賃貸マンション,賃貸カテゴリ（掲載種別）,静岡県三島市萩,5.8,55.4,,5,—,—,,—,賃貸のため対象外,,2026-08-11,,https://suumo.jp/chintai/jnc_000106952832/?bc=100506067743,不適合
SUUMO 賃貸 三島市,三島市,賃貸マンション,賃貸カテゴリ（掲載種別）,静岡県三島市富士ビレッジ,7.4,68.8,,5,—,—,,—,賃貸のため対象外,,2026-07-25,,https://suumo.jp/chintai/jnc_000108342608/?bc=100515580596,不適合
SUUMO 賃貸 三島市,三島市,賃貸アパート,賃貸カテゴリ（掲載種別）,静岡県三島市中,5.3,33.0,,5,—,—,,—,賃貸のため対象外,,2026-08-11,,https://suumo.jp/chintai/jnc_000107495996/?bc=100509180180,不適合
SUUMO 賃貸 三島市,三島市,賃貸アパート,賃貸カテゴリ（掲載種別）,静岡県三島市中,5.3,33.0,,5,—,—,,—,賃貸のため対象外,,2026-08-10,,https://suumo.jp/chintai/jnc_000107495997/?bc=100509266777,不適合
SUUMO 賃貸 三島市,三島市,賃貸アパート,賃貸カテゴリ（掲載種別）,静岡県三島市中,5.6,33.0,,5,—,—,,—,賃貸のため対象外,,2026-08-11,,https://suumo.jp/chintai/jnc_000096483122/?bc=100502494014,不適合
SUUMO 賃貸 三島市,三島市,賃貸アパート,賃貸カテゴリ（掲載種別）,静岡県三島市中,5.6,33.0,,5,—,—,,—,賃貸のため対象外,,2026-08-11,,https://suumo.jp/chintai/jnc_000092444625/?bc=100466051454,不適合
SUUMO 賃貸 三島市,三島市,賃貸アパート,賃貸カテゴリ（掲載種別）,静岡県三島市中,5.6,33.0,,5,—,—,,—,賃貸のため対象外,,2026-08-11,,https://suumo.jp/chintai/jnc_000106404091/?bc=100501719407,不適合
SUUMO 賃貸 三島市,三島市,賃貸アパート,賃貸カテゴリ（掲載種別）,静岡県三島市中,5.7,33.0,,5,—,—,,—,賃貸のため対象外,,2026-08-11,,https://suumo.jp/chintai/jnc_000091674179/?bc=100501259418,不適合
SUUMO 賃貸 三島市,三島市,賃貸アパート,賃貸カテゴリ（掲載種別）,静岡県三島市谷田,7.7,75.6,,5,田,—,,—,賃貸のため対象外,,2026-08-09,,https://suumo.jp/chintai/jnc_000096542615/?bc=100515499456,不適合
SUUMO 賃貸 三島市,三島市,賃貸マンション,賃貸カテゴリ（掲載種別）,静岡県三島市緑町,6.7,49.5,,5,—,—,,—,賃貸のため対象外,,2026-08-10,,https://suumo.jp/chintai/jnc_000109115612/?bc=100521363837,不適合
SUUMO 賃貸 三島市,三島市,賃貸マンション,賃貸カテゴリ（掲載種別）,静岡県三島市青木,5.2,31.5,,5,—,—,,—,賃貸のため対象外,,2026-08-11,,https://suumo.jp/chintai/jnc_000102910182/?bc=100473972551,不適合
SUUMO 賃貸 三島市,三島市,賃貸マンション,賃貸カテゴリ（掲載種別）,静岡県三島市青木,5.3,31.5,,5,—,—,,—,賃貸のため対象外,,2026-08-11,,https://suumo.jp/chintai/jnc_000105963781/?bc=100498446400,不適合
SUUMO 賃貸 三島市,三島市,賃貸マンション,賃貸カテゴリ（掲載種別）,静岡県三島市青木,5.3,31.5,,5,—,—,,—,賃貸のため対象外,,2026-07-25,,https://suumo.jp/chintai/jnc_000108572848/?bc=100517247087,不適合
SUUMO 賃貸 三島市,三島市,賃貸マンション,賃貸カテゴリ（掲載種別）,静岡県三島市谷田,5.8,60.0,,5,田,—,,—,賃貸のため対象外,,2026-08-11,,https://suumo.jp/chintai/jnc_000104569421/?bc=100488295344,不適合
SUUMO 賃貸 三島市,三島市,賃貸アパート,賃貸カテゴリ（掲載種別）,静岡県三島市谷田,5.0,51.5,,5,田,—,,—,賃貸のため対象外,,2026-08-10,,https://suumo.jp/chintai/jnc_000090291908/?bc=100508935700,適合
SUUMO 賃貸 三島市,三島市,賃貸アパート,賃貸カテゴリ（掲載種別）,静岡県三島市谷田,6.0,42.1,,5,田,—,,—,賃貸のため対象外,,2026-08-11,,https://suumo.jp/chintai/jnc_000107665003/?bc=100510469553,不適合
SUUMO 賃貸 三島市,三島市,賃貸アパート,賃貸カテゴリ（掲載種別）,静岡県三島市中,5.3,33.0,,5,—,—,,—,賃貸のため対象外,,2026-08-08,,https://suumo.jp/chintai/jnc_000061078493/?bc=100521028322,不適合
SUUMO 賃貸 三島市,三島市,賃貸アパート,賃貸カテゴリ（掲載種別）,静岡県三島市中,5.3,33.0,,5,—,—,,—,賃貸のため対象外,,2026-08-08,,https://suumo.jp/chintai/jnc_000109068535/?bc=100521028321,不適合
SUUMO 賃貸 三島市,三島市,賃貸アパート,賃貸カテゴリ（掲載種別）,静岡県三島市中,5.6,33.0,,5,—,—,,—,賃貸のため対象外,,2026-08-08,,https://suumo.jp/chintai/jnc_000096476282/?bc=100503886532,不適合
SUUMO 賃貸 三島市,三島市,賃貸アパート,賃貸カテゴリ（掲載種別）,静岡県三島市中,5.6,33.0,,5,—,—,,—,賃貸のため対象外,,2026-08-09,,https://suumo.jp/chintai/jnc_000106773572/?bc=100515530844,不適合
SUUMO 賃貸 三島市,三島市,賃貸アパート,賃貸カテゴリ（掲載種別）,静岡県三島市中,5.7,33.0,,5,—,—,,—,賃貸のため対象外,,2026-08-08,,https://suumo.jp/chintai/jnc_000106773571/?bc=100503886531,不適合
SUUMO 賃貸 三島市,三島市,賃貸マンション,賃貸カテゴリ（掲載種別）,静岡県三島市徳倉,6.0,41.0,,5,—,—,,—,賃貸のため対象外,,2026-08-11,,https://suumo.jp/chintai/jnc_000108847890/?bc=100519635341,不適合
SUUMO 賃貸 三島市,三島市,賃貸アパート,賃貸カテゴリ（掲載種別）,静岡県三島市谷田,5.0,38.8,,5,田,—,,—,賃貸のため対象外,,2026-08-11,,https://suumo.jp/chintai/jnc_000108451913/?bc=100510585080,適合
SUUMO 賃貸 三島市,三島市,賃貸アパート,賃貸カテゴリ（掲載種別）,静岡県三島市大宮町１,5.8,31.7,,5,—,—,,—,賃貸のため対象外,,2026-08-11,,https://suumo.jp/chintai/jnc_000108368424/?bc=100516612084,不適合
SUUMO 賃貸 三島市,三島市,賃貸マンション,賃貸カテゴリ（掲載種別）,静岡県三島市壱町田,6.6,41.0,,5,田,—,,—,賃貸のため対象外,,2026-08-11,,https://suumo.jp/chintai/jnc_000108701507/?bc=100030289453,不適合
SUUMO 賃貸 三島市,三島市,賃貸マンション,賃貸カテゴリ（掲載種別）,静岡県三島市壱町田,6.8,43.6,,5,田,—,,—,賃貸のため対象外,,2026-08-11,,https://suumo.jp/chintai/jnc_000105260157/?bc=100491961114,不適合
SUUMO 賃貸 三島市,三島市,賃貸アパート,賃貸カテゴリ（掲載種別）,静岡県三島市谷田,5.2,49.1,,5,田,—,,—,賃貸のため対象外,,2026-08-09,,https://suumo.jp/chintai/jnc_000108599830/?bc=100517527412,不適合
SUUMO 賃貸 三島市,三島市,賃貸アパート,賃貸カテゴリ（掲載種別）,静岡県三島市西若町,7.2,53.0,,5,—,—,,—,賃貸のため対象外,,2026-08-07,,https://suumo.jp/chintai/jnc_000108987852/?bc=100520579806,不適合
SUUMO 賃貸 三島市,三島市,賃貸アパート,賃貸カテゴリ（掲載種別）,静岡県三島市西若町,7.8,52.7,,5,—,—,,—,賃貸のため対象外,,2026-08-09,,https://suumo.jp/chintai/jnc_000108939470/?bc=100521195205,不適合
SUUMO 賃貸 三島市,三島市,賃貸アパート,賃貸カテゴリ（掲載種別）,静岡県三島市若松町,7.0,56.0,,5,—,—,,—,賃貸のため対象外,,2026-08-11,,https://suumo.jp/chintai/jnc_000087335607/?bc=100477812454,不適合
SUUMO 賃貸 三島市,三島市,賃貸マンション,賃貸カテゴリ（掲載種別）,静岡県三島市大宮町１,6.0,30.0,,5,—,—,,—,賃貸のため対象外,,2026-08-03,,https://suumo.jp/chintai/jnc_000086896966/?bc=100516627951,不適合
SUUMO 賃貸 三島市,三島市,賃貸マンション,賃貸カテゴリ（掲載種別）,静岡県三島市大宮町１,6.5,30.0,,5,—,—,,—,賃貸のため対象外,,2026-08-03,,https://suumo.jp/chintai/jnc_000108799511/?bc=100519106584,不適合
SUUMO 賃貸 三島市,三島市,賃貸マンション,賃貸カテゴリ（掲載種別）,静岡県三島市徳倉２,5.3,53.5,,5,—,—,,—,賃貸のため対象外,,2026-07-25,,https://suumo.jp/chintai/jnc_000105097989/?bc=100490554347,不適合
SUUMO 賃貸 三島市,三島市,賃貸アパート,賃貸カテゴリ（掲載種別）,静岡県三島市大宮町２,7.0,40.4,,5,—,—,,—,賃貸のため対象外,,2026-08-11,,https://suumo.jp/chintai/jnc_000107011002/?bc=100505620234,不適合
SUUMO 賃貸 三島市,三島市,賃貸マンション,賃貸カテゴリ（掲載種別）,静岡県三島市徳倉４,6.3,62.5,,5,—,—,,—,賃貸のため対象外,,2026-08-11,,https://suumo.jp/chintai/jnc_000039725460/?bc=100511591416,不適合
SUUMO 賃貸 三島市,三島市,賃貸マンション,賃貸カテゴリ（掲載種別）,静岡県三島市徳倉４,6.7,62.5,,5,—,—,,—,賃貸のため対象外,,2026-08-11,,https://suumo.jp/chintai/jnc_000102962849/?bc=100009662766,不適合
SUUMO 賃貸 三島市,三島市,賃貸アパート,賃貸カテゴリ（掲載種別）,静岡県三島市加茂川町,5.8,30.3,,5,—,—,,—,賃貸のため対象外,,2026-08-11,,https://suumo.jp/chintai/jnc_000104350795/?bc=100513825920,不適合
SUUMO 賃貸 三島市,三島市,賃貸アパート,賃貸カテゴリ（掲載種別）,静岡県三島市幸原町２,5.9,22.4,,5,—,—,,—,賃貸のため対象外,,2026-08-09,,https://suumo.jp/chintai/jnc_000109011268/?bc=100520915938,不適合
SUUMO 賃貸 三島市,三島市,賃貸アパート,賃貸カテゴリ（掲載種別）,静岡県三島市幸原町２,6.3,22.4,,5,—,—,,—,賃貸のため対象外,,2026-08-09,,https://suumo.jp/chintai/jnc_000108490734/?bc=100515713143,不適合
SUUMO 賃貸 三島市,三島市,賃貸マンション,賃貸カテゴリ（掲載種別）,静岡県三島市御園,6.5,63.3,,5,—,—,,—,賃貸のため対象外,,2026-08-11,,https://suumo.jp/chintai/jnc_000108464303/?bc=100501263239,不適合
SUUMO 賃貸 三島市,三島市,賃貸マンション,賃貸カテゴリ（掲載種別）,静岡県三島市南町,7.1,58.5,,5,—,—,,—,賃貸のため対象外,,2026-08-09,,https://suumo.jp/chintai/jnc_000109115613/?bc=100521363841,不適合
SUUMO 賃貸 三島市,三島市,賃貸マンション,賃貸カテゴリ（掲載種別）,静岡県三島市南町,7.1,58.5,,5,—,—,,—,賃貸のため対象外,,2026-08-09,,https://suumo.jp/chintai/jnc_000048171314/?bc=100508848412,不適合
SUUMO 賃貸 三島市,三島市,賃貸マンション,賃貸カテゴリ（掲載種別）,静岡県三島市大宮町３,7.5,68.2,,5,—,—,,—,賃貸のため対象外,,2026-08-10,,https://suumo.jp/chintai/jnc_000050143234/?bc=100496830938,不適合
SUUMO 賃貸 三島市,三島市,賃貸マンション,賃貸カテゴリ（掲載種別）,静岡県三島市壱町田,6.9,57.3,,5,田,—,,—,賃貸のため対象外,,2026-07-25,,https://suumo.jp/chintai/jnc_000083929696/?bc=100444576513,不適合
SUUMO 賃貸 三島市,三島市,賃貸マンション,賃貸カテゴリ（掲載種別）,静岡県三島市壱町田,6.9,57.3,,5,田,—,,—,賃貸のため対象外,,2026-07-25,,https://suumo.jp/chintai/jnc_000103639061/?bc=100479155905,不適合
SUUMO 賃貸 三島市,三島市,賃貸マンション,賃貸カテゴリ（掲載種別）,静岡県三島市壱町田,6.9,57.3,,5,田,—,,—,賃貸のため対象外,,2026-07-25,,https://suumo.jp/chintai/jnc_000087941068/?bc=100444576490,不適合
SUUMO 賃貸 三島市,三島市,賃貸マンション,賃貸カテゴリ（掲載種別）,静岡県三島市壱町田,6.9,57.3,,5,田,—,,—,賃貸のため対象外,,2026-07-25,,https://suumo.jp/chintai/jnc_000077354791/?bc=100444576511,不適合
SUUMO 賃貸 三島市,三島市,賃貸マンション,賃貸カテゴリ（掲載種別）,静岡県三島市大宮町１,5.2,27.2,,5,—,—,,—,賃貸のため対象外,,2026-08-11,,https://suumo.jp/chintai/jnc_000107271898/?bc=100507495587,不適合
SUUMO 賃貸 三島市,三島市,賃貸マンション,賃貸カテゴリ（掲載種別）,静岡県三島市東本町２,7.2,49.1,,5,—,—,,—,賃貸のため対象外,,2026-08-09,,https://suumo.jp/chintai/jnc_000109115610/?bc=100521363828,不適合
SUUMO 賃貸 三島市,三島市,賃貸アパート,賃貸カテゴリ（掲載種別）,静岡県三島市中島,4.8,50.6,,5,—,—,,—,賃貸のため対象外,,2026-08-11,,https://suumo.jp/chintai/jnc_000108354150/?bc=100507453222,適合
SUUMO 賃貸 三島市,三島市,賃貸アパート,賃貸カテゴリ（掲載種別）,静岡県三島市徳倉１,5.3,51.0,,5,—,—,,—,賃貸のため対象外,,2026-07-25,,https://suumo.jp/chintai/jnc_000096289520/?bc=100444628795,不適合
SUUMO 賃貸 三島市,三島市,賃貸アパート,賃貸カテゴリ（掲載種別）,静岡県三島市萩,5.2,43.5,,5,—,—,,—,賃貸のため対象外,,2026-08-09,,https://suumo.jp/chintai/jnc_000108884105/?bc=100521221790,不適合
SUUMO 賃貸 三島市,三島市,賃貸マンション,賃貸カテゴリ（掲載種別）,静岡県三島市梅名,7.2,62.5,,5,—,—,,—,賃貸のため対象外,,2026-07-25,,https://suumo.jp/chintai/jnc_000013952638/?bc=100513057719,不適合
SUUMO 賃貸 三島市,三島市,賃貸マンション,賃貸カテゴリ（掲載種別）,静岡県三島市梅名,7.2,62.5,,5,—,—,,—,賃貸のため対象外,,2026-08-11,,https://suumo.jp/chintai/jnc_000108000173/?bc=100517974635,不適合
SUUMO 賃貸 三島市,三島市,賃貸アパート,賃貸カテゴリ（掲載種別）,静岡県三島市壱町田,5.0,40.9,,5,田,—,,—,賃貸のため対象外,,2026-08-11,,https://suumo.jp/chintai/jnc_000093326715/?bc=100518359848,適合
SUUMO 賃貸 三島市,三島市,賃貸アパート,賃貸カテゴリ（掲載種別）,静岡県三島市佐野,4.5,48.0,,5,—,—,,—,賃貸のため対象外,,2026-08-11,,https://suumo.jp/chintai/jnc_000107280193/?bc=100487765762,適合
SUUMO 賃貸 三島市,三島市,賃貸アパート,賃貸カテゴリ（掲載種別）,静岡県三島市佐野,4.8,48.0,,5,—,—,,—,賃貸のため対象外,,2026-07-25,,https://suumo.jp/chintai/jnc_000092524135/?bc=100504943485,適合
SUUMO 賃貸 三島市,三島市,賃貸アパート,賃貸カテゴリ（掲載種別）,静岡県三島市南本町,6.0,29.4,,5,—,—,,—,賃貸のため対象外,,2026-08-10,,https://suumo.jp/chintai/jnc_000106257110/?bc=100500238318,不適合
SUUMO 賃貸 三島市,三島市,賃貸アパート,賃貸カテゴリ（掲載種別）,静岡県三島市南本町,6.1,31.4,,5,—,—,,—,賃貸のため対象外,,2026-08-11,,https://suumo.jp/chintai/jnc_000107298873/?bc=100507676415,不適合
SUUMO 賃貸 三島市,三島市,賃貸アパート,賃貸カテゴリ（掲載種別）,静岡県三島市平田,8.1,58.4,,5,田,—,,—,賃貸のため対象外,,2026-08-10,,https://suumo.jp/chintai/jnc_000108193408/?bc=100514821193,不適合
SUUMO 賃貸 三島市,三島市,賃貸アパート,賃貸カテゴリ（掲載種別）,静岡県三島市安久,5.0,43.5,,5,—,—,,—,賃貸のため対象外,,2026-08-11,,https://suumo.jp/chintai/jnc_000107947036/?bc=100513036931,適合
SUUMO 賃貸 三島市,三島市,賃貸アパート,賃貸カテゴリ（掲載種別）,静岡県三島市安久,5.6,43.5,,5,—,—,,—,賃貸のため対象外,,2026-08-11,,https://suumo.jp/chintai/jnc_000108549272/?bc=100517092424,不適合
SUUMO 賃貸 三島市,三島市,賃貸マンション,賃貸カテゴリ（掲載種別）,静岡県三島市大宮町１,6.6,33.9,,5,—,—,,—,賃貸のため対象外,,2026-08-11,,https://suumo.jp/chintai/jnc_000107179126/?bc=100505969681,不適合
SUUMO 賃貸 三島市,三島市,賃貸マンション,賃貸カテゴリ（掲載種別）,静岡県三島市大宮町１,6.8,34.8,,5,—,—,,—,賃貸のため対象外,,2026-08-11,,https://suumo.jp/chintai/jnc_000107179125/?bc=100506560809,不適合
SUUMO 賃貸 三島市,三島市,賃貸マンション,賃貸カテゴリ（掲載種別）,静岡県三島市大宮町１,6.9,33.9,,5,—,—,,—,賃貸のため対象外,,2026-08-11,,https://suumo.jp/chintai/jnc_000107179129/?bc=100506560796,不適合
SUUMO 賃貸 三島市,三島市,賃貸マンション,賃貸カテゴリ（掲載種別）,静岡県三島市大宮町１,7.0,33.9,,5,—,—,,—,賃貸のため対象外,,2026-08-11,,https://suumo.jp/chintai/jnc_000107179130/?bc=100505969801,不適合
SUUMO 賃貸 三島市,三島市,賃貸マンション,賃貸カテゴリ（掲載種別）,静岡県三島市大宮町１,7.1,34.8,,5,—,—,,—,賃貸のため対象外,,2026-08-11,,https://suumo.jp/chintai/jnc_000107179127/?bc=100506269227,不適合
SUUMO 賃貸 三島市,三島市,賃貸マンション,賃貸カテゴリ（掲載種別）,静岡県三島市大宮町１,7.1,33.9,,5,—,—,,—,賃貸のため対象外,,2026-08-11,,https://suumo.jp/chintai/jnc_000107179134/?bc=100505969705,不適合
SUUMO 賃貸 三島市,三島市,賃貸マンション,賃貸カテゴリ（掲載種別）,静岡県三島市大宮町１,7.4,34.8,,5,—,—,,—,賃貸のため対象外,,2026-08-11,,https://suumo.jp/chintai/jnc_000107179133/?bc=100506560799,不適合
SUUMO 賃貸 三島市,三島市,賃貸マンション,賃貸カテゴリ（掲載種別）,静岡県三島市大宮町１,8.05,43.5,,5,—,—,,—,賃貸のため対象外,,2026-08-11,,https://suumo.jp/chintai/jnc_000107179131/?bc=100505970552,不適合
SUUMO 賃貸 三島市,三島市,賃貸マンション,賃貸カテゴリ（掲載種別）,静岡県三島市谷田,5.8,54.5,,5,田,—,,—,賃貸のため対象外,,2026-08-11,,https://suumo.jp/chintai/jnc_000102445126/?bc=100469627584,不適合
SUUMO 賃貸 三島市,三島市,賃貸アパート,賃貸カテゴリ（掲載種別）,静岡県三島市柳郷地,7.7,50.7,,5,—,—,,—,賃貸のため対象外,,2026-08-11,,https://suumo.jp/chintai/jnc_000106998512/?bc=100470371139,不適合
SUUMO 賃貸 三島市,三島市,賃貸アパート,賃貸カテゴリ（掲載種別）,静岡県三島市長伏,4.9,50.6,,5,—,—,,—,賃貸のため対象外,,2026-08-11,,https://suumo.jp/chintai/jnc_000108354153/?bc=100467656066,適合
SUUMO 賃貸 三島市,三島市,賃貸アパート,賃貸カテゴリ（掲載種別）,静岡県三島市長伏,5.4,50.6,,5,—,—,,—,賃貸のため対象外,,2026-08-11,,https://suumo.jp/chintai/jnc_000108354152/?bc=100489788114,不適合
SUUMO 賃貸 三島市,三島市,賃貸アパート,賃貸カテゴリ（掲載種別）,静岡県三島市長伏,5.8,50.6,,5,—,—,,—,賃貸のため対象外,,2026-08-09,,https://suumo.jp/chintai/jnc_000101927573/?bc=100480624404,不適合
SUUMO 賃貸 三島市,三島市,賃貸アパート,賃貸カテゴリ（掲載種別）,静岡県三島市長伏,5.8,50.6,,5,—,—,,—,賃貸のため対象外,,2026-08-09,,https://suumo.jp/chintai/jnc_000106762838/?bc=100508155930,不適合
SUUMO 賃貸 三島市,三島市,賃貸マンション,賃貸カテゴリ（掲載種別）,静岡県三島市幸原町２,4.9,28.5,,5,—,—,,—,賃貸のため対象外,,2026-08-11,,https://suumo.jp/chintai/jnc_000106609509/?bc=100517839133,適合
SUUMO 賃貸 三島市,三島市,賃貸マンション,賃貸カテゴリ（掲載種別）,静岡県三島市南二日町,6.8,62.1,,5,—,—,,—,賃貸のため対象外,,2026-08-02,,https://suumo.jp/chintai/jnc_000065370030/?bc=100513242007,不適合
SUUMO 賃貸 三島市,三島市,賃貸マンション,賃貸カテゴリ（掲載種別）,静岡県三島市南二日町,6.8,62.1,,5,—,—,,—,賃貸のため対象外,,2026-08-11,,https://suumo.jp/chintai/jnc_000107876570/?bc=100512049039,不適合
SUUMO 賃貸 三島市,三島市,賃貸マンション,賃貸カテゴリ（掲載種別）,静岡県三島市若松町,5.5,42.9,,5,田,—,,—,賃貸のため対象外,,2026-07-25,,https://suumo.jp/chintai/jnc_000086175777/?bc=100503194985,不適合
SUUMO 賃貸 三島市,三島市,賃貸マンション,賃貸カテゴリ（掲載種別）,静岡県三島市多呂,4.8,28.0,,5,—,—,,—,賃貸のため対象外,,2026-07-25,,https://suumo.jp/chintai/jnc_000013953328/?bc=100485388345,適合
SUUMO 賃貸 三島市,三島市,賃貸アパート,賃貸カテゴリ（掲載種別）,静岡県三島市南町,5.8,33.7,,5,—,—,,—,賃貸のため対象外,,2026-08-11,,https://suumo.jp/chintai/jnc_000108711559/?bc=100518300114,不適合
SUUMO 賃貸 三島市,三島市,賃貸アパート,賃貸カテゴリ（掲載種別）,静岡県三島市南町,5.8,33.7,,5,—,—,,—,賃貸のため対象外,,2026-08-11,,https://suumo.jp/chintai/jnc_000108905126/?bc=100519906121,不適合
SUUMO 賃貸 三島市,三島市,賃貸マンション,賃貸カテゴリ（掲載種別）,静岡県三島市徳倉２,5.9,55.0,,5,—,—,,—,賃貸のため対象外,,2026-07-25,,https://suumo.jp/chintai/jnc_000106141567/?bc=100499220182,不適合
SUUMO 賃貸 三島市,三島市,賃貸アパート,賃貸カテゴリ（掲載種別）,静岡県三島市沢地,5.6,44.9,,5,—,—,,—,賃貸のため対象外,,2026-08-11,,https://suumo.jp/chintai/jnc_000105302622/?bc=100493001183,不適合
SUUMO 賃貸 三島市,三島市,賃貸アパート,賃貸カテゴリ（掲載種別）,静岡県三島市大宮町２,4.8,24.0,,5,—,—,,—,賃貸のため対象外,,2026-07-30,,https://suumo.jp/chintai/jnc_000069426678/?bc=100519518504,適合
SUUMO 賃貸 三島市,三島市,賃貸アパート,賃貸カテゴリ（掲載種別）,静岡県三島市大宮町２,4.9,25.5,,5,—,—,,—,賃貸のため対象外,,2026-08-11,,https://suumo.jp/chintai/jnc_000070223878/?bc=100518947564,適合
SUUMO 賃貸 三島市,三島市,賃貸アパート,賃貸カテゴリ（掲載種別）,静岡県三島市大宮町２,5.0,25.2,,5,—,—,,—,賃貸のため対象外,,2026-08-04,,https://suumo.jp/chintai/jnc_000042390028/?bc=100520470190,適合
SUUMO 賃貸 三島市,三島市,賃貸アパート,賃貸カテゴリ（掲載種別）,静岡県三島市若松町,5.4,31.5,,5,—,—,,—,賃貸のため対象外,,2026-08-11,,https://suumo.jp/chintai/jnc_000107271907/?bc=100509129742,不適合
SUUMO 賃貸 三島市,三島市,賃貸マンション,賃貸カテゴリ（掲載種別）,静岡県三島市大宮町１,6.5,28.1,,5,—,—,,—,賃貸のため対象外,,2026-08-03,,https://suumo.jp/chintai/jnc_000108799510/?bc=100519106639,不適合
SUUMO 賃貸 三島市,三島市,賃貸アパート,賃貸カテゴリ（掲載種別）,静岡県三島市中田町,5.3,23.6,,5,田,—,,—,賃貸のため対象外,,2026-08-11,,https://suumo.jp/chintai/jnc_000108490737/?bc=100498811783,不適合
SUUMO 賃貸 三島市,三島市,賃貸アパート,賃貸カテゴリ（掲載種別）,静岡県三島市中田町,5.5,23.6,,5,田,—,,—,賃貸のため対象外,,2026-08-11,,https://suumo.jp/chintai/jnc_000048910694/?bc=100502814798,不適合
SUUMO 賃貸 三島市,三島市,賃貸マンション,賃貸カテゴリ（掲載種別）,静岡県三島市幸原町１,5.2,27.7,,5,畑,—,,—,賃貸のため対象外,,2026-08-11,,https://suumo.jp/chintai/jnc_000033977044/?bc=100517348225,不適合
SUUMO 賃貸 三島市,三島市,賃貸アパート,賃貸カテゴリ（掲載種別）,静岡県三島市新谷,7.0,58.8,,5,—,—,,—,賃貸のため対象外,,2026-08-10,,https://suumo.jp/chintai/jnc_000106952829/?bc=100505232069,不適合
SUUMO 賃貸 三島市,三島市,賃貸アパート,賃貸カテゴリ（掲載種別）,静岡県三島市新谷,7.0,58.8,,5,—,—,,—,賃貸のため対象外,,2026-08-11,,https://suumo.jp/chintai/jnc_000105713814/?bc=100495877452,不適合
SUUMO 賃貸 三島市,三島市,賃貸アパート,賃貸カテゴリ（掲載種別）,静岡県三島市大場,7.5,56.1,,5,—,—,,—,賃貸のため対象外,,2026-08-11,,https://suumo.jp/chintai/jnc_000107343899/?bc=100508073313,不適合
SUUMO 賃貸 三島市,三島市,賃貸マンション,賃貸カテゴリ（掲載種別）,静岡県三島市中田町,6.2,28.4,,5,田,—,,—,賃貸のため対象外,,2026-08-11,,https://suumo.jp/chintai/jnc_000107756300/?bc=100511679674,不適合
SUUMO 賃貸 三島市,三島市,賃貸マンション,賃貸カテゴリ（掲載種別）,静岡県三島市中田町,6.2,29.2,,5,田,—,,—,賃貸のため対象外,,2026-08-11,,https://suumo.jp/chintai/jnc_000107425847/?bc=100508637350,不適合
SUUMO 賃貸 三島市,三島市,賃貸アパート,賃貸カテゴリ（掲載種別）,静岡県三島市加茂川町,7.3,59.5,,5,—,—,,—,賃貸のため対象外,,2026-08-11,,https://suumo.jp/chintai/jnc_000108711555/?bc=100518488934,不適合
SUUMO 賃貸 三島市,三島市,賃貸マンション,賃貸カテゴリ（掲載種別）,静岡県三島市三好町,7.8,54.2,,5,—,—,,—,賃貸のため対象外,,2026-08-10,,https://suumo.jp/chintai/jnc_000089490601/?bc=100378389985,不適合
SUUMO 賃貸 三島市,三島市,賃貸マンション,賃貸カテゴリ（掲載種別）,静岡県三島市三好町,9.0,72.5,,5,—,—,,—,賃貸のため対象外,,2026-08-10,,https://suumo.jp/chintai/jnc_000108298014/?bc=100519107854,不適合
SUUMO 賃貸 三島市,三島市,賃貸マンション,賃貸カテゴリ（掲載種別）,静岡県三島市谷田,7.2,66.2,,5,田,—,,—,賃貸のため対象外,,2026-08-11,,https://suumo.jp/chintai/jnc_000107983223/?bc=100513807860,不適合
SUUMO 賃貸 三島市,三島市,賃貸マンション,賃貸カテゴリ（掲載種別）,静岡県三島市谷田,7.2,62.0,,5,田,—,,—,賃貸のため対象外,,2026-08-11,,https://suumo.jp/chintai/jnc_000091160492/?bc=100513807826,不適合
SUUMO 賃貸 三島市,三島市,賃貸マンション,賃貸カテゴリ（掲載種別）,静岡県三島市幸原町２,5.2,29.4,,5,—,—,,—,賃貸のため対象外,,2026-08-11,,https://suumo.jp/chintai/jnc_000108830874/?bc=100519683815,不適合
SUUMO 賃貸 三島市,三島市,賃貸マンション,賃貸カテゴリ（掲載種別）,静岡県三島市幸原町２,5.3,29.4,,5,—,—,,—,賃貸のため対象外,,2026-08-11,,https://suumo.jp/chintai/jnc_000108793714/?bc=100518997537,不適合
SUUMO 賃貸 三島市,三島市,賃貸マンション,賃貸カテゴリ（掲載種別）,静岡県三島市幸原町２,5.4,29.4,,5,—,—,,—,賃貸のため対象外,,2026-08-11,,https://suumo.jp/chintai/jnc_000106286500/?bc=100502814800,不適合
SUUMO 賃貸 三島市,三島市,賃貸アパート,賃貸カテゴリ（掲載種別）,静岡県三島市谷田,6.5,34.2,,5,田,—,,—,賃貸のため対象外,,2026-08-11,,https://suumo.jp/chintai/jnc_000106884082/?bc=100505114037,不適合
SUUMO 賃貸 三島市,三島市,賃貸アパート,賃貸カテゴリ（掲載種別）,静岡県三島市南田町,4.7,30.2,,5,田,—,,—,賃貸のため対象外,,2026-08-11,,https://suumo.jp/chintai/jnc_000108441519/?bc=100516512914,適合
SUUMO 賃貸 三島市,三島市,賃貸アパート,賃貸カテゴリ（掲載種別）,静岡県三島市南田町,4.9,30.2,,5,田,—,,—,賃貸のため対象外,,2026-07-25,,https://suumo.jp/chintai/jnc_000094636974/?bc=100514363651,適合
SUUMO 賃貸 三島市,三島市,賃貸アパート,賃貸カテゴリ（掲載種別）,静岡県三島市加茂,6.5,50.4,,5,—,—,,—,賃貸のため対象外,,2026-08-11,,https://suumo.jp/chintai/jnc_000106659736/?bc=100507801131,不適合
SUUMO 賃貸 三島市,三島市,賃貸アパート,賃貸カテゴリ（掲載種別）,静岡県三島市加茂,6.7,50.4,,5,—,—,,—,賃貸のため対象外,,2026-08-11,,https://suumo.jp/chintai/jnc_000099519971/?bc=100419473414,不適合
SUUMO 賃貸 三島市,三島市,賃貸アパート,賃貸カテゴリ（掲載種別）,静岡県三島市加茂,6.7,50.4,,5,—,—,,—,賃貸のため対象外,,2026-08-11,,https://suumo.jp/chintai/jnc_000107005971/?bc=100505615108,不適合
SUUMO 賃貸 三島市,三島市,賃貸マンション,賃貸カテゴリ（掲載種別）,静岡県三島市長伏,6.5,67.3,,5,—,—,,—,賃貸のため対象外,,2026-08-11,,https://suumo.jp/chintai/jnc_000104428127/?bc=100498432753,不適合
SUUMO 賃貸 三島市,三島市,賃貸マンション,賃貸カテゴリ（掲載種別）,静岡県三島市三好町,6.8,55.8,,5,—,—,,—,賃貸のため対象外,,2026-08-11,,https://suumo.jp/chintai/jnc_000100873644/?bc=100465617301,不適合
SUUMO 賃貸 三島市,三島市,賃貸マンション,賃貸カテゴリ（掲載種別）,静岡県三島市三好町,6.8,55.8,,5,—,—,,—,賃貸のため対象外,,2026-08-10,,https://suumo.jp/chintai/jnc_000103532139/?bc=100478169284,不適合
SUUMO 賃貸 三島市,三島市,賃貸マンション,賃貸カテゴリ（掲載種別）,静岡県三島市三好町,6.8,55.8,,5,—,—,,—,賃貸のため対象外,,2026-08-08,,https://suumo.jp/chintai/jnc_000087115780/?bc=100383599259,不適合
SUUMO 賃貸 三島市,三島市,賃貸マンション,賃貸カテゴリ（掲載種別）,静岡県三島市三好町,6.8,54.5,,5,—,—,,—,賃貸のため対象外,,2026-08-11,,https://suumo.jp/chintai/jnc_000087115779/?bc=100516416603,不適合
SUUMO 賃貸 三島市,三島市,賃貸マンション,賃貸カテゴリ（掲載種別）,静岡県三島市栄町,6.8,39.7,,5,—,—,,—,賃貸のため対象外,,2026-08-07,,https://suumo.jp/chintai/jnc_000090941719/?bc=100465483580,不適合
SUUMO 賃貸 三島市,三島市,賃貸マンション,賃貸カテゴリ（掲載種別）,静岡県三島市栄町,7.0,39.7,,5,—,—,,—,賃貸のため対象外,,2026-08-09,,https://suumo.jp/chintai/jnc_000059048436/?bc=100503302282,不適合
SUUMO 賃貸 三島市,三島市,賃貸マンション,賃貸カテゴリ（掲載種別）,静岡県三島市新谷,10.1,77.1,,5,—,—,,—,賃貸のため対象外,,2026-08-11,,https://suumo.jp/chintai/jnc_000053552123/?bc=100521333272,不適合
SUUMO 賃貸 三島市,三島市,賃貸アパート,賃貸カテゴリ（掲載種別）,静岡県三島市安久,6.0,26.1,,5,—,—,,—,賃貸のため対象外,,2026-08-09,,https://suumo.jp/chintai/jnc_000108298022/?bc=100514629031,不適合
SUUMO 賃貸 三島市,三島市,賃貸アパート,賃貸カテゴリ（掲載種別）,静岡県三島市安久,6.1,26.1,,5,—,—,,—,賃貸のため対象外,,2026-08-09,,https://suumo.jp/chintai/jnc_000108298023/?bc=100514629303,不適合
SUUMO 賃貸 三島市,三島市,賃貸アパート,賃貸カテゴリ（掲載種別）,静岡県三島市安久,6.1,26.1,,5,—,—,,—,賃貸のため対象外,,2026-08-09,,https://suumo.jp/chintai/jnc_000108298019/?bc=100514629037,不適合
SUUMO 賃貸 三島市,三島市,賃貸マンション,賃貸カテゴリ（掲載種別）,静岡県三島市芝本町,4.7,26.4,,5,—,—,,—,賃貸のため対象外,,2026-08-11,,https://suumo.jp/chintai/jnc_000107324812/?bc=100507845608,適合
SUUMO 賃貸 三島市,三島市,賃貸マンション,賃貸カテゴリ（掲載種別）,静岡県三島市芝本町,4.8,28.0,,5,—,—,,—,賃貸のため対象外,,2026-08-11,,https://suumo.jp/chintai/jnc_000105780774/?bc=100514160961,適合
SUUMO 賃貸 三島市,三島市,賃貸マンション,賃貸カテゴリ（掲載種別）,静岡県三島市芝本町,4.8,26.0,,5,—,—,,—,賃貸のため対象外,,2026-07-25,,https://suumo.jp/chintai/jnc_000105469868/?bc=100505143288,適合
SUUMO 賃貸 三島市,三島市,賃貸マンション,賃貸カテゴリ（掲載種別）,静岡県三島市加茂川町,8.5,60.4,,5,—,—,,—,賃貸のため対象外,,2026-08-10,,https://suumo.jp/chintai/jnc_000107454647/?bc=100508800154,不適合
SUUMO 賃貸 三島市,三島市,賃貸マンション,賃貸カテゴリ（掲載種別）,静岡県三島市加茂川町,8.5,60.4,,5,—,—,,—,賃貸のため対象外,,2026-08-11,,https://suumo.jp/chintai/jnc_000107313176/?bc=100509079891,不適合
SUUMO 賃貸 三島市,三島市,賃貸アパート,賃貸カテゴリ（掲載種別）,静岡県三島市南二日町,5.2,28.8,,5,—,—,,—,賃貸のため対象外,,2026-08-11,,https://suumo.jp/chintai/jnc_000108701510/?bc=100518362581,不適合
SUUMO 賃貸 三島市,三島市,賃貸アパート,賃貸カテゴリ（掲載種別）,静岡県三島市南二日町,5.2,28.8,,5,—,—,,—,賃貸のため対象外,,2026-08-11,,https://suumo.jp/chintai/jnc_000106856831/?bc=100504506194,不適合
SUUMO 賃貸 三島市,三島市,賃貸マンション,賃貸カテゴリ（掲載種別）,静岡県三島市大宮町１,4.3,22.5,,5,—,—,,—,賃貸のため対象外,,2026-08-11,,https://suumo.jp/chintai/jnc_000089735888/?bc=100516827168,適合
SUUMO 賃貸 三島市,三島市,賃貸マンション,賃貸カテゴリ（掲載種別）,静岡県三島市大宮町１,4.5,25.7,,5,—,—,,—,賃貸のため対象外,,2026-08-11,,https://suumo.jp/chintai/jnc_000108748270/?bc=100518602808,適合
SUUMO 賃貸 三島市,三島市,賃貸マンション,賃貸カテゴリ（掲載種別）,静岡県三島市大宮町１,7.0,47.1,,5,—,—,,—,賃貸のため対象外,,2026-08-11,,https://suumo.jp/chintai/jnc_000105666274/?bc=100495254738,不適合
SUUMO 賃貸 三島市,三島市,賃貸マンション,賃貸カテゴリ（掲載種別）,静岡県三島市徳倉１,4.5,28.4,,5,—,—,,—,賃貸のため対象外,,2026-08-05,,https://suumo.jp/chintai/jnc_000075794159/?bc=100520343470,適合
SUUMO 賃貸 三島市,三島市,賃貸マンション,賃貸カテゴリ（掲載種別）,静岡県三島市一番町,6.7,36.3,,5,—,—,,—,賃貸のため対象外,,2026-08-11,,https://suumo.jp/chintai/jnc_000090164210/?bc=100515193587,不適合
SUUMO 賃貸 三島市,三島市,賃貸マンション,賃貸カテゴリ（掲載種別）,静岡県三島市川原ケ谷,7.0,101.1,,5,—,—,,—,賃貸のため対象外,,2026-08-07,,https://suumo.jp/chintai/jnc_000108580821/?bc=100517271517,不適合
SUUMO 賃貸 三島市,三島市,賃貸マンション,賃貸カテゴリ（掲載種別）,静岡県三島市川原ケ谷,7.7,101.1,,5,—,—,,—,賃貸のため対象外,,2026-08-07,,https://suumo.jp/chintai/jnc_000108580822/?bc=100495638510,不適合
SUUMO 賃貸 三島市,三島市,賃貸アパート,賃貸カテゴリ（掲載種別）,静岡県三島市中,4.5,24.3,,5,—,—,,—,賃貸のため対象外,,2026-07-25,,https://suumo.jp/chintai/jnc_000096169129/?bc=100444628775,適合
SUUMO 賃貸 三島市,三島市,賃貸マンション,賃貸カテゴリ（掲載種別）,静岡県三島市一番町,6.7,36.3,,5,—,—,,—,賃貸のため対象外,,2026-07-25,,https://suumo.jp/chintai/jnc_000090182877/?bc=100009401396,不適合
SUUMO 賃貸 三島市,三島市,賃貸マンション,賃貸カテゴリ（掲載種別）,静岡県三島市幸原町２,4.8,29.4,,5,—,—,,—,賃貸のため対象外,,2026-08-10,,https://suumo.jp/chintai/jnc_000107500629/?bc=100509129744,適合
SUUMO 賃貸 三島市,三島市,賃貸マンション,賃貸カテゴリ（掲載種別）,静岡県三島市幸原町２,4.8,29.4,,5,—,—,,—,賃貸のため対象外,,2026-08-11,,https://suumo.jp/chintai/jnc_000108813442/?bc=100520470167,適合
SUUMO 賃貸 三島市,三島市,賃貸マンション,賃貸カテゴリ（掲載種別）,静岡県三島市幸原町２,4.9,29.4,,5,—,—,,—,賃貸のため対象外,,2026-08-10,,https://suumo.jp/chintai/jnc_000108209460/?bc=100514975483,適合
SUUMO 賃貸 三島市,三島市,賃貸マンション,賃貸カテゴリ（掲載種別）,静岡県三島市幸原町２,4.9,29.4,,5,—,—,,—,賃貸のため対象外,,2026-08-10,,https://suumo.jp/chintai/jnc_000107454648/?bc=100509343848,適合
SUUMO 賃貸 三島市,三島市,賃貸アパート,賃貸カテゴリ（掲載種別）,静岡県三島市栄町,5.2,26.1,,5,—,—,,—,賃貸のため対象外,,2026-07-25,,https://suumo.jp/chintai/jnc_000107233331/?bc=100507157218,不適合
SUUMO 賃貸 三島市,三島市,賃貸アパート,賃貸カテゴリ（掲載種別）,静岡県三島市栄町,5.2,26.1,,5,—,—,,—,賃貸のため対象外,,2026-08-10,,https://suumo.jp/chintai/jnc_000106468817/?bc=100501776057,不適合
SUUMO 賃貸 三島市,三島市,賃貸アパート,賃貸カテゴリ（掲載種別）,静岡県三島市栄町,5.2,26.1,,5,—,—,,—,賃貸のため対象外,,2026-08-01,,https://suumo.jp/chintai/jnc_000108918110/?bc=100520002834,不適合
SUUMO 賃貸 三島市,三島市,賃貸マンション,賃貸カテゴリ（掲載種別）,静岡県三島市徳倉,8.0,76.1,,5,—,—,,—,賃貸のため対象外,,2026-08-07,,https://suumo.jp/chintai/jnc_000109068534/?bc=100521023501,不適合
SUUMO 賃貸 三島市,三島市,賃貸マンション,賃貸カテゴリ（掲載種別）,静岡県三島市徳倉２,5.2,29.4,,5,—,—,,—,賃貸のため対象外,,2026-08-11,,https://suumo.jp/chintai/jnc_000108701509/?bc=100518450304,不適合
SUUMO 賃貸 三島市,三島市,賃貸アパート,賃貸カテゴリ（掲載種別）,静岡県三島市新谷,4.5,29.4,,5,—,—,,—,賃貸のため対象外,,2026-08-10,,https://suumo.jp/chintai/jnc_000050062282/?bc=100489140163,適合
SUUMO 賃貸 三島市,三島市,賃貸アパート,賃貸カテゴリ（掲載種別）,静岡県三島市新谷,4.7,29.2,,5,—,—,,—,賃貸のため対象外,,2026-08-11,,https://suumo.jp/chintai/jnc_000106593943/?bc=100476283722,適合
SUUMO 賃貸 三島市,三島市,賃貸アパート,賃貸カテゴリ（掲載種別）,静岡県三島市新谷,4.7,28.8,,5,—,—,,—,賃貸のため対象外,,2026-08-11,,https://suumo.jp/chintai/jnc_000050062283/?bc=100515260452,適合
SUUMO 賃貸 三島市,三島市,賃貸アパート,賃貸カテゴリ（掲載種別）,静岡県三島市徳倉４,5.8,51.0,,5,—,—,,—,賃貸のため対象外,,2026-08-11,,https://suumo.jp/chintai/jnc_000013953798/?bc=100173871014,不適合
SUUMO 賃貸 三島市,三島市,賃貸アパート,賃貸カテゴリ（掲載種別）,静岡県三島市徳倉４,5.8,51.0,,5,—,—,,—,賃貸のため対象外,,2026-08-11,,https://suumo.jp/chintai/jnc_000013953797/?bc=100220004885,不適合
SUUMO 賃貸 三島市,三島市,賃貸アパート,賃貸カテゴリ（掲載種別）,静岡県三島市梅名,4.3,38.9,,5,—,—,,—,賃貸のため対象外,,2026-08-07,,https://suumo.jp/chintai/jnc_000109051641/?bc=100520895830,適合
SUUMO 賃貸 三島市,三島市,賃貸戸建,賃貸カテゴリ（掲載種別）,静岡県三島市梅名,6.0,46.4,,5,—,—,,—,賃貸のため対象外,,2026-07-25,,https://suumo.jp/chintai/jnc_000106636856/?bc=100502964206,不適合
SUUMO 賃貸 三島市,三島市,賃貸アパート,賃貸カテゴリ（掲載種別）,静岡県三島市松本,7.05,40.9,,5,—,—,,—,賃貸のため対象外,,2026-08-10,,https://suumo.jp/chintai/jnc_000109030044/?bc=100520776860,不適合
SUUMO 賃貸 三島市,三島市,賃貸マンション,賃貸カテゴリ（掲載種別）,静岡県三島市柳郷地,4.5,28.0,,5,—,—,,—,賃貸のため対象外,,2026-07-25,,https://suumo.jp/chintai/jnc_000076946169/?bc=100501654290,適合
SUUMO 賃貸 三島市,三島市,賃貸アパート,賃貸カテゴリ（掲載種別）,静岡県三島市川原ケ谷,7.0,50.6,,5,—,—,,—,賃貸のため対象外,,2026-08-10,,https://suumo.jp/chintai/jnc_000108235226/?bc=100514997686,不適合
SUUMO 賃貸 三島市,三島市,賃貸アパート,賃貸カテゴリ（掲載種別）,静岡県三島市松本,6.5,62.1,,5,—,—,,—,賃貸のため対象外,,2026-08-11,,https://suumo.jp/chintai/jnc_000108735206/?bc=100518607187,不適合
SUUMO 賃貸 三島市,三島市,賃貸マンション,賃貸カテゴリ（掲載種別）,静岡県三島市東本町１,8.6,48.8,,5,—,—,,—,賃貸のため対象外,,2026-08-11,,https://suumo.jp/chintai/jnc_000106261950/?bc=100503854752,不適合
SUUMO 賃貸 三島市,三島市,賃貸マンション,賃貸カテゴリ（掲載種別）,静岡県三島市東本町１,8.6,48.8,,5,—,—,,—,賃貸のため対象外,,2026-08-07,,https://suumo.jp/chintai/jnc_000108939471/?bc=100520033043,不適合
SUUMO 賃貸 三島市,三島市,賃貸マンション,賃貸カテゴリ（掲載種別）,静岡県三島市徳倉,4.5,29.5,,5,—,—,,—,賃貸のため対象外,,2026-08-09,,https://suumo.jp/chintai/jnc_000055646428/?bc=100502814824,適合
SUUMO 賃貸 三島市,三島市,賃貸マンション,賃貸カテゴリ（掲載種別）,静岡県三島市徳倉,4.6,29.4,,5,—,—,,—,賃貸のため対象外,,2026-08-11,,https://suumo.jp/chintai/jnc_000022863712/?bc=100429787869,適合
SUUMO 賃貸 三島市,三島市,賃貸アパート,賃貸カテゴリ（掲載種別）,静岡県三島市松本,7.05,40.9,,5,—,—,,—,賃貸のため対象外,,2026-08-10,,https://suumo.jp/chintai/jnc_000109127011/?bc=100521482497,不適合
SUUMO 賃貸 三島市,三島市,賃貸マンション,賃貸カテゴリ（掲載種別）,静岡県三島市徳倉１,4.6,25.5,,5,—,—,,—,賃貸のため対象外,,2026-08-11,,https://suumo.jp/chintai/jnc_000069103913/?bc=100509677992,適合
SUUMO 賃貸 三島市,三島市,賃貸マンション,賃貸カテゴリ（掲載種別）,静岡県三島市徳倉１,4.6,25.5,,5,—,—,,—,賃貸のため対象外,,2026-08-11,,https://suumo.jp/chintai/jnc_000077754144/?bc=100518793193,適合
SUUMO 賃貸 三島市,三島市,賃貸マンション,賃貸カテゴリ（掲載種別）,静岡県三島市徳倉１,4.7,25.5,,5,—,—,,—,賃貸のため対象外,,2026-08-11,,https://suumo.jp/chintai/jnc_000060290567/?bc=100509678031,適合
SUUMO 賃貸 三島市,三島市,賃貸マンション,賃貸カテゴリ（掲載種別）,静岡県三島市徳倉１,4.7,25.5,,5,—,—,,—,賃貸のため対象外,,2026-08-11,,https://suumo.jp/chintai/jnc_000062750084/?bc=100509677987,適合
SUUMO 賃貸 三島市,三島市,賃貸マンション,賃貸カテゴリ（掲載種別）,静岡県三島市徳倉３,4.2,25.6,,5,—,—,,—,賃貸のため対象外,,2026-08-11,,https://suumo.jp/chintai/jnc_000063936112/?bc=100510544335,適合
SUUMO 賃貸 三島市,三島市,賃貸マンション,賃貸カテゴリ（掲載種別）,静岡県三島市徳倉３,4.5,29.3,,5,—,—,,—,賃貸のため対象外,,2026-08-09,,https://suumo.jp/chintai/jnc_000098694675/?bc=100506306064,適合
SUUMO 賃貸 三島市,三島市,賃貸アパート,賃貸カテゴリ（掲載種別）,静岡県三島市幸原町１,4.2,24.7,,5,—,—,,—,賃貸のため対象外,,2026-08-11,,https://suumo.jp/chintai/jnc_000107806031/?bc=100512368447,適合
SUUMO 賃貸 三島市,三島市,賃貸アパート,賃貸カテゴリ（掲載種別）,静岡県三島市徳倉２,4.1,39.3,,5,—,—,,—,賃貸のため対象外,,2026-08-10,,https://suumo.jp/chintai/jnc_000109117967/?bc=100512132630,適合
SUUMO 賃貸 三島市,三島市,賃貸アパート,賃貸カテゴリ（掲載種別）,静岡県三島市加茂,4.5,48.7,,5,—,—,,—,賃貸のため対象外,,2026-08-11,,https://suumo.jp/chintai/jnc_000108368425/?bc=100517092362,適合
SUUMO 賃貸 三島市,三島市,賃貸マンション,賃貸カテゴリ（掲載種別）,静岡県三島市文教町２,4.5,29.8,,5,—,—,,—,賃貸のため対象外,,2026-07-25,,https://suumo.jp/chintai/jnc_000056119139/?bc=100507197562,適合
SUUMO 賃貸 三島市,三島市,賃貸マンション,賃貸カテゴリ（掲載種別）,静岡県三島市文教町２,4.5,29.8,,5,—,—,,—,賃貸のため対象外,,2026-07-25,,https://suumo.jp/chintai/jnc_000056119138/?bc=100513163851,適合
SUUMO 賃貸 三島市,三島市,賃貸マンション,賃貸カテゴリ（掲載種別）,静岡県三島市梅名,3.9,58.7,,5,—,—,,—,賃貸のため対象外,,2026-07-31,,https://suumo.jp/chintai/jnc_000104098084/?bc=100469792440,適合
SUUMO 賃貸 三島市,三島市,賃貸マンション,賃貸カテゴリ（掲載種別）,静岡県三島市梅名,3.9,54.5,,5,—,—,,—,賃貸のため対象外,,2026-07-31,,https://suumo.jp/chintai/jnc_000108875344/?bc=100517969721,適合
SUUMO 賃貸 三島市,三島市,賃貸マンション,賃貸カテゴリ（掲載種別）,静岡県三島市梅名,3.9,54.5,,5,—,—,,—,賃貸のため対象外,,2026-07-31,,https://suumo.jp/chintai/jnc_000108875346/?bc=100517969723,適合
SUUMO 賃貸 三島市,三島市,賃貸マンション,賃貸カテゴリ（掲載種別）,静岡県三島市梅名,3.9,54.5,,5,—,—,,—,賃貸のため対象外,,2026-07-31,,https://suumo.jp/chintai/jnc_000108875345/?bc=100505844427,適合
SUUMO 賃貸 三島市,三島市,賃貸マンション,賃貸カテゴリ（掲載種別）,静岡県三島市梅名,4.2,54.5,,5,—,—,,—,賃貸のため対象外,,2026-07-31,,https://suumo.jp/chintai/jnc_000103613402/?bc=100478920020,適合
SUUMO 賃貸 三島市,三島市,賃貸マンション,賃貸カテゴリ（掲載種別）,静岡県三島市梅名,4.2,54.5,,5,—,—,,—,賃貸のため対象外,,2026-07-31,,https://suumo.jp/chintai/jnc_000103811106/?bc=100469262513,適合
SUUMO 賃貸 三島市,三島市,賃貸マンション,賃貸カテゴリ（掲載種別）,静岡県三島市梅名,4.3,54.5,,5,—,—,,—,賃貸のため対象外,,2026-07-31,,https://suumo.jp/chintai/jnc_000104098082/?bc=100445007926,適合
SUUMO 賃貸 三島市,三島市,賃貸アパート,賃貸カテゴリ（掲載種別）,静岡県三島市柳郷地,4.9,46.1,,5,—,—,,—,賃貸のため対象外,,2026-07-25,,https://suumo.jp/chintai/jnc_000107764152/?bc=100511193477,適合
SUUMO 賃貸 三島市,三島市,賃貸アパート,賃貸カテゴリ（掲載種別）,静岡県三島市柳郷地,5.0,46.1,,5,—,—,,—,賃貸のため対象外,,2026-07-25,,https://suumo.jp/chintai/jnc_000107764153/?bc=100511193502,適合
SUUMO 賃貸 三島市,三島市,賃貸マンション,賃貸カテゴリ（掲載種別）,静岡県三島市加茂川町,7.5,62.4,,5,—,—,,—,賃貸のため対象外,,2026-08-11,,https://suumo.jp/chintai/jnc_000107621125/?bc=100510388766,不適合
SUUMO 賃貸 三島市,三島市,賃貸マンション,賃貸カテゴリ（掲載種別）,静岡県三島市加茂川町,7.5,62.4,,5,—,—,,—,賃貸のため対象外,,2026-07-25,,https://suumo.jp/chintai/jnc_000107621126/?bc=100510131961,不適合
SUUMO 賃貸 三島市,三島市,賃貸その他,賃貸カテゴリ（掲載種別）,静岡県三島市加茂,11.5,111.7,,5,—,—,,—,賃貸のため対象外,,2026-08-10,,https://suumo.jp/chintai/jnc_000109117966/?bc=100521221789,不適合
SUUMO 賃貸 三島市,三島市,賃貸マンション,賃貸カテゴリ（掲載種別）,静岡県三島市梅名,5.0,48.1,,5,—,—,,—,賃貸のため対象外,,2026-08-07,,https://suumo.jp/chintai/jnc_000105547489/?bc=100494110780,適合
SUUMO 賃貸 三島市,三島市,賃貸マンション,賃貸カテゴリ（掲載種別）,静岡県三島市寿町,9.4,49.4,,5,—,—,,—,賃貸のため対象外,,2026-08-11,,https://suumo.jp/chintai/jnc_000107047445/?bc=100506939302,不適合
SUUMO 賃貸 三島市,三島市,賃貸アパート,賃貸カテゴリ（掲載種別）,静岡県三島市大場,4.2,38.9,,5,—,—,,—,賃貸のため対象外,,2026-08-05,,https://suumo.jp/chintai/jnc_000107940986/?bc=100520359036,適合
SUUMO 賃貸 三島市,三島市,賃貸アパート,賃貸カテゴリ（掲載種別）,静岡県三島市大場,4.2,38.9,,5,—,—,,—,賃貸のため対象外,,2026-08-03,,https://suumo.jp/chintai/jnc_000108235227/?bc=100512531979,適合
SUUMO 賃貸 三島市,三島市,賃貸アパート,賃貸カテゴリ（掲載種別）,静岡県三島市大場,4.5,38.9,,5,—,—,,—,賃貸のため対象外,,2026-08-03,,https://suumo.jp/chintai/jnc_000107940989/?bc=100508155901,適合
SUUMO 賃貸 三島市,三島市,賃貸アパート,賃貸カテゴリ（掲載種別）,静岡県三島市富士ビレッジ,4.8,39.7,,5,—,—,,—,賃貸のため対象外,,2026-08-11,,https://suumo.jp/chintai/jnc_000076156286/?bc=100500097119,適合
SUUMO 賃貸 三島市,三島市,賃貸マンション,賃貸カテゴリ（掲載種別）,静岡県三島市川原ケ谷,10.4,77.3,,5,—,—,,—,賃貸のため対象外,,2026-08-07,,https://suumo.jp/chintai/jnc_000105903719/?bc=100497398404,不適合
SUUMO 賃貸 三島市,三島市,賃貸マンション,賃貸カテゴリ（掲載種別）,静岡県三島市川原ケ谷,10.4,72.3,,5,—,—,,—,賃貸のため対象外,,2026-08-07,,https://suumo.jp/chintai/jnc_000050988916/?bc=100497835952,不適合
SUUMO 賃貸 三島市,三島市,賃貸マンション,賃貸カテゴリ（掲載種別）,静岡県三島市谷田,6.0,59.1,,5,田,—,,—,賃貸のため対象外,,2026-07-25,,https://suumo.jp/chintai/jnc_000108193409/?bc=100514731203,不適合
SUUMO 賃貸 三島市,三島市,賃貸マンション,賃貸カテゴリ（掲載種別）,静岡県三島市谷田,5.5,52.2,,5,田,—,,—,賃貸のため対象外,,2026-07-25,,https://suumo.jp/chintai/jnc_000031792177/?bc=100514731208,不適合
SUUMO 賃貸 三島市,三島市,賃貸マンション,賃貸カテゴリ（掲載種別）,静岡県三島市大社町,4.0,26.4,,5,—,—,,—,賃貸のため対象外,,2026-08-11,,https://suumo.jp/chintai/jnc_000039851686/?bc=100150292593,適合
SUUMO 賃貸 三島市,三島市,賃貸アパート,賃貸カテゴリ（掲載種別）,静岡県三島市壱町田,3.5,27.1,,5,田,—,,—,賃貸のため対象外,,2026-08-10,,https://suumo.jp/chintai/jnc_000102151804/?bc=100521375993,適合
SUUMO 賃貸 三島市,三島市,賃貸マンション,賃貸カテゴリ（掲載種別）,静岡県三島市大宮町３,4.25,24.7,,5,—,—,,—,賃貸のため対象外,,2026-07-25,,https://suumo.jp/chintai/jnc_000037297717/?bc=100444349675,適合
SUUMO 賃貸 三島市,三島市,賃貸マンション,賃貸カテゴリ（掲載種別）,静岡県三島市大宮町３,4.25,24.7,,5,—,—,,—,賃貸のため対象外,,2026-07-25,,https://suumo.jp/chintai/jnc_000055895372/?bc=100444349674,適合
SUUMO 賃貸 三島市,三島市,賃貸マンション,賃貸カテゴリ（掲載種別）,静岡県三島市大宮町３,4.25,24.7,,5,—,—,,—,賃貸のため対象外,,2026-07-25,,https://suumo.jp/chintai/jnc_000038776599/?bc=100444349677,適合
SUUMO 賃貸 三島市,三島市,賃貸マンション,賃貸カテゴリ（掲載種別）,静岡県三島市大宮町３,4.25,24.2,,5,—,—,,—,賃貸のため対象外,,2026-07-25,,https://suumo.jp/chintai/jnc_000037083074/?bc=100444349673,適合
SUUMO 賃貸 三島市,三島市,賃貸マンション,賃貸カテゴリ（掲載種別）,静岡県三島市大宮町３,4.25,24.2,,5,—,—,,—,賃貸のため対象外,,2026-07-25,,https://suumo.jp/chintai/jnc_000033348139/?bc=100444349678,適合
SUUMO 賃貸 三島市,三島市,賃貸マンション,賃貸カテゴリ（掲載種別）,静岡県三島市幸原町２,4.0,23.2,,5,—,—,,—,賃貸のため対象外,,2026-08-11,,https://suumo.jp/chintai/jnc_000106416368/?bc=100511914273,適合
SUUMO 賃貸 三島市,三島市,賃貸マンション,賃貸カテゴリ（掲載種別）,静岡県三島市幸原町２,4.0,23.2,,5,—,—,,—,賃貸のため対象外,,2026-08-11,,https://suumo.jp/chintai/jnc_000105909703/?bc=100513062207,適合
SUUMO 賃貸 三島市,三島市,賃貸マンション,賃貸カテゴリ（掲載種別）,静岡県三島市幸原町２,4.0,23.2,,5,—,—,,—,賃貸のため対象外,,2026-08-11,,https://suumo.jp/chintai/jnc_000108927934/?bc=100501496973,適合
SUUMO 賃貸 三島市,三島市,賃貸マンション,賃貸カテゴリ（掲載種別）,静岡県三島市幸原町２,4.0,23.2,,5,—,—,,—,賃貸のため対象外,,2026-08-08,,https://suumo.jp/chintai/jnc_000055609550/?bc=100496414363,適合
SUUMO 賃貸 三島市,三島市,賃貸マンション,賃貸カテゴリ（掲載種別）,静岡県三島市幸原町２,4.1,23.2,,5,—,—,,—,賃貸のため対象外,,2026-08-11,,https://suumo.jp/chintai/jnc_000107965783/?bc=100517807545,適合
SUUMO 賃貸 三島市,三島市,賃貸マンション,賃貸カテゴリ（掲載種別）,静岡県三島市幸原町２,4.1,23.2,,5,—,—,,—,賃貸のため対象外,,2026-08-10,,https://suumo.jp/chintai/jnc_000108927935/?bc=100512798830,適合
SUUMO 賃貸 三島市,三島市,賃貸アパート,賃貸カテゴリ（掲載種別）,静岡県三島市松本,4.3,42.6,,5,—,—,,—,賃貸のため対象外,,2026-08-11,,https://suumo.jp/chintai/jnc_000108354155/?bc=100512331498,適合
SUUMO 賃貸 三島市,三島市,賃貸アパート,賃貸カテゴリ（掲載種別）,静岡県三島市松本,4.6,42.6,,5,—,—,,—,賃貸のため対象外,,2026-08-11,,https://suumo.jp/chintai/jnc_000107756301/?bc=100511129721,適合
SUUMO 賃貸 三島市,三島市,賃貸アパート,賃貸カテゴリ（掲載種別）,静岡県三島市文教町２,4.0,23.0,,5,—,—,,—,賃貸のため対象外,,2026-08-09,,https://suumo.jp/chintai/jnc_000109115611/?bc=100521371616,適合
SUUMO 賃貸 三島市,三島市,賃貸マンション,賃貸カテゴリ（掲載種別）,静岡県三島市南町,4.8,39.6,,5,—,—,,—,賃貸のため対象外,,2026-08-11,,https://suumo.jp/chintai/jnc_000108635742/?bc=100517712630,適合
SUUMO 賃貸 三島市,三島市,賃貸アパート,賃貸カテゴリ（掲載種別）,静岡県三島市東本町２,3.5,27.3,,5,田,—,,—,賃貸のため対象外,,2026-07-25,,https://suumo.jp/chintai/jnc_000103696968/?bc=100479840505,適合
SUUMO 賃貸 三島市,三島市,賃貸アパート,賃貸カテゴリ（掲載種別）,静岡県三島市東本町２,3.8,27.3,,5,田,—,,—,賃貸のため対象外,,2026-08-02,,https://suumo.jp/chintai/jnc_000108933000/?bc=100520172563,適合
SUUMO 賃貸 三島市,三島市,賃貸アパート,賃貸カテゴリ（掲載種別）,静岡県三島市東本町２,4.5,39.3,,5,田,—,,—,賃貸のため対象外,,2026-08-02,,https://suumo.jp/chintai/jnc_000095678801/?bc=100520172590,適合
SUUMO 賃貸 三島市,三島市,賃貸その他,賃貸カテゴリ（掲載種別）,静岡県三島市加茂,7.7,72.6,,5,—,—,,—,賃貸のため対象外,,2026-08-10,,https://suumo.jp/chintai/jnc_000108067136/?bc=100520128133,不適合
SUUMO 賃貸 三島市,三島市,賃貸アパート,賃貸カテゴリ（掲載種別）,静岡県三島市壱町田,3.5,27.1,,5,田,—,,—,賃貸のため対象外,,2026-08-08,,https://suumo.jp/chintai/jnc_000099394820/?bc=100521221774,適合
SUUMO 賃貸 三島市,三島市,賃貸アパート,賃貸カテゴリ（掲載種別）,静岡県三島市徳倉４,4.3,30.3,,5,—,—,,—,賃貸のため対象外,,2026-08-10,,https://suumo.jp/chintai/jnc_000107196238/?bc=100506939297,適合
SUUMO 賃貸 三島市,三島市,賃貸アパート,賃貸カテゴリ（掲載種別）,静岡県三島市柳郷地,3.6,25.9,,5,—,—,,—,賃貸のため対象外,,2026-08-11,,https://suumo.jp/chintai/jnc_000022764161/?bc=100487090461,適合
SUUMO 賃貸 三島市,三島市,賃貸アパート,賃貸カテゴリ（掲載種別）,静岡県三島市柳郷地,3.6,25.9,,5,—,—,,—,賃貸のため対象外,,2026-08-10,,https://suumo.jp/chintai/jnc_000107717778/?bc=100510919487,適合
SUUMO 賃貸 三島市,三島市,賃貸アパート,賃貸カテゴリ（掲載種別）,静岡県三島市柳郷地,4.2,25.9,,5,—,—,,—,賃貸のため対象外,,2026-08-10,,https://suumo.jp/chintai/jnc_000108457749/?bc=100510919657,適合
SUUMO 賃貸 三島市,三島市,賃貸マンション,賃貸カテゴリ（掲載種別）,静岡県三島市中央町,8.0,63.8,,5,—,—,,—,賃貸のため対象外,,2026-08-11,,https://suumo.jp/chintai/jnc_000030629348/?bc=100518234626,不適合
SUUMO 賃貸 三島市,三島市,賃貸マンション,賃貸カテゴリ（掲載種別）,静岡県三島市東本町２,4.1,27.1,,5,—,—,,—,賃貸のため対象外,,2026-08-11,,https://suumo.jp/chintai/jnc_000105828278/?bc=100497481813,適合
SUUMO 賃貸 三島市,三島市,賃貸マンション,賃貸カテゴリ（掲載種別）,静岡県三島市東本町２,4.1,27.1,,5,—,—,,—,賃貸のため対象外,,2026-08-11,,https://suumo.jp/chintai/jnc_000103034036/?bc=100496517432,適合
SUUMO 賃貸 三島市,三島市,賃貸アパート,賃貸カテゴリ（掲載種別）,静岡県三島市壱町田,3.5,27.1,,5,田,—,,—,賃貸のため対象外,,2026-08-11,,https://suumo.jp/chintai/jnc_000107597469/?bc=100509963723,適合
SUUMO 賃貸 三島市,三島市,賃貸アパート,賃貸カテゴリ（掲載種別）,静岡県三島市壱町田,3.5,27.1,,5,田,—,,—,賃貸のため対象外,,2026-08-11,,https://suumo.jp/chintai/jnc_000102170371/?bc=100467143411,適合
SUUMO 賃貸 三島市,三島市,賃貸アパート,賃貸カテゴリ（掲載種別）,静岡県三島市中,3.5,21.7,,5,—,—,,—,賃貸のため対象外,,2026-08-07,,https://suumo.jp/chintai/jnc_000104617171/?bc=100491273787,適合
SUUMO 賃貸 三島市,三島市,賃貸アパート,賃貸カテゴリ（掲載種別）,静岡県三島市中,3.5,21.7,,5,—,—,,—,賃貸のため対象外,,2026-08-07,,https://suumo.jp/chintai/jnc_000104617170/?bc=100491273899,適合
SUUMO 賃貸 三島市,三島市,賃貸アパート,賃貸カテゴリ（掲載種別）,静岡県三島市中,3.5,21.7,,5,—,—,,—,賃貸のため対象外,,2026-08-07,,https://suumo.jp/chintai/jnc_000104617175/?bc=100491273972,適合
SUUMO 賃貸 三島市,三島市,賃貸アパート,賃貸カテゴリ（掲載種別）,静岡県三島市中,3.5,21.7,,5,—,—,,—,賃貸のため対象外,,2026-08-07,,https://suumo.jp/chintai/jnc_000104617176/?bc=100491273329,適合
SUUMO 賃貸 三島市,三島市,賃貸アパート,賃貸カテゴリ（掲載種別）,静岡県三島市中,3.5,21.7,,5,—,—,,—,賃貸のため対象外,,2026-08-07,,https://suumo.jp/chintai/jnc_000104617177/?bc=100491273205,適合
SUUMO 賃貸 三島市,三島市,賃貸アパート,賃貸カテゴリ（掲載種別）,静岡県三島市中,3.5,21.7,,5,—,—,,—,賃貸のため対象外,,2026-08-07,,https://suumo.jp/chintai/jnc_000104617172/?bc=100491273734,適合
SUUMO 賃貸 三島市,三島市,賃貸アパート,賃貸カテゴリ（掲載種別）,静岡県三島市中,3.5,21.4,,5,—,—,,—,賃貸のため対象外,,2026-08-07,,https://suumo.jp/chintai/jnc_000104617178/?bc=100491273160,適合
SUUMO 賃貸 三島市,三島市,賃貸アパート,賃貸カテゴリ（掲載種別）,静岡県三島市中,3.5,21.4,,5,—,—,,—,賃貸のため対象外,,2026-08-07,,https://suumo.jp/chintai/jnc_000104617173/?bc=100491274053,適合
SUUMO 賃貸 三島市,三島市,賃貸アパート,賃貸カテゴリ（掲載種別）,静岡県三島市中,3.8,26.4,,5,—,—,,—,賃貸のため対象外,,2026-08-11,,https://suumo.jp/chintai/jnc_000104617174/?bc=100486830354,適合
SUUMO 賃貸 三島市,三島市,賃貸アパート,賃貸カテゴリ（掲載種別）,静岡県三島市中,3.8,26.4,,5,—,—,,—,賃貸のため対象外,,2026-08-07,,https://suumo.jp/chintai/jnc_000104617179/?bc=100491274109,適合
SUUMO 賃貸 三島市,三島市,賃貸アパート,賃貸カテゴリ（掲載種別）,静岡県三島市文教町２,3.5,22.5,,5,—,—,,—,賃貸のため対象外,,2026-07-25,,https://suumo.jp/chintai/jnc_000047616980/?bc=100462597208,適合
SUUMO 賃貸 三島市,三島市,賃貸アパート,賃貸カテゴリ（掲載種別）,静岡県三島市文教町２,3.5,22.5,,5,—,—,,—,賃貸のため対象外,,2026-07-25,,https://suumo.jp/chintai/jnc_000095141944/?bc=100462597207,適合
SUUMO 賃貸 三島市,三島市,賃貸アパート,賃貸カテゴリ（掲載種別）,静岡県三島市文教町２,3.5,22.5,,5,—,—,,—,賃貸のため対象外,,2026-07-25,,https://suumo.jp/chintai/jnc_000095141946/?bc=100462597203,適合
SUUMO 賃貸 三島市,三島市,賃貸マンション,賃貸カテゴリ（掲載種別）,静岡県三島市幸原町１,3.7,21.8,,5,—,—,,—,賃貸のため対象外,,2026-07-25,,https://suumo.jp/chintai/jnc_000055828601/?bc=100489746912,適合
SUUMO 賃貸 三島市,三島市,賃貸マンション,賃貸カテゴリ（掲載種別）,静岡県三島市幸原町１,3.7,21.8,,5,—,—,,—,賃貸のため対象外,,2026-07-25,,https://suumo.jp/chintai/jnc_000055293081/?bc=100486938262,適合
SUUMO 賃貸 三島市,三島市,賃貸アパート,賃貸カテゴリ（掲載種別）,静岡県三島市中島,3.5,35.9,,5,—,—,,—,賃貸のため対象外,,2026-08-08,,https://suumo.jp/chintai/jnc_000097450040/?bc=100517672843,適合
SUUMO 賃貸 三島市,三島市,賃貸アパート,賃貸カテゴリ（掲載種別）,静岡県三島市徳倉２,4.1,26.9,,5,—,—,,—,賃貸のため対象外,,2026-08-11,,https://suumo.jp/chintai/jnc_000108905123/?bc=100519906111,適合
SUUMO 賃貸 三島市,三島市,賃貸マンション,賃貸カテゴリ（掲載種別）,静岡県三島市栄町,4.0,24.8,,5,—,—,,—,賃貸のため対象外,,2026-07-25,,https://suumo.jp/chintai/jnc_000102720752/?bc=100440153195,適合
SUUMO 賃貸 三島市,三島市,賃貸アパート,賃貸カテゴリ（掲載種別）,静岡県三島市幸原町２,4.0,26.1,,5,—,—,,—,賃貸のため対象外,,2026-08-11,,https://suumo.jp/chintai/jnc_000075556626/?bc=100183085816,適合
SUUMO 賃貸 三島市,三島市,賃貸マンション,賃貸カテゴリ（掲載種別）,静岡県三島市寿町,4.0,22.3,,5,—,—,,—,賃貸のため対象外,,2026-08-08,,https://suumo.jp/chintai/jnc_000095021275/?bc=100521221775,適合
SUUMO 賃貸 三島市,三島市,賃貸アパート,賃貸カテゴリ（掲載種別）,静岡県三島市加屋町,11.8,64.5,,5,—,—,,—,賃貸のため対象外,,2026-08-11,,https://suumo.jp/chintai/jnc_000107978887/?bc=100493808798,不適合
SUUMO 賃貸 三島市,三島市,賃貸アパート,賃貸カテゴリ（掲載種別）,静岡県三島市加屋町,12.2,66.4,,5,—,—,,—,賃貸のため対象外,,2026-08-11,,https://suumo.jp/chintai/jnc_000107978888/?bc=100496201071,不適合
SUUMO 賃貸 三島市,三島市,賃貸アパート,賃貸カテゴリ（掲載種別）,静岡県三島市加屋町,12.4,64.5,,5,—,—,,—,賃貸のため対象外,,2026-08-11,,https://suumo.jp/chintai/jnc_000107978889/?bc=100496201156,不適合
SUUMO 賃貸 三島市,三島市,賃貸アパート,賃貸カテゴリ（掲載種別）,静岡県三島市加屋町,12.5,64.5,,5,—,—,,—,賃貸のため対象外,,2026-08-11,,https://suumo.jp/chintai/jnc_000107978891/?bc=100493918050,不適合
SUUMO 賃貸 三島市,三島市,賃貸アパート,賃貸カテゴリ（掲載種別）,静岡県三島市加屋町,12.6,66.4,,5,—,—,,—,賃貸のため対象外,,2026-08-11,,https://suumo.jp/chintai/jnc_000108073536/?bc=100496201102,不適合
SUUMO 賃貸 三島市,三島市,賃貸アパート,賃貸カテゴリ（掲載種別）,静岡県三島市加屋町,12.7,65.2,,5,—,—,,—,賃貸のため対象外,,2026-08-11,,https://suumo.jp/chintai/jnc_000107978890/?bc=100496201137,不適合
SUUMO 賃貸 三島市,三島市,賃貸マンション,賃貸カテゴリ（掲載種別）,静岡県三島市西本町,3.3,20.2,,5,—,—,,—,賃貸のため対象外,,2026-08-11,,https://suumo.jp/chintai/jnc_000075031650/?bc=100465618712,適合
SUUMO 賃貸 三島市,三島市,賃貸アパート,賃貸カテゴリ（掲載種別）,静岡県三島市長伏,4.0,39.7,,5,—,—,,—,賃貸のため対象外,,2026-08-11,,https://suumo.jp/chintai/jnc_000107940990/?bc=100512563365,適合
SUUMO 賃貸 三島市,三島市,賃貸アパート,賃貸カテゴリ（掲載種別）,静岡県三島市長伏,4.0,39.7,,5,—,—,,—,賃貸のため対象外,,2026-08-11,,https://suumo.jp/chintai/jnc_000107940992/?bc=100512563417,適合
SUUMO 賃貸 三島市,三島市,賃貸アパート,賃貸カテゴリ（掲載種別）,静岡県三島市徳倉１,3.3,22.7,,5,—,—,,—,賃貸のため対象外,,2026-08-11,,https://suumo.jp/chintai/jnc_000082394604/?bc=100518685332,適合
SUUMO 賃貸 三島市,三島市,賃貸アパート,賃貸カテゴリ（掲載種別）,静岡県三島市芝本町,8.5,52.0,,5,—,—,,—,賃貸のため対象外,,2026-08-07,,https://suumo.jp/chintai/jnc_000108994347/?bc=100520621969,不適合
SUUMO 賃貸 三島市,三島市,賃貸戸建,賃貸カテゴリ（掲載種別）,静岡県三島市松本,12.5,81.0,,5,—,—,,—,賃貸のため対象外,,2026-08-10,,https://suumo.jp/chintai/jnc_000106849991/?bc=100501602503,不適合
SUUMO 賃貸 三島市,三島市,賃貸戸建,賃貸カテゴリ（掲載種別）,静岡県三島市松本,12.5,81.0,,5,—,—,,—,賃貸のため対象外,,2026-08-09,,https://suumo.jp/chintai/jnc_000107907188/?bc=100512288974,不適合
SUUMO 賃貸 三島市,三島市,賃貸マンション,賃貸カテゴリ（掲載種別）,静岡県三島市谷田,3.9,13.2,,5,田,—,,—,賃貸のため対象外,,2026-07-25,,https://suumo.jp/chintai/jnc_000082051846/?bc=100479104515,適合
SUUMO 賃貸 三島市,三島市,賃貸マンション,賃貸カテゴリ（掲載種別）,静岡県三島市幸原町１,2.6,19.5,,5,—,—,,—,賃貸のため対象外,,2026-08-11,,https://suumo.jp/chintai/jnc_000101706348/?bc=100374016423,適合
SUUMO 賃貸 三島市,三島市,賃貸マンション,賃貸カテゴリ（掲載種別）,静岡県三島市幸原町１,2.6,19.5,,5,—,—,,—,賃貸のため対象外,,2026-08-09,,https://suumo.jp/chintai/jnc_000109106987/?bc=100479724642,適合
SUUMO 賃貸 三島市,三島市,賃貸マンション,賃貸カテゴリ（掲載種別）,静岡県三島市幸原町１,2.6,18.0,,5,—,—,,—,賃貸のため対象外,,2026-08-09,,https://suumo.jp/chintai/jnc_000109106988/?bc=100518013652,適合
SUUMO 賃貸 三島市,三島市,賃貸マンション,賃貸カテゴリ（掲載種別）,静岡県三島市幸原町１,2.6,18.0,,5,—,—,,—,賃貸のため対象外,,2026-08-09,,https://suumo.jp/chintai/jnc_000101706345/?bc=100349364277,適合
SUUMO 賃貸 三島市,三島市,賃貸マンション,賃貸カテゴリ（掲載種別）,静岡県三島市幸原町１,2.6,18.0,,5,—,—,,—,賃貸のため対象外,,2026-08-09,,https://suumo.jp/chintai/jnc_000101706349/?bc=100289841983,適合
SUUMO 賃貸 三島市,三島市,賃貸アパート,賃貸カテゴリ（掲載種別）,静岡県三島市徳倉３,2.9,18.6,,5,—,—,,—,賃貸のため対象外,,2026-08-09,,https://suumo.jp/chintai/jnc_000107814090/?bc=100520141055,適合
SUUMO 賃貸 三島市,三島市,賃貸アパート,賃貸カテゴリ（掲載種別）,静岡県三島市徳倉３,2.9,18.6,,5,—,—,,—,賃貸のため対象外,,2026-08-07,,https://suumo.jp/chintai/jnc_000107814088/?bc=100414594345,適合
SUUMO 賃貸 三島市,三島市,賃貸アパート,賃貸カテゴリ（掲載種別）,静岡県三島市谷田,3.7,28.9,,5,田,—,,—,賃貸のため対象外,,2026-08-09,,https://suumo.jp/chintai/jnc_000062867996/?bc=100520598197,適合
SUUMO 賃貸 三島市,三島市,賃貸マンション,賃貸カテゴリ（掲載種別）,静岡県三島市芝本町,3.7,29.4,,5,—,—,,—,賃貸のため対象外,,2026-08-11,,https://suumo.jp/chintai/jnc_000103728035/?bc=100482959809,適合
SUUMO 賃貸 三島市,三島市,賃貸戸建,賃貸カテゴリ（掲載種別）,静岡県三島市幸原町１,13.8,107.9,,5,—,—,,—,賃貸のため対象外,,2026-07-27,,https://suumo.jp/chintai/jnc_000108742906/?bc=100495613946,不適合
SUUMO 賃貸 三島市,三島市,賃貸マンション,賃貸カテゴリ（掲載種別）,静岡県三島市寿町,14.0,65.3,,5,—,—,,—,賃貸のため対象外,,2026-08-11,,https://suumo.jp/chintai/jnc_000108761132/?bc=100519265029,不適合
SUUMO 賃貸 三島市,三島市,賃貸マンション,賃貸カテゴリ（掲載種別）,静岡県三島市寿町,14.2,65.3,,5,—,—,,—,賃貸のため対象外,,2026-08-11,,https://suumo.jp/chintai/jnc_000108644351/?bc=100516456517,不適合
SUUMO 賃貸 三島市,三島市,賃貸マンション,賃貸カテゴリ（掲載種別）,静岡県三島市一番町,8.0,36.4,,5,—,—,,—,賃貸のため対象外,,2026-07-25,,https://suumo.jp/chintai/jnc_000094911195/?bc=100439248899,不適合
SUUMO 賃貸 三島市,三島市,賃貸マンション,賃貸カテゴリ（掲載種別）,静岡県三島市中央町,16.0,57.6,,5,—,—,,—,賃貸のため対象外,,2026-08-11,,https://suumo.jp/chintai/jnc_000108167661/?bc=100514783229,不適合
SUUMO 賃貸 三島市,三島市,賃貸マンション,賃貸カテゴリ（掲載種別）,静岡県三島市中央町,16.2,57.6,,5,—,—,,—,賃貸のため対象外,,2026-07-29,,https://suumo.jp/chintai/jnc_000108145989/?bc=100514363663,不適合
SUUMO 賃貸 三島市,三島市,賃貸マンション,賃貸カテゴリ（掲載種別）,静岡県三島市一番町,14.0,88.3,,5,—,—,,—,賃貸のため対象外,,2026-08-02,,https://suumo.jp/chintai/jnc_000105179096/?bc=100491168346,不適合
SUUMO 賃貸 三島市,三島市,賃貸マンション,賃貸カテゴリ（掲載種別）,静岡県三島市一番町,17.4,85.7,,5,—,—,,—,賃貸のため対象外,,2026-08-11,,https://suumo.jp/chintai/jnc_000108735202/?bc=100518474747,不適合
SUUMO 賃貸 三島市,三島市,賃貸戸建,賃貸カテゴリ（掲載種別）,静岡県三島市谷田,9.0,135.8,,5,田,—,,—,賃貸のため対象外,,2026-07-29,関心:戸建,https://suumo.jp/chintai/jnc_000087235297/?bc=100519264632,不適合
SUUMO 賃貸 三島市,三島市,賃貸マンション,賃貸カテゴリ（掲載種別）,静岡県三島市谷田,5.2,63.0,,5,田,—,,—,賃貸のため対象外,,2026-08-09,,https://suumo.jp/chintai/jnc_000108368426/?bc=100519788248,不適合
SUUMO 賃貸 三島市,三島市,賃貸アパート,賃貸カテゴリ（掲載種別）,静岡県三島市谷田,6.2,74.0,,5,田,—,,—,賃貸のため対象外,,2026-08-11,,https://suumo.jp/chintai/jnc_000108987854/?bc=100488487031,不適合
SUUMO 賃貸 三島市,三島市,賃貸アパート,賃貸カテゴリ（掲載種別）,静岡県三島市谷田,6.2,74.0,,5,田,—,,—,賃貸のため対象外,,2026-08-11,,https://suumo.jp/chintai/jnc_000108987853/?bc=100465617174,不適合
SUUMO 賃貸 三島市,三島市,賃貸マンション,賃貸カテゴリ（掲載種別）,静岡県三島市谷田,6.2,53.3,,5,田,—,,—,賃貸のため対象外,,2026-08-11,,https://suumo.jp/chintai/jnc_000105713827/?bc=100502814801,不適合
SUUMO 賃貸 三島市,三島市,賃貸アパート,賃貸カテゴリ（掲載種別）,静岡県三島市徳倉３,5.7,44.7,,5,—,—,,—,賃貸のため対象外,,2026-08-09,,https://suumo.jp/chintai/jnc_000106424743/?bc=100492378469,不適合
SUUMO 賃貸 三島市,三島市,賃貸アパート,賃貸カテゴリ（掲載種別）,静岡県三島市徳倉３,5.7,44.7,,5,—,—,,—,賃貸のため対象外,,2026-08-11,,https://suumo.jp/chintai/jnc_000106416369/?bc=100492323073,不適合
SUUMO 賃貸 三島市,三島市,賃貸マンション,賃貸カテゴリ（掲載種別）,静岡県三島市大社町,7.5,67.4,,5,—,—,,—,賃貸のため対象外,,2026-08-11,,https://suumo.jp/chintai/jnc_000067222609/?bc=100499220199,不適合
SUUMO 賃貸 三島市,三島市,賃貸マンション,賃貸カテゴリ（掲載種別）,静岡県三島市壱町田,6.1,65.5,,5,田,—,,—,賃貸のため対象外,,2026-08-11,,https://suumo.jp/chintai/jnc_000106029812/?bc=100399154347,不適合
SUUMO 賃貸 三島市,三島市,賃貸マンション,賃貸カテゴリ（掲載種別）,静岡県三島市壱町田,6.2,65.5,,5,田,—,,—,賃貸のため対象外,,2026-08-11,,https://suumo.jp/chintai/jnc_000106029813/?bc=100325455475,不適合
SUUMO 賃貸 三島市,三島市,賃貸アパート,賃貸カテゴリ（掲載種別）,静岡県三島市徳倉３,5.7,44.7,,5,—,—,,—,賃貸のため対象外,,2026-08-07,,https://suumo.jp/chintai/jnc_000106424746/?bc=100492100458,不適合
SUUMO 賃貸 三島市,三島市,賃貸マンション,賃貸カテゴリ（掲載種別）,静岡県三島市長伏,6.5,69.9,,5,—,—,,—,賃貸のため対象外,,2026-07-25,,https://suumo.jp/chintai/jnc_000107061094/?bc=100506015142,不適合
SUUMO 賃貸 三島市,三島市,賃貸アパート,賃貸カテゴリ（掲載種別）,静岡県三島市壱町田,5.6,48.4,,5,田,—,,—,賃貸のため対象外,,2026-08-10,,https://suumo.jp/chintai/jnc_000108411294/?bc=100516027701,不適合
SUUMO 賃貸 三島市,三島市,賃貸アパート,賃貸カテゴリ（掲載種別）,静岡県三島市壱町田,5.6,48.4,,5,田,—,,—,賃貸のため対象外,,2026-08-11,,https://suumo.jp/chintai/jnc_000108401614/?bc=100516132838,不適合
SUUMO 賃貸 三島市,三島市,賃貸マンション,賃貸カテゴリ（掲載種別）,静岡県三島市壱町田,6.3,65.5,,5,田,—,,—,賃貸のため対象外,,2026-07-25,,https://suumo.jp/chintai/jnc_000073872247/?bc=100280635614,不適合
SUUMO 賃貸 三島市,三島市,賃貸マンション,賃貸カテゴリ（掲載種別）,静岡県三島市長伏,5.0,57.3,,5,—,—,,—,賃貸のため対象外,,2026-08-11,,https://suumo.jp/chintai/jnc_000094277256/?bc=100387313242,適合
SUUMO 賃貸 三島市,三島市,賃貸マンション,賃貸カテゴリ（掲載種別）,静岡県三島市長伏,6.48,65.6,,5,—,—,,—,賃貸のため対象外,,2026-08-11,,https://suumo.jp/chintai/jnc_000108495941/?bc=100495786653,不適合
SUUMO 賃貸 三島市,三島市,賃貸マンション,賃貸カテゴリ（掲載種別）,静岡県三島市長伏,6.48,65.6,,5,—,—,,—,賃貸のため対象外,,2026-08-09,,https://suumo.jp/chintai/jnc_000103521154/?bc=100498432762,不適合
SUUMO 賃貸 三島市,三島市,賃貸マンション,賃貸カテゴリ（掲載種別）,静岡県三島市長伏,6.6,65.6,,5,—,—,,—,賃貸のため対象外,,2026-08-09,,https://suumo.jp/chintai/jnc_000105681828/?bc=100517866433,不適合
SUUMO 賃貸 三島市,三島市,賃貸マンション,賃貸カテゴリ（掲載種別）,静岡県三島市安久,6.5,59.5,,5,—,—,,—,賃貸のため対象外,,2026-07-28,,https://suumo.jp/chintai/jnc_000108803913/?bc=100519108142,不適合
SUUMO 賃貸 三島市,三島市,賃貸アパート,賃貸カテゴリ（掲載種別）,静岡県三島市谷田,5.9,37.8,,5,田,—,,—,賃貸のため対象外,,2026-08-11,,https://suumo.jp/chintai/jnc_000101322784/?bc=100465617515,不適合
SUUMO 賃貸 三島市,三島市,賃貸マンション,賃貸カテゴリ（掲載種別）,静岡県三島市壱町田,6.3,65.7,,5,田,—,,—,賃貸のため対象外,,2026-07-25,,https://suumo.jp/chintai/jnc_000104267410/?bc=100484287338,不適合
SUUMO 賃貸 三島市,三島市,賃貸マンション,賃貸カテゴリ（掲載種別）,静岡県三島市壱町田,6.3,65.7,,5,田,—,,—,賃貸のため対象外,,2026-07-25,,https://suumo.jp/chintai/jnc_000104267408/?bc=100484287340,不適合
SUUMO 賃貸 三島市,三島市,賃貸マンション,賃貸カテゴリ（掲載種別）,静岡県三島市壱町田,6.9,65.7,,5,田,—,,—,賃貸のため対象外,,2026-07-25,,https://suumo.jp/chintai/jnc_000102203666/?bc=100467414938,不適合
SUUMO 賃貸 三島市,三島市,賃貸マンション,賃貸カテゴリ（掲載種別）,静岡県三島市壱町田,6.9,65.7,,5,田,—,,—,賃貸のため対象外,,2026-07-25,,https://suumo.jp/chintai/jnc_000104267409/?bc=100484287337,不適合
SUUMO 賃貸 三島市,三島市,賃貸マンション,賃貸カテゴリ（掲載種別）,静岡県三島市壱町田,6.9,65.7,,5,田,—,,—,賃貸のため対象外,,2026-07-25,,https://suumo.jp/chintai/jnc_000102203665/?bc=100467414943,不適合
SUUMO 賃貸 三島市,三島市,賃貸アパート,賃貸カテゴリ（掲載種別）,静岡県三島市梅名,5.6,55.4,,5,—,—,,—,賃貸のため対象外,,2026-07-25,,https://suumo.jp/chintai/jnc_000107670769/?bc=100510561123,不適合
SUUMO 賃貸 三島市,三島市,賃貸アパート,賃貸カテゴリ（掲載種別）,静岡県三島市松本,5.4,51.7,,5,—,—,,—,賃貸のため対象外,,2026-08-10,,https://suumo.jp/chintai/jnc_000108379452/?bc=100516151207,不適合
SUUMO 賃貸 三島市,三島市,賃貸マンション,賃貸カテゴリ（掲載種別）,静岡県三島市多呂,6.5,66.0,,5,—,—,,—,賃貸のため対象外,,2026-08-11,,https://suumo.jp/chintai/jnc_000105426417/?bc=100493207069,不適合
SUUMO 賃貸 三島市,三島市,賃貸マンション,賃貸カテゴリ（掲載種別）,静岡県三島市多呂,6.6,66.0,,5,—,—,,—,賃貸のため対象外,,2026-08-11,,https://suumo.jp/chintai/jnc_000105426418/?bc=100493207070,不適合
SUUMO 賃貸 三島市,三島市,賃貸マンション,賃貸カテゴリ（掲載種別）,静岡県三島市多呂,6.7,66.0,,5,—,—,,—,賃貸のため対象外,,2026-08-11,,https://suumo.jp/chintai/jnc_000105426419/?bc=100493207068,不適合
SUUMO 賃貸 三島市,三島市,賃貸マンション,賃貸カテゴリ（掲載種別）,静岡県三島市谷田,6.0,59.6,,5,田,—,,—,賃貸のため対象外,,2026-08-05,,https://suumo.jp/chintai/jnc_000108856265/?bc=100519521373,不適合
SUUMO 賃貸 三島市,三島市,賃貸マンション,賃貸カテゴリ（掲載種別）,静岡県三島市青木,6.0,58.0,,5,—,—,,—,賃貸のため対象外,,2026-08-11,,https://suumo.jp/chintai/jnc_000108511456/?bc=100479409569,不適合
SUUMO 賃貸 三島市,三島市,賃貸マンション,賃貸カテゴリ（掲載種別）,静岡県三島市青木,6.0,58.0,,5,—,—,,—,賃貸のため対象外,,2026-08-11,,https://suumo.jp/chintai/jnc_000108511457/?bc=100500285081,不適合
SUUMO 賃貸 三島市,三島市,賃貸マンション,賃貸カテゴリ（掲載種別）,静岡県三島市青木,6.2,58.0,,5,—,—,,—,賃貸のため対象外,,2026-08-11,,https://suumo.jp/chintai/jnc_000064391962/?bc=100383880695,不適合
SUUMO 賃貸 三島市,三島市,賃貸マンション,賃貸カテゴリ（掲載種別）,静岡県三島市青木,6.2,58.0,,5,—,—,,—,賃貸のため対象外,,2026-08-09,,https://suumo.jp/chintai/jnc_000102981497/?bc=100517866479,不適合
SUUMO 賃貸 三島市,三島市,賃貸マンション,賃貸カテゴリ（掲載種別）,静岡県三島市加茂川町,6.0,51.0,,5,—,—,,—,賃貸のため対象外,,2026-08-11,,https://suumo.jp/chintai/jnc_000108608430/?bc=100374864941,不適合
SUUMO 賃貸 三島市,三島市,賃貸マンション,賃貸カテゴリ（掲載種別）,静岡県三島市加茂川町,6.0,51.0,,5,—,—,,—,賃貸のため対象外,,2026-08-11,,https://suumo.jp/chintai/jnc_000108608431/?bc=100503037433,不適合
SUUMO 賃貸 三島市,三島市,賃貸アパート,賃貸カテゴリ（掲載種別）,静岡県三島市西本町,5.5,51.0,,5,—,—,,—,賃貸のため対象外,,2026-07-25,,https://suumo.jp/chintai/jnc_000099114764/?bc=100441790797,不適合
SUUMO 賃貸 三島市,三島市,賃貸マンション,賃貸カテゴリ（掲載種別）,静岡県三島市谷田,6.2,41.7,,5,田,—,,—,賃貸のため対象外,,2026-07-25,,https://suumo.jp/chintai/jnc_000108335251/?bc=100513064183,不適合
SUUMO 賃貸 三島市,三島市,賃貸マンション,賃貸カテゴリ（掲載種別）,静岡県三島市南二日町,5.55,48.5,,5,—,—,,—,賃貸のため対象外,,2026-07-28,,https://suumo.jp/chintai/jnc_000108803912/?bc=100519107849,不適合
SUUMO 賃貸 三島市,三島市,賃貸マンション,賃貸カテゴリ（掲載種別）,静岡県三島市徳倉１,6.5,66.2,,5,—,—,,—,賃貸のため対象外,,2026-07-25,,https://suumo.jp/chintai/jnc_000087823231/?bc=100503886511,不適合
SUUMO 賃貸 三島市,三島市,賃貸マンション,賃貸カテゴリ（掲載種別）,静岡県三島市徳倉１,6.5,66.2,,5,—,—,,—,賃貸のため対象外,,2026-07-25,,https://suumo.jp/chintai/jnc_000096395360/?bc=100173871003,不適合
SUUMO 賃貸 三島市,三島市,賃貸アパート,賃貸カテゴリ（掲載種別）,静岡県三島市北沢,6.3,48.9,,5,—,—,,—,賃貸のため対象外,,2026-08-11,,https://suumo.jp/chintai/jnc_000088953655/?bc=100516416618,不適合
SUUMO 賃貸 三島市,三島市,賃貸アパート,賃貸カテゴリ（掲載種別）,静岡県三島市北沢,6.3,48.9,,5,—,—,,—,賃貸のため対象外,,2026-08-11,,https://suumo.jp/chintai/jnc_000108127165/?bc=100517536791,不適合
SUUMO 賃貸 三島市,三島市,賃貸アパート,賃貸カテゴリ（掲載種別）,静岡県三島市北沢,7.8,58.1,,5,—,—,,—,賃貸のため対象外,,2026-08-11,,https://suumo.jp/chintai/jnc_000087230345/?bc=100513328616,不適合
SUUMO 賃貸 三島市,三島市,賃貸アパート,賃貸カテゴリ（掲載種別）,静岡県三島市谷田,5.9,53.0,,5,田,—,,—,賃貸のため対象外,,2026-08-11,,https://suumo.jp/chintai/jnc_000106998509/?bc=100503296767,不適合
SUUMO 賃貸 三島市,三島市,賃貸アパート,賃貸カテゴリ（掲載種別）,静岡県三島市長伏,6.4,63.5,,5,—,—,,—,賃貸のため対象外,,2026-08-11,,https://suumo.jp/chintai/jnc_000037063547/?bc=100508155897,不適合
SUUMO 賃貸 三島市,三島市,賃貸アパート,賃貸カテゴリ（掲載種別）,静岡県三島市徳倉５,5.9,40.1,,5,—,—,,—,賃貸のため対象外,,2026-08-11,,https://suumo.jp/chintai/jnc_000108840097/?bc=100519457872,不適合
SUUMO 賃貸 三島市,三島市,賃貸マンション,賃貸カテゴリ（掲載種別）,静岡県三島市徳倉４,5.9,55.1,,5,—,—,,—,賃貸のため対象外,,2026-07-25,,https://suumo.jp/chintai/jnc_000106242983/?bc=100455632202,不適合
SUUMO 賃貸 三島市,三島市,賃貸マンション,賃貸カテゴリ（掲載種別）,静岡県三島市徳倉４,5.9,55.1,,5,—,—,,—,賃貸のため対象外,,2026-08-11,,https://suumo.jp/chintai/jnc_000106602318/?bc=100223108364,不適合
SUUMO 賃貸 三島市,三島市,賃貸マンション,賃貸カテゴリ（掲載種別）,静岡県三島市南二日町,5.4,40.4,,5,—,—,,—,賃貸のため対象外,,2026-07-25,,https://suumo.jp/chintai/jnc_000102889731/?bc=100199311932,不適合
SUUMO 賃貸 三島市,三島市,賃貸マンション,賃貸カテゴリ（掲載種別）,静岡県三島市東本町２,7.0,63.6,,5,—,—,,—,賃貸のため対象外,,2026-07-25,,https://suumo.jp/chintai/jnc_000090483836/?bc=100420284794,不適合
SUUMO 賃貸 三島市,三島市,賃貸マンション,賃貸カテゴリ（掲載種別）,静岡県三島市若松町,6.5,67.4,,5,田,—,,—,賃貸のため対象外,,2026-08-10,,https://suumo.jp/chintai/jnc_000051576927/?bc=100465483623,不適合
SUUMO 賃貸 三島市,三島市,賃貸マンション,賃貸カテゴリ（掲載種別）,静岡県三島市若松町,6.5,67.4,,5,田,—,,—,賃貸のため対象外,,2026-07-25,,https://suumo.jp/chintai/jnc_000052518724/?bc=100514297243,不適合
SUUMO 賃貸 三島市,三島市,賃貸アパート,賃貸カテゴリ（掲載種別）,静岡県三島市谷田,6.0,33.4,,5,田,—,,—,賃貸のため対象外,,2026-08-10,,https://suumo.jp/chintai/jnc_000107324816/?bc=100510020973,不適合
SUUMO 賃貸 三島市,三島市,賃貸アパート,賃貸カテゴリ（掲載種別）,静岡県三島市徳倉１,5.8,35.1,,5,—,—,,—,賃貸のため対象外,,2026-08-10,,https://suumo.jp/chintai/jnc_000096724476/?bc=100516151188,不適合
SUUMO 賃貸 三島市,三島市,賃貸アパート,賃貸カテゴリ（掲載種別）,静岡県三島市幸原町２,6.7,53.8,,5,—,—,,—,賃貸のため対象外,,2026-08-10,,https://suumo.jp/chintai/jnc_000064555977/?bc=100499169324,不適合
SUUMO 賃貸 三島市,三島市,賃貸アパート,賃貸カテゴリ（掲載種別）,静岡県三島市谷田,6.2,48.7,,5,田,—,,—,賃貸のため対象外,,2026-08-11,,https://suumo.jp/chintai/jnc_000106047528/?bc=100499135911,不適合
SUUMO 賃貸 三島市,三島市,賃貸アパート,賃貸カテゴリ（掲載種別）,静岡県三島市谷田,6.5,55.4,,5,田,—,,—,賃貸のため対象外,,2026-08-11,,https://suumo.jp/chintai/jnc_000107343900/?bc=100508047251,不適合
SUUMO 賃貸 三島市,三島市,賃貸マンション,賃貸カテゴリ（掲載種別）,静岡県三島市谷田,7.8,66.2,,5,田,—,,—,賃貸のため対象外,,2026-08-11,,https://suumo.jp/chintai/jnc_000104439110/?bc=100500285074,不適合
SUUMO 賃貸 三島市,三島市,賃貸アパート,賃貸カテゴリ（掲載種別）,静岡県三島市中島,6.0,59.5,,5,—,—,,—,賃貸のため対象外,,2026-08-09,,https://suumo.jp/chintai/jnc_000015174180/?bc=100467646069,不適合
SUUMO 賃貸 三島市,三島市,賃貸アパート,賃貸カテゴリ（掲載種別）,静岡県三島市谷田,6.8,62.1,,5,田,—,,—,賃貸のため対象外,,2026-08-11,,https://suumo.jp/chintai/jnc_000108419224/?bc=100516285044,不適合
SUUMO 賃貸 三島市,三島市,賃貸マンション,賃貸カテゴリ（掲載種別）,静岡県三島市安久,5.8,49.8,,5,—,—,,—,賃貸のため対象外,,2026-08-11,,https://suumo.jp/chintai/jnc_000105238301/?bc=100518156237,不適合
SUUMO 賃貸 三島市,三島市,賃貸マンション,賃貸カテゴリ（掲載種別）,静岡県三島市壱町田,5.7,55.3,,5,田,—,,—,賃貸のため対象外,,2026-08-11,,https://suumo.jp/chintai/jnc_000086008729/?bc=100500393154,不適合
SUUMO 賃貸 三島市,三島市,賃貸アパート,賃貸カテゴリ（掲載種別）,静岡県三島市徳倉３,5.5,53.6,,5,—,—,,—,賃貸のため対象外,,2026-08-11,,https://suumo.jp/chintai/jnc_000106849990/?bc=100513825904,不適合
SUUMO 賃貸 三島市,三島市,賃貸マンション,賃貸カテゴリ（掲載種別）,静岡県三島市徳倉４,5.9,53.3,,5,—,—,,—,賃貸のため対象外,,2026-08-11,,https://suumo.jp/chintai/jnc_000020965983/?bc=100508612481,不適合
SUUMO 賃貸 三島市,三島市,賃貸アパート,賃貸カテゴリ（掲載種別）,静岡県三島市加茂川町,6.9,56.5,,5,—,—,,—,賃貸のため対象外,,2026-08-09,,https://suumo.jp/chintai/jnc_000083816980/?bc=100337206024,不適合
SUUMO 賃貸 三島市,三島市,賃貸アパート,賃貸カテゴリ（掲載種別）,静岡県三島市中島,5.4,54.6,,5,—,—,,—,賃貸のため対象外,,2026-08-09,,https://suumo.jp/chintai/jnc_000103280608/?bc=100480624416,不適合
SUUMO 賃貸 三島市,三島市,賃貸マンション,賃貸カテゴリ（掲載種別）,静岡県三島市大社町,7.5,67.4,,5,—,—,,—,賃貸のため対象外,,2026-08-09,,https://suumo.jp/chintai/jnc_000066797258/?bc=100504185624,不適合
SUUMO 賃貸 三島市,三島市,賃貸マンション,賃貸カテゴリ（掲載種別）,静岡県三島市東町,5.8,55.4,,5,—,—,,—,賃貸のため対象外,,2026-08-11,,https://suumo.jp/chintai/jnc_000107550646/?bc=100509709965,不適合
SUUMO 賃貸 三島市,三島市,賃貸マンション,賃貸カテゴリ（掲載種別）,静岡県三島市東町,5.9,55.4,,5,—,—,,—,賃貸のため対象外,,2026-08-11,,https://suumo.jp/chintai/jnc_000106933530/?bc=100505114466,不適合
SUUMO 賃貸 三島市,三島市,賃貸マンション,賃貸カテゴリ（掲載種別）,静岡県三島市大場,6.0,43.2,,5,—,—,,—,賃貸のため対象外,,2026-08-09,,https://suumo.jp/chintai/jnc_000093628651/?bc=100408798389,不適合
SUUMO 賃貸 三島市,三島市,賃貸アパート,賃貸カテゴリ（掲載種別）,静岡県三島市初音台,6.0,48.6,,5,—,—,,—,賃貸のため対象外,,2026-08-11,,https://suumo.jp/chintai/jnc_000066261903/?bc=100416622694,不適合
SUUMO 賃貸 三島市,三島市,賃貸マンション,賃貸カテゴリ（掲載種別）,静岡県三島市新谷,6.3,52.2,,5,—,—,,—,賃貸のため対象外,,2026-08-09,,https://suumo.jp/chintai/jnc_000102765802/?bc=100472261867,不適合
SUUMO 賃貸 三島市,三島市,賃貸マンション,賃貸カテゴリ（掲載種別）,静岡県三島市中島,6.0,59.5,,5,田,—,,—,賃貸のため対象外,,2026-08-11,,https://suumo.jp/chintai/jnc_000015174179/?bc=100428691940,不適合
SUUMO 賃貸 三島市,三島市,賃貸マンション,賃貸カテゴリ（掲載種別）,静岡県三島市中,7.0,62.9,,5,—,—,,—,賃貸のため対象外,,2026-08-09,,https://suumo.jp/chintai/jnc_000055686579/?bc=100477482018,不適合
SUUMO 賃貸 三島市,三島市,賃貸マンション,賃貸カテゴリ（掲載種別）,静岡県三島市中,7.0,62.9,,5,—,—,,—,賃貸のため対象外,,2026-08-09,,https://suumo.jp/chintai/jnc_000103799917/?bc=100477420924,不適合
SUUMO 賃貸 三島市,三島市,賃貸マンション,賃貸カテゴリ（掲載種別）,静岡県三島市平田,6.5,64.4,,5,田,—,,—,賃貸のため対象外,,2026-08-11,,https://suumo.jp/chintai/jnc_000059433852/?bc=100516416642,不適合
SUUMO 賃貸 三島市,三島市,賃貸マンション,賃貸カテゴリ（掲載種別）,静岡県三島市平田,6.5,64.4,,5,田,—,,—,賃貸のため対象外,,2026-08-11,,https://suumo.jp/chintai/jnc_000108767531/?bc=100520130583,不適合
SUUMO 賃貸 三島市,三島市,賃貸アパート,賃貸カテゴリ（掲載種別）,静岡県三島市富士ビレッジ,6.2,47.6,,5,—,—,,—,賃貸のため対象外,,2026-08-11,,https://suumo.jp/chintai/jnc_000108479466/?bc=100516643621,不適合
SUUMO 賃貸 三島市,三島市,賃貸アパート,賃貸カテゴリ（掲載種別）,静岡県三島市富士ビレッジ,6.2,47.6,,5,—,—,,—,賃貸のため対象外,,2026-08-11,,https://suumo.jp/chintai/jnc_000107417807/?bc=100513826250,不適合
SUUMO 賃貸 三島市,三島市,賃貸マンション,賃貸カテゴリ（掲載種別）,静岡県三島市東本町２,7.0,63.6,,5,—,—,,—,賃貸のため対象外,,2026-08-11,,https://suumo.jp/chintai/jnc_000056682827/?bc=100183299320,不適合
SUUMO 賃貸 三島市,三島市,賃貸マンション,賃貸カテゴリ（掲載種別）,静岡県三島市大宮町１,5.5,22.6,,5,—,—,,—,賃貸のため対象外,,2026-08-09,,https://suumo.jp/chintai/jnc_000097257141/?bc=100465483642,不適合
SUUMO 賃貸 三島市,三島市,賃貸マンション,賃貸カテゴリ（掲載種別）,静岡県三島市大宮町１,5.5,22.6,,5,—,—,,—,賃貸のため対象外,,2026-08-09,,https://suumo.jp/chintai/jnc_000105850075/?bc=100496572796,不適合
SUUMO 賃貸 三島市,三島市,賃貸マンション,賃貸カテゴリ（掲載種別）,静岡県三島市大宮町１,5.5,22.6,,5,—,—,,—,賃貸のため対象外,,2026-08-09,,https://suumo.jp/chintai/jnc_000092188422/?bc=100465483635,不適合
SUUMO 賃貸 三島市,三島市,賃貸マンション,賃貸カテゴリ（掲載種別）,静岡県三島市大宮町１,5.5,22.6,,5,—,—,,—,賃貸のため対象外,,2026-08-09,,https://suumo.jp/chintai/jnc_000105850074/?bc=100496572797,不適合
SUUMO 賃貸 三島市,三島市,賃貸アパート,賃貸カテゴリ（掲載種別）,静岡県三島市若松町,7.2,56.0,,5,—,—,,—,賃貸のため対象外,,2026-08-09,,https://suumo.jp/chintai/jnc_000082189272/?bc=100277900597,不適合
SUUMO 賃貸 三島市,三島市,賃貸アパート,賃貸カテゴリ（掲載種別）,静岡県三島市若松町,7.2,56.0,,5,—,—,,—,賃貸のため対象外,,2026-08-09,,https://suumo.jp/chintai/jnc_000081984657/?bc=100327978488,不適合
SUUMO 賃貸 三島市,三島市,賃貸アパート,賃貸カテゴリ（掲載種別）,静岡県三島市沢地,5.6,44.9,,5,—,—,,—,賃貸のため対象外,,2026-08-09,,https://suumo.jp/chintai/jnc_000105331257/?bc=100519789001,不適合
SUUMO 賃貸 三島市,三島市,賃貸アパート,賃貸カテゴリ（掲載種別）,静岡県三島市大場,5.8,58.3,,5,—,—,,—,賃貸のため対象外,,2026-08-09,,https://suumo.jp/chintai/jnc_000074739059/?bc=100284925383,不適合
SUUMO 賃貸 三島市,三島市,賃貸アパート,賃貸カテゴリ（掲載種別）,静岡県三島市大場,7.3,69.5,,5,—,—,,—,賃貸のため対象外,,2026-08-09,,https://suumo.jp/chintai/jnc_000107271902/?bc=100125826769,不適合
SUUMO 賃貸 三島市,三島市,賃貸アパート,賃貸カテゴリ（掲載種別）,静岡県三島市中,5.0,53.7,,5,—,—,,—,賃貸のため対象外,,2026-08-09,,https://suumo.jp/chintai/jnc_000108586205/?bc=100517320979,適合
SUUMO 賃貸 三島市,三島市,賃貸アパート,賃貸カテゴリ（掲載種別）,静岡県三島市大宮町３,6.0,52.0,,5,—,—,,—,賃貸のため対象外,,2026-08-09,,https://suumo.jp/chintai/jnc_000025700809/?bc=100505534586,不適合
SUUMO 賃貸 三島市,三島市,賃貸アパート,賃貸カテゴリ（掲載種別）,静岡県三島市大宮町３,6.0,49.0,,5,—,—,,—,賃貸のため対象外,,2026-08-09,,https://suumo.jp/chintai/jnc_000094074880/?bc=100498002822,不適合
SUUMO 賃貸 三島市,三島市,賃貸アパート,賃貸カテゴリ（掲載種別）,静岡県三島市徳倉２,4.9,42.4,,5,—,—,,—,賃貸のため対象外,,2026-08-11,,https://suumo.jp/chintai/jnc_000108951044/?bc=100513631247,適合
SUUMO 賃貸 三島市,三島市,賃貸アパート,賃貸カテゴリ（掲載種別）,静岡県三島市谷田,5.9,37.6,,5,田,—,,—,賃貸のため対象外,,2026-08-09,,https://suumo.jp/chintai/jnc_000106047526/?bc=100498306486,不適合
SUUMO 賃貸 三島市,三島市,賃貸アパート,賃貸カテゴリ（掲載種別）,静岡県三島市萩,5.5,48.8,,5,—,—,,—,賃貸のため対象外,,2026-08-09,,https://suumo.jp/chintai/jnc_000104891841/?bc=100488996310,不適合
SUUMO 賃貸 三島市,三島市,賃貸アパート,賃貸カテゴリ（掲載種別）,静岡県三島市中島,5.0,38.8,,5,—,—,,—,賃貸のため対象外,,2026-08-09,,https://suumo.jp/chintai/jnc_000025789315/?bc=100517823693,適合
SUUMO 賃貸 三島市,三島市,賃貸アパート,賃貸カテゴリ（掲載種別）,静岡県三島市徳倉１,6.0,53.0,,5,—,—,,—,賃貸のため対象外,,2026-08-09,,https://suumo.jp/chintai/jnc_000059608654/?bc=100352908854,不適合
SUUMO 賃貸 三島市,三島市,賃貸マンション,賃貸カテゴリ（掲載種別）,静岡県三島市日の出町,5.5,54.3,,5,—,—,,—,賃貸のため対象外,,2026-08-09,,https://suumo.jp/chintai/jnc_000108000175/?bc=100513072041,不適合
SUUMO 賃貸 三島市,三島市,賃貸アパート,賃貸カテゴリ（掲載種別）,静岡県三島市長伏,5.0,31.4,,5,—,—,,—,賃貸のため対象外,,2026-08-09,,https://suumo.jp/chintai/jnc_000103000318/?bc=100389682894,適合
SUUMO 賃貸 三島市,三島市,賃貸マンション,賃貸カテゴリ（掲載種別）,静岡県三島市新谷,6.1,39.7,,5,—,—,,—,賃貸のため対象外,,2026-08-11,,https://suumo.jp/chintai/jnc_000072931054/?bc=100506949575,不適合
SUUMO 賃貸 三島市,三島市,賃貸マンション,賃貸カテゴリ（掲載種別）,静岡県三島市東町,5.55,61.1,,5,—,—,,—,賃貸のため対象外,,2026-08-09,,https://suumo.jp/chintai/jnc_000108151634/?bc=100462333225,不適合
SUUMO 賃貸 三島市,三島市,賃貸マンション,賃貸カテゴリ（掲載種別）,静岡県三島市東町,5.55,61.1,,5,—,—,,—,賃貸のため対象外,,2026-08-09,,https://suumo.jp/chintai/jnc_000108151635/?bc=100502605378,不適合
SUUMO 賃貸 三島市,三島市,賃貸マンション,賃貸カテゴリ（掲載種別）,静岡県三島市東町,5.8,60.7,,5,—,—,,—,賃貸のため対象外,,2026-08-09,,https://suumo.jp/chintai/jnc_000108151636/?bc=100513648259,不適合
SUUMO 賃貸 三島市,三島市,賃貸マンション,賃貸カテゴリ（掲載種別）,静岡県三島市東町,5.55,60.7,,5,—,—,,—,賃貸のため対象外,,2026-08-10,,https://suumo.jp/chintai/jnc_000105794315/?bc=100196395707,不適合
SUUMO 賃貸 三島市,三島市,賃貸マンション,賃貸カテゴリ（掲載種別）,静岡県三島市東町,5.8,61.1,,5,—,—,,—,賃貸のため対象外,,2026-08-10,,https://suumo.jp/chintai/jnc_000107965784/?bc=100512738332,不適合
SUUMO 賃貸 三島市,三島市,賃貸マンション,賃貸カテゴリ（掲載種別）,静岡県三島市谷田,6.8,55.1,,5,田,—,,—,賃貸のため対象外,,2026-08-09,,https://suumo.jp/chintai/jnc_000083309792/?bc=100467213306,不適合
SUUMO 賃貸 三島市,三島市,賃貸アパート,賃貸カテゴリ（掲載種別）,静岡県三島市若松町,6.5,71.2,,5,—,—,,—,賃貸のため対象外,,2026-08-11,,https://suumo.jp/chintai/jnc_000108608437/?bc=100484609899,不適合
SUUMO 賃貸 三島市,三島市,賃貸アパート,賃貸カテゴリ（掲載種別）,静岡県三島市若松町,6.5,71.2,,5,—,—,,—,賃貸のため対象外,,2026-08-11,,https://suumo.jp/chintai/jnc_000108608436/?bc=100478169292,不適合
SUUMO 賃貸 三島市,三島市,賃貸マンション,賃貸カテゴリ（掲載種別）,静岡県三島市御園,5.4,51.0,,5,—,—,,—,賃貸のため対象外,,2026-08-09,,https://suumo.jp/chintai/jnc_000090211940/?bc=100441416478,不適合
SUUMO 賃貸 三島市,三島市,賃貸マンション,賃貸カテゴリ（掲載種別）,静岡県三島市御園,5.4,51.0,,5,—,—,,—,賃貸のため対象外,,2026-08-09,,https://suumo.jp/chintai/jnc_000102449889/?bc=100469614404,不適合
SUUMO 賃貸 三島市,三島市,賃貸マンション,賃貸カテゴリ（掲載種別）,静岡県三島市東本町２,5.8,55.7,,5,田,—,,—,賃貸のため対象外,,2026-08-09,,https://suumo.jp/chintai/jnc_000050839811/?bc=100519107874,不適合
SUUMO 賃貸 三島市,三島市,賃貸マンション,賃貸カテゴリ（掲載種別）,静岡県三島市加茂川町,6.5,57.9,,5,—,—,,—,賃貸のため対象外,,2026-08-11,,https://suumo.jp/chintai/jnc_000108608435/?bc=100503800658,不適合
SUUMO 賃貸 三島市,三島市,賃貸マンション,賃貸カテゴリ（掲載種別）,静岡県三島市加茂川町,6.5,57.9,,5,—,—,,—,賃貸のため対象外,,2026-08-11,,https://suumo.jp/chintai/jnc_000108608434/?bc=100503800659,不適合
SUUMO 賃貸 三島市,三島市,賃貸マンション,賃貸カテゴリ（掲載種別）,静岡県三島市加茂川町,6.5,57.9,,5,—,—,,—,賃貸のため対象外,,2026-08-11,,https://suumo.jp/chintai/jnc_000108608433/?bc=100490504958,不適合
SUUMO 賃貸 三島市,三島市,賃貸マンション,賃貸カテゴリ（掲載種別）,静岡県三島市青木,7.5,56.4,,5,—,—,,—,賃貸のため対象外,,2026-08-09,,https://suumo.jp/chintai/jnc_000107970545/?bc=100496830942,不適合
SUUMO 賃貸 三島市,三島市,賃貸アパート,賃貸カテゴリ（掲載種別）,静岡県三島市北沢,7.8,58.1,,5,—,—,,—,賃貸のため対象外,,2026-08-11,,https://suumo.jp/chintai/jnc_000108127166/?bc=100516416632,不適合
SUUMO 賃貸 三島市,三島市,賃貸マンション,賃貸カテゴリ（掲載種別）,静岡県三島市大場,4.8,58.3,,5,—,—,,—,賃貸のため対象外,,2026-08-11,,https://suumo.jp/chintai/jnc_000102768566/?bc=100472296437,適合
SUUMO 賃貸 三島市,三島市,賃貸マンション,賃貸カテゴリ（掲載種別）,静岡県三島市大場,4.8,58.3,,5,—,—,,—,賃貸のため対象外,,2026-08-11,,https://suumo.jp/chintai/jnc_000097894643/?bc=100332125693,適合
SUUMO 賃貸 三島市,三島市,賃貸マンション,賃貸カテゴリ（掲載種別）,静岡県三島市青木,5.2,31.5,,5,—,—,,—,賃貸のため対象外,,2026-08-09,,https://suumo.jp/chintai/jnc_000106819158/?bc=100504185588,不適合
SUUMO 賃貸 三島市,三島市,賃貸マンション,賃貸カテゴリ（掲載種別）,静岡県三島市青木,5.3,31.5,,5,—,—,,—,賃貸のため対象外,,2026-08-09,,https://suumo.jp/chintai/jnc_000104434619/?bc=100463125001,不適合
SUUMO 賃貸 三島市,三島市,賃貸アパート,賃貸カテゴリ（掲載種別）,静岡県三島市松本,6.54,43.2,,5,—,—,,—,賃貸のため対象外,,2026-08-11,,https://suumo.jp/chintai/jnc_000108951046/?bc=100520294220,不適合
SUUMO 賃貸 三島市,三島市,賃貸アパート,賃貸カテゴリ（掲載種別）,静岡県三島市松本,6.54,43.2,,5,—,—,,—,賃貸のため対象外,,2026-08-11,,https://suumo.jp/chintai/jnc_000108951047/?bc=100520294224,不適合
SUUMO 賃貸 三島市,三島市,賃貸アパート,賃貸カテゴリ（掲載種別）,静岡県三島市松本,6.54,43.2,,5,—,—,,—,賃貸のため対象外,,2026-08-11,,https://suumo.jp/chintai/jnc_000108951049/?bc=100520345267,不適合
SUUMO 賃貸 三島市,三島市,賃貸アパート,賃貸カテゴリ（掲載種別）,静岡県三島市松本,6.54,43.2,,5,—,—,,—,賃貸のため対象外,,2026-08-11,,https://suumo.jp/chintai/jnc_000108951048/?bc=100520345255,不適合
SUUMO 賃貸 三島市,三島市,賃貸アパート,賃貸カテゴリ（掲載種別）,静岡県三島市松本,6.7,43.2,,5,—,—,,—,賃貸のため対象外,,2026-08-10,,https://suumo.jp/chintai/jnc_000108951045/?bc=100520289218,不適合
SUUMO 賃貸 三島市,三島市,賃貸アパート,賃貸カテゴリ（掲載種別）,静岡県三島市松本,6.7,43.2,,5,—,—,,—,賃貸のため対象外,,2026-08-11,,https://suumo.jp/chintai/jnc_000108951050/?bc=100520345263,不適合
SUUMO 賃貸 三島市,三島市,賃貸アパート,賃貸カテゴリ（掲載種別）,静岡県三島市松本,7.51,55.0,,5,—,—,,—,賃貸のため対象外,,2026-08-11,,https://suumo.jp/chintai/jnc_000108956544/?bc=100520345268,不適合
SUUMO 賃貸 三島市,三島市,賃貸アパート,賃貸カテゴリ（掲載種別）,静岡県三島市松本,7.51,55.0,,5,—,—,,—,賃貸のため対象外,,2026-08-07,,https://suumo.jp/chintai/jnc_000108956543/?bc=100520341746,不適合
SUUMO 賃貸 三島市,三島市,賃貸アパート,賃貸カテゴリ（掲載種別）,静岡県三島市松本,7.51,55.0,,5,—,—,,—,賃貸のため対象外,,2026-08-11,,https://suumo.jp/chintai/jnc_000108956545/?bc=100520345269,不適合
SUUMO 賃貸 三島市,三島市,賃貸アパート,賃貸カテゴリ（掲載種別）,静岡県三島市松本,7.51,55.0,,5,—,—,,—,賃貸のため対象外,,2026-08-07,,https://suumo.jp/chintai/jnc_000108956542/?bc=100520341755,不適合
SUUMO 賃貸 三島市,三島市,賃貸アパート,賃貸カテゴリ（掲載種別）,静岡県三島市大社町,5.6,23.6,,5,—,—,,—,賃貸のため対象外,,2026-08-09,,https://suumo.jp/chintai/jnc_000108297956/?bc=100514629586,不適合
SUUMO 賃貸 三島市,三島市,賃貸アパート,賃貸カテゴリ（掲載種別）,静岡県三島市大社町,5.6,23.6,,5,—,—,,—,賃貸のため対象外,,2026-08-09,,https://suumo.jp/chintai/jnc_000108297958/?bc=100514629590,不適合
SUUMO 賃貸 三島市,三島市,賃貸アパート,賃貸カテゴリ（掲載種別）,静岡県三島市大社町,6.2,23.6,,5,—,—,,—,賃貸のため対象外,,2026-08-09,,https://suumo.jp/chintai/jnc_000108297957/?bc=100514629587,不適合
SUUMO 賃貸 三島市,三島市,賃貸アパート,賃貸カテゴリ（掲載種別）,静岡県三島市大社町,6.3,28.0,,5,—,—,,—,賃貸のため対象外,,2026-08-09,,https://suumo.jp/chintai/jnc_000108297959/?bc=100514629312,不適合
SUUMO 賃貸 三島市,三島市,賃貸マンション,賃貸カテゴリ（掲載種別）,静岡県三島市日の出町,5.9,56.0,,5,—,—,,—,賃貸のため対象外,,2026-08-11,,https://suumo.jp/chintai/jnc_000030919113/?bc=100519961457,不適合
SUUMO 賃貸 三島市,三島市,賃貸アパート,賃貸カテゴリ（掲載種別）,静岡県三島市谷田,7.0,33.5,,5,田,—,,—,賃貸のため対象外,,2026-08-09,,https://suumo.jp/chintai/jnc_000103579324/?bc=100480434729,不適合
SUUMO 賃貸 三島市,三島市,賃貸アパート,賃貸カテゴリ（掲載種別）,静岡県三島市谷田,7.2,33.5,,5,田,—,,—,賃貸のため対象外,,2026-08-09,,https://suumo.jp/chintai/jnc_000103579325/?bc=100480434731,不適合
SUUMO 賃貸 三島市,三島市,賃貸アパート,賃貸カテゴリ（掲載種別）,静岡県三島市谷田,7.2,33.5,,5,田,—,,—,賃貸のため対象外,,2026-08-09,,https://suumo.jp/chintai/jnc_000103579323/?bc=100480434721,不適合
SUUMO 賃貸 三島市,三島市,賃貸アパート,賃貸カテゴリ（掲載種別）,静岡県三島市谷田,7.65,43.5,,5,田,—,,—,賃貸のため対象外,,2026-08-09,,https://suumo.jp/chintai/jnc_000103579327/?bc=100480434777,不適合
SUUMO 賃貸 三島市,三島市,賃貸アパート,賃貸カテゴリ（掲載種別）,静岡県三島市谷田,7.8,43.5,,5,田,—,,—,賃貸のため対象外,,2026-08-09,,https://suumo.jp/chintai/jnc_000103579326/?bc=100480434774,不適合
SUUMO 賃貸 三島市,三島市,賃貸アパート,賃貸カテゴリ（掲載種別）,静岡県三島市谷田,7.8,43.5,,5,田,—,,—,賃貸のため対象外,,2026-08-09,,https://suumo.jp/chintai/jnc_000103579328/?bc=100480434787,不適合
SUUMO 賃貸 三島市,三島市,賃貸マンション,賃貸カテゴリ（掲載種別）,静岡県三島市中島,6.8,66.0,,5,—,—,,—,賃貸のため対象外,,2026-08-11,,https://suumo.jp/chintai/jnc_000085514785/?bc=100418457680,不適合
SUUMO 賃貸 三島市,三島市,賃貸アパート,賃貸カテゴリ（掲載種別）,静岡県三島市中島,4.8,29.8,,5,—,—,,—,賃貸のため対象外,,2026-08-09,,https://suumo.jp/chintai/jnc_000038951900/?bc=100515530328,適合
SUUMO 賃貸 三島市,三島市,賃貸アパート,賃貸カテゴリ（掲載種別）,静岡県三島市中島,4.9,29.8,,5,—,—,,—,賃貸のため対象外,,2026-08-09,,https://suumo.jp/chintai/jnc_000056161430/?bc=100503886525,適合
SUUMO 賃貸 三島市,三島市,賃貸アパート,賃貸カテゴリ（掲載種別）,静岡県三島市中島,5.3,30.4,,5,—,—,,—,賃貸のため対象外,,2026-08-09,,https://suumo.jp/chintai/jnc_000106773573/?bc=100503886522,不適合
SUUMO 賃貸 三島市,三島市,賃貸アパート,賃貸カテゴリ（掲載種別）,静岡県三島市中島,5.5,29.8,,5,—,—,,—,賃貸のため対象外,,2026-08-09,,https://suumo.jp/chintai/jnc_000038951901/?bc=100503886527,不適合
SUUMO 賃貸 三島市,三島市,賃貸マンション,賃貸カテゴリ（掲載種別）,静岡県三島市徳倉４,5.9,55.1,,5,—,—,,—,賃貸のため対象外,,2026-08-09,,https://suumo.jp/chintai/jnc_000106602319/?bc=100488357513,不適合
SUUMO 賃貸 三島市,三島市,賃貸マンション,賃貸カテゴリ（掲載種別）,静岡県三島市東本町２,5.8,77.5,,5,—,—,,—,賃貸のため対象外,,2026-08-11,,https://suumo.jp/chintai/jnc_000041393225/?bc=100513807777,不適合
SUUMO 賃貸 三島市,三島市,賃貸アパート,賃貸カテゴリ（掲載種別）,静岡県三島市西旭ケ丘町,5.8,53.0,,5,—,—,,—,賃貸のため対象外,,2026-08-09,,https://suumo.jp/chintai/jnc_000105174145/?bc=100502569424,不適合
SUUMO 賃貸 三島市,三島市,賃貸マンション,賃貸カテゴリ（掲載種別）,静岡県三島市中,5.5,54.1,,5,—,—,,—,賃貸のため対象外,,2026-08-10,,https://suumo.jp/chintai/jnc_000106973453/?bc=100501604590,不適合
SUUMO 賃貸 三島市,三島市,賃貸マンション,賃貸カテゴリ（掲載種別）,静岡県三島市中,5.5,54.1,,5,—,—,,—,賃貸のため対象外,,2026-08-11,,https://suumo.jp/chintai/jnc_000094063303/?bc=100405946444,不適合
SUUMO 賃貸 三島市,三島市,賃貸マンション,賃貸カテゴリ（掲載種別）,静岡県三島市中,5.5,54.1,,5,—,—,,—,賃貸のため対象外,,2026-08-11,,https://suumo.jp/chintai/jnc_000089553719/?bc=100517866472,不適合
SUUMO 賃貸 三島市,三島市,賃貸アパート,賃貸カテゴリ（掲載種別）,静岡県三島市中島,5.2,50.6,,5,—,—,,—,賃貸のため対象外,,2026-08-10,,https://suumo.jp/chintai/jnc_000105602235/?bc=100494561378,不適合
SUUMO 賃貸 三島市,三島市,賃貸マンション,賃貸カテゴリ（掲載種別）,静岡県三島市梅名,5.8,56.6,,5,—,—,,—,賃貸のため対象外,,2026-08-09,,https://suumo.jp/chintai/jnc_000103192993/?bc=100475641738,不適合
SUUMO 賃貸 三島市,三島市,賃貸マンション,賃貸カテゴリ（掲載種別）,静岡県三島市梅名,5.9,65.6,,5,—,—,,—,賃貸のため対象外,,2026-08-09,,https://suumo.jp/chintai/jnc_000108614579/?bc=100517866037,不適合
SUUMO 賃貸 三島市,三島市,賃貸マンション,賃貸カテゴリ（掲載種別）,静岡県三島市壱町田,5.9,62.4,,5,田,—,,—,賃貸のため対象外,,2026-08-09,,https://suumo.jp/chintai/jnc_000103039815/?bc=100362008541,不適合
SUUMO 賃貸 三島市,三島市,賃貸マンション,賃貸カテゴリ（掲載種別）,静岡県三島市壱町田,5.9,62.4,,5,田,—,,—,賃貸のため対象外,,2026-08-09,,https://suumo.jp/chintai/jnc_000103039814/?bc=100225732394,不適合
SUUMO 賃貸 三島市,三島市,賃貸アパート,賃貸カテゴリ（掲載種別）,静岡県三島市壱町田,6.4,56.8,,5,田,—,,—,賃貸のため対象外,,2026-08-09,,https://suumo.jp/chintai/jnc_000108321330/?bc=100515376714,不適合
SUUMO 賃貸 三島市,三島市,賃貸マンション,賃貸カテゴリ（掲載種別）,静岡県三島市東町,6.9,67.2,,5,—,—,,—,賃貸のため対象外,,2026-08-11,,https://suumo.jp/chintai/jnc_000068951733/?bc=100519107843,不適合
SUUMO 賃貸 三島市,三島市,賃貸マンション,賃貸カテゴリ（掲載種別）,静岡県三島市幸原町２,6.6,42.5,,5,—,—,,—,賃貸のため対象外,,2026-08-11,,https://suumo.jp/chintai/jnc_000020027748/?bc=100519635366,不適合
SUUMO 賃貸 三島市,三島市,賃貸アパート,賃貸カテゴリ（掲載種別）,静岡県三島市東町,4.2,19.9,,5,—,—,,—,賃貸のため対象外,,2026-08-09,,https://suumo.jp/chintai/jnc_000108401625/?bc=100514629167,適合
SUUMO 賃貸 三島市,三島市,賃貸アパート,賃貸カテゴリ（掲載種別）,静岡県三島市東町,5.6,19.9,,5,—,—,,—,賃貸のため対象外,,2026-08-10,,https://suumo.jp/chintai/jnc_000108827092/?bc=100519304245,不適合
SUUMO 賃貸 三島市,三島市,賃貸アパート,賃貸カテゴリ（掲載種別）,静岡県三島市東町,5.7,19.9,,5,—,—,,—,賃貸のため対象外,,2026-08-09,,https://suumo.jp/chintai/jnc_000108490740/?bc=100514629355,不適合
SUUMO 賃貸 三島市,三島市,賃貸アパート,賃貸カテゴリ（掲載種別）,静岡県三島市谷田,5.2,49.1,,5,田,—,,—,賃貸のため対象外,,2026-08-09,,https://suumo.jp/chintai/jnc_000108884106/?bc=100519788083,不適合
SUUMO 賃貸 三島市,三島市,賃貸マンション,賃貸カテゴリ（掲載種別）,静岡県三島市南二日町,6.5,41.6,,5,—,—,,—,賃貸のため対象外,,2026-08-11,,https://suumo.jp/chintai/jnc_000076703052/?bc=100509677977,不適合
SUUMO 賃貸 三島市,三島市,賃貸マンション,賃貸カテゴリ（掲載種別）,静岡県三島市谷田,7.7,71.9,,5,田,—,,—,賃貸のため対象外,,2026-08-09,,https://suumo.jp/chintai/jnc_000101964667/?bc=100417944985,不適合
SUUMO 賃貸 三島市,三島市,賃貸マンション,賃貸カテゴリ（掲載種別）,静岡県三島市谷田,5.5,52.1,,5,田,—,,—,賃貸のため対象外,,2026-08-11,,https://suumo.jp/chintai/jnc_000083606701/?bc=100499605271,不適合
SUUMO 賃貸 三島市,三島市,賃貸マンション,賃貸カテゴリ（掲載種別）,静岡県三島市東町,6.9,67.2,,5,—,—,,—,賃貸のため対象外,,2026-08-11,,https://suumo.jp/chintai/jnc_000069384018/?bc=100492440520,不適合
SUUMO 賃貸 三島市,三島市,賃貸アパート,賃貸カテゴリ（掲載種別）,静岡県三島市中島,5.2,50.6,,5,—,—,,—,賃貸のため対象外,,2026-08-09,,https://suumo.jp/chintai/jnc_000106819160/?bc=100504185637,不適合
SUUMO 賃貸 三島市,三島市,賃貸アパート,賃貸カテゴリ（掲載種別）,静岡県三島市中島,5.8,50.6,,5,—,—,,—,賃貸のため対象外,,2026-08-09,,https://suumo.jp/chintai/jnc_000106819159/?bc=100504185638,不適合
SUUMO 賃貸 三島市,三島市,賃貸マンション,賃貸カテゴリ（掲載種別）,静岡県三島市谷田,5.3,46.3,,5,田,—,,—,賃貸のため対象外,,2026-08-09,,https://suumo.jp/chintai/jnc_000108121556/?bc=100514071474,不適合
SUUMO 賃貸 三島市,三島市,賃貸マンション,賃貸カテゴリ（掲載種別）,静岡県三島市本町,5.8,19.9,,5,—,—,,—,賃貸のため対象外,,2026-08-09,,https://suumo.jp/chintai/jnc_000108297995/?bc=100514629088,不適合
SUUMO 賃貸 三島市,三島市,賃貸マンション,賃貸カテゴリ（掲載種別）,静岡県三島市本町,6.3,19.9,,5,—,—,,—,賃貸のため対象外,,2026-08-09,,https://suumo.jp/chintai/jnc_000108297998/?bc=100514629396,不適合
SUUMO 賃貸 三島市,三島市,賃貸マンション,賃貸カテゴリ（掲載種別）,静岡県三島市大宮町２,7.1,40.3,,5,—,—,,—,賃貸のため対象外,,2026-08-10,,https://suumo.jp/chintai/jnc_000105283470/?bc=100519779961,不適合
SUUMO 賃貸 三島市,三島市,賃貸マンション,賃貸カテゴリ（掲載種別）,静岡県三島市南本町,5.8,77.5,,5,—,—,,—,賃貸のため対象外,,2026-08-09,,https://suumo.jp/chintai/jnc_000108325938/?bc=100515448060,不適合
SUUMO 賃貸 三島市,三島市,賃貸マンション,賃貸カテゴリ（掲載種別）,静岡県三島市幸原町１,5.4,48.3,,5,—,—,,—,賃貸のため対象外,,2026-08-09,,https://suumo.jp/chintai/jnc_000108671424/?bc=100510321413,不適合
SUUMO 賃貸 三島市,三島市,賃貸マンション,賃貸カテゴリ（掲載種別）,静岡県三島市長伏,6.7,62.8,,5,—,—,,—,賃貸のため対象外,,2026-08-11,,https://suumo.jp/chintai/jnc_000107769272/?bc=100517974600,不適合
SUUMO 賃貸 三島市,三島市,賃貸マンション,賃貸カテゴリ（掲載種別）,静岡県三島市栄町,5.7,25.0,,5,—,—,,—,賃貸のため対象外,,2026-08-09,,https://suumo.jp/chintai/jnc_000103752369/?bc=100479275854,不適合
SUUMO 賃貸 三島市,三島市,賃貸マンション,賃貸カテゴリ（掲載種別）,静岡県三島市栄町,5.7,25.0,,5,—,—,,—,賃貸のため対象外,,2026-08-09,,https://suumo.jp/chintai/jnc_000103752368/?bc=100479275858,不適合
SUUMO 賃貸 三島市,三島市,賃貸マンション,賃貸カテゴリ（掲載種別）,静岡県三島市栄町,5.7,25.0,,5,—,—,,—,賃貸のため対象外,,2026-08-09,,https://suumo.jp/chintai/jnc_000069843911/?bc=100465483597,不適合
SUUMO 賃貸 三島市,三島市,賃貸マンション,賃貸カテゴリ（掲載種別）,静岡県三島市栄町,5.8,27.6,,5,—,—,,—,賃貸のため対象外,,2026-08-09,,https://suumo.jp/chintai/jnc_000093652177/?bc=100465483595,不適合
SUUMO 賃貸 三島市,三島市,賃貸マンション,賃貸カテゴリ（掲載種別）,静岡県三島市栄町,5.8,26.1,,5,—,—,,—,賃貸のため対象外,,2026-08-09,,https://suumo.jp/chintai/jnc_000095335147/?bc=100465483607,不適合
SUUMO 賃貸 三島市,三島市,賃貸アパート,賃貸カテゴリ（掲載種別）,静岡県三島市東本町１,5.3,25.1,,5,—,—,,—,賃貸のため対象外,,2026-08-11,,https://suumo.jp/chintai/jnc_000107978894/?bc=100517996771,不適合
SUUMO 賃貸 三島市,三島市,賃貸アパート,賃貸カテゴリ（掲載種別）,静岡県三島市加茂川町,5.7,19.9,,5,—,—,,—,賃貸のため対象外,,2026-08-09,,https://suumo.jp/chintai/jnc_000108297935/?bc=100514629346,不適合
SUUMO 賃貸 三島市,三島市,賃貸アパート,賃貸カテゴリ（掲載種別）,静岡県三島市加茂川町,6.5,57.8,,5,田,—,,—,賃貸のため対象外,,2026-08-11,,https://suumo.jp/chintai/jnc_000049013957/?bc=100482906221,不適合
SUUMO 賃貸 三島市,三島市,賃貸アパート,賃貸カテゴリ（掲載種別）,静岡県三島市川原ケ谷,5.2,53.0,,5,—,—,,—,賃貸のため対象外,,2026-08-11,,https://suumo.jp/chintai/jnc_000102203667/?bc=100467414850,不適合
SUUMO 賃貸 三島市,三島市,賃貸アパート,賃貸カテゴリ（掲載種別）,静岡県三島市川原ケ谷,5.5,53.0,,5,—,—,,—,賃貸のため対象外,,2026-08-09,,https://suumo.jp/chintai/jnc_000105978986/?bc=100497723980,不適合
SUUMO 賃貸 三島市,三島市,賃貸アパート,賃貸カテゴリ（掲載種別）,静岡県三島市加茂川町,5.5,35.2,,5,—,—,,—,賃貸のため対象外,,2026-08-09,,https://suumo.jp/chintai/jnc_000072067006/?bc=100467777501,不適合
SUUMO 賃貸 三島市,三島市,賃貸アパート,賃貸カテゴリ（掲載種別）,静岡県三島市安久,5.3,23.2,,5,—,—,,—,賃貸のため対象外,,2026-08-09,,https://suumo.jp/chintai/jnc_000108432108/?bc=100514629441,不適合
SUUMO 賃貸 三島市,三島市,賃貸アパート,賃貸カテゴリ（掲載種別）,静岡県三島市安久,5.6,23.2,,5,—,—,,—,賃貸のため対象外,,2026-08-09,,https://suumo.jp/chintai/jnc_000108298016/?bc=100514629135,不適合
SUUMO 賃貸 三島市,三島市,賃貸アパート,賃貸カテゴリ（掲載種別）,静岡県三島市中島,5.2,52.2,,5,—,—,,—,賃貸のため対象外,,2026-08-09,,https://suumo.jp/chintai/jnc_000104467313/?bc=100507028053,不適合
SUUMO 賃貸 三島市,三島市,賃貸マンション,賃貸カテゴリ（掲載種別）,静岡県三島市壱町田,6.5,59.0,,5,田,—,,—,賃貸のため対象外,,2026-08-09,,https://suumo.jp/chintai/jnc_000104584427/?bc=100486126202,不適合
SUUMO 賃貸 三島市,三島市,賃貸マンション,賃貸カテゴリ（掲載種別）,静岡県三島市壱町田,6.5,59.0,,5,田,—,,—,賃貸のため対象外,,2026-08-09,,https://suumo.jp/chintai/jnc_000104584428/?bc=100486293669,不適合
SUUMO 賃貸 三島市,三島市,賃貸マンション,賃貸カテゴリ（掲載種別）,静岡県三島市壱町田,6.5,59.4,,5,田,—,,—,賃貸のため対象外,,2026-08-09,,https://suumo.jp/chintai/jnc_000104584429/?bc=100441947464,不適合
SUUMO 賃貸 三島市,三島市,賃貸マンション,賃貸カテゴリ（掲載種別）,静岡県三島市壱町田,6.8,59.0,,5,田,—,,—,賃貸のため対象外,,2026-08-09,,https://suumo.jp/chintai/jnc_000104584431/?bc=100486371899,不適合
SUUMO 賃貸 三島市,三島市,賃貸マンション,賃貸カテゴリ（掲載種別）,静岡県三島市壱町田,7.0,59.4,,5,田,—,,—,賃貸のため対象外,,2026-08-09,,https://suumo.jp/chintai/jnc_000051823699/?bc=100477076478,不適合
SUUMO 賃貸 三島市,三島市,賃貸マンション,賃貸カテゴリ（掲載種別）,静岡県三島市壱町田,7.0,59.4,,5,田,—,,—,賃貸のため対象外,,2026-08-09,,https://suumo.jp/chintai/jnc_000104584430/?bc=100477076477,不適合
SUUMO 賃貸 三島市,三島市,賃貸マンション,賃貸カテゴリ（掲載種別）,静岡県三島市壱町田,7.1,59.4,,5,田,—,,—,賃貸のため対象外,,2026-08-09,,https://suumo.jp/chintai/jnc_000108640411/?bc=100477076476,不適合
SUUMO 賃貸 三島市,三島市,賃貸マンション,賃貸カテゴリ（掲載種別）,静岡県三島市壱町田,7.2,59.4,,5,田,—,,—,賃貸のため対象外,,2026-08-09,,https://suumo.jp/chintai/jnc_000051823702/?bc=100465483671,不適合
SUUMO 賃貸 三島市,三島市,賃貸マンション,賃貸カテゴリ（掲載種別）,静岡県三島市日の出町,5.1,50.0,,5,—,—,,—,賃貸のため対象外,,2026-08-09,,https://suumo.jp/chintai/jnc_000096931115/?bc=100425231478,不適合
SUUMO 賃貸 三島市,三島市,賃貸アパート,賃貸カテゴリ（掲載種別）,静岡県三島市御園,5.8,44.9,,5,—,—,,—,賃貸のため対象外,,2026-08-11,,https://suumo.jp/chintai/jnc_000065956257/?bc=100508499986,不適合
SUUMO 賃貸 三島市,三島市,賃貸アパート,賃貸カテゴリ（掲載種別）,静岡県三島市加茂,6.8,59.6,,5,—,—,,—,賃貸のため対象外,,2026-08-11,,https://suumo.jp/chintai/jnc_000036576566/?bc=100507889438,不適合
SUUMO 賃貸 三島市,三島市,賃貸アパート,賃貸カテゴリ（掲載種別）,静岡県三島市加茂,6.8,59.6,,5,—,—,,—,賃貸のため対象外,,2026-08-11,,https://suumo.jp/chintai/jnc_000036576565/?bc=100270925727,不適合
SUUMO 賃貸 三島市,三島市,賃貸アパート,賃貸カテゴリ（掲載種別）,静岡県三島市加茂,6.8,59.6,,5,—,—,,—,賃貸のため対象外,,2026-08-09,,https://suumo.jp/chintai/jnc_000036940086/?bc=100352908590,不適合
SUUMO 賃貸 三島市,三島市,賃貸アパート,賃貸カテゴリ（掲載種別）,静岡県三島市加茂,6.9,59.6,,5,—,—,,—,賃貸のため対象外,,2026-08-11,,https://suumo.jp/chintai/jnc_000054440289/?bc=100507889454,不適合
SUUMO 賃貸 三島市,三島市,賃貸マンション,賃貸カテゴリ（掲載種別）,静岡県三島市文教町２,5.5,48.3,,5,—,—,,—,賃貸のため対象外,,2026-08-09,,https://suumo.jp/chintai/jnc_000091940726/?bc=100444628764,不適合
SUUMO 賃貸 三島市,三島市,賃貸戸建,賃貸カテゴリ（掲載種別）,静岡県三島市梅名,6.0,46.2,,5,—,—,,—,賃貸のため対象外,,2026-08-11,,https://suumo.jp/chintai/jnc_000108783921/?bc=100508223251,不適合
SUUMO 賃貸 三島市,三島市,賃貸マンション,賃貸カテゴリ（掲載種別）,静岡県三島市大宮町３,5.4,26.5,,5,—,—,,—,賃貸のため対象外,,2026-08-10,,https://suumo.jp/chintai/jnc_000107425844/?bc=100502966617,不適合
SUUMO 賃貸 三島市,三島市,賃貸アパート,賃貸カテゴリ（掲載種別）,静岡県三島市西若町,7.3,52.2,,5,—,—,,—,賃貸のため対象外,,2026-08-09,,https://suumo.jp/chintai/jnc_000105749709/?bc=100495772626,不適合
SUUMO 賃貸 三島市,三島市,賃貸アパート,賃貸カテゴリ（掲載種別）,静岡県三島市安久,7.0,68.0,,5,田,—,,—,賃貸のため対象外,,2026-08-09,,https://suumo.jp/chintai/jnc_000103682400/?bc=100498432693,不適合
SUUMO 賃貸 三島市,三島市,賃貸アパート,賃貸カテゴリ（掲載種別）,静岡県三島市中島,4.8,50.6,,5,—,—,,—,賃貸のため対象外,,2026-08-09,,https://suumo.jp/chintai/jnc_000108354151/?bc=100506949574,適合
SUUMO 賃貸 三島市,三島市,賃貸マンション,賃貸カテゴリ（掲載種別）,静岡県三島市三好町,6.9,61.9,,5,—,—,,—,賃貸のため対象外,,2026-08-09,,https://suumo.jp/chintai/jnc_000068196771/?bc=100513826256,不適合
SUUMO 賃貸 三島市,三島市,賃貸マンション,賃貸カテゴリ（掲載種別）,静岡県三島市三好町,8.5,61.9,,5,—,—,,—,賃貸のため対象外,,2026-08-09,,https://suumo.jp/chintai/jnc_000068361343/?bc=100460384780,不適合
SUUMO 賃貸 三島市,三島市,賃貸マンション,賃貸カテゴリ（掲載種別）,静岡県三島市三好町,8.55,61.9,,5,—,—,,—,賃貸のため対象外,,2026-08-09,,https://suumo.jp/chintai/jnc_000106269760/?bc=100352820592,不適合
SUUMO 賃貸 三島市,三島市,賃貸アパート,賃貸カテゴリ（掲載種別）,静岡県三島市大宮町２,5.5,36.9,,5,—,—,,—,賃貸のため対象外,,2026-08-09,,https://suumo.jp/chintai/jnc_000103559650/?bc=100388435407,不適合
SUUMO 賃貸 三島市,三島市,賃貸マンション,賃貸カテゴリ（掲載種別）,静岡県三島市西若町,7.3,33.4,,5,—,—,,—,賃貸のため対象外,,2026-08-09,,https://suumo.jp/chintai/jnc_000073729973/?bc=100505522680,不適合
SUUMO 賃貸 三島市,三島市,賃貸マンション,賃貸カテゴリ（掲載種別）,静岡県三島市西若町,7.6,35.7,,5,—,—,,—,賃貸のため対象外,,2026-08-09,,https://suumo.jp/chintai/jnc_000106968060/?bc=100505349238,不適合
SUUMO 賃貸 三島市,三島市,賃貸マンション,賃貸カテゴリ（掲載種別）,静岡県三島市西若町,7.6,33.4,,5,—,—,,—,賃貸のため対象外,,2026-08-09,,https://suumo.jp/chintai/jnc_000087366425/?bc=100514797215,不適合
SUUMO 賃貸 三島市,三島市,賃貸アパート,賃貸カテゴリ（掲載種別）,静岡県三島市川原ケ谷,7.5,72.6,,5,—,—,,—,賃貸のため対象外,,2026-08-11,,https://suumo.jp/chintai/jnc_000106609508/?bc=100503630287,不適合
SUUMO 賃貸 三島市,三島市,賃貸アパート,賃貸カテゴリ（掲載種別）,静岡県三島市初音台,5.2,49.0,,5,—,—,,—,賃貸のため対象外,,2026-08-09,,https://suumo.jp/chintai/jnc_000059663263/?bc=100444628778,不適合
SUUMO 賃貸 三島市,三島市,賃貸アパート,賃貸カテゴリ（掲載種別）,静岡県三島市初音台,5.2,49.0,,5,—,—,,—,賃貸のため対象外,,2026-08-09,,https://suumo.jp/chintai/jnc_000046748651/?bc=100501488933,不適合
SUUMO 賃貸 三島市,三島市,賃貸マンション,賃貸カテゴリ（掲載種別）,静岡県三島市西本町,5.7,28.5,,5,—,—,,—,賃貸のため対象外,,2026-08-09,,https://suumo.jp/chintai/jnc_000107386014/?bc=100508278823,不適合
SUUMO 賃貸 三島市,三島市,賃貸アパート,賃貸カテゴリ（掲載種別）,静岡県三島市大宮町２,8.4,53.8,,5,—,—,,—,賃貸のため対象外,,2026-08-11,,https://suumo.jp/chintai/jnc_000037083068/?bc=100520289211,不適合
SUUMO 賃貸 三島市,三島市,賃貸アパート,賃貸カテゴリ（掲載種別）,静岡県三島市御園,5.6,57.7,,5,—,—,,—,賃貸のため対象外,,2026-08-09,,https://suumo.jp/chintai/jnc_000108315083/?bc=100515373479,不適合
SUUMO 賃貸 三島市,三島市,賃貸アパート,賃貸カテゴリ（掲載種別）,静岡県三島市加茂,6.7,46.1,,5,—,—,,—,賃貸のため対象外,,2026-08-11,,https://suumo.jp/chintai/jnc_000106884079/?bc=100505589532,不適合
SUUMO 賃貸 三島市,三島市,賃貸アパート,賃貸カテゴリ（掲載種別）,静岡県三島市加茂,6.8,57.8,,5,—,—,,—,賃貸のため対象外,,2026-08-11,,https://suumo.jp/chintai/jnc_000108193401/?bc=100514821120,不適合
SUUMO 賃貸 三島市,三島市,賃貸アパート,賃貸カテゴリ（掲載種別）,静岡県三島市加茂,6.8,53.8,,5,—,—,,—,賃貸のため対象外,,2026-08-11,,https://suumo.jp/chintai/jnc_000107324810/?bc=100507759788,不適合
SUUMO 賃貸 三島市,三島市,賃貸マンション,賃貸カテゴリ（掲載種別）,静岡県三島市徳倉２,5.6,49.5,,5,—,—,,—,賃貸のため対象外,,2026-08-09,,https://suumo.jp/chintai/jnc_000064615745/?bc=100021997450,不適合
SUUMO 賃貸 三島市,三島市,賃貸マンション,賃貸カテゴリ（掲載種別）,静岡県三島市徳倉２,5.6,49.5,,5,—,—,,—,賃貸のため対象外,,2026-08-09,,https://suumo.jp/chintai/jnc_000064615746/?bc=100030317327,不適合
SUUMO 賃貸 三島市,三島市,賃貸マンション,賃貸カテゴリ（掲載種別）,静岡県三島市徳倉２,5.7,49.5,,5,—,—,,—,賃貸のため対象外,,2026-08-09,,https://suumo.jp/chintai/jnc_000064615747/?bc=100097778243,不適合
SUUMO 賃貸 三島市,三島市,賃貸マンション,賃貸カテゴリ（掲載種別）,静岡県三島市徳倉２,5.8,49.5,,5,—,—,,—,賃貸のため対象外,,2026-08-09,,https://suumo.jp/chintai/jnc_000066967348/?bc=100134261213,不適合
SUUMO 賃貸 三島市,三島市,賃貸アパート,賃貸カテゴリ（掲載種別）,静岡県三島市加茂川町,6.3,44.9,,5,—,—,,—,賃貸のため対象外,,2026-08-09,,https://suumo.jp/chintai/jnc_000032504077/?bc=100512892794,不適合
SUUMO 賃貸 三島市,三島市,賃貸マンション,賃貸カテゴリ（掲載種別）,静岡県三島市梅名,3.7,20.0,,5,—,—,,—,賃貸のため対象外,,2026-08-11,,https://suumo.jp/chintai/jnc_000102819554/?bc=100518020411,適合
SUUMO 賃貸 三島市,三島市,賃貸アパート,賃貸カテゴリ（掲載種別）,静岡県三島市萩,7.5,47.5,,5,—,—,,—,賃貸のため対象外,,2026-08-09,,https://suumo.jp/chintai/jnc_000105107059/?bc=100500847705,不適合
SUUMO 賃貸 三島市,三島市,賃貸マンション,賃貸カテゴリ（掲載種別）,静岡県三島市西若町,7.3,65.5,,5,—,—,,—,賃貸のため対象外,,2026-08-09,,https://suumo.jp/chintai/jnc_000087955218/?bc=100440015638,不適合
SUUMO 賃貸 三島市,三島市,賃貸アパート,賃貸カテゴリ（掲載種別）,静岡県三島市幸原町１,5.1,23.2,,5,—,—,,—,賃貸のため対象外,,2026-08-09,,https://suumo.jp/chintai/jnc_000108660204/?bc=100517899967,不適合
SUUMO 賃貸 三島市,三島市,賃貸アパート,賃貸カテゴリ（掲載種別）,静岡県三島市徳倉３,5.0,51.3,,5,—,—,,—,賃貸のため対象外,,2026-08-09,,https://suumo.jp/chintai/jnc_000103171385/?bc=100475430621,適合
SUUMO 賃貸 三島市,三島市,賃貸アパート,賃貸カテゴリ（掲載種別）,静岡県三島市徳倉３,5.0,51.3,,5,—,—,,—,賃貸のため対象外,,2026-08-09,,https://suumo.jp/chintai/jnc_000103171384/?bc=100475430624,適合
SUUMO 賃貸 三島市,三島市,賃貸アパート,賃貸カテゴリ（掲載種別）,静岡県三島市徳倉３,5.2,51.3,,5,—,—,,—,賃貸のため対象外,,2026-08-09,,https://suumo.jp/chintai/jnc_000103171383/?bc=100475185295,不適合
SUUMO 賃貸 三島市,三島市,賃貸アパート,賃貸カテゴリ（掲載種別）,静岡県三島市大宮町３,5.9,29.2,,5,—,—,,—,賃貸のため対象外,,2026-08-10,,https://suumo.jp/chintai/jnc_000081364116/?bc=100501832317,不適合
SUUMO 賃貸 三島市,三島市,賃貸アパート,賃貸カテゴリ（掲載種別）,静岡県三島市大宮町３,6.1,33.6,,5,—,—,,—,賃貸のため対象外,,2026-08-11,,https://suumo.jp/chintai/jnc_000084438146/?bc=100490936691,不適合
SUUMO 賃貸 三島市,三島市,賃貸アパート,賃貸カテゴリ（掲載種別）,静岡県三島市加茂川町,8.3,58.1,,5,—,—,,—,賃貸のため対象外,,2026-08-11,,https://suumo.jp/chintai/jnc_000108735203/?bc=100518741971,不適合
SUUMO 賃貸 三島市,三島市,賃貸アパート,賃貸カテゴリ（掲載種別）,静岡県三島市中,5.5,53.7,,5,—,—,,—,賃貸のため対象外,,2026-08-09,,https://suumo.jp/chintai/jnc_000073231660/?bc=100276915190,不適合
SUUMO 賃貸 三島市,三島市,賃貸アパート,賃貸カテゴリ（掲載種別）,静岡県三島市安久,5.8,38.8,,5,—,—,,—,賃貸のため対象外,,2026-08-11,,https://suumo.jp/chintai/jnc_000102962853/?bc=100518020398,不適合
SUUMO 賃貸 三島市,三島市,賃貸その他,賃貸カテゴリ（掲載種別）,静岡県三島市光ケ丘,8.2,66.6,,5,—,—,,—,賃貸のため対象外,,2026-08-09,,https://suumo.jp/chintai/jnc_000069400151/?bc=100256561544,不適合
SUUMO 賃貸 三島市,三島市,賃貸アパート,賃貸カテゴリ（掲載種別）,静岡県三島市安久,5.0,43.5,,5,—,—,,—,賃貸のため対象外,,2026-08-09,,https://suumo.jp/chintai/jnc_000107970549/?bc=100512793620,適合
SUUMO 賃貸 三島市,三島市,賃貸アパート,賃貸カテゴリ（掲載種別）,静岡県三島市安久,5.6,43.5,,5,—,—,,—,賃貸のため対象外,,2026-08-09,,https://suumo.jp/chintai/jnc_000108553605/?bc=100517110402,不適合
LIFULL 中古戸建 三島市,三島市,空き家,掲載に空き家表記,中古戸建　三島市萩,2649,197.9,44.2,3000,—,—,,不明,接道・区分情報なし。建物ありだが現行法での再建築可否は役場で要確認,,2026-07-28,,https://www.homes.co.jp/kodate/b-1556780000227/,不適合
LIFULL 中古戸建 三島市,三島市,中古戸建,中古戸建/住宅カテゴリ,三島市梅名中古住宅,2980,124.4,79.2,3000,—,—,,不明,接道・区分情報なし。建物ありだが現行法での再建築可否は役場で要確認,,2026-06-21,,https://www.homes.co.jp/kodate/b-1265050002580/,不適合
LIFULL 中古戸建 三島市,三島市,空き家,掲載に空き家表記,三島市谷田中古住宅,3190,153.5,68.7,3000,宅地,—,,不明,接道・区分情報なし。建物ありだが現行法での再建築可否は役場で要確認,,2026-06-21,,https://www.homes.co.jp/kodate/b-1265050002529/,不適合
LIFULL 中古戸建 三島市,三島市,空き家,掲載に空き家表記,中古戸建　三島市北沢,2780,184.8,49.7,3000,宅地,—,,不明,接道・区分情報なし。建物ありだが現行法での再建築可否は役場で要確認,,2026-07-12,,https://www.homes.co.jp/kodate/b-1540930000270/,不適合
LIFULL 中古戸建 三島市,三島市,中古戸建,中古戸建/住宅カテゴリ,三島市大場中古住宅,3100,159.3,64.3,3000,—,—,,不明,接道・区分情報なし。建物ありだが現行法での再建築可否は役場で要確認,,2026-06-28,,https://www.homes.co.jp/kodate/b-1265050002650/,不適合
LIFULL 中古戸建 三島市,三島市,空き家,掲載に空き家表記,三島市東町　築12年　中古住宅,1780,120.5,48.8,3000,田,—,,不明,接道・区分情報なし。建物ありだが現行法での再建築可否は役場で要確認,,2026-07-04,,https://www.homes.co.jp/kodate/b-33333810000748/,不適合
LIFULL 中古戸建 三島市,三島市,中古戸建,中古戸建/住宅カテゴリ,売中古戸建　三島市富士ビレッジ,2200,103.6,70.2,3000,宅地,—,,不明,接道・区分情報なし。建物ありだが現行法での再建築可否は役場で要確認,,2026-06-21,,https://www.homes.co.jp/kodate/b-1500050000673/,不適合
LIFULL 中古戸建 三島市,三島市,空き家,掲載に空き家表記,三島市東大場二丁目中古住宅,2290,212.9,35.6,3000,—,—,,不明,接道・区分情報なし。建物ありだが現行法での再建築可否は役場で要確認,,2026-06-21,NG:東大場,https://www.homes.co.jp/kodate/b-1265050002139/,不適合
LIFULL 中古戸建 三島市,三島市,中古戸建,中古戸建/住宅カテゴリ,三島市富士ビレッジ中古住宅,4183,170.7,81.0,3000,宅地,—,,不明,接道・区分情報なし。建物ありだが現行法での再建築可否は役場で要確認,,2026-07-26,,https://www.homes.co.jp/kodate/b-1265050002684/,不適合
LIFULL 中古戸建 三島市,三島市,中古戸建,中古戸建/住宅カテゴリ,売中古戸建　三島市安久,3480,153.1,75.1,3000,—,—,接道があり、陽当たりや風通し,不明,接道・区分情報なし。建物ありだが現行法での再建築可否は役場で要確認,,2026-07-18,,https://www.homes.co.jp/kodate/b-1500050000683/,不適合
LIFULL 中古戸建 三島市,三島市,中古戸建,中古戸建/住宅カテゴリ,三島市徳倉中古住宅,3480,105.6,108.9,3000,—,—,,不明,接道・区分情報なし。建物ありだが現行法での再建築可否は役場で要確認,,2026-06-21,,https://www.homes.co.jp/kodate/b-1265050002560/,不適合
LIFULL 中古戸建 三島市,三島市,中古戸建,中古戸建/住宅カテゴリ,三島市富士ビレッジ　中古戸建,3499,178.0,65.0,3000,宅地,—,,不明,接道・区分情報なし。建物ありだが現行法での再建築可否は役場で要確認,,2026-06-21,,https://www.homes.co.jp/kodate/b-1490460002333/,不適合
LIFULL 中古戸建 三島市,,中古戸建,中古戸建/住宅カテゴリ,JR東海道本線 三島駅 徒歩22分,3880,103.7,123.7,3000,田,—,,不明,接道・区分情報なし。建物ありだが現行法での再建築可否は役場で要確認,,2026-06-21,,https://www.homes.co.jp/kodate/b-33333630000001/,不適合
LIFULL 中古戸建 三島市,三島市,中古戸建,中古戸建/住宅カテゴリ,売中古戸建　三島市御園,3280,201.1,53.9,3000,田,—,,不明,接道・区分情報なし。建物ありだが現行法での再建築可否は役場で要確認,,2026-06-21,,https://www.homes.co.jp/kodate/b-1500050000501/,不適合
LIFULL 中古戸建 三島市,三島市,中古戸建,中古戸建/住宅カテゴリ,三島市御園　中古戸建,3280,220.2,49.2,3000,田,—,,不明,接道・区分情報なし。建物ありだが現行法での再建築可否は役場で要確認,,2026-06-21,,https://www.homes.co.jp/kodate/b-1490460001877/,不適合
LIFULL 中古戸建 三島市,三島市,空き家,掲載に空き家表記,三島市新谷中古住宅,2980,165.4,59.6,3000,—,—,,不明,接道・区分情報なし。建物ありだが現行法での再建築可否は役場で要確認,,2026-07-19,,https://www.homes.co.jp/kodate/b-1265050002679/,不適合
LIFULL 中古戸建 三島市,,空き家,掲載に空き家表記,伊豆箱根鉄道駿豆線 三島二日町駅 徒歩26分,3980,188.5,69.8,3000,宅地,—,,不明,接道・区分情報なし。建物ありだが現行法での再建築可否は役場で要確認,,2026-06-21,,https://www.homes.co.jp/kodate/b-33328200001056/,不適合
LIFULL 中古戸建 三島市,三島市,中古戸建,中古戸建/住宅カテゴリ,三島市佐野見晴台1丁目中古住宅,4600,252.3,60.3,3000,—,—,,不明,接道・区分情報なし。建物ありだが現行法での再建築可否は役場で要確認,,2026-06-21,,https://www.homes.co.jp/kodate/b-1265050002470/,不適合
LIFULL 中古戸建 三島市,三島市,中古戸建,中古戸建/住宅カテゴリ,中古戸建　三島市富士ビレッジ,4998,170.7,96.8,3000,宅地,—,,不明,接道・区分情報なし。建物ありだが現行法での再建築可否は役場で要確認,,2026-06-21,,https://www.homes.co.jp/kodate/b-1540930000215/,不適合
LIFULL 中古戸建 三島市,三島市,空き家,掲載に空き家表記,三島市錦が丘　戸建て,2499,205.3,40.2,3000,—,—,,不明,接道・区分情報なし。建物ありだが現行法での再建築可否は役場で要確認,,2026-08-07,,https://www.homes.co.jp/kodate/b-1220300000756/,不適合
LIFULL 中古戸建 三島市,三島市,空き家,掲載に空き家表記,三島市千枚原中古住宅,4780,208.1,75.9,3000,宅地,—,,不明,接道・区分情報なし。建物ありだが現行法での再建築可否は役場で要確認,,2026-06-21,,https://www.homes.co.jp/kodate/b-1265050001989/,不適合
LIFULL 中古戸建 三島市,三島市,中古戸建,中古戸建/住宅カテゴリ,三島市東大場1丁目・2階建て,2980,209.7,47.0,3000,田,—,,不明,接道・区分情報なし。建物ありだが現行法での再建築可否は役場で要確認,,2026-06-21,NG:東大場,https://www.homes.co.jp/kodate/b-1540930000096/,不適合
LIFULL 中古戸建 三島市,三島市,空き家,掲載に空き家表記,三島市梅名戸建て,2980,216.2,45.6,3000,田,—,,不明,接道・区分情報なし。建物ありだが現行法での再建築可否は役場で要確認,,2026-06-21,,https://www.homes.co.jp/kodate/b-33334000000001/,不適合
LIFULL 中古戸建 三島市,三島市,空き家,掲載に空き家表記,三島市谷田中古住宅,1598,145.7,36.3,3000,宅地,—,,不明,接道・区分情報なし。建物ありだが現行法での再建築可否は役場で要確認,,2026-06-21,,https://www.homes.co.jp/kodate/b-1265050002448/,不適合
LIFULL 中古戸建 三島市,三島市,中古戸建,中古戸建/住宅カテゴリ,売中古戸建　三島市徳倉3丁目,4500,200.8,74.1,3000,宅地,—,,不明,接道・区分情報なし。建物ありだが現行法での再建築可否は役場で要確認,,2026-06-21,,https://www.homes.co.jp/kodate/b-1500050000632/,不適合
LIFULL 中古戸建 三島市,三島市,中古戸建,中古戸建/住宅カテゴリ,中古戸建　三島市若松町,2980,250.1,39.4,3000,宅地,—,,不明,接道・区分情報なし。建物ありだが現行法での再建築可否は役場で要確認,,2026-06-21,,https://www.homes.co.jp/kodate/b-1540930000226/,不適合
LIFULL 中古戸建 三島市,三島市,空き家,掲載に空き家表記,三島市川原ケ谷（三島駅）　木造二階建住宅,980,122.5,26.4,3000,—,—,,不明,接道・区分情報なし。建物ありだが現行法での再建築可否は役場で要確認,,2026-08-02,,https://www.homes.co.jp/kodate/b-1531160000030/,不適合
LIFULL 中古戸建 三島市,三島市,空き家,掲載に空き家表記,三島市富士ビレッジ　中古戸建,2180,153.0,47.1,3000,宅地,—,,不明,接道・区分情報なし。建物ありだが現行法での再建築可否は役場で要確認,,2026-08-07,,https://www.homes.co.jp/kodate/b-33327210001588/,不適合
LIFULL 中古戸建 三島市,三島市,空き家,掲載に空き家表記,三島市錦が丘,2499,187.7,44.0,3000,—,—,,不明,接道・区分情報なし。建物ありだが現行法での再建築可否は役場で要確認,,2026-08-03,,https://www.homes.co.jp/kodate/b-1443010009885/,不適合
LIFULL 中古戸建 三島市,三島市,空き家,掲載に空き家表記,三島市錦が丘　中古一戸建て,2449,187.7,43.1,3000,—,—,,不明,接道・区分情報なし。建物ありだが現行法での再建築可否は役場で要確認,,2026-07-20,,https://www.homes.co.jp/kodate/b-1475010001832/,不適合
SUUMO 土地 裾野市,裾野市,更地,土地カテゴリ（建物表記なし）,静岡県裾野市伊豆島田,1750,141.3,40.9,1500,田,—,,不明,接道・区分情報なし、詳細/役場で要確認,,2026-08-10,,https://suumo.jp/tochi/shizuoka/sc_susono/nc_77114614/,不適合
SUUMO 土地 裾野市,裾野市,更地,土地カテゴリ（建物表記なし）,静岡県裾野市水窪,2830,200.7,46.6,1500,—,—,,不明,接道・区分情報なし、詳細/役場で要確認,,2026-08-10,,https://suumo.jp/tochi/shizuoka/sc_susono/nc_77533939/,不適合
SUUMO 土地 裾野市,裾野市,更地,土地カテゴリ（建物表記なし）,静岡県裾野市二ツ屋字盤若塚175番23外,1919,166.0,38.2,1500,—,—,,不明,接道・区分情報なし、詳細/役場で要確認,,2026-06-17,,https://suumo.jp/tochi/shizuoka/sc_susono/nc_76816352/,不適合
SUUMO 土地 裾野市,裾野市,更地,土地カテゴリ（建物表記なし）,静岡県裾野市須山主要地,50,551.0,0.3,1500,—,—,,不明,接道・区分情報なし、詳細/役場で要確認,,2026-06-17,,https://suumo.jp/tochi/shizuoka/sc_susono/nc_20887246/,適合
SUUMO 土地 裾野市,裾野市,更地,土地カテゴリ（建物表記なし）,静岡県裾野市今里,700,191.3,12.1,1500,—,—,,不明,接道・区分情報なし、詳細/役場で要確認,,2026-06-17,,https://suumo.jp/tochi/shizuoka/sc_susono/nc_75881056/,不適合
SUUMO 土地 裾野市,裾野市,更地,土地カテゴリ（建物表記なし）,静岡県裾野市平松,890,100.7,29.2,1500,—,—,,不明,接道・区分情報なし、詳細/役場で要確認,,2026-06-17,,https://suumo.jp/tochi/shizuoka/sc_susono/nc_20763181/,不適合
SUUMO 土地 裾野市,裾野市,更地,土地カテゴリ（建物表記なし）,静岡県裾野市須山,1390,1149.0,4.0,1500,—,—,,不明,接道・区分情報なし、詳細/役場で要確認,,2026-08-10,,https://suumo.jp/tochi/shizuoka/sc_susono/nc_78216986/,適合
SUUMO 土地 裾野市,裾野市,更地,土地カテゴリ（建物表記なし）,静岡県裾野市深良440-1,1500,807.7,6.1,1500,—,—,,不明,接道・区分情報なし、詳細/役場で要確認,,2026-06-28,,https://suumo.jp/tochi/shizuoka/sc_susono/nc_79235167/,適合
SUUMO 土地 裾野市,裾野市,更地,土地カテゴリ（建物表記なし）,静岡県裾野市佐野,1570,157.2,33.0,1500,—,—,,不明,接道・区分情報なし、詳細/役場で要確認,,2026-06-17,,https://suumo.jp/tochi/shizuoka/sc_susono/nc_20935308/,不適合
SUUMO 土地 裾野市,裾野市,更地,土地カテゴリ（建物表記なし）,静岡県裾野市水窪,1580,165.6,31.5,1500,—,—,,不明,接道・区分情報なし、詳細/役場で要確認,,2026-06-17,,https://suumo.jp/tochi/shizuoka/sc_susono/nc_77714140/,不適合
SUUMO 土地 裾野市,裾野市,更地,土地カテゴリ（建物表記なし）,静岡県裾野市茶畑,1580,155.4,33.6,1500,畑,—,,不明,接道・区分情報なし、詳細/役場で要確認,,2026-06-30,,https://suumo.jp/tochi/shizuoka/sc_susono/nc_21183880/,不適合
SUUMO 土地 裾野市,裾野市,更地,土地カテゴリ（建物表記なし）,静岡県裾野市二ツ屋131,1615,140.5,38.0,1500,—,—,,不明,接道・区分情報なし、詳細/役場で要確認,,2026-06-17,,https://suumo.jp/tochi/shizuoka/sc_susono/nc_77736694/,不適合
SUUMO 土地 裾野市,裾野市,更地,土地カテゴリ（建物表記なし）,静岡県裾野市佐野,1650,155.5,35.1,1500,—,—,,不明,接道・区分情報なし、詳細/役場で要確認,,2026-06-17,,https://suumo.jp/tochi/shizuoka/sc_susono/nc_20935307/,不適合
SUUMO 土地 裾野市,裾野市,更地,土地カテゴリ（建物表記なし）,静岡県裾野市茶畑,1680,339.7,16.3,1500,畑,—,,不明,接道・区分情報なし、詳細/役場で要確認,,2026-06-17,,https://suumo.jp/tochi/shizuoka/sc_susono/nc_74416999/,不適合
SUUMO 土地 裾野市,裾野市,更地,土地カテゴリ（建物表記なし）,静岡県裾野市二ツ屋10-5,1680,304.0,18.3,1500,—,—,,不明,接道・区分情報なし、詳細/役場で要確認,,2026-07-12,,https://suumo.jp/tochi/shizuoka/sc_susono/nc_77407626/,不適合
SUUMO 土地 裾野市,裾野市,更地,土地カテゴリ（建物表記なし）,静岡県裾野市伊豆島田204-2他,1698,150.2,37.4,1500,田,—,,不明,接道・区分情報なし、詳細/役場で要確認,,2026-06-17,,https://suumo.jp/tochi/shizuoka/sc_susono/nc_77102757/,不適合
SUUMO 土地 裾野市,裾野市,更地,土地カテゴリ（建物表記なし）,静岡県裾野市茶畑,1698,201.7,27.8,1500,畑,—,,不明,接道・区分情報なし、詳細/役場で要確認,,2026-06-17,,https://suumo.jp/tochi/shizuoka/sc_susono/nc_78556148/,不適合
SUUMO 土地 裾野市,裾野市,更地,土地カテゴリ（建物表記なし）,静岡県裾野市伊豆島田,1750,133.8,43.2,1500,田,—,,不明,接道・区分情報なし、詳細/役場で要確認,,2026-06-17,,https://suumo.jp/tochi/shizuoka/sc_susono/nc_79060252/,不適合
SUUMO 土地 裾野市,裾野市,更地,土地カテゴリ（建物表記なし）,静岡県裾野市茶畑字中丸333番24外,1760,160.9,36.2,1500,畑,—,,不明,接道・区分情報なし、詳細/役場で要確認,,2026-07-04,,https://suumo.jp/tochi/shizuoka/sc_susono/nc_20047231/,不適合
SUUMO 土地 裾野市,裾野市,更地,土地カテゴリ（建物表記なし）,静岡県裾野市稲荷字稲荷後123番25、同番30の内,1790,159.2,37.2,1500,—,—,,不明,接道・区分情報なし、詳細/役場で要確認,,2026-06-17,,https://suumo.jp/tochi/shizuoka/sc_susono/nc_20495656/,不適合
SUUMO 土地 裾野市,裾野市,更地,土地カテゴリ（建物表記なし）,静岡県裾野市公文名,1850,251.4,24.3,1500,—,—,,不明,接道・区分情報なし、詳細/役場で要確認,,2026-06-17,,https://suumo.jp/tochi/shizuoka/sc_susono/nc_20303489/,不適合
SUUMO 土地 裾野市,裾野市,更地,土地カテゴリ（建物表記なし）,静岡県裾野市伊豆島田,3100,281.2,36.4,1500,田,—,,不明,接道・区分情報なし、詳細/役場で要確認,,2026-06-17,,https://suumo.jp/tochi/shizuoka/sc_susono/nc_20801996/,不適合
SUUMO 土地 裾野市,裾野市,更地,土地カテゴリ（建物表記なし）,静岡県裾野市金沢,3400,681.3,16.5,1500,—,—,,不明,接道・区分情報なし、詳細/役場で要確認,,2026-06-17,,https://suumo.jp/tochi/shizuoka/sc_susono/nc_75040828/,不適合
SUUMO 土地 裾野市,裾野市,更地,土地カテゴリ（建物表記なし）,静岡県裾野市佐野,4000,624.9,21.2,1500,—,—,,不明,接道・区分情報なし、詳細/役場で要確認,,2026-07-09,,https://suumo.jp/tochi/shizuoka/sc_susono/nc_21150692/,不適合
SUUMO 土地 裾野市,裾野市,更地,土地カテゴリ（建物表記なし）,静岡県裾野市金沢,5000,2353.0,7.0,1500,—,—,,不明,接道・区分情報なし、詳細/役場で要確認,,2026-08-04,,https://suumo.jp/tochi/shizuoka/sc_susono/nc_76414396/,不適合
LIFULL 賃貸 伊豆の国市,伊豆の国市,賃貸戸建,賃貸カテゴリ（掲載種別）,静岡県伊豆の国市寺家67-2,12.2,86.1,,5,—,—,,—,賃貸のため対象外,,2026-08-11,,https://www.homes.co.jp/chintai/room/901d0cbfe7e09bde3cbe5eec961240bd1fbdc2c4/,不適合
LIFULL 賃貸 伊豆の国市,伊豆の国市,賃貸マンション,賃貸カテゴリ（掲載種別）,静岡県伊豆の国市寺家705-1,6.9,62.8,,5,—,—,,—,賃貸のため対象外,,2026-07-25,,https://www.homes.co.jp/chintai/room/b8d79fd592c2e51f9a728bc362c15993ee358505/,不適合
LIFULL 賃貸 伊豆の国市,伊豆の国市,賃貸マンション,賃貸カテゴリ（掲載種別）,静岡県伊豆の国市寺家705-1,6.9,62.8,,5,—,—,,—,賃貸のため対象外,,2026-07-25,,https://www.homes.co.jp/chintai/room/0a196ee684ed3e0af3c7a1b37e61e27f6b925c0a/,不適合
LIFULL 賃貸 伊豆の国市,伊豆の国市,賃貸マンション,賃貸カテゴリ（掲載種別）,静岡県伊豆の国市寺家705-1,6.6,62.8,,5,—,—,,—,賃貸のため対象外,,2026-07-29,,https://www.homes.co.jp/chintai/room/c1201d421a093a590473d5856395763068e28eff/,不適合
LIFULL 賃貸 伊豆の国市,伊豆の国市,賃貸アパート,賃貸カテゴリ（掲載種別）,静岡県伊豆の国市長岡,6.95,50.0,,5,—,—,,—,賃貸のため対象外,,2026-08-11,,https://www.homes.co.jp/chintai/room/f3fef8c68e5bf333f830d4c3ce13862287843b83/,不適合
LIFULL 賃貸 伊豆の国市,伊豆の国市,賃貸アパート,賃貸カテゴリ（掲載種別）,静岡県伊豆の国市田京,6.8,50.1,,5,田,—,,—,賃貸のため対象外,,2026-08-07,,https://www.homes.co.jp/chintai/room/753d40014122402348fed7dba26bc29f4fbbfe38/,不適合
LIFULL 賃貸 伊豆の国市,伊豆の国市,賃貸アパート,賃貸カテゴリ（掲載種別）,静岡県伊豆の国市南條,7.8,59.7,,5,—,—,,—,賃貸のため対象外,,2026-08-04,,https://www.homes.co.jp/chintai/room/b138968f8c32f9c50e0d122266cea447c8884e51/,不適合
LIFULL 賃貸 伊豆の国市,伊豆の国市,賃貸アパート,賃貸カテゴリ（掲載種別）,静岡県伊豆の国市田京,8.05,59.2,,5,田,—,,—,賃貸のため対象外,,2026-08-07,,https://www.homes.co.jp/chintai/room/36896f153c551414f8b16279a02ace3d56fcf681/,不適合
LIFULL 賃貸 伊豆の国市,伊豆の国市,賃貸アパート,賃貸カテゴリ（掲載種別）,静岡県伊豆の国市田京,6.15,50.1,,5,田,—,,—,賃貸のため対象外,,2026-08-11,,https://www.homes.co.jp/chintai/room/65015e800582a22e045a5683515153ca9786af97/,不適合
LIFULL 賃貸 伊豆の国市,伊豆の国市,賃貸アパート,賃貸カテゴリ（掲載種別）,静岡県伊豆の国市大仁,6.4,50.1,,5,—,—,,—,賃貸のため対象外,,2026-07-25,,https://www.homes.co.jp/chintai/room/eabebc002042fd21e97143693d5cc258b5444a48/,不適合
LIFULL 賃貸 伊豆の国市,伊豆の国市,賃貸アパート,賃貸カテゴリ（掲載種別）,静岡県伊豆の国市田京,6.2,48.9,,5,田,—,,—,賃貸のため対象外,,2026-08-11,,https://www.homes.co.jp/chintai/room/55fc9c490d45a1cf0410ca8e486fdfc80ab0a9c9/,不適合
LIFULL 賃貸 伊豆の国市,伊豆の国市,賃貸アパート,賃貸カテゴリ（掲載種別）,静岡県伊豆の国市長岡,6.75,58.6,,5,—,—,,—,賃貸のため対象外,,2026-07-25,,https://www.homes.co.jp/chintai/room/831f6219a1d644238b30f345e2b57e72666844de/,不適合
LIFULL 賃貸 伊豆の国市,伊豆の国市,賃貸アパート,賃貸カテゴリ（掲載種別）,静岡県伊豆の国市原木,6.7,55.7,,5,—,—,,—,賃貸のため対象外,,2026-07-25,,https://www.homes.co.jp/chintai/room/c18313d42b5c7daad4aa7460af2fda53cd4af770/,不適合
LIFULL 賃貸 伊豆の国市,伊豆の国市,賃貸アパート,賃貸カテゴリ（掲載種別）,静岡県伊豆の国市原木,6.7,55.7,,5,—,—,,—,賃貸のため対象外,,2026-07-25,,https://www.homes.co.jp/chintai/room/5711ca77a2b24abc22fdeb9ab001efbafee17789/,不適合
LIFULL 賃貸 伊豆の国市,伊豆の国市,賃貸その他,賃貸カテゴリ（掲載種別）,静岡県伊豆の国市古奈,6.6,60.9,,5,—,—,,—,賃貸のため対象外,,2026-08-11,,https://www.homes.co.jp/chintai/room/34da05cfa8597f18cf5e2b4731d861d28b34178c/,不適合
LIFULL 賃貸 伊豆の国市,伊豆の国市,賃貸アパート,賃貸カテゴリ（掲載種別）,静岡県伊豆の国市寺家,6.7,59.2,,5,—,—,,—,賃貸のため対象外,,2026-08-11,,https://www.homes.co.jp/chintai/room/b372dd7c42c645e2780fefefe3e8d5a05227f502/,不適合
LIFULL 賃貸 伊豆の国市,伊豆の国市,賃貸アパート,賃貸カテゴリ（掲載種別）,静岡県伊豆の国市寺家,6.7,59.2,,5,—,—,,—,賃貸のため対象外,,2026-08-11,,https://www.homes.co.jp/chintai/room/7587a3b95de8ffb80df13a7ebb19d58d8afa566a/,不適合
LIFULL 賃貸 伊豆の国市,伊豆の国市,賃貸アパート,賃貸カテゴリ（掲載種別）,静岡県伊豆の国市寺家,6.4,50.8,,5,—,—,,—,賃貸のため対象外,,2026-08-11,,https://www.homes.co.jp/chintai/room/85feb5821ea5f4e4a221c9b8e3cad550f7fc9110/,不適合
LIFULL 賃貸 伊豆の国市,伊豆の国市,賃貸戸建,賃貸カテゴリ（掲載種別）,静岡県伊豆の国市寺家,12.2,86.1,,5,—,—,,—,賃貸のため対象外,,2026-07-25,,https://www.homes.co.jp/chintai/room/2b9e4a8016fb681da9b683d4e58046b8d49e6d18/,不適合
LIFULL 賃貸 伊豆の国市,伊豆の国市,賃貸アパート,賃貸カテゴリ（掲載種別）,静岡県伊豆の国市三福,6.7,64.6,,5,—,—,,—,賃貸のため対象外,,2026-07-25,,https://www.homes.co.jp/chintai/room/152d62d37d86960cd6e389154b5d056b6c587119/,不適合
LIFULL 賃貸 伊豆の国市,伊豆の国市,賃貸アパート,賃貸カテゴリ（掲載種別）,静岡県伊豆の国市寺家,6.5,59.5,,5,—,—,,—,賃貸のため対象外,,2026-07-25,,https://www.homes.co.jp/chintai/room/d97cb84801bd57ff84c4848916f8af8a066da499/,不適合
LIFULL 賃貸 伊豆の国市,伊豆の国市,賃貸アパート,賃貸カテゴリ（掲載種別）,静岡県伊豆の国市寺家,6.5,59.5,,5,—,—,,—,賃貸のため対象外,,2026-07-25,,https://www.homes.co.jp/chintai/room/3fff14f28808a1e6dd29796da3d1b810785b45b6/,不適合
LIFULL 賃貸 伊豆の国市,伊豆の国市,賃貸アパート,賃貸カテゴリ（掲載種別）,静岡県伊豆の国市寺家,6.4,59.5,,5,—,—,,—,賃貸のため対象外,,2026-07-25,,https://www.homes.co.jp/chintai/room/5ac217228474b3cf66380edddfb5c34c1c7fb9af/,不適合
LIFULL 賃貸 伊豆の国市,伊豆の国市,賃貸アパート,賃貸カテゴリ（掲載種別）,静岡県伊豆の国市寺家,6.4,59.5,,5,—,—,,—,賃貸のため対象外,,2026-07-25,,https://www.homes.co.jp/chintai/room/33a94ea27bf555c805ccf0b5f343e6c3532c1eb3/,不適合
LIFULL 賃貸 伊豆の国市,伊豆の国市,賃貸アパート,賃貸カテゴリ（掲載種別）,静岡県伊豆の国市田京,6.9,46.9,,5,田,—,,—,賃貸のため対象外,,2026-08-07,,https://www.homes.co.jp/chintai/room/3eaac0c02b72c3ac3e3b6833a565e973d8fd0b12/,不適合
LIFULL 賃貸 伊豆の国市,伊豆の国市,賃貸アパート,賃貸カテゴリ（掲載種別）,静岡県伊豆の国市田京,6.8,46.9,,5,田,—,,—,賃貸のため対象外,,2026-08-07,,https://www.homes.co.jp/chintai/room/8481b25cef597e6dd29e23ffac5075edd330ad93/,不適合
LIFULL 賃貸 伊豆の国市,伊豆の国市,賃貸アパート,賃貸カテゴリ（掲載種別）,静岡県伊豆の国市田京,6.8,46.9,,5,田,—,,—,賃貸のため対象外,,2026-08-07,,https://www.homes.co.jp/chintai/room/2e85fdf5b088aff89b350261b1993e2805722f6d/,不適合
LIFULL 賃貸 伊豆の国市,伊豆の国市,賃貸アパート,賃貸カテゴリ（掲載種別）,静岡県伊豆の国市田京,6.8,46.9,,5,田,—,,—,賃貸のため対象外,,2026-08-07,,https://www.homes.co.jp/chintai/room/0acedeb3f05a73df5db61ce455a3f246819a6d19/,不適合
LIFULL 賃貸 伊豆の国市,伊豆の国市,賃貸アパート,賃貸カテゴリ（掲載種別）,静岡県伊豆の国市田京,6.8,46.9,,5,田,—,,—,賃貸のため対象外,,2026-08-07,,https://www.homes.co.jp/chintai/room/7eed9d8f3c91b2cfd608c76dd800aa30a18ddb06/,不適合
LIFULL 賃貸 伊豆の国市,伊豆の国市,賃貸アパート,賃貸カテゴリ（掲載種別）,静岡県伊豆の国市田京,6.3,46.9,,5,田,—,,—,賃貸のため対象外,,2026-07-25,,https://www.homes.co.jp/chintai/room/e372c2e0b29f08bf6ec402a102e52fb3a059d470/,不適合
LIFULL 賃貸 伊豆の国市,伊豆の国市,賃貸アパート,賃貸カテゴリ（掲載種別）,静岡県伊豆の国市田京,6.3,46.9,,5,田,—,,—,賃貸のため対象外,,2026-07-25,,https://www.homes.co.jp/chintai/room/a4241bb100e6e4e4537c4467fbd9b1e60e531ba7/,不適合
LIFULL 賃貸 伊豆の国市,伊豆の国市,賃貸アパート,賃貸カテゴリ（掲載種別）,静岡県伊豆の国市南條,7.4,59.2,,5,—,—,,—,賃貸のため対象外,,2026-07-25,,https://www.homes.co.jp/chintai/room/de967a1c2b6e4637031a370bbbd9768448e62256/,不適合
LIFULL 賃貸 伊豆の国市,伊豆の国市,賃貸アパート,賃貸カテゴリ（掲載種別）,静岡県伊豆の国市南條,7.4,59.2,,5,—,—,,—,賃貸のため対象外,,2026-07-25,,https://www.homes.co.jp/chintai/room/c9b7cb11e99d408a398b6e42690a3c2ca005cbda/,不適合
LIFULL 賃貸 伊豆の国市,伊豆の国市,賃貸アパート,賃貸カテゴリ（掲載種別）,静岡県伊豆の国市南條,7.4,59.2,,5,—,—,,—,賃貸のため対象外,,2026-07-25,,https://www.homes.co.jp/chintai/room/2d233b11c63bef2f22e607094dc7bf187b7dca1f/,不適合
LIFULL 賃貸 伊豆の国市,伊豆の国市,賃貸マンション,賃貸カテゴリ（掲載種別）,静岡県伊豆の国市南條,6.15,45.4,,5,—,—,,—,賃貸のため対象外,,2026-07-27,,https://www.homes.co.jp/chintai/room/8548cf7f1ceba72ce40d09699ad5c01a2793981e/,不適合
LIFULL 賃貸 伊豆の国市,伊豆の国市,賃貸マンション,賃貸カテゴリ（掲載種別）,静岡県伊豆の国市原木,6.2,63.2,,5,—,—,,—,賃貸のため対象外,,2026-07-27,,https://www.homes.co.jp/chintai/room/e92b1f80a07676dcb6c9add562c0815088738d70/,不適合
LIFULL 賃貸 伊豆の国市,伊豆の国市,賃貸アパート,賃貸カテゴリ（掲載種別）,静岡県伊豆の国市田京,8.4,54.5,,5,田,—,,—,賃貸のため対象外,,2026-08-09,,https://www.homes.co.jp/chintai/room/6747afb2cc53e3acf7a9e7ac15d8706054cd5137/,不適合
LIFULL 賃貸 伊豆の国市,伊豆の国市,賃貸アパート,賃貸カテゴリ（掲載種別）,静岡県伊豆の国市田京,8.4,54.5,,5,田,—,,—,賃貸のため対象外,,2026-08-09,,https://www.homes.co.jp/chintai/room/0ee6abaa595d27f887464478efae3c2404cc8b4d/,不適合
LIFULL 賃貸 伊豆の国市,伊豆の国市,賃貸アパート,賃貸カテゴリ（掲載種別）,静岡県伊豆の国市田京,8.4,54.5,,5,田,—,,—,賃貸のため対象外,,2026-08-09,,https://www.homes.co.jp/chintai/room/3fdb74b66a16389a86e5298f214cf10b6005565b/,不適合
LIFULL 賃貸 伊豆の国市,伊豆の国市,賃貸アパート,賃貸カテゴリ（掲載種別）,静岡県伊豆の国市田京,5.3,54.5,,5,田,—,,—,賃貸のため対象外,,2026-08-09,,https://www.homes.co.jp/chintai/room/69ffe436b6368dc00a22f295bdfdcf2e165ca803/,不適合
LIFULL 賃貸 伊豆の国市,伊豆の国市,賃貸アパート,賃貸カテゴリ（掲載種別）,静岡県伊豆の国市三福,7.0,58.4,,5,—,—,,—,賃貸のため対象外,,2026-07-27,,https://www.homes.co.jp/chintai/room/22aa87875ac382540e45622a7f78a8ca7724714d/,不適合
LIFULL 賃貸 伊豆の国市,伊豆の国市,賃貸アパート,賃貸カテゴリ（掲載種別）,静岡県伊豆の国市三福,7.0,58.4,,5,—,—,,—,賃貸のため対象外,,2026-07-27,,https://www.homes.co.jp/chintai/room/be28a87fb58f99016868d4f2c6a712b604039b66/,不適合
LIFULL 賃貸 伊豆の国市,伊豆の国市,賃貸アパート,賃貸カテゴリ（掲載種別）,静岡県伊豆の国市長岡,6.7,43.5,,5,—,—,,—,賃貸のため対象外,,2026-08-11,,https://www.homes.co.jp/chintai/room/edebcd2fd8e16aed80313fa8828b8067f7607058/,不適合
LIFULL 賃貸 伊豆の国市,伊豆の国市,賃貸アパート,賃貸カテゴリ（掲載種別）,静岡県伊豆の国市長岡,4.3,23.2,,5,—,—,,—,賃貸のため対象外,,2026-08-11,,https://www.homes.co.jp/chintai/room/001a1160011559fd8e00b303400dab4b1f20de3e/,適合
LIFULL 賃貸 伊豆の国市,伊豆の国市,賃貸アパート,賃貸カテゴリ（掲載種別）,静岡県伊豆の国市長岡,4.3,23.2,,5,—,—,,—,賃貸のため対象外,,2026-08-11,,https://www.homes.co.jp/chintai/room/48feda1664885f30ff7a0e28857f473ab7a6dbc8/,適合
LIFULL 賃貸 伊豆の国市,伊豆の国市,賃貸アパート,賃貸カテゴリ（掲載種別）,静岡県伊豆の国市長岡,4.3,23.2,,5,—,—,,—,賃貸のため対象外,,2026-08-11,,https://www.homes.co.jp/chintai/room/c5a41a61687d3222ff9483419f610f08f98e25f6/,適合
LIFULL 賃貸 伊豆の国市,伊豆の国市,賃貸マンション,賃貸カテゴリ（掲載種別）,静岡県伊豆の国市富士見,6.9,50.4,,5,—,—,,—,賃貸のため対象外,,2026-07-27,,https://www.homes.co.jp/chintai/room/b101b18fe99dcd466fafd259d203efb69b9ca6b9/,不適合
LIFULL 賃貸 伊豆の国市,伊豆の国市,賃貸マンション,賃貸カテゴリ（掲載種別）,静岡県伊豆の国市富士見,6.9,50.4,,5,—,—,,—,賃貸のため対象外,,2026-07-27,,https://www.homes.co.jp/chintai/room/dbb04e0283a87ec62d25782c46abe4df1b081100/,不適合
LIFULL 賃貸 伊豆の国市,伊豆の国市,賃貸マンション,賃貸カテゴリ（掲載種別）,静岡県伊豆の国市南條,6.3,53.5,,5,—,—,,—,賃貸のため対象外,,2026-07-27,,https://www.homes.co.jp/chintai/room/f51f77d54928c19bbe03313e5b2a22d91e643c90/,不適合
LIFULL 賃貸 伊豆の国市,伊豆の国市,賃貸マンション,賃貸カテゴリ（掲載種別）,静岡県伊豆の国市南江間,6.5,65.8,,5,—,—,,—,賃貸のため対象外,,2026-07-27,,https://www.homes.co.jp/chintai/room/453bc4b915a350ec1ebb993b3ac82f7e6d0db0b9/,不適合
LIFULL 賃貸 伊豆の国市,伊豆の国市,賃貸マンション,賃貸カテゴリ（掲載種別）,静岡県伊豆の国市奈古谷,6.3,45.1,,5,—,—,,—,賃貸のため対象外,,2026-07-27,,https://www.homes.co.jp/chintai/room/148653d02f4b8a6bd50e545731379527eeacc659/,不適合
LIFULL 賃貸 伊豆の国市,伊豆の国市,賃貸マンション,賃貸カテゴリ（掲載種別）,静岡県伊豆の国市奈古谷,7.5,56.4,,5,—,—,,—,賃貸のため対象外,,2026-07-27,,https://www.homes.co.jp/chintai/room/1f7afff8cdaf89f6cf6cfe6e4c95994028dab7ad/,不適合
LIFULL 賃貸 伊豆の国市,伊豆の国市,賃貸マンション,賃貸カテゴリ（掲載種別）,静岡県伊豆の国市奈古谷,7.5,54.5,,5,—,—,,—,賃貸のため対象外,,2026-07-27,,https://www.homes.co.jp/chintai/room/717fe476225885efca50bb6ecd239a21fbb6398d/,不適合
LIFULL 賃貸 伊豆の国市,伊豆の国市,賃貸マンション,賃貸カテゴリ（掲載種別）,静岡県伊豆の国市原木,6.5,61.0,,5,—,—,,—,賃貸のため対象外,,2026-07-27,,https://www.homes.co.jp/chintai/room/82fe2dd719439f9bd2e713f0fcdf6e92c4fa551b/,不適合
LIFULL 賃貸 伊豆の国市,伊豆の国市,賃貸マンション,賃貸カテゴリ（掲載種別）,静岡県伊豆の国市原木,6.5,61.0,,5,—,—,,—,賃貸のため対象外,,2026-07-27,,https://www.homes.co.jp/chintai/room/eed5248aa44a6f15720c326ca00f873efd3aee59/,不適合
LIFULL 賃貸 伊豆の国市,伊豆の国市,賃貸マンション,賃貸カテゴリ（掲載種別）,静岡県伊豆の国市原木,6.5,65.0,,5,—,—,,—,賃貸のため対象外,,2026-07-27,,https://www.homes.co.jp/chintai/room/2d0e0495773c76bc2ad201e9311de63ed8ac3974/,不適合
LIFULL 賃貸 伊豆の国市,伊豆の国市,賃貸マンション,賃貸カテゴリ（掲載種別）,静岡県伊豆の国市原木,6.5,61.0,,5,—,—,,—,賃貸のため対象外,,2026-07-27,,https://www.homes.co.jp/chintai/room/27ecd81a93a2930fb75147f6f8af67fc4ccdd8e6/,不適合
LIFULL 賃貸 伊豆の国市,伊豆の国市,賃貸アパート,賃貸カテゴリ（掲載種別）,静岡県伊豆の国市田京,6.2,60.2,,5,田,—,,—,賃貸のため対象外,,2026-07-27,,https://www.homes.co.jp/chintai/room/8683abc5a29aeadd89535d107c68a2b6c40fe091/,不適合
LIFULL 賃貸 伊豆の国市,伊豆の国市,賃貸マンション,賃貸カテゴリ（掲載種別）,静岡県伊豆の国市古奈,9.5,64.8,,5,—,—,,—,賃貸のため対象外,,2026-08-04,,https://www.homes.co.jp/chintai/room/dc0c4550043a1d0f32a664994d509d2b7aa88a15/,不適合
LIFULL 賃貸 伊豆の国市,伊豆の国市,賃貸マンション,賃貸カテゴリ（掲載種別）,静岡県伊豆の国市古奈,8.0,55.0,,5,—,—,,—,賃貸のため対象外,,2026-08-04,,https://www.homes.co.jp/chintai/room/d5a1b1dfaa6807f470602e45bdbad0df0db5b033/,不適合
LIFULL 賃貸 伊豆の国市,伊豆の国市,賃貸マンション,賃貸カテゴリ（掲載種別）,静岡県伊豆の国市古奈,8.5,59.2,,5,—,—,,—,賃貸のため対象外,,2026-08-04,,https://www.homes.co.jp/chintai/room/6f6aa089538dcc2200dfd7f3a9fb999fff49f522/,不適合
LIFULL 賃貸 伊豆の国市,伊豆の国市,賃貸マンション,賃貸カテゴリ（掲載種別）,静岡県伊豆の国市古奈,9.0,58.0,,5,—,—,,—,賃貸のため対象外,,2026-08-04,,https://www.homes.co.jp/chintai/room/510aae0ebdb1e7504dc4b89322174b6cf354f599/,不適合
SUUMO 中古戸建 裾野市,裾野市,更地,土地カテゴリ（建物表記なし）,静岡県裾野市御宿,1298,148.8,28.8,1500,—,—,,不明,接道・区分情報なし、詳細/役場で要確認,,2026-06-17,,https://suumo.jp/chukoikkodate/shizuoka/sc_susono/nc_75177920/,不適合
SUUMO 中古戸建 裾野市,裾野市,更地,土地カテゴリ（建物表記なし）,静岡県裾野市千福が丘１,1498,206.6,24.0,1500,—,—,,不明,接道・区分情報なし、詳細/役場で要確認,,2026-06-17,,https://suumo.jp/chukoikkodate/shizuoka/sc_susono/nc_20978405/,不適合
SUUMO 中古戸建 裾野市,裾野市,更地,土地カテゴリ（建物表記なし）,静岡県裾野市千福が丘２,1750,376.3,15.4,1500,—,—,,不明,接道・区分情報なし、詳細/役場で要確認,,2026-06-17,,https://suumo.jp/chukoikkodate/shizuoka/sc_susono/nc_21017101/,不適合
SUUMO 中古戸建 裾野市,裾野市,更地,土地カテゴリ（建物表記なし）,静岡県裾野市佐野,1780,122.3,48.1,1500,—,—,,不明,接道・区分情報なし、詳細/役場で要確認,,2026-06-17,,https://suumo.jp/chukoikkodate/shizuoka/sc_susono/nc_78746761/,不適合
SUUMO 中古戸建 裾野市,裾野市,更地,土地カテゴリ（建物表記なし）,静岡県裾野市公文名,2190,212.9,34.0,1500,—,—,,不明,接道・区分情報なし、詳細/役場で要確認,,2026-06-17,,https://suumo.jp/chukoikkodate/shizuoka/sc_susono/nc_20953444/,不適合
SUUMO 中古戸建 裾野市,裾野市,更地,土地カテゴリ（建物表記なし）,静岡県裾野市佐野,5980,327.0,60.5,1500,—,—,,不明,接道・区分情報なし、詳細/役場で要確認,,2026-07-30,,https://suumo.jp/chukoikkodate/shizuoka/sc_susono/nc_21389203/,不適合
SUUMO 中古戸建 裾野市,裾野市,更地,土地カテゴリ（建物表記なし）,静岡県裾野市千福が丘１,1500,235.5,21.1,1500,—,—,,不明,接道・区分情報なし、詳細/役場で要確認,,2026-08-03,,https://suumo.jp/chukoikkodate/shizuoka/sc_susono/nc_21426400/,不適合
SUUMO 中古戸建 裾野市,裾野市,更地,土地カテゴリ（建物表記なし）,静岡県裾野市茶畑2016-115,1579,194.3,26.9,1500,畑,—,,不明,接道・区分情報なし、詳細/役場で要確認,,2026-07-13,,https://suumo.jp/chukoikkodate/shizuoka/sc_susono/nc_21277025/,不適合
SUUMO 中古戸建 裾野市,裾野市,更地,土地カテゴリ（建物表記なし）,静岡県裾野市須山,450,708.0,2.1,1500,—,—,,不明,接道・区分情報なし、詳細/役場で要確認,,2026-06-17,注意:別荘地,https://suumo.jp/chukoikkodate/shizuoka/sc_susono/nc_75123901/,適合
SUUMO 中古戸建 裾野市,裾野市,更地,土地カテゴリ（建物表記なし）,静岡県裾野市深良,850,177.0,15.9,1500,—,—,,不明,接道・区分情報なし、詳細/役場で要確認,,2026-08-10,,https://suumo.jp/chukoikkodate/shizuoka/sc_susono/nc_75824401/,不適合
SUUMO 中古戸建 裾野市,裾野市,中古戸建,中古戸建/住宅カテゴリ,静岡県裾野市平松123-6,1130,193.1,19.3,3000,—,—,,不明,接道・区分情報なし。建物ありだが現行法での再建築可否は役場で要確認,,2026-06-17,,https://suumo.jp/chukoikkodate/shizuoka/sc_susono/nc_78078175/,不適合
SUUMO 中古戸建 裾野市,裾野市,更地,土地カテゴリ（建物表記なし）,静岡県裾野市千福が丘２-12番地7,1199,199.7,19.8,1500,—,—,,不明,接道・区分情報なし、詳細/役場で要確認,,2026-07-24,,https://suumo.jp/chukoikkodate/shizuoka/sc_susono/nc_21351654/,不適合
SUUMO 中古戸建 裾野市,裾野市,更地,土地カテゴリ（建物表記なし）,静岡県裾野市佐野,1200,234.7,16.9,1500,—,—,,不明,接道・区分情報なし、詳細/役場で要確認,,2026-07-27,,https://suumo.jp/chukoikkodate/shizuoka/sc_susono/nc_79187645/,不適合
SUUMO 中古戸建 裾野市,裾野市,更地,土地カテゴリ（建物表記なし）,静岡県裾野市須山,1280,466.0,9.1,1500,—,—,,不明,接道・区分情報なし、詳細/役場で要確認,,2026-06-25,,https://suumo.jp/chukoikkodate/shizuoka/sc_susono/nc_78155321/,適合
SUUMO 中古戸建 裾野市,裾野市,更地,土地カテゴリ（建物表記なし）,静岡県裾野市千福が丘３,1380,395.7,11.5,1500,—,—,,不明,接道・区分情報なし、詳細/役場で要確認,,2026-07-09,,https://suumo.jp/chukoikkodate/shizuoka/sc_susono/nc_21244616/,適合
SUUMO 中古戸建 裾野市,裾野市,更地,土地カテゴリ（建物表記なし）,静岡県裾野市千福が丘１,1398,206.6,22.4,1500,—,—,,不明,接道・区分情報なし、詳細/役場で要確認,,2026-06-21,,https://suumo.jp/chukoikkodate/shizuoka/sc_susono/nc_20181111/,不適合
SUUMO 中古戸建 裾野市,裾野市,更地,土地カテゴリ（建物表記なし）,静岡県裾野市千福が丘１,1398,206.6,22.4,1500,—,—,,不明,接道・区分情報なし、詳細/役場で要確認,,2026-08-07,,https://suumo.jp/chukoikkodate/shizuoka/sc_susono/nc_76381157/,不適合
SUUMO 中古戸建 裾野市,裾野市,更地,土地カテゴリ（建物表記なし）,静岡県裾野市千福が丘２-9-3,1399,225.7,20.5,1500,—,—,,不明,接道・区分情報なし、詳細/役場で要確認,,2026-07-18,,https://suumo.jp/chukoikkodate/shizuoka/sc_susono/nc_21288008/,不適合
SUUMO 中古戸建 裾野市,裾野市,更地,土地カテゴリ（建物表記なし）,静岡県裾野市須山,1480,1175.4,4.2,1500,—,—,,不明,接道・区分情報なし、詳細/役場で要確認,,2026-06-17,注意:別荘地,https://suumo.jp/chukoikkodate/shizuoka/sc_susono/nc_79108110/,適合
SUUMO 中古戸建 裾野市,裾野市,更地,土地カテゴリ（建物表記なし）,静岡県裾野市千福が丘１,1500,235.5,21.1,1500,—,—,,不明,接道・区分情報なし、詳細/役場で要確認,,2026-08-07,,https://suumo.jp/chukoikkodate/shizuoka/sc_susono/nc_21445571/,不適合
SUUMO 中古戸建 裾野市,裾野市,更地,土地カテゴリ（建物表記なし）,静岡県裾野市千福が丘１,1500,235.5,21.1,1500,—,—,,不明,接道・区分情報なし、詳細/役場で要確認,,2026-08-05,,https://suumo.jp/chukoikkodate/shizuoka/sc_susono/nc_21437558/,不適合
SUUMO 中古戸建 裾野市,裾野市,中古戸建,中古戸建/住宅カテゴリ,静岡県裾野市千福が丘１-17-4,1500,235.5,21.1,3000,—,—,,不明,接道・区分情報なし。建物ありだが現行法での再建築可否は役場で要確認,,2026-08-02,,https://suumo.jp/chukoikkodate/shizuoka/sc_susono/nc_21417345/,不適合
SUUMO 中古戸建 裾野市,裾野市,更地,土地カテゴリ（建物表記なし）,静岡県裾野市千福が丘１-17-4,1500,235.5,21.1,1500,—,—,,不明,接道・区分情報なし、詳細/役場で要確認,,2026-08-03,,https://suumo.jp/chukoikkodate/shizuoka/sc_susono/nc_20899278/,不適合
SUUMO 中古戸建 裾野市,裾野市,更地,土地カテゴリ（建物表記なし）,静岡県裾野市千福が丘１,1548,206.6,24.8,1500,—,—,,不明,接道・区分情報なし、詳細/役場で要確認,,2026-06-21,,https://suumo.jp/chukoikkodate/shizuoka/sc_susono/nc_79095838/,不適合
SUUMO 中古戸建 裾野市,裾野市,更地,土地カテゴリ（建物表記なし）,静岡県裾野市千福が丘３,1580,1112.0,4.7,1500,—,—,,不明,接道・区分情報なし、詳細/役場で要確認,,2026-07-28,,https://suumo.jp/chukoikkodate/shizuoka/sc_susono/nc_20800972/,不適合
SUUMO 中古戸建 裾野市,裾野市,更地,土地カテゴリ（建物表記なし）,静岡県裾野市千福が丘２-9-5,1599,225.0,23.5,1500,—,—,,不明,接道・区分情報なし、詳細/役場で要確認,,2026-06-21,,https://suumo.jp/chukoikkodate/shizuoka/sc_susono/nc_21083825/,不適合
SUUMO 中古戸建 裾野市,裾野市,更地,土地カテゴリ（建物表記なし）,静岡県裾野市千福が丘１-2番10,1599,241.8,21.9,1500,—,—,,不明,接道・区分情報なし、詳細/役場で要確認,,2026-07-30,,https://suumo.jp/chukoikkodate/shizuoka/sc_susono/nc_21393600/,不適合
SUUMO 中古戸建 裾野市,裾野市,更地,土地カテゴリ（建物表記なし）,静岡県裾野市佐野676-17,1599,166.1,31.8,1500,—,—,,不明,接道・区分情報なし、詳細/役場で要確認,,2026-08-07,,https://suumo.jp/chukoikkodate/shizuoka/sc_susono/nc_21450455/,不適合
SUUMO 中古戸建 裾野市,裾野市,更地,土地カテゴリ（建物表記なし）,静岡県裾野市公文名,1780,243.7,24.1,1500,—,—,,不明,接道・区分情報なし、詳細/役場で要確認,,2026-06-21,,https://suumo.jp/chukoikkodate/shizuoka/sc_susono/nc_20121299/,不適合
SUUMO 中古戸建 裾野市,裾野市,更地,土地カテゴリ（建物表記なし）,静岡県裾野市須山,1780,514.0,11.4,1500,—,—,,不明,接道・区分情報なし、詳細/役場で要確認,,2026-08-04,,https://suumo.jp/chukoikkodate/shizuoka/sc_susono/nc_21402355/,不適合
SUUMO 中古戸建 裾野市,裾野市,更地,土地カテゴリ（建物表記なし）,静岡県裾野市佐野660-10,1899,330.2,19.0,1500,—,—,,不明,接道・区分情報なし、詳細/役場で要確認,,2026-06-21,,https://suumo.jp/chukoikkodate/shizuoka/sc_susono/nc_21070337/,不適合
SUUMO 中古戸建 裾野市,裾野市,更地,土地カテゴリ（建物表記なし）,静岡県裾野市二ツ屋,2280,149.6,50.4,1500,—,—,,不明,接道・区分情報なし、詳細/役場で要確認,,2026-07-27,,https://suumo.jp/chukoikkodate/shizuoka/sc_susono/nc_79197926/,不適合
SUUMO 中古戸建 裾野市,裾野市,更地,土地カテゴリ（建物表記なし）,静岡県裾野市二ツ屋,2280,149.6,50.4,1500,—,—,,不明,接道・区分情報なし、詳細/役場で要確認,,2026-07-04,,https://suumo.jp/chukoikkodate/shizuoka/sc_susono/nc_21212623/,不適合
SUUMO 中古戸建 裾野市,裾野市,更地,土地カテゴリ（建物表記なし）,静岡県裾野市佐野,2380,144.4,54.5,1500,—,—,,不明,接道・区分情報なし、詳細/役場で要確認,,2026-08-02,,https://suumo.jp/chukoikkodate/shizuoka/sc_susono/nc_20986149/,不適合
SUUMO 中古戸建 裾野市,裾野市,更地,土地カテゴリ（建物表記なし）,静岡県裾野市佐野,2800,156.7,59.1,1500,—,—,,不明,接道・区分情報なし、詳細/役場で要確認,,2026-06-21,,https://suumo.jp/chukoikkodate/shizuoka/sc_susono/nc_79137190/,不適合
SUUMO 中古戸建 裾野市,裾野市,更地,土地カテゴリ（建物表記なし）,静岡県裾野市佐野,2800,156.7,59.1,1500,—,—,,不明,接道・区分情報なし、詳細/役場で要確認,,2026-06-21,,https://suumo.jp/chukoikkodate/shizuoka/sc_susono/nc_20532492/,不適合
SUUMO 中古戸建 裾野市,裾野市,更地,土地カテゴリ（建物表記なし）,静岡県裾野市富沢,2890,160.2,59.6,1500,—,—,,不明,接道・区分情報なし、詳細/役場で要確認,,2026-06-21,,https://suumo.jp/chukoikkodate/shizuoka/sc_susono/nc_20532489/,不適合
SUUMO 中古戸建 裾野市,裾野市,更地,土地カテゴリ（建物表記なし）,静岡県裾野市石脇,2980,167.3,58.9,1500,—,—,,不明,接道・区分情報なし、詳細/役場で要確認,,2026-06-21,,https://suumo.jp/chukoikkodate/shizuoka/sc_susono/nc_78777273/,不適合
SUUMO 中古戸建 裾野市,裾野市,更地,土地カテゴリ（建物表記なし）,静岡県裾野市富沢,3080,165.1,61.7,1500,—,—,,不明,接道・区分情報なし、詳細/役場で要確認,,2026-08-10,,https://suumo.jp/chukoikkodate/shizuoka/sc_susono/nc_21341865/,不適合
SUUMO 中古戸建 裾野市,裾野市,更地,土地カテゴリ（建物表記なし）,静岡県裾野市平松98-9,3380,169.3,66.0,1500,—,—,,不明,接道・区分情報なし、詳細/役場で要確認,,2026-07-10,,https://suumo.jp/chukoikkodate/shizuoka/sc_susono/nc_21034120/,不適合
SUUMO 中古戸建 裾野市,裾野市,更地,土地カテゴリ（建物表記なし）,静岡県裾野市平松,3398,144.1,78.0,1500,—,—,,不明,接道・区分情報なし、詳細/役場で要確認,,2026-06-21,,https://suumo.jp/chukoikkodate/shizuoka/sc_susono/nc_76635360/,不適合
SUUMO 中古戸建 裾野市,裾野市,更地,土地カテゴリ（建物表記なし）,静岡県裾野市富沢,3400,165.5,67.9,1500,田,—,,不明,接道・区分情報なし、詳細/役場で要確認,,2026-06-21,,https://suumo.jp/chukoikkodate/shizuoka/sc_susono/nc_20522890/,不適合
SUUMO 中古戸建 裾野市,裾野市,更地,土地カテゴリ（建物表記なし）,静岡県裾野市石脇,3480,176.3,65.3,1500,—,—,,不明,接道・区分情報なし、詳細/役場で要確認,,2026-08-10,,https://suumo.jp/chukoikkodate/shizuoka/sc_susono/nc_71434118/,不適合
SUUMO 中古戸建 裾野市,裾野市,更地,土地カテゴリ（建物表記なし）,静岡県裾野市千福が丘４主要地,3700,250.4,48.8,1500,—,—,,不明,接道・区分情報なし、詳細/役場で要確認,,2026-07-13,,https://suumo.jp/chukoikkodate/shizuoka/sc_susono/nc_21275704/,不適合
SUUMO 中古戸建 裾野市,裾野市,更地,土地カテゴリ（建物表記なし）,静岡県裾野市伊豆島田,4100,165.0,82.1,1500,田,—,,不明,接道・区分情報なし、詳細/役場で要確認,,2026-07-08,,https://suumo.jp/chukoikkodate/shizuoka/sc_susono/nc_20069910/,不適合
SUUMO 中古戸建 裾野市,裾野市,更地,土地カテゴリ（建物表記なし）,静岡県裾野市伊豆島田,4380,196.4,73.7,1500,田,—,,不明,接道・区分情報なし、詳細/役場で要確認,,2026-08-09,,https://suumo.jp/chukoikkodate/shizuoka/sc_susono/nc_21467217/,不適合
SUUMO 中古戸建 裾野市,裾野市,更地,土地カテゴリ（建物表記なし）,静岡県裾野市佐野,4480,251.2,59.0,1500,—,—,,不明,接道・区分情報なし、詳細/役場で要確認,,2026-07-19,,https://suumo.jp/chukoikkodate/shizuoka/sc_susono/nc_21322392/,不適合
SUUMO 中古戸建 裾野市,裾野市,更地,土地カテゴリ（建物表記なし）,静岡県裾野市須山2255-4750,4850,1809.6,8.9,1500,田,—,,不明,接道・区分情報なし、詳細/役場で要確認,,2026-06-21,,https://suumo.jp/chukoikkodate/shizuoka/sc_susono/nc_20839293/,不適合
SUUMO 中古戸建 裾野市,裾野市,更地,土地カテゴリ（建物表記なし）,静岡県裾野市須山,4850,1809.6,8.9,1500,—,—,,不明,接道・区分情報なし、詳細/役場で要確認,,2026-06-21,,https://suumo.jp/chukoikkodate/shizuoka/sc_susono/nc_74552854/,不適合
スマイミー静岡 賃貸 沼津市,沼津市,賃貸マンション,賃貸カテゴリ（掲載種別）,沼津市西島町2-3,5.8,46.5,,5,—,—,,—,賃貸のため対象外,,2026-08-11,関心:敷金無/礼金無,https://www.shizuoka.fudohsan.jp/%E7%89%A9%E4%BB%B6/40288,不適合
スマイミー静岡 賃貸 沼津市,沼津市,賃貸マンション,賃貸カテゴリ（掲載種別）,沼津市南本郷町552-9,6.5,51.7,,5,—,—,,—,賃貸のため対象外,,2026-08-11,関心:礼金無,https://www.shizuoka.fudohsan.jp/%E7%89%A9%E4%BB%B6/43236,不適合
スマイミー静岡 賃貸 沼津市,沼津市,賃貸アパート,賃貸カテゴリ（掲載種別）,沼津市大塚,4.2,34.3,,5,—,—,,—,賃貸のため対象外,,2026-08-10,関心:礼金無,https://www.shizuoka.fudohsan.jp/%E7%89%A9%E4%BB%B6/99277,適合
スマイミー静岡 賃貸 沼津市,沼津市,賃貸その他,賃貸カテゴリ（掲載種別）,沼津市庄栄町10-9,11.0,46.0,,5,—,—,,—,賃貸のため対象外,,2026-08-10,関心:礼金無 注意:事務所/店舗,https://www.shizuoka.fudohsan.jp/%E7%89%A9%E4%BB%B6/168463,不適合
スマイミー静岡 賃貸 沼津市,沼津市,賃貸戸建,賃貸カテゴリ（掲載種別）,沼津市岡一色,14.0,347.0,,5,—,—,,—,賃貸のため対象外,,2026-08-10,関心:戸建,https://www.shizuoka.fudohsan.jp/%E7%89%A9%E4%BB%B6/166860,不適合
スマイミー静岡 賃貸 沼津市,沼津市,駐車場,賃貸カテゴリ（掲載種別）,沼津市足高486-5,2.64,,,5,—,—,,—,賃貸のため対象外,,2026-08-07,,https://www.shizuoka.fudohsan.jp/%E7%89%A9%E4%BB%B6/164236,適合
スマイミー静岡 賃貸 沼津市,沼津市,駐車場,賃貸カテゴリ（掲載種別）,沼津市錦町2-4,1.0,,,5,—,—,,—,賃貸のため対象外,,2026-08-10,関心:敷金無/礼金無,https://www.shizuoka.fudohsan.jp/%E7%89%A9%E4%BB%B6/135231,適合
スマイミー静岡 賃貸 沼津市,沼津市,駐車場,賃貸カテゴリ（掲載種別）,沼津市千本西町36-1,0.6,,,5,—,—,,—,賃貸のため対象外,,2026-08-10,関心:敷金無/礼金無,https://www.shizuoka.fudohsan.jp/%E7%89%A9%E4%BB%B6/141305,適合
スマイミー静岡 賃貸 沼津市,沼津市,駐車場,賃貸カテゴリ（掲載種別）,沼津市下香貫樋ノ口1691-2,0.5,,,5,—,—,,—,賃貸のため対象外,,2026-08-10,関心:敷金無/礼金無,https://www.shizuoka.fudohsan.jp/%E7%89%A9%E4%BB%B6/158104,適合
スマイミー静岡 賃貸 沼津市,沼津市,賃貸その他,賃貸カテゴリ（掲載種別）,沼津市鳥谷83-1,9.3,62.3,,5,—,—,,—,賃貸のため対象外,,2026-08-10,関心:礼金無 注意:店舗,https://www.shizuoka.fudohsan.jp/%E7%89%A9%E4%BB%B6/137284,不適合
スマイミー静岡 賃貸 沼津市,沼津市,賃貸その他,賃貸カテゴリ（掲載種別）,沼津市鳥谷83-1,9.3,62.3,,5,—,—,,—,賃貸のため対象外,,2026-08-10,関心:礼金無 注意:店舗,https://www.shizuoka.fudohsan.jp/%E7%89%A9%E4%BB%B6/128245,不適合
スマイミー静岡 賃貸 沼津市,沼津市,賃貸その他,賃貸カテゴリ（掲載種別）,沼津市鳥谷83-1,11.0,62.3,,5,—,—,,—,賃貸のため対象外,,2026-08-10,関心:礼金無 注意:店舗,https://www.shizuoka.fudohsan.jp/%E7%89%A9%E4%BB%B6/128244,不適合
スマイミー静岡 賃貸 沼津市,沼津市,賃貸アパート,賃貸カテゴリ（掲載種別）,沼津市大岡1404,4.7,53.4,,5,田,—,,—,賃貸のため対象外,,2026-08-10,関心:礼金無,https://www.shizuoka.fudohsan.jp/%E7%89%A9%E4%BB%B6/79856,適合
スマイミー静岡 賃貸 沼津市,沼津市,賃貸アパート,賃貸カテゴリ（掲載種別）,沼津市神田町7-17,4.5,39.1,,5,田,—,,—,賃貸のため対象外,,2026-08-10,関心:礼金無,https://www.shizuoka.fudohsan.jp/%E7%89%A9%E4%BB%B6/91403,適合
スマイミー静岡 賃貸 沼津市,沼津市,賃貸マンション,賃貸カテゴリ（掲載種別）,沼津市鳥谷83-1,3.8,48.6,,5,—,—,,—,賃貸のため対象外,,2026-08-10,関心:敷金無/礼金無,https://www.shizuoka.fudohsan.jp/%E7%89%A9%E4%BB%B6/61026,適合
スマイミー静岡 賃貸 沼津市,沼津市,賃貸マンション,賃貸カテゴリ（掲載種別）,沼津市新宿町2-12,3.8,22.2,,5,—,—,,—,賃貸のため対象外,,2026-08-07,関心:敷金無/礼金無,https://www.shizuoka.fudohsan.jp/%E7%89%A9%E4%BB%B6/108179,適合
スマイミー静岡 賃貸 沼津市,沼津市,賃貸マンション,賃貸カテゴリ（掲載種別）,沼津市新宿町2-12,3.8,22.2,,5,—,—,,—,賃貸のため対象外,,2026-08-10,関心:敷金無/礼金無,https://www.shizuoka.fudohsan.jp/%E7%89%A9%E4%BB%B6/97426,適合
スマイミー静岡 賃貸 沼津市,沼津市,賃貸マンション,賃貸カテゴリ（掲載種別）,沼津市下香貫下障子3225-1,4.0,40.5,,5,—,—,,—,賃貸のため対象外,,2026-08-10,関心:礼金無,https://www.shizuoka.fudohsan.jp/%E7%89%A9%E4%BB%B6/138922,適合
スマイミー静岡 賃貸 沼津市,沼津市,賃貸マンション,賃貸カテゴリ（掲載種別）,沼津市下本町29,3.3,25.0,,5,—,—,,—,賃貸のため対象外,,2026-08-10,関心:敷金無/礼金無,https://www.shizuoka.fudohsan.jp/%E7%89%A9%E4%BB%B6/127530,適合
スマイミー静岡 賃貸 沼津市,沼津市,賃貸その他,賃貸カテゴリ（掲載種別）,沼津市平沼694-1,31.9,1259.2,,5,—,—,,—,賃貸のため対象外,,2026-08-10,関心:礼金無,https://www.shizuoka.fudohsan.jp/%E7%89%A9%E4%BB%B6/175775,不適合
スマイミー静岡 賃貸 沼津市,沼津市,駐車場,賃貸カテゴリ（掲載種別）,沼津市吉田町29-7,0.6,,,5,田,—,,—,賃貸のため対象外,,2026-08-10,関心:敷金無/礼金無,https://www.shizuoka.fudohsan.jp/%E7%89%A9%E4%BB%B6/143227,適合
スマイミー静岡 賃貸 沼津市,沼津市,賃貸その他,賃貸カテゴリ（掲載種別）,沼津市新宿町9-5,22.0,86.9,,5,—,—,,—,賃貸のため対象外,,2026-08-09,関心:礼金無 注意:店舗,https://www.shizuoka.fudohsan.jp/%E7%89%A9%E4%BB%B6/174390,不適合
スマイミー静岡 賃貸 沼津市,沼津市,賃貸アパート,賃貸カテゴリ（掲載種別）,沼津市下香貫2278-1,4.5,52.8,,5,—,—,,—,賃貸のため対象外,,2026-08-09,関心:礼金無,https://www.shizuoka.fudohsan.jp/%E7%89%A9%E4%BB%B6/169436,適合
スマイミー静岡 賃貸 沼津市,沼津市,賃貸アパート,賃貸カテゴリ（掲載種別）,沼津市下香貫塚田2270-2,3.4,32.8,,5,田,—,,—,賃貸のため対象外,,2026-08-09,関心:敷金無/礼金無,https://www.shizuoka.fudohsan.jp/%E7%89%A9%E4%BB%B6/170733,適合
スマイミー静岡 賃貸 沼津市,沼津市,賃貸その他,賃貸カテゴリ（掲載種別）,沼津市小諏訪436-2,8.8,55.9,,5,—,—,,—,賃貸のため対象外,,2026-08-09,関心:礼金無 注意:店舗,https://www.shizuoka.fudohsan.jp/%E7%89%A9%E4%BB%B6/172032,不適合
スマイミー静岡 賃貸 沼津市,沼津市,賃貸マンション,賃貸カテゴリ（掲載種別）,沼津市原620-22,5.9,72.9,,5,—,—,,—,賃貸のため対象外,,2026-08-09,関心:敷金無/礼金無,https://www.shizuoka.fudohsan.jp/%E7%89%A9%E4%BB%B6/174327,不適合
スマイミー静岡 賃貸 沼津市,沼津市,賃貸アパート,賃貸カテゴリ（掲載種別）,沼津市西添町32-3,1.95,20.5,,5,—,—,,—,賃貸のため対象外,,2026-08-09,関心:敷金無/礼金無,https://www.shizuoka.fudohsan.jp/%E7%89%A9%E4%BB%B6/174850,適合
スマイミー静岡 賃貸 沼津市,沼津市,賃貸アパート,賃貸カテゴリ（掲載種別）,沼津市西添町32-3,1.95,20.5,,5,—,—,,—,賃貸のため対象外,,2026-08-09,関心:敷金無/礼金無,https://www.shizuoka.fudohsan.jp/%E7%89%A9%E4%BB%B6/174851,適合
スマイミー静岡 賃貸 沼津市,沼津市,賃貸アパート,賃貸カテゴリ（掲載種別）,沼津市西添町32-3,1.95,20.5,,5,—,—,,—,賃貸のため対象外,,2026-08-09,関心:敷金無/礼金無,https://www.shizuoka.fudohsan.jp/%E7%89%A9%E4%BB%B6/174852,適合
スマイミー静岡 賃貸 沼津市,沼津市,賃貸アパート,賃貸カテゴリ（掲載種別）,沼津市西沢田518-2,7.0,45.5,,5,田,—,,—,賃貸のため対象外,,2026-08-08,関心:敷金無,https://www.shizuoka.fudohsan.jp/%E7%89%A9%E4%BB%B6/60670,不適合
SUUMO 賃貸 沼津市,沼津市,賃貸アパート,賃貸カテゴリ（掲載種別）,静岡県沼津市大岡,6.0,48.2,,5,—,—,,—,賃貸のため対象外,,2026-08-10,,https://suumo.jp/chintai/jnc_000108518077/,不適合
SUUMO 賃貸 沼津市,沼津市,賃貸アパート,賃貸カテゴリ（掲載種別）,静岡県沼津市大岡,5.6,42.5,,5,—,—,,—,賃貸のため対象外,,2026-08-08,,https://suumo.jp/chintai/jnc_000108511450/,不適合
SUUMO 賃貸 沼津市,沼津市,賃貸アパート,賃貸カテゴリ（掲載種別）,静岡県沼津市大岡,5.8,42.5,,5,—,—,,—,賃貸のため対象外,,2026-08-08,,https://suumo.jp/chintai/jnc_000108511449/,不適合
SUUMO 賃貸 沼津市,沼津市,賃貸アパート,賃貸カテゴリ（掲載種別）,静岡県沼津市原,6.3,58.8,,5,—,—,,—,賃貸のため対象外,,2026-08-10,,https://suumo.jp/chintai/jnc_000108735201/,不適合
SUUMO 賃貸 沼津市,沼津市,賃貸マンション,賃貸カテゴリ（掲載種別）,静岡県沼津市大岡,5.6,42.7,,5,—,—,,—,賃貸のため対象外,,2026-08-09,,https://suumo.jp/chintai/jnc_000109068527/,不適合
SUUMO 賃貸 沼津市,沼津市,賃貸マンション,賃貸カテゴリ（掲載種別）,静岡県沼津市大岡,5.6,42.7,,5,—,—,,—,賃貸のため対象外,,2026-08-09,,https://suumo.jp/chintai/jnc_000076853296/,不適合
SUUMO 賃貸 沼津市,沼津市,賃貸マンション,賃貸カテゴリ（掲載種別）,静岡県沼津市大岡,5.8,42.3,,5,—,—,,—,賃貸のため対象外,,2026-08-07,,https://suumo.jp/chintai/jnc_000079996426/,不適合
SUUMO 賃貸 沼津市,沼津市,賃貸マンション,賃貸カテゴリ（掲載種別）,静岡県沼津市東沢田,6.7,65.5,,5,田,—,,—,賃貸のため対象外,,2026-08-10,,https://suumo.jp/chintai/jnc_000109117964/,不適合
SUUMO 賃貸 沼津市,沼津市,賃貸マンション,賃貸カテゴリ（掲載種別）,静岡県沼津市東沢田,6.8,65.5,,5,田,—,,—,賃貸のため対象外,,2026-08-09,,https://suumo.jp/chintai/jnc_000098720253/,不適合
SUUMO 賃貸 沼津市,沼津市,賃貸マンション,賃貸カテゴリ（掲載種別）,静岡県沼津市東沢田,7.0,65.5,,5,田,—,,—,賃貸のため対象外,,2026-08-10,,https://suumo.jp/chintai/jnc_000109117965/,不適合
SUUMO 賃貸 沼津市,沼津市,賃貸マンション,賃貸カテゴリ（掲載種別）,静岡県沼津市東沢田,7.0,65.5,,5,田,—,,—,賃貸のため対象外,,2026-08-09,,https://suumo.jp/chintai/jnc_000108951041/,不適合
SUUMO 賃貸 沼津市,沼津市,賃貸マンション,賃貸カテゴリ（掲載種別）,静岡県沼津市東沢田,7.0,65.5,,5,田,—,,—,賃貸のため対象外,,2026-08-10,,https://suumo.jp/chintai/jnc_000109127008/,不適合
SUUMO 賃貸 沼津市,沼津市,賃貸マンション,賃貸カテゴリ（掲載種別）,静岡県沼津市東沢田,7.3,65.5,,5,田,—,,—,賃貸のため対象外,,2026-08-09,,https://suumo.jp/chintai/jnc_000108342606/,不適合
SUUMO 賃貸 沼津市,沼津市,賃貸アパート,賃貸カテゴリ（掲載種別）,静岡県沼津市大岡,6.0,55.0,,5,—,—,,—,賃貸のため対象外,,2026-08-07,,https://suumo.jp/chintai/jnc_000109011258/,不適合
SUUMO 賃貸 沼津市,沼津市,賃貸アパート,賃貸カテゴリ（掲載種別）,静岡県沼津市高島本町,5.5,29.2,,5,—,—,,—,賃貸のため対象外,,2026-08-10,,https://suumo.jp/chintai/jnc_000108193400/,不適合
SUUMO 賃貸 沼津市,沼津市,賃貸アパート,賃貸カテゴリ（掲載種別）,静岡県沼津市西椎路,5.95,44.2,,5,—,—,,—,賃貸のため対象外,,2026-08-08,,https://suumo.jp/chintai/jnc_000109084889/,不適合
SUUMO 賃貸 沼津市,沼津市,賃貸アパート,賃貸カテゴリ（掲載種別）,静岡県沼津市東椎路,6.4,57.1,,5,—,—,,—,賃貸のため対象外,,2026-08-10,,https://suumo.jp/chintai/jnc_000109011264/,不適合
SUUMO 賃貸 沼津市,沼津市,賃貸アパート,賃貸カテゴリ（掲載種別）,静岡県沼津市大塚,4.8,45.1,,5,—,—,,—,賃貸のため対象外,,2026-08-11,,https://suumo.jp/chintai/jnc_000109061394/,適合
SUUMO 賃貸 沼津市,沼津市,賃貸マンション,賃貸カテゴリ（掲載種別）,静岡県沼津市西島町,6.8,61.0,,5,—,—,,—,賃貸のため対象外,,2026-08-11,,https://suumo.jp/chintai/jnc_000042599982/,不適合
SUUMO 賃貸 沼津市,沼津市,賃貸マンション,賃貸カテゴリ（掲載種別）,静岡県沼津市三枚橋町,6.0,41.4,,5,—,—,,—,賃貸のため対象外,,2026-08-11,,https://suumo.jp/chintai/jnc_000109139853/,不適合
SUUMO 賃貸 沼津市,沼津市,賃貸アパート,賃貸カテゴリ（掲載種別）,静岡県沼津市鳥谷,5.2,46.1,,5,—,—,,—,賃貸のため対象外,,2026-08-10,,https://suumo.jp/chintai/jnc_000108735198/,不適合
SUUMO 賃貸 沼津市,沼津市,賃貸アパート,賃貸カテゴリ（掲載種別）,静岡県沼津市小林台,6.8,43.6,,5,—,—,,—,賃貸のため対象外,,2026-08-11,,https://suumo.jp/chintai/jnc_000108235217/,不適合
SUUMO 賃貸 沼津市,沼津市,賃貸マンション,賃貸カテゴリ（掲載種別）,静岡県沼津市平町,7.2,48.1,,5,—,—,,—,賃貸のため対象外,,2026-08-11,,https://suumo.jp/chintai/jnc_000027962581/,不適合
SUUMO 賃貸 沼津市,沼津市,賃貸マンション,賃貸カテゴリ（掲載種別）,静岡県沼津市平町,7.4,48.1,,5,—,—,,—,賃貸のため対象外,,2026-08-11,,https://suumo.jp/chintai/jnc_000045763549/,不適合
SUUMO 賃貸 沼津市,沼津市,賃貸マンション,賃貸カテゴリ（掲載種別）,静岡県沼津市平町,7.92,48.1,,5,—,—,,—,賃貸のため対象外,,2026-08-11,,https://suumo.jp/chintai/jnc_000109112146/,不適合
SUUMO 賃貸 沼津市,沼津市,賃貸アパート,賃貸カテゴリ（掲載種別）,静岡県沼津市原,5.8,63.8,,5,—,—,,—,賃貸のため対象外,,2026-08-11,,https://suumo.jp/chintai/jnc_000098986507/,不適合
SUUMO 賃貸 沼津市,沼津市,賃貸アパート,賃貸カテゴリ（掲載種別）,静岡県沼津市原,5.7,63.8,,5,—,—,,—,賃貸のため対象外,,2026-08-11,,https://suumo.jp/chintai/jnc_000093068502/,不適合
SUUMO 賃貸 沼津市,沼津市,賃貸アパート,賃貸カテゴリ（掲載種別）,静岡県沼津市原,5.9,72.9,,5,—,—,,—,賃貸のため対象外,,2026-08-11,,https://suumo.jp/chintai/jnc_000106961564/,不適合
SUUMO 賃貸 沼津市,沼津市,賃貸アパート,賃貸カテゴリ（掲載種別）,静岡県沼津市原,6.5,72.9,,5,—,—,,—,賃貸のため対象外,,2026-08-11,,https://suumo.jp/chintai/jnc_000019053109/,不適合
SUUMO 賃貸 沼津市,沼津市,賃貸マンション,賃貸カテゴリ（掲載種別）,静岡県沼津市米山町,6.3,29.7,,5,—,—,,—,賃貸のため対象外,,2026-08-11,,https://suumo.jp/chintai/jnc_000095084474/,不適合
SUUMO 賃貸 沼津市,沼津市,賃貸マンション,賃貸カテゴリ（掲載種別）,静岡県沼津市大手町２,6.1,21.7,,5,—,—,,—,賃貸のため対象外,,2026-08-11,,https://suumo.jp/chintai/jnc_000087078788/,不適合
SUUMO 賃貸 沼津市,沼津市,賃貸マンション,賃貸カテゴリ（掲載種別）,静岡県沼津市大手町２,6.9,23.4,,5,—,—,,—,賃貸のため対象外,,2026-08-11,,https://suumo.jp/chintai/jnc_000087078800/,不適合
SUUMO 賃貸 沼津市,沼津市,賃貸マンション,賃貸カテゴリ（掲載種別）,静岡県沼津市下香貫汐入,6.4,60.0,,5,—,—,,—,賃貸のため対象外,,2026-08-11,,https://suumo.jp/chintai/jnc_000099156097/,不適合
SUUMO 賃貸 沼津市,沼津市,賃貸マンション,賃貸カテゴリ（掲載種別）,静岡県沼津市下香貫汐入,6.4,60.0,,5,—,—,,—,賃貸のため対象外,,2026-08-11,,https://suumo.jp/chintai/jnc_000108151630/,不適合
SUUMO 賃貸 沼津市,沼津市,賃貸アパート,賃貸カテゴリ（掲載種別）,静岡県沼津市真砂町,7.8,42.0,,5,—,—,,—,賃貸のため対象外,,2026-08-11,,https://suumo.jp/chintai/jnc_000107871123/?bc=100511957756,不適合
SUUMO 賃貸 沼津市,沼津市,賃貸アパート,賃貸カテゴリ（掲載種別）,静岡県沼津市真砂町,8.4,41.8,,5,—,—,,—,賃貸のため対象外,,2026-08-11,,https://suumo.jp/chintai/jnc_000109127009/?bc=100521037958,不適合
SUUMO 賃貸 沼津市,沼津市,賃貸アパート,賃貸カテゴリ（掲載種別）,静岡県沼津市東椎路,6.25,53.7,,5,—,—,,—,賃貸のため対象外,,2026-08-10,,https://suumo.jp/chintai/jnc_000108847886/?bc=100519457832,不適合
SUUMO 賃貸 沼津市,沼津市,賃貸マンション,賃貸カテゴリ（掲載種別）,静岡県沼津市沼北町２,7.0,63.2,,5,—,—,,—,賃貸のため対象外,,2026-08-10,,https://suumo.jp/chintai/jnc_000108936550/?bc=100520180805,不適合
SUUMO 賃貸 沼津市,沼津市,賃貸アパート,賃貸カテゴリ（掲載種別）,静岡県沼津市本郷町,5.0,50.5,,5,—,—,,—,賃貸のため対象外,,2026-08-11,,https://suumo.jp/chintai/jnc_000108980578/?bc=100520531085,適合
SUUMO 賃貸 沼津市,沼津市,賃貸アパート,賃貸カテゴリ（掲載種別）,静岡県沼津市大塚,3.95,37.5,,5,—,—,,—,賃貸のため対象外,,2026-08-11,,https://suumo.jp/chintai/jnc_000109030035/?bc=100520909958,適合
SUUMO 賃貸 沼津市,沼津市,賃貸マンション,賃貸カテゴリ（掲載種別）,静岡県沼津市共栄町,4.8,30.3,,5,—,—,,—,賃貸のため対象外,,2026-08-11,,https://suumo.jp/chintai/jnc_000060882998/?bc=100515225049,適合
SUUMO 賃貸 沼津市,沼津市,賃貸マンション,賃貸カテゴリ（掲載種別）,静岡県沼津市共栄町,4.8,30.3,,5,—,—,,—,賃貸のため対象外,,2026-08-11,,https://suumo.jp/chintai/jnc_000086078865/?bc=100501626517,適合
SUUMO 賃貸 沼津市,沼津市,賃貸アパート,賃貸カテゴリ（掲載種別）,静岡県沼津市大岡,4.7,39.7,,5,—,—,,—,賃貸のため対象外,,2026-08-11,,https://suumo.jp/chintai/jnc_000109136516/?bc=100521553633,適合
SUUMO 賃貸 沼津市,沼津市,賃貸アパート,賃貸カテゴリ（掲載種別）,静岡県沼津市大岡,5.3,38.0,,5,—,—,,—,賃貸のため対象外,,2026-08-11,,https://suumo.jp/chintai/jnc_000106636851/?bc=100456728035,不適合
SUUMO 賃貸 沼津市,沼津市,賃貸アパート,賃貸カテゴリ（掲載種別）,静岡県沼津市大岡,5.3,38.0,,5,—,—,,—,賃貸のため対象外,,2026-08-11,,https://suumo.jp/chintai/jnc_000106636850/?bc=100456728038,不適合
SUUMO 賃貸 沼津市,沼津市,賃貸アパート,賃貸カテゴリ（掲載種別）,静岡県沼津市大岡,5.8,39.7,,5,—,—,,—,賃貸のため対象外,,2026-08-11,,https://suumo.jp/chintai/jnc_000078220629/?bc=100379713931,不適合
SUUMO 賃貸 沼津市,沼津市,賃貸アパート,賃貸カテゴリ（掲載種別）,静岡県沼津市大岡,5.8,37.3,,5,—,—,,—,賃貸のため対象外,,2026-08-11,,https://suumo.jp/chintai/jnc_000078220628/?bc=100333161726,不適合
SUUMO 賃貸 沼津市,沼津市,賃貸アパート,賃貸カテゴリ（掲載種別）,静岡県沼津市大岡,4.5,24.7,,5,—,—,,—,賃貸のため対象外,,2026-08-11,,https://suumo.jp/chintai/jnc_000105294156/?bc=100496004832,適合
SUUMO 賃貸 沼津市,沼津市,賃貸アパート,賃貸カテゴリ（掲載種別）,静岡県沼津市岡宮,5.2,42.4,,5,—,—,,—,賃貸のため対象外,,2026-08-11,,https://suumo.jp/chintai/jnc_000109068531/?bc=100521520843,不適合
SUUMO 賃貸 沼津市,沼津市,賃貸その他,賃貸カテゴリ（掲載種別）,静岡県沼津市大岡,6.3,62.8,,5,—,—,,—,賃貸のため対象外,,2026-08-11,,https://suumo.jp/chintai/jnc_000109142812/?bc=100521615288,不適合
SUUMO 賃貸 沼津市,沼津市,賃貸アパート,賃貸カテゴリ（掲載種別）,静岡県沼津市大岡,3.9,24.7,,5,—,—,,—,賃貸のため対象外,,2026-08-11,,https://suumo.jp/chintai/jnc_000108884047/?bc=100519749893,適合
SUUMO 賃貸 沼津市,沼津市,賃貸アパート,賃貸カテゴリ（掲載種別）,静岡県沼津市大岡,3.9,24.7,,5,—,—,,—,賃貸のため対象外,,2026-08-11,,https://suumo.jp/chintai/jnc_000108479455/?bc=100517874135,適合
SUUMO 賃貸 沼津市,沼津市,賃貸マンション,賃貸カテゴリ（掲載種別）,静岡県沼津市下香貫宮脇,6.0,51.0,,5,—,—,,—,賃貸のため対象外,,2026-08-11,,https://suumo.jp/chintai/jnc_000108799506/?bc=100521157801,不適合
SUUMO 賃貸 沼津市,沼津市,賃貸マンション,賃貸カテゴリ（掲載種別）,静岡県沼津市下香貫宮脇,6.0,49.8,,5,—,—,,—,賃貸のため対象外,,2026-08-09,,https://suumo.jp/chintai/jnc_000108484432/?bc=100507203226,不適合
SUUMO 賃貸 沼津市,沼津市,賃貸アパート,賃貸カテゴリ（掲載種別）,静岡県沼津市大岡,4.1,26.0,,5,—,—,,—,賃貸のため対象外,,2026-08-11,,https://suumo.jp/chintai/jnc_000027215292/?bc=100521221794,適合
SUUMO 賃貸 沼津市,沼津市,賃貸マンション,賃貸カテゴリ（掲載種別）,静岡県沼津市中沢田,4.5,51.0,,5,田,—,,—,賃貸のため対象外,,2026-08-11,,https://suumo.jp/chintai/jnc_000101375246/?bc=100467210270,適合
SUUMO 賃貸 沼津市,沼津市,賃貸マンション,賃貸カテゴリ（掲載種別）,静岡県沼津市中沢田,4.5,51.0,,5,田,—,,—,賃貸のため対象外,,2026-08-11,,https://suumo.jp/chintai/jnc_000099550966/?bc=100488977480,適合
SUUMO 賃貸 沼津市,沼津市,賃貸マンション,賃貸カテゴリ（掲載種別）,静岡県沼津市五月町,4.0,23.1,,5,—,—,,—,賃貸のため対象外,,2026-08-11,,https://suumo.jp/chintai/jnc_000083929694/?bc=100521571936,適合
SUUMO 賃貸 沼津市,沼津市,賃貸マンション,賃貸カテゴリ（掲載種別）,静岡県沼津市原,3.3,25.5,,5,—,—,,—,賃貸のため対象外,,2026-08-09,,https://suumo.jp/chintai/jnc_000094350402/?bc=100459022142,適合
SUUMO 賃貸 沼津市,沼津市,賃貸マンション,賃貸カテゴリ（掲載種別）,静岡県沼津市原,3.4,25.0,,5,—,—,,—,賃貸のため対象外,,2026-08-11,,https://suumo.jp/chintai/jnc_000058003852/?bc=100485135745,適合
SUUMO 賃貸 沼津市,沼津市,賃貸マンション,賃貸カテゴリ（掲載種別）,静岡県沼津市原,3.4,25.0,,5,—,—,,—,賃貸のため対象外,,2026-08-11,,https://suumo.jp/chintai/jnc_000105580048/?bc=100407721272,適合
SUUMO 賃貸 沼津市,沼津市,賃貸マンション,賃貸カテゴリ（掲載種別）,静岡県沼津市原,3.4,25.0,,5,—,—,,—,賃貸のため対象外,,2026-08-09,,https://suumo.jp/chintai/jnc_000069276968/?bc=100485136006,適合
SUUMO 賃貸 沼津市,沼津市,賃貸マンション,賃貸カテゴリ（掲載種別）,静岡県沼津市原,3.6,25.0,,5,—,—,,—,賃貸のため対象外,,2026-08-09,,https://suumo.jp/chintai/jnc_000094371550/?bc=100459022141,適合
SUUMO 賃貸 沼津市,沼津市,賃貸マンション,賃貸カテゴリ（掲載種別）,静岡県沼津市原,3.6,25.0,,5,—,—,,—,賃貸のため対象外,,2026-08-09,,https://suumo.jp/chintai/jnc_000094379986/?bc=100459022140,適合
SUUMO 賃貸 沼津市,沼津市,賃貸マンション,賃貸カテゴリ（掲載種別）,静岡県沼津市原,3.7,25.0,,5,—,—,,—,賃貸のため対象外,,2026-08-10,,https://suumo.jp/chintai/jnc_000065977823/?bc=100503594584,適合
SUUMO 賃貸 沼津市,沼津市,賃貸マンション,賃貸カテゴリ（掲載種別）,静岡県沼津市西沢田,4.2,55.7,,5,田,—,,—,賃貸のため対象外,,2026-08-11,,https://suumo.jp/chintai/jnc_000106762835/?bc=100503770616,適合
SUUMO 賃貸 沼津市,沼津市,賃貸マンション,賃貸カテゴリ（掲載種別）,静岡県沼津市西沢田,4.2,55.7,,5,田,—,,—,賃貸のため対象外,,2026-08-11,,https://suumo.jp/chintai/jnc_000106762831/?bc=100503770550,適合
SUUMO 賃貸 沼津市,沼津市,賃貸マンション,賃貸カテゴリ（掲載種別）,静岡県沼津市西沢田,4.2,55.7,,5,田,—,,—,賃貸のため対象外,,2026-08-11,,https://suumo.jp/chintai/jnc_000106762834/?bc=100503770537,適合
SUUMO 賃貸 沼津市,沼津市,賃貸マンション,賃貸カテゴリ（掲載種別）,静岡県沼津市西沢田,4.2,55.7,,5,田,—,,—,賃貸のため対象外,,2026-08-11,,https://suumo.jp/chintai/jnc_000106762837/?bc=100503770469,適合
SUUMO 賃貸 沼津市,沼津市,賃貸マンション,賃貸カテゴリ（掲載種別）,静岡県沼津市西沢田,4.4,55.7,,5,田,—,,—,賃貸のため対象外,,2026-08-11,,https://suumo.jp/chintai/jnc_000108918108/?bc=100503770636,適合
SUUMO 賃貸 沼津市,沼津市,賃貸マンション,賃貸カテゴリ（掲載種別）,静岡県沼津市青野,3.8,27.9,,5,—,—,,—,賃貸のため対象外,,2026-08-11,,https://suumo.jp/chintai/jnc_000062824741/?bc=100511793855,適合
SUUMO 賃貸 沼津市,沼津市,賃貸マンション,賃貸カテゴリ（掲載種別）,静岡県沼津市青野,3.8,27.9,,5,—,—,,—,賃貸のため対象外,,2026-08-11,,https://suumo.jp/chintai/jnc_000047494133/?bc=100511823962,適合
SUUMO 賃貸 沼津市,沼津市,賃貸マンション,賃貸カテゴリ（掲載種別）,静岡県沼津市青野,3.8,27.9,,5,—,—,,—,賃貸のため対象外,,2026-08-11,,https://suumo.jp/chintai/jnc_000109142811/?bc=100521606657,適合
SUUMO 賃貸 沼津市,沼津市,賃貸アパート,賃貸カテゴリ（掲載種別）,静岡県沼津市大岡,3.1,23.2,,5,—,—,,—,賃貸のため対象外,,2026-08-09,,https://suumo.jp/chintai/jnc_000108500499/?bc=100437508684,適合
SUUMO 賃貸 沼津市,沼津市,賃貸アパート,賃貸カテゴリ（掲載種別）,静岡県沼津市大岡,3.1,23.2,,5,—,—,,—,賃貸のため対象外,,2026-08-11,,https://suumo.jp/chintai/jnc_000106055895/?bc=100500097121,適合
SUUMO 賃貸 沼津市,沼津市,賃貸アパート,賃貸カテゴリ（掲載種別）,静岡県沼津市大岡,3.1,23.2,,5,—,—,,—,賃貸のため対象外,,2026-08-09,,https://suumo.jp/chintai/jnc_000109112143/?bc=100521370334,適合
SUUMO 賃貸 沼津市,沼津市,賃貸アパート,賃貸カテゴリ（掲載種別）,静岡県沼津市大岡,3.5,23.2,,5,—,—,,—,賃貸のため対象外,,2026-08-09,,https://suumo.jp/chintai/jnc_000107784296/?bc=100512735393,適合
SUUMO 賃貸 沼津市,沼津市,賃貸アパート,賃貸カテゴリ（掲載種別）,静岡県沼津市大岡,3.6,23.2,,5,—,—,,—,賃貸のため対象外,,2026-08-11,,https://suumo.jp/chintai/jnc_000108297897/?bc=100511311669,適合
SUUMO 賃貸 沼津市,沼津市,賃貸アパート,賃貸カテゴリ（掲載種別）,静岡県沼津市原,2.0,18.3,,5,—,—,,—,賃貸のため対象外,,2026-08-11,,https://suumo.jp/chintai/jnc_000103225492/?bc=100455255063,適合
SUUMO 賃貸 沼津市,沼津市,賃貸アパート,賃貸カテゴリ（掲載種別）,静岡県沼津市東椎路,2.5,23.9,,5,—,—,,—,賃貸のため対象外,,2026-08-11,,https://suumo.jp/chintai/jnc_000098244707/?bc=100435334484,適合
SUUMO 賃貸 沼津市,沼津市,賃貸アパート,賃貸カテゴリ（掲載種別）,静岡県沼津市東椎路,2.5,24.0,,5,—,—,,—,賃貸のため対象外,,2026-08-11,,https://suumo.jp/chintai/jnc_000090362005/?bc=100458141831,適合
SUUMO 賃貸 沼津市,沼津市,賃貸アパート,賃貸カテゴリ（掲載種別）,静岡県沼津市東椎路,2.5,23.9,,5,—,—,,—,賃貸のため対象外,,2026-08-11,,https://suumo.jp/chintai/jnc_000108679184/?bc=100518107867,適合
SUUMO 賃貸 沼津市,沼津市,賃貸アパート,賃貸カテゴリ（掲載種別）,静岡県沼津市小諏訪,5.7,49.9,,5,—,—,,—,賃貸のため対象外,,2026-08-10,,https://suumo.jp/chintai/jnc_000109115605/?bc=100521371707,不適合
SUUMO 賃貸 沼津市,沼津市,賃貸マンション,賃貸カテゴリ（掲載種別）,静岡県沼津市大塚,5.8,53.3,,5,—,—,,—,賃貸のため対象外,,2026-08-11,,https://suumo.jp/chintai/jnc_000108847879/?bc=100519448663,不適合
SUUMO 賃貸 沼津市,沼津市,賃貸マンション,賃貸カテゴリ（掲載種別）,静岡県沼津市大塚,6.0,53.3,,5,—,—,,—,賃貸のため対象外,,2026-08-11,,https://suumo.jp/chintai/jnc_000107313167/?bc=100507678589,不適合
SUUMO 賃貸 沼津市,沼津市,賃貸マンション,賃貸カテゴリ（掲載種別）,静岡県沼津市大岡,5.5,60.1,,5,—,—,,—,賃貸のため対象外,,2026-08-03,,https://suumo.jp/chintai/jnc_000047790060/?bc=100510501381,不適合
SUUMO 賃貸 沼津市,沼津市,賃貸マンション,賃貸カテゴリ（掲載種別）,静岡県沼津市大岡,5.5,59.3,,5,—,—,,—,賃貸のため対象外,,2026-08-09,,https://suumo.jp/chintai/jnc_000069307400/?bc=100509266172,不適合
SUUMO 賃貸 沼津市,沼津市,賃貸マンション,賃貸カテゴリ（掲載種別）,静岡県沼津市大塚,5.8,53.3,,5,—,—,,—,賃貸のため対象外,,2026-08-07,,https://suumo.jp/chintai/jnc_000109030036/?bc=100520783817,不適合
SUUMO 賃貸 沼津市,沼津市,賃貸マンション,賃貸カテゴリ（掲載種別）,静岡県沼津市大塚,6.0,53.3,,5,—,—,,—,賃貸のため対象外,,2026-08-11,,https://suumo.jp/chintai/jnc_000107379856/?bc=100508246158,不適合
SUUMO 賃貸 沼津市,沼津市,賃貸マンション,賃貸カテゴリ（掲載種別）,静岡県沼津市大塚,5.7,53.3,,5,—,—,,—,賃貸のため対象外,,2026-08-03,,https://suumo.jp/chintai/jnc_000108944257/?bc=100496587142,不適合
SUUMO 賃貸 沼津市,沼津市,賃貸マンション,賃貸カテゴリ（掲載種別）,静岡県沼津市大塚,5.7,53.3,,5,—,—,,—,賃貸のため対象外,,2026-08-11,,https://suumo.jp/chintai/jnc_000105460279/?bc=100456564126,不適合
SUUMO 賃貸 沼津市,沼津市,賃貸マンション,賃貸カテゴリ（掲載種別）,静岡県沼津市大塚,5.7,53.3,,5,—,—,,—,賃貸のため対象外,,2026-07-25,,https://suumo.jp/chintai/jnc_000105820354/?bc=100463492983,不適合
SUUMO 賃貸 沼津市,沼津市,賃貸アパート,賃貸カテゴリ（掲載種別）,静岡県沼津市原町中２,5.65,42.2,,5,—,—,,—,賃貸のため対象外,,2026-08-11,,https://suumo.jp/chintai/jnc_000108136814/?bc=100508927924,不適合
SUUMO 賃貸 沼津市,沼津市,賃貸アパート,賃貸カテゴリ（掲載種別）,静岡県沼津市原町中２,5.65,42.2,,5,—,—,,—,賃貸のため対象外,,2026-08-09,,https://suumo.jp/chintai/jnc_000109092014/?bc=100521186302,不適合
SUUMO 賃貸 沼津市,沼津市,賃貸アパート,賃貸カテゴリ（掲載種別）,静岡県沼津市西添町,5.6,45.9,,5,—,—,,—,賃貸のため対象外,,2026-08-11,,https://suumo.jp/chintai/jnc_000108457748/?bc=100516938297,不適合
SUUMO 賃貸 沼津市,沼津市,賃貸アパート,賃貸カテゴリ（掲載種別）,静岡県沼津市東椎路,5.7,45.1,,5,—,—,,—,賃貸のため対象外,,2026-08-11,,https://suumo.jp/chintai/jnc_000109030039/?bc=100520909947,不適合
SUUMO 賃貸 沼津市,沼津市,賃貸アパート,賃貸カテゴリ（掲載種別）,静岡県沼津市原,5.3,68.9,,5,—,—,,—,賃貸のため対象外,,2026-08-11,,https://suumo.jp/chintai/jnc_000108786864/?bc=100518958316,不適合
SUUMO 賃貸 沼津市,沼津市,賃貸マンション,賃貸カテゴリ（掲載種別）,静岡県沼津市西添町,5.0,59.2,,5,—,—,,—,賃貸のため対象外,,2026-08-11,,https://suumo.jp/chintai/jnc_000108527625/?bc=100465623125,適合
SUUMO 賃貸 沼津市,沼津市,賃貸マンション,賃貸カテゴリ（掲載種別）,静岡県沼津市西添町,5.0,59.2,,5,—,—,,—,賃貸のため対象外,,2026-08-11,,https://suumo.jp/chintai/jnc_000108527627/?bc=100497428186,適合
SUUMO 賃貸 沼津市,沼津市,賃貸マンション,賃貸カテゴリ（掲載種別）,静岡県沼津市西添町,5.0,59.2,,5,—,—,,—,賃貸のため対象外,,2026-08-11,,https://suumo.jp/chintai/jnc_000108527626/?bc=100496574758,適合
SUUMO 賃貸 沼津市,沼津市,賃貸アパート,賃貸カテゴリ（掲載種別）,静岡県沼津市大岡,5.6,63.3,,5,—,—,,—,賃貸のため対象外,,2026-08-08,,https://suumo.jp/chintai/jnc_000109051635/?bc=100520933519,不適合
SUUMO 賃貸 沼津市,沼津市,賃貸アパート,賃貸カテゴリ（掲載種別）,静岡県沼津市大岡,5.05,47.0,,5,—,—,,—,賃貸のため対象外,,2026-08-10,,https://suumo.jp/chintai/jnc_000108951033/?bc=100507890462,不適合
SUUMO 賃貸 沼津市,沼津市,賃貸アパート,賃貸カテゴリ（掲載種別）,静岡県沼津市大岡,5.6,47.0,,5,—,—,,—,賃貸のため対象外,,2026-08-09,,https://suumo.jp/chintai/jnc_000107118793/?bc=100516978578,不適合
SUUMO 賃貸 沼津市,沼津市,賃貸マンション,賃貸カテゴリ（掲載種別）,静岡県沼津市大諏訪,4.5,53.3,,5,—,—,,—,賃貸のため対象外,,2026-07-31,,https://suumo.jp/chintai/jnc_000108891125/?bc=100519813660,適合
SUUMO 賃貸 沼津市,沼津市,賃貸マンション,賃貸カテゴリ（掲載種別）,静岡県沼津市大諏訪,6.3,58.5,,5,—,—,,—,賃貸のため対象外,,2026-08-10,,https://suumo.jp/chintai/jnc_000103737184/?bc=100482067007,不適合
SUUMO 賃貸 沼津市,沼津市,賃貸アパート,賃貸カテゴリ（掲載種別）,静岡県沼津市原,6.3,36.6,,5,—,—,,—,賃貸のため対象外,,2026-08-11,,https://suumo.jp/chintai/jnc_000094676789/?bc=100505102961,不適合
SUUMO 賃貸 沼津市,沼津市,賃貸アパート,賃貸カテゴリ（掲載種別）,静岡県沼津市原,6.3,36.6,,5,—,—,,—,賃貸のため対象外,,2026-08-11,,https://suumo.jp/chintai/jnc_000094676786/?bc=100499657961,不適合
SUUMO 賃貸 沼津市,沼津市,賃貸アパート,賃貸カテゴリ（掲載種別）,静岡県沼津市原,6.45,43.4,,5,—,—,,—,賃貸のため対象外,,2026-08-11,,https://suumo.jp/chintai/jnc_000094676792/?bc=100516470949,不適合
SUUMO 賃貸 沼津市,沼津市,賃貸アパート,賃貸カテゴリ（掲載種別）,静岡県沼津市原,6.7,43.4,,5,—,—,,—,賃貸のため対象外,,2026-08-11,,https://suumo.jp/chintai/jnc_000094676790/?bc=100505515211,不適合
SUUMO 賃貸 沼津市,沼津市,賃貸マンション,賃貸カテゴリ（掲載種別）,静岡県沼津市大塚,6.3,55.1,,5,—,—,,—,賃貸のため対象外,,2026-08-10,,https://suumo.jp/chintai/jnc_000053133916/?bc=100414722882,不適合
SUUMO 賃貸 沼津市,沼津市,賃貸マンション,賃貸カテゴリ（掲載種別）,静岡県沼津市大塚,6.5,55.1,,5,—,—,,—,賃貸のため対象外,,2026-08-11,,https://suumo.jp/chintai/jnc_000053133917/?bc=100511311287,不適合
SUUMO 賃貸 沼津市,沼津市,賃貸アパート,賃貸カテゴリ（掲載種別）,静岡県沼津市原,5.3,68.9,,5,—,—,,—,賃貸のため対象外,,2026-08-11,,https://suumo.jp/chintai/jnc_000108711552/?bc=100518414242,不適合
SUUMO 賃貸 沼津市,沼津市,賃貸マンション,賃貸カテゴリ（掲載種別）,静岡県沼津市大岡,7.0,64.0,,5,—,—,,—,賃貸のため対象外,,2026-07-25,,https://suumo.jp/chintai/jnc_000105808671/?bc=100496280610,不適合
SUUMO 賃貸 沼津市,沼津市,賃貸アパート,賃貸カテゴリ（掲載種別）,静岡県沼津市一本松,5.3,58.0,,5,—,—,,—,賃貸のため対象外,,2026-08-07,,https://suumo.jp/chintai/jnc_000100675734/?bc=100513648860,不適合
SUUMO 賃貸 沼津市,沼津市,賃貸マンション,賃貸カテゴリ（掲載種別）,静岡県沼津市大岡,5.6,63.3,,5,—,—,,—,賃貸のため対象外,,2026-08-11,,https://suumo.jp/chintai/jnc_000108927923/?bc=100521500322,不適合
SUUMO 賃貸 沼津市,沼津市,賃貸アパート,賃貸カテゴリ（掲載種別）,静岡県沼津市東椎路,6.94,48.6,,5,—,—,,—,賃貸のため対象外,,2026-08-11,,https://suumo.jp/chintai/jnc_000108004918/?bc=100506980989,不適合
SUUMO 賃貸 沼津市,沼津市,賃貸アパート,賃貸カテゴリ（掲載種別）,静岡県沼津市東椎路,6.94,48.6,,5,—,—,,—,賃貸のため対象外,,2026-08-11,,https://suumo.jp/chintai/jnc_000108004917/?bc=100481648840,不適合
SUUMO 賃貸 沼津市,沼津市,賃貸アパート,賃貸カテゴリ（掲載種別）,静岡県沼津市東椎路,7.75,58.2,,5,—,—,,—,賃貸のため対象外,,2026-08-10,,https://suumo.jp/chintai/jnc_000108004920/?bc=100483640077,不適合
SUUMO 賃貸 沼津市,沼津市,賃貸アパート,賃貸カテゴリ（掲載種別）,静岡県沼津市東椎路,7.75,58.2,,5,—,—,,—,賃貸のため対象外,,2026-08-11,,https://suumo.jp/chintai/jnc_000108004921/?bc=100481648868,不適合
SUUMO 賃貸 沼津市,沼津市,賃貸アパート,賃貸カテゴリ（掲載種別）,静岡県沼津市東椎路,7.75,58.2,,5,—,—,,—,賃貸のため対象外,,2026-08-11,,https://suumo.jp/chintai/jnc_000108004919/?bc=100510799725,不適合
SUUMO 賃貸 沼津市,沼津市,賃貸マンション,賃貸カテゴリ（掲載種別）,静岡県沼津市下香貫,6.4,60.0,,5,—,—,,—,賃貸のため対象外,,2026-08-03,,https://suumo.jp/chintai/jnc_000108789601/?bc=100518994155,不適合
SUUMO 賃貸 沼津市,沼津市,賃貸マンション,賃貸カテゴリ（掲載種別）,静岡県沼津市下香貫,6.4,60.0,,5,—,—,,—,賃貸のため対象外,,2026-08-03,,https://suumo.jp/chintai/jnc_000108315081/?bc=100515374260,不適合
SUUMO 賃貸 沼津市,沼津市,賃貸アパート,賃貸カテゴリ（掲載種別）,静岡県沼津市大岡,5.25,37.9,,5,—,—,,—,賃貸のため対象外,,2026-08-11,,https://suumo.jp/chintai/jnc_000108136804/?bc=100376250628,不適合
SUUMO 賃貸 沼津市,沼津市,賃貸アパート,賃貸カテゴリ（掲載種別）,静岡県沼津市大岡,6.05,44.4,,5,—,—,,—,賃貸のため対象外,,2026-08-11,,https://suumo.jp/chintai/jnc_000108185425/?bc=100519713537,不適合
SUUMO 賃貸 沼津市,沼津市,賃貸アパート,賃貸カテゴリ（掲載種別）,静岡県沼津市大岡,6.05,44.4,,5,—,—,,—,賃貸のため対象外,,2026-08-11,,https://suumo.jp/chintai/jnc_000108177364/?bc=100514585433,不適合
SUUMO 賃貸 沼津市,沼津市,賃貸アパート,賃貸カテゴリ（掲載種別）,静岡県沼津市大岡,5.9,44.8,,5,—,—,,—,賃貸のため対象外,,2026-08-11,,https://suumo.jp/chintai/jnc_000102988791/?bc=100521054852,不適合
SUUMO 賃貸 沼津市,沼津市,賃貸アパート,賃貸カテゴリ（掲載種別）,静岡県沼津市原,5.9,51.3,,5,—,—,,—,賃貸のため対象外,,2026-08-11,,https://suumo.jp/chintai/jnc_000109051639/?bc=100517263639,不適合
SUUMO 賃貸 沼津市,沼津市,賃貸マンション,賃貸カテゴリ（掲載種別）,静岡県沼津市緑ケ丘,6.3,43.6,,5,—,—,,—,賃貸のため対象外,,2026-08-11,,https://suumo.jp/chintai/jnc_000107688775/?bc=000081377889,不適合
SUUMO 賃貸 沼津市,沼津市,賃貸マンション,賃貸カテゴリ（掲載種別）,静岡県沼津市緑ケ丘,6.3,43.6,,5,—,—,,—,賃貸のため対象外,,2026-08-11,,https://suumo.jp/chintai/jnc_000108432105/?bc=100485260905,不適合
SUUMO 賃貸 沼津市,沼津市,賃貸マンション,賃貸カテゴリ（掲載種別）,静岡県沼津市緑ケ丘,7.7,59.1,,5,—,—,,—,賃貸のため対象外,,2026-08-11,,https://suumo.jp/chintai/jnc_000107258993/?bc=100002029831,不適合
SUUMO 賃貸 沼津市,沼津市,賃貸マンション,賃貸カテゴリ（掲載種別）,静岡県沼津市西添町,6.5,63.1,,5,—,—,,—,賃貸のため対象外,,2026-08-11,,https://suumo.jp/chintai/jnc_000104380269/?bc=100422923998,不適合
SUUMO 賃貸 沼津市,沼津市,賃貸マンション,賃貸カテゴリ（掲載種別）,静岡県沼津市大岡,6.3,45.6,,5,—,—,,—,賃貸のため対象外,,2026-08-11,,https://suumo.jp/chintai/jnc_000084798019/?bc=100506845529,不適合
SUUMO 賃貸 沼津市,沼津市,賃貸アパート,賃貸カテゴリ（掲載種別）,静岡県沼津市東椎路,5.6,46.1,,5,—,—,,—,賃貸のため対象外,,2026-08-11,,https://suumo.jp/chintai/jnc_000108998823/?bc=100520632715,不適合
SUUMO 賃貸 沼津市,沼津市,賃貸アパート,賃貸カテゴリ（掲載種別）,静岡県沼津市大岡,6.64,43.2,,5,—,—,,—,賃貸のため対象外,,2026-08-11,,https://suumo.jp/chintai/jnc_000107298847/?bc=100487963505,不適合
SUUMO 賃貸 沼津市,沼津市,賃貸アパート,賃貸カテゴリ（掲載種別）,静岡県沼津市大岡,6.64,43.2,,5,—,—,,—,賃貸のため対象外,,2026-08-11,,https://suumo.jp/chintai/jnc_000107298848/?bc=100486814417,不適合
SUUMO 賃貸 沼津市,沼津市,賃貸アパート,賃貸カテゴリ（掲載種別）,静岡県沼津市大岡,6.81,43.2,,5,—,—,,—,賃貸のため対象外,,2026-08-11,,https://suumo.jp/chintai/jnc_000107298849/?bc=100486814428,不適合
SUUMO 賃貸 沼津市,沼津市,賃貸アパート,賃貸カテゴリ（掲載種別）,静岡県沼津市大岡,7.68,53.9,,5,—,—,,—,賃貸のため対象外,,2026-08-11,,https://suumo.jp/chintai/jnc_000107298852/?bc=100486814416,不適合
SUUMO 賃貸 沼津市,沼津市,賃貸アパート,賃貸カテゴリ（掲載種別）,静岡県沼津市大岡,7.68,53.9,,5,—,—,,—,賃貸のため対象外,,2026-08-11,,https://suumo.jp/chintai/jnc_000107298851/?bc=100486814430,不適合
SUUMO 賃貸 沼津市,沼津市,賃貸アパート,賃貸カテゴリ（掲載種別）,静岡県沼津市大岡,7.87,53.9,,5,—,—,,—,賃貸のため対象外,,2026-08-11,,https://suumo.jp/chintai/jnc_000107298853/?bc=100505114676,不適合
SUUMO 賃貸 沼津市,沼津市,賃貸アパート,賃貸カテゴリ（掲載種別）,静岡県沼津市大岡,7.87,53.9,,5,—,—,,—,賃貸のため対象外,,2026-08-11,,https://suumo.jp/chintai/jnc_000107298850/?bc=100505515265,不適合
SUUMO 賃貸 沼津市,沼津市,賃貸アパート,賃貸カテゴリ（掲載種別）,静岡県沼津市吉田町,5.7,41.3,,5,田,—,,—,賃貸のため対象外,,2026-08-11,,https://suumo.jp/chintai/jnc_000107611768/?bc=100510794606,不適合
SUUMO 賃貸 沼津市,沼津市,賃貸アパート,賃貸カテゴリ（掲載種別）,静岡県沼津市東椎路,5.55,45.8,,5,—,—,,—,賃貸のため対象外,,2026-08-11,,https://suumo.jp/chintai/jnc_000108847885/?bc=100519457828,不適合
SUUMO 賃貸 沼津市,沼津市,賃貸アパート,賃貸カテゴリ（掲載種別）,静岡県沼津市大岡,6.49,43.2,,5,—,—,,—,賃貸のため対象外,,2026-08-11,,https://suumo.jp/chintai/jnc_000107417781/?bc=100508767109,不適合
SUUMO 賃貸 沼津市,沼津市,賃貸アパート,賃貸カテゴリ（掲載種別）,静岡県沼津市大岡,6.65,43.2,,5,—,—,,—,賃貸のため対象外,,2026-08-11,,https://suumo.jp/chintai/jnc_000107417780/?bc=100508767103,不適合
SUUMO 賃貸 沼津市,沼津市,賃貸アパート,賃貸カテゴリ（掲載種別）,静岡県沼津市大岡,6.65,43.2,,5,—,—,,—,賃貸のため対象外,,2026-08-11,,https://suumo.jp/chintai/jnc_000107417782/?bc=100508516634,不適合
SUUMO 賃貸 沼津市,沼津市,賃貸アパート,賃貸カテゴリ（掲載種別）,静岡県沼津市大岡,7.61,53.9,,5,—,—,,—,賃貸のため対象外,,2026-08-11,,https://suumo.jp/chintai/jnc_000107417784/?bc=100508767110,不適合
SUUMO 賃貸 沼津市,沼津市,賃貸アパート,賃貸カテゴリ（掲載種別）,静岡県沼津市大岡,7.8,53.9,,5,—,—,,—,賃貸のため対象外,,2026-08-11,,https://suumo.jp/chintai/jnc_000107417783/?bc=100510442279,不適合
SUUMO 賃貸 沼津市,沼津市,賃貸アパート,賃貸カテゴリ（掲載種別）,静岡県沼津市大岡,7.8,53.9,,5,—,—,,—,賃貸のため対象外,,2026-08-11,,https://suumo.jp/chintai/jnc_000107417785/?bc=100510442242,不適合
SUUMO 賃貸 沼津市,沼津市,賃貸マンション,賃貸カテゴリ（掲載種別）,静岡県沼津市松長,5.7,40.1,,5,—,—,,—,賃貸のため対象外,,2026-08-11,,https://suumo.jp/chintai/jnc_000083598468/?bc=100516899235,不適合
SUUMO 賃貸 沼津市,沼津市,賃貸アパート,賃貸カテゴリ（掲載種別）,静岡県沼津市大岡,5.2,49.5,,5,—,—,,—,賃貸のため対象外,,2026-08-11,,https://suumo.jp/chintai/jnc_000106933520/?bc=100505890591,不適合
SUUMO 賃貸 沼津市,沼津市,賃貸アパート,賃貸カテゴリ（掲載種別）,静岡県沼津市中沢田,5.5,51.4,,5,田,—,,—,賃貸のため対象外,,2026-08-10,,https://suumo.jp/chintai/jnc_000103164242/?bc=100476754386,不適合
SUUMO 賃貸 沼津市,沼津市,賃貸アパート,賃貸カテゴリ（掲載種別）,静岡県沼津市中沢田,5.5,51.4,,5,田,—,,—,賃貸のため対象外,,2026-08-09,,https://suumo.jp/chintai/jnc_000103348353/?bc=100521371741,不適合
SUUMO 賃貸 沼津市,沼津市,賃貸アパート,賃貸カテゴリ（掲載種別）,静岡県沼津市三芳町,6.6,35.7,,5,—,—,,—,賃貸のため対象外,,2026-08-11,,https://suumo.jp/chintai/jnc_000108599825/?bc=100517527740,不適合
SUUMO 賃貸 沼津市,沼津市,賃貸アパート,賃貸カテゴリ（掲載種別）,静岡県沼津市鳥谷,5.2,55.2,,5,—,—,,—,賃貸のため対象外,,2026-08-11,,https://suumo.jp/chintai/jnc_000108723014/?bc=100518541401,不適合
SUUMO 賃貸 沼津市,沼津市,賃貸マンション,賃貸カテゴリ（掲載種別）,静岡県沼津市大岡,6.0,41.0,,5,—,—,,—,賃貸のため対象外,,2026-08-11,,https://suumo.jp/chintai/jnc_000106462390/?bc=100501908560,不適合
SUUMO 賃貸 沼津市,沼津市,賃貸マンション,賃貸カテゴリ（掲載種別）,静岡県沼津市吉田町,5.3,52.2,,5,田,—,,—,賃貸のため対象外,,2026-08-11,,https://suumo.jp/chintai/jnc_000106833158/?bc=100496794662,不適合
SUUMO 賃貸 沼津市,沼津市,賃貸マンション,賃貸カテゴリ（掲載種別）,静岡県沼津市吉田町,5.5,52.2,,5,田,—,,—,賃貸のため対象外,,2026-08-11,,https://suumo.jp/chintai/jnc_000105758309/?bc=100483787178,不適合
SUUMO 賃貸 沼津市,沼津市,賃貸マンション,賃貸カテゴリ（掲載種別）,静岡県沼津市吉田町,5.5,52.2,,5,田,—,,—,賃貸のため対象外,,2026-08-11,,https://suumo.jp/chintai/jnc_000105758308/?bc=100503199780,不適合
SUUMO 賃貸 沼津市,沼津市,賃貸アパート,賃貸カテゴリ（掲載種別）,静岡県沼津市本西松下,5.3,54.3,,5,—,—,,—,賃貸のため対象外,,2026-07-25,,https://suumo.jp/chintai/jnc_000094222164/?bc=100516918290,不適合
SUUMO 賃貸 沼津市,沼津市,賃貸アパート,賃貸カテゴリ（掲載種別）,静岡県沼津市本西松下,5.6,54.3,,5,—,—,,—,賃貸のため対象外,,2026-07-25,,https://suumo.jp/chintai/jnc_000107627523/?bc=100510206332,不適合
SUUMO 賃貸 沼津市,沼津市,賃貸アパート,賃貸カテゴリ（掲載種別）,静岡県沼津市本西松下,5.7,61.5,,5,—,—,,—,賃貸のため対象外,,2026-08-11,,https://suumo.jp/chintai/jnc_000108975161/?bc=100521399855,不適合
SUUMO 賃貸 沼津市,沼津市,賃貸アパート,賃貸カテゴリ（掲載種別）,静岡県沼津市本西松下,5.7,54.3,,5,—,—,,—,賃貸のため対象外,,2026-08-04,,https://suumo.jp/chintai/jnc_000108975162/?bc=100520498952,不適合
SUUMO 賃貸 沼津市,沼津市,賃貸アパート,賃貸カテゴリ（掲載種別）,静岡県沼津市原,4.6,37.8,,5,—,—,,—,賃貸のため対象外,,2026-08-11,,https://suumo.jp/chintai/jnc_000101591229/?bc=100520393422,適合
SUUMO 賃貸 沼津市,沼津市,賃貸アパート,賃貸カテゴリ（掲載種別）,静岡県沼津市東熊堂,5.2,55.5,,5,—,—,,—,賃貸のため対象外,,2026-08-11,,https://suumo.jp/chintai/jnc_000109127007/?bc=100521399361,不適合
SUUMO 賃貸 沼津市,沼津市,賃貸アパート,賃貸カテゴリ（掲載種別）,静岡県沼津市緑ケ丘,5.8,53.0,,5,—,—,,—,賃貸のため対象外,,2026-08-11,,https://suumo.jp/chintai/jnc_000108951042/?bc=100500873012,不適合
SUUMO 賃貸 沼津市,沼津市,賃貸アパート,賃貸カテゴリ（掲載種別）,静岡県沼津市緑ケ丘,6.4,53.0,,5,—,—,,—,賃貸のため対象外,,2026-08-08,,https://suumo.jp/chintai/jnc_000106865078/?bc=100500589305,不適合
SUUMO 賃貸 沼津市,沼津市,賃貸マンション,賃貸カテゴリ（掲載種別）,静岡県沼津市大塚,4.3,55.9,,5,—,—,,—,賃貸のため対象外,,2026-08-09,,https://suumo.jp/chintai/jnc_000094706401/?bc=100521371690,適合
SUUMO 賃貸 沼津市,沼津市,賃貸マンション,賃貸カテゴリ（掲載種別）,静岡県沼津市西椎路,5.5,55.0,,5,—,—,,—,賃貸のため対象外,,2026-08-11,,https://suumo.jp/chintai/jnc_000108297924/?bc=100517866951,不適合
SUUMO 賃貸 沼津市,沼津市,賃貸マンション,賃貸カテゴリ（掲載種別）,静岡県沼津市西椎路,5.5,55.0,,5,—,—,,—,賃貸のため対象外,,2026-08-09,,https://suumo.jp/chintai/jnc_000109115607/?bc=100521371626,不適合
SUUMO 賃貸 沼津市,沼津市,賃貸アパート,賃貸カテゴリ（掲載種別）,静岡県沼津市我入道江川,5.0,47.4,,5,—,—,,—,賃貸のため対象外,,2026-08-09,,https://suumo.jp/chintai/jnc_000108657661/?bc=100517876056,適合
SUUMO 賃貸 沼津市,沼津市,賃貸アパート,賃貸カテゴリ（掲載種別）,静岡県沼津市原,4.6,37.8,,5,—,—,,—,賃貸のため対象外,,2026-08-08,,https://suumo.jp/chintai/jnc_000101695786/?bc=100521186313,適合
SUUMO 賃貸 沼津市,沼津市,賃貸マンション,賃貸カテゴリ（掲載種別）,静岡県沼津市大岡,7.1,56.8,,5,—,—,,—,賃貸のため対象外,,2026-08-11,,https://suumo.jp/chintai/jnc_000106814318/?bc=100018689782,不適合
SUUMO 賃貸 沼津市,沼津市,賃貸マンション,賃貸カテゴリ（掲載種別）,静岡県沼津市大岡,7.1,56.8,,5,—,—,,—,賃貸のため対象外,,2026-07-25,,https://suumo.jp/chintai/jnc_000107784295/?bc=100508826864,不適合
SUUMO 賃貸 沼津市,沼津市,賃貸マンション,賃貸カテゴリ（掲載種別）,静岡県沼津市大岡,7.4,56.8,,5,—,—,,—,賃貸のため対象外,,2026-08-11,,https://suumo.jp/chintai/jnc_000101026348/?bc=100429706211,不適合
SUUMO 賃貸 沼津市,沼津市,賃貸マンション,賃貸カテゴリ（掲載種別）,静岡県沼津市大岡,7.4,56.8,,5,—,—,,—,賃貸のため対象外,,2026-07-25,,https://suumo.jp/chintai/jnc_000102019287/?bc=100456200683,不適合
SUUMO 賃貸 沼津市,沼津市,賃貸マンション,賃貸カテゴリ（掲載種別）,静岡県沼津市大岡,7.6,56.8,,5,—,—,,—,賃貸のため対象外,,2026-07-25,,https://suumo.jp/chintai/jnc_000099203170/?bc=100434338147,不適合
SUUMO 賃貸 沼津市,沼津市,賃貸マンション,賃貸カテゴリ（掲載種別）,静岡県沼津市御幸町,6.7,41.0,,5,—,—,,—,賃貸のため対象外,,2026-08-11,,https://suumo.jp/chintai/jnc_000108718327/?bc=100518455406,不適合
SUUMO 賃貸 沼津市,沼津市,賃貸マンション,賃貸カテゴリ（掲載種別）,静岡県沼津市御幸町,7.3,43.6,,5,—,—,,—,賃貸のため対象外,,2026-08-04,,https://suumo.jp/chintai/jnc_000107404349/?bc=100002109270,不適合
SUUMO 賃貸 沼津市,沼津市,賃貸マンション,賃貸カテゴリ（掲載種別）,静岡県沼津市東原,6.2,54.4,,5,—,—,,—,賃貸のため対象外,,2026-08-11,,https://suumo.jp/chintai/jnc_000082226139/?bc=100517426041,不適合
SUUMO 賃貸 沼津市,沼津市,賃貸アパート,賃貸カテゴリ（掲載種別）,静岡県沼津市西間門,6.2,44.0,,5,—,—,,—,賃貸のため対象外,,2026-08-10,,https://suumo.jp/chintai/jnc_000108847883/?bc=100519457870,不適合
SUUMO 賃貸 沼津市,沼津市,賃貸マンション,賃貸カテゴリ（掲載種別）,静岡県沼津市緑ケ丘,6.3,43.6,,5,—,—,,—,賃貸のため対象外,,2026-07-31,,https://suumo.jp/chintai/jnc_000107764150/?bc=100511164732,不適合
SUUMO 賃貸 沼津市,沼津市,賃貸マンション,賃貸カテゴリ（掲載種別）,静岡県沼津市緑ケ丘,6.3,43.6,,5,—,—,,—,賃貸のため対象外,,2026-08-11,,https://suumo.jp/chintai/jnc_000108572846/?bc=100484694733,不適合
SUUMO 賃貸 沼津市,沼津市,賃貸マンション,賃貸カテゴリ（掲載種別）,静岡県沼津市緑ケ丘,7.7,59.1,,5,—,—,,—,賃貸のため対象外,,2026-07-31,,https://suumo.jp/chintai/jnc_000107947029/?bc=100512630279,不適合
SUUMO 賃貸 沼津市,沼津市,賃貸アパート,賃貸カテゴリ（掲載種別）,静岡県沼津市大岡,5.7,28.6,,5,—,—,,—,賃貸のため対象外,,2026-08-11,,https://suumo.jp/chintai/jnc_000074182271/?bc=100520350918,不適合
SUUMO 賃貸 沼津市,沼津市,賃貸アパート,賃貸カテゴリ（掲載種別）,静岡県沼津市大岡,5.7,28.6,,5,—,—,,—,賃貸のため対象外,,2026-08-09,,https://suumo.jp/chintai/jnc_000040263382/?bc=100475271560,不適合
SUUMO 賃貸 沼津市,沼津市,賃貸マンション,賃貸カテゴリ（掲載種別）,静岡県沼津市大岡,4.9,48.5,,5,—,—,,—,賃貸のため対象外,,2026-08-10,,https://suumo.jp/chintai/jnc_000106550843/?bc=100413821456,適合
SUUMO 賃貸 沼津市,沼津市,賃貸マンション,賃貸カテゴリ（掲載種別）,静岡県沼津市大岡,5.0,48.5,,5,—,—,,—,賃貸のため対象外,,2026-07-25,,https://suumo.jp/chintai/jnc_000050938055/?bc=100510739051,適合
SUUMO 賃貸 沼津市,沼津市,賃貸マンション,賃貸カテゴリ（掲載種別）,静岡県沼津市大岡,6.1,44.7,,5,—,—,,—,賃貸のため対象外,,2026-08-09,,https://suumo.jp/chintai/jnc_000109115602/?bc=100521371748,不適合
SUUMO 賃貸 沼津市,沼津市,賃貸マンション,賃貸カテゴリ（掲載種別）,静岡県沼津市三芳町,7.5,68.3,,5,—,—,,—,賃貸のため対象外,,2026-07-25,,https://suumo.jp/chintai/jnc_000107674046/?bc=100510577953,不適合
SUUMO 賃貸 沼津市,沼津市,賃貸マンション,賃貸カテゴリ（掲載種別）,静岡県沼津市三芳町,7.5,60.1,,5,—,—,,—,賃貸のため対象外,,2026-07-25,,https://suumo.jp/chintai/jnc_000064289065/?bc=100454724081,不適合
SUUMO 賃貸 沼津市,沼津市,賃貸アパート,賃貸カテゴリ（掲載種別）,静岡県沼津市西沢田,6.3,58.5,,5,田,—,,—,賃貸のため対象外,,2026-08-11,,https://suumo.jp/chintai/jnc_000109084888/?bc=100512662243,不適合
SUUMO 賃貸 沼津市,沼津市,賃貸マンション,賃貸カテゴリ（掲載種別）,静岡県沼津市大岡,6.0,60.1,,5,—,—,,—,賃貸のため対象外,,2026-08-11,,https://suumo.jp/chintai/jnc_000108608425/?bc=100517513269,不適合
SUUMO 賃貸 沼津市,沼津市,賃貸マンション,賃貸カテゴリ（掲載種別）,静岡県沼津市大諏訪,5.8,41.0,,5,—,—,,—,賃貸のため対象外,,2026-07-25,,https://suumo.jp/chintai/jnc_000101946762/?bc=100462084536,不適合
SUUMO 賃貸 沼津市,沼津市,賃貸マンション,賃貸カテゴリ（掲載種別）,静岡県沼津市市場町,6.6,43.1,,5,—,—,,—,賃貸のため対象外,,2026-08-11,,https://suumo.jp/chintai/jnc_000050497022/?bc=100516887730,不適合
SUUMO 賃貸 沼津市,沼津市,賃貸マンション,賃貸カテゴリ（掲載種別）,静岡県沼津市市場町,6.7,43.1,,5,—,—,,—,賃貸のため対象外,,2026-08-11,,https://suumo.jp/chintai/jnc_000045841944/?bc=100510224793,不適合
SUUMO 賃貸 沼津市,沼津市,賃貸マンション,賃貸カテゴリ（掲載種別）,静岡県沼津市市場町,6.6,43.1,,5,—,—,,—,賃貸のため対象外,,2026-08-11,,https://suumo.jp/chintai/jnc_000108674107/?bc=100517874127,不適合
SUUMO 賃貸 沼津市,沼津市,賃貸マンション,賃貸カテゴリ（掲載種別）,静岡県沼津市市場町,6.7,43.1,,5,—,—,,—,賃貸のため対象外,,2026-08-09,,https://suumo.jp/chintai/jnc_000107658303/?bc=100512961048,不適合
SUUMO 賃貸 沼津市,沼津市,賃貸マンション,賃貸カテゴリ（掲載種別）,静岡県沼津市大岡,6.0,60.1,,5,—,—,,—,賃貸のため対象外,,2026-08-11,,https://suumo.jp/chintai/jnc_000091410433/?bc=100520130699,不適合
SUUMO 賃貸 沼津市,沼津市,賃貸マンション,賃貸カテゴリ（掲載種別）,静岡県沼津市大岡,6.0,60.1,,5,—,—,,—,賃貸のため対象外,,2026-08-08,,https://suumo.jp/chintai/jnc_000108932995/?bc=100518743846,不適合
SUUMO 賃貸 沼津市,沼津市,賃貸マンション,賃貸カテゴリ（掲載種別）,静岡県沼津市大岡,6.3,60.1,,5,—,—,,—,賃貸のため対象外,,2026-08-11,,https://suumo.jp/chintai/jnc_000108771821/?bc=100518783772,不適合
SUUMO 賃貸 沼津市,沼津市,賃貸マンション,賃貸カテゴリ（掲載種別）,静岡県沼津市西椎路,5.2,42.0,,5,—,—,,—,賃貸のため対象外,,2026-07-25,,https://suumo.jp/chintai/jnc_000106251281/?bc=100500070559,不適合
SUUMO 賃貸 沼津市,沼津市,賃貸アパート,賃貸カテゴリ（掲載種別）,静岡県沼津市小諏訪,5.7,49.9,,5,—,—,,—,賃貸のため対象外,,2026-08-08,,https://suumo.jp/chintai/jnc_000109051637/?bc=100513808877,不適合
SUUMO 賃貸 沼津市,沼津市,賃貸アパート,賃貸カテゴリ（掲載種別）,静岡県沼津市小諏訪,5.8,49.9,,5,—,—,,—,賃貸のため対象外,,2026-08-10,,https://suumo.jp/chintai/jnc_000108062740/?bc=100514757961,不適合
SUUMO 賃貸 沼津市,沼津市,賃貸マンション,賃貸カテゴリ（掲載種別）,静岡県沼津市西添町,4.5,59.4,,5,—,—,,—,賃貸のため対象外,,2026-08-10,,https://suumo.jp/chintai/jnc_000101670296/?bc=100462373677,適合
SUUMO 賃貸 沼津市,沼津市,賃貸マンション,賃貸カテゴリ（掲載種別）,静岡県沼津市西添町,4.5,59.4,,5,—,—,,—,賃貸のため対象外,,2026-08-11,,https://suumo.jp/chintai/jnc_000105376833/?bc=100500873004,適合
SUUMO 賃貸 沼津市,沼津市,賃貸アパート,賃貸カテゴリ（掲載種別）,静岡県沼津市新宿町,6.5,32.0,,5,—,—,,—,賃貸のため対象外,,2026-08-11,,https://suumo.jp/chintai/jnc_000108479457/?bc=100517399577,不適合
SUUMO 賃貸 沼津市,沼津市,賃貸アパート,賃貸カテゴリ（掲載種別）,静岡県沼津市新宿町,6.5,32.0,,5,—,—,,—,賃貸のため対象外,,2026-08-11,,https://suumo.jp/chintai/jnc_000108640403/?bc=100517773005,不適合
SUUMO 賃貸 沼津市,沼津市,賃貸アパート,賃貸カテゴリ（掲載種別）,静岡県沼津市新宿町,6.8,45.2,,5,—,—,,—,賃貸のため対象外,,2026-08-11,,https://suumo.jp/chintai/jnc_000108479458/?bc=100517399519,不適合
SUUMO 賃貸 沼津市,沼津市,賃貸アパート,賃貸カテゴリ（掲載種別）,静岡県沼津市新宿町,6.8,45.3,,5,—,—,,—,賃貸のため対象外,,2026-08-11,,https://suumo.jp/chintai/jnc_000108479459/?bc=100515749844,不適合
SUUMO 賃貸 沼津市,沼津市,賃貸マンション,賃貸カテゴリ（掲載種別）,静岡県沼津市北今沢,6.8,58.2,,5,—,—,,—,賃貸のため対象外,,2026-08-11,,https://suumo.jp/chintai/jnc_000095716880/?bc=100493581420,不適合
SUUMO 賃貸 沼津市,沼津市,賃貸アパート,賃貸カテゴリ（掲載種別）,静岡県沼津市西椎路,7.45,58.6,,5,—,—,,—,賃貸のため対象外,,2026-08-11,,https://suumo.jp/chintai/jnc_000108705027/?bc=100518304079,不適合
SUUMO 賃貸 沼津市,沼津市,賃貸アパート,賃貸カテゴリ（掲載種別）,静岡県沼津市大岡,5.5,36.0,,5,—,—,,—,賃貸のため対象外,,2026-08-11,,https://suumo.jp/chintai/jnc_000107940981/?bc=100512967492,不適合
SUUMO 賃貸 沼津市,沼津市,賃貸マンション,賃貸カテゴリ（掲載種別）,静岡県沼津市植田,4.7,53.0,,5,田,—,,—,賃貸のため対象外,,2026-08-11,,https://suumo.jp/chintai/jnc_000013947245/?bc=100509226276,適合
SUUMO 賃貸 沼津市,沼津市,賃貸マンション,賃貸カテゴリ（掲載種別）,静岡県沼津市植田,5.0,53.0,,5,田,—,,—,賃貸のため対象外,,2026-08-11,,https://suumo.jp/chintai/jnc_000068688134/?bc=100447231179,適合
SUUMO 賃貸 沼津市,沼津市,賃貸マンション,賃貸カテゴリ（掲載種別）,静岡県沼津市植田,5.0,53.0,,5,田,—,,—,賃貸のため対象外,,2026-08-11,,https://suumo.jp/chintai/jnc_000106890354/?bc=100504717537,適合
SUUMO 賃貸 沼津市,沼津市,賃貸マンション,賃貸カテゴリ（掲載種別）,静岡県沼津市植田,5.3,53.0,,5,田,—,,—,賃貸のため対象外,,2026-07-25,,https://suumo.jp/chintai/jnc_000073949476/?bc=100458121641,不適合
SUUMO 賃貸 沼津市,沼津市,賃貸マンション,賃貸カテゴリ（掲載種別）,静岡県沼津市植田,5.7,53.0,,5,田,—,,—,賃貸のため対象外,,2026-08-11,,https://suumo.jp/chintai/jnc_000101398291/?bc=100483826891,不適合
SUUMO 賃貸 沼津市,沼津市,賃貸アパート,賃貸カテゴリ（掲載種別）,静岡県沼津市北園町,5.9,45.9,,5,—,—,,—,賃貸のため対象外,,2026-08-11,,https://suumo.jp/chintai/jnc_000102703487/?bc=100479907067,不適合
SUUMO 賃貸 沼津市,沼津市,賃貸マンション,賃貸カテゴリ（掲載種別）,静岡県沼津市緑ケ丘,7.7,59.1,,5,—,—,,—,賃貸のため対象外,,2026-08-10,,https://suumo.jp/chintai/jnc_000108956539/?bc=100520340989,不適合
SUUMO 賃貸 沼津市,沼津市,賃貸マンション,賃貸カテゴリ（掲載種別）,静岡県沼津市緑ケ丘,7.7,59.1,,5,—,—,,—,賃貸のため対象外,,2026-08-10,,https://suumo.jp/chintai/jnc_000107271896/?bc=100507512999,不適合
SUUMO 賃貸 沼津市,沼津市,賃貸マンション,賃貸カテゴリ（掲載種別）,静岡県沼津市高沢町,6.7,41.0,,5,—,—,,—,賃貸のため対象外,,2026-08-11,,https://suumo.jp/chintai/jnc_000108813438/?bc=100519457924,不適合
SUUMO 賃貸 沼津市,沼津市,賃貸マンション,賃貸カテゴリ（掲載種別）,静岡県沼津市高沢町,6.8,41.0,,5,—,—,,—,賃貸のため対象外,,2026-08-11,,https://suumo.jp/chintai/jnc_000108813437/?bc=100519457968,不適合
SUUMO 賃貸 沼津市,沼津市,賃貸マンション,賃貸カテゴリ（掲載種別）,静岡県沼津市高沢町,6.7,41.0,,5,—,—,,—,賃貸のため対象外,,2026-08-11,,https://suumo.jp/chintai/jnc_000108884072/?bc=100519787742,不適合
SUUMO 賃貸 沼津市,沼津市,賃貸マンション,賃貸カテゴリ（掲載種別）,静岡県沼津市高沢町,6.8,41.0,,5,—,—,,—,賃貸のため対象外,,2026-08-11,,https://suumo.jp/chintai/jnc_000108884071/?bc=100519789149,不適合
SUUMO 賃貸 沼津市,沼津市,賃貸マンション,賃貸カテゴリ（掲載種別）,静岡県沼津市大岡,7.1,56.8,,5,—,—,,—,賃貸のため対象外,,2026-07-25,,https://suumo.jp/chintai/jnc_000106992754/?bc=100505558574,不適合
SUUMO 賃貸 沼津市,沼津市,賃貸マンション,賃貸カテゴリ（掲載種別）,静岡県沼津市山王台,5.9,30.4,,5,—,—,,—,賃貸のため対象外,,2026-08-10,,https://suumo.jp/chintai/jnc_000055126764/?bc=100517947079,不適合
SUUMO 賃貸 沼津市,沼津市,賃貸マンション,賃貸カテゴリ（掲載種別）,静岡県沼津市山王台,5.9,30.4,,5,—,—,,—,賃貸のため対象外,,2026-08-04,,https://suumo.jp/chintai/jnc_000041713752/?bc=100211546488,不適合
SUUMO 賃貸 沼津市,沼津市,賃貸マンション,賃貸カテゴリ（掲載種別）,静岡県沼津市山王台,5.9,30.4,,5,—,—,,—,賃貸のため対象外,,2026-08-11,,https://suumo.jp/chintai/jnc_000055201109/?bc=100517874074,不適合
SUUMO 賃貸 沼津市,沼津市,賃貸マンション,賃貸カテゴリ（掲載種別）,静岡県沼津市宮前町,6.4,56.2,,5,—,—,,—,賃貸のため対象外,,2026-08-08,,https://suumo.jp/chintai/jnc_000063563437/?bc=100508574928,不適合
SUUMO 賃貸 沼津市,沼津市,賃貸マンション,賃貸カテゴリ（掲載種別）,静岡県沼津市宮前町,6.4,56.2,,5,—,—,,—,賃貸のため対象外,,2026-08-08,,https://suumo.jp/chintai/jnc_000108987835/?bc=100508574926,不適合
SUUMO 賃貸 沼津市,沼津市,賃貸マンション,賃貸カテゴリ（掲載種別）,静岡県沼津市宮前町,8.2,77.2,,5,—,—,,—,賃貸のため対象外,,2026-08-11,,https://suumo.jp/chintai/jnc_000107331183/?bc=100508562803,不適合
SUUMO 賃貸 沼津市,沼津市,賃貸マンション,賃貸カテゴリ（掲載種別）,静岡県沼津市下河原町２,7.0,55.3,,5,—,—,,—,賃貸のため対象外,,2026-08-07,,https://suumo.jp/chintai/jnc_000106988271/?bc=100517210299,不適合
SUUMO 賃貸 沼津市,沼津市,賃貸マンション,賃貸カテゴリ（掲載種別）,静岡県沼津市下河原町２,7.0,55.3,,5,—,—,,—,賃貸のため対象外,,2026-08-07,,https://suumo.jp/chintai/jnc_000104444143/?bc=100517210297,不適合
SUUMO 賃貸 沼津市,沼津市,賃貸マンション,賃貸カテゴリ（掲載種別）,静岡県沼津市西添町,5.2,55.2,,5,—,—,,—,賃貸のため対象外,,2026-07-25,,https://suumo.jp/chintai/jnc_000033320219/?bc=100433138590,不適合
SUUMO 賃貸 沼津市,沼津市,賃貸アパート,賃貸カテゴリ（掲載種別）,静岡県沼津市原,7.0,62.9,,5,—,—,,—,賃貸のため対象外,,2026-08-11,,https://suumo.jp/chintai/jnc_000107639593/?bc=100513527787,不適合
SUUMO 賃貸 沼津市,沼津市,賃貸アパート,賃貸カテゴリ（掲載種別）,静岡県沼津市原,5.2,49.5,,5,—,—,,—,賃貸のため対象外,,2026-08-11,,https://suumo.jp/chintai/jnc_000108263860/?bc=100515155622,不適合
SUUMO 賃貸 沼津市,沼津市,賃貸アパート,賃貸カテゴリ（掲載種別）,静岡県沼津市大岡,7.3,50.0,,5,—,—,,—,賃貸のため対象外,,2026-08-11,,https://suumo.jp/chintai/jnc_000100640208/?bc=100407887871,不適合
SUUMO 賃貸 沼津市,沼津市,賃貸アパート,賃貸カテゴリ（掲載種別）,静岡県沼津市蛇松町,3.9,29.4,,5,—,—,,—,賃貸のため対象外,,2026-08-11,,https://suumo.jp/chintai/jnc_000108975151/?bc=100485860478,適合
SUUMO 賃貸 沼津市,沼津市,賃貸アパート,賃貸カテゴリ（掲載種別）,静岡県沼津市蛇松町,3.9,29.4,,5,—,—,,—,賃貸のため対象外,,2026-08-11,,https://suumo.jp/chintai/jnc_000108975152/?bc=100502530986,適合
SUUMO 賃貸 沼津市,沼津市,賃貸アパート,賃貸カテゴリ（掲載種別）,静岡県沼津市蛇松町,4.05,29.4,,5,—,—,,—,賃貸のため対象外,,2026-08-11,,https://suumo.jp/chintai/jnc_000108975153/?bc=100485860485,適合
SUUMO 賃貸 沼津市,沼津市,賃貸アパート,賃貸カテゴリ（掲載種別）,静岡県沼津市蛇松町,4.05,29.4,,5,—,—,,—,賃貸のため対象外,,2026-08-09,,https://suumo.jp/chintai/jnc_000108975150/?bc=100488935505,適合
SUUMO 賃貸 沼津市,沼津市,賃貸アパート,賃貸カテゴリ（掲載種別）,静岡県沼津市蛇松町,4.45,29.4,,5,—,—,,—,賃貸のため対象外,,2026-08-09,,https://suumo.jp/chintai/jnc_000108368416/?bc=100517538801,適合
SUUMO 賃貸 沼津市,沼津市,賃貸アパート,賃貸カテゴリ（掲載種別）,静岡県沼津市蛇松町,4.6,29.4,,5,—,—,,—,賃貸のため対象外,,2026-08-09,,https://suumo.jp/chintai/jnc_000108368415/?bc=100514843572,適合
SUUMO 賃貸 沼津市,沼津市,賃貸アパート,賃貸カテゴリ（掲載種別）,静岡県沼津市蛇松町,4.6,29.4,,5,—,—,,—,賃貸のため対象外,,2026-08-05,,https://suumo.jp/chintai/jnc_000108368418/?bc=100489616098,適合
SUUMO 賃貸 沼津市,沼津市,賃貸アパート,賃貸カテゴリ（掲載種別）,静岡県沼津市蛇松町,5.05,37.6,,5,—,—,,—,賃貸のため対象外,,2026-08-08,,https://suumo.jp/chintai/jnc_000108975156/?bc=100488935533,不適合
SUUMO 賃貸 沼津市,沼津市,賃貸アパート,賃貸カテゴリ（掲載種別）,静岡県沼津市蛇松町,5.05,37.6,,5,—,—,,—,賃貸のため対象外,,2026-08-11,,https://suumo.jp/chintai/jnc_000108975155/?bc=100486914696,不適合
SUUMO 賃貸 沼津市,沼津市,賃貸アパート,賃貸カテゴリ（掲載種別）,静岡県沼津市蛇松町,5.15,37.6,,5,—,—,,—,賃貸のため対象外,,2026-08-11,,https://suumo.jp/chintai/jnc_000108975154/?bc=100485860484,不適合
SUUMO 賃貸 沼津市,沼津市,賃貸アパート,賃貸カテゴリ（掲載種別）,静岡県沼津市蛇松町,5.15,37.6,,5,—,—,,—,賃貸のため対象外,,2026-08-08,,https://suumo.jp/chintai/jnc_000108975157/?bc=100488935536,不適合
SUUMO 賃貸 沼津市,沼津市,賃貸アパート,賃貸カテゴリ（掲載種別）,静岡県沼津市蛇松町,5.75,37.6,,5,—,—,,—,賃貸のため対象外,,2026-08-08,,https://suumo.jp/chintai/jnc_000108368421/?bc=100487114690,不適合
SUUMO 賃貸 沼津市,沼津市,賃貸アパート,賃貸カテゴリ（掲載種別）,静岡県沼津市蛇松町,5.75,37.6,,5,—,—,,—,賃貸のため対象外,,2026-08-08,,https://suumo.jp/chintai/jnc_000108368420/?bc=100502904670,不適合
SUUMO 賃貸 沼津市,沼津市,賃貸アパート,賃貸カテゴリ（掲載種別）,静岡県沼津市蛇松町,5.9,37.6,,5,—,—,,—,賃貸のため対象外,,2026-08-08,,https://suumo.jp/chintai/jnc_000108368422/?bc=100487114684,不適合
SUUMO 賃貸 沼津市,沼津市,賃貸マンション,賃貸カテゴリ（掲載種別）,静岡県沼津市我入道,4.8,40.5,,5,—,—,,—,賃貸のため対象外,,2026-07-25,,https://suumo.jp/chintai/jnc_000108511451/?bc=100498337108,適合
SUUMO 賃貸 沼津市,沼津市,賃貸マンション,賃貸カテゴリ（掲載種別）,静岡県沼津市我入道,5.0,47.4,,5,—,—,,—,賃貸のため対象外,,2026-07-25,,https://suumo.jp/chintai/jnc_000108495936/?bc=100516627942,適合
SUUMO 賃貸 沼津市,沼津市,賃貸マンション,賃貸カテゴリ（掲載種別）,静岡県沼津市我入道,5.0,40.5,,5,—,—,,—,賃貸のため対象外,,2026-07-25,,https://suumo.jp/chintai/jnc_000107764145/?bc=100510319785,適合
SUUMO 賃貸 沼津市,沼津市,賃貸アパート,賃貸カテゴリ（掲載種別）,静岡県沼津市大諏訪,5.2,65.6,,5,—,—,,—,賃貸のため対象外,,2026-08-11,,https://suumo.jp/chintai/jnc_000108451899/?bc=100486081540,不適合
SUUMO 賃貸 沼津市,沼津市,賃貸マンション,賃貸カテゴリ（掲載種別）,静岡県沼津市大岡,5.4,62.8,,5,—,—,,—,賃貸のため対象外,,2026-07-25,,https://suumo.jp/chintai/jnc_000051302189/?bc=100474324112,不適合
SUUMO 賃貸 沼津市,沼津市,賃貸マンション,賃貸カテゴリ（掲載種別）,静岡県沼津市青野,4.5,42.8,,5,—,—,,—,賃貸のため対象外,,2026-07-28,,https://suumo.jp/chintai/jnc_000094827228/?bc=100411435600,適合
SUUMO 賃貸 沼津市,沼津市,賃貸マンション,賃貸カテゴリ（掲載種別）,静岡県沼津市青野,4.5,42.8,,5,—,—,,—,賃貸のため対象外,,2026-07-28,,https://suumo.jp/chintai/jnc_000065634570/?bc=100381480888,適合
SUUMO 賃貸 沼津市,沼津市,賃貸マンション,賃貸カテゴリ（掲載種別）,静岡県沼津市青野,5.0,42.8,,5,—,—,,—,賃貸のため対象外,,2026-07-28,,https://suumo.jp/chintai/jnc_000108107722/?bc=100513944686,適合
SUUMO 賃貸 沼津市,沼津市,賃貸マンション,賃貸カテゴリ（掲載種別）,静岡県沼津市青野,5.0,42.8,,5,—,—,,—,賃貸のため対象外,,2026-08-10,,https://suumo.jp/chintai/jnc_000015552339/?bc=100283212861,適合
SUUMO 賃貸 沼津市,沼津市,賃貸マンション,賃貸カテゴリ（掲載種別）,静岡県沼津市青野,5.0,39.7,,5,—,—,,—,賃貸のため対象外,,2026-08-11,,https://suumo.jp/chintai/jnc_000080945882/?bc=100404265200,適合
SUUMO 賃貸 沼津市,沼津市,賃貸マンション,賃貸カテゴリ（掲載種別）,静岡県沼津市青野,5.0,42.8,,5,—,—,,—,賃貸のため対象外,,2026-07-28,,https://suumo.jp/chintai/jnc_000108539311/?bc=100517002207,適合
SUUMO 賃貸 沼津市,沼津市,賃貸マンション,賃貸カテゴリ（掲載種別）,静岡県沼津市青野,5.0,42.8,,5,—,—,,—,賃貸のため対象外,,2026-07-28,,https://suumo.jp/chintai/jnc_000068972269/?bc=100513944685,適合
SUUMO 賃貸 沼津市,沼津市,賃貸マンション,賃貸カテゴリ（掲載種別）,静岡県沼津市青野,6.5,59.4,,5,—,—,,—,賃貸のため対象外,,2026-07-28,,https://suumo.jp/chintai/jnc_000066761003/?bc=100330981644,不適合
SUUMO 賃貸 沼津市,沼津市,賃貸マンション,賃貸カテゴリ（掲載種別）,静岡県沼津市青野,6.5,56.8,,5,—,—,,—,賃貸のため対象外,,2026-08-10,,https://suumo.jp/chintai/jnc_000082779276/?bc=100278708900,不適合
SUUMO 賃貸 沼津市,沼津市,賃貸マンション,賃貸カテゴリ（掲載種別）,静岡県沼津市青野,6.5,56.8,,5,—,—,,—,賃貸のため対象外,,2026-08-07,,https://suumo.jp/chintai/jnc_000013946985/?bc=100379714025,不適合
SUUMO 賃貸 沼津市,沼津市,賃貸マンション,賃貸カテゴリ（掲載種別）,静岡県沼津市青野,6.5,56.8,,5,—,—,,—,賃貸のため対象外,,2026-08-10,,https://suumo.jp/chintai/jnc_000036966240/?bc=100215246945,不適合
SUUMO 賃貸 沼津市,沼津市,賃貸マンション,賃貸カテゴリ（掲載種別）,静岡県沼津市青野,6.5,56.7,,5,—,—,,—,賃貸のため対象外,,2026-07-28,,https://suumo.jp/chintai/jnc_000013946991/?bc=100518069239,不適合
SUUMO 賃貸 沼津市,沼津市,賃貸マンション,賃貸カテゴリ（掲載種別）,静岡県沼津市青野,6.5,50.8,,5,—,—,,—,賃貸のため対象外,,2026-08-11,,https://suumo.jp/chintai/jnc_000013946988/?bc=100379713940,不適合
SUUMO 賃貸 沼津市,沼津市,賃貸マンション,賃貸カテゴリ（掲載種別）,静岡県沼津市青野,6.5,56.7,,5,—,—,,—,賃貸のため対象外,,2026-07-28,,https://suumo.jp/chintai/jnc_000050783892/?bc=100330981620,不適合
SUUMO 賃貸 沼津市,沼津市,賃貸マンション,賃貸カテゴリ（掲載種別）,静岡県沼津市青野,6.5,56.7,,5,—,—,,—,賃貸のため対象外,,2026-07-28,,https://suumo.jp/chintai/jnc_000108679179/?bc=100518069241,不適合
SUUMO 賃貸 沼津市,沼津市,賃貸マンション,賃貸カテゴリ（掲載種別）,静岡県沼津市青野,6.5,50.8,,5,—,—,,—,賃貸のため対象外,,2026-08-10,,https://suumo.jp/chintai/jnc_000013946986/?bc=100278708907,不適合
SUUMO 賃貸 沼津市,沼津市,賃貸マンション,賃貸カテゴリ（掲載種別）,静岡県沼津市青野,6.5,50.8,,5,—,—,,—,賃貸のため対象外,,2026-08-04,,https://suumo.jp/chintai/jnc_000013946984/?bc=100379071027,不適合
SUUMO 賃貸 沼津市,沼津市,賃貸マンション,賃貸カテゴリ（掲載種別）,静岡県沼津市青野,6.5,50.8,,5,—,—,,—,賃貸のため対象外,,2026-08-11,,https://suumo.jp/chintai/jnc_000013946987/?bc=100379713872,不適合
SUUMO 賃貸 沼津市,沼津市,賃貸マンション,賃貸カテゴリ（掲載種別）,静岡県沼津市青野,6.5,50.8,,5,—,—,,—,賃貸のため対象外,,2026-08-11,,https://suumo.jp/chintai/jnc_000050783890/?bc=100448874046,不適合
SUUMO 賃貸 沼津市,沼津市,賃貸マンション,賃貸カテゴリ（掲載種別）,静岡県沼津市青野,6.5,50.8,,5,—,—,,—,賃貸のため対象外,,2026-08-07,,https://suumo.jp/chintai/jnc_000055934230/?bc=100379714004,不適合
SUUMO 賃貸 沼津市,沼津市,賃貸アパート,賃貸カテゴリ（掲載種別）,静岡県沼津市原,6.15,47.8,,5,—,—,,—,賃貸のため対象外,,2026-08-11,,https://suumo.jp/chintai/jnc_000108565372/?bc=100517207097,不適合
SUUMO 賃貸 沼津市,沼津市,賃貸アパート,賃貸カテゴリ（掲載種別）,静岡県沼津市原,6.35,47.8,,5,—,—,,—,賃貸のため対象外,,2026-08-11,,https://suumo.jp/chintai/jnc_000108695551/?bc=100513406827,不適合
SUUMO 賃貸 沼津市,沼津市,賃貸アパート,賃貸カテゴリ（掲載種別）,静岡県沼津市白銀町,7.1,41.9,,5,—,—,,—,賃貸のため対象外,,2026-08-11,,https://suumo.jp/chintai/jnc_000107647239/?bc=100520314303,不適合
SUUMO 賃貸 沼津市,沼津市,賃貸アパート,賃貸カテゴリ（掲載種別）,静岡県沼津市下香貫柿原,6.5,49.9,,5,—,—,,—,賃貸のため対象外,,2026-08-10,,https://suumo.jp/chintai/jnc_000106656212/?bc=100010618963,不適合
SUUMO 賃貸 沼津市,沼津市,賃貸アパート,賃貸カテゴリ（掲載種別）,静岡県沼津市岡宮,7.2,57.9,,5,—,—,,—,賃貸のため対象外,,2026-08-11,,https://suumo.jp/chintai/jnc_000106293829/?bc=100499911058,不適合
SUUMO 賃貸 沼津市,沼津市,賃貸アパート,賃貸カテゴリ（掲載種別）,静岡県沼津市岡宮,7.2,57.9,,5,—,—,,—,賃貸のため対象外,,2026-08-11,,https://suumo.jp/chintai/jnc_000109117962/?bc=100521399868,不適合
SUUMO 賃貸 沼津市,沼津市,賃貸マンション,賃貸カテゴリ（掲載種別）,静岡県沼津市大諏訪,3.9,32.4,,5,—,—,,—,賃貸のため対象外,,2026-08-08,,https://suumo.jp/chintai/jnc_000106583822/?bc=100513575614,適合
SUUMO 賃貸 沼津市,沼津市,賃貸マンション,賃貸カテゴリ（掲載種別）,静岡県沼津市大諏訪,4.5,32.4,,5,—,—,,—,賃貸のため対象外,,2026-07-25,,https://suumo.jp/chintai/jnc_000090962690/?bc=100398908322,適合
SUUMO 賃貸 沼津市,沼津市,賃貸マンション,賃貸カテゴリ（掲載種別）,静岡県沼津市大諏訪,5.9,54.9,,5,—,—,,—,賃貸のため対象外,,2026-08-11,,https://suumo.jp/chintai/jnc_000107688772/?bc=100513575597,不適合
SUUMO 賃貸 沼津市,沼津市,賃貸マンション,賃貸カテゴリ（掲載種別）,静岡県沼津市青野,5.1,66.0,,5,—,—,,—,賃貸のため対象外,,2026-08-11,,https://suumo.jp/chintai/jnc_000057268555/?bc=100498859333,不適合
SUUMO 賃貸 沼津市,沼津市,賃貸マンション,賃貸カテゴリ（掲載種別）,静岡県沼津市青野,5.6,66.0,,5,—,—,,—,賃貸のため対象外,,2026-08-11,,https://suumo.jp/chintai/jnc_000103811976/?bc=100483139145,不適合
SUUMO 賃貸 沼津市,沼津市,賃貸マンション,賃貸カテゴリ（掲載種別）,静岡県沼津市青野,5.6,66.0,,5,—,—,,—,賃貸のため対象外,,2026-08-11,,https://suumo.jp/chintai/jnc_000108783912/?bc=100518910439,不適合
SUUMO 賃貸 沼津市,沼津市,賃貸マンション,賃貸カテゴリ（掲載種別）,静岡県沼津市青野,6.6,66.0,,5,—,—,,—,賃貸のため対象外,,2026-08-10,,https://suumo.jp/chintai/jnc_000099841616/?bc=100449689202,不適合
SUUMO 賃貸 沼津市,沼津市,賃貸マンション,賃貸カテゴリ（掲載種別）,静岡県沼津市大塚,4.3,55.9,,5,—,—,,—,賃貸のため対象外,,2026-08-11,,https://suumo.jp/chintai/jnc_000094658651/?bc=100516309098,適合
SUUMO 賃貸 沼津市,沼津市,賃貸マンション,賃貸カテゴリ（掲載種別）,静岡県沼津市西条町,7.4,40.0,,5,—,—,,—,賃貸のため対象外,,2026-08-11,,https://suumo.jp/chintai/jnc_000106746547/?bc=100517839136,不適合
SUUMO 賃貸 沼津市,沼津市,賃貸マンション,賃貸カテゴリ（掲載種別）,静岡県沼津市西条町,7.4,40.0,,5,—,—,,—,賃貸のため対象外,,2026-08-09,,https://suumo.jp/chintai/jnc_000108657667/?bc=100521371647,不適合
SUUMO 賃貸 沼津市,沼津市,賃貸アパート,賃貸カテゴリ（掲載種別）,静岡県沼津市西沢田,7.0,45.5,,5,田,—,,—,賃貸のため対象外,,2026-08-11,,https://suumo.jp/chintai/jnc_000109061395/?bc=100520984913,不適合
SUUMO 賃貸 沼津市,沼津市,賃貸アパート,賃貸カテゴリ（掲載種別）,静岡県沼津市西沢田,7.3,45.5,,5,田,—,,—,賃貸のため対象外,,2026-08-09,,https://suumo.jp/chintai/jnc_000094870445/?bc=100507399014,不適合
SUUMO 賃貸 沼津市,沼津市,賃貸マンション,賃貸カテゴリ（掲載種別）,静岡県沼津市青野,6.4,56.3,,5,—,—,,—,賃貸のため対象外,,2026-08-07,,https://suumo.jp/chintai/jnc_000103026488/?bc=100475487805,不適合
SUUMO 賃貸 沼津市,沼津市,賃貸マンション,賃貸カテゴリ（掲載種別）,静岡県沼津市青野,6.4,55.9,,5,—,—,,—,賃貸のため対象外,,2026-08-11,,https://suumo.jp/chintai/jnc_000096323908/?bc=100433526541,不適合
SUUMO 賃貸 沼津市,沼津市,賃貸マンション,賃貸カテゴリ（掲載種別）,静岡県沼津市青野,6.5,56.3,,5,—,—,,—,賃貸のため対象外,,2026-08-03,,https://suumo.jp/chintai/jnc_000108080866/?bc=100513703523,不適合
SUUMO 賃貸 沼津市,沼津市,賃貸マンション,賃貸カテゴリ（掲載種別）,静岡県沼津市青野,6.5,56.3,,5,—,—,,—,賃貸のため対象外,,2026-08-07,,https://suumo.jp/chintai/jnc_000106282252/?bc=100520984925,不適合
SUUMO 賃貸 沼津市,沼津市,賃貸マンション,賃貸カテゴリ（掲載種別）,静岡県沼津市青野,6.9,61.3,,5,—,—,,—,賃貸のため対象外,,2026-08-08,,https://suumo.jp/chintai/jnc_000103015167/?bc=100482035459,不適合
SUUMO 賃貸 沼津市,沼津市,賃貸アパート,賃貸カテゴリ（掲載種別）,静岡県沼津市小諏訪,6.7,59.2,,5,—,—,,—,賃貸のため対象外,,2026-08-11,,https://suumo.jp/chintai/jnc_000108793711/?bc=100519038663,不適合
SUUMO 賃貸 沼津市,沼津市,賃貸マンション,賃貸カテゴリ（掲載種別）,静岡県沼津市大岡,6.1,44.7,,5,—,—,,—,賃貸のため対象外,,2026-08-11,,https://suumo.jp/chintai/jnc_000108057254/?bc=100514922676,不適合
SUUMO 賃貸 沼津市,沼津市,賃貸アパート,賃貸カテゴリ（掲載種別）,静岡県沼津市大岡,6.6,58.2,,5,—,—,,—,賃貸のため対象外,,2026-07-25,,https://suumo.jp/chintai/jnc_000108523299/?bc=100513101327,不適合
SUUMO 賃貸 沼津市,沼津市,賃貸マンション,賃貸カテゴリ（掲載種別）,静岡県沼津市下香貫島郷,5.9,50.6,,5,—,—,,—,賃貸のため対象外,,2026-08-10,,https://suumo.jp/chintai/jnc_000108927931/?bc=100520323137,不適合
SUUMO 賃貸 沼津市,沼津市,賃貸マンション,賃貸カテゴリ（掲載種別）,静岡県沼津市下香貫島郷,6.4,50.6,,5,—,—,,—,賃貸のため対象外,,2026-08-11,,https://suumo.jp/chintai/jnc_000108813435/?bc=100519788546,不適合
SUUMO 賃貸 沼津市,沼津市,賃貸マンション,賃貸カテゴリ（掲載種別）,静岡県沼津市下香貫島郷,6.5,50.6,,5,—,—,,—,賃貸のため対象外,,2026-08-11,,https://suumo.jp/chintai/jnc_000108927932/?bc=100520580704,不適合
SUUMO 賃貸 沼津市,沼津市,賃貸マンション,賃貸カテゴリ（掲載種別）,静岡県沼津市大岡,5.5,25.0,,5,—,—,,—,賃貸のため対象外,,2026-08-11,,https://suumo.jp/chintai/jnc_000108742895/?bc=100518546693,不適合
SUUMO 賃貸 沼津市,沼津市,賃貸アパート,賃貸カテゴリ（掲載種別）,静岡県沼津市市道町,6.7,34.2,,5,—,—,,—,賃貸のため対象外,,2026-08-11,,https://suumo.jp/chintai/jnc_000108479462/?bc=100516899243,不適合
SUUMO 賃貸 沼津市,沼津市,賃貸マンション,賃貸カテゴリ（掲載種別）,静岡県沼津市大岡,6.5,46.3,,5,—,—,,—,賃貸のため対象外,,2026-07-25,,https://suumo.jp/chintai/jnc_000082399418/?bc=100511400938,不適合
SUUMO 賃貸 沼津市,沼津市,賃貸マンション,賃貸カテゴリ（掲載種別）,静岡県沼津市大岡,8.3,63.0,,5,—,—,,—,賃貸のため対象外,,2026-07-25,,https://suumo.jp/chintai/jnc_000107348342/?bc=100482456965,不適合
SUUMO 賃貸 沼津市,沼津市,賃貸マンション,賃貸カテゴリ（掲載種別）,静岡県沼津市大岡,8.3,63.0,,5,—,—,,—,賃貸のため対象外,,2026-07-25,,https://suumo.jp/chintai/jnc_000107348341/?bc=100498730620,不適合
SUUMO 賃貸 沼津市,沼津市,賃貸マンション,賃貸カテゴリ（掲載種別）,静岡県沼津市大岡,8.3,63.0,,5,—,—,,—,賃貸のため対象外,,2026-07-25,,https://suumo.jp/chintai/jnc_000107364429/?bc=100508112029,不適合
SUUMO 賃貸 沼津市,沼津市,賃貸マンション,賃貸カテゴリ（掲載種別）,静岡県沼津市新宿町,7.0,45.0,,5,—,—,,—,賃貸のため対象外,,2026-08-11,,https://suumo.jp/chintai/jnc_000105418122/?bc=100515530323,不適合
SUUMO 賃貸 沼津市,沼津市,賃貸マンション,賃貸カテゴリ（掲載種別）,静岡県沼津市大岡,7.3,65.0,,5,—,—,,—,賃貸のため対象外,,2026-08-11,,https://suumo.jp/chintai/jnc_000098260382/?bc=100435502349,不適合
SUUMO 賃貸 沼津市,沼津市,賃貸マンション,賃貸カテゴリ（掲載種別）,静岡県沼津市大岡,7.4,65.0,,5,—,—,,—,賃貸のため対象外,,2026-07-25,,https://suumo.jp/chintai/jnc_000071741392/?bc=100168714339,不適合
SUUMO 賃貸 沼津市,沼津市,賃貸マンション,賃貸カテゴリ（掲載種別）,静岡県沼津市大岡,7.7,65.0,,5,—,—,,—,賃貸のため対象外,,2026-08-11,,https://suumo.jp/chintai/jnc_000106844835/?bc=100507245579,不適合
SUUMO 賃貸 沼津市,沼津市,賃貸マンション,賃貸カテゴリ（掲載種別）,静岡県沼津市大岡,7.9,65.0,,5,—,—,,—,賃貸のため対象外,,2026-07-27,,https://suumo.jp/chintai/jnc_000057441431/?bc=100137462637,不適合
SUUMO 賃貸 沼津市,沼津市,賃貸マンション,賃貸カテゴリ（掲載種別）,静岡県沼津市大岡,5.0,59.5,,5,—,—,,—,賃貸のため対象外,,2026-08-01,,https://suumo.jp/chintai/jnc_000108767525/?bc=100505147132,適合
SUUMO 賃貸 沼津市,沼津市,賃貸マンション,賃貸カテゴリ（掲載種別）,静岡県沼津市大岡,6.0,73.2,,5,—,—,,—,賃貸のため対象外,,2026-08-05,,https://suumo.jp/chintai/jnc_000106293823/?bc=100505147129,不適合
SUUMO 賃貸 沼津市,沼津市,賃貸マンション,賃貸カテゴリ（掲載種別）,静岡県沼津市大岡,6.0,46.7,,5,—,—,,—,賃貸のため対象外,,2026-08-10,,https://suumo.jp/chintai/jnc_000067113439/?bc=100515373448,不適合
SUUMO 賃貸 沼津市,沼津市,賃貸マンション,賃貸カテゴリ（掲載種別）,静岡県沼津市大岡,7.1,56.7,,5,—,—,,—,賃貸のため対象外,,2026-08-11,,https://suumo.jp/chintai/jnc_000106194069/?bc=100500401947,不適合
SUUMO 賃貸 沼津市,沼津市,賃貸マンション,賃貸カテゴリ（掲載種別）,静岡県沼津市大岡,7.1,56.7,,5,—,—,,—,賃貸のため対象外,,2026-07-25,,https://suumo.jp/chintai/jnc_000106317546/?bc=100500565083,不適合
SUUMO 賃貸 沼津市,沼津市,賃貸マンション,賃貸カテゴリ（掲載種別）,静岡県沼津市本郷町,6.3,62.5,,5,—,—,,—,賃貸のため対象外,,2026-08-11,,https://suumo.jp/chintai/jnc_000107965782/?bc=100512756052,不適合
SUUMO 賃貸 沼津市,沼津市,賃貸アパート,賃貸カテゴリ（掲載種別）,静岡県沼津市大岡,5.05,33.2,,5,—,—,,—,賃貸のため対象外,,2026-08-11,,https://suumo.jp/chintai/jnc_000106489418/?bc=100463857130,不適合
SUUMO 賃貸 沼津市,沼津市,賃貸アパート,賃貸カテゴリ（掲載種別）,静岡県沼津市大岡,5.15,33.2,,5,—,—,,—,賃貸のため対象外,,2026-08-11,,https://suumo.jp/chintai/jnc_000106489420/?bc=100450137760,不適合
SUUMO 賃貸 沼津市,沼津市,賃貸アパート,賃貸カテゴリ（掲載種別）,静岡県沼津市西添町,4.7,68.7,,5,—,—,,—,賃貸のため対象外,,2026-08-11,,https://suumo.jp/chintai/jnc_000102058010/?bc=100419344322,適合
SUUMO 賃貸 沼津市,沼津市,賃貸アパート,賃貸カテゴリ（掲載種別）,静岡県沼津市松長,5.8,48.8,,5,—,—,,—,賃貸のため対象外,,2026-07-25,,https://suumo.jp/chintai/jnc_000107658337/?bc=100511722054,不適合
SUUMO 賃貸 沼津市,沼津市,賃貸マンション,賃貸カテゴリ（掲載種別）,静岡県沼津市西添町,5.8,58.2,,5,—,—,,—,賃貸のため対象外,,2026-08-11,,https://suumo.jp/chintai/jnc_000105083169/?bc=100482178508,不適合
SUUMO 賃貸 沼津市,沼津市,賃貸マンション,賃貸カテゴリ（掲載種別）,静岡県沼津市平町,7.5,44.1,,5,—,—,,—,賃貸のため対象外,,2026-08-07,,https://suumo.jp/chintai/jnc_000108912921/?bc=100519999028,不適合
SUUMO 賃貸 沼津市,沼津市,賃貸マンション,賃貸カテゴリ（掲載種別）,静岡県沼津市大岡,6.5,58.0,,5,—,—,,—,賃貸のため対象外,,2026-08-10,,https://suumo.jp/chintai/jnc_000109068525/?bc=100513596168,不適合
SUUMO 賃貸 沼津市,沼津市,賃貸マンション,賃貸カテゴリ（掲載種別）,静岡県沼津市大岡,6.6,58.0,,5,—,—,,—,賃貸のため対象外,,2026-08-11,,https://suumo.jp/chintai/jnc_000108419215/?bc=100503759734,不適合
SUUMO 賃貸 沼津市,沼津市,賃貸マンション,賃貸カテゴリ（掲載種別）,静岡県沼津市大岡,7.0,58.2,,5,—,—,,—,賃貸のため対象外,,2026-07-25,,https://suumo.jp/chintai/jnc_000105740478/?bc=100498146348,不適合
SUUMO 賃貸 沼津市,沼津市,賃貸アパート,賃貸カテゴリ（掲載種別）,静岡県沼津市富士見町,6.0,39.0,,5,—,—,,—,賃貸のため対象外,,2026-07-25,,https://suumo.jp/chintai/jnc_000013951389/?bc=100458972601,不適合
SUUMO 賃貸 沼津市,沼津市,賃貸アパート,賃貸カテゴリ（掲載種別）,静岡県沼津市富士見町,6.1,37.5,,5,—,—,,—,賃貸のため対象外,,2026-08-11,,https://suumo.jp/chintai/jnc_000107866579/?bc=100492904016,不適合
SUUMO 賃貸 沼津市,沼津市,賃貸アパート,賃貸カテゴリ（掲載種別）,静岡県沼津市大岡,7.25,66.8,,5,—,—,,—,賃貸のため対象外,,2026-08-11,,https://suumo.jp/chintai/jnc_000108951032/?bc=100515145728,不適合
SUUMO 賃貸 沼津市,沼津市,賃貸アパート,賃貸カテゴリ（掲載種別）,静岡県沼津市大岡,7.35,66.8,,5,—,—,,—,賃貸のため対象外,,2026-08-10,,https://suumo.jp/chintai/jnc_000108263854/?bc=100168891208,不適合
SUUMO 賃貸 沼津市,沼津市,賃貸マンション,賃貸カテゴリ（掲載種別）,静岡県沼津市平町,5.5,30.0,,5,—,—,,—,賃貸のため対象外,,2026-08-11,,https://suumo.jp/chintai/jnc_000105963780/?bc=100497788193,不適合
SUUMO 賃貸 沼津市,沼津市,賃貸マンション,賃貸カテゴリ（掲載種別）,静岡県沼津市平町,6.1,29.4,,5,—,—,,—,賃貸のため対象外,,2026-08-11,,https://suumo.jp/chintai/jnc_000106578620/?bc=100503354263,不適合
SUUMO 賃貸 沼津市,沼津市,賃貸マンション,賃貸カテゴリ（掲載種別）,静岡県沼津市千本西町,6.2,75.6,,5,—,—,,—,賃貸のため対象外,,2026-08-09,,https://suumo.jp/chintai/jnc_000081075231/?bc=100513036871,不適合
SUUMO 賃貸 沼津市,沼津市,賃貸マンション,賃貸カテゴリ（掲載種別）,静岡県沼津市末広町,7.3,61.8,,5,—,—,,—,賃貸のため対象外,,2026-08-11,,https://suumo.jp/chintai/jnc_000105366127/?bc=100512904116,不適合
SUUMO 賃貸 沼津市,沼津市,賃貸マンション,賃貸カテゴリ（掲載種別）,静岡県沼津市末広町,7.5,61.8,,5,—,—,,—,賃貸のため対象外,,2026-08-09,,https://suumo.jp/chintai/jnc_000108975163/?bc=100521273560,不適合
SUUMO 賃貸 沼津市,沼津市,賃貸マンション,賃貸カテゴリ（掲載種別）,静岡県沼津市末広町,8.5,61.8,,5,—,—,,—,賃貸のため対象外,,2026-08-05,,https://suumo.jp/chintai/jnc_000046410747/?bc=100520499401,不適合
SUUMO 賃貸 沼津市,沼津市,賃貸マンション,賃貸カテゴリ（掲載種別）,静岡県沼津市三枚橋町,7.4,44.1,,5,—,—,,—,賃貸のため対象外,,2026-07-25,,https://suumo.jp/chintai/jnc_000107712551/?bc=100255878927,不適合
SUUMO 賃貸 沼津市,沼津市,賃貸マンション,賃貸カテゴリ（掲載種別）,静岡県沼津市御幸町,6.7,42.2,,5,—,—,,—,賃貸のため対象外,,2026-07-25,,https://suumo.jp/chintai/jnc_000107775455/?bc=100511274203,不適合
SUUMO 賃貸 沼津市,沼津市,賃貸マンション,賃貸カテゴリ（掲載種別）,静岡県沼津市御幸町,6.8,42.2,,5,—,—,,—,賃貸のため対象外,,2026-07-25,,https://suumo.jp/chintai/jnc_000108062751/?bc=100513574030,不適合
SUUMO 賃貸 沼津市,沼津市,賃貸マンション,賃貸カテゴリ（掲載種別）,静岡県沼津市小諏訪,5.5,67.8,,5,—,—,,—,賃貸のため対象外,,2026-07-31,,https://suumo.jp/chintai/jnc_000045593258/?bc=100496932188,不適合
SUUMO 賃貸 沼津市,沼津市,賃貸マンション,賃貸カテゴリ（掲載種別）,静岡県沼津市小諏訪,5.5,67.8,,5,—,—,,—,賃貸のため対象外,,2026-08-01,,https://suumo.jp/chintai/jnc_000108918107/?bc=100520003738,不適合
SUUMO 賃貸 沼津市,沼津市,賃貸マンション,賃貸カテゴリ（掲載種別）,静岡県沼津市下香貫,5.9,50.6,,5,—,—,,—,賃貸のため対象外,,2026-08-02,,https://suumo.jp/chintai/jnc_000108912918/?bc=100517438953,不適合
SUUMO 賃貸 沼津市,沼津市,賃貸マンション,賃貸カテゴリ（掲載種別）,静岡県沼津市下香貫,6.4,50.6,,5,—,—,,—,賃貸のため対象外,,2026-08-02,,https://suumo.jp/chintai/jnc_000107432636/?bc=100508615638,不適合
SUUMO 賃貸 沼津市,沼津市,賃貸マンション,賃貸カテゴリ（掲載種別）,静岡県沼津市松長,6.8,62.8,,5,—,—,,—,賃貸のため対象外,,2026-08-11,,https://suumo.jp/chintai/jnc_000013951582/?bc=100495042371,不適合
SUUMO 賃貸 沼津市,沼津市,賃貸マンション,賃貸カテゴリ（掲載種別）,静岡県沼津市松長,7.1,62.8,,5,—,—,,—,賃貸のため対象外,,2026-08-11,,https://suumo.jp/chintai/jnc_000049039534/?bc=100492906670,不適合
SUUMO 賃貸 沼津市,沼津市,賃貸マンション,賃貸カテゴリ（掲載種別）,静岡県沼津市松長,7.1,62.8,,5,—,—,,—,賃貸のため対象外,,2026-08-11,,https://suumo.jp/chintai/jnc_000041173100/?bc=100302794704,不適合
SUUMO 賃貸 沼津市,沼津市,賃貸マンション,賃貸カテゴリ（掲載種別）,静岡県沼津市若葉町,5.5,37.8,,5,—,—,,—,賃貸のため対象外,,2026-08-11,,https://suumo.jp/chintai/jnc_000013952275/?bc=100347760543,不適合
SUUMO 賃貸 沼津市,沼津市,賃貸マンション,賃貸カテゴリ（掲載種別）,静岡県沼津市若葉町,5.5,37.8,,5,—,—,,—,賃貸のため対象外,,2026-08-11,,https://suumo.jp/chintai/jnc_000050346511/?bc=100509329768,不適合
SUUMO 賃貸 沼津市,沼津市,賃貸マンション,賃貸カテゴリ（掲載種別）,静岡県沼津市若葉町,5.5,37.8,,5,—,—,,—,賃貸のため対象外,,2026-08-11,,https://suumo.jp/chintai/jnc_000027782704/?bc=100506845531,不適合
SUUMO 賃貸 沼津市,沼津市,賃貸マンション,賃貸カテゴリ（掲載種別）,静岡県沼津市若葉町,5.5,38.5,,5,—,—,,—,賃貸のため対象外,,2026-08-09,,https://suumo.jp/chintai/jnc_000044738215/?bc=100498149052,不適合
SUUMO 賃貸 沼津市,沼津市,賃貸マンション,賃貸カテゴリ（掲載種別）,静岡県沼津市若葉町,5.5,37.8,,5,—,—,,—,賃貸のため対象外,,2026-08-09,,https://suumo.jp/chintai/jnc_000103651135/?bc=100488951522,不適合
SUUMO 賃貸 沼津市,沼津市,賃貸マンション,賃貸カテゴリ（掲載種別）,静岡県沼津市若葉町,5.5,37.8,,5,—,—,,—,賃貸のため対象外,,2026-08-09,,https://suumo.jp/chintai/jnc_000108640410/?bc=100518733812,不適合
SUUMO 賃貸 沼津市,沼津市,賃貸アパート,賃貸カテゴリ（掲載種別）,静岡県沼津市大岡,6.0,42.0,,5,—,—,,—,賃貸のため対象外,,2026-07-25,,https://suumo.jp/chintai/jnc_000076570809/?bc=100436072790,不適合
SUUMO 賃貸 沼津市,沼津市,賃貸アパート,賃貸カテゴリ（掲載種別）,静岡県沼津市大岡,6.0,42.0,,5,—,—,,—,賃貸のため対象外,,2026-07-25,,https://suumo.jp/chintai/jnc_000070789644/?bc=100506876086,不適合
SUUMO 賃貸 沼津市,沼津市,賃貸マンション,賃貸カテゴリ（掲載種別）,静岡県沼津市西間門,5.0,38.7,,5,—,—,,—,賃貸のため対象外,,2026-08-11,,https://suumo.jp/chintai/jnc_000108000164/?bc=100513105690,適合
SUUMO 賃貸 沼津市,沼津市,賃貸マンション,賃貸カテゴリ（掲載種別）,静岡県沼津市西間門,5.3,37.9,,5,—,—,,—,賃貸のため対象外,,2026-08-11,,https://suumo.jp/chintai/jnc_000107994373/?bc=100513107114,不適合
SUUMO 賃貸 沼津市,沼津市,賃貸マンション,賃貸カテゴリ（掲載種別）,静岡県沼津市大手町３,6.0,30.0,,5,—,—,,—,賃貸のため対象外,,2026-08-11,,https://suumo.jp/chintai/jnc_000108951036/?bc=100520304037,不適合
SUUMO 賃貸 沼津市,沼津市,賃貸マンション,賃貸カテゴリ（掲載種別）,静岡県沼津市大手町３,7.3,40.4,,5,—,—,,—,賃貸のため対象外,,2026-08-11,,https://suumo.jp/chintai/jnc_000106503061/?bc=100502061485,不適合
SUUMO 賃貸 沼津市,沼津市,賃貸アパート,賃貸カテゴリ（掲載種別）,静岡県沼津市東椎路,5.4,42.1,,5,—,—,,—,賃貸のため対象外,,2026-08-09,,https://suumo.jp/chintai/jnc_000049348696/?bc=100465777333,不適合
SUUMO 賃貸 沼津市,沼津市,賃貸アパート,賃貸カテゴリ（掲載種別）,静岡県沼津市大岡,4.7,22.2,,5,—,—,,—,賃貸のため対象外,,2026-08-07,,https://suumo.jp/chintai/jnc_000109011257/?bc=100401093687,適合
SUUMO 賃貸 沼津市,沼津市,賃貸アパート,賃貸カテゴリ（掲載種別）,静岡県沼津市大岡,5.2,22.2,,5,—,—,,—,賃貸のため対象外,,2026-08-07,,https://suumo.jp/chintai/jnc_000109011256/?bc=100390366495,不適合
SUUMO 賃貸 沼津市,沼津市,賃貸アパート,賃貸カテゴリ（掲載種別）,静岡県沼津市大岡,5.3,27.1,,5,—,—,,—,賃貸のため対象外,,2026-08-07,,https://suumo.jp/chintai/jnc_000109043380/?bc=100249111990,不適合
SUUMO 賃貸 沼津市,沼津市,賃貸アパート,賃貸カテゴリ（掲載種別）,静岡県沼津市大岡,6.0,42.1,,5,—,—,,—,賃貸のため対象外,,2026-07-25,,https://suumo.jp/chintai/jnc_000013947489/?bc=100504601831,不適合
SUUMO 賃貸 沼津市,沼津市,賃貸アパート,賃貸カテゴリ（掲載種別）,静岡県沼津市大岡,8.0,51.1,,5,—,—,,—,賃貸のため対象外,,2026-08-11,,https://suumo.jp/chintai/jnc_000094069568/?bc=100500713236,不適合
SUUMO 賃貸 沼津市,沼津市,賃貸アパート,賃貸カテゴリ（掲載種別）,静岡県沼津市岡宮,5.0,25.7,,5,—,—,,—,賃貸のため対象外,,2026-07-25,,https://suumo.jp/chintai/jnc_000108674109/?bc=100518060180,適合
SUUMO 賃貸 沼津市,沼津市,賃貸アパート,賃貸カテゴリ（掲載種別）,静岡県沼津市西間門,5.0,38.7,,5,—,—,,—,賃貸のため対象外,,2026-08-11,,https://suumo.jp/chintai/jnc_000108000165/?bc=100512630039,適合
SUUMO 賃貸 沼津市,沼津市,賃貸アパート,賃貸カテゴリ（掲載種別）,静岡県沼津市西間門,5.3,37.9,,5,—,—,,—,賃貸のため対象外,,2026-08-11,,https://suumo.jp/chintai/jnc_000108335202/?bc=100521371607,不適合
SUUMO 賃貸 沼津市,沼津市,賃貸アパート,賃貸カテゴリ（掲載種別）,静岡県沼津市植田,5.5,51.1,,5,田,—,,—,賃貸のため対象外,,2026-08-11,,https://suumo.jp/chintai/jnc_000105187145/?bc=100500872585,不適合
SUUMO 賃貸 沼津市,沼津市,賃貸アパート,賃貸カテゴリ（掲載種別）,静岡県沼津市大諏訪,8.0,66.8,,5,—,—,,—,賃貸のため対象外,,2026-08-11,,https://suumo.jp/chintai/jnc_000108565368/?bc=100520136796,不適合
SUUMO 賃貸 沼津市,沼津市,賃貸マンション,賃貸カテゴリ（掲載種別）,静岡県沼津市大手町４,7.0,42.8,,5,—,—,,—,賃貸のため対象外,,2026-08-11,,https://suumo.jp/chintai/jnc_000106336626/?bc=100501338152,不適合
SUUMO 賃貸 沼津市,沼津市,賃貸マンション,賃貸カテゴリ（掲載種別）,静岡県沼津市大手町４,7.5,42.8,,5,—,—,,—,賃貸のため対象外,,2026-08-11,,https://suumo.jp/chintai/jnc_000099203178/?bc=100519953467,不適合
SUUMO 賃貸 沼津市,沼津市,賃貸マンション,賃貸カテゴリ（掲載種別）,静岡県沼津市大手町４,7.6,42.8,,5,—,—,,—,賃貸のため対象外,,2026-08-11,,https://suumo.jp/chintai/jnc_000108742900/?bc=100518782329,不適合
SUUMO 賃貸 沼津市,沼津市,賃貸アパート,賃貸カテゴリ（掲載種別）,静岡県沼津市五月町,6.7,42.0,,5,—,—,,—,賃貸のため対象外,,2026-08-11,,https://suumo.jp/chintai/jnc_000074917908/?bc=000091162306,不適合
SUUMO 賃貸 沼津市,沼津市,賃貸アパート,賃貸カテゴリ（掲載種別）,静岡県沼津市五月町,6.7,41.7,,5,—,—,,—,賃貸のため対象外,,2026-08-11,,https://suumo.jp/chintai/jnc_000107970544/?bc=100512869925,不適合
SUUMO 賃貸 沼津市,沼津市,賃貸アパート,賃貸カテゴリ（掲載種別）,静岡県沼津市五月町,7.7,41.7,,5,—,—,,—,賃貸のため対象外,,2026-08-11,,https://suumo.jp/chintai/jnc_000096424838/?bc=100458121801,不適合
SUUMO 賃貸 沼津市,沼津市,賃貸アパート,賃貸カテゴリ（掲載種別）,静岡県沼津市添地町,7.3,41.8,,5,—,—,,—,賃貸のため対象外,,2026-08-07,,https://suumo.jp/chintai/jnc_000107298867/?bc=100512067088,不適合
SUUMO 賃貸 沼津市,沼津市,賃貸アパート,賃貸カテゴリ（掲載種別）,静岡県沼津市添地町,7.9,42.0,,5,—,—,,—,賃貸のため対象外,,2026-08-10,,https://suumo.jp/chintai/jnc_000107814087/?bc=100511814726,不適合
SUUMO 賃貸 沼津市,沼津市,賃貸マンション,賃貸カテゴリ（掲載種別）,静岡県沼津市泉町,7.5,66.3,,5,—,—,,—,賃貸のため対象外,,2026-07-25,,https://suumo.jp/chintai/jnc_000064289066/?bc=100488867358,不適合
SUUMO 賃貸 沼津市,沼津市,賃貸マンション,賃貸カテゴリ（掲載種別）,静岡県沼津市平町,5.1,28.6,,5,—,—,,—,賃貸のため対象外,,2026-08-11,,https://suumo.jp/chintai/jnc_000107570292/?bc=100510225901,不適合
SUUMO 賃貸 沼津市,沼津市,賃貸マンション,賃貸カテゴリ（掲載種別）,静岡県沼津市平町,5.3,28.6,,5,—,—,,—,賃貸のため対象外,,2026-07-25,,https://suumo.jp/chintai/jnc_000106878193/?bc=100427052340,不適合
SUUMO 賃貸 沼津市,沼津市,賃貸マンション,賃貸カテゴリ（掲載種別）,静岡県沼津市平町,5.6,28.6,,5,—,—,,—,賃貸のため対象外,,2026-07-25,,https://suumo.jp/chintai/jnc_000097742834/?bc=100509526084,不適合
SUUMO 賃貸 沼津市,沼津市,賃貸マンション,賃貸カテゴリ（掲載種別）,静岡県沼津市平町,5.6,27.6,,5,—,—,,—,賃貸のため対象外,,2026-08-11,,https://suumo.jp/chintai/jnc_000099490683/?bc=100509082705,不適合
SUUMO 賃貸 沼津市,沼津市,賃貸マンション,賃貸カテゴリ（掲載種別）,静岡県沼津市平町,5.8,27.6,,5,—,—,,—,賃貸のため対象外,,2026-08-11,,https://suumo.jp/chintai/jnc_000107261917/?bc=100507513007,不適合
SUUMO 賃貸 沼津市,沼津市,賃貸アパート,賃貸カテゴリ（掲載種別）,静岡県沼津市大岡,5.0,47.8,,5,—,—,,—,賃貸のため対象外,,2026-08-10,,https://suumo.jp/chintai/jnc_000109130692/?bc=100521484983,適合
SUUMO 賃貸 沼津市,沼津市,賃貸アパート,賃貸カテゴリ（掲載種別）,静岡県沼津市原町中３,4.6,44.9,,5,—,—,,—,賃貸のため対象外,,2026-08-11,,https://suumo.jp/chintai/jnc_000107511646/?bc=100518129107,適合
SUUMO 賃貸 沼津市,沼津市,賃貸マンション,賃貸カテゴリ（掲載種別）,静岡県沼津市本錦町,6.9,62.8,,5,—,—,,—,賃貸のため対象外,,2026-08-11,,https://suumo.jp/chintai/jnc_000058027819/?bc=100491924248,不適合
SUUMO 賃貸 沼津市,沼津市,賃貸その他,賃貸カテゴリ（掲載種別）,静岡県沼津市下香貫,5.9,59.6,,5,—,—,,—,賃貸のため対象外,,2026-08-10,,https://suumo.jp/chintai/jnc_000090643098/?bc=100521485010,不適合
SUUMO 賃貸 沼津市,沼津市,賃貸アパート,賃貸カテゴリ（掲載種別）,静岡県沼津市東熊堂,5.5,46.4,,5,—,—,,—,賃貸のため対象外,,2026-08-11,,https://suumo.jp/chintai/jnc_000108674111/?bc=100519481642,不適合
SUUMO 賃貸 沼津市,沼津市,賃貸アパート,賃貸カテゴリ（掲載種別）,静岡県沼津市大岡,5.0,39.7,,5,—,—,,—,賃貸のため対象外,,2026-08-11,,https://suumo.jp/chintai/jnc_000013948036/?bc=100507203231,適合
SUUMO 賃貸 沼津市,沼津市,賃貸アパート,賃貸カテゴリ（掲載種別）,静岡県沼津市大岡,5.0,39.7,,5,—,—,,—,賃貸のため対象外,,2026-08-11,,https://suumo.jp/chintai/jnc_000069910534/?bc=100512958911,適合
SUUMO 賃貸 沼津市,沼津市,賃貸アパート,賃貸カテゴリ（掲載種別）,静岡県沼津市大岡,5.0,39.7,,5,—,—,,—,賃貸のため対象外,,2026-08-09,,https://suumo.jp/chintai/jnc_000102347149/?bc=100465652218,適合
SUUMO 賃貸 沼津市,沼津市,賃貸アパート,賃貸カテゴリ（掲載種別）,静岡県沼津市大諏訪,5.6,47.2,,5,—,—,,—,賃貸のため対象外,,2026-08-04,,https://suumo.jp/chintai/jnc_000106878192/?bc=100504601815,不適合
SUUMO 賃貸 沼津市,沼津市,賃貸マンション,賃貸カテゴリ（掲載種別）,静岡県沼津市鳥谷,5.9,63.2,,5,—,—,,—,賃貸のため対象外,,2026-08-07,,https://suumo.jp/chintai/jnc_000107694245/?bc=100283264971,不適合
SUUMO 賃貸 沼津市,沼津市,賃貸マンション,賃貸カテゴリ（掲載種別）,静岡県沼津市鳥谷,6.5,63.2,,5,—,—,,—,賃貸のため対象外,,2026-08-02,,https://suumo.jp/chintai/jnc_000063746410/?bc=100283265137,不適合
SUUMO 賃貸 沼津市,沼津市,賃貸マンション,賃貸カテゴリ（掲載種別）,静岡県沼津市鳥谷,6.5,63.2,,5,—,—,,—,賃貸のため対象外,,2026-07-25,,https://suumo.jp/chintai/jnc_000063746413/?bc=100365738928,不適合
SUUMO 賃貸 沼津市,沼津市,賃貸マンション,賃貸カテゴリ（掲載種別）,静岡県沼津市鳥谷,6.5,63.2,,5,—,—,,—,賃貸のため対象外,,2026-07-25,,https://suumo.jp/chintai/jnc_000077577259/?bc=100505353371,不適合
SUUMO 賃貸 沼津市,沼津市,賃貸マンション,賃貸カテゴリ（掲載種別）,静岡県沼津市三枚橋町,5.5,32.9,,5,—,—,,—,賃貸のため対象外,,2026-07-25,,https://suumo.jp/chintai/jnc_000086674618/?bc=100458972599,不適合
SUUMO 賃貸 沼津市,沼津市,賃貸マンション,賃貸カテゴリ（掲載種別）,静岡県沼津市三枚橋町,5.9,32.9,,5,—,—,,—,賃貸のため対象外,,2026-08-11,,https://suumo.jp/chintai/jnc_000108539313/?bc=100517284233,不適合
SUUMO 賃貸 沼津市,沼津市,賃貸マンション,賃貸カテゴリ（掲載種別）,静岡県沼津市三枚橋町,6.0,32.9,,5,—,—,,—,賃貸のため対象外,,2026-08-11,,https://suumo.jp/chintai/jnc_000106375347/?bc=100501119480,不適合
SUUMO 賃貸 沼津市,沼津市,賃貸マンション,賃貸カテゴリ（掲載種別）,静岡県沼津市岡宮,6.5,60.1,,5,—,—,,—,賃貸のため対象外,,2026-08-05,,https://suumo.jp/chintai/jnc_000108987831/?bc=100520576395,不適合
SUUMO 賃貸 沼津市,沼津市,賃貸マンション,賃貸カテゴリ（掲載種別）,静岡県沼津市本,6.6,44.8,,5,—,—,,—,賃貸のため対象外,,2026-08-11,,https://suumo.jp/chintai/jnc_000084831417/?bc=100513113860,不適合
SUUMO 賃貸 沼津市,沼津市,賃貸アパート,賃貸カテゴリ（掲載種別）,静岡県沼津市大岡,6.5,33.5,,5,—,—,,—,賃貸のため対象外,,2026-08-11,,https://suumo.jp/chintai/jnc_000101480880/?bc=100465624271,不適合
SUUMO 賃貸 沼津市,沼津市,賃貸戸建,賃貸カテゴリ（掲載種別）,静岡県沼津市松長,6.0,52.2,,5,—,—,,—,賃貸のため対象外,,2026-08-05,関心:戸建,https://suumo.jp/chintai/jnc_000108987834/?bc=100520597045,不適合
SUUMO 賃貸 沼津市,沼津市,賃貸アパート,賃貸カテゴリ（掲載種別）,静岡県沼津市大岡,7.2,51.1,,5,—,—,,—,賃貸のため対象外,,2026-08-11,,https://suumo.jp/chintai/jnc_000107072406/?bc=100484919395,不適合
SUUMO 賃貸 沼津市,沼津市,賃貸アパート,賃貸カテゴリ（掲載種別）,静岡県沼津市大岡,7.3,59.5,,5,—,—,,—,賃貸のため対象外,,2026-08-10,,https://suumo.jp/chintai/jnc_000107157090/?bc=100506708445,不適合
SUUMO 賃貸 沼津市,沼津市,賃貸アパート,賃貸カテゴリ（掲載種別）,静岡県沼津市原町中３,5.3,70.7,,5,—,—,,—,賃貸のため対象外,,2026-08-11,,https://suumo.jp/chintai/jnc_000105656646/?bc=100495186025,不適合
SUUMO 賃貸 沼津市,沼津市,賃貸アパート,賃貸カテゴリ（掲載種別）,静岡県沼津市根古屋,5.0,43.9,,5,—,—,,—,賃貸のため対象外,,2026-08-11,,https://suumo.jp/chintai/jnc_000088444607/?bc=100491987746,適合
SUUMO 賃貸 沼津市,沼津市,賃貸マンション,賃貸カテゴリ（掲載種別）,静岡県沼津市西島町,5.5,46.5,,5,—,—,,—,賃貸のため対象外,,2026-08-09,,https://suumo.jp/chintai/jnc_000106578622/?bc=100503415806,不適合
SUUMO 賃貸 沼津市,沼津市,賃貸マンション,賃貸カテゴリ（掲載種別）,静岡県沼津市西島町,5.8,46.5,,5,—,—,,—,賃貸のため対象外,,2026-08-09,,https://suumo.jp/chintai/jnc_000106477652/?bc=100502206442,不適合
SUUMO 賃貸 沼津市,沼津市,賃貸アパート,賃貸カテゴリ（掲載種別）,静岡県沼津市原町中１,5.5,54.5,,5,—,—,,—,賃貸のため対象外,,2026-08-11,,https://suumo.jp/chintai/jnc_000098660674/?bc=100518328836,不適合
SUUMO 賃貸 沼津市,沼津市,賃貸アパート,賃貸カテゴリ（掲載種別）,静岡県沼津市西間門,5.8,33.4,,5,—,—,,—,賃貸のため対象外,,2026-07-25,,https://suumo.jp/chintai/jnc_000056888871/?bc=000082849775,不適合
SUUMO 賃貸 沼津市,沼津市,賃貸アパート,賃貸カテゴリ（掲載種別）,静岡県沼津市西間門,6.0,37.0,,5,—,—,,—,賃貸のため対象外,,2026-08-11,,https://suumo.jp/chintai/jnc_000107932911/?bc=100513328854,不適合
SUUMO 賃貸 沼津市,沼津市,賃貸アパート,賃貸カテゴリ（掲載種別）,静岡県沼津市大岡,7.9,77.0,,5,—,—,,—,賃貸のため対象外,,2026-08-10,,https://suumo.jp/chintai/jnc_000017800095/?bc=100509590947,不適合
SUUMO 賃貸 沼津市,沼津市,賃貸アパート,賃貸カテゴリ（掲載種別）,静岡県沼津市大岡,7.9,77.0,,5,—,—,,—,賃貸のため対象外,,2026-08-03,,https://suumo.jp/chintai/jnc_000017792348/?bc=100509621861,不適合
SUUMO 賃貸 沼津市,沼津市,賃貸アパート,賃貸カテゴリ（掲載種別）,静岡県沼津市大岡,8.0,77.0,,5,—,—,,—,賃貸のため対象外,,2026-08-03,,https://suumo.jp/chintai/jnc_000094887593/?bc=100411684390,不適合
SUUMO 賃貸 沼津市,沼津市,賃貸アパート,賃貸カテゴリ（掲載種別）,静岡県沼津市大岡,8.1,77.0,,5,—,—,,—,賃貸のため対象外,,2026-08-08,,https://suumo.jp/chintai/jnc_000108348035/?bc=100458205637,不適合
SUUMO 賃貸 沼津市,沼津市,賃貸アパート,賃貸カテゴリ（掲載種別）,静岡県沼津市沼北町１,6.85,62.9,,5,—,—,,—,賃貸のため対象外,,2026-08-11,,https://suumo.jp/chintai/jnc_000107399540/?bc=100510873084,不適合
SUUMO 賃貸 沼津市,沼津市,賃貸アパート,賃貸カテゴリ（掲載種別）,静岡県沼津市沼北町１,6.85,62.9,,5,—,—,,—,賃貸のため対象外,,2026-08-10,,https://suumo.jp/chintai/jnc_000107391030/?bc=100503980500,不適合
SUUMO 賃貸 沼津市,沼津市,賃貸アパート,賃貸カテゴリ（掲載種別）,静岡県沼津市原町中１,4.3,40.9,,5,—,—,,—,賃貸のため対象外,,2026-08-09,,https://suumo.jp/chintai/jnc_000084798028/?bc=100465834831,適合
SUUMO 賃貸 沼津市,沼津市,賃貸マンション,賃貸カテゴリ（掲載種別）,静岡県沼津市錦町,6.9,62.8,,5,—,—,,—,賃貸のため対象外,,2026-08-11,,https://suumo.jp/chintai/jnc_000058027806/?bc=100492193720,不適合
SUUMO 賃貸 沼津市,沼津市,賃貸マンション,賃貸カテゴリ（掲載種別）,静岡県沼津市錦町,7.1,62.8,,5,—,—,,—,賃貸のため対象外,,2026-07-25,,https://suumo.jp/chintai/jnc_000099240702/?bc=100408527224,不適合
SUUMO 賃貸 沼津市,沼津市,賃貸マンション,賃貸カテゴリ（掲載種別）,静岡県沼津市添地町,5.4,24.9,,5,—,—,,—,賃貸のため対象外,,2026-07-25,,https://suumo.jp/chintai/jnc_000103008403/?bc=100360031413,不適合
SUUMO 賃貸 沼津市,沼津市,賃貸マンション,賃貸カテゴリ（掲載種別）,静岡県沼津市添地町,5.5,25.5,,5,—,—,,—,賃貸のため対象外,,2026-08-11,,https://suumo.jp/chintai/jnc_000107682266/?bc=100294582833,不適合
SUUMO 賃貸 沼津市,沼津市,賃貸マンション,賃貸カテゴリ（掲載種別）,静岡県沼津市添地町,5.5,25.5,,5,—,—,,—,賃貸のため対象外,,2026-08-03,,https://suumo.jp/chintai/jnc_000104771873/?bc=100463858423,不適合
SUUMO 賃貸 沼津市,沼津市,賃貸マンション,賃貸カテゴリ（掲載種別）,静岡県沼津市添地町,5.5,24.9,,5,—,—,,—,賃貸のため対象外,,2026-07-25,,https://suumo.jp/chintai/jnc_000085309180/?bc=100334721202,不適合
SUUMO 賃貸 沼津市,沼津市,賃貸マンション,賃貸カテゴリ（掲載種別）,静岡県沼津市添地町,5.6,26.4,,5,—,—,,—,賃貸のため対象外,,2026-08-11,,https://suumo.jp/chintai/jnc_000107799617/?bc=100345884038,不適合
SUUMO 賃貸 沼津市,沼津市,賃貸マンション,賃貸カテゴリ（掲載種別）,静岡県沼津市添地町,5.6,25.5,,5,—,—,,—,賃貸のため対象外,,2026-08-09,,https://suumo.jp/chintai/jnc_000104771874/?bc=100407682163,不適合
SUUMO 賃貸 沼津市,沼津市,賃貸マンション,賃貸カテゴリ（掲載種別）,静岡県沼津市添地町,5.7,25.5,,5,—,—,,—,賃貸のため対象外,,2026-08-11,,https://suumo.jp/chintai/jnc_000104771875/?bc=100398678689,不適合
SUUMO 賃貸 沼津市,沼津市,賃貸マンション,賃貸カテゴリ（掲載種別）,静岡県沼津市添地町,5.75,25.5,,5,—,—,,—,賃貸のため対象外,,2026-08-11,,https://suumo.jp/chintai/jnc_000107799616/?bc=100511407951,不適合
SUUMO 賃貸 沼津市,沼津市,賃貸マンション,賃貸カテゴリ（掲載種別）,静岡県沼津市添地町,5.85,25.5,,5,—,—,,—,賃貸のため対象外,,2026-07-25,,https://suumo.jp/chintai/jnc_000107705016/?bc=100510664808,不適合
SUUMO 賃貸 沼津市,沼津市,賃貸マンション,賃貸カテゴリ（掲載種別）,静岡県沼津市杉崎町,6.45,34.0,,5,—,—,,—,賃貸のため対象外,,2026-08-11,,https://suumo.jp/chintai/jnc_000107907150/?bc=100500713962,不適合
SUUMO 賃貸 沼津市,沼津市,賃貸マンション,賃貸カテゴリ（掲載種別）,静岡県沼津市杉崎町,6.45,34.0,,5,—,—,,—,賃貸のため対象外,,2026-08-11,,https://suumo.jp/chintai/jnc_000107907149/?bc=100500713724,不適合
SUUMO 賃貸 沼津市,沼津市,賃貸マンション,賃貸カテゴリ（掲載種別）,静岡県沼津市杉崎町,6.65,34.0,,5,—,—,,—,賃貸のため対象外,,2026-08-05,,https://suumo.jp/chintai/jnc_000107907154/?bc=100518594778,不適合
SUUMO 賃貸 沼津市,沼津市,賃貸マンション,賃貸カテゴリ（掲載種別）,静岡県沼津市杉崎町,6.75,34.0,,5,—,—,,—,賃貸のため対象外,,2026-08-05,,https://suumo.jp/chintai/jnc_000107907159/?bc=100518594779,不適合
SUUMO 賃貸 沼津市,沼津市,賃貸マンション,賃貸カテゴリ（掲載種別）,静岡県沼津市杉崎町,6.75,34.0,,5,—,—,,—,賃貸のため対象外,,2026-07-25,,https://suumo.jp/chintai/jnc_000107907158/?bc=100515802352,不適合
SUUMO 賃貸 沼津市,沼津市,賃貸マンション,賃貸カテゴリ（掲載種別）,静岡県沼津市杉崎町,6.85,34.0,,5,—,—,,—,賃貸のため対象外,,2026-08-11,,https://suumo.jp/chintai/jnc_000107907164/?bc=100500955245,不適合
SUUMO 賃貸 沼津市,沼津市,賃貸マンション,賃貸カテゴリ（掲載種別）,静岡県沼津市杉崎町,6.95,34.0,,5,—,—,,—,賃貸のため対象外,,2026-08-07,,https://suumo.jp/chintai/jnc_000107907170/?bc=100518594775,不適合
SUUMO 賃貸 沼津市,沼津市,賃貸マンション,賃貸カテゴリ（掲載種別）,静岡県沼津市杉崎町,6.95,34.0,,5,—,—,,—,賃貸のため対象外,,2026-07-25,,https://suumo.jp/chintai/jnc_000107907168/?bc=100518594771,不適合
SUUMO 賃貸 沼津市,沼津市,賃貸マンション,賃貸カテゴリ（掲載種別）,静岡県沼津市杉崎町,7.05,34.0,,5,—,—,,—,賃貸のため対象外,,2026-08-11,,https://suumo.jp/chintai/jnc_000107907172/?bc=100500955243,不適合
SUUMO 賃貸 沼津市,沼津市,賃貸マンション,賃貸カテゴリ（掲載種別）,静岡県沼津市杉崎町,7.05,34.0,,5,—,—,,—,賃貸のため対象外,,2026-08-11,,https://suumo.jp/chintai/jnc_000107907174/?bc=100500955186,不適合
SUUMO 賃貸 沼津市,沼津市,賃貸マンション,賃貸カテゴリ（掲載種別）,静岡県沼津市杉崎町,7.05,34.0,,5,—,—,,—,賃貸のため対象外,,2026-08-11,,https://suumo.jp/chintai/jnc_000107907173/?bc=100500955228,不適合
SUUMO 賃貸 沼津市,沼津市,賃貸マンション,賃貸カテゴリ（掲載種別）,静岡県沼津市杉崎町,7.15,34.0,,5,—,—,,—,賃貸のため対象外,,2026-08-11,,https://suumo.jp/chintai/jnc_000107907176/?bc=100500955207,不適合
SUUMO 賃貸 沼津市,沼津市,賃貸マンション,賃貸カテゴリ（掲載種別）,静岡県沼津市杉崎町,7.15,34.0,,5,—,—,,—,賃貸のため対象外,,2026-08-11,,https://suumo.jp/chintai/jnc_000107907178/?bc=100500955247,不適合
SUUMO 賃貸 沼津市,沼津市,賃貸マンション,賃貸カテゴリ（掲載種別）,静岡県沼津市杉崎町,7.15,34.0,,5,—,—,,—,賃貸のため対象外,,2026-08-11,,https://suumo.jp/chintai/jnc_000107907177/?bc=100500955221,不適合
SUUMO 賃貸 沼津市,沼津市,賃貸マンション,賃貸カテゴリ（掲載種別）,静岡県沼津市杉崎町,7.25,34.0,,5,—,—,,—,賃貸のため対象外,,2026-08-11,,https://suumo.jp/chintai/jnc_000107907180/?bc=100500714054,不適合
SUUMO 賃貸 沼津市,沼津市,賃貸マンション,賃貸カテゴリ（掲載種別）,静岡県沼津市杉崎町,7.25,34.0,,5,—,—,,—,賃貸のため対象外,,2026-08-11,,https://suumo.jp/chintai/jnc_000107907181/?bc=100500714133,不適合
SUUMO 賃貸 沼津市,沼津市,賃貸マンション,賃貸カテゴリ（掲載種別）,静岡県沼津市杉崎町,7.25,34.0,,5,—,—,,—,賃貸のため対象外,,2026-08-11,,https://suumo.jp/chintai/jnc_000107907179/?bc=100518594767,不適合
SUUMO 賃貸 沼津市,沼津市,賃貸マンション,賃貸カテゴリ（掲載種別）,静岡県沼津市杉崎町,7.75,34.0,,5,—,—,,—,賃貸のため対象外,,2026-07-25,,https://suumo.jp/chintai/jnc_000106336663/?bc=100509326806,不適合
SUUMO 賃貸 沼津市,沼津市,賃貸マンション,賃貸カテゴリ（掲載種別）,静岡県沼津市大岡,7.5,60.3,,5,—,—,,—,賃貸のため対象外,,2026-08-11,,https://suumo.jp/chintai/jnc_000054929161/?bc=100150481944,不適合
SUUMO 賃貸 沼津市,沼津市,賃貸マンション,賃貸カテゴリ（掲載種別）,静岡県沼津市玉江町,6.5,60.5,,5,—,—,,—,賃貸のため対象外,,2026-08-10,,https://suumo.jp/chintai/jnc_000089666281/?bc=100511207096,不適合
SUUMO 賃貸 沼津市,沼津市,賃貸マンション,賃貸カテゴリ（掲載種別）,静岡県沼津市玉江町,6.5,60.5,,5,—,—,,—,賃貸のため対象外,,2026-08-11,,https://suumo.jp/chintai/jnc_000098726575/?bc=100500613483,不適合
SUUMO 賃貸 沼津市,沼津市,賃貸マンション,賃貸カテゴリ（掲載種別）,静岡県沼津市玉江町,6.5,60.5,,5,—,—,,—,賃貸のため対象外,,2026-08-11,,https://suumo.jp/chintai/jnc_000067383434/?bc=100256227476,不適合
SUUMO 賃貸 沼津市,沼津市,賃貸マンション,賃貸カテゴリ（掲載種別）,静岡県沼津市岡宮,6.0,41.0,,5,—,—,,—,賃貸のため対象外,,2026-08-11,,https://suumo.jp/chintai/jnc_000104527096/?bc=100488253881,不適合
SUUMO 賃貸 沼津市,沼津市,賃貸マンション,賃貸カテゴリ（掲載種別）,静岡県沼津市岡宮,6.0,41.0,,5,—,—,,—,賃貸のため対象外,,2026-07-25,,https://suumo.jp/chintai/jnc_000105234396/?bc=000081691683,不適合
SUUMO 賃貸 沼津市,沼津市,賃貸マンション,賃貸カテゴリ（掲載種別）,静岡県沼津市岡宮,6.4,41.0,,5,—,—,,—,賃貸のため対象外,,2026-08-11,,https://suumo.jp/chintai/jnc_000107358535/?bc=100007940266,不適合
SUUMO 賃貸 沼津市,沼津市,賃貸マンション,賃貸カテゴリ（掲載種別）,静岡県沼津市北高島町,5.5,36.0,,5,—,—,,—,賃貸のため対象外,,2026-07-25,,https://suumo.jp/chintai/jnc_000041910585/?bc=100494526437,不適合
SUUMO 賃貸 沼津市,沼津市,賃貸マンション,賃貸カテゴリ（掲載種別）,静岡県沼津市青野,5.4,53.3,,5,—,—,,—,賃貸のため対象外,,2026-08-11,,https://suumo.jp/chintai/jnc_000105919516/?bc=100497237249,不適合
SUUMO 賃貸 沼津市,沼津市,賃貸マンション,賃貸カテゴリ（掲載種別）,静岡県沼津市青野,5.7,53.3,,5,—,—,,—,賃貸のため対象外,,2026-08-10,,https://suumo.jp/chintai/jnc_000089452692/?bc=100372991109,不適合
SUUMO 賃貸 沼津市,沼津市,賃貸マンション,賃貸カテゴリ（掲載種別）,静岡県沼津市下香貫汐入,7.5,68.4,,5,—,—,,—,賃貸のため対象外,,2026-08-09,,https://suumo.jp/chintai/jnc_000108961224/?bc=100519883573,不適合
SUUMO 賃貸 沼津市,沼津市,賃貸マンション,賃貸カテゴリ（掲載種別）,静岡県沼津市三枚橋町,5.9,32.9,,5,—,—,,—,賃貸のため対象外,,2026-08-11,,https://suumo.jp/chintai/jnc_000108718324/?bc=100518376836,不適合
SUUMO 賃貸 沼津市,沼津市,賃貸マンション,賃貸カテゴリ（掲載種別）,静岡県沼津市三枚橋町,6.0,32.9,,5,—,—,,—,賃貸のため対象外,,2026-08-11,,https://suumo.jp/chintai/jnc_000106462392/?bc=100501746245,不適合
SUUMO 賃貸 沼津市,沼津市,賃貸マンション,賃貸カテゴリ（掲載種別）,静岡県沼津市大岡,5.0,30.4,,5,—,—,,—,賃貸のため対象外,,2026-08-11,,https://suumo.jp/chintai/jnc_000015411177/?bc=100510151155,適合
SUUMO 賃貸 沼津市,沼津市,賃貸マンション,賃貸カテゴリ（掲載種別）,静岡県沼津市大岡,5.0,30.4,,5,—,—,,—,賃貸のため対象外,,2026-08-11,,https://suumo.jp/chintai/jnc_000033098249/?bc=100504738367,適合
SUUMO 賃貸 沼津市,沼津市,賃貸マンション,賃貸カテゴリ（掲載種別）,静岡県沼津市大岡,5.0,30.0,,5,—,—,,—,賃貸のため対象外,,2026-07-25,,https://suumo.jp/chintai/jnc_000088740665/?bc=100502659351,適合
SUUMO 賃貸 沼津市,沼津市,賃貸アパート,賃貸カテゴリ（掲載種別）,静岡県沼津市原町中１,5.5,54.5,,5,—,—,,—,賃貸のため対象外,,2026-08-11,,https://suumo.jp/chintai/jnc_000098655784/?bc=100518328981,不適合
SUUMO 賃貸 沼津市,沼津市,賃貸マンション,賃貸カテゴリ（掲載種別）,静岡県沼津市大手町２,7.8,40.0,,5,—,—,,—,賃貸のため対象外,,2026-08-11,,https://suumo.jp/chintai/jnc_000045101851/?bc=100515470461,不適合
SUUMO 賃貸 沼津市,沼津市,賃貸マンション,賃貸カテゴリ（掲載種別）,静岡県沼津市大手町２,8.1,40.0,,5,—,—,,—,賃貸のため対象外,,2026-08-11,,https://suumo.jp/chintai/jnc_000045101858/?bc=100506845534,不適合
SUUMO 賃貸 沼津市,沼津市,賃貸マンション,賃貸カテゴリ（掲載種別）,静岡県沼津市大手町２,8.2,40.0,,5,—,—,,—,賃貸のため対象外,,2026-08-11,,https://suumo.jp/chintai/jnc_000045101859/?bc=100516692034,不適合
SUUMO 賃貸 沼津市,沼津市,賃貸マンション,賃貸カテゴリ（掲載種別）,静岡県沼津市神田町,6.0,55.0,,5,田,—,,—,賃貸のため対象外,,2026-08-11,,https://suumo.jp/chintai/jnc_000106362685/?bc=100471081311,不適合
SUUMO 賃貸 沼津市,沼津市,賃貸マンション,賃貸カテゴリ（掲載種別）,静岡県沼津市神田町,6.2,55.0,,5,田,—,,—,賃貸のため対象外,,2026-08-11,,https://suumo.jp/chintai/jnc_000102602742/?bc=100501487076,不適合
SUUMO 賃貸 沼津市,沼津市,賃貸マンション,賃貸カテゴリ（掲載種別）,静岡県沼津市神田町,6.3,55.0,,5,田,—,,—,賃貸のため対象外,,2026-08-08,,https://suumo.jp/chintai/jnc_000109084886/?bc=100475112730,不適合
SUUMO 賃貸 沼津市,沼津市,賃貸マンション,賃貸カテゴリ（掲載種別）,静岡県沼津市鳥谷,5.5,53.3,,5,—,—,,—,賃貸のため対象外,,2026-08-10,,https://suumo.jp/chintai/jnc_000105985816/?bc=100425759305,不適合
SUUMO 賃貸 沼津市,沼津市,賃貸マンション,賃貸カテゴリ（掲載種別）,静岡県沼津市鳥谷,6.0,53.3,,5,—,—,,—,賃貸のため対象外,,2026-08-02,,https://suumo.jp/chintai/jnc_000100640228/?bc=100018837265,不適合
SUUMO 賃貸 沼津市,沼津市,賃貸マンション,賃貸カテゴリ（掲載種別）,静岡県沼津市鳥谷,6.3,53.3,,5,—,—,,—,賃貸のため対象外,,2026-08-03,,https://suumo.jp/chintai/jnc_000097014544/?bc=100481952678,不適合
SUUMO 賃貸 沼津市,沼津市,賃貸マンション,賃貸カテゴリ（掲載種別）,静岡県沼津市三枚橋,7.5,43.6,,5,—,—,,—,賃貸のため対象外,,2026-08-10,,https://suumo.jp/chintai/jnc_000108342604/?bc=100516974826,不適合
SUUMO 賃貸 沼津市,沼津市,賃貸マンション,賃貸カテゴリ（掲載種別）,静岡県沼津市下香貫楊原,6.2,71.3,,5,—,—,,—,賃貸のため対象外,,2026-08-11,,https://suumo.jp/chintai/jnc_000107590877/?bc=100488918041,不適合
SUUMO 賃貸 沼津市,沼津市,賃貸マンション,賃貸カテゴリ（掲載種別）,静岡県沼津市下香貫楊原,6.2,71.3,,5,—,—,,—,賃貸のため対象外,,2026-08-11,,https://suumo.jp/chintai/jnc_000107590876/?bc=100485135642,不適合
SUUMO 賃貸 沼津市,沼津市,賃貸マンション,賃貸カテゴリ（掲載種別）,静岡県沼津市下香貫楊原,6.3,71.3,,5,—,—,,—,賃貸のため対象外,,2026-08-11,,https://suumo.jp/chintai/jnc_000107590878/?bc=100465638171,不適合
SUUMO 賃貸 沼津市,沼津市,賃貸マンション,賃貸カテゴリ（掲載種別）,静岡県沼津市下香貫楊原,6.6,71.3,,5,—,—,,—,賃貸のため対象外,,2026-07-25,,https://suumo.jp/chintai/jnc_000085849658/?bc=100426670163,不適合
SUUMO 賃貸 沼津市,沼津市,賃貸マンション,賃貸カテゴリ（掲載種別）,静岡県沼津市西島町,5.7,41.5,,5,—,—,,—,賃貸のため対象外,,2026-08-11,,https://suumo.jp/chintai/jnc_000108819177/?bc=100502446020,不適合
SUUMO 賃貸 沼津市,沼津市,賃貸マンション,賃貸カテゴリ（掲載種別）,静岡県沼津市西島町,5.9,41.5,,5,—,—,,—,賃貸のため対象外,,2026-08-11,,https://suumo.jp/chintai/jnc_000108827089/?bc=100505697531,不適合
SUUMO 賃貸 沼津市,沼津市,賃貸マンション,賃貸カテゴリ（掲載種別）,静岡県沼津市西島町,5.9,41.5,,5,—,—,,—,賃貸のため対象外,,2026-08-11,,https://suumo.jp/chintai/jnc_000106481469/?bc=100502212967,不適合
SUUMO 賃貸 沼津市,沼津市,賃貸マンション,賃貸カテゴリ（掲載種別）,静岡県沼津市西島町,6.1,41.2,,5,—,—,,—,賃貸のため対象外,,2026-08-11,,https://suumo.jp/chintai/jnc_000106878198/?bc=100506303038,不適合
SUUMO 賃貸 沼津市,沼津市,賃貸アパート,賃貸カテゴリ（掲載種別）,静岡県沼津市大岡,6.0,63.9,,5,—,—,,—,賃貸のため対象外,,2026-08-11,,https://suumo.jp/chintai/jnc_000108856257/?bc=100519519132,不適合
SUUMO 賃貸 沼津市,沼津市,賃貸アパート,賃貸カテゴリ（掲載種別）,静岡県沼津市江原町,6.05,33.2,,5,—,—,,—,賃貸のため対象外,,2026-08-11,,https://suumo.jp/chintai/jnc_000107574481/?bc=100510224864,不適合
SUUMO 賃貸 沼津市,沼津市,賃貸アパート,賃貸カテゴリ（掲載種別）,静岡県沼津市江原町,6.25,33.2,,5,—,—,,—,賃貸のため対象外,,2026-08-11,,https://suumo.jp/chintai/jnc_000107574482/?bc=100509812280,不適合
SUUMO 賃貸 沼津市,沼津市,賃貸アパート,賃貸カテゴリ（掲載種別）,静岡県沼津市江原町,7.0,44.3,,5,—,—,,—,賃貸のため対象外,,2026-08-11,,https://suumo.jp/chintai/jnc_000107570294/?bc=100509845581,不適合
SUUMO 賃貸 沼津市,沼津市,賃貸アパート,賃貸カテゴリ（掲載種別）,静岡県沼津市江原町,7.2,44.3,,5,—,—,,—,賃貸のため対象外,,2026-08-11,,https://suumo.jp/chintai/jnc_000107570293/?bc=100509810652,不適合
SUUMO 賃貸 沼津市,沼津市,賃貸マンション,賃貸カテゴリ（掲載種別）,静岡県沼津市下香貫,6.2,71.3,,5,—,—,,—,賃貸のため対象外,,2026-08-11,,https://suumo.jp/chintai/jnc_000107574477/?bc=100334436828,不適合
SUUMO 賃貸 沼津市,沼津市,賃貸マンション,賃貸カテゴリ（掲載種別）,静岡県沼津市下香貫,6.2,71.3,,5,—,—,,—,賃貸のため対象外,,2026-08-10,,https://suumo.jp/chintai/jnc_000107574478/?bc=000097213442,不適合
SUUMO 賃貸 沼津市,沼津市,賃貸マンション,賃貸カテゴリ（掲載種別）,静岡県沼津市下香貫,6.3,71.3,,5,—,—,,—,賃貸のため対象外,,2026-08-11,,https://suumo.jp/chintai/jnc_000107574479/?bc=100449689200,不適合
SUUMO 賃貸 沼津市,沼津市,賃貸マンション,賃貸カテゴリ（掲載種別）,静岡県沼津市下香貫,6.6,71.3,,5,—,—,,—,賃貸のため対象外,,2026-07-25,,https://suumo.jp/chintai/jnc_000085829437/?bc=100482458864,不適合
SUUMO 賃貸 沼津市,沼津市,賃貸マンション,賃貸カテゴリ（掲載種別）,静岡県沼津市下香貫,6.7,71.3,,5,—,—,,—,賃貸のため対象外,,2026-07-27,,https://suumo.jp/chintai/jnc_000085829438/?bc=100487946671,不適合
SUUMO 賃貸 沼津市,沼津市,賃貸アパート,賃貸カテゴリ（掲載種別）,静岡県沼津市中沢田,6.2,45.5,,5,田,—,,—,賃貸のため対象外,,2026-08-11,,https://suumo.jp/chintai/jnc_000108847882/?bc=100519633845,不適合
SUUMO 賃貸 沼津市,沼津市,賃貸アパート,賃貸カテゴリ（掲載種別）,静岡県沼津市本田町,7.7,42.7,,5,田,—,,—,賃貸のため対象外,,2026-08-11,,https://suumo.jp/chintai/jnc_000108779744/?bc=100518910445,不適合
SUUMO 賃貸 沼津市,沼津市,賃貸アパート,賃貸カテゴリ（掲載種別）,静岡県沼津市本田町,7.7,41.9,,5,田,—,,—,賃貸のため対象外,,2026-08-11,,https://suumo.jp/chintai/jnc_000106075533/?bc=100446744368,不適合
SUUMO 賃貸 沼津市,沼津市,賃貸アパート,賃貸カテゴリ（掲載種別）,静岡県沼津市岡宮,4.4,34.0,,5,—,—,,—,賃貸のため対象外,,2026-08-10,,https://suumo.jp/chintai/jnc_000071726947/?bc=100485127701,適合
SUUMO 賃貸 沼津市,沼津市,賃貸アパート,賃貸カテゴリ（掲載種別）,静岡県沼津市岡宮,5.8,53.0,,5,—,—,,—,賃貸のため対象外,,2026-08-11,,https://suumo.jp/chintai/jnc_000098120302/?bc=100463870896,不適合
SUUMO 賃貸 沼津市,沼津市,賃貸戸建,賃貸カテゴリ（掲載種別）,静岡県沼津市大岡,8.7,67.9,,5,—,—,,—,賃貸のため対象外,,2026-07-25,,https://suumo.jp/chintai/jnc_000107799607/?bc=100511401031,不適合
SUUMO 賃貸 沼津市,沼津市,賃貸戸建,賃貸カテゴリ（掲載種別）,静岡県沼津市大岡,8.7,67.9,,5,—,—,,—,賃貸のため対象外,,2026-07-25,,https://suumo.jp/chintai/jnc_000107799608/?bc=100511401030,不適合
SUUMO 賃貸 沼津市,沼津市,賃貸マンション,賃貸カテゴリ（掲載種別）,静岡県沼津市新宿町,6.0,30.0,,5,—,—,,—,賃貸のため対象外,,2026-07-25,,https://suumo.jp/chintai/jnc_000092145072/?bc=100513574947,不適合
SUUMO 賃貸 沼津市,沼津市,賃貸アパート,賃貸カテゴリ（掲載種別）,静岡県沼津市大岡,5.5,35.1,,5,—,—,,—,賃貸のため対象外,,2026-08-11,,https://suumo.jp/chintai/jnc_000105481816/?bc=100493628496,不適合
SUUMO 賃貸 沼津市,沼津市,賃貸アパート,賃貸カテゴリ（掲載種別）,静岡県沼津市大岡,5.6,31.2,,5,—,—,,—,賃貸のため対象外,,2026-08-11,,https://suumo.jp/chintai/jnc_000108650027/?bc=100517975946,不適合
SUUMO 賃貸 沼津市,沼津市,賃貸戸建,賃貸カテゴリ（掲載種別）,静岡県沼津市東椎路,9.8,72.6,,5,—,—,,—,賃貸のため対象外,,2026-07-25,,https://suumo.jp/chintai/jnc_000096610128/?bc=100517002897,不適合
SUUMO 賃貸 沼津市,沼津市,賃貸アパート,賃貸カテゴリ（掲載種別）,静岡県沼津市真砂町,7.8,42.0,,5,—,—,,—,賃貸のため対象外,,2026-08-11,,https://suumo.jp/chintai/jnc_000107196233/?bc=100504468020,不適合
SUUMO 賃貸 沼津市,沼津市,賃貸アパート,賃貸カテゴリ（掲載種別）,静岡県沼津市真砂町,8.4,41.8,,5,—,—,,—,賃貸のため対象外,,2026-08-11,,https://suumo.jp/chintai/jnc_000109061399/?bc=100520984922,不適合
SUUMO 賃貸 沼津市,沼津市,賃貸アパート,賃貸カテゴリ（掲載種別）,静岡県沼津市真砂町,8.4,41.8,,5,—,—,,—,賃貸のため対象外,,2026-08-11,,https://suumo.jp/chintai/jnc_000109061398/?bc=100521221846,不適合
SUUMO 賃貸 沼津市,沼津市,賃貸アパート,賃貸カテゴリ（掲載種別）,静岡県沼津市鳥谷,4.7,42.7,,5,—,—,,—,賃貸のため対象外,,2026-08-10,,https://suumo.jp/chintai/jnc_000095229004/?bc=100521459369,適合
SUUMO 賃貸 沼津市,沼津市,賃貸アパート,賃貸カテゴリ（掲載種別）,静岡県沼津市鳥谷,4.7,42.7,,5,—,—,,—,賃貸のため対象外,,2026-08-10,,https://suumo.jp/chintai/jnc_000104051471/?bc=100482545948,適合
SUUMO 賃貸 沼津市,沼津市,賃貸アパート,賃貸カテゴリ（掲載種別）,静岡県沼津市鳥谷,4.7,42.7,,5,—,—,,—,賃貸のため対象外,,2026-08-10,,https://suumo.jp/chintai/jnc_000107164296/?bc=100506582549,適合
SUUMO 賃貸 沼津市,沼津市,賃貸マンション,賃貸カテゴリ（掲載種別）,静岡県沼津市鳥谷,5.4,53.3,,5,—,—,,—,賃貸のため対象外,,2026-08-11,,https://suumo.jp/chintai/jnc_000108975158/?bc=100453110121,不適合
SUUMO 賃貸 沼津市,沼津市,賃貸マンション,賃貸カテゴリ（掲載種別）,静岡県沼津市下香貫下障子,5.7,54.6,,5,—,—,,—,賃貸のため対象外,,2026-08-11,,https://suumo.jp/chintai/jnc_000100278442/?bc=100517649137,不適合
SUUMO 賃貸 沼津市,沼津市,賃貸マンション,賃貸カテゴリ（掲載種別）,静岡県沼津市下香貫下障子,5.8,54.6,,5,—,—,,—,賃貸のため対象外,,2026-07-26,,https://suumo.jp/chintai/jnc_000108786862/?bc=100518957237,不適合
SUUMO 賃貸 沼津市,沼津市,賃貸マンション,賃貸カテゴリ（掲載種別）,静岡県沼津市下香貫下障子,5.9,54.6,,5,—,—,,—,賃貸のため対象外,,2026-07-25,,https://suumo.jp/chintai/jnc_000108668073/?bc=100517866966,不適合
SUUMO 賃貸 沼津市,沼津市,賃貸その他,賃貸カテゴリ（掲載種別）,静岡県沼津市東沢田,7.8,69.5,,5,田,—,,—,賃貸のため対象外,,2026-07-26,,https://suumo.jp/chintai/jnc_000106541798/?bc=100502230780,不適合
SUUMO 賃貸 沼津市,沼津市,賃貸マンション,賃貸カテゴリ（掲載種別）,静岡県沼津市大塚,5.0,41.3,,5,—,—,,—,賃貸のため対象外,,2026-08-07,,https://suumo.jp/chintai/jnc_000109068528/?bc=100521038865,適合
SUUMO 賃貸 沼津市,沼津市,賃貸マンション,賃貸カテゴリ（掲載種別）,静岡県沼津市大塚,5.0,41.3,,5,—,—,,—,賃貸のため対象外,,2026-08-09,,https://suumo.jp/chintai/jnc_000109115603/?bc=100521371701,適合
SUUMO 賃貸 沼津市,沼津市,賃貸アパート,賃貸カテゴリ（掲載種別）,静岡県沼津市大岡,5.5,49.7,,5,—,—,,—,賃貸のため対象外,,2026-07-25,,https://suumo.jp/chintai/jnc_000104197994/?bc=100458173217,不適合
SUUMO 賃貸 沼津市,沼津市,賃貸アパート,賃貸カテゴリ（掲載種別）,静岡県沼津市大岡,6.0,47.0,,5,—,—,,—,賃貸のため対象外,,2026-08-11,,https://suumo.jp/chintai/jnc_000031442410/?bc=100443068610,不適合
SUUMO 賃貸 沼津市,沼津市,賃貸アパート,賃貸カテゴリ（掲載種別）,静岡県沼津市原,5.0,45.2,,5,—,—,,—,賃貸のため対象外,,2026-08-10,,https://suumo.jp/chintai/jnc_000078281772/?bc=100480708978,適合
SUUMO 賃貸 沼津市,沼津市,賃貸アパート,賃貸カテゴリ（掲載種別）,静岡県沼津市原,5.0,45.2,,5,—,—,,—,賃貸のため対象外,,2026-08-11,,https://suumo.jp/chintai/jnc_000106680035/?bc=100518878088,適合
SUUMO 賃貸 沼津市,沼津市,賃貸アパート,賃貸カテゴリ（掲載種別）,静岡県沼津市西沢田,5.4,33.0,,5,田,—,,—,賃貸のため対象外,,2026-08-11,,https://suumo.jp/chintai/jnc_000096237974/?bc=100499426220,不適合
SUUMO 賃貸 沼津市,沼津市,賃貸アパート,賃貸カテゴリ（掲載種別）,静岡県沼津市大岡,5.5,57.5,,5,—,—,,—,賃貸のため対象外,,2026-08-11,,https://suumo.jp/chintai/jnc_000106293826/?bc=100500393878,不適合
SUUMO 賃貸 沼津市,沼津市,賃貸戸建,賃貸カテゴリ（掲載種別）,静岡県沼津市大岡,8.8,67.9,,5,—,—,,—,賃貸のため対象外,,2026-07-25,,https://suumo.jp/chintai/jnc_000107799606/?bc=100511401032,不適合
SUUMO 賃貸 沼津市,沼津市,賃貸その他,賃貸カテゴリ（掲載種別）,静岡県沼津市大岡,8.0,59.6,,5,—,—,,—,賃貸のため対象外,,2026-08-11,,https://suumo.jp/chintai/jnc_000106404073/?bc=100501455170,不適合
SUUMO 賃貸 沼津市,沼津市,賃貸その他,賃貸カテゴリ（掲載種別）,静岡県沼津市大岡,8.0,59.6,,5,—,—,,—,賃貸のため対象外,,2026-08-11,,https://suumo.jp/chintai/jnc_000107688771/?bc=100510690597,不適合
SUUMO 賃貸 沼津市,沼津市,賃貸アパート,賃貸カテゴリ（掲載種別）,静岡県沼津市下本町,6.5,26.5,,5,—,—,,—,賃貸のため対象外,,2026-07-30,,https://suumo.jp/chintai/jnc_000108862221/?bc=100497474626,不適合
SUUMO 賃貸 沼津市,沼津市,賃貸マンション,賃貸カテゴリ（掲載種別）,静岡県沼津市高島町,6.3,38.9,,5,—,—,,—,賃貸のため対象外,,2026-08-11,,https://suumo.jp/chintai/jnc_000108951038/?bc=100521292796,不適合
SUUMO 賃貸 沼津市,沼津市,賃貸アパート,賃貸カテゴリ（掲載種別）,静岡県沼津市原,4.7,40.5,,5,—,—,,—,賃貸のため対象外,,2026-08-11,,https://suumo.jp/chintai/jnc_000088000308/?bc=100327991146,適合
SUUMO 賃貸 沼津市,沼津市,賃貸アパート,賃貸カテゴリ（掲載種別）,静岡県沼津市原,4.7,39.7,,5,—,—,,—,賃貸のため対象外,,2026-08-11,,https://suumo.jp/chintai/jnc_000088338276/?bc=100363957271,適合
SUUMO 賃貸 沼津市,沼津市,賃貸アパート,賃貸カテゴリ（掲載種別）,静岡県沼津市原,4.7,40.3,,5,—,—,,—,賃貸のため対象外,,2026-08-11,,https://suumo.jp/chintai/jnc_000104562257/?bc=100513072444,適合
SUUMO 賃貸 沼津市,沼津市,賃貸アパート,賃貸カテゴリ（掲載種別）,静岡県沼津市原,4.7,39.7,,5,—,—,,—,賃貸のため対象外,,2026-08-11,,https://suumo.jp/chintai/jnc_000106384424/?bc=100470771254,適合
SUUMO 賃貸 沼津市,沼津市,賃貸マンション,賃貸カテゴリ（掲載種別）,静岡県沼津市大手町４,5.9,45.0,,5,—,—,,—,賃貸のため対象外,,2026-08-11,,https://suumo.jp/chintai/jnc_000107490998/?bc=100496467287,不適合
SUUMO 賃貸 沼津市,沼津市,賃貸アパート,賃貸カテゴリ（掲載種別）,静岡県沼津市大岡,6.49,43.2,,5,—,—,,—,賃貸のため対象外,,2026-08-11,,https://suumo.jp/chintai/jnc_000107454637/?bc=100508516627,不適合
SUUMO 賃貸 沼津市,沼津市,賃貸アパート,賃貸カテゴリ（掲載種別）,静岡県沼津市大岡,6.49,43.2,,5,—,—,,—,賃貸のため対象外,,2026-08-11,,https://suumo.jp/chintai/jnc_000107454635/?bc=100508516641,不適合
SUUMO 賃貸 沼津市,沼津市,賃貸アパート,賃貸カテゴリ（掲載種別）,静岡県沼津市大岡,6.49,43.2,,5,—,—,,—,賃貸のため対象外,,2026-08-11,,https://suumo.jp/chintai/jnc_000107454636/?bc=100511804960,不適合
SUUMO 賃貸 沼津市,沼津市,賃貸アパート,賃貸カテゴリ（掲載種別）,静岡県沼津市大岡,6.65,53.9,,5,—,—,,—,賃貸のため対象外,,2026-08-08,,https://suumo.jp/chintai/jnc_000107550643/?bc=100509621845,不適合
SUUMO 賃貸 沼津市,沼津市,賃貸アパート,賃貸カテゴリ（掲載種別）,静岡県沼津市大岡,6.65,53.9,,5,—,—,,—,賃貸のため対象外,,2026-08-08,,https://suumo.jp/chintai/jnc_000107550642/?bc=100509621850,不適合
SUUMO 賃貸 沼津市,沼津市,賃貸アパート,賃貸カテゴリ（掲載種別）,静岡県沼津市大岡,6.65,43.2,,5,—,—,,—,賃貸のため対象外,,2026-08-11,,https://suumo.jp/chintai/jnc_000107454634/?bc=100508516633,不適合
SUUMO 賃貸 沼津市,沼津市,賃貸アパート,賃貸カテゴリ（掲載種別）,静岡県沼津市大岡,6.65,43.2,,5,—,—,,—,賃貸のため対象外,,2026-08-11,,https://suumo.jp/chintai/jnc_000107454638/?bc=100508516651,不適合
SUUMO 賃貸 沼津市,沼津市,賃貸アパート,賃貸カテゴリ（掲載種別）,静岡県沼津市大岡,7.48,53.9,,5,—,—,,—,賃貸のため対象外,,2026-08-11,,https://suumo.jp/chintai/jnc_000107454640/?bc=100508516639,不適合
SUUMO 賃貸 沼津市,沼津市,賃貸アパート,賃貸カテゴリ（掲載種別）,静岡県沼津市大岡,7.48,53.9,,5,—,—,,—,賃貸のため対象外,,2026-08-11,,https://suumo.jp/chintai/jnc_000107474194/?bc=100510442270,不適合
SUUMO 賃貸 沼津市,沼津市,賃貸アパート,賃貸カテゴリ（掲載種別）,静岡県沼津市大岡,7.48,53.9,,5,—,—,,—,賃貸のため対象外,,2026-08-11,,https://suumo.jp/chintai/jnc_000107454641/?bc=100508516629,不適合
SUUMO 賃貸 沼津市,沼津市,賃貸アパート,賃貸カテゴリ（掲載種別）,静岡県沼津市大岡,7.67,53.9,,5,—,—,,—,賃貸のため対象外,,2026-08-11,,https://suumo.jp/chintai/jnc_000107454642/?bc=100510442227,不適合
SUUMO 賃貸 沼津市,沼津市,賃貸アパート,賃貸カテゴリ（掲載種別）,静岡県沼津市大岡,5.7,33.3,,5,—,—,,—,賃貸のため対象外,,2026-08-11,,https://suumo.jp/chintai/jnc_000107915419/?bc=100517406593,不適合
SUUMO 賃貸 沼津市,沼津市,賃貸マンション,賃貸カテゴリ（掲載種別）,静岡県沼津市岡宮,6.0,41.0,,5,—,—,,—,賃貸のため対象外,,2026-07-31,,https://suumo.jp/chintai/jnc_000108884055/?bc=100519788935,不適合
SUUMO 賃貸 沼津市,沼津市,賃貸マンション,賃貸カテゴリ（掲載種別）,静岡県沼津市岡宮,6.4,41.0,,5,—,—,,—,賃貸のため対象外,,2026-08-11,,https://suumo.jp/chintai/jnc_000107369423/?bc=100508572198,不適合
SUUMO 賃貸 沼津市,沼津市,賃貸マンション,賃貸カテゴリ（掲載種別）,静岡県沼津市共栄町,6.9,62.8,,5,—,—,,—,賃貸のため対象外,,2026-08-10,,https://suumo.jp/chintai/jnc_000108608427/?bc=100517934221,不適合
SUUMO 賃貸 沼津市,沼津市,賃貸戸建,賃貸カテゴリ（掲載種別）,静岡県沼津市大岡,8.9,67.9,,5,—,—,,—,賃貸のため対象外,,2026-07-25,,https://suumo.jp/chintai/jnc_000107799604/?bc=100511401033,不適合
SUUMO 賃貸 沼津市,沼津市,賃貸マンション,賃貸カテゴリ（掲載種別）,静岡県沼津市花園町,4.8,25.9,,5,—,—,,—,賃貸のため対象外,,2026-08-11,,https://suumo.jp/chintai/jnc_000108117279/?bc=100514087623,適合
SUUMO 賃貸 沼津市,沼津市,賃貸マンション,賃貸カテゴリ（掲載種別）,静岡県沼津市花園町,4.9,25.9,,5,—,—,,—,賃貸のため対象外,,2026-08-11,,https://suumo.jp/chintai/jnc_000108209459/?bc=100516357425,適合
SUUMO 賃貸 沼津市,沼津市,賃貸マンション,賃貸カテゴリ（掲載種別）,静岡県沼津市花園町,4.8,25.9,,5,—,—,,—,賃貸のため対象外,,2026-08-09,,https://suumo.jp/chintai/jnc_000108335203/?bc=100521371643,適合
SUUMO 賃貸 沼津市,沼津市,賃貸マンション,賃貸カテゴリ（掲載種別）,静岡県沼津市花園町,4.9,25.9,,5,—,—,,—,賃貸のため対象外,,2026-08-09,,https://suumo.jp/chintai/jnc_000108884081/?bc=100521371609,適合
SUUMO 賃貸 沼津市,沼津市,賃貸アパート,賃貸カテゴリ（掲載種別）,静岡県沼津市松長,4.7,23.2,,5,—,—,,—,賃貸のため対象外,,2026-08-08,,https://suumo.jp/chintai/jnc_000100428076/?bc=100451114827,適合
SUUMO 賃貸 沼津市,沼津市,賃貸アパート,賃貸カテゴリ（掲載種別）,静岡県沼津市吉田町,8.5,69.5,,5,田,—,,—,賃貸のため対象外,,2026-08-11,,https://suumo.jp/chintai/jnc_000108599826/?bc=100517806238,不適合
SUUMO 賃貸 沼津市,沼津市,賃貸マンション,賃貸カテゴリ（掲載種別）,静岡県沼津市西島町,5.7,41.5,,5,—,—,,—,賃貸のため対象外,,2026-08-07,,https://suumo.jp/chintai/jnc_000109021861/?bc=100501792549,不適合
SUUMO 賃貸 沼津市,沼津市,賃貸マンション,賃貸カテゴリ（掲載種別）,静岡県沼津市西島町,5.9,41.2,,5,—,—,,—,賃貸のため対象外,,2026-08-11,,https://suumo.jp/chintai/jnc_000109021862/?bc=100505317503,不適合
SUUMO 賃貸 沼津市,沼津市,賃貸アパート,賃貸カテゴリ（掲載種別）,静岡県沼津市岡宮,6.8,63.8,,5,—,—,,—,賃貸のため対象外,,2026-08-09,,https://suumo.jp/chintai/jnc_000099229248/?bc=100458205629,不適合
SUUMO 賃貸 沼津市,沼津市,賃貸マンション,賃貸カテゴリ（掲載種別）,静岡県沼津市青野,5.4,53.3,,5,—,—,,—,賃貸のため対象外,,2026-07-25,,https://suumo.jp/chintai/jnc_000106055890/?bc=100498396799,不適合
SUUMO 賃貸 沼津市,沼津市,賃貸マンション,賃貸カテゴリ（掲載種別）,静岡県沼津市青野,5.7,53.3,,5,—,—,,—,賃貸のため対象外,,2026-07-25,,https://suumo.jp/chintai/jnc_000089503716/?bc=100484694638,不適合
SUUMO 賃貸 沼津市,沼津市,賃貸マンション,賃貸カテゴリ（掲載種別）,静岡県沼津市東原,6.6,62.8,,5,—,—,,—,賃貸のため対象外,,2026-08-11,,https://suumo.jp/chintai/jnc_000081785488/?bc=100504241509,不適合
SUUMO 賃貸 沼津市,沼津市,賃貸マンション,賃貸カテゴリ（掲載種別）,静岡県沼津市東原,6.7,62.8,,5,—,—,,—,賃貸のため対象外,,2026-08-11,,https://suumo.jp/chintai/jnc_000095527556/?bc=100416717599,不適合
SUUMO 賃貸 沼津市,沼津市,賃貸マンション,賃貸カテゴリ（掲載種別）,静岡県沼津市東原,6.7,62.8,,5,—,—,,—,賃貸のため対象外,,2026-08-11,,https://suumo.jp/chintai/jnc_000092657955/?bc=100396752228,不適合
SUUMO 賃貸 沼津市,沼津市,賃貸戸建,賃貸カテゴリ（掲載種別）,静岡県沼津市大岡,9.0,74.7,,5,—,—,,—,賃貸のため対象外,,2026-07-25,,https://suumo.jp/chintai/jnc_000107799605/?bc=100511401029,不適合
SUUMO 賃貸 沼津市,沼津市,賃貸マンション,賃貸カテゴリ（掲載種別）,静岡県沼津市沼北町２,7.5,61.3,,5,—,—,,—,賃貸のため対象外,,2026-08-07,,https://suumo.jp/chintai/jnc_000073093886/?bc=100503582006,不適合
SUUMO 賃貸 沼津市,沼津市,賃貸マンション,賃貸カテゴリ（掲載種別）,静岡県沼津市市道町,5.7,48.6,,5,—,—,,—,賃貸のため対象外,,2026-08-10,,https://suumo.jp/chintai/jnc_000046112263/?bc=100430112904,不適合
SUUMO 賃貸 沼津市,沼津市,賃貸アパート,賃貸カテゴリ（掲載種別）,静岡県沼津市本郷町,5.0,50.5,,5,—,—,,—,賃貸のため対象外,,2026-08-09,,https://suumo.jp/chintai/jnc_000109101193/?bc=100521371605,適合
SUUMO 賃貸 沼津市,沼津市,賃貸マンション,賃貸カテゴリ（掲載種別）,静岡県沼津市小諏訪,6.7,58.4,,5,—,—,,—,賃貸のため対象外,,2026-07-25,,https://suumo.jp/chintai/jnc_000088007766/?bc=100446380794,不適合
SUUMO 賃貸 沼津市,沼津市,賃貸マンション,賃貸カテゴリ（掲載種別）,静岡県沼津市大岡,9.3,62.3,,5,—,—,,—,賃貸のため対象外,,2026-08-11,,https://suumo.jp/chintai/jnc_000108014071/?bc=100513944691,不適合
SUUMO 賃貸 沼津市,沼津市,賃貸マンション,賃貸カテゴリ（掲載種別）,静岡県沼津市岡宮,7.3,57.1,,5,—,—,,—,賃貸のため対象外,,2026-08-11,,https://suumo.jp/chintai/jnc_000091208392/?bc=100458352296,不適合
SUUMO 賃貸 沼津市,沼津市,賃貸マンション,賃貸カテゴリ（掲載種別）,静岡県沼津市岡宮,7.5,60.0,,5,—,—,,—,賃貸のため対象外,,2026-08-11,,https://suumo.jp/chintai/jnc_000045942987/?bc=100517512020,不適合
SUUMO 賃貸 沼津市,沼津市,賃貸マンション,賃貸カテゴリ（掲載種別）,静岡県沼津市新宿町,7.9,59.7,,5,—,—,,—,賃貸のため対象外,,2026-08-09,,https://suumo.jp/chintai/jnc_000108241633/?bc=100516093882,不適合
SUUMO 賃貸 沼津市,沼津市,賃貸マンション,賃貸カテゴリ（掲載種別）,静岡県沼津市筒井町,7.9,58.0,,5,—,—,,—,賃貸のため対象外,,2026-08-10,,https://suumo.jp/chintai/jnc_000070488104/?bc=100519880827,不適合
SUUMO 賃貸 沼津市,沼津市,賃貸アパート,賃貸カテゴリ（掲載種別）,静岡県沼津市今沢,4.3,38.8,,5,—,—,,—,賃貸のため対象外,,2026-08-11,,https://suumo.jp/chintai/jnc_000108735192/?bc=100517874085,適合
SUUMO 賃貸 沼津市,沼津市,賃貸アパート,賃貸カテゴリ（掲載種別）,静岡県沼津市岡宮,5.8,42.8,,5,田,—,,—,賃貸のため対象外,,2026-08-11,,https://suumo.jp/chintai/jnc_000096828646/?bc=100438747381,不適合
SUUMO 賃貸 沼津市,沼津市,賃貸アパート,賃貸カテゴリ（掲載種別）,静岡県沼津市三枚橋,7.95,50.1,,5,—,—,,—,賃貸のため対象外,,2026-08-11,,https://suumo.jp/chintai/jnc_000099356638/?bc=100504451711,不適合
SUUMO 賃貸 沼津市,沼津市,賃貸マンション,賃貸カテゴリ（掲載種別）,静岡県沼津市大岡,4.5,30.4,,5,—,—,,—,賃貸のため対象外,,2026-08-11,,https://suumo.jp/chintai/jnc_000047806528/?bc=100491154950,適合
SUUMO 賃貸 沼津市,沼津市,賃貸マンション,賃貸カテゴリ（掲載種別）,静岡県沼津市大岡,4.8,30.4,,5,—,—,,—,賃貸のため対象外,,2026-08-11,,https://suumo.jp/chintai/jnc_000080224687/?bc=100483826995,適合
SUUMO 賃貸 沼津市,沼津市,賃貸マンション,賃貸カテゴリ（掲載種別）,静岡県沼津市大岡,4.9,30.4,,5,—,—,,—,賃貸のため対象外,,2026-08-11,,https://suumo.jp/chintai/jnc_000075365296/?bc=100463285409,適合
SUUMO 賃貸 沼津市,沼津市,賃貸マンション,賃貸カテゴリ（掲載種別）,静岡県沼津市五月町,5.7,47.0,,5,—,—,,—,賃貸のため対象外,,2026-08-11,,https://suumo.jp/chintai/jnc_000054109150/?bc=100498445752,不適合
SUUMO 賃貸 沼津市,沼津市,賃貸アパート,賃貸カテゴリ（掲載種別）,静岡県沼津市岡宮,8.8,61.1,,5,—,—,,—,賃貸のため対象外,,2026-08-11,,https://suumo.jp/chintai/jnc_000100210795/?bc=100521217430,不適合
SUUMO 賃貸 沼津市,沼津市,賃貸マンション,賃貸カテゴリ（掲載種別）,静岡県沼津市添地町,9.0,42.5,,5,—,—,,—,賃貸のため対象外,,2026-08-09,,https://suumo.jp/chintai/jnc_000108884095/?bc=100521371685,不適合
SUUMO 賃貸 沼津市,沼津市,賃貸マンション,賃貸カテゴリ（掲載種別）,静岡県沼津市大岡,9.5,72.2,,5,—,—,,—,賃貸のため対象外,,2026-08-10,,https://suumo.jp/chintai/jnc_000013947434/?bc=100377921696,不適合
SUUMO 賃貸 沼津市,沼津市,賃貸マンション,賃貸カテゴリ（掲載種別）,静岡県沼津市大岡,9.5,72.0,,5,—,—,,—,賃貸のため対象外,,2026-08-10,,https://suumo.jp/chintai/jnc_000015816740/?bc=100465652624,不適合
SUUMO 賃貸 沼津市,沼津市,賃貸マンション,賃貸カテゴリ（掲載種別）,静岡県沼津市大岡,9.5,72.0,,5,—,—,,—,賃貸のため対象外,,2026-08-11,,https://suumo.jp/chintai/jnc_000061128907/?bc=100463858564,不適合
SUUMO 賃貸 沼津市,沼津市,賃貸マンション,賃貸カテゴリ（掲載種別）,静岡県沼津市大岡,9.5,72.2,,5,—,—,,—,賃貸のため対象外,,2026-08-09,,https://suumo.jp/chintai/jnc_000013947428/?bc=100399200441,不適合
SUUMO 賃貸 沼津市,沼津市,賃貸マンション,賃貸カテゴリ（掲載種別）,静岡県沼津市大岡,9.5,72.2,,5,—,—,,—,賃貸のため対象外,,2026-08-11,,https://suumo.jp/chintai/jnc_000013947432/?bc=100502977546,不適合
SUUMO 賃貸 沼津市,沼津市,賃貸マンション,賃貸カテゴリ（掲載種別）,静岡県沼津市大岡,9.5,72.2,,5,—,—,,—,賃貸のため対象外,,2026-08-10,,https://suumo.jp/chintai/jnc_000013947431/?bc=100467292327,不適合
SUUMO 賃貸 沼津市,沼津市,賃貸マンション,賃貸カテゴリ（掲載種別）,静岡県沼津市大岡,9.5,72.2,,5,—,—,,—,賃貸のため対象外,,2026-08-09,,https://suumo.jp/chintai/jnc_000054062023/?bc=100486426987,不適合
SUUMO 賃貸 沼津市,沼津市,賃貸マンション,賃貸カテゴリ（掲載種別）,静岡県沼津市三枚橋日ノ出町,8.3,57.5,,5,—,—,,—,賃貸のため対象外,,2026-07-25,,https://suumo.jp/chintai/jnc_000102047524/?bc=100465940923,不適合
SUUMO 賃貸 沼津市,沼津市,賃貸マンション,賃貸カテゴリ（掲載種別）,静岡県沼津市北高島町,4.7,26.4,,5,—,—,,—,賃貸のため対象外,,2026-08-09,,https://suumo.jp/chintai/jnc_000036811746/?bc=100493496119,適合
SUUMO 賃貸 沼津市,沼津市,賃貸マンション,賃貸カテゴリ（掲載種別）,静岡県沼津市我入道江川,5.0,47.4,,5,—,—,,—,賃貸のため対象外,,2026-08-11,,https://suumo.jp/chintai/jnc_000108484431/?bc=100517284258,適合
SUUMO 賃貸 沼津市,沼津市,賃貸マンション,賃貸カテゴリ（掲載種別）,静岡県沼津市五月町,5.4,41.0,,5,—,—,,—,賃貸のため対象外,,2026-07-26,,https://suumo.jp/chintai/jnc_000041412176/?bc=100499164323,不適合
SUUMO 賃貸 沼津市,沼津市,賃貸マンション,賃貸カテゴリ（掲載種別）,静岡県沼津市大岡,4.5,30.4,,5,—,—,,—,賃貸のため対象外,,2026-08-11,,https://suumo.jp/chintai/jnc_000061105013/?bc=100509972624,適合
SUUMO 賃貸 沼津市,沼津市,賃貸マンション,賃貸カテゴリ（掲載種別）,静岡県沼津市大岡,4.5,30.4,,5,—,—,,—,賃貸のため対象外,,2026-08-10,,https://suumo.jp/chintai/jnc_000064308520/?bc=100489231335,適合
SUUMO 賃貸 沼津市,沼津市,賃貸マンション,賃貸カテゴリ（掲載種別）,静岡県沼津市大岡,4.5,30.4,,5,—,—,,—,賃貸のため対象外,,2026-07-25,,https://suumo.jp/chintai/jnc_000087627115/?bc=100458826901,適合
SUUMO 賃貸 沼津市,沼津市,賃貸マンション,賃貸カテゴリ（掲載種別）,静岡県沼津市大岡,4.7,30.4,,5,—,—,,—,賃貸のため対象外,,2026-08-11,,https://suumo.jp/chintai/jnc_000036421700/?bc=100490778681,適合
SUUMO 賃貸 沼津市,沼津市,賃貸アパート,賃貸カテゴリ（掲載種別）,静岡県沼津市西間門,7.05,44.7,,5,—,—,,—,賃貸のため対象外,,2026-08-11,,https://suumo.jp/chintai/jnc_000106651805/?bc=100493746060,不適合
SUUMO 賃貸 沼津市,沼津市,賃貸アパート,賃貸カテゴリ（掲載種別）,静岡県沼津市西間門,7.05,44.7,,5,—,—,,—,賃貸のため対象外,,2026-08-11,,https://suumo.jp/chintai/jnc_000106651803/?bc=100493745956,不適合
SUUMO 賃貸 沼津市,沼津市,賃貸アパート,賃貸カテゴリ（掲載種別）,静岡県沼津市西間門,7.05,44.7,,5,—,—,,—,賃貸のため対象外,,2026-08-11,,https://suumo.jp/chintai/jnc_000106651804/?bc=100494002199,不適合
SUUMO 賃貸 沼津市,沼津市,賃貸アパート,賃貸カテゴリ（掲載種別）,静岡県沼津市西間門,7.25,44.7,,5,—,—,,—,賃貸のため対象外,,2026-08-11,,https://suumo.jp/chintai/jnc_000106651806/?bc=100496170323,不適合
SUUMO 賃貸 沼津市,沼津市,賃貸アパート,賃貸カテゴリ（掲載種別）,静岡県沼津市西間門,7.25,44.7,,5,—,—,,—,賃貸のため対象外,,2026-08-11,,https://suumo.jp/chintai/jnc_000106651802/?bc=100495522035,不適合
SUUMO 賃貸 沼津市,沼津市,賃貸アパート,賃貸カテゴリ（掲載種別）,静岡県沼津市西間門,7.9,56.5,,5,—,—,,—,賃貸のため対象外,,2026-08-09,,https://suumo.jp/chintai/jnc_000106651809/?bc=100502531052,不適合
SUUMO 賃貸 沼津市,沼津市,賃貸アパート,賃貸カテゴリ（掲載種別）,静岡県沼津市西間門,7.9,56.5,,5,—,—,,—,賃貸のため対象外,,2026-08-11,,https://suumo.jp/chintai/jnc_000106651808/?bc=100496170336,不適合
SUUMO 賃貸 沼津市,沼津市,賃貸アパート,賃貸カテゴリ（掲載種別）,静岡県沼津市西間門,7.9,56.4,,5,—,—,,—,賃貸のため対象外,,2026-08-11,,https://suumo.jp/chintai/jnc_000106651810/?bc=100494002159,不適合
SUUMO 賃貸 沼津市,沼津市,賃貸アパート,賃貸カテゴリ（掲載種別）,静岡県沼津市西間門,8.1,56.4,,5,—,—,,—,賃貸のため対象外,,2026-08-11,,https://suumo.jp/chintai/jnc_000106651807/?bc=100493746052,不適合
SUUMO 賃貸 沼津市,沼津市,賃貸アパート,賃貸カテゴリ（掲載種別）,静岡県沼津市西間門,8.1,56.4,,5,—,—,,—,賃貸のため対象外,,2026-08-09,,https://suumo.jp/chintai/jnc_000106651811/?bc=100502531086,不適合
SUUMO 賃貸 沼津市,沼津市,賃貸マンション,賃貸カテゴリ（掲載種別）,静岡県沼津市共栄町,5.3,30.4,,5,—,—,,—,賃貸のため対象外,,2026-08-11,,https://suumo.jp/chintai/jnc_000080935436/?bc=100515260455,不適合
SUUMO 賃貸 沼津市,沼津市,賃貸アパート,賃貸カテゴリ（掲載種別）,静岡県沼津市原町中３,4.3,30.1,,5,—,—,,—,賃貸のため対象外,,2026-08-07,,https://suumo.jp/chintai/jnc_000089140713/?bc=100483827138,適合
SUUMO 賃貸 沼津市,沼津市,賃貸アパート,賃貸カテゴリ（掲載種別）,静岡県沼津市原町中３,4.3,29.8,,5,—,—,,—,賃貸のため対象外,,2026-08-01,,https://suumo.jp/chintai/jnc_000089140715/?bc=100519844055,適合
SUUMO 賃貸 沼津市,沼津市,賃貸アパート,賃貸カテゴリ（掲載種別）,静岡県沼津市原町中３,4.5,30.1,,5,—,—,,—,賃貸のため対象外,,2026-08-11,,https://suumo.jp/chintai/jnc_000037919865/?bc=100503235537,適合
SUUMO 賃貸 沼津市,沼津市,賃貸アパート,賃貸カテゴリ（掲載種別）,静岡県沼津市原町中３,4.6,30.1,,5,—,—,,—,賃貸のため対象外,,2026-08-07,,https://suumo.jp/chintai/jnc_000087373781/?bc=100510532057,適合
SUUMO 賃貸 沼津市,沼津市,賃貸アパート,賃貸カテゴリ（掲載種別）,静岡県沼津市西椎路,4.5,43.5,,5,—,—,,—,賃貸のため対象外,,2026-07-25,,https://suumo.jp/chintai/jnc_000106819156/?bc=100504167077,適合
SUUMO 賃貸 沼津市,沼津市,賃貸マンション,賃貸カテゴリ（掲載種別）,静岡県沼津市高島町,6.8,40.5,,5,—,—,,—,賃貸のため対象外,,2026-08-11,,https://suumo.jp/chintai/jnc_000107793161/?bc=100512544324,不適合
SUUMO 賃貸 沼津市,沼津市,賃貸マンション,賃貸カテゴリ（掲載種別）,静岡県沼津市高島町,6.8,40.5,,5,—,—,,—,賃貸のため対象外,,2026-08-11,,https://suumo.jp/chintai/jnc_000103200487/?bc=100475704007,不適合
SUUMO 賃貸 沼津市,沼津市,賃貸マンション,賃貸カテゴリ（掲載種別）,静岡県沼津市高島町,6.9,40.5,,5,—,—,,—,賃貸のため対象外,,2026-08-11,,https://suumo.jp/chintai/jnc_000107764148/?bc=100511155973,不適合
SUUMO 賃貸 沼津市,沼津市,賃貸アパート,賃貸カテゴリ（掲載種別）,静岡県沼津市下香貫七面,7.1,50.0,,5,—,—,,—,賃貸のため対象外,,2026-08-11,,https://suumo.jp/chintai/jnc_000108951037/?bc=100519868326,不適合
SUUMO 賃貸 沼津市,沼津市,賃貸アパート,賃貸カテゴリ（掲載種別）,静岡県沼津市下香貫七面,8.7,59.5,,5,—,—,,—,賃貸のため対象外,,2026-08-11,,https://suumo.jp/chintai/jnc_000105681822/?bc=100521578603,不適合
SUUMO 賃貸 沼津市,沼津市,賃貸マンション,賃貸カテゴリ（掲載種別）,静岡県沼津市下香貫樋ノ口,5.5,65.7,,5,—,—,,—,賃貸のため対象外,,2026-08-11,,https://suumo.jp/chintai/jnc_000107110698/?bc=100507259060,不適合
SUUMO 賃貸 沼津市,沼津市,賃貸マンション,賃貸カテゴリ（掲載種別）,静岡県沼津市中沢田,4.7,54.7,,5,田,—,,—,賃貸のため対象外,,2026-08-11,,https://suumo.jp/chintai/jnc_000108500501/?bc=100516739191,適合
SUUMO 賃貸 沼津市,沼津市,賃貸マンション,賃貸カテゴリ（掲載種別）,静岡県沼津市中沢田,4.7,54.7,,5,田,—,,—,賃貸のため対象外,,2026-08-11,,https://suumo.jp/chintai/jnc_000026114146/?bc=100383644498,適合
SUUMO 賃貸 沼津市,沼津市,賃貸マンション,賃貸カテゴリ（掲載種別）,静岡県沼津市中沢田,4.9,54.7,,5,田,—,,—,賃貸のため対象外,,2026-08-11,,https://suumo.jp/chintai/jnc_000093385417/?bc=100459423859,適合
SUUMO 賃貸 沼津市,沼津市,賃貸マンション,賃貸カテゴリ（掲載種別）,静岡県沼津市中沢田,4.9,54.7,,5,田,—,,—,賃貸のため対象外,,2026-08-11,,https://suumo.jp/chintai/jnc_000090871825/?bc=100461882853,適合
SUUMO 賃貸 沼津市,沼津市,賃貸マンション,賃貸カテゴリ（掲載種別）,静岡県沼津市中沢田,8.8,54.7,,5,田,—,,—,賃貸のため対象外,,2026-08-11,,https://suumo.jp/chintai/jnc_000088000307/?bc=100363283017,不適合
SUUMO 賃貸 沼津市,沼津市,賃貸アパート,賃貸カテゴリ（掲載種別）,静岡県沼津市今沢,4.3,38.5,,5,—,—,,—,賃貸のため対象外,,2026-08-11,,https://suumo.jp/chintai/jnc_000108599810/?bc=100517866953,適合
SUUMO 賃貸 沼津市,沼津市,賃貸マンション,賃貸カテゴリ（掲載種別）,静岡県沼津市西沢田,5.5,30.2,,5,田,—,,—,賃貸のため対象外,,2026-08-11,,https://suumo.jp/chintai/jnc_000108799508/?bc=100519461023,不適合
SUUMO 賃貸 沼津市,沼津市,賃貸マンション,賃貸カテゴリ（掲載種別）,静岡県沼津市西沢田,5.8,30.2,,5,田,—,,—,賃貸のため対象外,,2026-08-11,,https://suumo.jp/chintai/jnc_000108523303/?bc=100517284218,不適合
SUUMO 賃貸 沼津市,沼津市,賃貸マンション,賃貸カテゴリ（掲載種別）,静岡県沼津市西沢田,5.5,30.2,,5,田,—,,—,賃貸のため対象外,,2026-08-11,,https://suumo.jp/chintai/jnc_000108884077/?bc=100519787815,不適合
SUUMO 賃貸 沼津市,沼津市,賃貸マンション,賃貸カテゴリ（掲載種別）,静岡県沼津市西沢田,5.8,30.4,,5,田,—,,—,賃貸のため対象外,,2026-08-11,,https://suumo.jp/chintai/jnc_000108657664/?bc=100517874128,不適合
SUUMO 賃貸 沼津市,沼津市,賃貸アパート,賃貸カテゴリ（掲載種別）,静岡県沼津市大岡,6.5,42.9,,5,—,—,,—,賃貸のため対象外,,2026-08-09,,https://suumo.jp/chintai/jnc_000016082468/?bc=100521371730,不適合
SUUMO 賃貸 沼津市,沼津市,賃貸マンション,賃貸カテゴリ（掲載種別）,静岡県沼津市高沢町,4.7,28.7,,5,—,—,,—,賃貸のため対象外,,2026-08-11,,https://suumo.jp/chintai/jnc_000072539477/?bc=100521217424,適合
SUUMO 賃貸 沼津市,沼津市,賃貸マンション,賃貸カテゴリ（掲載種別）,静岡県沼津市高沢町,4.7,28.7,,5,—,—,,—,賃貸のため対象外,,2026-08-11,,https://suumo.jp/chintai/jnc_000040847989/?bc=100483466453,適合
SUUMO 賃貸 沼津市,沼津市,賃貸マンション,賃貸カテゴリ（掲載種別）,静岡県沼津市高沢町,4.7,28.7,,5,—,—,,—,賃貸のため対象外,,2026-08-09,,https://suumo.jp/chintai/jnc_000072521616/?bc=100521371613,適合
SUUMO 賃貸 沼津市,沼津市,賃貸マンション,賃貸カテゴリ（掲載種別）,静岡県沼津市大岡,6.2,55.4,,5,—,—,,—,賃貸のため対象外,,2026-08-11,,https://suumo.jp/chintai/jnc_000075976654/?bc=100503739053,不適合
SUUMO 賃貸 沼津市,沼津市,賃貸マンション,賃貸カテゴリ（掲載種別）,静岡県沼津市大岡,6.6,55.4,,5,—,—,,—,賃貸のため対象外,,2026-08-07,,https://suumo.jp/chintai/jnc_000106411057/?bc=100503816102,不適合
SUUMO 賃貸 沼津市,沼津市,賃貸マンション,賃貸カテゴリ（掲載種別）,静岡県沼津市東間門,5.1,29.4,,5,—,—,,—,賃貸のため対象外,,2026-07-25,,https://suumo.jp/chintai/jnc_000107307316/?bc=100509748367,不適合
SUUMO 賃貸 沼津市,沼津市,賃貸マンション,賃貸カテゴリ（掲載種別）,静岡県沼津市東間門,5.3,29.4,,5,—,—,,—,賃貸のため対象外,,2026-07-25,,https://suumo.jp/chintai/jnc_000076963589/?bc=100459399237,不適合
SUUMO 賃貸 沼津市,沼津市,賃貸マンション,賃貸カテゴリ（掲載種別）,静岡県沼津市東間門,5.4,29.4,,5,—,—,,—,賃貸のため対象外,,2026-07-25,,https://suumo.jp/chintai/jnc_000074930129/?bc=100459132835,不適合
SUUMO 賃貸 沼津市,沼津市,賃貸マンション,賃貸カテゴリ（掲載種別）,静岡県沼津市東間門,5.4,29.4,,5,—,—,,—,賃貸のため対象外,,2026-08-10,,https://suumo.jp/chintai/jnc_000107590883/?bc=100510336642,不適合
SUUMO 賃貸 沼津市,沼津市,賃貸マンション,賃貸カテゴリ（掲載種別）,静岡県沼津市東間門,5.5,29.4,,5,—,—,,—,賃貸のため対象外,,2026-07-25,,https://suumo.jp/chintai/jnc_000086511342/?bc=100459132834,不適合
SUUMO 賃貸 沼津市,沼津市,賃貸マンション,賃貸カテゴリ（掲載種別）,静岡県沼津市下香貫宮脇,6.9,67.0,,5,—,—,,—,賃貸のため対象外,,2026-08-11,,https://suumo.jp/chintai/jnc_000091945679/?bc=000095129474,不適合
SUUMO 賃貸 沼津市,沼津市,賃貸マンション,賃貸カテゴリ（掲載種別）,静岡県沼津市下香貫宮脇,6.9,67.0,,5,—,—,,—,賃貸のため対象外,,2026-08-11,,https://suumo.jp/chintai/jnc_000102962844/?bc=100474720344,不適合
SUUMO 賃貸 沼津市,沼津市,賃貸アパート,賃貸カテゴリ（掲載種別）,静岡県沼津市下香貫汐入,7.5,56.9,,5,—,—,,—,賃貸のため対象外,,2026-08-10,,https://suumo.jp/chintai/jnc_000103846324/?bc=100487584363,不適合
SUUMO 賃貸 沼津市,沼津市,賃貸アパート,賃貸カテゴリ（掲載種別）,静岡県沼津市下香貫汐入,7.69,56.9,,5,—,—,,—,賃貸のため対象外,,2026-08-09,,https://suumo.jp/chintai/jnc_000103846322/?bc=100481065023,不適合
SUUMO 賃貸 沼津市,沼津市,賃貸アパート,賃貸カテゴリ（掲載種別）,静岡県沼津市北今沢,5.2,45.3,,5,—,—,,—,賃貸のため対象外,,2026-08-11,,https://suumo.jp/chintai/jnc_000074010576/?bc=100519457957,不適合
SUUMO 賃貸 沼津市,沼津市,賃貸アパート,賃貸カテゴリ（掲載種別）,静岡県沼津市上香貫宮原町,4.6,29.7,,5,—,—,,—,賃貸のため対象外,,2026-08-11,,https://suumo.jp/chintai/jnc_000095364541/?bc=100519038685,適合
SUUMO 賃貸 沼津市,沼津市,賃貸マンション,賃貸カテゴリ（掲載種別）,静岡県沼津市下香貫宮脇,6.7,67.0,,5,—,—,,—,賃貸のため対象外,,2026-07-25,,https://suumo.jp/chintai/jnc_000091945680/?bc=100291194008,不適合
SUUMO 賃貸 沼津市,沼津市,賃貸マンション,賃貸カテゴリ（掲載種別）,静岡県沼津市下香貫宮脇,6.9,67.0,,5,—,—,,—,賃貸のため対象外,,2026-08-10,,https://suumo.jp/chintai/jnc_000091945682/?bc=100019494512,不適合
SUUMO 賃貸 沼津市,沼津市,賃貸マンション,賃貸カテゴリ（掲載種別）,静岡県沼津市西添町,7.5,80.8,,5,—,—,,—,賃貸のため対象外,,2026-08-10,,https://suumo.jp/chintai/jnc_000108827085/?bc=100514544144,不適合
SUUMO 賃貸 沼津市,沼津市,賃貸マンション,賃貸カテゴリ（掲載種別）,静岡県沼津市西添町,7.6,80.8,,5,—,—,,—,賃貸のため対象外,,2026-08-11,,https://suumo.jp/chintai/jnc_000108827086/?bc=100468704537,不適合
SUUMO 賃貸 沼津市,沼津市,賃貸マンション,賃貸カテゴリ（掲載種別）,静岡県沼津市西添町,7.6,80.8,,5,—,—,,—,賃貸のため対象外,,2026-08-10,,https://suumo.jp/chintai/jnc_000109127006/?bc=100468106158,不適合
SUUMO 賃貸 沼津市,沼津市,賃貸マンション,賃貸カテゴリ（掲載種別）,静岡県沼津市西添町,7.8,80.8,,5,—,—,,—,賃貸のため対象外,,2026-08-11,,https://suumo.jp/chintai/jnc_000108167659/?bc=100519151104,不適合
SUUMO 賃貸 沼津市,沼津市,賃貸マンション,賃貸カテゴリ（掲載種別）,静岡県沼津市西添町,7.9,80.8,,5,—,—,,—,賃貸のため対象外,,2026-08-09,,https://suumo.jp/chintai/jnc_000102227007/?bc=100481952817,不適合
SUUMO 賃貸 沼津市,沼津市,賃貸戸建,賃貸カテゴリ（掲載種別）,静岡県沼津市大岡,10.5,86.5,,5,—,—,,—,賃貸のため対象外,,2026-08-10,,https://suumo.jp/chintai/jnc_000108771823/?bc=100518783004,不適合
SUUMO 賃貸 沼津市,沼津市,賃貸戸建,賃貸カテゴリ（掲載種別）,静岡県沼津市大岡,10.5,85.2,,5,—,—,,—,賃貸のため対象外,,2026-08-10,,https://suumo.jp/chintai/jnc_000037113585/?bc=100517824250,不適合
SUUMO 賃貸 沼津市,沼津市,賃貸マンション,賃貸カテゴリ（掲載種別）,静岡県沼津市杉崎町,7.3,67.7,,5,—,—,,—,賃貸のため対象外,,2026-07-25,,https://suumo.jp/chintai/jnc_000108718326/?bc=100510121914,不適合
SUUMO 賃貸 沼津市,沼津市,賃貸マンション,賃貸カテゴリ（掲載種別）,静岡県沼津市杉崎町,7.5,70.0,,5,—,—,,—,賃貸のため対象外,,2026-07-25,,https://suumo.jp/chintai/jnc_000106293836/?bc=100502493988,不適合
SUUMO 賃貸 沼津市,沼津市,賃貸アパート,賃貸カテゴリ（掲載種別）,静岡県沼津市岡一色,6.5,45.4,,5,—,—,,—,賃貸のため対象外,,2026-08-11,,https://suumo.jp/chintai/jnc_000059238144/?bc=100510091638,不適合
SUUMO 賃貸 沼津市,沼津市,賃貸マンション,賃貸カテゴリ（掲載種別）,静岡県沼津市若葉町,5.8,30.9,,5,—,—,,—,賃貸のため対象外,,2026-08-02,,https://suumo.jp/chintai/jnc_000108896836/?bc=100519885263,不適合
SUUMO 賃貸 沼津市,沼津市,賃貸マンション,賃貸カテゴリ（掲載種別）,静岡県沼津市若葉町,5.9,30.9,,5,—,—,,—,賃貸のため対象外,,2026-08-02,,https://suumo.jp/chintai/jnc_000108896837/?bc=100519883574,不適合
SUUMO 賃貸 沼津市,沼津市,賃貸アパート,賃貸カテゴリ（掲載種別）,静岡県沼津市三枚橋竹ノ岬,9.4,62.9,,5,—,—,,—,賃貸のため対象外,,2026-08-11,,https://suumo.jp/chintai/jnc_000038334941/?bc=100116143038,不適合
SUUMO 賃貸 沼津市,沼津市,賃貸アパート,賃貸カテゴリ（掲載種別）,静岡県沼津市大諏訪,5.0,30.7,,5,—,—,,—,賃貸のため対象外,,2026-08-11,,https://suumo.jp/chintai/jnc_000106473776/?bc=100501996671,適合
SUUMO 賃貸 沼津市,沼津市,賃貸アパート,賃貸カテゴリ（掲載種別）,静岡県沼津市添地町,9.0,42.5,,5,—,—,,—,賃貸のため対象外,,2026-08-11,,https://suumo.jp/chintai/jnc_000108241635/?bc=100516573540,不適合
SUUMO 賃貸 沼津市,沼津市,賃貸アパート,賃貸カテゴリ（掲載種別）,静岡県沼津市大岡,4.5,34.8,,5,—,—,,—,賃貸のため対象外,,2026-08-11,,https://suumo.jp/chintai/jnc_000106136514/?bc=100500873507,適合
SUUMO 賃貸 沼津市,沼津市,賃貸アパート,賃貸カテゴリ（掲載種別）,静岡県沼津市原,4.5,38.8,,5,—,—,,—,賃貸のため対象外,,2026-08-11,,https://suumo.jp/chintai/jnc_000106550845/?bc=100502255256,適合
SUUMO 賃貸 沼津市,沼津市,賃貸アパート,賃貸カテゴリ（掲載種別）,静岡県沼津市原,4.5,38.8,,5,—,—,,—,賃貸のため対象外,,2026-08-11,,https://suumo.jp/chintai/jnc_000107445856/?bc=100508734187,適合
SUUMO 賃貸 沼津市,沼津市,賃貸アパート,賃貸カテゴリ（掲載種別）,静岡県沼津市我入道秋葉町,4.9,51.4,,5,—,—,,—,賃貸のため対象外,,2026-08-10,,https://suumo.jp/chintai/jnc_000106998473/?bc=100505590579,適合
SUUMO 賃貸 沼津市,沼津市,賃貸マンション,賃貸カテゴリ（掲載種別）,静岡県沼津市岡宮,6.3,61.7,,5,—,—,,—,賃貸のため対象外,,2026-08-09,,https://suumo.jp/chintai/jnc_000103601769/?bc=100182879255,不適合
SUUMO 賃貸 沼津市,沼津市,賃貸マンション,賃貸カテゴリ（掲載種別）,静岡県沼津市岡宮,6.4,61.7,,5,—,—,,—,賃貸のため対象外,,2026-08-09,,https://suumo.jp/chintai/jnc_000107271885/?bc=100507443207,不適合
SUUMO 賃貸 沼津市,沼津市,賃貸マンション,賃貸カテゴリ（掲載種別）,静岡県沼津市桃里,5.0,43.0,,5,—,—,,—,賃貸のため対象外,,2026-08-07,,https://suumo.jp/chintai/jnc_000097398366/?bc=100416071212,適合
SUUMO 賃貸 沼津市,沼津市,賃貸マンション,賃貸カテゴリ（掲載種別）,静岡県沼津市岡宮,6.2,41.0,,5,—,—,,—,賃貸のため対象外,,2026-07-27,,https://suumo.jp/chintai/jnc_000089132928/?bc=100459516723,不適合
SUUMO 賃貸 沼津市,沼津市,賃貸マンション,賃貸カテゴリ（掲載種別）,静岡県沼津市岡宮,6.2,41.0,,5,—,—,,—,賃貸のため対象外,,2026-07-27,,https://suumo.jp/chintai/jnc_000093431980/?bc=100425487729,不適合
SUUMO 賃貸 沼津市,沼津市,賃貸マンション,賃貸カテゴリ（掲載種別）,静岡県沼津市岡宮,6.3,43.2,,5,—,—,,—,賃貸のため対象外,,2026-08-11,,https://suumo.jp/chintai/jnc_000108419218/?bc=100516416022,不適合
SUUMO 賃貸 沼津市,沼津市,賃貸マンション,賃貸カテゴリ（掲載種別）,静岡県沼津市上香貫,6.4,62.5,,5,—,—,,—,賃貸のため対象外,,2026-08-11,,https://suumo.jp/chintai/jnc_000108813433/?bc=100494569869,不適合
SUUMO 賃貸 沼津市,沼津市,賃貸マンション,賃貸カテゴリ（掲載種別）,静岡県沼津市上香貫,6.6,62.5,,5,—,—,,—,賃貸のため対象外,,2026-08-01,,https://suumo.jp/chintai/jnc_000105370862/?bc=100503750732,不適合
SUUMO 賃貸 沼津市,沼津市,賃貸マンション,賃貸カテゴリ（掲載種別）,静岡県沼津市西熊堂,7.0,58.9,,5,—,—,,—,賃貸のため対象外,,2026-08-11,,https://suumo.jp/chintai/jnc_000041064858/?bc=100109961768,不適合
SUUMO 賃貸 沼津市,沼津市,賃貸マンション,賃貸カテゴリ（掲載種別）,静岡県沼津市吉田町,4.7,58.3,,5,田,—,,—,賃貸のため対象外,,2026-08-07,,https://suumo.jp/chintai/jnc_000107851410/?bc=100511311661,適合
SUUMO 賃貸 沼津市,沼津市,賃貸マンション,賃貸カテゴリ（掲載種別）,静岡県沼津市吉田町,4.7,54.0,,5,田,—,,—,賃貸のため対象外,,2026-08-07,,https://suumo.jp/chintai/jnc_000103515720/?bc=100521038781,適合
SUUMO 賃貸 沼津市,沼津市,賃貸アパート,賃貸カテゴリ（掲載種別）,静岡県沼津市原,4.6,32.9,,5,—,—,,—,賃貸のため対象外,,2026-08-11,,https://suumo.jp/chintai/jnc_000107364439/?bc=100516467746,適合
SUUMO 賃貸 沼津市,沼津市,賃貸マンション,賃貸カテゴリ（掲載種別）,静岡県沼津市大岡,9.0,71.5,,5,—,—,,—,賃貸のため対象外,,2026-08-11,,https://suumo.jp/chintai/jnc_000107983211/?bc=100512958114,不適合
SUUMO 賃貸 沼津市,沼津市,賃貸アパート,賃貸カテゴリ（掲載種別）,静岡県沼津市志下,6.5,61.1,,5,—,—,,—,賃貸のため対象外,,2026-08-11,,https://suumo.jp/chintai/jnc_000107748992/?bc=100511359630,不適合
SUUMO 賃貸 沼津市,沼津市,賃貸アパート,賃貸カテゴリ（掲載種別）,静岡県沼津市東沢田,7.0,41.9,,5,田,—,,—,賃貸のため対象外,,2026-08-11,,https://suumo.jp/chintai/jnc_000088346061/?bc=100500394058,不適合
SUUMO 賃貸 沼津市,沼津市,賃貸アパート,賃貸カテゴリ（掲載種別）,静岡県沼津市東沢田,7.3,41.9,,5,田,—,,—,賃貸のため対象外,,2026-08-11,,https://suumo.jp/chintai/jnc_000106269754/?bc=100470562741,不適合
SUUMO 賃貸 沼津市,沼津市,賃貸マンション,賃貸カテゴリ（掲載種別）,静岡県沼津市新宿町,8.1,59.4,,5,—,—,,—,賃貸のため対象外,,2026-08-09,,https://suumo.jp/chintai/jnc_000103394544/?bc=100477098950,不適合
SUUMO 賃貸 沼津市,沼津市,賃貸アパート,賃貸カテゴリ（掲載種別）,静岡県沼津市江原町,5.0,46.4,,5,—,—,,—,賃貸のため対象外,,2026-08-11,,https://suumo.jp/chintai/jnc_000108779745/?bc=100497424913,適合
SUUMO 賃貸 沼津市,沼津市,賃貸アパート,賃貸カテゴリ（掲載種別）,静岡県沼津市江原町,5.8,46.4,,5,—,—,,—,賃貸のため対象外,,2026-08-09,,https://suumo.jp/chintai/jnc_000107432638/?bc=100512164364,不適合
SUUMO 賃貸 沼津市,沼津市,賃貸アパート,賃貸カテゴリ（掲載種別）,静岡県沼津市東椎路,5.5,40.9,,5,—,—,,—,賃貸のため対象外,,2026-08-02,,https://suumo.jp/chintai/jnc_000095785001/?bc=100456728424,不適合
SUUMO 賃貸 沼津市,沼津市,賃貸アパート,賃貸カテゴリ（掲載種別）,静岡県沼津市原,4.3,50.6,,5,—,—,,—,賃貸のため対象外,,2026-08-11,,https://suumo.jp/chintai/jnc_000108049175/?bc=100503832313,適合
SUUMO 賃貸 沼津市,沼津市,賃貸アパート,賃貸カテゴリ（掲載種別）,静岡県沼津市青野,4.3,49.7,,5,—,—,,—,賃貸のため対象外,,2026-08-10,,https://suumo.jp/chintai/jnc_000108145982/?bc=100517231168,適合
SUUMO 賃貸 沼津市,沼津市,賃貸アパート,賃貸カテゴリ（掲載種別）,静岡県沼津市青野,4.5,49.5,,5,—,—,,—,賃貸のため対象外,,2026-08-10,,https://suumo.jp/chintai/jnc_000108580816/?bc=100521399881,適合
SUUMO 賃貸 沼津市,沼津市,賃貸アパート,賃貸カテゴリ（掲載種別）,静岡県沼津市西添町,3.9,50.5,,5,—,—,,—,賃貸のため対象外,,2026-08-11,,https://suumo.jp/chintai/jnc_000107775453/?bc=100512314918,適合
SUUMO 賃貸 沼津市,沼津市,賃貸アパート,賃貸カテゴリ（掲載種別）,静岡県沼津市富士見町,5.7,39.0,,5,—,—,,—,賃貸のため対象外,,2026-08-01,,https://suumo.jp/chintai/jnc_000108518080/?bc=100470012260,不適合
SUUMO 賃貸 沼津市,沼津市,賃貸アパート,賃貸カテゴリ（掲載種別）,静岡県沼津市富士見町,6.0,40.3,,5,—,—,,—,賃貸のため対象外,,2026-08-01,,https://suumo.jp/chintai/jnc_000102490628/?bc=100470763398,不適合
SUUMO 賃貸 沼津市,沼津市,賃貸アパート,賃貸カテゴリ（掲載種別）,静岡県沼津市大塚,4.4,36.8,,5,—,—,,—,賃貸のため対象外,,2026-08-11,,https://suumo.jp/chintai/jnc_000107581796/?bc=100509845474,適合
SUUMO 賃貸 沼津市,沼津市,賃貸アパート,賃貸カテゴリ（掲載種別）,静岡県沼津市大塚,4.4,36.8,,5,—,—,,—,賃貸のため対象外,,2026-08-08,,https://suumo.jp/chintai/jnc_000109092008/?bc=100521186288,適合
SUUMO 賃貸 沼津市,沼津市,賃貸アパート,賃貸カテゴリ（掲載種別）,静岡県沼津市原,3.8,52.2,,5,—,—,,—,賃貸のため対象外,,2026-08-07,,https://suumo.jp/chintai/jnc_000109011263/?bc=100520684466,適合
SUUMO 賃貸 沼津市,沼津市,賃貸アパート,賃貸カテゴリ（掲載種別）,静岡県沼津市岡宮,7.2,45.3,,5,—,—,,—,賃貸のため対象外,,2026-08-11,,https://suumo.jp/chintai/jnc_000106926726/?bc=100505356466,不適合
SUUMO 賃貸 沼津市,沼津市,賃貸アパート,賃貸カテゴリ（掲載種別）,静岡県沼津市岡宮,7.2,45.0,,5,—,—,,—,賃貸のため対象外,,2026-08-10,,https://suumo.jp/chintai/jnc_000086165739/?bc=100472299183,不適合
SUUMO 賃貸 沼津市,沼津市,賃貸アパート,賃貸カテゴリ（掲載種別）,静岡県沼津市岡宮,7.5,50.4,,5,—,—,,—,賃貸のため対象外,,2026-08-10,,https://suumo.jp/chintai/jnc_000107537249/?bc=100371984614,不適合
SUUMO 賃貸 沼津市,沼津市,賃貸マンション,賃貸カテゴリ（掲載種別）,静岡県沼津市西間門,5.7,57.9,,5,—,—,,—,賃貸のため対象外,,2026-08-01,,https://suumo.jp/chintai/jnc_000075198162/?bc=100446693028,不適合
SUUMO 賃貸 沼津市,沼津市,賃貸アパート,賃貸カテゴリ（掲載種別）,静岡県沼津市筒井町,5.5,30.0,,5,—,—,,—,賃貸のため対象外,,2026-08-10,,https://suumo.jp/chintai/jnc_000106803697/?bc=100505987804,不適合
SUUMO 賃貸 沼津市,沼津市,賃貸マンション,賃貸カテゴリ（掲載種別）,静岡県沼津市岡一色,5.0,33.3,,5,—,—,,—,賃貸のため対象外,,2026-08-11,,https://suumo.jp/chintai/jnc_000070635911/?bc=100452525516,適合
SUUMO 賃貸 沼津市,沼津市,賃貸マンション,賃貸カテゴリ（掲載種別）,静岡県沼津市岡一色,5.0,33.3,,5,—,—,,—,賃貸のため対象外,,2026-08-11,,https://suumo.jp/chintai/jnc_000031084992/?bc=100441416415,適合
SUUMO 賃貸 沼津市,沼津市,賃貸マンション,賃貸カテゴリ（掲載種別）,静岡県沼津市岡一色,5.0,33.3,,5,—,—,,—,賃貸のため対象外,,2026-08-10,,https://suumo.jp/chintai/jnc_000042646329/?bc=100503629934,適合
SUUMO 賃貸 沼津市,沼津市,賃貸マンション,賃貸カテゴリ（掲載種別）,静岡県沼津市岡一色,5.0,33.3,,5,—,—,,—,賃貸のため対象外,,2026-08-10,,https://suumo.jp/chintai/jnc_000077596143/?bc=100458141832,適合
SUUMO 賃貸 沼津市,沼津市,賃貸マンション,賃貸カテゴリ（掲載種別）,静岡県沼津市若葉町,8.3,63.0,,5,—,—,,—,賃貸のため対象外,,2026-08-11,,https://suumo.jp/chintai/jnc_000108980579/?bc=100459250860,不適合
SUUMO 賃貸 沼津市,沼津市,賃貸マンション,賃貸カテゴリ（掲載種別）,静岡県沼津市若葉町,8.5,63.0,,5,—,—,,—,賃貸のため対象外,,2026-08-08,,https://suumo.jp/chintai/jnc_000053343254/?bc=100514087574,不適合
SUUMO 賃貸 沼津市,沼津市,賃貸アパート,賃貸カテゴリ（掲載種別）,静岡県沼津市下香貫下障子,4.9,33.6,,5,—,—,,—,賃貸のため対象外,,2026-08-11,,https://suumo.jp/chintai/jnc_000104663961/?bc=100487527087,適合
SUUMO 賃貸 沼津市,沼津市,賃貸マンション,賃貸カテゴリ（掲載種別）,静岡県沼津市上香貫三園町,6.0,62.1,,5,—,—,,—,賃貸のため対象外,,2026-08-11,,https://suumo.jp/chintai/jnc_000095201081/?bc=100405270692,不適合
SUUMO 賃貸 沼津市,沼津市,賃貸マンション,賃貸カテゴリ（掲載種別）,静岡県沼津市上香貫三園町,6.3,62.1,,5,—,—,,—,賃貸のため対象外,,2026-08-11,,https://suumo.jp/chintai/jnc_000023288189/?bc=100331623544,不適合
SUUMO 賃貸 沼津市,沼津市,賃貸アパート,賃貸カテゴリ（掲載種別）,静岡県沼津市西沢田,4.3,43.5,,5,田,—,,—,賃貸のため対象外,,2026-08-09,,https://suumo.jp/chintai/jnc_000109030037/?bc=100521259021,適合
SUUMO 賃貸 沼津市,沼津市,賃貸アパート,賃貸カテゴリ（掲載種別）,静岡県沼津市西沢田,4.3,43.5,,5,田,—,,—,賃貸のため対象外,,2026-08-09,,https://suumo.jp/chintai/jnc_000109101191/?bc=100521371675,適合
SUUMO 賃貸 沼津市,沼津市,賃貸アパート,賃貸カテゴリ（掲載種別）,静岡県沼津市玉江町,4.4,38.9,,5,—,—,,—,賃貸のため対象外,,2026-08-11,,https://suumo.jp/chintai/jnc_000108111947/?bc=100515426698,適合
SUUMO 賃貸 沼津市,沼津市,賃貸アパート,賃貸カテゴリ（掲載種別）,静岡県沼津市玉江町,4.4,40.9,,5,—,—,,—,賃貸のため対象外,,2026-08-09,,https://suumo.jp/chintai/jnc_000109115606/?bc=100521371619,適合
SUUMO 賃貸 沼津市,沼津市,賃貸マンション,賃貸カテゴリ（掲載種別）,静岡県沼津市大岡,4.0,35.3,,5,—,—,,—,賃貸のため対象外,,2026-08-11,,https://suumo.jp/chintai/jnc_000105283461/?bc=100492671623,適合
SUUMO 賃貸 沼津市,沼津市,賃貸マンション,賃貸カテゴリ（掲載種別）,静岡県沼津市大岡,4.1,35.3,,5,—,—,,—,賃貸のため対象外,,2026-08-11,,https://suumo.jp/chintai/jnc_000104172737/?bc=100519202167,適合
SUUMO 賃貸 沼津市,沼津市,賃貸マンション,賃貸カテゴリ（掲載種別）,静岡県沼津市大岡,4.2,35.3,,5,—,—,,—,賃貸のため対象外,,2026-08-11,,https://suumo.jp/chintai/jnc_000105681817/?bc=100518878132,適合
SUUMO 賃貸 沼津市,沼津市,賃貸マンション,賃貸カテゴリ（掲載種別）,静岡県沼津市大岡,4.3,35.3,,5,—,—,,—,賃貸のため対象外,,2026-08-11,,https://suumo.jp/chintai/jnc_000108761128/?bc=100519788080,適合
SUUMO 賃貸 沼津市,沼津市,賃貸マンション,賃貸カテゴリ（掲載種別）,静岡県沼津市千本緑町１,4.1,25.9,,5,—,—,,—,賃貸のため対象外,,2026-08-11,,https://suumo.jp/chintai/jnc_000105392460/?bc=100494675689,適合
SUUMO 賃貸 沼津市,沼津市,賃貸マンション,賃貸カテゴリ（掲載種別）,静岡県沼津市千本緑町１,4.5,25.9,,5,—,—,,—,賃貸のため対象外,,2026-08-11,,https://suumo.jp/chintai/jnc_000080530931/?bc=100447159996,適合
SUUMO 賃貸 沼津市,沼津市,賃貸マンション,賃貸カテゴリ（掲載種別）,静岡県沼津市中瀬町,4.3,52.0,,5,—,—,,—,賃貸のため対象外,,2026-08-11,,https://suumo.jp/chintai/jnc_000083013995/?bc=100520498949,適合
SUUMO 賃貸 沼津市,沼津市,賃貸アパート,賃貸カテゴリ（掲載種別）,静岡県沼津市西椎路,4.25,42.8,,5,—,—,,—,賃貸のため対象外,,2026-08-11,,https://suumo.jp/chintai/jnc_000108572843/?bc=100518745550,適合
SUUMO 賃貸 沼津市,沼津市,賃貸アパート,賃貸カテゴリ（掲載種別）,静岡県沼津市大塚,4.2,34.3,,5,—,—,,—,賃貸のため対象外,,2026-08-10,,https://suumo.jp/chintai/jnc_000109127004/?bc=100521454002,適合
SUUMO 賃貸 沼津市,沼津市,賃貸アパート,賃貸カテゴリ（掲載種別）,静岡県沼津市原,3.5,62.8,,5,—,—,,—,賃貸のため対象外,,2026-08-10,,https://suumo.jp/chintai/jnc_000108961226/?bc=100520389921,適合
SUUMO 賃貸 沼津市,沼津市,賃貸アパート,賃貸カテゴリ（掲載種別）,静岡県沼津市原,3.5,62.8,,5,—,—,,—,賃貸のため対象外,,2026-08-03,,https://suumo.jp/chintai/jnc_000108951040/?bc=100520289300,適合
SUUMO 賃貸 沼津市,沼津市,賃貸アパート,賃貸カテゴリ（掲載種別）,静岡県沼津市原,3.5,62.8,,5,—,—,,—,賃貸のため対象外,,2026-08-09,,https://suumo.jp/chintai/jnc_000109101192/?bc=100521371633,適合
SUUMO 賃貸 沼津市,沼津市,賃貸マンション,賃貸カテゴリ（掲載種別）,静岡県沼津市高島町,8.8,39.8,,5,—,—,,—,賃貸のため対象外,,2026-08-11,,https://suumo.jp/chintai/jnc_000089751373/?bc=100517490433,不適合
SUUMO 賃貸 沼津市,沼津市,賃貸マンション,賃貸カテゴリ（掲載種別）,静岡県沼津市高島町,9.0,40.2,,5,—,—,,—,賃貸のため対象外,,2026-08-11,,https://suumo.jp/chintai/jnc_000108640405/?bc=100517710909,不適合
SUUMO 賃貸 沼津市,沼津市,賃貸アパート,賃貸カテゴリ（掲載種別）,静岡県沼津市東椎路,6.0,51.2,,5,—,—,,—,賃貸のため対象外,,2026-08-09,,https://suumo.jp/chintai/jnc_000049174198/?bc=100491120703,不適合
SUUMO 賃貸 沼津市,沼津市,賃貸マンション,賃貸カテゴリ（掲載種別）,静岡県沼津市市場町,4.5,23.7,,5,—,—,,—,賃貸のため対象外,,2026-08-05,,https://suumo.jp/chintai/jnc_000100366615/?bc=100441013654,適合
SUUMO 賃貸 沼津市,沼津市,賃貸マンション,賃貸カテゴリ（掲載種別）,静岡県沼津市原,4.6,30.4,,5,—,—,,—,賃貸のため対象外,,2026-08-11,,https://suumo.jp/chintai/jnc_000099757683/?bc=100485135554,適合
SUUMO 賃貸 沼津市,沼津市,賃貸マンション,賃貸カテゴリ（掲載種別）,静岡県沼津市原,4.7,30.4,,5,—,—,,—,賃貸のため対象外,,2026-08-11,,https://suumo.jp/chintai/jnc_000090466620/?bc=100364780884,適合
SUUMO 賃貸 沼津市,沼津市,賃貸アパート,賃貸カテゴリ（掲載種別）,静岡県沼津市原,4.2,50.5,,5,—,—,,—,賃貸のため対象外,,2026-08-11,,https://suumo.jp/chintai/jnc_000107952514/?bc=100465624254,適合
SUUMO 賃貸 沼津市,沼津市,賃貸アパート,賃貸カテゴリ（掲載種別）,静岡県沼津市原,4.2,50.5,,5,—,—,,—,賃貸のため対象外,,2026-08-11,,https://suumo.jp/chintai/jnc_000107952515/?bc=100465623416,適合
SUUMO 賃貸 沼津市,沼津市,賃貸アパート,賃貸カテゴリ（掲載種別）,静岡県沼津市下香貫宮脇,7.98,39.0,,5,—,—,,—,賃貸のため対象外,,2026-08-10,,https://suumo.jp/chintai/jnc_000108004908/?bc=100513104752,不適合
SUUMO 賃貸 沼津市,沼津市,賃貸アパート,賃貸カテゴリ（掲載種別）,静岡県沼津市下香貫宮脇,7.98,39.0,,5,—,—,,—,賃貸のため対象外,,2026-08-11,,https://suumo.jp/chintai/jnc_000108004907/?bc=100517093132,不適合
SUUMO 賃貸 沼津市,沼津市,賃貸マンション,賃貸カテゴリ（掲載種別）,静岡県沼津市若葉町,5.5,37.8,,5,—,—,,—,賃貸のため対象外,,2026-08-10,,https://suumo.jp/chintai/jnc_000108523306/?bc=100516913856,不適合
SUUMO 賃貸 沼津市,沼津市,賃貸マンション,賃貸カテゴリ（掲載種別）,静岡県沼津市若葉町,5.5,37.8,,5,—,—,,—,賃貸のため対象外,,2026-08-10,,https://suumo.jp/chintai/jnc_000108518081/?bc=100516849573,不適合
SUUMO 賃貸 沼津市,沼津市,賃貸マンション,賃貸カテゴリ（掲載種別）,静岡県沼津市三園町,7.6,84.1,,5,—,—,,—,賃貸のため対象外,,2026-08-11,,https://suumo.jp/chintai/jnc_000108451907/?bc=100519945044,不適合
SUUMO 賃貸 沼津市,沼津市,賃貸マンション,賃貸カテゴリ（掲載種別）,静岡県沼津市高島町,5.0,25.2,,5,—,—,,—,賃貸のため対象外,,2026-08-11,,https://suumo.jp/chintai/jnc_000036919234/?bc=100510692842,適合
SUUMO 賃貸 沼津市,沼津市,賃貸マンション,賃貸カテゴリ（掲載種別）,静岡県沼津市高島町,5.0,24.9,,5,—,—,,—,賃貸のため対象外,,2026-08-02,,https://suumo.jp/chintai/jnc_000038480900/?bc=100372425360,適合
SUUMO 賃貸 沼津市,沼津市,賃貸マンション,賃貸カテゴリ（掲載種別）,静岡県沼津市高島町,5.0,22.7,,5,—,—,,—,賃貸のため対象外,,2026-08-11,,https://suumo.jp/chintai/jnc_000015552347/?bc=100379071063,適合
SUUMO 賃貸 沼津市,沼津市,賃貸マンション,賃貸カテゴリ（掲載種別）,静岡県沼津市高島町,5.0,22.7,,5,—,—,,—,賃貸のため対象外,,2026-08-09,,https://suumo.jp/chintai/jnc_000032700162/?bc=100510692815,適合
SUUMO 賃貸 沼津市,沼津市,賃貸マンション,賃貸カテゴリ（掲載種別）,静岡県沼津市高島町,6.0,26.9,,5,—,—,,—,賃貸のため対象外,,2026-08-02,,https://suumo.jp/chintai/jnc_000025338927/?bc=100512681363,不適合
SUUMO 賃貸 沼津市,沼津市,賃貸マンション,賃貸カテゴリ（掲載種別）,静岡県沼津市高島町,6.0,24.9,,5,—,—,,—,賃貸のため対象外,,2026-08-11,,https://suumo.jp/chintai/jnc_000087373775/?bc=100504848743,不適合
SUUMO 賃貸 沼津市,沼津市,賃貸マンション,賃貸カテゴリ（掲載種別）,静岡県沼津市高島町,6.0,22.3,,5,—,—,,—,賃貸のため対象外,,2026-08-11,,https://suumo.jp/chintai/jnc_000087373776/?bc=100458121684,不適合
SUUMO 賃貸 沼津市,沼津市,賃貸マンション,賃貸カテゴリ（掲載種別）,静岡県沼津市高島町,6.0,22.3,,5,—,—,,—,賃貸のため対象外,,2026-08-11,,https://suumo.jp/chintai/jnc_000106609500/?bc=100507028066,不適合
SUUMO 賃貸 沼津市,沼津市,賃貸アパート,賃貸カテゴリ（掲載種別）,静岡県沼津市大岡,5.8,49.6,,5,—,—,,—,賃貸のため対象外,,2026-08-11,,https://suumo.jp/chintai/jnc_000107343894/?bc=100515430450,不適合
SUUMO 賃貸 沼津市,沼津市,賃貸戸建,賃貸カテゴリ（掲載種別）,静岡県沼津市高島本町,11.0,141.0,,5,—,—,,—,賃貸のため対象外,,2026-08-11,関心:戸建,https://suumo.jp/chintai/jnc_000108679182/?bc=100520944116,不適合
SUUMO 賃貸 沼津市,沼津市,賃貸アパート,賃貸カテゴリ（掲載種別）,静岡県沼津市三枚橋,9.4,62.9,,5,—,—,,—,賃貸のため対象外,,2026-08-03,,https://suumo.jp/chintai/jnc_000038343726/?bc=100520096906,不適合
SUUMO 賃貸 沼津市,沼津市,賃貸アパート,賃貸カテゴリ（掲載種別）,静岡県沼津市小諏訪,4.1,27.3,,5,—,—,,—,賃貸のため対象外,,2026-08-11,,https://suumo.jp/chintai/jnc_000099464883/?bc=100519151113,適合
SUUMO 賃貸 沼津市,沼津市,賃貸戸建,賃貸カテゴリ（掲載種別）,静岡県沼津市鳥谷,7.9,99.2,,5,—,—,,—,賃貸のため対象外,,2026-08-02,関心:戸建,https://suumo.jp/chintai/jnc_000108786863/?bc=100518947545,不適合
SUUMO 賃貸 沼津市,沼津市,賃貸アパート,賃貸カテゴリ（掲載種別）,静岡県沼津市上香貫槇島町,5.0,44.2,,5,—,—,,—,賃貸のため対象外,,2026-08-07,,https://suumo.jp/chintai/jnc_000109021857/?bc=100520732694,適合
SUUMO 賃貸 沼津市,沼津市,賃貸アパート,賃貸カテゴリ（掲載種別）,静岡県沼津市上香貫槇島町,5.0,44.2,,5,—,—,,—,賃貸のため対象外,,2026-08-09,,https://suumo.jp/chintai/jnc_000109112144/?bc=100521335681,適合
SUUMO 賃貸 沼津市,沼津市,賃貸アパート,賃貸カテゴリ（掲載種別）,静岡県沼津市大岡,4.7,25.1,,5,—,—,,—,賃貸のため対象外,,2026-08-11,,https://suumo.jp/chintai/jnc_000097074839/?bc=100512958915,適合
SUUMO 賃貸 沼津市,沼津市,賃貸アパート,賃貸カテゴリ（掲載種別）,静岡県沼津市沼北町１,4.5,24.8,,5,—,—,,—,賃貸のため対象外,,2026-08-10,,https://suumo.jp/chintai/jnc_000065889757/?bc=100511759914,適合
SUUMO 賃貸 沼津市,沼津市,賃貸マンション,賃貸カテゴリ（掲載種別）,静岡県沼津市江原町,4.7,25.1,,5,—,—,,—,賃貸のため対象外,,2026-08-11,,https://suumo.jp/chintai/jnc_000102479852/?bc=100475986064,適合
SUUMO 賃貸 沼津市,沼津市,賃貸マンション,賃貸カテゴリ（掲載種別）,静岡県沼津市江原町,4.7,25.1,,5,—,—,,—,賃貸のため対象外,,2026-08-11,,https://suumo.jp/chintai/jnc_000108644349/?bc=100517784114,適合
SUUMO 賃貸 沼津市,沼津市,賃貸マンション,賃貸カテゴリ（掲載種別）,静岡県沼津市江原町,4.7,25.1,,5,—,—,,—,賃貸のため対象外,,2026-08-11,,https://suumo.jp/chintai/jnc_000108742904/?bc=100517426050,適合
SUUMO 賃貸 沼津市,沼津市,賃貸アパート,賃貸カテゴリ（掲載種別）,静岡県沼津市大塚,4.2,32.9,,5,—,—,,—,賃貸のため対象外,,2026-08-11,,https://suumo.jp/chintai/jnc_000108847880/?bc=100519640718,適合
SUUMO 賃貸 沼津市,沼津市,賃貸アパート,賃貸カテゴリ（掲載種別）,静岡県沼津市原町中２,4.4,23.2,,5,—,—,,—,賃貸のため対象外,,2026-08-11,,https://suumo.jp/chintai/jnc_000093441722/?bc=100520866598,適合
SUUMO 賃貸 沼津市,沼津市,賃貸アパート,賃貸カテゴリ（掲載種別）,静岡県沼津市原町中２,4.5,23.2,,5,—,—,,—,賃貸のため対象外,,2026-08-11,,https://suumo.jp/chintai/jnc_000102294003/?bc=100419454841,適合
SUUMO 賃貸 沼津市,沼津市,賃貸アパート,賃貸カテゴリ（掲載種別）,静岡県沼津市原町中２,4.5,23.2,,5,—,—,,—,賃貸のため対象外,,2026-08-11,,https://suumo.jp/chintai/jnc_000108216281/?bc=100514869645,適合
SUUMO 賃貸 沼津市,沼津市,賃貸マンション,賃貸カテゴリ（掲載種別）,静岡県沼津市高島本町,10.5,68.8,,5,—,—,,—,賃貸のため対象外,,2026-08-11,,https://suumo.jp/chintai/jnc_000100742859/?bc=100486420462,不適合
SUUMO 賃貸 沼津市,沼津市,賃貸マンション,賃貸カテゴリ（掲載種別）,静岡県沼津市高島本町,10.5,68.8,,5,—,—,,—,賃貸のため対象外,,2026-08-11,,https://suumo.jp/chintai/jnc_000100742857/?bc=100486420465,不適合
SUUMO 賃貸 沼津市,沼津市,賃貸マンション,賃貸カテゴリ（掲載種別）,静岡県沼津市高島本町,10.5,68.8,,5,—,—,,—,賃貸のため対象外,,2026-08-11,,https://suumo.jp/chintai/jnc_000107712552/?bc=100494215889,不適合
SUUMO 賃貸 沼津市,沼津市,賃貸マンション,賃貸カテゴリ（掲載種別）,静岡県沼津市高島本町,11.0,68.0,,5,—,—,,—,賃貸のため対象外,,2026-08-11,,https://suumo.jp/chintai/jnc_000038827232/?bc=100496831475,不適合
SUUMO 賃貸 沼津市,沼津市,賃貸マンション,賃貸カテゴリ（掲載種別）,静岡県沼津市高島本町,11.0,68.0,,5,—,—,,—,賃貸のため対象外,,2026-08-11,,https://suumo.jp/chintai/jnc_000107632515/?bc=100498162069,不適合
SUUMO 賃貸 沼津市,沼津市,賃貸マンション,賃貸カテゴリ（掲載種別）,静岡県沼津市高島本町,11.5,68.2,,5,—,—,,—,賃貸のため対象外,,2026-08-11,,https://suumo.jp/chintai/jnc_000105418123/?bc=100455041677,不適合
SUUMO 賃貸 沼津市,沼津市,賃貸マンション,賃貸カテゴリ（掲載種別）,静岡県沼津市高島本町,11.5,68.8,,5,—,—,,—,賃貸のため対象外,,2026-08-11,,https://suumo.jp/chintai/jnc_000107632514/?bc=100458121843,不適合
SUUMO 賃貸 沼津市,沼津市,賃貸マンション,賃貸カテゴリ（掲載種別）,静岡県沼津市高島本町,12.0,68.8,,5,—,—,,—,賃貸のため対象外,,2026-08-11,,https://suumo.jp/chintai/jnc_000086344074/?bc=100486420463,不適合
SUUMO 賃貸 沼津市,沼津市,賃貸マンション,賃貸カテゴリ（掲載種別）,静岡県沼津市高島本町,12.5,68.8,,5,—,—,,—,賃貸のため対象外,,2026-08-11,,https://suumo.jp/chintai/jnc_000105056756/?bc=100493179960,不適合
SUUMO 賃貸 沼津市,沼津市,賃貸アパート,賃貸カテゴリ（掲載種別）,静岡県沼津市中沢田,6.0,45.4,,5,田,—,,—,賃貸のため対象外,,2026-08-11,,https://suumo.jp/chintai/jnc_000052501576/?bc=100483466473,不適合
SUUMO 賃貸 沼津市,沼津市,賃貸アパート,賃貸カテゴリ（掲載種別）,静岡県沼津市中沢田,6.5,45.0,,5,田,—,,—,賃貸のため対象外,,2026-08-11,,https://suumo.jp/chintai/jnc_000105509473/?bc=100493786614,不適合
SUUMO 賃貸 沼津市,沼津市,賃貸マンション,賃貸カテゴリ（掲載種別）,静岡県沼津市大岡,3.7,39.6,,5,田,—,,—,賃貸のため対象外,,2026-08-11,,https://suumo.jp/chintai/jnc_000107988849/?bc=100513000004,適合
SUUMO 賃貸 沼津市,沼津市,賃貸マンション,賃貸カテゴリ（掲載種別）,静岡県沼津市大岡,4.9,39.6,,5,田,—,,—,賃貸のため対象外,,2026-08-11,,https://suumo.jp/chintai/jnc_000106055894/?bc=100463481179,適合
SUUMO 賃貸 沼津市,沼津市,賃貸アパート,賃貸カテゴリ（掲載種別）,静岡県沼津市大岡,2.9,20.3,,5,—,—,,—,賃貸のため対象外,,2026-08-11,,https://suumo.jp/chintai/jnc_000099664841/?bc=100246978777,適合
SUUMO 賃貸 沼津市,沼津市,賃貸アパート,賃貸カテゴリ（掲載種別）,静岡県沼津市大岡,4.5,20.3,,5,—,—,,—,賃貸のため対象外,,2026-08-11,,https://suumo.jp/chintai/jnc_000108251986/?bc=100514869595,適合
SUUMO 賃貸 沼津市,沼津市,賃貸マンション,賃貸カテゴリ（掲載種別）,静岡県沼津市原,6.4,50.6,,5,—,—,,—,賃貸のため対象外,,2026-08-11,,https://suumo.jp/chintai/jnc_000092903835/?bc=100512385182,不適合
SUUMO 賃貸 沼津市,沼津市,賃貸戸建,賃貸カテゴリ（掲載種別）,静岡県沼津市三枚橋日ノ出町,11.0,70.1,,5,—,—,,—,賃貸のため対象外,,2026-08-11,,https://suumo.jp/chintai/jnc_000107694244/?bc=100510274086,不適合
SUUMO 賃貸 沼津市,沼津市,賃貸戸建,賃貸カテゴリ（掲載種別）,静岡県沼津市三枚橋日ノ出町,11.0,70.1,,5,—,—,,—,賃貸のため対象外,,2026-08-11,,https://suumo.jp/chintai/jnc_000108451901/?bc=100516349331,不適合
SUUMO 賃貸 沼津市,沼津市,賃貸アパート,賃貸カテゴリ（掲載種別）,静岡県沼津市原,3.6,40.0,,5,—,—,,—,賃貸のため対象外,,2026-08-11,,https://suumo.jp/chintai/jnc_000108096747/?bc=100514308948,適合
SUUMO 賃貸 沼津市,沼津市,賃貸マンション,賃貸カテゴリ（掲載種別）,静岡県沼津市泉町,6.0,25.0,,5,—,—,,—,賃貸のため対象外,,2026-08-11,,https://suumo.jp/chintai/jnc_000109084896/?bc=100521112851,不適合
SUUMO 賃貸 沼津市,沼津市,賃貸アパート,賃貸カテゴリ（掲載種別）,静岡県沼津市千本緑町１,4.5,32.2,,5,—,—,,—,賃貸のため対象外,,2026-08-11,,https://suumo.jp/chintai/jnc_000099909282/?bc=100520144888,適合
SUUMO 賃貸 沼津市,沼津市,賃貸アパート,賃貸カテゴリ（掲載種別）,静岡県沼津市千本緑町１,4.5,32.2,,5,—,—,,—,賃貸のため対象外,,2026-08-11,,https://suumo.jp/chintai/jnc_000108932998/?bc=100520144886,適合
SUUMO 賃貸 沼津市,沼津市,賃貸アパート,賃貸カテゴリ（掲載種別）,静岡県沼津市本郷町,4.7,42.0,,5,—,—,,—,賃貸のため対象外,,2026-08-11,,https://suumo.jp/chintai/jnc_000101034433/?bc=100456218731,適合
SUUMO 賃貸 沼津市,沼津市,賃貸アパート,賃貸カテゴリ（掲載種別）,静岡県沼津市本郷町,5.2,44.1,,5,—,—,,—,賃貸のため対象外,,2026-08-11,,https://suumo.jp/chintai/jnc_000106356650/?bc=100487967730,不適合
SUUMO 賃貸 沼津市,沼津市,賃貸アパート,賃貸カテゴリ（掲載種別）,静岡県沼津市駿河台,4.5,35.3,,5,—,—,,—,賃貸のため対象外,,2026-08-11,,https://suumo.jp/chintai/jnc_000097644737/?bc=100517874146,適合
SUUMO 賃貸 沼津市,沼津市,賃貸マンション,賃貸カテゴリ（掲載種別）,静岡県沼津市吉田町,5.0,52.2,,5,田,—,,—,賃貸のため対象外,,2026-08-11,,https://suumo.jp/chintai/jnc_000046523162/?bc=100477801853,適合
SUUMO 賃貸 沼津市,沼津市,賃貸マンション,賃貸カテゴリ（掲載種別）,静岡県沼津市吉田町,5.0,51.2,,5,田,—,,—,賃貸のため対象外,,2026-08-11,,https://suumo.jp/chintai/jnc_000075515878/?bc=100501249844,適合
SUUMO 賃貸 沼津市,沼津市,賃貸マンション,賃貸カテゴリ（掲載種別）,静岡県沼津市吉田町,5.0,51.2,,5,田,—,,—,賃貸のため対象外,,2026-08-11,,https://suumo.jp/chintai/jnc_000108629062/?bc=100517593621,適合
SUUMO 賃貸 沼津市,沼津市,賃貸マンション,賃貸カテゴリ（掲載種別）,静岡県沼津市吉田町,5.0,51.2,,5,田,—,,—,賃貸のため対象外,,2026-08-11,,https://suumo.jp/chintai/jnc_000099288852/?bc=100483466529,適合
SUUMO 賃貸 沼津市,沼津市,賃貸マンション,賃貸カテゴリ（掲載種別）,静岡県沼津市吉田町,5.0,51.2,,5,田,—,,—,賃貸のため対象外,,2026-08-11,,https://suumo.jp/chintai/jnc_000106593941/?bc=100473070786,適合
SUUMO 賃貸 沼津市,沼津市,賃貸マンション,賃貸カテゴリ（掲載種別）,静岡県沼津市吉田町,5.0,51.2,,5,田,—,,—,賃貸のため対象外,,2026-08-11,,https://suumo.jp/chintai/jnc_000099240706/?bc=100441374956,適合
SUUMO 賃貸 沼津市,沼津市,賃貸マンション,賃貸カテゴリ（掲載種別）,静岡県沼津市大岡,4.8,50.3,,5,—,—,,—,賃貸のため対象外,,2026-08-11,,https://suumo.jp/chintai/jnc_000108771822/?bc=100518783467,適合
SUUMO 賃貸 沼津市,沼津市,賃貸マンション,賃貸カテゴリ（掲載種別）,静岡県沼津市大岡,4.8,50.3,,5,—,—,,—,賃貸のため対象外,,2026-08-11,,https://suumo.jp/chintai/jnc_000108608426/?bc=100518783471,適合
SUUMO 賃貸 沼津市,沼津市,賃貸マンション,賃貸カテゴリ（掲載種別）,静岡県沼津市大岡,4.8,50.3,,5,—,—,,—,賃貸のため対象外,,2026-08-11,,https://suumo.jp/chintai/jnc_000104986054/?bc=100490728496,適合
SUUMO 賃貸 沼津市,沼津市,賃貸マンション,賃貸カテゴリ（掲載種別）,静岡県沼津市大岡,4.8,50.3,,5,—,—,,—,賃貸のため対象外,,2026-08-11,,https://suumo.jp/chintai/jnc_000104574668/?bc=100489746932,適合
SUUMO 賃貸 沼津市,沼津市,賃貸マンション,賃貸カテゴリ（掲載種別）,静岡県沼津市大岡,4.8,50.3,,5,—,—,,—,賃貸のため対象外,,2026-08-11,,https://suumo.jp/chintai/jnc_000104534719/?bc=100490728495,適合
SUUMO 賃貸 沼津市,沼津市,賃貸マンション,賃貸カテゴリ（掲載種別）,静岡県沼津市市場町,4.5,23.7,,5,—,—,,—,賃貸のため対象外,,2026-08-11,,https://suumo.jp/chintai/jnc_000100278437/?bc=100496794710,適合
SUUMO 賃貸 沼津市,沼津市,賃貸アパート,賃貸カテゴリ（掲載種別）,静岡県沼津市西間門,3.3,22.7,,5,—,—,,—,賃貸のため対象外,,2026-08-11,,https://suumo.jp/chintai/jnc_000105956814/?bc=100498449688,適合
LIFULL 土地 沼津市,沼津市,更地,土地カテゴリ（建物表記なし）,【ミサワホーム】沼津市岡宮字神谷久保,1450,166.6,28.8,1500,—,—,,不明,接道・区分情報なし、詳細/役場で要確認,,2026-06-19,,https://www.homes.co.jp/tochi/b-17083750000034/,不適合
LIFULL 土地 沼津市,沼津市,更地,土地カテゴリ（建物表記なし）,【ミサワホーム】沼津市岡宮字西中荒狗,1740,173.7,33.1,1500,宅地,—,,不明,接道・区分情報なし、詳細/役場で要確認,,2026-06-19,,https://www.homes.co.jp/tochi/b-17083750000035/,不適合
LIFULL 土地 沼津市,,更地,土地カテゴリ（建物表記なし）,【積水ハウス】コモンステージ沼津【建築条件付土地】,2280,155.7,48.4,1500,—,—,,不明,接道・区分情報なし、詳細/役場で要確認,,2026-07-30,,https://www.homes.co.jp/tochi/b-17015760000091/,不適合
LIFULL 土地 沼津市,,更地,土地カテゴリ（建物表記なし）,【積水ハウス】コモンステージ沼津II【建築条件付土地】,1980,167.3,39.1,1500,—,—,,不明,接道・区分情報なし、詳細/役場で要確認,,2026-07-30,,https://www.homes.co.jp/tochi/b-17015760000107/,不適合
LIFULL 土地 沼津市,沼津市,更地,土地カテゴリ（建物表記なし）,【ミサワホーム】沼津市岡宮字宮久保,1690,152.6,36.6,1500,畑,—,,不明,接道・区分情報なし、詳細/役場で要確認,,2026-06-19,,https://www.homes.co.jp/tochi/b-17083750000016/,不適合
LIFULL 土地 沼津市,,更地,土地カテゴリ（建物表記なし）,【ダイワハウス】セキュレア沼津南小林 (建築条件付宅地分譲),1490,191.5,25.7,1500,宅地,—,,不明,接道・区分情報なし、詳細/役場で要確認,,2026-06-19,,https://www.homes.co.jp/tochi/b-17000130015849/,不適合
LIFULL 土地 沼津市,沼津市,更地,土地カテゴリ（建物表記なし）,【三井ホーム建築条件付宅地】沼津市岡宮,1760,177.7,32.7,1500,宅地,—,,不明,接道・区分情報なし、詳細/役場で要確認,,2026-06-19,,https://www.homes.co.jp/tochi/b-17018530000282/,不適合
LIFULL 土地 沼津市,沼津市,更地,土地カテゴリ（建物表記なし）,沼津市大岡 (大岡駅),980,,,1500,—,—,,不明,接道・区分情報なし、詳細/役場で要確認,,2026-07-31,,https://www.homes.co.jp/tochi/b-33317490000151/,数値不明
LIFULL 土地 沼津市,沼津市,古家付き土地,土地＋古家/上物の表記,沼津市我入道東町 (沼津駅),780,,,1500,—,—,,不明,接道・区分情報なし。建物ありだが現行法での再建築可否は役場で要確認,,2026-07-31,,https://www.homes.co.jp/tochi/b-33317490000124/,数値不明
LIFULL 土地 沼津市,沼津市,更地,土地カテゴリ（建物表記なし）,沼津市平町 (沼津駅),600,,,1500,—,—,,不明,接道・区分情報なし、詳細/役場で要確認,,2026-08-04,,https://www.homes.co.jp/tochi/b-33331490000011/,数値不明
LIFULL 土地 沼津市,沼津市,更地,土地カテゴリ（建物表記なし）,沼津市江浦 (沼津駅),580,,,1500,—,—,,不明,接道・区分情報なし、詳細/役場で要確認,,2026-08-04,,https://www.homes.co.jp/tochi/b-33301270000110/,数値不明
LIFULL 土地 沼津市,沼津市,古家付き土地,土地＋古家/上物の表記,沼津市大岡 (大岡駅),1100,,,1500,—,—,,不明,接道・区分情報なし。建物ありだが現行法での再建築可否は役場で要確認,,2026-07-27,,https://www.homes.co.jp/tochi/b-33309400000046/,数値不明
LIFULL 土地 沼津市,沼津市,更地,土地カテゴリ（建物表記なし）,沼津市若葉町 (沼津駅),2700,,,1500,—,—,,不明,接道・区分情報なし、詳細/役場で要確認,,2026-08-09,,https://www.homes.co.jp/tochi/b-33313380000002/,数値不明
LIFULL 土地 沼津市,沼津市,更地,土地カテゴリ（建物表記なし）,沼津市本田町 (沼津駅),3300,,,1500,田,—,,不明,接道・区分情報なし、詳細/役場で要確認,,2026-08-09,,https://www.homes.co.jp/tochi/b-33310000000120/,数値不明
LIFULL 土地 沼津市,沼津市,古家付き土地,土地＋古家/上物の表記,沼津市下香貫上障子 (沼津駅),1150,,,1500,—,—,,不明,接道・区分情報なし。建物ありだが現行法での再建築可否は役場で要確認,,2026-08-09,,https://www.homes.co.jp/tochi/b-33320790000063/,数値不明
LIFULL 土地 沼津市,沼津市,更地,土地カテゴリ（建物表記なし）,沼津市下香貫 (牛臥入口),450,,,1500,—,—,,不明,接道・区分情報なし、詳細/役場で要確認,,2026-08-09,,https://www.homes.co.jp/tochi/b-33316480000097/,数値不明
LIFULL 土地 沼津市,沼津市,更地,土地カテゴリ（建物表記なし）,沼津市市道町 (沼津駅),320,,,1500,—,—,,不明,接道・区分情報なし、詳細/役場で要確認,,2026-08-09,,https://www.homes.co.jp/tochi/b-33333610000022/,数値不明
LIFULL 土地 沼津市,沼津市,古家付き土地,土地＋古家/上物の表記,沼津市原 (原駅),1080,,,1500,—,—,,不明,接道・区分情報なし。建物ありだが現行法での再建築可否は役場で要確認,,2026-08-09,,https://www.homes.co.jp/tochi/b-33326060000004/,数値不明
LIFULL 土地 沼津市,沼津市,更地,土地カテゴリ（建物表記なし）,沼津市吉田町 (沼津駅),990,,,1500,田,—,,不明,接道・区分情報なし、詳細/役場で要確認,,2026-08-09,,https://www.homes.co.jp/tochi/b-33319390000041/,数値不明
LIFULL 土地 沼津市,沼津市,古家付き土地,土地＋古家/上物の表記,沼津市下香貫木ノ宮 (沼津駅),895,,,1500,—,—,,不明,接道・区分情報なし。建物ありだが現行法での再建築可否は役場で要確認,,2026-08-09,,https://www.homes.co.jp/tochi/b-33317490000129/,数値不明
LIFULL 土地 沼津市,沼津市,更地,土地カテゴリ（建物表記なし）,沼津市平町 (沼津駅),1600,,,1500,—,—,,不明,接道・区分情報なし、詳細/役場で要確認,,2026-08-09,,https://www.homes.co.jp/tochi/b-33306250000014/,数値不明
LIFULL 土地 沼津市,沼津市,古家付き土地,土地＋古家/上物の表記,沼津市東沢田 (沼津駅),1700,,,1500,田,—,,不明,接道・区分情報なし。建物ありだが現行法での再建築可否は役場で要確認,,2026-08-09,,https://www.homes.co.jp/tochi/b-33306250000016/,数値不明
LIFULL 土地 沼津市,沼津市,更地,土地カテゴリ（建物表記なし）,沼津市本郷町 (沼津駅),850,,,1500,—,—,,不明,接道・区分情報なし、詳細/役場で要確認,,2026-08-09,,https://www.homes.co.jp/tochi/b-33308270000253/,数値不明
LIFULL 土地 沼津市,沼津市,古家付き土地,土地＋古家/上物の表記,沼津市根古屋 (原駅),1100,,,1500,—,—,,不明,接道・区分情報なし。建物ありだが現行法での再建築可否は役場で要確認,,2026-08-09,,https://www.homes.co.jp/tochi/b-33300260000122/,数値不明
LIFULL 土地 沼津市,沼津市,古家付き土地,土地＋古家/上物の表記,沼津市大岡 (下土狩駅),1680,,,1500,—,—,,不明,接道・区分情報なし。建物ありだが現行法での再建築可否は役場で要確認,,2026-08-09,,https://www.homes.co.jp/tochi/b-33320790000050/,数値不明
LIFULL 土地 沼津市,沼津市,古家付き土地,土地＋古家/上物の表記,沼津市常盤町3丁目 (沼津駅),850,,,1500,—,—,,不明,接道・区分情報なし。建物ありだが現行法での再建築可否は役場で要確認,,2026-08-09,,https://www.homes.co.jp/tochi/b-33320790000044/,数値不明
LIFULL 土地 沼津市,沼津市,更地,土地カテゴリ（建物表記なし）,沼津市西島町 (沼津駅),1200,,,1500,—,—,,不明,接道・区分情報なし、詳細/役場で要確認,,2026-08-10,,https://www.homes.co.jp/tochi/b-33307620000022/,数値不明
LIFULL 土地 沼津市,沼津市,古家付き土地,土地＋古家/上物の表記,沼津市大岡 (沼津駅),950,,,1500,—,—,,不明,接道・区分情報なし。建物ありだが現行法での再建築可否は役場で要確認,,2026-08-10,,https://www.homes.co.jp/tochi/b-33315430000031/,数値不明
LIFULL 土地 沼津市,沼津市,更地,土地カテゴリ（建物表記なし）,沼津市平町 (沼津駅),1800,,,1500,—,—,,不明,接道・区分情報なし、詳細/役場で要確認,,2026-08-10,,https://www.homes.co.jp/tochi/b-33309400000040/,数値不明
LIFULL 土地 沼津市,沼津市,古家付き土地,土地＋古家/上物の表記,沼津市千本常盤町 (沼津駅),900,,,1500,—,—,,不明,接道・区分情報なし。建物ありだが現行法での再建築可否は役場で要確認,,2026-08-11,,https://www.homes.co.jp/tochi/b-33309400000051/,数値不明
空き家バンクしずおか 三島市,三島市,空き家,掲載に空き家表記,三島市南本町,4898,123.3,131.3,3000,田,市街化区域,,不明,接道・区分情報なし。建物ありだが現行法での再建築可否は役場で要確認,,2026-08-11,,https://akiya-bank.shizuoka.fudohsan.jp/%E7%89%A9%E4%BB%B6/176272/settle/1,不適合
空き家バンクしずおか 三島市,三島市,更地,土地カテゴリ（建物表記なし）,三島市梅名,4280,156.0,90.7,1500,田,市街化区域,,△,市街化区域だが接道幅員が不明。新築可否は接道要確認,,2026-08-11,,https://akiya-bank.shizuoka.fudohsan.jp/%E7%89%A9%E4%BB%B6/176273/settle/1,不適合
空き家バンクしずおか 三島市,三島市,更地,土地カテゴリ（建物表記なし）,三島市泉町,5180,197.6,86.7,1500,田,市街化区域,,△,市街化区域だが接道幅員が不明。新築可否は接道要確認,,2026-06-14,,https://akiya-bank.shizuoka.fudohsan.jp/%E7%89%A9%E4%BB%B6/170325/settle/1,不適合
空き家バンクしずおか 三島市,三島市,更地,土地カテゴリ（建物表記なし）,三島市東本町２丁目,3880,103.7,123.7,1500,田,市街化区域,,△,市街化区域だが接道幅員が不明。新築可否は接道要確認,,2026-06-14,,https://akiya-bank.shizuoka.fudohsan.jp/%E7%89%A9%E4%BB%B6/122539/settle/1,不適合
空き家バンクしずおか 三島市,三島市,空き家,掲載に空き家表記,三島市松が丘,2690,73.8,120.5,3000,田,—,,不明,接道・区分情報なし。建物ありだが現行法での再建築可否は役場で要確認,,2026-08-07,注意:管理費,https://akiya-bank.shizuoka.fudohsan.jp/%E7%89%A9%E4%BB%B6/176139/settle/1,不適合
空き家バンクしずおか 三島市,三島市,空き家,掲載に空き家表記,三島市加茂川町,2390,75.0,105.3,3000,田,—,,不明,接道・区分情報なし。建物ありだが現行法での再建築可否は役場で要確認,,2026-08-07,注意:管理費,https://akiya-bank.shizuoka.fudohsan.jp/%E7%89%A9%E4%BB%B6/176148/settle/1,不適合
空き家バンクしずおか 三島市,三島市,古家付き土地,土地＋古家/上物の表記,三島市萩571,500,177.0,9.3,1500,宅地,市街化区域,,不明,接道・区分情報なし。建物ありだが現行法での再建築可否は役場で要確認,,2026-06-14,,https://akiya-bank.shizuoka.fudohsan.jp/%E7%89%A9%E4%BB%B6/148264/settle/1,不適合
空き家バンクしずおか 三島市,三島市,更地,土地カテゴリ（建物表記なし）,三島市大場,880,463.4,6.3,1500,田,市街化調整区域,,△,市街化調整区域は原則新築不可・許可要件次第＝本命候補,,2026-06-14,関心:調整区域/無指定,https://akiya-bank.shizuoka.fudohsan.jp/%E7%89%A9%E4%BB%B6/169694/settle/1,適合
空き家バンクしずおか 三島市,三島市,空き家,掲載に空き家表記,三島市青木,2480,201.5,40.7,3000,田,市街化区域,,不明,接道・区分情報なし。建物ありだが現行法での再建築可否は役場で要確認,,2026-08-03,,https://akiya-bank.shizuoka.fudohsan.jp/%E7%89%A9%E4%BB%B6/175782/settle/1,不適合
空き家バンクしずおか 三島市,三島市,更地,土地カテゴリ（建物表記なし）,三島市大場246-18,1990,172.4,38.2,1500,田,市街化区域,,△,市街化区域だが接道幅員が不明。新築可否は接道要確認,,2026-06-14,,https://akiya-bank.shizuoka.fudohsan.jp/%E7%89%A9%E4%BB%B6/168503/settle/1,不適合
空き家バンクしずおか 三島市,三島市,空き家,掲載に空き家表記,三島市長伏,1455,73.6,65.4,3000,田,—,,不明,接道・区分情報なし。建物ありだが現行法での再建築可否は役場で要確認,,2026-07-24,注意:管理費,https://akiya-bank.shizuoka.fudohsan.jp/%E7%89%A9%E4%BB%B6/175603/settle/1,不適合
空き家バンクしずおか 三島市,三島市,古家付き土地,土地＋古家/上物の表記,三島市徳倉３丁目500－3,780,200.0,12.9,1500,田,市街化調整区域,,△,調整区域の建替えは既存宅地要件等の確認が必要＝本命候補,,2026-06-14,関心:調整区域/無指定,https://akiya-bank.shizuoka.fudohsan.jp/%E7%89%A9%E4%BB%B6/133995/settle/1,不適合
空き家バンクしずおか 三島市,三島市,更地,土地カテゴリ（建物表記なし）,三島市谷田251-17,1530,142.4,35.5,1500,宅地,市街化区域,,△,市街化区域だが接道幅員が不明。新築可否は接道要確認,,2026-06-14,,https://akiya-bank.shizuoka.fudohsan.jp/%E7%89%A9%E4%BB%B6/154213/settle/1,不適合
空き家バンクしずおか 三島市,三島市,更地,土地カテゴリ（建物表記なし）,三島市谷田1345-50,1500,299.1,16.6,1500,田,市街化区域,,△,市街化区域だが接道幅員が不明。新築可否は接道要確認,,2026-06-14,,https://akiya-bank.shizuoka.fudohsan.jp/%E7%89%A9%E4%BB%B6/93876/settle/1,不適合
空き家バンクしずおか 三島市,三島市,空き家,掲載に空き家表記,"三島市青木381-16,15,14",1300,136.7,31.4,3000,田,市街化区域,,不明,接道・区分情報なし。建物ありだが現行法での再建築可否は役場で要確認,,2026-07-24,,https://akiya-bank.shizuoka.fudohsan.jp/%E7%89%A9%E4%BB%B6/172783/settle/1,不適合
空き家バンクしずおか 三島市,三島市,空き家,掲載に空き家表記,三島市若松町,1350,57.3,77.9,3000,田,—,,不明,接道・区分情報なし。建物ありだが現行法での再建築可否は役場で要確認,,2026-06-14,注意:管理費,https://akiya-bank.shizuoka.fudohsan.jp/%E7%89%A9%E4%BB%B6/172473/settle/1,不適合
空き家バンクしずおか 三島市,三島市,古家付き土地,土地＋古家/上物の表記,三島市萩,500,177.0,9.3,1500,宅地,市街化区域,,不明,接道・区分情報なし。建物ありだが現行法での再建築可否は役場で要確認,,2026-06-14,,https://akiya-bank.shizuoka.fudohsan.jp/%E7%89%A9%E4%BB%B6/165185/settle/1,不適合
空き家バンクしずおか 三島市,三島市,空き家,掲載に空き家表記,三島市富士ビレッジ,3380,121.2,92.2,3000,宅地,市街化区域,,不明,接道・区分情報なし。建物ありだが現行法での再建築可否は役場で要確認,,2026-07-22,,https://akiya-bank.shizuoka.fudohsan.jp/%E7%89%A9%E4%BB%B6/175543/settle/1,不適合
空き家バンクしずおか 三島市,三島市,更地,土地カテゴリ（建物表記なし）,三島市文教町２丁目,1800,170.1,35.0,1500,田,市街化区域,,△,市街化区域だが接道幅員が不明。新築可否は接道要確認,,2026-06-14,,https://akiya-bank.shizuoka.fudohsan.jp/%E7%89%A9%E4%BB%B6/156680/settle/1,不適合
空き家バンクしずおか 三島市,三島市,古家付き土地,土地＋古家/上物の表記,三島市旭ヶ丘,1480,166.7,29.3,1500,宅地,市街化区域,,不明,接道・区分情報なし。建物ありだが現行法での再建築可否は役場で要確認,,2026-06-14,,https://akiya-bank.shizuoka.fudohsan.jp/%E7%89%A9%E4%BB%B6/169641/settle/1,不適合
空き家バンクしずおか 三島市,三島市,更地,土地カテゴリ（建物表記なし）,三島市徳倉１丁目,4000,431.6,30.6,1500,田,市街化区域,,△,市街化区域だが接道幅員が不明。新築可否は接道要確認,,2026-06-14,,https://akiya-bank.shizuoka.fudohsan.jp/%E7%89%A9%E4%BB%B6/173838/settle/1,不適合
空き家バンクしずおか 三島市,三島市,更地,土地カテゴリ（建物表記なし）,三島市徳倉４丁目,1280,314.9,13.4,1500,田,市街化区域,,△,市街化区域だが接道幅員が不明。新築可否は接道要確認,,2026-06-14,,https://akiya-bank.shizuoka.fudohsan.jp/%E7%89%A9%E4%BB%B6/173520/settle/1,不適合
空き家バンクしずおか 三島市,三島市,古家付き土地,土地＋古家/上物の表記,三島市東本町１丁目,4980,264.5,62.2,1500,田,市街化区域,,不明,接道・区分情報なし。建物ありだが現行法での再建築可否は役場で要確認,,2026-07-16,,https://akiya-bank.shizuoka.fudohsan.jp/%E7%89%A9%E4%BB%B6/175311/settle/1,不適合
空き家バンクしずおか 三島市,三島市,空き家,掲載に空き家表記,三島市東本町１丁目,4980,264.5,62.2,3000,田,市街化区域,,不明,接道・区分情報なし。建物ありだが現行法での再建築可否は役場で要確認,,2026-07-16,,https://akiya-bank.shizuoka.fudohsan.jp/%E7%89%A9%E4%BB%B6/175310/settle/1,不適合
空き家バンクしずおか 三島市,三島市,更地,土地カテゴリ（建物表記なし）,三島市若松町4298-7,880,106.4,27.3,1500,宅地,市街化区域,,△,市街化区域だが接道幅員が不明。新築可否は接道要確認,,2026-07-16,,https://akiya-bank.shizuoka.fudohsan.jp/%E7%89%A9%E4%BB%B6/175308/settle/1,不適合
空き家バンクしずおか 三島市,三島市,更地,土地カテゴリ（建物表記なし）,三島市谷田1159-297,3500,490.1,23.6,1500,宅地,市街化区域,,△,市街化区域だが接道幅員が不明。新築可否は接道要確認,,2026-06-14,,https://akiya-bank.shizuoka.fudohsan.jp/%E7%89%A9%E4%BB%B6/171724/settle/1,不適合
空き家バンクしずおか 三島市,三島市,空き家,掲載に空き家表記,三島市若松町4624-1,1850,101.6,60.2,3000,宅地,—,,不明,接道・区分情報なし。建物ありだが現行法での再建築可否は役場で要確認,,2026-06-14,注意:管理費,https://akiya-bank.shizuoka.fudohsan.jp/%E7%89%A9%E4%BB%B6/165606/settle/1,不適合
空き家バンクしずおか 三島市,三島市,古家付き土地,土地＋古家/上物の表記,三島市幸原町２丁目,1980,103.0,63.5,1500,田,市街化区域,,不明,接道・区分情報なし。建物ありだが現行法での再建築可否は役場で要確認,,2026-07-09,,https://akiya-bank.shizuoka.fudohsan.jp/%E7%89%A9%E4%BB%B6/156884/settle/1,不適合
空き家バンクしずおか 三島市,三島市,古家付き土地,土地＋古家/上物の表記,三島市大場,1050,286.8,12.1,1500,田,市街化調整区域,,△,調整区域の建替えは既存宅地要件等の確認が必要＝本命候補,,2026-06-14,関心:調整区域/無指定,https://akiya-bank.shizuoka.fudohsan.jp/%E7%89%A9%E4%BB%B6/139588/settle/1,不適合
空き家バンクしずおか 三島市,三島市,更地,土地カテゴリ（建物表記なし）,三島市梅名608-4,8500,617.9,45.5,1500,宅地,市街化調整区域,,△,市街化調整区域は原則新築不可・許可要件次第＝本命候補,,2026-06-14,関心:調整区域,https://akiya-bank.shizuoka.fudohsan.jp/%E7%89%A9%E4%BB%B6/143019/settle/1,不適合
空き家バンクしずおか 三島市,三島市,更地,土地カテゴリ（建物表記なし）,三島市佐野見晴台１丁目1-1,3800,680.5,18.5,1500,田,市街化調整区域,,△,市街化調整区域は原則新築不可・許可要件次第＝本命候補,,2026-06-14,関心:調整区域/無指定,https://akiya-bank.shizuoka.fudohsan.jp/%E7%89%A9%E4%BB%B6/56082/settle/1,不適合
空き家バンクしずおか 三島市,三島市,空き家,掲載に空き家表記,三島市東町7-34,1780,120.5,48.8,3000,田,市街化区域,,不明,接道・区分情報なし。建物ありだが現行法での再建築可否は役場で要確認,,2026-07-04,,https://akiya-bank.shizuoka.fudohsan.jp/%E7%89%A9%E4%BB%B6/174903/settle/1,不適合
空き家バンクしずおか 三島市,三島市,空き家,掲載に空き家表記,三島市川原ケ谷,750,129.6,19.1,3000,田,市街化調整区域,,△,調整区域の建替えは既存宅地要件等の確認が必要＝本命候補,,2026-06-14,関心:調整区域/無指定,https://akiya-bank.shizuoka.fudohsan.jp/%E7%89%A9%E4%BB%B6/167349/settle/1,不適合
空き家バンクしずおか 三島市,三島市,更地,土地カテゴリ（建物表記なし）,三島市芙蓉台１丁目,900,225.0,13.2,1500,宅地,市街化区域,,△,市街化区域だが接道幅員が不明。新築可否は接道要確認,,2026-06-14,,https://akiya-bank.shizuoka.fudohsan.jp/%E7%89%A9%E4%BB%B6/171928/settle/1,不適合
空き家バンクしずおか 三島市,三島市,更地,土地カテゴリ（建物表記なし）,三島市徳倉４丁目20-28,780,110.2,23.4,1500,田,市街化区域,,△,市街化区域だが接道幅員が不明。新築可否は接道要確認,,2026-06-14,,https://akiya-bank.shizuoka.fudohsan.jp/%E7%89%A9%E4%BB%B6/145097/settle/1,不適合
空き家バンクしずおか 三島市,三島市,空き家,掲載に空き家表記,三島市南二日町,1698,167.8,33.5,3000,田,市街化区域,,不明,接道・区分情報なし。建物ありだが現行法での再建築可否は役場で要確認,,2026-06-27,,https://akiya-bank.shizuoka.fudohsan.jp/%E7%89%A9%E4%BB%B6/174695/settle/1,不適合
空き家バンクしずおか 三島市,三島市,古家付き土地,土地＋古家/上物の表記,三島市若松町4402-1,11000,2855.2,12.7,1500,宅地,市街化区域,,不明,接道・区分情報なし。建物ありだが現行法での再建築可否は役場で要確認,,2026-06-14,,https://akiya-bank.shizuoka.fudohsan.jp/%E7%89%A9%E4%BB%B6/125787/settle/1,不適合
空き家バンクしずおか 三島市,三島市,更地,土地カテゴリ（建物表記なし）,三島市徳倉747-123,300,585.0,1.7,1500,宅地,市街化区域,,△,市街化区域だが接道幅員が不明。新築可否は接道要確認,,2026-06-14,,https://akiya-bank.shizuoka.fudohsan.jp/%E7%89%A9%E4%BB%B6/166629/settle/1,適合
空き家バンクしずおか 三島市,三島市,古家付き土地,土地＋古家/上物の表記,三島市芙蓉台１丁目7-2,1280,231.4,18.3,1500,宅地,市街化区域,,不明,接道・区分情報なし。建物ありだが現行法での再建築可否は役場で要確認,,2026-06-14,,https://akiya-bank.shizuoka.fudohsan.jp/%E7%89%A9%E4%BB%B6/99913/settle/1,不適合
空き家バンクしずおか 三島市,三島市,更地,土地カテゴリ（建物表記なし）,三島市谷田,480,104.1,15.2,1500,宅地,市街化区域,,△,市街化区域だが接道幅員が不明。新築可否は接道要確認,,2026-06-14,,https://akiya-bank.shizuoka.fudohsan.jp/%E7%89%A9%E4%BB%B6/171025/settle/1,不適合
空き家バンクしずおか 三島市,三島市,更地,土地カテゴリ（建物表記なし）,三島市大場1086-314,400,305.0,4.3,1500,田,市街化調整区域,,△,市街化調整区域は原則新築不可・許可要件次第＝本命候補,,2026-06-14,関心:調整区域/無指定,https://akiya-bank.shizuoka.fudohsan.jp/%E7%89%A9%E4%BB%B6/114936/settle/1,不適合
空き家バンクしずおか 三島市,三島市,空き家,掲載に空き家表記,三島市芙蓉台２丁目6-7,2490,396.1,20.8,3000,宅地,市街化区域,,不明,接道・区分情報なし。建物ありだが現行法での再建築可否は役場で要確認,,2026-06-14,,https://akiya-bank.shizuoka.fudohsan.jp/%E7%89%A9%E4%BB%B6/144606/settle/1,適合
空き家バンクしずおか 三島市,三島市,空き家,掲載に空き家表記,三島市南二日町27-20,2280,63.1,119.4,3000,田,—,,不明,接道・区分情報なし。建物ありだが現行法での再建築可否は役場で要確認,,2026-06-14,注意:管理費,https://akiya-bank.shizuoka.fudohsan.jp/%E7%89%A9%E4%BB%B6/173544/settle/1,不適合
空き家バンクしずおか 三島市,三島市,更地,土地カテゴリ（建物表記なし）,三島市御園,3480,220.2,52.2,1500,田,市街化調整区域,,△,市街化調整区域は原則新築不可・許可要件次第＝本命候補,,2026-06-17,関心:調整区域/無指定,https://akiya-bank.shizuoka.fudohsan.jp/%E7%89%A9%E4%BB%B6/160683/settle/1,不適合
空き家バンクしずおか 三島市,三島市,更地,土地カテゴリ（建物表記なし）,三島市大場,1280,106.6,39.7,1500,田,市街化区域,,△,市街化区域だが接道幅員が不明。新築可否は接道要確認,,2026-06-17,,https://akiya-bank.shizuoka.fudohsan.jp/%E7%89%A9%E4%BB%B6/164209/settle/1,不適合
空き家バンクしずおか 三島市,三島市,更地,土地カテゴリ（建物表記なし）,三島市徳倉２丁目,1300,203.0,21.2,1500,田,市街化区域,,△,市街化区域だが接道幅員が不明。新築可否は接道要確認,,2026-06-17,,https://akiya-bank.shizuoka.fudohsan.jp/%E7%89%A9%E4%BB%B6/162576/settle/1,不適合
家っち(新日本住建販売) 三島市 土地一覧,三島市,更地,土地カテゴリ（建物表記なし）,静岡県三島市松が丘,2500,,,1500,—,—,,不明,接道・区分情報なし、詳細/役場で要確認,,2026-08-09,,https://www.snjhkk.com/s_r_59518/index.html,数値不明
家っち(新日本住建販売) 三島市 土地一覧,三島市,更地,土地カテゴリ（建物表記なし）,静岡県三島市安久,3180,100.0,105.1,1500,—,—,,不明,接道・区分情報なし、詳細/役場で要確認,,2026-08-03,,https://www.snjhkk.com/s_r_59442/index.html,不適合
家っち(新日本住建販売) 三島市 土地一覧,三島市,更地,土地カテゴリ（建物表記なし）,静岡県三島市富士ビレッジ,4183,170.7,81.0,1500,—,—,,不明,接道・区分情報なし、詳細/役場で要確認,,2026-07-26,,https://www.snjhkk.com/s_r_59393/index.html,不適合
SUUMO 土地 駿東郡（清水/長泉）,清水町,更地,土地カテゴリ（建物表記なし）,静岡県駿東郡清水町伏見字堂之口850-1他,2780,151.2,60.8,1500,田,—,,不明,接道・区分情報なし、詳細/役場で要確認,,2026-06-17,,https://suumo.jp/tochi/shizuoka/sc_suntogun/nc_20479666/,不適合
SUUMO 土地 駿東郡（清水/長泉）,長泉町,更地,土地カテゴリ（建物表記なし）,静岡県駿東郡長泉町上土狩字上向395番4外,2403,141.9,56.0,1500,—,—,,不明,接道・区分情報なし、詳細/役場で要確認,,2026-06-17,,https://suumo.jp/tochi/shizuoka/sc_suntogun/nc_78453284/,不適合
SUUMO 土地 駿東郡（清水/長泉）,長泉町,更地,土地カテゴリ（建物表記なし）,静岡県駿東郡長泉町納米里字下屋敷添234-7、234-4、234-5、234-8、234-10,2480,145.4,56.4,1500,—,—,,不明,接道・区分情報なし、詳細/役場で要確認,,2026-06-17,,https://suumo.jp/tochi/shizuoka/sc_suntogun/nc_76592995/,不適合
SUUMO 土地 駿東郡（清水/長泉）,長泉町,更地,土地カテゴリ（建物表記なし）,静岡県駿東郡長泉町納米里字西耕地276番4,2680,165.5,53.5,1500,—,—,,不明,接道・区分情報なし、詳細/役場で要確認,,2026-06-17,,https://suumo.jp/tochi/shizuoka/sc_suntogun/nc_79044394/,不適合
SUUMO 土地 駿東郡（清水/長泉）,長泉町,更地,土地カテゴリ（建物表記なし）,静岡県駿東郡長泉町下土狩字荻素950-5、950-13、950-31、950-32,3180,176.3,59.6,1500,—,—,,不明,接道・区分情報なし、詳細/役場で要確認,,2026-06-17,,https://suumo.jp/tochi/shizuoka/sc_suntogun/nc_78909887/,不適合
SUUMO 土地 駿東郡（清水/長泉）,長泉町,更地,土地カテゴリ（建物表記なし）,静岡県駿東郡長泉町下土狩字焼原891-5、891-25,5980,311.4,63.5,1500,—,—,,不明,接道・区分情報なし、詳細/役場で要確認,,2026-06-17,,https://suumo.jp/tochi/shizuoka/sc_suntogun/nc_76475811/,不適合
SUUMO 土地 駿東郡（清水/長泉）,長泉町,更地,土地カテゴリ（建物表記なし）,静岡県駿東郡長泉町下土狩字宮脇476番9,5980,275.1,71.9,1500,—,—,,不明,接道・区分情報なし、詳細/役場で要確認,,2026-06-17,,https://suumo.jp/tochi/shizuoka/sc_suntogun/nc_74660221/,不適合
SUUMO 土地 駿東郡（清水/長泉）,長泉町,更地,土地カテゴリ（建物表記なし）,静岡県駿東郡長泉町上長窪,1380,155.0,29.4,1500,—,—,,不明,接道・区分情報なし、詳細/役場で要確認,,2026-06-17,,https://suumo.jp/tochi/shizuoka/sc_suntogun/nc_78719754/,不適合
SUUMO 土地 駿東郡（清水/長泉）,清水町,更地,土地カテゴリ（建物表記なし）,静岡県駿東郡清水町長沢,700,83.9,27.6,1500,—,—,,不明,接道・区分情報なし、詳細/役場で要確認,,2026-06-17,,https://suumo.jp/tochi/shizuoka/sc_suntogun/nc_77344884/,不適合
SUUMO 土地 駿東郡（清水/長泉）,長泉町,更地,土地カテゴリ（建物表記なし）,静岡県駿東郡長泉町竹原179-20,800,91.5,28.9,1500,—,—,,不明,接道・区分情報なし、詳細/役場で要確認,,2026-06-17,,https://suumo.jp/tochi/shizuoka/sc_suntogun/nc_94285170/,不適合
SUUMO 土地 駿東郡（清水/長泉）,長泉町,更地,土地カテゴリ（建物表記なし）,静岡県駿東郡長泉町竹原,800,91.5,28.9,1500,—,—,,不明,接道・区分情報なし、詳細/役場で要確認,,2026-06-17,,https://suumo.jp/tochi/shizuoka/sc_suntogun/nc_20635006/,不適合
SUUMO 土地 駿東郡（清水/長泉）,長泉町,更地,土地カテゴリ（建物表記なし）,静岡県駿東郡長泉町竹原,800,70.5,37.5,1500,田,—,,不明,接道・区分情報なし、詳細/役場で要確認,,2026-06-17,,https://suumo.jp/tochi/shizuoka/sc_suntogun/nc_79047271/,不適合
SUUMO 土地 駿東郡（清水/長泉）,清水町,更地,土地カテゴリ（建物表記なし）,静岡県駿東郡清水町徳倉,1050,183.0,19.0,1500,—,—,,不明,接道・区分情報なし、詳細/役場で要確認,,2026-06-21,,https://suumo.jp/tochi/shizuoka/sc_suntogun/nc_76677460/,不適合
SUUMO 土地 駿東郡（清水/長泉）,長泉町,更地,土地カテゴリ（建物表記なし）,静岡県駿東郡長泉町東野,1100,1272.2,2.9,1500,宅地,—,,不明,接道・区分情報なし、詳細/役場で要確認,,2026-06-17,,https://suumo.jp/tochi/shizuoka/sc_suntogun/nc_79215406/,適合
SUUMO 土地 駿東郡（清水/長泉）,清水町,更地,土地カテゴリ（建物表記なし）,静岡県駿東郡清水町徳倉,1200,140.0,28.3,1500,—,—,,不明,接道・区分情報なし、詳細/役場で要確認,,2026-07-13,,https://suumo.jp/tochi/shizuoka/sc_suntogun/nc_20103659/,不適合
SUUMO 土地 駿東郡（清水/長泉）,清水町,更地,土地カテゴリ（建物表記なし）,静岡県駿東郡清水町徳倉854,1280,189.8,22.3,1500,—,—,,不明,接道・区分情報なし、詳細/役場で要確認,,2026-06-17,,https://suumo.jp/tochi/shizuoka/sc_suntogun/nc_77548585/,不適合
SUUMO 土地 駿東郡（清水/長泉）,清水町,更地,土地カテゴリ（建物表記なし）,静岡県駿東郡清水町徳倉,1390,254.0,18.1,1500,—,—,,不明,接道・区分情報なし、詳細/役場で要確認,,2026-06-17,,https://suumo.jp/tochi/shizuoka/sc_suntogun/nc_78716183/,不適合
SUUMO 土地 駿東郡（清水/長泉）,清水町,更地,土地カテゴリ（建物表記なし）,静岡県駿東郡清水町長沢,1400,160.2,28.9,1500,—,—,,不明,接道・区分情報なし、詳細/役場で要確認,,2026-06-17,,https://suumo.jp/tochi/shizuoka/sc_suntogun/nc_74409114/,不適合
SUUMO 土地 駿東郡（清水/長泉）,長泉町,更地,土地カテゴリ（建物表記なし）,静岡県駿東郡長泉町南一色,1525,117.2,43.0,1500,—,—,,不明,接道・区分情報なし、詳細/役場で要確認,,2026-08-07,,https://suumo.jp/tochi/shizuoka/sc_suntogun/nc_21446475/,不適合
SUUMO 土地 駿東郡（清水/長泉）,長泉町,更地,土地カテゴリ（建物表記なし）,静岡県駿東郡長泉町本宿642-1,1580,278.2,18.8,1500,—,—,,不明,接道・区分情報なし、詳細/役場で要確認,,2026-08-07,,https://suumo.jp/tochi/shizuoka/sc_suntogun/nc_21452784/,不適合
SUUMO 土地 駿東郡（清水/長泉）,清水町,更地,土地カテゴリ（建物表記なし）,静岡県駿東郡清水町徳倉,1580,367.5,14.2,1500,田,—,,不明,接道・区分情報なし、詳細/役場で要確認,,2026-07-09,,https://suumo.jp/tochi/shizuoka/sc_suntogun/nc_21249269/,不適合
SUUMO 土地 駿東郡（清水/長泉）,長泉町,更地,土地カテゴリ（建物表記なし）,静岡県駿東郡長泉町南一色,1595,117.2,45.0,1500,—,—,,不明,接道・区分情報なし、詳細/役場で要確認,,2026-08-07,,https://suumo.jp/tochi/shizuoka/sc_suntogun/nc_21446476/,不適合
SUUMO 土地 駿東郡（清水/長泉）,清水町,更地,土地カテゴリ（建物表記なし）,静岡県駿東郡清水町長沢,1600,160.6,32.9,1500,—,—,,不明,接道・区分情報なし、詳細/役場で要確認,,2026-06-17,,https://suumo.jp/tochi/shizuoka/sc_suntogun/nc_20699654/,不適合
SUUMO 土地 駿東郡（清水/長泉）,清水町,更地,土地カテゴリ（建物表記なし）,静岡県駿東郡清水町徳倉,1700,394.3,14.3,1500,—,—,,不明,接道・区分情報なし、詳細/役場で要確認,,2026-06-17,,https://suumo.jp/tochi/shizuoka/sc_suntogun/nc_75450316/,不適合
SUUMO 土地 駿東郡（清水/長泉）,清水町,更地,土地カテゴリ（建物表記なし）,静岡県駿東郡清水町柿田,1780,247.2,23.8,1500,田,—,,不明,接道・区分情報なし、詳細/役場で要確認,,2026-06-17,,https://suumo.jp/tochi/shizuoka/sc_suntogun/nc_20069626/,不適合
SUUMO 土地 駿東郡（清水/長泉）,清水町,更地,土地カテゴリ（建物表記なし）,静岡県駿東郡清水町湯川,1840,143.5,42.4,1500,—,—,,不明,接道・区分情報なし、詳細/役場で要確認,,2026-06-17,,https://suumo.jp/tochi/shizuoka/sc_suntogun/nc_20847413/,不適合
SUUMO 土地 駿東郡（清水/長泉）,長泉町,更地,土地カテゴリ（建物表記なし）,静岡県駿東郡長泉町下土狩,1980,103.3,63.4,1500,—,—,,不明,接道・区分情報なし、詳細/役場で要確認,,2026-06-25,,https://suumo.jp/tochi/shizuoka/sc_suntogun/nc_21139529/,不適合
SUUMO 土地 駿東郡（清水/長泉）,清水町,更地,土地カテゴリ（建物表記なし）,静岡県駿東郡清水町徳倉,1980,567.1,11.5,1500,—,—,,不明,接道・区分情報なし、詳細/役場で要確認,,2026-06-17,,https://suumo.jp/tochi/shizuoka/sc_suntogun/nc_20864087/,不適合
SUUMO 土地 駿東郡（清水/長泉）,清水町,更地,土地カテゴリ（建物表記なし）,静岡県駿東郡清水町玉川,1980,165.3,39.6,1500,—,—,,不明,接道・区分情報なし、詳細/役場で要確認,,2026-06-17,,https://suumo.jp/tochi/shizuoka/sc_suntogun/nc_78282556/,不適合
SUUMO 土地 駿東郡（清水/長泉）,長泉町,更地,土地カテゴリ（建物表記なし）,静岡県駿東郡長泉町中土狩,1990,169.6,38.8,1500,—,—,,不明,接道・区分情報なし、詳細/役場で要確認,,2026-07-23,,https://suumo.jp/tochi/shizuoka/sc_suntogun/nc_21346174/,不適合
SUUMO 土地 駿東郡（清水/長泉）,清水町,更地,土地カテゴリ（建物表記なし）,静岡県駿東郡清水町徳倉,2200,337.0,21.6,1500,—,—,,不明,接道・区分情報なし、詳細/役場で要確認,,2026-06-17,,https://suumo.jp/tochi/shizuoka/sc_suntogun/nc_75886069/,不適合
SUUMO 土地 駿東郡（清水/長泉）,長泉町,更地,土地カテゴリ（建物表記なし）,静岡県駿東郡長泉町南一色,2200,181.0,40.2,1500,—,—,,不明,接道・区分情報なし、詳細/役場で要確認,,2026-06-17,,https://suumo.jp/tochi/shizuoka/sc_suntogun/nc_78818854/,不適合
SUUMO 土地 駿東郡（清水/長泉）,清水町,更地,土地カテゴリ（建物表記なし）,静岡県駿東郡清水町堂庭字大宿54-1他,2680,165.6,53.5,1500,—,—,,不明,接道・区分情報なし、詳細/役場で要確認,,2026-06-17,,https://suumo.jp/tochi/shizuoka/sc_suntogun/nc_78760593/,不適合
SUUMO 土地 駿東郡（清水/長泉）,長泉町,更地,土地カテゴリ（建物表記なし）,静岡県駿東郡長泉町上土狩,2780,159.0,57.8,1500,—,—,,不明,接道・区分情報なし、詳細/役場で要確認,,2026-08-10,,https://suumo.jp/tochi/shizuoka/sc_suntogun/nc_21479564/,不適合
SUUMO 土地 駿東郡（清水/長泉）,長泉町,更地,土地カテゴリ（建物表記なし）,静岡県駿東郡長泉町下長窪,2850,173.5,54.3,1500,—,—,,不明,接道・区分情報なし、詳細/役場で要確認,,2026-06-17,,https://suumo.jp/tochi/shizuoka/sc_suntogun/nc_20700854/,不適合
SUUMO 土地 駿東郡（清水/長泉）,長泉町,更地,土地カテゴリ（建物表記なし）,静岡県駿東郡長泉町納米里,2950,329.0,29.6,1500,田,—,,不明,接道・区分情報なし、詳細/役場で要確認,,2026-08-10,,https://suumo.jp/tochi/shizuoka/sc_suntogun/nc_20748553/,不適合
SUUMO 土地 駿東郡（清水/長泉）,清水町,更地,土地カテゴリ（建物表記なし）,静岡県駿東郡清水町徳倉,3150,330.0,31.6,1500,—,—,,不明,接道・区分情報なし、詳細/役場で要確認,,2026-06-17,,https://suumo.jp/tochi/shizuoka/sc_suntogun/nc_20125614/,不適合
SUUMO 土地 駿東郡（清水/長泉）,長泉町,更地,土地カテゴリ（建物表記なし）,静岡県駿東郡長泉町下土狩1044-10、1044-11,3180,225.0,46.7,1500,—,—,,不明,接道・区分情報なし、詳細/役場で要確認,,2026-07-29,,https://suumo.jp/tochi/shizuoka/sc_suntogun/nc_20634919/,不適合
SUUMO 土地 駿東郡（清水/長泉）,長泉町,更地,土地カテゴリ（建物表記なし）,静岡県駿東郡長泉町桜堤３,3290,180.9,60.1,1500,—,—,,不明,接道・区分情報なし、詳細/役場で要確認,,2026-06-17,,https://suumo.jp/tochi/shizuoka/sc_suntogun/nc_20069912/,不適合
SUUMO 土地 駿東郡（清水/長泉）,長泉町,更地,土地カテゴリ（建物表記なし）,静岡県駿東郡長泉町中土狩,3480,190.0,60.5,1500,—,—,,不明,接道・区分情報なし、詳細/役場で要確認,,2026-07-27,,https://suumo.jp/tochi/shizuoka/sc_suntogun/nc_76909210/,不適合
SUUMO 土地 駿東郡（清水/長泉）,長泉町,更地,土地カテゴリ（建物表記なし）,静岡県駿東郡長泉町桜堤３,3580,187.1,63.3,1500,—,—,,不明,接道・区分情報なし、詳細/役場で要確認,,2026-06-17,,https://suumo.jp/tochi/shizuoka/sc_suntogun/nc_20069918/,不適合
SUUMO 土地 駿東郡（清水/長泉）,長泉町,更地,土地カテゴリ（建物表記なし）,静岡県駿東郡長泉町桜堤３,3580,187.2,63.2,1500,—,—,,不明,接道・区分情報なし、詳細/役場で要確認,,2026-06-17,,https://suumo.jp/tochi/shizuoka/sc_suntogun/nc_20069865/,不適合
SUUMO 土地 駿東郡（清水/長泉）,長泉町,更地,土地カテゴリ（建物表記なし）,静岡県駿東郡長泉町東野,3900,846.6,15.2,1500,—,—,,不明,接道・区分情報なし、詳細/役場で要確認,,2026-07-20,,https://suumo.jp/tochi/shizuoka/sc_suntogun/nc_21332066/,不適合
SUUMO 土地 駿東郡（清水/長泉）,長泉町,更地,土地カテゴリ（建物表記なし）,静岡県駿東郡長泉町東野,4180,1678.2,8.2,1500,—,—,,不明,接道・区分情報なし、詳細/役場で要確認,,2026-06-17,,https://suumo.jp/tochi/shizuoka/sc_suntogun/nc_75329167/,不適合
SUUMO 土地 駿東郡（清水/長泉）,長泉町,更地,土地カテゴリ（建物表記なし）,静岡県駿東郡長泉町下土狩1169-2,7980,486.5,54.2,1500,—,—,,不明,接道・区分情報なし、詳細/役場で要確認,,2026-08-04,,https://suumo.jp/tochi/shizuoka/sc_suntogun/nc_21381481/,不適合
SUUMO 土地 駿東郡（清水/長泉）,清水町,更地,土地カテゴリ（建物表記なし）,静岡県駿東郡清水町伏見756-1,11500,957.5,39.7,1500,田,—,,不明,接道・区分情報なし、詳細/役場で要確認,,2026-08-07,,https://suumo.jp/tochi/shizuoka/sc_suntogun/nc_21452924/,不適合
SUUMO 中古戸建 駿東郡（清水/長泉）,清水町,更地,土地カテゴリ（建物表記なし）,静岡県駿東郡清水町徳倉,1748,193.0,29.9,1500,—,—,,不明,接道・区分情報なし、詳細/役場で要確認,,2026-06-17,,https://suumo.jp/chukoikkodate/shizuoka/sc_suntogun/nc_20977891/,不適合
SUUMO 中古戸建 駿東郡（清水/長泉）,清水町,更地,土地カテゴリ（建物表記なし）,静岡県駿東郡清水町徳倉,2680,156.0,56.8,1500,—,—,,不明,接道・区分情報なし、詳細/役場で要確認,,2026-06-17,,https://suumo.jp/chukoikkodate/shizuoka/sc_suntogun/nc_74686385/,不適合
SUUMO 中古戸建 駿東郡（清水/長泉）,長泉町,更地,土地カテゴリ（建物表記なし）,静岡県駿東郡長泉町上土狩,4180,219.6,62.9,1500,—,—,,不明,接道・区分情報なし、詳細/役場で要確認,,2026-06-21,,https://suumo.jp/chukoikkodate/shizuoka/sc_suntogun/nc_21106006/,不適合
SUUMO 中古戸建 駿東郡（清水/長泉）,長泉町,更地,土地カテゴリ（建物表記なし）,静岡県駿東郡長泉町本宿,4180,196.9,70.2,1500,—,—,,不明,接道・区分情報なし、詳細/役場で要確認,,2026-06-17,,https://suumo.jp/chukoikkodate/shizuoka/sc_suntogun/nc_78273362/,不適合
SUUMO 中古戸建 駿東郡（清水/長泉）,長泉町,更地,土地カテゴリ（建物表記なし）,静岡県駿東郡長泉町東野,6890,1058.3,21.5,1500,—,—,,不明,接道・区分情報なし、詳細/役場で要確認,,2026-06-17,,https://suumo.jp/chukoikkodate/shizuoka/sc_suntogun/nc_79041993/,不適合
SUUMO 中古戸建 駿東郡（清水/長泉）,清水町,更地,土地カテゴリ（建物表記なし）,静岡県駿東郡清水町徳倉,1698,193.0,29.1,1500,—,—,,不明,接道・区分情報なし、詳細/役場で要確認,,2026-06-17,,https://suumo.jp/chukoikkodate/shizuoka/sc_suntogun/nc_20509290/,不適合
SUUMO 中古戸建 駿東郡（清水/長泉）,清水町,更地,土地カテゴリ（建物表記なし）,静岡県駿東郡清水町徳倉1221-83,1949,192.0,33.6,1500,—,—,,不明,接道・区分情報なし、詳細/役場で要確認,,2026-06-17,,https://suumo.jp/chukoikkodate/shizuoka/sc_suntogun/nc_20837323/,不適合
SUUMO 中古戸建 駿東郡（清水/長泉）,長泉町,更地,土地カテゴリ（建物表記なし）,静岡県駿東郡長泉町上長窪,2380,277.4,28.4,1500,—,—,,不明,接道・区分情報なし、詳細/役場で要確認,,2026-06-17,,https://suumo.jp/chukoikkodate/shizuoka/sc_suntogun/nc_20852200/,不適合
SUUMO 中古戸建 駿東郡（清水/長泉）,清水町,中古戸建,中古戸建/住宅カテゴリ,静岡県駿東郡清水町徳倉,2980,156.2,63.1,3000,—,—,,不明,接道・区分情報なし。建物ありだが現行法での再建築可否は役場で要確認,,2026-06-17,,https://suumo.jp/chukoikkodate/shizuoka/sc_suntogun/nc_20854137/,不適合
SUUMO 中古戸建 駿東郡（清水/長泉）,長泉町,更地,土地カテゴリ（建物表記なし）,静岡県駿東郡長泉町東野,3000,1236.3,8.0,1500,—,—,,不明,接道・区分情報なし、詳細/役場で要確認,,2026-06-17,,https://suumo.jp/chukoikkodate/shizuoka/sc_suntogun/nc_78707758/,不適合
SUUMO 中古戸建 駿東郡（清水/長泉）,長泉町,更地,土地カテゴリ（建物表記なし）,静岡県駿東郡長泉町竹原,4500,97.1,153.2,1500,—,—,,不明,接道・区分情報なし、詳細/役場で要確認,,2026-06-17,,https://suumo.jp/chukoikkodate/shizuoka/sc_suntogun/nc_78707683/,不適合
SUUMO 中古戸建 駿東郡（清水/長泉）,長泉町,更地,土地カテゴリ（建物表記なし）,静岡県駿東郡長泉町下土狩,13860,349.1,131.2,1500,—,—,,不明,接道・区分情報なし、詳細/役場で要確認,,2026-08-02,,https://suumo.jp/chukoikkodate/shizuoka/sc_suntogun/nc_21403693/,不適合
SUUMO 中古戸建 駿東郡（清水/長泉）,長泉町,更地,土地カテゴリ（建物表記なし）,静岡県駿東郡長泉町東野,350,307.6,3.8,1500,—,—,,不明,接道・区分情報なし、詳細/役場で要確認,,2026-06-17,,https://suumo.jp/chukoikkodate/shizuoka/sc_suntogun/nc_75031451/,不適合
SUUMO 中古戸建 駿東郡（清水/長泉）,長泉町,更地,土地カテゴリ（建物表記なし）,静岡県駿東郡長泉町元長窪,680,209.7,10.7,1500,—,—,,不明,接道・区分情報なし、詳細/役場で要確認,,2026-06-17,,https://suumo.jp/chukoikkodate/shizuoka/sc_suntogun/nc_76395208/,不適合
SUUMO 中古戸建 駿東郡（清水/長泉）,長泉町,更地,土地カテゴリ（建物表記なし）,静岡県駿東郡長泉町元長窪,1590,163.0,32.2,1500,—,—,,不明,接道・区分情報なし、詳細/役場で要確認,,2026-06-27,,https://suumo.jp/chukoikkodate/shizuoka/sc_suntogun/nc_79156787/,不適合
SUUMO 中古戸建 駿東郡（清水/長泉）,清水町,更地,土地カテゴリ（建物表記なし）,静岡県駿東郡清水町徳倉,1698,193.0,29.1,1500,—,—,,不明,接道・区分情報なし、詳細/役場で要確認,,2026-06-17,,https://suumo.jp/chukoikkodate/shizuoka/sc_suntogun/nc_20651578/,不適合
SUUMO 中古戸建 駿東郡（清水/長泉）,清水町,更地,土地カテゴリ（建物表記なし）,静岡県駿東郡清水町徳倉,1850,300.6,20.3,1500,—,—,,不明,接道・区分情報なし、詳細/役場で要確認,,2026-06-17,,https://suumo.jp/chukoikkodate/shizuoka/sc_suntogun/nc_73061917/,不適合
SUUMO 中古戸建 駿東郡（清水/長泉）,清水町,更地,土地カテゴリ（建物表記なし）,静岡県駿東郡清水町伏見,1980,165.3,39.6,1500,—,—,,不明,接道・区分情報なし、詳細/役場で要確認,,2026-06-17,,https://suumo.jp/chukoikkodate/shizuoka/sc_suntogun/nc_20104560/,不適合
SUUMO 中古戸建 駿東郡（清水/長泉）,清水町,更地,土地カテゴリ（建物表記なし）,静岡県駿東郡清水町中徳倉,1980,164.8,39.7,1500,—,—,,不明,接道・区分情報なし、詳細/役場で要確認,,2026-06-17,,https://suumo.jp/chukoikkodate/shizuoka/sc_suntogun/nc_20303492/,不適合
SUUMO 中古戸建 駿東郡（清水/長泉）,清水町,更地,土地カテゴリ（建物表記なし）,静岡県駿東郡清水町中徳倉,1980,164.8,39.7,1500,—,—,,不明,接道・区分情報なし、詳細/役場で要確認,,2026-06-17,,https://suumo.jp/chukoikkodate/shizuoka/sc_suntogun/nc_21042775/,不適合
SUUMO 中古戸建 駿東郡（清水/長泉）,清水町,更地,土地カテゴリ（建物表記なし）,静岡県駿東郡清水町中徳倉,1980,164.8,39.7,1500,—,—,,不明,接道・区分情報なし、詳細/役場で要確認,,2026-07-03,,https://suumo.jp/chukoikkodate/shizuoka/sc_suntogun/nc_20755150/,不適合
SUUMO 中古戸建 駿東郡（清水/長泉）,長泉町,更地,土地カテゴリ（建物表記なし）,静岡県駿東郡長泉町東野,1998,299.0,22.1,1500,—,—,,不明,接道・区分情報なし、詳細/役場で要確認,,2026-06-17,,https://suumo.jp/chukoikkodate/shizuoka/sc_suntogun/nc_73920042/,不適合
SUUMO 中古戸建 駿東郡（清水/長泉）,長泉町,更地,土地カテゴリ（建物表記なし）,静岡県駿東郡長泉町東野,1999,299.0,22.1,1500,—,—,,不明,接道・区分情報なし、詳細/役場で要確認,,2026-07-02,,https://suumo.jp/chukoikkodate/shizuoka/sc_suntogun/nc_20667797/,不適合
SUUMO 中古戸建 駿東郡（清水/長泉）,清水町,更地,土地カテゴリ（建物表記なし）,静岡県駿東郡清水町柿田,2400,268.0,29.6,1500,田,—,,不明,接道・区分情報なし、詳細/役場で要確認,,2026-06-23,,https://suumo.jp/chukoikkodate/shizuoka/sc_suntogun/nc_21129679/,不適合
SUUMO 中古戸建 駿東郡（清水/長泉）,清水町,更地,土地カテゴリ（建物表記なし）,静岡県駿東郡清水町徳倉,2480,118.7,69.1,1500,田,—,,不明,接道・区分情報なし、詳細/役場で要確認,,2026-06-17,,https://suumo.jp/chukoikkodate/shizuoka/sc_suntogun/nc_20914984/,不適合
SUUMO 中古戸建 駿東郡（清水/長泉）,清水町,更地,土地カテゴリ（建物表記なし）,静岡県駿東郡清水町中徳倉36-12,2729,232.5,38.8,1500,—,—,,不明,接道・区分情報なし、詳細/役場で要確認,,2026-06-17,,https://suumo.jp/chukoikkodate/shizuoka/sc_suntogun/nc_20830773/,不適合
SUUMO 中古戸建 駿東郡（清水/長泉）,清水町,更地,土地カテゴリ（建物表記なし）,静岡県駿東郡清水町徳倉,2780,168.1,54.7,1500,—,—,,不明,接道・区分情報なし、詳細/役場で要確認,,2026-07-30,,https://suumo.jp/chukoikkodate/shizuoka/sc_suntogun/nc_21374221/,不適合
SUUMO 中古戸建 駿東郡（清水/長泉）,長泉町,更地,土地カテゴリ（建物表記なし）,静岡県駿東郡長泉町東野,2780,835.8,11.0,1500,—,—,,不明,接道・区分情報なし、詳細/役場で要確認,,2026-06-17,,https://suumo.jp/chukoikkodate/shizuoka/sc_suntogun/nc_20436625/,不適合
SUUMO 中古戸建 駿東郡（清水/長泉）,清水町,更地,土地カテゴリ（建物表記なし）,静岡県駿東郡清水町長沢,3180,132.2,79.5,1500,—,—,,不明,接道・区分情報なし、詳細/役場で要確認,,2026-07-03,,https://suumo.jp/chukoikkodate/shizuoka/sc_suntogun/nc_21202905/,不適合
SUUMO 中古戸建 駿東郡（清水/長泉）,清水町,更地,土地カテゴリ（建物表記なし）,静岡県駿東郡清水町伏見,3200,257.4,41.1,1500,—,—,,不明,接道・区分情報なし、詳細/役場で要確認,,2026-06-17,,https://suumo.jp/chukoikkodate/shizuoka/sc_suntogun/nc_20651477/,不適合
SUUMO 中古戸建 駿東郡（清水/長泉）,長泉町,更地,土地カテゴリ（建物表記なし）,静岡県駿東郡長泉町下土狩,3200,132.5,79.8,1500,—,—,,不明,接道・区分情報なし、詳細/役場で要確認,,2026-06-17,,https://suumo.jp/chukoikkodate/shizuoka/sc_suntogun/nc_76109949/,不適合
SUUMO 中古戸建 駿東郡（清水/長泉）,清水町,更地,土地カテゴリ（建物表記なし）,静岡県駿東郡清水町長沢,3700,233.5,52.4,1500,—,—,,不明,接道・区分情報なし、詳細/役場で要確認,,2026-06-17,,https://suumo.jp/chukoikkodate/shizuoka/sc_suntogun/nc_20839222/,不適合
SUUMO 中古戸建 駿東郡（清水/長泉）,清水町,更地,土地カテゴリ（建物表記なし）,静岡県駿東郡清水町堂庭,3880,155.7,82.4,1500,田,—,,不明,接道・区分情報なし、詳細/役場で要確認,,2026-06-17,,https://suumo.jp/chukoikkodate/shizuoka/sc_suntogun/nc_20247574/,不適合
SUUMO 中古戸建 駿東郡（清水/長泉）,長泉町,更地,土地カテゴリ（建物表記なし）,静岡県駿東郡長泉町上長窪,3880,203.6,63.0,1500,—,—,,不明,接道・区分情報なし、詳細/役場で要確認,,2026-06-22,,https://suumo.jp/chukoikkodate/shizuoka/sc_suntogun/nc_20424710/,不適合
SUUMO 中古戸建 駿東郡（清水/長泉）,長泉町,更地,土地カテゴリ（建物表記なし）,静岡県駿東郡長泉町下土狩,4149,137.5,99.8,1500,—,—,,不明,接道・区分情報なし、詳細/役場で要確認,,2026-08-07,,https://suumo.jp/chukoikkodate/shizuoka/sc_suntogun/nc_21442178/,不適合
SUUMO 中古戸建 駿東郡（清水/長泉）,長泉町,更地,土地カテゴリ（建物表記なし）,静岡県駿東郡長泉町納米里,5500,266.7,68.2,1500,—,—,,不明,接道・区分情報なし、詳細/役場で要確認,,2026-08-04,,https://suumo.jp/chukoikkodate/shizuoka/sc_suntogun/nc_76630606/,不適合
SUUMO 中古戸建 駿東郡（清水/長泉）,長泉町,更地,土地カテゴリ（建物表記なし）,静岡県駿東郡長泉町東野,5800,830.6,23.1,1500,—,—,,不明,接道・区分情報なし、詳細/役場で要確認,,2026-06-17,,https://suumo.jp/chukoikkodate/shizuoka/sc_suntogun/nc_79062359/,不適合
SUUMO 中古戸建 駿東郡（清水/長泉）,長泉町,更地,土地カテゴリ（建物表記なし）,静岡県駿東郡長泉町東野,7480,1211.3,20.4,1500,—,—,,不明,接道・区分情報なし、詳細/役場で要確認,,2026-07-13,,https://suumo.jp/chukoikkodate/shizuoka/sc_suntogun/nc_20990760/,不適合
SUUMO 中古戸建 駿東郡（清水/長泉）,長泉町,更地,土地カテゴリ（建物表記なし）,静岡県駿東郡長泉町中土狩,12800,277.7,152.4,1500,—,—,,不明,接道・区分情報なし、詳細/役場で要確認,,2026-06-17,,https://suumo.jp/chukoikkodate/shizuoka/sc_suntogun/nc_20516724/,不適合
SUUMO 中古戸建 駿東郡（清水/長泉）,長泉町,更地,土地カテゴリ（建物表記なし）,静岡県駿東郡長泉町東野,12800,631.6,67.0,1500,—,—,,不明,接道・区分情報なし、詳細/役場で要確認,,2026-07-10,,https://suumo.jp/chukoikkodate/shizuoka/sc_suntogun/nc_20709828/,不適合
SUUMO 中古戸建 駿東郡（清水/長泉）,長泉町,更地,土地カテゴリ（建物表記なし）,静岡県駿東郡長泉町東野,12800,631.6,67.0,1500,—,—,,不明,接道・区分情報なし、詳細/役場で要確認,,2026-06-17,,https://suumo.jp/chukoikkodate/shizuoka/sc_suntogun/nc_20817399/,不適合
SUUMO 中古戸建 駿東郡（清水/長泉）,長泉町,更地,土地カテゴリ（建物表記なし）,静岡県駿東郡長泉町東野608-280,26000,4107.9,20.9,1500,田,—,,不明,接道・区分情報なし、詳細/役場で要確認,,2026-06-17,,https://suumo.jp/chukoikkodate/shizuoka/sc_suntogun/nc_78661703/,不適合
ジモティー 静岡県 土地（キャンプ場用）,伊豆の国市,更地,土地カテゴリ（建物表記なし）,静岡 伊豆の国市 土地販売/土地売買,,228.0,,3000,原野,—,,不明,接道・区分情報なし、詳細/役場で要確認,,2026-07-25,注意:別荘地,https://jmty.jp/shizuoka/est-land/article-1k2pcw,数値不明
ジモティー 静岡県 土地（キャンプ場用）,富士市,更地,土地カテゴリ（建物表記なし）,静岡 富士市 土地販売/土地売買,,,,3000,—,—,,不明,接道・区分情報なし、詳細/役場で要確認,,2026-08-09,,https://jmty.jp/shizuoka/est-land/article-1r1lfh,数値不明
ジモティー 静岡県 土地（キャンプ場用）,伊豆市,更地,土地カテゴリ（建物表記なし）,静岡 伊豆市 土地販売/土地売買,,615.0,,3000,原野,—,,不明,接道・区分情報なし、詳細/役場で要確認,,2026-07-25,注意:別荘地,https://jmty.jp/shizuoka/est-land/article-1jma8g,数値不明
ジモティー 静岡県 土地（キャンプ場用）,御殿場市,更地,土地カテゴリ（建物表記なし）,静岡 御殿場市 土地販売/土地売買,,24705.8,,3000,畑,—,,不明,接道・区分情報なし、詳細/役場で要確認,,2026-07-25,,https://jmty.jp/shizuoka/est-land/article-1n5mrf,数値不明
ジモティー 静岡県 土地（キャンプ場用）,三島市,更地,土地カテゴリ（建物表記なし）,静岡 三島市 三島田町駅 土地販売/土地売買,70,240.0,1.0,3000,田,—,,不明,接道・区分情報なし、詳細/役場で要確認,,2026-07-25,注意:別荘地/管理費,https://jmty.jp/shizuoka/est-land/article-1idnhv,不適合
ジモティー 静岡県 土地（キャンプ場用）,富士市,更地,土地カテゴリ（建物表記なし）,静岡 富士市 土地販売/土地売買,2,88.0,0.1,3000,—,—,,不明,接道・区分情報なし、詳細/役場で要確認,,2026-07-26,,https://jmty.jp/shizuoka/est-land/article-1o1qnu,不適合
ジモティー 静岡県 土地（キャンプ場用）,伊豆の国市,更地,土地カテゴリ（建物表記なし）,静岡 伊豆の国市 土地販売/土地売買,650,139.0,15.5,3000,宅地,—,,不明,接道・区分情報なし、詳細/役場で要確認,,2026-07-25,,https://jmty.jp/shizuoka/est-land/article-1mbxm9,不適合
ジモティー 静岡県 土地（キャンプ場用）,伊豆の国市,更地,土地カテゴリ（建物表記なし）,静岡 伊豆の国市 土地販売/土地売買,390,132.0,9.8,3000,宅地,—,,不明,接道・区分情報なし、詳細/役場で要確認,,2026-07-25,,https://jmty.jp/shizuoka/est-land/article-1mbxm5,不適合
ジモティー 静岡県 土地（キャンプ場用）,富士市,更地,土地カテゴリ（建物表記なし）,静岡 富士市 土地販売/土地売買,1,179.0,0.0,3000,—,—,,不明,接道・区分情報なし、詳細/役場で要確認,,2026-07-25,,https://jmty.jp/shizuoka/est-land/article-1qol9q,不適合
ジモティー 静岡県 土地（キャンプ場用）,富士市,更地,土地カテゴリ（建物表記なし）,静岡 富士市 土地販売/土地売買,1,179.0,0.0,3000,—,—,,不明,接道・区分情報なし、詳細/役場で要確認,,2026-07-25,,https://jmty.jp/shizuoka/est-land/article-1qol9m,不適合
ジモティー 静岡県 土地（キャンプ場用）,伊豆の国市,更地,土地カテゴリ（建物表記なし）,静岡 伊豆の国市 原木駅 土地販売/土地売買,,272.0,,3000,山林,—,,不明,接道・区分情報なし、詳細/役場で要確認,,2026-07-25,注意:別荘地,https://jmty.jp/shizuoka/est-land/article-1fvz1c,数値不明
ジモティー 静岡県 土地（キャンプ場用）,裾野市,更地,土地カテゴリ（建物表記なし）,静岡 裾野市 御殿場駅 土地販売/土地売買,28,,,3000,—,—,,不明,接道・区分情報なし、詳細/役場で要確認,,2026-08-07,注意:別荘地,https://jmty.jp/shizuoka/est-land/article-1nn8ez,数値不明
ジモティー 静岡県 土地（キャンプ場用）,伊東市,更地,土地カテゴリ（建物表記なし）,静岡 伊東市 土地販売/土地売買,30000,1000.0,99.2,3000,山林,市街化調整区域,,△,市街化調整区域は原則新築不可・許可要件次第＝本命候補,,2026-07-25,関心:調整区域,https://jmty.jp/shizuoka/est-land/article-10sxdy,不適合
ジモティー 静岡県 土地（キャンプ場用）,熱海市,更地,土地カテゴリ（建物表記なし）,静岡 熱海市 土地販売/土地売買,315,28522.0,0.0,3000,山林,—,,不明,接道・区分情報なし、詳細/役場で要確認,,2026-07-25,,https://jmty.jp/shizuoka/est-land/article-1qhzc2,適合
ジモティー 静岡県 土地（キャンプ場用）,沼津市,更地,土地カテゴリ（建物表記なし）,静岡 沼津市 土地販売/土地売買,,848.0,,3000,田,—,,不明,接道・区分情報なし、詳細/役場で要確認,,2026-07-25,,https://jmty.jp/shizuoka/est-land/article-1n5mai,数値不明
ジモティー 静岡県 土地（キャンプ場用）,伊豆の国市,更地,土地カテゴリ（建物表記なし）,静岡 伊豆の国市 土地販売/土地売買,,,,3000,宅地,—,,不明,接道・区分情報なし、詳細/役場で要確認,,2026-07-25,,https://jmty.jp/shizuoka/est-land/article-19fibm,数値不明
ジモティー 静岡県 土地（キャンプ場用）,熱海市,更地,土地カテゴリ（建物表記なし）,静岡 熱海市 熱海駅 土地販売/土地売買,0,259.0,0.0,3000,—,—,,不明,接道・区分情報なし、詳細/役場で要確認,,2026-07-25,,https://jmty.jp/shizuoka/est-land/article-1q48ww,不適合
真野開発 売買物件一覧,沼津市,更地,土地カテゴリ（建物表記なし）,沼津市東椎路1493-5,500,66.9,24.7,1500,用途地域,—,,不明,接道・区分情報なし、詳細/役場で要確認,,2026-06-22,,https://manokaihatsu.com/estate/post-1608/,不適合
真野開発 売買物件一覧,裾野市,更地,土地カテゴリ（建物表記なし）,裾野市金沢字中道251-1・他,1100,339.3,10.7,1500,用途地域,—,,不明,接道・区分情報なし、詳細/役場で要確認,,2026-06-22,関心:無指定,https://manokaihatsu.com/estate/post-1391/,適合
真野開発 売買物件一覧,長泉町,更地,土地カテゴリ（建物表記なし）,駿東郡長泉町中土狩,3480,190.0,60.5,1500,用途地域,—,,不明,接道・区分情報なし、詳細/役場で要確認,,2026-06-22,,https://manokaihatsu.com/estate/post-1184/,不適合
真野開発 売買物件一覧,沼津市,更地,土地カテゴリ（建物表記なし）,沼津市東原,580,175.7,10.9,1500,用途地域,—,,不明,接道・区分情報なし、詳細/役場で要確認,,2026-06-22,関心:無指定,https://manokaihatsu.com/estate/post-1177/,不適合
真野開発 売買物件一覧,函南町,更地,土地カテゴリ（建物表記なし）,田方郡函南町仁田10-13,2300,187.0,40.7,1500,用途地域,—,,不明,接道・区分情報なし、詳細/役場で要確認,,2026-06-22,,https://manokaihatsu.com/estate/post-1175/,不適合
不動産創研 全物件一覧,伊豆の国市,更地,土地カテゴリ（建物表記なし）,伊豆の国市韮山山木,90,339.0,0.9,1500,—,—,,不明,接道・区分情報なし、詳細/役場で要確認,,2026-06-22,,https://www.fudosansoken.jp/uri-tochi/detail-6233bee51b57e903824460dd/,適合
不動産創研 全物件一覧,伊豆の国市,更地,土地カテゴリ（建物表記なし）,伊豆の国市韮山山木,110,374.0,1.0,1500,—,—,,不明,接道・区分情報なし、詳細/役場で要確認,,2026-06-22,,https://www.fudosansoken.jp/uri-tochi/detail-6233bee51b57e903824460dc/,適合
不動産創研 全物件一覧,伊豆の国市,中古戸建,中古戸建/住宅カテゴリ,伊豆の国市奈古谷エメラルドタウン,113,292.0,1.3,3000,—,—,,不明,接道・区分情報なし。建物ありだが現行法での再建築可否は役場で要確認,,2026-06-22,NG:エメラルドタウン,https://www.fudosansoken.jp/kodate/detail-675e6e3b6d9a195cc65deb6e/,不適合
不動産創研 全物件一覧,伊豆の国市,中古戸建,中古戸建/住宅カテゴリ,伊豆の国市奈古谷,115,195.0,1.9,3000,—,—,,不明,接道・区分情報なし。建物ありだが現行法での再建築可否は役場で要確認,,2026-06-22,,https://www.fudosansoken.jp/kodate/detail-672eafa323916c6482a8553f/,不適合
不動産創研 全物件一覧,伊豆の国市,更地,土地カテゴリ（建物表記なし）,伊豆の国市韮山山木,120,203.0,2.0,1500,—,—,,不明,接道・区分情報なし、詳細/役場で要確認,,2026-06-22,,https://www.fudosansoken.jp/uri-tochi/detail-6233bee51b57e903824460db/,不適合
不動産創研 全物件一覧,伊豆の国市,中古戸建,中古戸建/住宅カテゴリ,伊豆の国市奈古谷エメラルドタウン,190,168.0,3.7,3000,—,—,,不明,接道・区分情報なし。建物ありだが現行法での再建築可否は役場で要確認,,2026-07-10,NG:エメラルドタウン,https://www.fudosansoken.jp/kodate/detail-6a507cd2c06239fcb9fa2323/,不適合
不動産創研 全物件一覧,函南町,中古戸建,中古戸建/住宅カテゴリ,田方郡函南町畑毛,200,220.0,3.0,3000,畑,—,,不明,接道・区分情報なし。建物ありだが現行法での再建築可否は役場で要確認,,2026-06-22,,https://www.fudosansoken.jp/kodate/detail-69db14925e630b7accb47649/,不適合
不動産創研 全物件一覧,伊豆の国市,中古戸建,中古戸建/住宅カテゴリ,伊豆の国市韮山多田,280,147.0,6.3,3000,田,—,,不明,接道・区分情報なし。建物ありだが現行法での再建築可否は役場で要確認,,2026-06-22,,https://www.fudosansoken.jp/kodate/detail-69683e1590b1d2e134522240/,不適合
不動産創研 全物件一覧,函南町,中古戸建,中古戸建/住宅カテゴリ,田方郡函南町平井,320,310.0,3.4,3000,田,—,,不明,接道・区分情報なし。建物ありだが現行法での再建築可否は役場で要確認,,2026-06-22,,https://www.fudosansoken.jp/kodate/detail-686226968c963c2e85c9119d/,不適合
不動産創研 全物件一覧,函南町,中古戸建,中古戸建/住宅カテゴリ,田方郡函南町平井南箱根ダイヤランド,350,206.0,5.6,3000,田,—,,不明,接道・区分情報なし。建物ありだが現行法での再建築可否は役場で要確認,,2026-06-22,NG:南箱根ダイヤランド,https://www.fudosansoken.jp/kodate/detail-68560d3bc8b7813681514b68/,不適合
不動産創研 全物件一覧,伊豆の国市,中古戸建,中古戸建/住宅カテゴリ,伊豆の国市奈古谷エメラルドタウン,380,340.0,3.7,3000,—,—,,不明,接道・区分情報なし。建物ありだが現行法での再建築可否は役場で要確認,,2026-06-22,NG:エメラルドタウン,https://www.fudosansoken.jp/kodate/detail-686b5b281f19340ebf52c38f/,適合
不動産創研 全物件一覧,函南町,中古戸建,中古戸建/住宅カテゴリ,田方郡函南町畑毛,398,271.0,4.9,3000,畑,—,,不明,接道・区分情報なし。建物ありだが現行法での再建築可否は役場で要確認,,2026-06-22,,https://www.fudosansoken.jp/kodate/detail-685607148f3ce24db3d5023e/,不適合
不動産創研 全物件一覧,伊豆の国市,中古戸建,中古戸建/住宅カテゴリ,伊豆の国市奈古谷エメラルドタウン,460,75.9,20.0,3000,—,—,,不明,接道・区分情報なし。建物ありだが現行法での再建築可否は役場で要確認,,2026-06-22,NG:エメラルドタウン,https://www.fudosansoken.jp/kodate/detail-692f94f9c02b3fa25712b93e/,不適合
不動産創研 全物件一覧,伊豆の国市,中古戸建,中古戸建/住宅カテゴリ,伊豆の国市奈古谷,480,267.6,5.9,3000,—,—,,不明,接道・区分情報なし。建物ありだが現行法での再建築可否は役場で要確認,,2026-06-22,,https://www.fudosansoken.jp/kodate/detail-691aa98a492cd4a232324960/,不適合
不動産創研 全物件一覧,伊豆の国市,中古戸建,中古戸建/住宅カテゴリ,伊豆の国市奈古谷エメラルドタウン,520,240.0,7.2,3000,—,—,,不明,接道・区分情報なし。建物ありだが現行法での再建築可否は役場で要確認,,2026-07-22,NG:エメラルドタウン,https://www.fudosansoken.jp/kodate/detail-6a60488e05bb1d57c289ff6c/,不適合
不動産創研 全物件一覧,伊豆の国市,中古戸建,中古戸建/住宅カテゴリ,伊豆の国市奈古谷,580,358.0,5.4,3000,—,—,,不明,接道・区分情報なし。建物ありだが現行法での再建築可否は役場で要確認,,2026-06-22,,https://www.fudosansoken.jp/kodate/detail-68ec7dce4ad3235fd2693f67/,適合
不動産創研 全物件一覧,伊豆の国市,中古戸建,中古戸建/住宅カテゴリ,伊豆の国市奈古谷エメラルドタウン,640,370.8,5.7,3000,—,—,,不明,接道・区分情報なし。建物ありだが現行法での再建築可否は役場で要確認,,2026-06-22,NG:エメラルドタウン,https://www.fudosansoken.jp/kodate/detail-66ed03c97a45ad5f4e3aeccb/,適合
不動産創研 全物件一覧,函南町,中古戸建,中古戸建/住宅カテゴリ,田方郡函南町平井,645,248.1,8.6,3000,田,—,,不明,接道・区分情報なし。建物ありだが現行法での再建築可否は役場で要確認,,2026-06-22,,https://www.fudosansoken.jp/kodate/detail-69ae502ad9568222ef4b71bc/,不適合
不動産創研 全物件一覧,函南町,中古戸建,中古戸建/住宅カテゴリ,田方郡函南町平井,680,707.0,3.2,3000,田,—,,不明,接道・区分情報なし。建物ありだが現行法での再建築可否は役場で要確認,,2026-06-22,,https://www.fudosansoken.jp/kodate/detail-688eaa90335cca3658207e7b/,適合
不動産創研 全物件一覧,伊豆の国市,中古戸建,中古戸建/住宅カテゴリ,伊豆の国市奈古谷エメラルドタウン,980,250.0,13.0,3000,—,—,,不明,接道・区分情報なし。建物ありだが現行法での再建築可否は役場で要確認,,2026-06-22,NG:エメラルドタウン,https://www.fudosansoken.jp/kodate/detail-6642e3099c3cd83807cfc7e8/,不適合
不動産創研 全物件一覧,伊豆の国市,中古戸建,中古戸建/住宅カテゴリ,伊豆の国市奈古谷エメラルドタウン,980,344.0,9.4,3000,—,—,,不明,接道・区分情報なし。建物ありだが現行法での再建築可否は役場で要確認,,2026-06-22,NG:エメラルドタウン,https://www.fudosansoken.jp/kodate/detail-6233bef9300542747cbd190f/,適合
不動産創研 全物件一覧,函南町,中古戸建,中古戸建/住宅カテゴリ,田方郡函南町平井南箱根ダイヤランド,2250,448.0,16.6,3000,田,—,,不明,接道・区分情報なし。建物ありだが現行法での再建築可否は役場で要確認,,2026-06-22,NG:南箱根ダイヤランド,https://www.fudosansoken.jp/kodate/detail-6233bee51b57e903824460e0/,適合
伊豆総合企画 売買物件一覧,伊豆の国市,更地,土地カテゴリ（建物表記なし）,伊豆の国市長岡1334-4,288,43.0,22.1,1500,—,—,,不明,接道・区分情報なし、詳細/役場で要確認,,2026-06-22,注意:管理費,https://izu-s-k.fudohsan.jp/?post_type=fudo&menu=fudo&p=152585&shub=&shu=1&ros=&eki=&ken=&sik=&kalc=&kahc=&kalb=&kahb=&hof=&tik=&mel=&meh=,不適合
伊豆総合企画 売買物件一覧,沼津市,更地,土地カテゴリ（建物表記なし）,沼津市戸田907-5,1300,165.0,26.0,1500,田,—,,不明,接道・区分情報なし、詳細/役場で要確認,,2026-06-22,,https://izu-s-k.fudohsan.jp/?post_type=fudo&menu=fudo&p=21121&shub=&shu=1&ros=&eki=&ken=&sik=&kalc=&kahc=&kalb=&kahb=&hof=&tik=&mel=&meh=,不適合
伊豆総合企画 売買物件一覧,沼津市,更地,土地カテゴリ（建物表記なし）,沼津市高島町22－18,1350,117.2,38.1,1500,—,—,,不明,接道・区分情報なし、詳細/役場で要確認,,2026-06-22,,https://izu-s-k.fudohsan.jp/?post_type=fudo&menu=fudo&p=118917&shub=&shu=1&ros=&eki=&ken=&sik=&kalc=&kahc=&kalb=&kahb=&hof=&tik=&mel=&meh=,不適合
伊豆総合企画 売買物件一覧,三島市,更地,土地カテゴリ（建物表記なし）,三島市長伏,1455,73.6,65.4,1500,—,—,,不明,接道・区分情報なし、詳細/役場で要確認,,2026-07-24,注意:管理費,https://izu-s-k.fudohsan.jp/?post_type=fudo&menu=fudo&p=175603&shub=&shu=1&ros=&eki=&ken=&sik=&kalc=&kahc=&kalb=&kahb=&hof=&tik=&mel=&meh=,不適合
伊豆総合企画 売買物件一覧,沼津市,更地,土地カテゴリ（建物表記なし）,沼津市駿河台14-2,1480,155.0,31.6,1500,—,—,,不明,接道・区分情報なし、詳細/役場で要確認,,2026-06-22,,https://izu-s-k.fudohsan.jp/?post_type=fudo&menu=fudo&p=20796&shub=&shu=1&ros=&eki=&ken=&sik=&kalc=&kahc=&kalb=&kahb=&hof=&tik=&mel=&meh=,不適合
伊豆総合企画 売買物件一覧,清水町,更地,土地カテゴリ（建物表記なし）,駿東郡清水町徳倉,1520,165.3,30.4,1500,—,—,,不明,接道・区分情報なし、詳細/役場で要確認,,2026-06-22,,https://izu-s-k.fudohsan.jp/?post_type=fudo&menu=fudo&p=172442&shub=&shu=1&ros=&eki=&ken=&sik=&kalc=&kahc=&kalb=&kahb=&hof=&tik=&mel=&meh=,不適合
伊豆総合企画 売買物件一覧,伊豆の国市,更地,土地カテゴリ（建物表記なし）,伊豆の国市大仁,1980,49.6,132.0,1500,—,—,,不明,接道・区分情報なし、詳細/役場で要確認,,2026-06-22,,https://izu-s-k.fudohsan.jp/?post_type=fudo&menu=fudo&p=169525&shub=&shu=1&ros=&eki=&ken=&sik=&kalc=&kahc=&kalb=&kahb=&hof=&tik=&mel=&meh=,不適合
伊豆総合企画 売買物件一覧,函南町,更地,土地カテゴリ（建物表記なし）,田方郡函南町平井１２８４－１６、１２８４－２、,2100,321.5,21.6,1500,田,—,,不明,接道・区分情報なし、詳細/役場で要確認,,2026-06-22,,https://izu-s-k.fudohsan.jp/?post_type=fudo&menu=fudo&p=59401&shub=&shu=1&ros=&eki=&ken=&sik=&kalc=&kahc=&kalb=&kahb=&hof=&tik=&mel=&meh=,不適合
伊豆総合企画 売買物件一覧,伊豆の国市,更地,土地カテゴリ（建物表記なし）,伊豆の国市長岡,2380,130.6,60.2,1500,—,—,,不明,接道・区分情報なし、詳細/役場で要確認,,2026-06-22,注意:管理費,https://izu-s-k.fudohsan.jp/?post_type=fudo&menu=fudo&p=170946&shub=&shu=1&ros=&eki=&ken=&sik=&kalc=&kahc=&kalb=&kahb=&hof=&tik=&mel=&meh=,不適合
伊豆総合企画 売買物件一覧,三島市,更地,土地カテゴリ（建物表記なし）,三島市若松町4402-1,11000,2855.2,12.7,1500,—,—,,不明,接道・区分情報なし、詳細/役場で要確認,,2026-06-22,,https://izu-s-k.fudohsan.jp/?post_type=fudo&menu=fudo&p=125787&shub=&shu=1&ros=&eki=&ken=&sik=&kalc=&kahc=&kalb=&kahb=&hof=&tik=&mel=&meh=,不適合
U2JAPAN三島店 土地一覧,長泉町,更地,土地カテゴリ（建物表記なし）,駿東郡長泉町 南一色,1595,117.2,45.0,1500,宅地,—,,不明,接道・区分情報なし、詳細/役場で要確認,,2026-08-07,,https://www.u2japan-mishima-k.com/bkndetail/1276368178/room106440757/,不適合
U2JAPAN三島店 土地一覧,長泉町,更地,土地カテゴリ（建物表記なし）,駿東郡長泉町 南一色,1525,117.2,43.0,1500,宅地,—,,不明,接道・区分情報なし、詳細/役場で要確認,,2026-08-07,,https://www.u2japan-mishima-k.com/bkndetail/1276368178/room106440759/,不適合
U2JAPAN三島店 土地一覧,函南町,更地,土地カテゴリ（建物表記なし）,田方郡函南町 平井,498,260.0,6.3,1500,宅地,—,,不明,接道・区分情報なし、詳細/役場で要確認,,2026-06-30,注意:別荘地 NG:南箱根ダイヤランド,https://www.u2japan-mishima-k.com/bkndetail/267708437/room94300003/,不適合
U2JAPAN三島店 土地一覧,函南町,更地,土地カテゴリ（建物表記なし）,田方郡函南町 平井,185,312.0,2.0,1500,宅地,—,,不明,接道・区分情報なし、詳細/役場で要確認,,2026-06-30,注意:別荘地 NG:南箱根ダイヤランド,https://www.u2japan-mishima-k.com/bkndetail/267708437/room86406317/,不適合
U2JAPAN三島店 土地一覧,函南町,更地,土地カテゴリ（建物表記なし）,田方郡函南町 平井,100,393.0,0.8,1500,宅地,—,,不明,接道・区分情報なし、詳細/役場で要確認,,2026-06-30,注意:別荘地 NG:南箱根ダイヤランド,https://www.u2japan-mishima-k.com/bkndetail/267708437/room93986949/,適合
U2JAPAN三島店 土地一覧,函南町,更地,土地カテゴリ（建物表記なし）,田方郡函南町 軽井沢,230,1413.2,0.5,1500,宅地,—,,不明,接道・区分情報なし、詳細/役場で要確認,,2026-06-30,,https://www.u2japan-mishima-k.com/bkndetail/254959881/room100854297/,適合
U2JAPAN三島店 土地一覧,沼津市,更地,土地カテゴリ（建物表記なし）,沼津市 西間門,400,64.1,20.6,1500,宅地,—,,不明,接道・区分情報なし、詳細/役場で要確認,,2026-07-13,,https://www.u2japan-mishima-k.com/bkndetail/2838322457/room105344638/,不適合
U2JAPAN三島店 土地一覧,長泉町,更地,土地カテゴリ（建物表記なし）,駿東郡長泉町 東野,3900,846.6,15.2,1500,—,—,,不明,接道・区分情報なし、詳細/役場で要確認,,2026-07-23,,https://www.u2japan-mishima-k.com/bkndetail/4211645214/room105699639/,不適合
U2JAPAN三島店 土地一覧,沼津市,更地,土地カテゴリ（建物表記なし）,沼津市 東椎路,900,152.2,19.5,1500,—,—,,不明,接道・区分情報なし、詳細/役場で要確認,,2026-07-12,,https://www.u2japan-mishima-k.com/bkndetail/66420967/room105723106/,不適合
U2JAPAN三島店 土地一覧,三島市,更地,土地カテゴリ（建物表記なし）,三島市 谷田,998,130.4,25.3,1500,田,—,,不明,接道・区分情報なし、詳細/役場で要確認,,2026-07-23,,https://www.u2japan-mishima-k.com/bkndetail/1327525760/room105892209/,不適合
U2JAPAN三島店 土地一覧,沼津市,更地,土地カテゴリ（建物表記なし）,沼津市 玉江町,1380,198.5,23.0,1500,—,—,,不明,接道・区分情報なし、詳細/役場で要確認,,2026-07-19,,https://www.u2japan-mishima-k.com/bkndetail/104149097/room105912652/,不適合
U2JAPAN三島店 土地一覧,沼津市,更地,土地カテゴリ（建物表記なし）,沼津市 大門町,1450,147.1,32.6,1500,—,—,,不明,接道・区分情報なし、詳細/役場で要確認,,2026-07-04,,https://www.u2japan-mishima-k.com/bkndetail/562113537/room104563711/,不適合
U2JAPAN三島店 土地一覧,沼津市,更地,土地カテゴリ（建物表記なし）,沼津市 上香貫,700,105.8,21.9,1500,—,—,,不明,接道・区分情報なし、詳細/役場で要確認,,2026-07-04,,https://www.u2japan-mishima-k.com/bkndetail/2165914938/room105322727/,不適合
U2JAPAN三島店 土地一覧,伊豆の国市,更地,土地カテゴリ（建物表記なし）,伊豆の国市 中,980,1146.4,2.8,1500,田,—,,不明,接道・区分情報なし、詳細/役場で要確認,,2026-07-10,,https://www.u2japan-mishima-k.com/bkndetail/2194165148/room105516391/,適合
U2JAPAN三島店 土地一覧,清水町,更地,土地カテゴリ（建物表記なし）,駿東郡清水町 徳倉,1580,367.5,14.2,1500,田,—,,不明,接道・区分情報なし、詳細/役場で要確認,,2026-07-09,,https://www.u2japan-mishima-k.com/bkndetail/2331365299/room105546706/,不適合
U2JAPAN三島店 土地一覧,長泉町,更地,土地カテゴリ（建物表記なし）,駿東郡長泉町 下長窪,2850,173.5,54.3,1500,—,—,,不明,接道・区分情報なし、詳細/役場で要確認,,2026-06-30,,https://www.u2japan-mishima-k.com/bkndetail/1702591900/room103209614/,不適合
U2JAPAN三島店 土地一覧,三島市,更地,土地カテゴリ（建物表記なし）,三島市 谷田,1080,136.1,26.2,1500,宅地,—,,不明,接道・区分情報なし、詳細/役場で要確認,,2026-06-30,,https://www.u2japan-mishima-k.com/bkndetail/1605391170/room92141885/,不適合
U2JAPAN三島店 土地一覧,三島市,更地,土地カテゴリ（建物表記なし）,三島市 大場,2500,169.1,48.9,1500,宅地,—,,不明,接道・区分情報なし、詳細/役場で要確認,,2026-06-30,,https://www.u2japan-mishima-k.com/bkndetail/762526979/room93370233/,不適合
U2JAPAN三島店 土地一覧,函南町,更地,土地カテゴリ（建物表記なし）,田方郡函南町 柏谷,1100,161.9,22.5,1500,宅地,—,,不明,接道・区分情報なし、詳細/役場で要確認,,2026-06-30,注意:温泉,https://www.u2japan-mishima-k.com/bkndetail/68881733/room93610346/,不適合
U2JAPAN三島店 土地一覧,伊豆の国市,更地,土地カテゴリ（建物表記なし）,伊豆の国市 南條,300,300.7,3.3,1500,宅地,—,,不明,接道・区分情報なし、詳細/役場で要確認,,2026-06-30,,https://www.u2japan-mishima-k.com/bkndetail/3256582678/room93779866/,不適合
U2JAPAN三島店 土地一覧,清水町,更地,土地カテゴリ（建物表記なし）,駿東郡清水町 長沢,700,83.9,27.6,1500,宅地,—,,不明,接道・区分情報なし、詳細/役場で要確認,,2026-06-30,,https://www.u2japan-mishima-k.com/bkndetail/991262729/room93783660/,不適合
U2JAPAN三島店 土地一覧,三島市,更地,土地カテゴリ（建物表記なし）,三島市 光ケ丘,2100,255.3,27.2,1500,宅地,—,,不明,接道・区分情報なし、詳細/役場で要確認,,2026-06-30,,https://www.u2japan-mishima-k.com/bkndetail/1763406252/room79467355/,不適合
U2JAPAN三島店 土地一覧,三島市,更地,土地カテゴリ（建物表記なし）,三島市 大場,150,231.0,2.1,1500,宅地,—,,不明,接道・区分情報なし、詳細/役場で要確認,,2026-06-30,,https://www.u2japan-mishima-k.com/bkndetail/762526979/room86010003/,不適合
U2JAPAN三島店 土地一覧,沼津市,更地,土地カテゴリ（建物表記なし）,沼津市 志下,1200,396.0,10.0,1500,宅地,—,,不明,接道・区分情報なし、詳細/役場で要確認,,2026-06-30,,https://www.u2japan-mishima-k.com/bkndetail/2069330560/room86433450/,適合
U2JAPAN三島店 土地一覧,伊豆の国市,更地,土地カテゴリ（建物表記なし）,伊豆の国市 韮山山木,400,461.0,2.9,1500,宅地,—,,不明,接道・区分情報なし、詳細/役場で要確認,,2026-06-30,NG:富士見ニュータウン,https://www.u2japan-mishima-k.com/bkndetail/229814317/room90573340/,適合
U2JAPAN三島店 土地一覧,沼津市,更地,土地カテゴリ（建物表記なし）,沼津市 内浦重寺,1200,183.9,21.6,1500,田,—,,不明,接道・区分情報なし、詳細/役場で要確認,,2026-06-30,,https://www.u2japan-mishima-k.com/bkndetail/1256505504/room92695731/,不適合
U2JAPAN三島店 土地一覧,沼津市,更地,土地カテゴリ（建物表記なし）,沼津市 八幡町,800,72.6,36.4,1500,—,—,,不明,接道・区分情報なし、詳細/役場で要確認,,2026-06-30,,https://www.u2japan-mishima-k.com/bkndetail/696483938/room92987928/,不適合
U2JAPAN三島店 土地一覧,沼津市,更地,土地カテゴリ（建物表記なし）,沼津市 原,780,300.2,8.6,1500,田,—,,不明,接道・区分情報なし、詳細/役場で要確認,,2026-06-30,,https://www.u2japan-mishima-k.com/bkndetail/128503996/room93107029/,不適合
U2JAPAN三島店 土地一覧,三島市,更地,土地カテゴリ（建物表記なし）,三島市 谷田,750,197.1,12.6,1500,宅地,—,,不明,接道・区分情報なし、詳細/役場で要確認,,2026-06-30,,https://www.u2japan-mishima-k.com/bkndetail/1327525760/room83900055/,不適合
U2JAPAN三島店 土地一覧,三島市,更地,土地カテゴリ（建物表記なし）,三島市 市山新田,650,172.4,12.5,1500,田,市街化調整区域,,△,市街化調整区域は原則新築不可・許可要件次第＝本命候補,,2026-06-30,関心:市街化調整区域/調整区域,https://www.u2japan-mishima-k.com/bkndetail/1008908065/room85178392/,不適合
U2JAPAN三島店 土地一覧,三島市,更地,土地カテゴリ（建物表記なし）,三島市 山中新田,1900,472.6,13.3,1500,宅地,—,,不明,接道・区分情報なし、詳細/役場で要確認,,2026-06-30,,https://www.u2japan-mishima-k.com/bkndetail/3502672767/room86898736/,不適合
U2JAPAN三島店 土地一覧,伊豆の国市,更地,土地カテゴリ（建物表記なし）,伊豆の国市 大仁,1380,342.3,13.3,1500,田,—,,不明,接道・区分情報なし、詳細/役場で要確認,,2026-06-30,,https://www.u2japan-mishima-k.com/bkndetail/790035500/room91283580/,適合
U2JAPAN三島店 土地一覧,伊豆の国市,更地,土地カテゴリ（建物表記なし）,伊豆の国市 中,330,381.0,2.9,1500,田,—,,不明,接道・区分情報なし、詳細/役場で要確認,,2026-06-30,,https://www.u2japan-mishima-k.com/bkndetail/2194165148/room99406991/,適合
U2JAPAN三島店 土地一覧,沼津市,更地,土地カテゴリ（建物表記なし）,沼津市 下香貫,1490,222.1,22.2,1500,田,—,,不明,接道・区分情報なし、詳細/役場で要確認,,2026-06-30,,https://www.u2japan-mishima-k.com/bkndetail/1641170896/room104097358/,不適合
U2JAPAN三島店 土地一覧,三島市,更地,土地カテゴリ（建物表記なし）,三島市 光ケ丘,1880,241.3,25.8,1500,宅地,—,,不明,接道・区分情報なし、詳細/役場で要確認,,2026-06-30,,https://www.u2japan-mishima-k.com/bkndetail/1763406252/room104143840/,不適合
U2JAPAN三島店 土地一覧,沼津市,更地,土地カテゴリ（建物表記なし）,沼津市 西島町,1100,158.4,23.0,1500,—,—,,不明,接道・区分情報なし、詳細/役場で要確認,,2026-06-30,,https://www.u2japan-mishima-k.com/bkndetail/3770659752/room104551854/,不適合
U2JAPAN三島店 土地一覧,沼津市,更地,土地カテゴリ（建物表記なし）,沼津市 高沢町,1380,119.3,38.2,1500,—,—,,不明,接道・区分情報なし、詳細/役場で要確認,,2026-06-30,,https://www.u2japan-mishima-k.com/bkndetail/1986572144/room103948302/,不適合
U2JAPAN三島店 土地一覧,沼津市,更地,土地カテゴリ（建物表記なし）,沼津市 西間門,680,188.0,12.0,1500,田,—,,不明,接道・区分情報なし、詳細/役場で要確認,,2026-06-30,,https://www.u2japan-mishima-k.com/bkndetail/2838322457/room104215615/,不適合
U2JAPAN三島店 土地一覧,三島市,更地,土地カテゴリ（建物表記なし）,三島市 谷田,800,206.0,12.8,1500,宅地,—,,不明,接道・区分情報なし、詳細/役場で要確認,,2026-06-30,,https://www.u2japan-mishima-k.com/bkndetail/1327525760/room97430628/,不適合
U2JAPAN三島店 土地一覧,函南町,更地,土地カテゴリ（建物表記なし）,田方郡函南町 平井,480,103.6,15.3,1500,宅地,—,,不明,接道・区分情報なし、詳細/役場で要確認,,2026-06-30,,https://www.u2japan-mishima-k.com/bkndetail/197037747/room98301047/,不適合
U2JAPAN三島店 土地一覧,沼津市,更地,土地カテゴリ（建物表記なし）,沼津市 八幡町,2580,178.1,47.9,1500,宅地,—,,不明,接道・区分情報なし、詳細/役場で要確認,,2026-06-30,,https://www.u2japan-mishima-k.com/bkndetail/696483938/room99673878/,不適合
U2JAPAN三島店 土地一覧,沼津市,更地,土地カテゴリ（建物表記なし）,沼津市 戸田,1400,699.0,6.6,1500,田,—,,不明,接道・区分情報なし、詳細/役場で要確認,,2026-06-30,注意:温泉,https://www.u2japan-mishima-k.com/bkndetail/3691618925/room103892924/,適合
U2JAPAN三島店 土地一覧,三島市,更地,土地カテゴリ（建物表記なし）,三島市 大場,150,275.0,1.8,1500,宅地,—,,不明,接道・区分情報なし、詳細/役場で要確認,,2026-06-30,,https://www.u2japan-mishima-k.com/bkndetail/762526979/room90654435/,不適合
U2JAPAN三島店 土地一覧,三島市,更地,土地カテゴリ（建物表記なし）,三島市 中島,1980,177.0,37.0,1500,宅地,—,接道があります。 陽当たりや,不明,接道・区分情報なし、詳細/役場で要確認,,2026-06-30,,https://www.u2japan-mishima-k.com/bkndetail/469124714/room98301067/,不適合
U2JAPAN三島店 土地一覧,三島市,更地,土地カテゴリ（建物表記なし）,三島市 沢地,2800,360.9,25.6,1500,宅地,—,,不明,接道・区分情報なし、詳細/役場で要確認,,2026-06-30,,https://www.u2japan-mishima-k.com/bkndetail/154205629/room102659940/,不適合
U2JAPAN三島店 土地一覧,沼津市,更地,土地カテゴリ（建物表記なし）,沼津市 下香貫,580,113.1,17.0,1500,—,—,接道３方向の土地です。 国道,不明,接道・区分情報なし、詳細/役場で要確認,,2026-06-30,,https://www.u2japan-mishima-k.com/bkndetail/2582121359/room100513447/,不適合
U2JAPAN三島店 土地一覧,三島市,更地,土地カテゴリ（建物表記なし）,三島市 徳倉,430,83.0,17.1,1500,—,—,,不明,接道・区分情報なし、詳細/役場で要確認,,2026-06-30,,https://www.u2japan-mishima-k.com/bkndetail/4004211584/room100684300/,不適合
U2JAPAN三島店 土地一覧,伊豆の国市,更地,土地カテゴリ（建物表記なし）,伊豆の国市 韮山多田,148,720.0,0.7,1500,畑,—,,×,掲載に再建築不可の表記（新規建築不可）,,2026-06-30,,https://www.u2japan-mishima-k.com/bkndetail/192425462/room99880374/,適合
U2JAPAN三島店 土地一覧,伊豆の国市,更地,土地カテゴリ（建物表記なし）,伊豆の国市 南條,680,73.2,30.7,1500,宅地,—,,不明,接道・区分情報なし、詳細/役場で要確認,,2026-06-30,,https://www.u2japan-mishima-k.com/bkndetail/3256582678/room102264996/,不適合
U2JAPAN三島店 土地一覧,函南町,更地,土地カテゴリ（建物表記なし）,田方郡函南町 柏谷,1500,327.8,15.1,1500,宅地,—,,不明,接道・区分情報なし、詳細/役場で要確認,,2026-06-30,注意:温泉,https://www.u2japan-mishima-k.com/bkndetail/3915497177/room103563489/,不適合
U2JAPAN三島店 土地一覧,函南町,更地,土地カテゴリ（建物表記なし）,田方郡函南町 上沢,2500,1920.4,4.3,1500,田,—,,不明,接道・区分情報なし、詳細/役場で要確認,,2026-06-30,,https://www.u2japan-mishima-k.com/bkndetail/2909601199/room103900228/,不適合
U2JAPAN三島店 土地一覧,清水町,更地,土地カテゴリ（建物表記なし）,駿東郡清水町 徳倉,1390,254.0,18.1,1500,宅地,—,,不明,接道・区分情報なし、詳細/役場で要確認,,2026-06-30,,https://www.u2japan-mishima-k.com/bkndetail/213390949/room91582348/,不適合
U2JAPAN三島店 土地一覧,沼津市,更地,土地カテゴリ（建物表記なし）,沼津市 内浦重寺,800,144.0,18.4,1500,田,—,,不明,接道・区分情報なし、詳細/役場で要確認,,2026-06-30,,https://www.u2japan-mishima-k.com/bkndetail/296510614/room92985568/,不適合
U2JAPAN三島店 土地一覧,沼津市,更地,土地カテゴリ（建物表記なし）,沼津市 玉江町,2800,513.0,18.0,1500,—,—,,不明,接道・区分情報なし、詳細/役場で要確認,,2026-06-30,,https://www.u2japan-mishima-k.com/bkndetail/104149097/room93107031/,不適合
U2JAPAN三島店 土地一覧,長泉町,更地,土地カテゴリ（建物表記なし）,駿東郡長泉町 南一色,2200,181.0,40.2,1500,宅地,—,,不明,接道・区分情報なし、詳細/役場で要確認,,2026-06-30,,https://www.u2japan-mishima-k.com/bkndetail/2726648613/room99126052/,不適合
U2JAPAN三島店 土地一覧,三島市,古家付き土地,土地＋古家/上物の表記,三島市 青木,1200,113.9,34.8,1500,宅地,—,,不明,接道・区分情報なし。建物ありだが現行法での再建築可否は役場で要確認,,2026-06-30,,https://www.u2japan-mishima-k.com/bkndetail/923994357/room104140949/,不適合
U2JAPAN三島店 土地一覧,沼津市,更地,土地カテゴリ（建物表記なし）,沼津市 志下,380,251.0,5.0,1500,宅地,—,,不明,接道・区分情報なし、詳細/役場で要確認,,2026-06-30,,https://www.u2japan-mishima-k.com/bkndetail/2069330560/room86149706/,不適合
U2JAPAN三島店 土地一覧,三島市,更地,土地カテゴリ（建物表記なし）,三島市 谷田,1780,177.6,33.1,1500,宅地,—,,不明,接道・区分情報なし、詳細/役場で要確認,,2026-06-30,,https://www.u2japan-mishima-k.com/bkndetail/1327525760/room97050871/,不適合
U2JAPAN三島店 土地一覧,三島市,更地,土地カテゴリ（建物表記なし）,三島市 萩,2280,182.0,41.4,1500,宅地,—,,不明,接道・区分情報なし、詳細/役場で要確認,,2026-08-01,,https://www.u2japan-mishima-k.com/bkndetail/758518977/room106234834/,不適合
U2JAPAN三島店 土地一覧,沼津市,更地,土地カテゴリ（建物表記なし）,沼津市 錦町,1800,102.5,58.1,1500,宅地,—,,不明,接道・区分情報なし、詳細/役場で要確認,,2026-08-03,,https://www.u2japan-mishima-k.com/bkndetail/3205321316/room106140430/,不適合
山いちば 静岡県 山林物件,熱海市,更地,土地カテゴリ（建物表記なし）,静岡県熱海市伊豆山,,28500.0,,3000,山林,—,接道条件 公道に面する。 都,不明,接道・区分情報なし、詳細/役場で要確認,,2026-07-15,,https://yamaichiba.com/shizuoka-atamishi-izusan372/,数値不明
日本マウント 静岡県 リゾート・田舎物件,裾野市,中古戸建,中古戸建/住宅カテゴリ,静岡県裾野市須山「愛鷹つつじの咲く別荘地,900,,,3000,—,—,,不明,接道・区分情報なし。建物ありだが現行法での再建築可否は役場で要確認,,2026-07-03,注意:別荘地,https://resort-estate.com/detail/1820,数値不明
日本マウント 静岡県 リゾート・田舎物件,裾野市,中古戸建,中古戸建/住宅カテゴリ,静岡県裾野市「十里木高原別荘地」,1380,,,3000,—,—,,不明,接道・区分情報なし。建物ありだが現行法での再建築可否は役場で要確認,,2026-07-03,注意:別荘地,https://resort-estate.com/detail/1892,数値不明
日本マウント 静岡県 リゾート・田舎物件,裾野市,中古戸建,中古戸建/住宅カテゴリ,静岡県裾野市「愛鷹つつじの咲く別荘地,650,,,3000,—,—,,不明,接道・区分情報なし。建物ありだが現行法での再建築可否は役場で要確認,,2026-07-03,注意:別荘地,https://resort-estate.com/detail/1544,数値不明
日本マウント 静岡県 リゾート・田舎物件,伊東市,更地,土地カテゴリ（建物表記なし）,静岡県伊東市富戸「大室高原別荘地」,60,,,3000,—,—,,不明,接道・区分情報なし、詳細/役場で要確認,,2026-07-03,注意:別荘地,https://resort-estate.com/detail/3505,数値不明
日本マウント 静岡県 リゾート・田舎物件,裾野市,中古戸建,中古戸建/住宅カテゴリ,静岡県裾野市須山「愛鷹つつじの咲く別荘地,1480,,,3000,—,—,,不明,接道・区分情報なし。建物ありだが現行法での再建築可否は役場で要確認,,2026-07-03,注意:別荘地,https://resort-estate.com/detail/1346,数値不明
日本マウント 静岡県 リゾート・田舎物件,裾野市,中古戸建,中古戸建/住宅カテゴリ,静岡県裾野市「愛鷹つつじの咲く別荘地,6400,,,3000,—,—,,不明,接道・区分情報なし。建物ありだが現行法での再建築可否は役場で要確認,,2026-07-03,注意:別荘地,https://resort-estate.com/detail/1744,数値不明
日本マウント 静岡県 リゾート・田舎物件,伊豆の国市,中古戸建,中古戸建/住宅カテゴリ,静岡県伊豆の国市三福,3650,,,3000,—,—,,不明,接道・区分情報なし。建物ありだが現行法での再建築可否は役場で要確認,,2026-07-03,,https://resort-estate.com/detail/1861,数値不明
日本マウント 静岡県 リゾート・田舎物件,裾野市,中古戸建,中古戸建/住宅カテゴリ,静岡県裾野市,1280,,,3000,—,—,,不明,接道・区分情報なし。建物ありだが現行法での再建築可否は役場で要確認,,2026-07-03,注意:別荘地,https://resort-estate.com/detail/1449,数値不明
日本マウント 静岡県 リゾート・田舎物件,伊豆の国市,更地,土地カテゴリ（建物表記なし）,静岡県伊豆の国市「富士見ニュータウン」,300,,,3000,—,—,,不明,接道・区分情報なし、詳細/役場で要確認,,2026-07-03,注意:別荘地/温泉 NG:富士見ニュータウン,https://resort-estate.com/detail/3501,数値不明
日本マウント 静岡県 リゾート・田舎物件,裾野市,更地,土地カテゴリ（建物表記なし）,静岡県裾野市須山「愛鷹つつじの咲く別荘地,300,,,3000,—,—,接道は東側。ほぼ整形に近い形,不明,接道・区分情報なし、詳細/役場で要確認,,2026-07-03,注意:別荘地,https://resort-estate.com/detail/3460,数値不明
日本マウント 静岡県 リゾート・田舎物件,裾野市,更地,土地カテゴリ（建物表記なし）,静岡県裾野市「愛鷹つつじの咲く別荘地,300,,,3000,—,—,,不明,接道・区分情報なし、詳細/役場で要確認,,2026-07-03,注意:別荘地,https://resort-estate.com/detail/3436,数値不明
日本マウント 静岡県 リゾート・田舎物件,伊東市,中古戸建,中古戸建/住宅カテゴリ,静岡県伊東市八幡野「伊豆急伊豆高原分譲地」,7990,,,3000,—,—,,不明,接道・区分情報なし。建物ありだが現行法での再建築可否は役場で要確認,,2026-08-01,注意:温泉,https://resort-estate.com/detail/1750,数値不明
日本マウント 静岡県 リゾート・田舎物件,熱海市,中古戸建,中古戸建/住宅カテゴリ,静岡県熱海市桜木町,4450,,,3000,—,—,,不明,接道・区分情報なし。建物ありだが現行法での再建築可否は役場で要確認,,2026-07-03,,https://resort-estate.com/detail/1852,数値不明
日本マウント 静岡県 リゾート・田舎物件,伊東市,中古戸建,中古戸建/住宅カテゴリ,静岡県伊東市富戸・大室山,3980,,,3000,—,—,,不明,接道・区分情報なし。建物ありだが現行法での再建築可否は役場で要確認,,2026-07-03,,https://resort-estate.com/detail/1781,数値不明
日本マウント 静岡県 リゾート・田舎物件,伊東市,中古戸建,中古戸建/住宅カテゴリ,静岡県伊東市八幡野,6480,,,3000,—,—,,不明,接道・区分情報なし。建物ありだが現行法での再建築可否は役場で要確認,,2026-08-05,,https://resort-estate.com/detail/1956,数値不明
日本マウント 静岡県 リゾート・田舎物件,,中古戸建,中古戸建/住宅カテゴリ,静岡県「南箱根ダイヤランド」,3500,,,3000,—,—,,不明,接道・区分情報なし。建物ありだが現行法での再建築可否は役場で要確認,,2026-08-01,注意:温泉 NG:南箱根ダイヤランド,https://resort-estate.com/detail/1782,数値不明
日本マウント 静岡県 リゾート・田舎物件,熱海市,中古戸建,中古戸建/住宅カテゴリ,静岡県熱海市網代,15000,,,3000,—,—,,不明,接道・区分情報なし。建物ありだが現行法での再建築可否は役場で要確認,,2026-08-01,注意:温泉,https://resort-estate.com/detail/1791,数値不明
日本マウント 静岡県 リゾート・田舎物件,伊東市,更地,土地カテゴリ（建物表記なし）,静岡県伊東市八幡野,440,,,3000,—,—,,不明,接道・区分情報なし、詳細/役場で要確認,,2026-07-03,注意:温泉,https://resort-estate.com/detail/3354,数値不明
日本マウント 静岡県 リゾート・田舎物件,伊東市,更地,土地カテゴリ（建物表記なし）,静岡県伊東市池「南大室台別荘地」,2800,,,3000,—,—,,不明,接道・区分情報なし、詳細/役場で要確認,,2026-08-10,注意:別荘地/温泉,https://resort-estate.com/detail/1968,数値不明
日本マウント 静岡県 リゾート・田舎物件,熱海市,中古戸建,中古戸建/住宅カテゴリ,静岡県熱海市相の原町,850,,,3000,—,—,,不明,接道・区分情報なし。建物ありだが現行法での再建築可否は役場で要確認,,2026-07-03,,https://resort-estate.com/detail/1893,数値不明
日本マウント 静岡県 リゾート・田舎物件,伊東市,中古戸建,中古戸建/住宅カテゴリ,静岡県伊東市富戸大室高原「大室高原（シャボテン公園）別荘地」,980,,,3000,—,—,,不明,接道・区分情報なし。建物ありだが現行法での再建築可否は役場で要確認,,2026-08-05,注意:別荘地/温泉,https://resort-estate.com/detail/1957,数値不明
日本マウント 静岡県 リゾート・田舎物件,熱海市,中古戸建,中古戸建/住宅カテゴリ,静岡県熱海市「熱海自然郷」,1200,,,3000,—,—,,不明,接道・区分情報なし。建物ありだが現行法での再建築可否は役場で要確認,,2026-07-03,注意:別荘地/温泉,https://resort-estate.com/detail/1898,数値不明
日本マウント 静岡県 リゾート・田舎物件,伊東市,中古戸建,中古戸建/住宅カテゴリ,静岡県伊東市赤沢「天城高原別荘地」,1980,,,3000,—,—,,不明,接道・区分情報なし。建物ありだが現行法での再建築可否は役場で要確認,,2026-07-03,注意:別荘地,https://resort-estate.com/detail/1909,数値不明
日本マウント 静岡県 リゾート・田舎物件,裾野市,中古戸建,中古戸建/住宅カテゴリ,静岡県裾野市「十里木南富士別荘地」,2980,,,3000,—,—,,不明,接道・区分情報なし。建物ありだが現行法での再建築可否は役場で要確認,,2026-07-03,注意:別荘地,https://resort-estate.com/detail/1641,数値不明
日本マウント 静岡県 リゾート・田舎物件,伊東市,中古戸建,中古戸建/住宅カテゴリ,静岡県伊東市「浮山温泉別荘地」,2980,,,3000,—,—,,不明,接道・区分情報なし。建物ありだが現行法での再建築可否は役場で要確認,,2026-07-03,注意:別荘地/温泉,https://resort-estate.com/detail/1797,数値不明
日本マウント 静岡県 リゾート・田舎物件,熱海市,中古戸建,中古戸建/住宅カテゴリ,静岡県熱海市「南箱根ダイヤランド」,4980,,,3000,—,—,,不明,接道・区分情報なし。建物ありだが現行法での再建築可否は役場で要確認,,2026-07-16,注意:温泉 NG:南箱根ダイヤランド,https://resort-estate.com/detail/1943,数値不明
日本マウント 静岡県 リゾート・田舎物件,伊東市,中古戸建,中古戸建/住宅カテゴリ,静岡県伊東市宇佐美「みのりの村別荘地」,1580,,,3000,—,—,,不明,接道・区分情報なし。建物ありだが現行法での再建築可否は役場で要確認,,2026-07-07,注意:別荘地/温泉,https://resort-estate.com/detail/1934,数値不明
日本マウント 静岡県 リゾート・田舎物件,裾野市,中古戸建,中古戸建/住宅カテゴリ,静岡県裾野市須山「十里木高原別荘地」,2080,,,3000,—,—,,不明,接道・区分情報なし。建物ありだが現行法での再建築可否は役場で要確認,,2026-07-03,注意:別荘地,https://resort-estate.com/detail/1794,数値不明
日本マウント 静岡県 リゾート・田舎物件,熱海市,中古戸建,中古戸建/住宅カテゴリ,静岡県熱海市上多賀,4180,,,3000,畑,—,,不明,接道・区分情報なし。建物ありだが現行法での再建築可否は役場で要確認,,2026-08-01,,https://resort-estate.com/detail/1836,数値不明
日本マウント 静岡県 リゾート・田舎物件,函南町,中古戸建,中古戸建/住宅カテゴリ,静岡県田方郡函南町桑原,1980,,,3000,田,—,,不明,接道・区分情報なし。建物ありだが現行法での再建築可否は役場で要確認,,2026-07-03,注意:温泉,https://resort-estate.com/detail/1926,数値不明
日本マウント 静岡県 リゾート・田舎物件,函南町,中古戸建,中古戸建/住宅カテゴリ,静岡県田方郡函南町「,2300,,,3000,田,—,,不明,接道・区分情報なし。建物ありだが現行法での再建築可否は役場で要確認,,2026-07-03,NG:南箱根ダイヤランド,https://resort-estate.com/detail/1793,数値不明
日本マウント 静岡県 リゾート・田舎物件,伊東市,中古戸建,中古戸建/住宅カテゴリ,静岡県伊東市赤沢「あかざわ恒陽台別荘」,980,,,3000,—,—,,不明,接道・区分情報なし。建物ありだが現行法での再建築可否は役場で要確認,,2026-07-03,注意:別荘地/温泉,https://resort-estate.com/detail/1884,数値不明
日本マウント 静岡県 リゾート・田舎物件,熱海市,中古戸建,中古戸建/住宅カテゴリ,静岡県熱海市泉,7500,,,3000,—,—,,不明,接道・区分情報なし。建物ありだが現行法での再建築可否は役場で要確認,,2026-07-03,,https://resort-estate.com/detail/1812,数値不明
日本マウント 静岡県 リゾート・田舎物件,伊東市,更地,土地カテゴリ（建物表記なし）,物件No.1924 伊東市 八幡野 新築別荘 こちらの物件は、現在会員様のみ閲覧可能です,,,,3000,—,—,,不明,接道・区分情報なし、詳細/役場で要確認,,2026-07-03,,https://resort-estate.com/detail/1924,数値不明
日本マウント 静岡県 リゾート・田舎物件,伊東市,中古戸建,中古戸建/住宅カテゴリ,静岡県伊東市川奈「富士急川奈別荘地」,15800,,,3000,—,—,,不明,接道・区分情報なし。建物ありだが現行法での再建築可否は役場で要確認,,2026-07-03,注意:別荘地/温泉,https://resort-estate.com/detail/1923,数値不明
日本マウント 静岡県 リゾート・田舎物件,熱海市,中古戸建,中古戸建/住宅カテゴリ,静岡県熱海市伊豆山,9200,,,3000,—,—,,不明,接道・区分情報なし。建物ありだが現行法での再建築可否は役場で要確認,,2026-07-03,,https://resort-estate.com/detail/1915,数値不明
日本マウント 静岡県 リゾート・田舎物件,伊東市,中古戸建,中古戸建/住宅カテゴリ,静岡県伊東市「大室高原別荘地」,2380,,,3000,—,—,,不明,接道・区分情報なし。建物ありだが現行法での再建築可否は役場で要確認,,2026-07-03,注意:別荘地/温泉,https://resort-estate.com/detail/1833,数値不明
日本マウント 静岡県 リゾート・田舎物件,熱海市,更地,土地カテゴリ（建物表記なし）,物件No.1919 熱海市 西山町 中古住宅 こちらの物件は、現在会員様のみ閲覧可能です,,,,3000,—,—,,不明,接道・区分情報なし、詳細/役場で要確認,,2026-07-03,,https://resort-estate.com/detail/1919,数値不明
日本マウント 静岡県 リゾート・田舎物件,伊東市,更地,土地カテゴリ（建物表記なし）,物件No.1912 伊東市 池 中古別荘 こちらの物件は、現在会員様のみ閲覧可能です,,,,3000,—,—,,不明,接道・区分情報なし、詳細/役場で要確認,,2026-07-03,,https://resort-estate.com/detail/1912,数値不明
日本マウント 静岡県 リゾート・田舎物件,熱海市,更地,土地カテゴリ（建物表記なし）,静岡県熱海市「熱海自然郷別荘地」,2580,,,3000,—,—,,不明,接道・区分情報なし、詳細/役場で要確認,,2026-07-03,注意:別荘地/温泉,https://resort-estate.com/detail/1823,数値不明
日本マウント 静岡県 リゾート・田舎物件,熱海市,中古戸建,中古戸建/住宅カテゴリ,静岡県熱海市上多賀,980,,,3000,—,—,,不明,接道・区分情報なし。建物ありだが現行法での再建築可否は役場で要確認,,2026-07-03,,https://resort-estate.com/detail/1914,数値不明
日本マウント 静岡県 リゾート・田舎物件,熱海市,中古戸建,中古戸建/住宅カテゴリ,静岡県熱海市泉,4480,,,3000,—,—,,不明,接道・区分情報なし。建物ありだが現行法での再建築可否は役場で要確認,,2026-07-03,,https://resort-estate.com/detail/1888,数値不明
日本マウント 静岡県 リゾート・田舎物件,伊東市,中古戸建,中古戸建/住宅カテゴリ,静岡県伊東市「大室高原別荘地」,1570,,,3000,—,—,,不明,接道・区分情報なし。建物ありだが現行法での再建築可否は役場で要確認,,2026-07-03,注意:別荘地/温泉,https://resort-estate.com/detail/1906,数値不明
日本マウント 静岡県 リゾート・田舎物件,伊東市,中古戸建,中古戸建/住宅カテゴリ,静岡県伊東市吉田,4980,,,3000,田,—,,不明,接道・区分情報なし。建物ありだが現行法での再建築可否は役場で要確認,,2026-07-03,,https://resort-estate.com/detail/1913,数値不明
日本マウント 静岡県 リゾート・田舎物件,伊東市,更地,土地カテゴリ（建物表記なし）,物件No.1911 伊東市 湯川 中古住宅 こちらの物件は、現在会員様のみ閲覧可能です,,,,3000,—,—,,不明,接道・区分情報なし、詳細/役場で要確認,,2026-07-03,,https://resort-estate.com/detail/1911,数値不明
日本マウント 静岡県 リゾート・田舎物件,熱海市,中古戸建,中古戸建/住宅カテゴリ,静岡県熱海市西熱海町２丁目,4980,,,3000,—,—,,不明,接道・区分情報なし。建物ありだが現行法での再建築可否は役場で要確認,,2026-07-03,,https://resort-estate.com/detail/1910,数値不明
日本マウント 静岡県 リゾート・田舎物件,伊東市,中古戸建,中古戸建/住宅カテゴリ,静岡県伊東市富戸「大室高原別荘地」,1580,,,3000,—,—,,不明,接道・区分情報なし。建物ありだが現行法での再建築可否は役場で要確認,,2026-07-03,注意:別荘地/温泉,https://resort-estate.com/detail/1908,数値不明
日本マウント 静岡県 リゾート・田舎物件,熱海市,中古戸建,中古戸建/住宅カテゴリ,静岡県熱海市「網代山別荘地」,1290,,,3000,—,—,,不明,接道・区分情報なし。建物ありだが現行法での再建築可否は役場で要確認,,2026-07-03,注意:別荘地,https://resort-estate.com/detail/1814,数値不明
日本マウント 静岡県 リゾート・田舎物件,伊東市,更地,土地カテゴリ（建物表記なし）,物件No.1805 伊東市 吉田 中古住宅 こちらの物件は、現在会員様のみ閲覧可能です,,,,3000,田,—,,不明,接道・区分情報なし、詳細/役場で要確認,,2026-07-03,,https://resort-estate.com/detail/1805,数値不明
日本マウント 静岡県 リゾート・田舎物件,伊東市,中古戸建,中古戸建/住宅カテゴリ,静岡県伊東市富戸大室高原「大室高原別荘地」,2300,,,3000,—,—,,不明,接道・区分情報なし。建物ありだが現行法での再建築可否は役場で要確認,,2026-07-03,注意:別荘地/温泉,https://resort-estate.com/detail/1891,数値不明
日本マウント 静岡県 リゾート・田舎物件,伊東市,中古戸建,中古戸建/住宅カテゴリ,静岡県伊東市富戸,3750,,,3000,—,—,,不明,接道・区分情報なし。建物ありだが現行法での再建築可否は役場で要確認,,2026-07-03,,https://resort-estate.com/detail/1890,数値不明
日本マウント 静岡県 リゾート・田舎物件,函南町,更地,土地カテゴリ（建物表記なし）,物件No.1889 田方郡函南町 平井南箱根ダイヤランド 中古別荘 こちらの物件は、現在会員様のみ閲覧可能です,,,,3000,田,—,,不明,接道・区分情報なし、詳細/役場で要確認,,2026-07-03,NG:南箱根ダイヤランド,https://resort-estate.com/detail/1889,数値不明
日本マウント 静岡県 リゾート・田舎物件,伊東市,中古戸建,中古戸建/住宅カテゴリ,静岡県伊東市富戸「大室高原別荘地」,2300,,,3000,—,—,,不明,接道・区分情報なし。建物ありだが現行法での再建築可否は役場で要確認,,2026-07-03,注意:別荘地/温泉,https://resort-estate.com/detail/1886,数値不明
日本マウント 静岡県 リゾート・田舎物件,伊東市,中古戸建,中古戸建/住宅カテゴリ,静岡県伊東市吉田「ゴルフガーデン別荘地」,1280,,,3000,田,—,,不明,接道・区分情報なし。建物ありだが現行法での再建築可否は役場で要確認,,2026-07-03,注意:別荘地,https://resort-estate.com/detail/1883,数値不明
日本マウント 静岡県 リゾート・田舎物件,熱海市,中古戸建,中古戸建/住宅カテゴリ,静岡県熱海市上多賀,3700,,,3000,—,—,,不明,接道・区分情報なし。建物ありだが現行法での再建築可否は役場で要確認,,2026-07-03,,https://resort-estate.com/detail/1869,数値不明
日本マウント 静岡県 リゾート・田舎物件,伊東市,中古戸建,中古戸建/住宅カテゴリ,静岡県伊東市「,2800,,,3000,—,—,,不明,接道・区分情報なし。建物ありだが現行法での再建築可否は役場で要確認,,2026-08-01,注意:別荘地,https://resort-estate.com/detail/1790,数値不明
東海ヤジマ 伊豆の物件一覧（土地・戸建）,下田市,更地,土地カテゴリ（建物表記なし）,静岡県下田市六丁目720番27,38,165.0,0.8,3000,田,—,,不明,接道・区分情報なし、詳細/役場で要確認,,2026-07-04,,https://tokaiyajima.com/fudo/7072?bk=&shu=&mid=&nor=,不適合
東海ヤジマ 伊豆の物件一覧（土地・戸建）,下田市,更地,土地カテゴリ（建物表記なし）,静岡県下田市白浜字女郎山2779番3,48,172.0,0.9,3000,田,—,,不明,接道・区分情報なし、詳細/役場で要確認,,2026-07-04,,https://tokaiyajima.com/fudo/10120?bk=&shu=&mid=&nor=,不適合
東海ヤジマ 伊豆の物件一覧（土地・戸建）,下田市,更地,土地カテゴリ（建物表記なし）,静岡県下田市白浜字女郎山2779番4,48,,,3000,田,—,,不明,接道・区分情報なし、詳細/役場で要確認,,2026-07-04,注意:別荘地,https://tokaiyajima.com/fudo/10556?bk=&shu=&mid=&nor=,数値不明
東海ヤジマ 伊豆の物件一覧（土地・戸建）,下田市,中古戸建,中古戸建/住宅カテゴリ,静岡県下田市五丁目290番地3,50,,,3000,田,—,,不明,接道・区分情報なし。建物ありだが現行法での再建築可否は役場で要確認,,2026-07-04,,https://tokaiyajima.com/fudo/8803?bk=&shu=&mid=&nor=,数値不明
東海ヤジマ 伊豆の物件一覧（土地・戸建）,下田市,更地,土地カテゴリ（建物表記なし）,静岡県下田市吉佐美字万千山2357番地156　太陽苑,60,250.0,0.8,3000,田,—,,不明,接道・区分情報なし、詳細/役場で要確認,,2026-07-04,,https://tokaiyajima.com/fudo/4437?bk=&shu=&mid=&nor=,不適合
東海ヤジマ 伊豆の物件一覧（土地・戸建）,下田市,更地,土地カテゴリ（建物表記なし）,"静岡県下田市吉佐美字万千山2357-18,19",68,,,3000,田,—,,不明,接道・区分情報なし、詳細/役場で要確認,,2026-07-04,,https://tokaiyajima.com/fudo/2649?bk=&shu=&mid=&nor=,数値不明
東海ヤジマ 伊豆の物件一覧（土地・戸建）,下田市,中古戸建,中古戸建/住宅カテゴリ,静岡県下田市宇土金293番地,115,,,3000,畑,—,,不明,接道・区分情報なし。建物ありだが現行法での再建築可否は役場で要確認,,2026-07-04,,https://tokaiyajima.com/fudo/10570?bk=&shu=&mid=&nor=,数値不明
東海ヤジマ 伊豆の物件一覧（土地・戸建）,東伊豆町,更地,土地カテゴリ（建物表記なし）,静岡県賀茂郡東伊豆町奈良本字仲道1067番,156,171.9,3.0,3000,宅地,—,,不明,接道・区分情報なし、詳細/役場で要確認,,2026-07-04,,https://tokaiyajima.com/fudo/3253?bk=&shu=&mid=&nor=,不適合
東海ヤジマ 伊豆の物件一覧（土地・戸建）,南伊豆町,更地,土地カテゴリ（建物表記なし）,静岡県賀茂郡南伊豆町妻良字根木藪2038番1,158,4263.8,0.1,3000,田,—,,不明,接道・区分情報なし、詳細/役場で要確認,,2026-07-04,,https://tokaiyajima.com/fudo/10281?bk=&shu=&mid=&nor=,適合
東海ヤジマ 伊豆の物件一覧（土地・戸建）,下田市,更地,土地カテゴリ（建物表記なし）,静岡県下田市５丁目３７番（808-2）,168,,,3000,田,—,,不明,接道・区分情報なし、詳細/役場で要確認,,2026-07-04,,https://tokaiyajima.com/fudo/1053?bk=&shu=&mid=&nor=,数値不明
東海ヤジマ 伊豆の物件一覧（土地・戸建）,南伊豆町,更地,土地カテゴリ（建物表記なし）,静岡県賀茂郡南伊豆町手石字湯坂1348-9他,198,,,3000,田,—,,不明,接道・区分情報なし、詳細/役場で要確認,,2026-07-04,注意:温泉,https://tokaiyajima.com/fudo/3971?bk=os2&shu=&mid=&nor=,数値不明
東海ヤジマ 伊豆の物件一覧（土地・戸建）,伊東市,更地,土地カテゴリ（建物表記なし）,静岡県伊東市荻字荻峰472番70,198,159.1,4.1,3000,—,—,,不明,接道・区分情報なし、詳細/役場で要確認,,2026-07-04,注意:管理費/温泉,https://tokaiyajima.com/fudo/5990?bk=os2&shu=&mid=&nor=,不適合
東海ヤジマ 伊豆の物件一覧（土地・戸建）,南伊豆町,更地,土地カテゴリ（建物表記なし）,静岡県賀茂郡南伊豆町石井字外畑289番地1,248,509.1,1.6,3000,畑,—,,不明,接道・区分情報なし、詳細/役場で要確認,,2026-07-04,,https://tokaiyajima.com/fudo/5475?bk=os2&shu=&mid=&nor=,不適合
東海ヤジマ 伊豆の物件一覧（土地・戸建）,伊東市,更地,土地カテゴリ（建物表記なし）,静岡県伊東市鎌田字宇佐美美畑1076-123、124,273,,,3000,畑,—,,不明,接道・区分情報なし、詳細/役場で要確認,,2026-07-04,,https://tokaiyajima.com/fudo/1816?bk=os2&shu=&mid=&nor=,数値不明
東海ヤジマ 伊豆の物件一覧（土地・戸建）,南伊豆町,更地,土地カテゴリ（建物表記なし）,静岡県賀茂郡南伊豆町大瀬849-6他,280,699.0,1.3,3000,田,—,,不明,接道・区分情報なし、詳細/役場で要確認,,2026-08-07,,https://tokaiyajima.com/fudo/11461?bk=os2&shu=&mid=&nor=,不適合
東海ヤジマ 伊豆の物件一覧（土地・戸建）,下田市,更地,土地カテゴリ（建物表記なし）,静岡県下田市加増野字稲ゴ田３８番２　他３筆,300,426.0,2.3,3000,田,—,,不明,接道・区分情報なし、詳細/役場で要確認,,2026-07-04,,https://tokaiyajima.com/fudo/4824?bk=os2&shu=&mid=&nor=,不適合
東海ヤジマ 伊豆の物件一覧（土地・戸建）,南伊豆町,更地,土地カテゴリ（建物表記なし）,静岡県賀茂郡南伊豆町伊浜字長野2722番41,306,2525.1,0.4,3000,田,—,,不明,接道・区分情報なし、詳細/役場で要確認,,2026-07-04,,https://tokaiyajima.com/fudo/7839?bk=os2&shu=&mid=&nor=,適合
東海ヤジマ 伊豆の物件一覧（土地・戸建）,下田市,更地,土地カテゴリ（建物表記なし）,静岡県下田市高馬70番1,325,123.4,8.7,3000,田,—,,不明,接道・区分情報なし、詳細/役場で要確認,,2026-07-04,,https://tokaiyajima.com/fudo/4382?bk=os2&shu=&mid=&nor=,不適合
東海ヤジマ 伊豆の物件一覧（土地・戸建）,南伊豆町,更地,土地カテゴリ（建物表記なし）,静岡県賀茂郡南伊豆町湊字前川955番3,330,,,3000,田,—,,不明,接道・区分情報なし、詳細/役場で要確認,,2026-07-04,,https://tokaiyajima.com/fudo/10344?bk=os2&shu=&mid=&nor=,数値不明
東海ヤジマ 伊豆の物件一覧（土地・戸建）,下田市,中古戸建,中古戸建/住宅カテゴリ,静岡県下田市須崎字尾竹山1190番地46,350,,,3000,田,—,,不明,接道・区分情報なし。建物ありだが現行法での再建築可否は役場で要確認,,2026-07-04,,https://tokaiyajima.com/fudo/8475?bk=os2&shu=&mid=&nor=,数値不明
東海ヤジマ 伊豆の物件一覧（土地・戸建）,南伊豆町,中古戸建,中古戸建/住宅カテゴリ,静岡県賀茂郡南伊豆町妻良字東条518番地,350,,,3000,田,—,,不明,接道・区分情報なし。建物ありだが現行法での再建築可否は役場で要確認,,2026-07-04,,https://tokaiyajima.com/fudo/6927?bk=os2&shu=&mid=&nor=,数値不明
東海ヤジマ 伊豆の物件一覧（土地・戸建）,南伊豆町,更地,土地カテゴリ（建物表記なし）,静岡県賀茂郡南伊豆町下賀茂字中崎602-4地,400,,,3000,田,—,,不明,接道・区分情報なし、詳細/役場で要確認,,2026-07-04,注意:温泉,https://tokaiyajima.com/fudo/1637?bk=os2&shu=&mid=&nor=,数値不明
東海ヤジマ 伊豆の物件一覧（土地・戸建）,下田市,更地,土地カテゴリ（建物表記なし）,静岡県下田市字金原原山2455-25,400,,,3000,田,—,,不明,接道・区分情報なし、詳細/役場で要確認,,2026-07-04,,https://tokaiyajima.com/fudo/1647?bk=os2&shu=&mid=&nor=,数値不明
東海ヤジマ 伊豆の物件一覧（土地・戸建）,南伊豆町,中古戸建,中古戸建/住宅カテゴリ,静岡県賀茂郡南伊豆町妻良字西谷747-1,420,,,3000,田,—,,不明,接道・区分情報なし。建物ありだが現行法での再建築可否は役場で要確認,,2026-07-04,,https://tokaiyajima.com/fudo/8200?bk=os2&shu=&mid=&nor=,数値不明
東海ヤジマ 伊豆の物件一覧（土地・戸建）,下田市,更地,土地カテゴリ（建物表記なし）,静岡県下田市須崎57-1　アーバンヒルズ下田リゾート,450,,,3000,田,—,,不明,接道・区分情報なし、詳細/役場で要確認,,2026-07-27,注意:管理費/温泉,https://tokaiyajima.com/fudo/7956?bk=os2&shu=&mid=&nor=,数値不明
東海ヤジマ 伊豆の物件一覧（土地・戸建）,下田市,更地,土地カテゴリ（建物表記なし）,静岡県下田市須崎57-1　アーバンヒルズ下田リゾート,480,,,3000,田,—,,不明,接道・区分情報なし、詳細/役場で要確認,,2026-08-10,注意:管理費/温泉,https://tokaiyajima.com/fudo/10934?bk=os2&shu=&mid=&nor=,数値不明
東海ヤジマ 伊豆の物件一覧（土地・戸建）,伊豆市,更地,土地カテゴリ（建物表記なし）,静岡県伊豆市小下田字宮脇2307外4筆,498,,,3000,田,—,,不明,接道・区分情報なし、詳細/役場で要確認,,2026-07-11,,https://tokaiyajima.com/fudo/11237?bk=os2&shu=&mid=&nor=,数値不明
東海ヤジマ 伊豆の物件一覧（土地・戸建）,下田市,更地,土地カテゴリ（建物表記なし）,静岡県下田市柿崎8-6,498,,,3000,宅地,—,,不明,接道・区分情報なし、詳細/役場で要確認,,2026-07-04,,https://tokaiyajima.com/fudo/11080?bk=os2&shu=&mid=&nor=,数値不明
東海ヤジマ 伊豆の物件一覧（土地・戸建）,南伊豆町,更地,土地カテゴリ（建物表記なし）,静岡県賀茂郡南伊豆町伊浜字天神山2708番35,523,3457.2,0.5,3000,畑,—,,不明,接道・区分情報なし、詳細/役場で要確認,,2026-07-04,,https://tokaiyajima.com/fudo/7942?bk=os2&shu=&mid=&nor=,適合
東海ヤジマ 伊豆の物件一覧（土地・戸建）,下田市,更地,土地カテゴリ（建物表記なし）,静岡県下田市東中15-12、15,547,129.5,14.0,3000,宅地,—,,不明,接道・区分情報なし、詳細/役場で要確認,,2026-07-04,,https://tokaiyajima.com/fudo/10545?bk=os2&shu=&mid=&nor=,不適合
東海ヤジマ 伊豆の物件一覧（土地・戸建）,南伊豆町,更地,土地カテゴリ（建物表記なし）,静岡県賀茂郡南伊豆町湊字椎ヶ下286-20他,548,266.0,6.8,3000,田,—,,不明,接道・区分情報なし、詳細/役場で要確認,,2026-07-08,,https://tokaiyajima.com/fudo/11213?bk=os2&shu=&mid=&nor=,不適合
東海ヤジマ 伊豆の物件一覧（土地・戸建）,伊東市,更地,土地カテゴリ（建物表記なし）,静岡県伊東市富戸字水口1108番25,580,3701.5,0.5,3000,—,—,,不明,接道・区分情報なし、詳細/役場で要確認,,2026-07-04,,https://tokaiyajima.com/fudo/3887?bk=os2&shu=&mid=&nor=,適合
東海ヤジマ 伊豆の物件一覧（土地・戸建）,南伊豆町,更地,土地カテゴリ（建物表記なし）,静岡県賀茂郡南伊豆町伊浜字里田837番1他2筆,600,420.0,4.7,3000,田,—,,不明,接道・区分情報なし、詳細/役場で要確認,,2026-07-27,,https://tokaiyajima.com/fudo/5312?bk=os2&shu=&mid=&nor=,不適合
東海ヤジマ 伊豆の物件一覧（土地・戸建）,南伊豆町,更地,土地カテゴリ（建物表記なし）,静岡県賀茂郡南伊豆町加納379番地21他,620,254.5,8.1,3000,田,—,,不明,接道・区分情報なし、詳細/役場で要確認,,2026-07-04,,https://tokaiyajima.com/fudo/10644?bk=os2&shu=&mid=&nor=,不適合
東海ヤジマ 伊豆の物件一覧（土地・戸建）,南伊豆町,更地,土地カテゴリ（建物表記なし）,静岡県賀茂郡南伊豆町上賀茂字本多537-1,652,,,3000,田,—,,不明,接道・区分情報なし、詳細/役場で要確認,,2026-07-04,,https://tokaiyajima.com/fudo/1451?bk=os2&shu=&mid=&nor=,数値不明
東海ヤジマ 伊豆の物件一覧（土地・戸建）,下田市,更地,土地カテゴリ（建物表記なし）,静岡県下田市六丁目,680,148.0,15.2,3000,田,—,,不明,接道・区分情報なし、詳細/役場で要確認,,2026-07-04,,https://tokaiyajima.com/fudo/5371?bk=os2&shu=&mid=&nor=,不適合
東海ヤジマ 伊豆の物件一覧（土地・戸建）,下田市,更地,土地カテゴリ（建物表記なし）,静岡県下田市敷根592番3,680,,,3000,田,—,,不明,接道・区分情報なし、詳細/役場で要確認,,2026-07-04,,https://tokaiyajima.com/fudo/2638?bk=os2&shu=&mid=&nor=,数値不明
東海ヤジマ 伊豆の物件一覧（土地・戸建）,南伊豆町,更地,土地カテゴリ（建物表記なし）,静岡県賀茂郡南伊豆町湊字椎ヶ下286-21他,682,363.0,6.2,3000,田,—,,不明,接道・区分情報なし、詳細/役場で要確認,,2026-07-08,,https://tokaiyajima.com/fudo/11234?bk=os2&shu=&mid=&nor=,不適合
東海ヤジマ 伊豆の物件一覧（土地・戸建）,西伊豆町,更地,土地カテゴリ（建物表記なし）,静岡県賀茂郡西伊豆町田子字浜田1033番4,750,,,3000,宅地,—,,不明,接道・区分情報なし、詳細/役場で要確認,,2026-07-04,,https://tokaiyajima.com/fudo/2862?bk=os2&shu=&mid=&nor=,数値不明
東海ヤジマ 伊豆の物件一覧（土地・戸建）,下田市,中古戸建,中古戸建/住宅カテゴリ,静岡県下田市吉佐美2112-39,750,,,3000,田,—,,不明,接道・区分情報なし。建物ありだが現行法での再建築可否は役場で要確認,,2026-07-04,,https://tokaiyajima.com/fudo/11058?bk=os2&shu=&mid=&nor=,数値不明
東海ヤジマ 伊豆の物件一覧（土地・戸建）,下田市,更地,土地カテゴリ（建物表記なし）,静岡県下田市大賀茂字元林146番31,795,268.4,9.8,3000,田,—,,不明,接道・区分情報なし、詳細/役場で要確認,,2026-07-04,,https://tokaiyajima.com/fudo/2720?bk=os2&shu=&mid=&nor=,不適合
東海ヤジマ 伊豆の物件一覧（土地・戸建）,伊東市,更地,土地カテゴリ（建物表記なし）,"静岡県伊東市八幡野字萩ヶ洞1077-2,5",798,1755.4,1.5,3000,—,—,,不明,接道・区分情報なし、詳細/役場で要確認,,2026-07-04,,https://tokaiyajima.com/fudo/1854?bk=os2&shu=&mid=&nor=,適合
東海ヤジマ 伊豆の物件一覧（土地・戸建）,下田市,更地,土地カテゴリ（建物表記なし）,静岡県下田市1丁目614番6,798,141.9,18.6,3000,田,—,,不明,接道・区分情報なし、詳細/役場で要確認,,2026-07-04,,https://tokaiyajima.com/fudo/4144?bk=os2&shu=&mid=&nor=,不適合
東海ヤジマ 伊豆の物件一覧（土地・戸建）,下田市,更地,土地カテゴリ（建物表記なし）,静岡県下田市河内字上湯原181番4　他3筆,880,250.6,11.6,3000,田,—,,不明,接道・区分情報なし、詳細/役場で要確認,,2026-07-04,,https://tokaiyajima.com/fudo/9385?bk=os2&shu=&mid=&nor=,不適合
東海ヤジマ 伊豆の物件一覧（土地・戸建）,下田市,更地,土地カテゴリ（建物表記なし）,"静岡県下田市5丁目1139-11,-12",980,362.0,8.9,3000,田,—,,不明,接道・区分情報なし、詳細/役場で要確認,,2026-07-04,,https://tokaiyajima.com/fudo/8851?bk=os2&shu=&mid=&nor=,不適合
東海ヤジマ 伊豆の物件一覧（土地・戸建）,下田市,更地,土地カテゴリ（建物表記なし）,静岡県下田市蓮台寺字山崎276番地2,980,,,3000,田,—,,不明,接道・区分情報なし、詳細/役場で要確認,,2026-07-04,注意:温泉,https://tokaiyajima.com/fudo/10613?bk=os2&shu=&mid=&nor=,数値不明
東海ヤジマ 伊豆の物件一覧（土地・戸建）,東伊豆町,更地,土地カテゴリ（建物表記なし）,静岡県賀茂郡東伊豆町稲取1939-6,980,318.4,10.2,3000,—,—,,不明,接道・区分情報なし、詳細/役場で要確認,,2026-07-04,,https://tokaiyajima.com/fudo/5775?bk=os2&shu=&mid=&nor=,不適合
東海ヤジマ 伊豆の物件一覧（土地・戸建）,伊東市,中古戸建,中古戸建/住宅カテゴリ,静岡県伊東市池字坂上５６９番地３,982,,,3000,—,—,,不明,接道・区分情報なし。建物ありだが現行法での再建築可否は役場で要確認,,2026-07-27,,https://tokaiyajima.com/fudo/8242?bk=os2&shu=&mid=&nor=,数値不明
東海ヤジマ 伊豆の物件一覧（土地・戸建）,南伊豆町,更地,土地カテゴリ（建物表記なし）,静岡県賀茂郡南伊豆町青市字蒲谷坪546番7,1050,990.0,3.5,3000,田,—,,不明,接道・区分情報なし、詳細/役場で要確認,,2026-07-04,,https://tokaiyajima.com/fudo/10412?bk=os2&shu=&mid=&nor=,不適合
東海ヤジマ 伊豆の物件一覧（土地・戸建）,下田市,更地,土地カテゴリ（建物表記なし）,静岡県下田市須崎字川上734番1他5筆,1080,275.5,13.0,3000,田,—,,不明,接道・区分情報なし、詳細/役場で要確認,,2026-07-04,,https://tokaiyajima.com/fudo/8581?bk=os2&shu=&mid=&nor=,不適合
東海ヤジマ 伊豆の物件一覧（土地・戸建）,下田市,更地,土地カテゴリ（建物表記なし）,静岡県下田市白浜字一色85番地1,1180,,,3000,田,—,,不明,接道・区分情報なし、詳細/役場で要確認,,2026-07-04,,https://tokaiyajima.com/fudo/8727?bk=os2&shu=&mid=&nor=,数値不明
東海ヤジマ 伊豆の物件一覧（土地・戸建）,下田市,更地,土地カテゴリ（建物表記なし）,静岡県下田市河内字松尾494番1 他5筆,1192,600.0,6.6,3000,田,—,,不明,接道・区分情報なし、詳細/役場で要確認,,2026-07-04,,https://tokaiyajima.com/fudo/10967?bk=os2&shu=&mid=&nor=,不適合
東海ヤジマ 伊豆の物件一覧（土地・戸建）,下田市,中古戸建,中古戸建/住宅カテゴリ,静岡県下田市白浜字浜302番地,1200,,,3000,田,—,,不明,接道・区分情報なし。建物ありだが現行法での再建築可否は役場で要確認,,2026-07-04,,https://tokaiyajima.com/fudo/10225?bk=os2&shu=&mid=&nor=,数値不明
東海ヤジマ 伊豆の物件一覧（土地・戸建）,南伊豆町,更地,土地カテゴリ（建物表記なし）,静岡県賀茂郡南伊豆町湊字小谷戸1709番12,1200,330.0,12.0,3000,田,—,,不明,接道・区分情報なし、詳細/役場で要確認,,2026-07-04,,https://tokaiyajima.com/fudo/7232?bk=os2&shu=&mid=&nor=,不適合
東海ヤジマ 伊豆の物件一覧（土地・戸建）,下田市,更地,土地カテゴリ（建物表記なし）,静岡県下田市吉佐美字亜相2750番地14　リゾート129碁石が浜P-Ⅱ,1280,,,3000,田,—,,不明,接道・区分情報なし、詳細/役場で要確認,,2026-07-04,注意:管理費,https://tokaiyajima.com/fudo/5040?bk=os2&shu=&mid=&nor=,数値不明
東海ヤジマ 伊豆の物件一覧（土地・戸建）,下田市,中古戸建,中古戸建/住宅カテゴリ,静岡県下田市田牛字奥之入350番地6,1280,,,3000,田,—,,不明,接道・区分情報なし。建物ありだが現行法での再建築可否は役場で要確認,,2026-07-04,,https://tokaiyajima.com/fudo/10824?bk=os2&shu=&mid=&nor=,数値不明
東海ヤジマ 伊豆の物件一覧（土地・戸建）,下田市,中古戸建,中古戸建/住宅カテゴリ,静岡県下田市吉佐美字裏畑山2113番地7他,1360,,,3000,畑,—,,不明,接道・区分情報なし。建物ありだが現行法での再建築可否は役場で要確認,,2026-07-22,,https://tokaiyajima.com/fudo/11364?bk=os2&shu=&mid=&nor=,数値不明
東海ヤジマ 伊豆の物件一覧（土地・戸建）,下田市,中古戸建,中古戸建/住宅カテゴリ,静岡県下田市河内字上湯原184-1他,1380,,,3000,田,—,,不明,接道・区分情報なし。建物ありだが現行法での再建築可否は役場で要確認,,2026-07-04,,https://tokaiyajima.com/fudo/9167?bk=os2&shu=&mid=&nor=,数値不明
東海ヤジマ 伊豆の物件一覧（土地・戸建）,下田市,更地,土地カテゴリ（建物表記なし）,静岡県下田市大賀茂字澗原810-1,1480,34382.0,0.1,3000,田,—,,不明,接道・区分情報なし、詳細/役場で要確認,,2026-07-04,,https://tokaiyajima.com/fudo/10293?bk=os2&shu=&mid=&nor=,適合
東海ヤジマ 伊豆の物件一覧（土地・戸建）,南伊豆町,更地,土地カテゴリ（建物表記なし）,静岡県賀茂郡南伊豆町湊字月間216番3,1580,667.8,7.8,3000,田,—,,不明,接道・区分情報なし、詳細/役場で要確認,,2026-07-04,,https://tokaiyajima.com/fudo/10434?bk=os2&shu=&mid=&nor=,不適合
東海ヤジマ 伊豆の物件一覧（土地・戸建）,伊東市,更地,土地カテゴリ（建物表記なし）,静岡県伊東市広野四丁目4-2　小林電気工業　伊東支店ビル,1650,,,3000,—,—,,不明,接道・区分情報なし、詳細/役場で要確認,,2026-07-21,,https://tokaiyajima.com/fudo/11321?bk=os2&shu=&mid=&nor=,数値不明
東海ヤジマ 伊豆の物件一覧（土地・戸建）,伊豆市,更地,土地カテゴリ（建物表記なし）,静岡県伊豆市土肥3492番地22,1680,,,3000,—,—,,不明,接道・区分情報なし、詳細/役場で要確認,,2026-07-27,,https://tokaiyajima.com/fudo/8275?bk=os2&shu=&mid=&nor=,数値不明
東海ヤジマ 伊豆の物件一覧（土地・戸建）,下田市,中古戸建,中古戸建/住宅カテゴリ,静岡県下田市立野字中之瀬207番地1,1680,681.0,8.2,3000,田,—,,不明,接道・区分情報なし。建物ありだが現行法での再建築可否は役場で要確認,,2026-07-04,,https://tokaiyajima.com/fudo/10452?bk=os2&shu=&mid=&nor=,不適合
東海ヤジマ 伊豆の物件一覧（土地・戸建）,下田市,更地,土地カテゴリ（建物表記なし）,静岡県下田市白浜字先山2637番19他,1684,428.2,13.0,3000,田,—,,不明,接道・区分情報なし、詳細/役場で要確認,,2026-07-04,,https://tokaiyajima.com/fudo/3644?bk=os2&shu=&mid=&nor=,不適合
東海ヤジマ 伊豆の物件一覧（土地・戸建）,東伊豆町,更地,土地カテゴリ（建物表記なし）,静岡県賀茂郡東伊豆町白田322番地10　他,1860,,,3000,田,—,,不明,接道・区分情報なし、詳細/役場で要確認,,2026-07-07,,https://tokaiyajima.com/fudo/11174?bk=os2&shu=&mid=&nor=,数値不明
東海ヤジマ 伊豆の物件一覧（土地・戸建）,下田市,更地,土地カテゴリ（建物表記なし）,静岡県下田市５丁目　下田市５丁目【土地・山林】,1980,4222.9,1.5,3000,田,—,,不明,接道・区分情報なし、詳細/役場で要確認,,2026-07-04,,https://tokaiyajima.com/fudo/976?bk=os2&shu=&mid=&nor=,適合
東海ヤジマ 伊豆の物件一覧（土地・戸建）,下田市,更地,土地カテゴリ（建物表記なし）,静岡県下田市吉佐美２３２５-１他,1980,3676.2,1.8,3000,田,—,,不明,接道・区分情報なし、詳細/役場で要確認,,2026-07-04,注意:温泉,https://tokaiyajima.com/fudo/1003?bk=os2&shu=&mid=&nor=,適合
東海ヤジマ 伊豆の物件一覧（土地・戸建）,伊東市,更地,土地カテゴリ（建物表記なし）,静岡県伊東市竹ノ内２丁目9-13,1980,535.5,12.2,3000,—,—,,不明,接道・区分情報なし、詳細/役場で要確認,,2026-07-04,,https://tokaiyajima.com/fudo/4200?bk=os2&shu=&mid=&nor=,不適合
東海ヤジマ 伊豆の物件一覧（土地・戸建）,下田市,更地,土地カテゴリ（建物表記なし）,静岡県下田市東中3番２,2005,368.2,18.0,3000,田,—,,不明,接道・区分情報なし、詳細/役場で要確認,,2026-07-04,,https://tokaiyajima.com/fudo/2784?bk=os2&shu=&mid=&nor=,不適合
東海ヤジマ 伊豆の物件一覧（土地・戸建）,下田市,中古戸建,中古戸建/住宅カテゴリ,静岡県下田市白浜字上平瀬2532-1他,2380,2783.5,2.8,3000,田,—,,不明,接道・区分情報なし。建物ありだが現行法での再建築可否は役場で要確認,,2026-07-04,,https://tokaiyajima.com/fudo/9907?bk=os2&shu=&mid=&nor=,適合
東海ヤジマ 伊豆の物件一覧（土地・戸建）,熱海市,更地,土地カテゴリ（建物表記なし）,静岡県熱海市上多賀字横山1087、1088,2500,2964.1,2.8,3000,—,—,,不明,接道・区分情報なし、詳細/役場で要確認,,2026-07-04,,https://tokaiyajima.com/fudo/10128?bk=os2&shu=&mid=&nor=,適合
東海ヤジマ 伊豆の物件一覧（土地・戸建）,下田市,中古戸建,中古戸建/住宅カテゴリ,"静岡県下田市吉佐美1448-9,1449-2",2700,,,3000,田,—,,不明,接道・区分情報なし。建物ありだが現行法での再建築可否は役場で要確認,,2026-07-04,,https://tokaiyajima.com/fudo/9755?bk=os2&shu=&mid=&nor=,数値不明
東海ヤジマ 伊豆の物件一覧（土地・戸建）,下田市,更地,土地カテゴリ（建物表記なし）,静岡県下田市田牛682-4　リゾート129 葛石が浜パートV,2700,,,3000,田,—,,不明,接道・区分情報なし、詳細/役場で要確認,,2026-07-04,注意:管理費,https://tokaiyajima.com/fudo/9763?bk=os2&shu=&mid=&nor=,数値不明
東海ヤジマ 伊豆の物件一覧（土地・戸建）,南伊豆町,中古戸建,中古戸建/住宅カテゴリ,静岡県賀茂郡南伊豆町一條字水平1063他,,21980.1,,3000,田,—,,不明,接道・区分情報なし。建物ありだが現行法での再建築可否は役場で要確認,,2026-07-04,,https://tokaiyajima.com/fudo/9668?bk=os2&shu=&mid=&nor=,数値不明
東海ヤジマ 伊豆の物件一覧（土地・戸建）,下田市,更地,土地カテゴリ（建物表記なし）,静岡県下田市大賀茂字道下り1035-8　ホテル森のしずく,3800,,,3000,田,—,,不明,接道・区分情報なし、詳細/役場で要確認,,2026-07-04,,https://tokaiyajima.com/fudo/2463?bk=os2&shu=&mid=&nor=,数値不明
東海ヤジマ 伊豆の物件一覧（土地・戸建）,下田市,更地,土地カテゴリ（建物表記なし）,静岡県下田市吉佐美字多々戸45番2,3950,554.8,23.5,3000,田,—,,不明,接道・区分情報なし、詳細/役場で要確認,,2026-07-04,,https://tokaiyajima.com/fudo/5126?bk=os2&shu=&mid=&nor=,不適合
東海ヤジマ 伊豆の物件一覧（土地・戸建）,南伊豆町,中古戸建,中古戸建/住宅カテゴリ,静岡県賀茂郡南伊豆町湊480番地,3980,476.0,27.6,3000,田,—,,不明,接道・区分情報なし。建物ありだが現行法での再建築可否は役場で要確認,,2026-07-04,,https://tokaiyajima.com/fudo/11149?bk=os2&shu=&mid=&nor=,不適合
東海ヤジマ 伊豆の物件一覧（土地・戸建）,下田市,更地,土地カテゴリ（建物表記なし）,静岡県下田市須崎字釜ノ上1724番1　他1筆,4330,7964.2,1.8,3000,田,—,,不明,接道・区分情報なし、詳細/役場で要確認,,2026-07-04,,https://tokaiyajima.com/fudo/8829?bk=os2&shu=&mid=&nor=,不適合
東海ヤジマ 伊豆の物件一覧（土地・戸建）,下田市,更地,土地カテゴリ（建物表記なし）,静岡県下田市白浜字三保ヶ﨑2754番41他1筆,5500,,,3000,田,—,,不明,接道・区分情報なし、詳細/役場で要確認,,2026-07-04,,https://tokaiyajima.com/fudo/9403?bk=os2&shu=&mid=&nor=,数値不明
東海ヤジマ 伊豆の物件一覧（土地・戸建）,下田市,更地,土地カテゴリ（建物表記なし）,静岡県下田市西本郷1-3-7　エスパーダ西本郷,6000,,,3000,田,—,,不明,接道・区分情報なし、詳細/役場で要確認,,2026-07-04,,https://tokaiyajima.com/fudo/6546?bk=os2&shu=&mid=&nor=,数値不明
東海ヤジマ 伊豆の物件一覧（土地・戸建）,下田市,更地,土地カテゴリ（建物表記なし）,静岡県下田市白浜字浜409-1　漁師料理 ゑび満,6300,,,3000,田,—,,不明,接道・区分情報なし、詳細/役場で要確認,,2026-07-04,,https://tokaiyajima.com/fudo/6039?bk=os2&shu=&mid=&nor=,数値不明
東海ヤジマ 伊豆の物件一覧（土地・戸建）,下田市,更地,土地カテゴリ（建物表記なし）,静岡県下田市東中11-8　エスパーダ下田,7800,,,3000,田,—,,不明,接道・区分情報なし、詳細/役場で要確認,,2026-07-04,,https://tokaiyajima.com/fudo/6568?bk=os2&shu=&mid=&nor=,数値不明
東海ヤジマ 伊豆の物件一覧（土地・戸建）,下田市,更地,土地カテゴリ（建物表記なし）,静岡県下田市須崎字越瀬1634-1,7900,,,3000,田,—,,不明,接道・区分情報なし、詳細/役場で要確認,,2026-07-04,,https://tokaiyajima.com/fudo/6008?bk=os2&shu=&mid=&nor=,数値不明
東海ヤジマ 伊豆の物件一覧（土地・戸建）,下田市,更地,土地カテゴリ（建物表記なし）,静岡県下田市柿崎字矢合1092番地2他,7980,,,3000,田,—,,不明,接道・区分情報なし、詳細/役場で要確認,,2026-07-04,,https://tokaiyajima.com/fudo/8642?bk=os2&shu=&mid=&nor=,数値不明
東海ヤジマ 伊豆の物件一覧（土地・戸建）,南伊豆町,更地,土地カテゴリ（建物表記なし）,静岡県賀茂郡南伊豆町青市字折尾根下ノ久保1082番地1　エスパーダ青市,,,,3000,田,—,,不明,接道・区分情報なし、詳細/役場で要確認,,2026-07-04,,https://tokaiyajima.com/fudo/6554?bk=os2&shu=&mid=&nor=,数値不明
東海ヤジマ 伊豆の物件一覧（土地・戸建）,南伊豆町,更地,土地カテゴリ（建物表記なし）,静岡県賀茂郡南伊豆町石廊崎150,,,,3000,田,—,,不明,接道・区分情報なし、詳細/役場で要確認,,2026-07-04,,https://tokaiyajima.com/fudo/7397?bk=os2&shu=&mid=&nor=,数値不明
東海ヤジマ 伊豆の物件一覧（土地・戸建）,下田市,更地,土地カテゴリ（建物表記なし）,静岡県下田市5丁目,,42763.6,,3000,宅地,—,,不明,接道・区分情報なし、詳細/役場で要確認,,2026-07-04,,https://tokaiyajima.com/fudo/1241?bk=os2&shu=&mid=&nor=,数値不明
東海ヤジマ 伊豆の物件一覧（土地・戸建）,下田市,更地,土地カテゴリ（建物表記なし）,静岡県下田市柿崎25-36　ピニエール下田,,,,3000,田,—,,不明,接道・区分情報なし、詳細/役場で要確認,,2026-07-04,,https://tokaiyajima.com/fudo/6491?bk=os2&shu=&mid=&nor=,数値不明
東海ヤジマ 伊豆の物件一覧（土地・戸建）,下田市,更地,土地カテゴリ（建物表記なし）,静岡県下田市吉佐美字前磯697他,,,,3000,田,—,,不明,接道・区分情報なし、詳細/役場で要確認,,2026-07-04,注意:温泉,https://tokaiyajima.com/fudo/9855?bk=os2&shu=&mid=&nor=,数値不明
東海ヤジマ 伊豆の物件一覧（土地・戸建）,熱海市,中古戸建,中古戸建/住宅カテゴリ,静岡県熱海市網代547-21,,,,3000,—,—,,不明,接道・区分情報なし。建物ありだが現行法での再建築可否は役場で要確認,,2026-07-04,,https://tokaiyajima.com/fudo/8507?bk=os2&shu=&mid=&nor=,数値不明
田舎暮らし物件.com（いなかも家探し） 伊豆エリア,伊東市,更地,土地カテゴリ（建物表記なし）,伊東市 富戸,4500,,,3000,—,—,,不明,接道・区分情報なし、詳細/役場で要確認,,2026-07-04,注意:温泉,https://resort-bukken.com/detail/4803,数値不明
田舎暮らし物件.com（いなかも家探し） 伊豆エリア,東伊豆町,更地,土地カテゴリ（建物表記なし）,賀茂郡東伊豆町 白田,51,,,3000,田,—,,不明,接道・区分情報なし、詳細/役場で要確認,,2026-07-04,,https://resort-bukken.com/detail/4494,数値不明
田舎暮らし物件.com（いなかも家探し） 伊豆エリア,東伊豆町,更地,土地カテゴリ（建物表記なし）,賀茂郡東伊豆町 白田,95,,,3000,田,—,,不明,接道・区分情報なし、詳細/役場で要確認,,2026-07-04,注意:別荘地/温泉,https://resort-bukken.com/detail/4493,数値不明
田舎暮らし物件.com（いなかも家探し） 伊豆エリア,伊東市,更地,土地カテゴリ（建物表記なし）,伊東市 富戸,60,,,3000,—,—,,不明,接道・区分情報なし、詳細/役場で要確認,,2026-07-04,注意:別荘地,https://resort-bukken.com/detail/5033,数値不明
田舎暮らし物件.com（いなかも家探し） 伊豆エリア,伊豆の国市,中古戸建,中古戸建/住宅カテゴリ,伊豆の国市 三福,3650,,,3000,—,—,,不明,接道・区分情報なし。建物ありだが現行法での再建築可否は役場で要確認,,2026-07-04,注意:温泉,https://resort-bukken.com/detail/4808,数値不明
田舎暮らし物件.com（いなかも家探し） 伊豆エリア,伊豆の国市,更地,土地カテゴリ（建物表記なし）,伊豆の国市 韮山山木,300,,,3000,—,—,,不明,接道・区分情報なし、詳細/役場で要確認,,2026-07-04,注意:別荘地/温泉 NG:富士見ニュータウン,https://resort-bukken.com/detail/4769,数値不明
田舎暮らし物件.com（いなかも家探し） 伊豆エリア,東伊豆町,更地,土地カテゴリ（建物表記なし）,賀茂郡東伊豆町 大川,1350,,,3000,—,—,,不明,接道・区分情報なし、詳細/役場で要確認,,2026-07-04,,https://resort-bukken.com/detail/2998,数値不明
田舎暮らし物件.com（いなかも家探し） 伊豆エリア,伊東市,更地,土地カテゴリ（建物表記なし）,伊東市 赤沢,150,,,3000,—,—,,不明,接道・区分情報なし、詳細/役場で要確認,,2026-07-04,注意:別荘地/温泉,https://resort-bukken.com/detail/2711,数値不明
田舎暮らし物件.com（いなかも家探し） 伊豆エリア,伊東市,更地,土地カテゴリ（建物表記なし）,伊東市 八幡野,440,,,3000,—,—,,不明,接道・区分情報なし、詳細/役場で要確認,,2026-07-04,注意:温泉,https://resort-bukken.com/detail/1226,数値不明
田舎暮らし物件.com（いなかも家探し） 伊豆エリア,伊東市,更地,土地カテゴリ（建物表記なし）,伊東市 池,2800,,,3000,—,—,,不明,接道・区分情報なし、詳細/役場で要確認,,2026-08-10,注意:別荘地/温泉,https://resort-bukken.com/detail/5110,数値不明
田舎暮らし物件.com（いなかも家探し） 伊豆エリア,伊東市,中古戸建,中古戸建/住宅カテゴリ,伊東市 八幡野,6480,,,3000,—,—,,不明,接道・区分情報なし。建物ありだが現行法での再建築可否は役場で要確認,,2026-08-05,,https://resort-bukken.com/detail/5095,数値不明
田舎暮らし物件.com（いなかも家探し） 伊豆エリア,伊東市,中古戸建,中古戸建/住宅カテゴリ,伊東市 吉田,4980,,,3000,田,—,,不明,接道・区分情報なし。建物ありだが現行法での再建築可否は役場で要確認,,2026-07-04,,https://resort-bukken.com/detail/4933,数値不明
田舎暮らし物件.com（いなかも家探し） 伊豆エリア,伊東市,中古戸建,中古戸建/住宅カテゴリ,伊東市 富戸,1580,,,3000,—,—,,不明,接道・区分情報なし。建物ありだが現行法での再建築可否は役場で要確認,,2026-07-04,注意:別荘地,https://resort-bukken.com/detail/4922,数値不明
田舎暮らし物件.com（いなかも家探し） 伊豆エリア,伊東市,中古戸建,中古戸建/住宅カテゴリ,伊東市 富戸,2480,,,3000,—,—,,不明,接道・区分情報なし。建物ありだが現行法での再建築可否は役場で要確認,,2026-07-04,,https://resort-bukken.com/detail/4904,数値不明
田舎暮らし物件.com（いなかも家探し） 伊豆エリア,伊東市,中古戸建,中古戸建/住宅カテゴリ,伊東市 大室高原,2300,,,3000,—,—,,不明,接道・区分情報なし。建物ありだが現行法での再建築可否は役場で要確認,,2026-07-04,注意:別荘地,https://resort-bukken.com/detail/4873,数値不明
田舎暮らし物件.com（いなかも家探し） 伊豆エリア,伊東市,中古戸建,中古戸建/住宅カテゴリ,伊東市 大室高原,2300,,,3000,—,—,,不明,接道・区分情報なし。建物ありだが現行法での再建築可否は役場で要確認,,2026-07-04,注意:温泉,https://resort-bukken.com/detail/4853,数値不明
田舎暮らし物件.com（いなかも家探し） 伊豆エリア,伊東市,中古戸建,中古戸建/住宅カテゴリ,伊東市 赤沢,980,,,3000,—,—,,不明,接道・区分情報なし。建物ありだが現行法での再建築可否は役場で要確認,,2026-07-05,注意:別荘地/温泉,https://resort-bukken.com/detail/4850,数値不明
田舎暮らし物件.com（いなかも家探し） 伊豆エリア,伊東市,更地,土地カテゴリ（建物表記なし）,伊東市 富戸,1300,,,3000,—,—,,不明,接道・区分情報なし、詳細/役場で要確認,,2026-07-04,注意:温泉,https://resort-bukken.com/detail/4827,数値不明
田舎暮らし物件.com（いなかも家探し） 伊豆エリア,伊東市,中古戸建,中古戸建/住宅カテゴリ,伊東市 八幡野,14800,,,3000,—,—,,不明,接道・区分情報なし。建物ありだが現行法での再建築可否は役場で要確認,,2026-07-04,注意:温泉,https://resort-bukken.com/detail/4825,数値不明
田舎暮らし物件.com（いなかも家探し） 伊豆エリア,伊東市,中古戸建,中古戸建/住宅カテゴリ,伊東市 富戸,7800,,,3000,—,—,,不明,接道・区分情報なし。建物ありだが現行法での再建築可否は役場で要確認,,2026-07-04,注意:温泉,https://resort-bukken.com/detail/4821,数値不明
田舎暮らし物件.com（いなかも家探し） 伊豆エリア,伊東市,中古戸建,中古戸建/住宅カテゴリ,伊東市 吉田,5300,,,3000,田,—,,不明,接道・区分情報なし。建物ありだが現行法での再建築可否は役場で要確認,,2026-07-04,,https://resort-bukken.com/detail/4809,数値不明
田舎暮らし物件.com（いなかも家探し） 伊豆エリア,伊東市,中古戸建,中古戸建/住宅カテゴリ,伊東市 赤沢,3980,,,3000,—,—,,不明,接道・区分情報なし。建物ありだが現行法での再建築可否は役場で要確認,,2026-07-04,注意:温泉,https://resort-bukken.com/detail/4778,数値不明
田舎暮らし物件.com（いなかも家探し） 伊豆エリア,伊東市,中古戸建,中古戸建/住宅カテゴリ,伊東市 大室高原,4100,,,3000,—,—,,不明,接道・区分情報なし。建物ありだが現行法での再建築可否は役場で要確認,,2026-07-04,注意:温泉,https://resort-bukken.com/detail/4777,数値不明
田舎暮らし物件.com（いなかも家探し） 伊豆エリア,伊東市,中古戸建,中古戸建/住宅カテゴリ,伊東市 池,7000,,,3000,—,—,,不明,接道・区分情報なし。建物ありだが現行法での再建築可否は役場で要確認,,2026-07-11,注意:別荘地/温泉,https://resort-bukken.com/detail/4766,数値不明
田舎暮らし物件.com（いなかも家探し） 伊豆エリア,伊東市,中古戸建,中古戸建/住宅カテゴリ,伊東市 大室高原,2380,,,3000,—,—,,不明,接道・区分情報なし。建物ありだが現行法での再建築可否は役場で要確認,,2026-07-11,注意:別荘地/温泉,https://resort-bukken.com/detail/4765,数値不明
田舎暮らし物件.com（いなかも家探し） 伊豆エリア,伊東市,中古戸建,中古戸建/住宅カテゴリ,伊東市 大室高原,985,,,3000,—,—,,不明,接道・区分情報なし。建物ありだが現行法での再建築可否は役場で要確認,,2026-07-11,注意:別荘地,https://resort-bukken.com/detail/4764,数値不明
田舎暮らし物件.com（いなかも家探し） 伊豆エリア,伊東市,中古戸建,中古戸建/住宅カテゴリ,伊東市 富戸,7000,,,3000,—,—,,不明,接道・区分情報なし。建物ありだが現行法での再建築可否は役場で要確認,,2026-07-11,注意:別荘地/温泉,https://resort-bukken.com/detail/4759,数値不明
田舎暮らし物件.com（いなかも家探し） 伊豆エリア,伊東市,中古戸建,中古戸建/住宅カテゴリ,伊東市 池,2580,,,3000,田,—,,不明,接道・区分情報なし。建物ありだが現行法での再建築可否は役場で要確認,,2026-07-11,注意:別荘地,https://resort-bukken.com/detail/4753,数値不明
田舎暮らし物件.com（いなかも家探し） 伊豆エリア,伊東市,中古戸建,中古戸建/住宅カテゴリ,伊東市 十足,980,,,3000,—,—,,不明,接道・区分情報なし。建物ありだが現行法での再建築可否は役場で要確認,,2026-07-11,,https://resort-bukken.com/detail/4735,数値不明
田舎暮らし物件.com（いなかも家探し） 伊豆エリア,伊東市,中古戸建,中古戸建/住宅カテゴリ,伊東市 宇佐美,1300,,,3000,—,—,,不明,接道・区分情報なし。建物ありだが現行法での再建築可否は役場で要確認,,2026-07-11,注意:別荘地,https://resort-bukken.com/detail/4734,数値不明
田舎暮らし物件.com（いなかも家探し） 伊豆エリア,伊東市,中古戸建,中古戸建/住宅カテゴリ,伊東市 赤沢,2980,,,3000,—,—,,不明,接道・区分情報なし。建物ありだが現行法での再建築可否は役場で要確認,,2026-07-19,注意:別荘地/温泉,https://resort-bukken.com/detail/4732,数値不明
田舎暮らし物件.com（いなかも家探し） 伊豆エリア,伊東市,中古戸建,中古戸建/住宅カテゴリ,伊東市 宇佐美,650,,,3000,—,—,,不明,接道・区分情報なし。建物ありだが現行法での再建築可否は役場で要確認,,2026-07-11,注意:別荘地/温泉,https://resort-bukken.com/detail/4730,数値不明
田舎暮らし物件.com（いなかも家探し） 伊豆エリア,伊東市,更地,土地カテゴリ（建物表記なし）,伊東市 富戸,3980,,,3000,—,—,,不明,接道・区分情報なし、詳細/役場で要確認,,2026-07-11,,https://resort-bukken.com/detail/4716,数値不明
田舎暮らし物件.com（いなかも家探し） 伊豆エリア,伊東市,中古戸建,中古戸建/住宅カテゴリ,伊東市 八幡野,7990,,,3000,—,—,,不明,接道・区分情報なし。建物ありだが現行法での再建築可否は役場で要確認,,2026-07-11,注意:温泉,https://resort-bukken.com/detail/4623,数値不明
田舎暮らし物件.com（いなかも家探し） 伊豆エリア,伊東市,中古戸建,中古戸建/住宅カテゴリ,伊東市 富戸,6800,,,3000,—,—,,不明,接道・区分情報なし。建物ありだが現行法での再建築可否は役場で要確認,,2026-07-11,注意:別荘地/温泉,https://resort-bukken.com/detail/4421,数値不明
田舎暮らし物件.com（いなかも家探し） 伊豆エリア,伊豆市,更地,土地カテゴリ（建物表記なし）,伊豆市 矢熊,280,,,3000,—,—,,不明,接道・区分情報なし、詳細/役場で要確認,,2026-07-11,,https://resort-bukken.com/detail/3569,数値不明
田舎暮らし物件.com（いなかも家探し） 伊豆エリア,伊東市,更地,土地カテゴリ（建物表記なし）,伊東市 吉田,1000,,,3000,田,—,,不明,接道・区分情報なし、詳細/役場で要確認,,2026-07-11,,https://resort-bukken.com/detail/3490,数値不明
田舎暮らし物件.com（いなかも家探し） 伊豆エリア,伊豆市,更地,土地カテゴリ（建物表記なし）,伊豆市 上白岩,,,,3000,—,—,,不明,接道・区分情報なし、詳細/役場で要確認,,2026-07-11,注意:別荘地,https://resort-bukken.com/detail/2645,数値不明
田舎暮らし物件.com（いなかも家探し） 伊豆エリア,伊東市,中古戸建,中古戸建/住宅カテゴリ,伊東市 宇佐美,1500,,,3000,田,—,,不明,接道・区分情報なし。建物ありだが現行法での再建築可否は役場で要確認,,2026-07-11,注意:温泉,https://resort-bukken.com/detail/2297,数値不明
田舎暮らし物件.com（いなかも家探し） 伊豆エリア,伊東市,中古戸建,中古戸建/住宅カテゴリ,伊東市 富戸,2480,,,3000,—,—,,不明,接道・区分情報なし。建物ありだが現行法での再建築可否は役場で要確認,,2026-07-11,,https://resort-bukken.com/detail/2294,数値不明
田舎暮らし物件.com（いなかも家探し） 伊豆エリア,東伊豆町,更地,土地カテゴリ（建物表記なし）,賀茂郡東伊豆町 白田,4500,,,3000,田,—,,不明,接道・区分情報なし、詳細/役場で要確認,,2026-07-11,,https://resort-bukken.com/detail/1944,数値不明
田舎暮らし物件.com（いなかも家探し） 伊豆エリア,伊東市,中古戸建,中古戸建/住宅カテゴリ,伊東市 宇佐美,,,,3000,田,—,,不明,接道・区分情報なし。建物ありだが現行法での再建築可否は役場で要確認,,2026-07-11,,https://resort-bukken.com/detail/1809,数値不明
田舎暮らし物件.com（いなかも家探し） 伊豆エリア,伊東市,中古戸建,中古戸建/住宅カテゴリ,伊東市 八幡野,2950,,,3000,田,—,,不明,接道・区分情報なし。建物ありだが現行法での再建築可否は役場で要確認,,2026-07-11,,https://resort-bukken.com/detail/1010,数値不明
田舎暮らし物件.com（いなかも家探し） 伊豆エリア,伊豆市,更地,土地カテゴリ（建物表記なし）,伊豆市 堀切,2380,,,3000,—,—,,不明,接道・区分情報なし、詳細/役場で要確認,,2026-07-11,注意:温泉,https://resort-bukken.com/detail/728,数値不明
ふるさと情報館 静岡県,伊東市,更地,土地カテゴリ（建物表記なし）,静岡県 伊東市,880,281.0,10.4,3000,—,—,,不明,接道・区分情報なし、詳細/役場で要確認,,2026-08-05,注意:温泉,https://furusato-net.co.jp/bukken/18397a,不適合
ふるさと情報館 静岡県,伊東市,更地,土地カテゴリ（建物表記なし）,静岡県 伊東市,2780,510.1,18.0,3000,—,—,,不明,接道・区分情報なし、詳細/役場で要確認,,2026-07-12,注意:温泉,https://furusato-net.co.jp/bukken/18396a,不適合
ふるさと情報館 静岡県,南伊豆町,更地,土地カテゴリ（建物表記なし）,静岡県 南伊豆町,,501.8,,3000,—,—,,不明,接道・区分情報なし、詳細/役場で要確認,,2026-07-12,,https://furusato-net.co.jp/bukken/18277a,数値不明
CHINTAI 伊豆の国市,伊豆の国市,賃貸アパート,賃貸カテゴリ（掲載種別）,静岡県伊豆の国市四日町,5.0,42.8,,5,—,—,,—,賃貸のため対象外,,2026-08-09,,https://www.chintai.net/detail/bk-C030007870000000001060320003/,適合
CHINTAI 伊豆の国市,伊豆の国市,賃貸アパート,賃貸カテゴリ（掲載種別）,静岡県伊豆の国市三福,6.0,54.6,,5,—,—,,—,賃貸のため対象外,,2026-08-09,,https://www.chintai.net/detail/bk-C030007870000000001060310005/,不適合
CHINTAI 伊豆の国市,伊豆の国市,賃貸アパート,賃貸カテゴリ（掲載種別）,静岡県伊豆の国市長岡,4.0,36.4,,5,—,—,,—,賃貸のため対象外,,2026-07-25,,https://www.chintai.net/detail/bk-C030007870000000001092940001/,適合
CHINTAI 伊豆の国市,伊豆の国市,賃貸アパート,賃貸カテゴリ（掲載種別）,静岡県伊豆の国市長岡,4.8,54.6,,5,—,—,,—,賃貸のため対象外,,2026-07-25,,https://www.chintai.net/detail/bk-C030007870000000001063550002/,適合
CHINTAI 伊豆の国市,伊豆の国市,賃貸アパート,賃貸カテゴリ（掲載種別）,静岡県伊豆の国市四日町,4.9,40.0,,5,—,—,,—,賃貸のため対象外,,2026-07-25,,https://www.chintai.net/detail/bk-C030007870000000001092970001/,適合
CHINTAI 伊豆の国市,伊豆の国市,賃貸戸建,賃貸カテゴリ（掲載種別）,静岡県伊豆の国市寺家,12.2,86.1,,5,—,—,,—,賃貸のため対象外,,2026-07-27,関心:戸建,https://www.chintai.net/detail/bk-C030010620000000005032380504/,不適合
CHINTAI 伊豆の国市,伊豆の国市,賃貸マンション,賃貸カテゴリ（掲載種別）,静岡県伊豆の国市長岡,6.3,27.9,,5,—,—,,—,賃貸のため対象外,,2026-07-25,,https://www.chintai.net/detail/bk-C030010620000000005042920005/,不適合
CHINTAI 伊豆の国市,伊豆の国市,賃貸マンション,賃貸カテゴリ（掲載種別）,静岡県伊豆の国市長岡,6.3,27.9,,5,—,—,,—,賃貸のため対象外,,2026-07-25,,https://www.chintai.net/detail/bk-C030007870000000001083180020/,不適合
CHINTAI 伊豆の国市,伊豆の国市,賃貸アパート,賃貸カテゴリ（掲載種別）,静岡県伊豆の国市寺家,4.0,45.9,,5,—,—,,—,賃貸のため対象外,,2026-07-25,,https://www.chintai.net/detail/bk-C030007870000000001064400002/,適合
CHINTAI 伊豆の国市,伊豆の国市,賃貸アパート,賃貸カテゴリ（掲載種別）,静岡県伊豆の国市南條,4.1,33.5,,5,—,—,,—,賃貸のため対象外,,2026-07-25,,https://www.chintai.net/detail/bk-C030007870000000001024500006/,適合
CHINTAI 伊豆の国市,伊豆の国市,賃貸アパート,賃貸カテゴリ（掲載種別）,静岡県伊豆の国市南條,4.1,33.5,,5,—,—,,—,賃貸のため対象外,,2026-07-25,関心:ペット可,https://www.chintai.net/detail/bk-C030007870000000001024500005/,適合
CHINTAI 伊豆の国市,伊豆の国市,賃貸アパート,賃貸カテゴリ（掲載種別）,静岡県伊豆の国市四日町,4.4,38.8,,5,—,—,,—,賃貸のため対象外,,2026-07-25,,https://www.chintai.net/detail/bk-C030007870000000001060260005/,適合
CHINTAI 伊豆の国市,伊豆の国市,賃貸アパート,賃貸カテゴリ（掲載種別）,静岡県伊豆の国市四日町,4.3,38.8,,5,—,—,,—,賃貸のため対象外,,2026-07-25,,https://www.chintai.net/detail/bk-C030007870000000001060260004/,適合
CHINTAI 伊豆の国市,伊豆の国市,賃貸マンション,賃貸カテゴリ（掲載種別）,静岡県伊豆の国市原木,6.2,63.2,,5,—,—,,—,賃貸のため対象外,,2026-07-25,,https://www.chintai.net/detail/bk-C030010620000000005042840004/,不適合
CHINTAI 伊豆の国市,伊豆の国市,賃貸アパート,賃貸カテゴリ（掲載種別）,静岡県伊豆の国市四日町,5.7,35.3,,5,—,—,,—,賃貸のため対象外,,2026-07-25,,https://www.chintai.net/detail/bk-C030007870000000001066080002/,不適合
CHINTAI 伊豆の国市,伊豆の国市,賃貸アパート,賃貸カテゴリ（掲載種別）,静岡県伊豆の国市原木,4.7,61.2,,5,—,—,,—,賃貸のため対象外,,2026-07-25,,https://www.chintai.net/detail/bk-C030007870000000001086580003/,適合
CHINTAI 伊豆の国市,伊豆の国市,賃貸アパート,賃貸カテゴリ（掲載種別）,静岡県伊豆の国市原木,5.2,61.2,,5,—,—,,—,賃貸のため対象外,,2026-07-25,,https://www.chintai.net/detail/bk-C030007870000000001086580002/,不適合
CHINTAI 伊豆の国市,伊豆の国市,賃貸アパート,賃貸カテゴリ（掲載種別）,静岡県伊豆の国市原木,4.9,61.2,,5,—,—,,—,賃貸のため対象外,,2026-07-25,,https://www.chintai.net/detail/bk-C030007870000000001086580001/,適合
CHINTAI 伊豆の国市,伊豆の国市,賃貸アパート,賃貸カテゴリ（掲載種別）,静岡県伊豆の国市田京,3.7,39.9,,5,—,—,,—,賃貸のため対象外,,2026-07-25,,https://www.chintai.net/detail/bk-C030007870000000001081160003/,適合
CHINTAI 伊豆の国市,伊豆の国市,賃貸マンション,賃貸カテゴリ（掲載種別）,静岡県伊豆の国市寺家,6.9,62.8,,5,—,—,,—,賃貸のため対象外,,2026-07-25,,https://www.chintai.net/detail/bk-C030010620000000005029090999/,不適合
CHINTAI 伊豆の国市,伊豆の国市,賃貸アパート,賃貸カテゴリ（掲載種別）,静岡県伊豆の国市南條,4.9,64.8,,5,—,—,,—,賃貸のため対象外,,2026-07-25,,https://www.chintai.net/detail/bk-C030002320000000000032620002/,適合
CHINTAI 伊豆の国市,伊豆の国市,賃貸アパート,賃貸カテゴリ（掲載種別）,静岡県伊豆の国市吉田,5.5,56.7,,5,—,—,,—,賃貸のため対象外,,2026-07-25,,https://www.chintai.net/detail/bk-C030002320000000000029930003/,不適合
CHINTAI 伊豆の国市,伊豆の国市,賃貸アパート,賃貸カテゴリ（掲載種別）,静岡県伊豆の国市原木,5.1,29.8,,5,—,—,,—,賃貸のため対象外,,2026-07-25,,https://www.chintai.net/detail/bk-C030002320000000000037390002/,不適合
CHINTAI 伊豆の国市,伊豆の国市,賃貸アパート,賃貸カテゴリ（掲載種別）,静岡県伊豆の国市原木,4.5,29.8,,5,—,—,,—,賃貸のため対象外,,2026-07-25,,https://www.chintai.net/detail/bk-C030002320000000000037390001/,適合
スマイミー静岡 賃貸 熱海市,熱海市,賃貸マンション,賃貸カテゴリ（掲載種別）,熱海市上多賀980-1,7.3,22.1,,5,—,—,,—,賃貸のため対象外,,2026-08-10,,https://www.shizuoka.fudohsan.jp/%E7%89%A9%E4%BB%B6/174951,不適合
スマイミー静岡 賃貸 熱海市,熱海市,賃貸戸建,賃貸カテゴリ（掲載種別）,熱海市上多賀1045-208,15.0,128.7,,5,—,—,,—,賃貸のため対象外,,2026-08-10,関心:戸建,https://www.shizuoka.fudohsan.jp/%E7%89%A9%E4%BB%B6/176254,不適合
スマイミー静岡 賃貸 熱海市,熱海市,賃貸その他,賃貸カテゴリ（掲載種別）,熱海市渚町17-3,16.8,93.1,,5,—,—,,—,賃貸のため対象外,,2026-08-07,注意:事務所/店舗,https://www.shizuoka.fudohsan.jp/%E7%89%A9%E4%BB%B6/144434,不適合
スマイミー静岡 賃貸 熱海市,熱海市,賃貸その他,賃貸カテゴリ（掲載種別）,熱海市渚町17-3,15.0,96.5,,5,—,—,,—,賃貸のため対象外,,2026-08-07,注意:事務所/店舗,https://www.shizuoka.fudohsan.jp/%E7%89%A9%E4%BB%B6/176162,不適合
スマイミー静岡 賃貸 熱海市,熱海市,賃貸戸建,賃貸カテゴリ（掲載種別）,熱海市上多賀959-4,8.5,64.5,,5,—,—,,—,賃貸のため対象外,,2026-08-10,関心:戸建,https://www.shizuoka.fudohsan.jp/%E7%89%A9%E4%BB%B6/168109,不適合
スマイミー静岡 賃貸 熱海市,熱海市,賃貸アパート,賃貸カテゴリ（掲載種別）,熱海市下多賀1066-17,5.5,50.0,,5,—,—,,—,賃貸のため対象外,,2026-08-10,,https://www.shizuoka.fudohsan.jp/%E7%89%A9%E4%BB%B6/172996,不適合
スマイミー静岡 賃貸 熱海市,熱海市,賃貸戸建,賃貸カテゴリ（掲載種別）,熱海市上多賀298,7.5,173.1,,5,—,—,,—,賃貸のため対象外,,2026-08-08,関心:戸建,https://www.shizuoka.fudohsan.jp/%E7%89%A9%E4%BB%B6/176184,不適合
スマイミー静岡 賃貸 熱海市,熱海市,賃貸その他,賃貸カテゴリ（掲載種別）,熱海市中央町16-5,14.3,47.3,,5,—,—,,—,賃貸のため対象外,,2026-08-08,注意:店舗,https://www.shizuoka.fudohsan.jp/%E7%89%A9%E4%BB%B6/166448,不適合
スマイミー静岡 賃貸 熱海市,熱海市,賃貸マンション,賃貸カテゴリ（掲載種別）,熱海市上多賀764-25,6.0,53.5,,5,田,—,,—,賃貸のため対象外,,2026-08-08,,https://www.shizuoka.fudohsan.jp/%E7%89%A9%E4%BB%B6/170341,不適合
スマイミー静岡 賃貸 熱海市,熱海市,賃貸マンション,賃貸カテゴリ（掲載種別）,熱海市上多賀764-25,5.5,53.5,,5,田,—,,—,賃貸のため対象外,,2026-08-08,,https://www.shizuoka.fudohsan.jp/%E7%89%A9%E4%BB%B6/170343,不適合
スマイミー静岡 賃貸 熱海市,熱海市,賃貸戸建,賃貸カテゴリ（掲載種別）,熱海市下多賀947-11,4.9,47.6,,5,—,—,,—,賃貸のため対象外,,2026-08-08,関心:戸建,https://www.shizuoka.fudohsan.jp/%E7%89%A9%E4%BB%B6/165585,適合
スマイミー静岡 賃貸 熱海市,熱海市,駐車場,賃貸カテゴリ（掲載種別）,熱海市咲見町4-40,2.2,,,5,—,—,,—,賃貸のため対象外,,2026-07-31,関心:礼金無,https://www.shizuoka.fudohsan.jp/%E7%89%A9%E4%BB%B6/165779,適合
スマイミー静岡 賃貸 熱海市,熱海市,駐車場,賃貸カテゴリ（掲載種別）,熱海市咲見町4-40,1.65,,,5,—,—,,—,賃貸のため対象外,,2026-07-31,関心:礼金無,https://www.shizuoka.fudohsan.jp/%E7%89%A9%E4%BB%B6/165777,適合
スマイミー静岡 賃貸 熱海市,熱海市,賃貸その他,賃貸カテゴリ（掲載種別）,熱海市伊豆山,40.0,2132.4,,5,—,—,,—,賃貸のため対象外,,2026-07-31,注意:事業用,https://www.shizuoka.fudohsan.jp/%E7%89%A9%E4%BB%B6/117642,不適合
スマイミー静岡 賃貸 熱海市,熱海市,賃貸その他,賃貸カテゴリ（掲載種別）,熱海市中央町14-7,15.0,70.0,,5,—,—,,—,賃貸のため対象外,,2026-07-31,注意:店舗,https://www.shizuoka.fudohsan.jp/%E7%89%A9%E4%BB%B6/148097,不適合
スマイミー静岡 賃貸 熱海市,熱海市,賃貸その他,賃貸カテゴリ（掲載種別）,熱海市中央町14-7,15.0,77.8,,5,—,—,,—,賃貸のため対象外,,2026-07-31,注意:店舗,https://www.shizuoka.fudohsan.jp/%E7%89%A9%E4%BB%B6/159456,不適合
スマイミー静岡 賃貸 熱海市,熱海市,賃貸その他,賃貸カテゴリ（掲載種別）,熱海市銀座町4-6,21.0,50.9,,5,—,—,,—,賃貸のため対象外,,2026-08-03,注意:店舗,https://www.shizuoka.fudohsan.jp/%E7%89%A9%E4%BB%B6/175946,不適合
スマイミー静岡 賃貸 熱海市,熱海市,賃貸戸建,賃貸カテゴリ（掲載種別）,熱海市上多賀1117-1,11.0,137.3,,5,—,—,,—,賃貸のため対象外,,2026-08-07,関心:戸建,https://www.shizuoka.fudohsan.jp/%E7%89%A9%E4%BB%B6/170473,不適合
スマイミー静岡 賃貸 熱海市,熱海市,賃貸アパート,賃貸カテゴリ（掲載種別）,熱海市中央町10-10,8.5,55.0,,5,—,—,,—,賃貸のため対象外,,2026-08-07,,https://www.shizuoka.fudohsan.jp/%E7%89%A9%E4%BB%B6/148867,不適合
スマイミー静岡 賃貸 熱海市,熱海市,賃貸アパート,賃貸カテゴリ（掲載種別）,熱海市伊豆山507-1,6.5,28.0,,5,—,—,,—,賃貸のため対象外,,2026-07-31,,https://www.shizuoka.fudohsan.jp/%E7%89%A9%E4%BB%B6/129963,不適合
スマイミー静岡 賃貸 熱海市,熱海市,賃貸アパート,賃貸カテゴリ（掲載種別）,熱海市伊豆山507-1,6.5,71.4,,5,—,—,,—,賃貸のため対象外,,2026-07-31,,https://www.shizuoka.fudohsan.jp/%E7%89%A9%E4%BB%B6/141870,不適合
スマイミー静岡 賃貸 熱海市,熱海市,賃貸アパート,賃貸カテゴリ（掲載種別）,熱海市銀座町4-11,10.0,45.6,,5,—,—,,—,賃貸のため対象外,,2026-07-31,,https://www.shizuoka.fudohsan.jp/%E7%89%A9%E4%BB%B6/172625,不適合
スマイミー静岡 賃貸 熱海市,熱海市,賃貸アパート,賃貸カテゴリ（掲載種別）,熱海市中央町16-8,9.8,63.2,,5,—,—,,—,賃貸のため対象外,,2026-08-04,,https://www.shizuoka.fudohsan.jp/%E7%89%A9%E4%BB%B6/134072,不適合
スマイミー静岡 賃貸 熱海市,熱海市,賃貸マンション,賃貸カテゴリ（掲載種別）,熱海市東海岸町14-26,20.0,63.4,,5,—,—,,—,賃貸のため対象外,,2026-08-07,,https://www.shizuoka.fudohsan.jp/%E7%89%A9%E4%BB%B6/171359,不適合
スマイミー静岡 賃貸 熱海市,熱海市,賃貸マンション,賃貸カテゴリ（掲載種別）,熱海市上多賀980-1,6.0,22.1,,5,—,—,,—,賃貸のため対象外,,2026-07-31,,https://www.shizuoka.fudohsan.jp/%E7%89%A9%E4%BB%B6/144964,不適合
スマイミー静岡 賃貸 熱海市,熱海市,賃貸マンション,賃貸カテゴリ（掲載種別）,熱海市西熱海町１丁目5-23,15.0,86.0,,5,—,—,,—,賃貸のため対象外,,2026-08-04,,https://www.shizuoka.fudohsan.jp/%E7%89%A9%E4%BB%B6/169511,不適合
スマイミー静岡 賃貸 熱海市,熱海市,駐車場,賃貸カテゴリ（掲載種別）,熱海市咲見町4-40,2.2,,,5,—,—,,—,賃貸のため対象外,,2026-08-04,関心:礼金無,https://www.shizuoka.fudohsan.jp/%E7%89%A9%E4%BB%B6/165459,適合
スマイミー静岡 賃貸 熱海市,清水町,賃貸マンション,賃貸カテゴリ（掲載種別）,熱海市清水町9-15,7.4,61.0,,5,—,—,,—,賃貸のため対象外,,2026-08-04,,https://www.shizuoka.fudohsan.jp/%E7%89%A9%E4%BB%B6/159735,不適合
スマイミー静岡 賃貸 熱海市,熱海市,賃貸アパート,賃貸カテゴリ（掲載種別）,熱海市咲見町12-13,7.7,35.8,,5,—,—,,—,賃貸のため対象外,,2026-08-04,,https://www.shizuoka.fudohsan.jp/%E7%89%A9%E4%BB%B6/158664,不適合
スマイミー静岡 賃貸 熱海市,熱海市,賃貸その他,賃貸カテゴリ（掲載種別）,熱海市中央町14-20,10.0,65.0,,5,—,—,,—,賃貸のため対象外,,2026-08-04,,https://www.shizuoka.fudohsan.jp/%E7%89%A9%E4%BB%B6/163840,不適合
SUUMO 賃貸 熱海市,熱海市,賃貸アパート,賃貸カテゴリ（掲載種別）,静岡県熱海市中央町,8.6,25.0,,5,—,—,,—,賃貸のため対象外,,2026-08-07,,https://suumo.jp/chintai/jnc_000109051640/,不適合
SUUMO 賃貸 熱海市,熱海市,賃貸アパート,賃貸カテゴリ（掲載種別）,静岡県熱海市中央町,11.1,35.5,,5,—,—,,—,賃貸のため対象外,,2026-07-31,,https://suumo.jp/chintai/jnc_000108875342/,不適合
SUUMO 賃貸 熱海市,熱海市,賃貸マンション,賃貸カテゴリ（掲載種別）,静岡県熱海市春日町,5.5,25.8,,5,—,—,,—,賃貸のため対象外,,2026-08-05,,https://suumo.jp/chintai/jnc_000108994345/,不適合
SUUMO 賃貸 熱海市,熱海市,賃貸マンション,賃貸カテゴリ（掲載種別）,静岡県熱海市春日町,11.0,55.1,,5,—,—,,—,賃貸のため対象外,,2026-08-07,,https://suumo.jp/chintai/jnc_000069669930/,不適合
SUUMO 賃貸 熱海市,熱海市,賃貸戸建,賃貸カテゴリ（掲載種別）,静岡県熱海市伊豆山,12.0,176.5,,5,—,—,,—,賃貸のため対象外,,2026-07-25,関心:戸建,https://suumo.jp/chintai/jnc_000051120669/,不適合
SUUMO 賃貸 熱海市,熱海市,賃貸戸建,賃貸カテゴリ（掲載種別）,静岡県熱海市上多賀,11.0,137.3,,5,—,—,,—,賃貸のため対象外,,2026-07-25,,https://suumo.jp/chintai/jnc_000105376839/,不適合
SUUMO 賃貸 熱海市,熱海市,賃貸アパート,賃貸カテゴリ（掲載種別）,静岡県熱海市上多賀,5.5,56.5,,5,—,—,,—,賃貸のため対象外,,2026-08-03,,https://suumo.jp/chintai/jnc_000100720708/,不適合
SUUMO 賃貸 熱海市,熱海市,賃貸マンション,賃貸カテゴリ（掲載種別）,静岡県熱海市咲見町,13.4,56.5,,5,—,—,,—,賃貸のため対象外,,2026-07-25,,https://suumo.jp/chintai/jnc_000108151631/,不適合
SUUMO 賃貸 熱海市,熱海市,賃貸マンション,賃貸カテゴリ（掲載種別）,静岡県熱海市咲見町,17.8,54.1,,5,—,—,,—,賃貸のため対象外,,2026-07-25,,https://suumo.jp/chintai/jnc_000107511648/,不適合
SUUMO 賃貸 熱海市,熱海市,賃貸戸建,賃貸カテゴリ（掲載種別）,静岡県熱海市下多賀,17.0,117.4,,5,—,—,,—,賃貸のため対象外,,2026-07-25,関心:戸建,https://suumo.jp/chintai/jnc_000105116921/,不適合
SUUMO 賃貸 熱海市,熱海市,賃貸マンション,賃貸カテゴリ（掲載種別）,静岡県熱海市下多賀,7.7,55.7,,5,—,—,,—,賃貸のため対象外,,2026-08-02,,https://suumo.jp/chintai/jnc_000108927933/,不適合
SUUMO 賃貸 熱海市,熱海市,賃貸マンション,賃貸カテゴリ（掲載種別）,静岡県熱海市下多賀,8.4,55.7,,5,—,—,,—,賃貸のため対象外,,2026-07-25,,https://suumo.jp/chintai/jnc_000095834257/,不適合
SUUMO 賃貸 熱海市,熱海市,賃貸マンション,賃貸カテゴリ（掲載種別）,静岡県熱海市下多賀,6.5,29.3,,5,—,—,,—,賃貸のため対象外,,2026-08-02,,https://suumo.jp/chintai/jnc_000106201099/,不適合
SUUMO 賃貸 熱海市,熱海市,賃貸アパート,賃貸カテゴリ（掲載種別）,静岡県熱海市西山町,10.8,68.3,,5,—,—,,—,賃貸のため対象外,,2026-07-25,,https://suumo.jp/chintai/jnc_000108767529/,不適合
SUUMO 賃貸 熱海市,熱海市,賃貸アパート,賃貸カテゴリ（掲載種別）,静岡県熱海市西山町,11.3,68.3,,5,—,—,,—,賃貸のため対象外,,2026-07-25,,https://suumo.jp/chintai/jnc_000107682270/,不適合
SUUMO 賃貸 熱海市,熱海市,賃貸アパート,賃貸カテゴリ（掲載種別）,静岡県熱海市桃山町,7.5,48.1,,5,—,—,,—,賃貸のため対象外,,2026-07-26,,https://suumo.jp/chintai/jnc_000094749108/,不適合
SUUMO 賃貸 熱海市,熱海市,賃貸アパート,賃貸カテゴリ（掲載種別）,静岡県熱海市梅花町,5.0,33.1,,5,—,—,,—,賃貸のため対象外,,2026-07-27,,https://suumo.jp/chintai/jnc_000108216283/,適合
SUUMO 賃貸 熱海市,熱海市,賃貸マンション,賃貸カテゴリ（掲載種別）,静岡県熱海市東海岸町,36.2,81.2,,5,—,—,,—,賃貸のため対象外,,2026-07-29,,https://suumo.jp/chintai/jnc_000106642020/,不適合
SUUMO 賃貸 熱海市,熱海市,賃貸マンション,賃貸カテゴリ（掲載種別）,静岡県熱海市水口町,7.5,48.0,,5,—,—,,—,賃貸のため対象外,,2026-07-30,,https://suumo.jp/chintai/jnc_000107011001/,不適合
SUUMO 賃貸 熱海市,熱海市,賃貸アパート,賃貸カテゴリ（掲載種別）,静岡県熱海市中央町,8.5,55.0,,5,—,—,,—,賃貸のため対象外,,2026-07-26,,https://suumo.jp/chintai/jnc_000108779746/,不適合
SUUMO 賃貸 熱海市,熱海市,賃貸アパート,賃貸カテゴリ（掲載種別）,静岡県熱海市下多賀,5.0,36.4,,5,—,—,,—,賃貸のため対象外,,2026-08-04,,https://suumo.jp/chintai/jnc_000102944606/,適合
SUUMO 賃貸 熱海市,熱海市,賃貸アパート,賃貸カテゴリ（掲載種別）,静岡県熱海市下多賀,5.5,49.5,,5,—,—,,—,賃貸のため対象外,,2026-08-04,,https://suumo.jp/chintai/jnc_000102944607/,不適合
SUUMO 賃貸 熱海市,熱海市,賃貸アパート,賃貸カテゴリ（掲載種別）,静岡県熱海市田原本町,12.0,41.3,,5,田,—,,—,賃貸のため対象外,,2026-08-07,,https://suumo.jp/chintai/jnc_000104592887/,不適合
SUUMO 賃貸 熱海市,熱海市,賃貸マンション,賃貸カテゴリ（掲載種別）,静岡県熱海市上多賀,12.0,49.5,,5,—,—,,—,賃貸のため対象外,,2026-08-07,,https://suumo.jp/chintai/jnc_000102712608/,不適合
SUUMO 賃貸 熱海市,熱海市,賃貸戸建,賃貸カテゴリ（掲載種別）,静岡県熱海市下多賀,12.3,80.1,,5,—,—,,—,賃貸のため対象外,,2026-08-08,,https://suumo.jp/chintai/jnc_000103467838/,不適合
SUUMO 賃貸 熱海市,熱海市,賃貸アパート,賃貸カテゴリ（掲載種別）,静岡県熱海市中央町,9.8,63.2,,5,—,—,,—,賃貸のため対象外,,2026-08-10,,https://suumo.jp/chintai/jnc_000094271604/,不適合
SUUMO 賃貸 熱海市,熱海市,賃貸マンション,賃貸カテゴリ（掲載種別）,静岡県熱海市昭和町,8.3,54.3,,5,—,—,,—,賃貸のため対象外,,2026-07-25,,https://suumo.jp/chintai/jnc_000094088229/?bc=100505000566,不適合
SUUMO 賃貸 熱海市,熱海市,賃貸アパート,賃貸カテゴリ（掲載種別）,静岡県熱海市西山町,5.0,38.0,,5,—,—,,—,賃貸のため対象外,,2026-07-25,,https://suumo.jp/chintai/jnc_000102058020/?bc=100133324162,適合
SUUMO 賃貸 熱海市,熱海市,賃貸マンション,賃貸カテゴリ（掲載種別）,静岡県熱海市伊豆山,10.0,48.4,,5,—,—,,—,賃貸のため対象外,,2026-07-25,,https://suumo.jp/chintai/jnc_000108131411/?bc=100510192995,不適合
SUUMO 賃貸 熱海市,熱海市,賃貸マンション,賃貸カテゴリ（掲載種別）,静岡県熱海市水口町,8.0,34.0,,5,—,—,,—,賃貸のため対象外,,2026-08-07,,https://suumo.jp/chintai/jnc_000105691635/?bc=100495061105,不適合
SUUMO 賃貸 熱海市,熱海市,賃貸マンション,賃貸カテゴリ（掲載種別）,静岡県熱海市水口町,6.5,42.0,,5,—,—,,—,賃貸のため対象外,,2026-07-25,,https://suumo.jp/chintai/jnc_000106122461/?bc=100498806278,不適合
SUUMO 賃貸 熱海市,熱海市,賃貸マンション,賃貸カテゴリ（掲載種別）,静岡県熱海市水口町,6.5,41.2,,5,—,—,,—,賃貸のため対象外,,2026-07-25,,https://suumo.jp/chintai/jnc_000106251282/?bc=100500020522,不適合
SUUMO 賃貸 熱海市,熱海市,賃貸マンション,賃貸カテゴリ（掲載種別）,静岡県熱海市海光町,6.9,30.2,,5,—,—,,—,賃貸のため対象外,,2026-07-25,,https://suumo.jp/chintai/jnc_000088433865/?bc=100496956754,不適合
SUUMO 賃貸 熱海市,熱海市,賃貸マンション,賃貸カテゴリ（掲載種別）,静岡県熱海市咲見町,6.6,43.0,,5,—,—,,—,賃貸のため対象外,,2026-07-25,,https://suumo.jp/chintai/jnc_000108518082/?bc=100340958766,不適合
SUUMO 賃貸 熱海市,清水町,賃貸マンション,賃貸カテゴリ（掲載種別）,静岡県熱海市清水町,6.0,40.0,,5,—,—,,—,賃貸のため対象外,,2026-07-25,,https://suumo.jp/chintai/jnc_000089186570/?bc=100516244388,不適合
SUUMO 賃貸 熱海市,熱海市,賃貸マンション,賃貸カテゴリ（掲載種別）,静岡県熱海市春日町,19.8,95.7,,5,—,—,,—,賃貸のため対象外,,2026-08-01,,https://suumo.jp/chintai/jnc_000107851412/?bc=100511824595,不適合
SUUMO 賃貸 熱海市,熱海市,賃貸マンション,賃貸カテゴリ（掲載種別）,静岡県熱海市春日町,19.0,100.2,,5,—,—,,—,賃貸のため対象外,,2026-08-01,,https://suumo.jp/chintai/jnc_000108767528/?bc=100518749746,不適合
SUUMO 賃貸 熱海市,熱海市,賃貸マンション,賃貸カテゴリ（掲載種別）,静岡県熱海市水口町,6.6,51.9,,5,—,—,,—,賃貸のため対象外,,2026-07-25,,https://suumo.jp/chintai/jnc_000101007369/?bc=100500921798,不適合
SUUMO 賃貸 熱海市,熱海市,賃貸マンション,賃貸カテゴリ（掲載種別）,静岡県熱海市和田浜南町,9.5,52.1,,5,田,—,,—,賃貸のため対象外,,2026-07-28,,https://suumo.jp/chintai/jnc_000062518785/?bc=100497931916,不適合
SUUMO 賃貸 熱海市,熱海市,賃貸マンション,賃貸カテゴリ（掲載種別）,静岡県熱海市和田浜南町,13.0,53.6,,5,田,—,,—,賃貸のため対象外,,2026-07-25,,https://suumo.jp/chintai/jnc_000105564642/?bc=100494248047,不適合
SUUMO 賃貸 熱海市,熱海市,賃貸戸建,賃貸カテゴリ（掲載種別）,静岡県熱海市下多賀,9.8,120.3,,5,—,—,,—,賃貸のため対象外,,2026-07-30,,https://suumo.jp/chintai/jnc_000108711553/?bc=100518325965,不適合
SUUMO 賃貸 熱海市,熱海市,賃貸アパート,賃貸カテゴリ（掲載種別）,静岡県熱海市下多賀,5.8,40.0,,5,—,—,,—,賃貸のため対象外,,2026-07-25,,https://suumo.jp/chintai/jnc_000108014073/?bc=100513169052,不適合
SUUMO 賃貸 熱海市,熱海市,賃貸戸建,賃貸カテゴリ（掲載種別）,静岡県熱海市下多賀,8.8,79.5,,5,—,—,,—,賃貸のため対象外,,2026-07-25,,https://suumo.jp/chintai/jnc_000107544709/?bc=100509575161,不適合
SUUMO 賃貸 熱海市,熱海市,賃貸マンション,賃貸カテゴリ（掲載種別）,静岡県熱海市東海岸町,20.0,63.4,,5,—,—,,—,賃貸のため対象外,,2026-08-08,,https://suumo.jp/chintai/jnc_000106047520/?bc=100498344530,不適合
SUUMO 賃貸 熱海市,熱海市,賃貸マンション,賃貸カテゴリ（掲載種別）,静岡県熱海市東海岸町,25.0,63.4,,5,—,—,,—,賃貸のため対象外,,2026-08-08,,https://suumo.jp/chintai/jnc_000099574307/?bc=100519905486,不適合
SUUMO 賃貸 熱海市,熱海市,賃貸マンション,賃貸カテゴリ（掲載種別）,静岡県熱海市網代,4.2,25.6,,5,—,—,,—,賃貸のため対象外,,2026-08-01,,https://suumo.jp/chintai/jnc_000103898498/?bc=100518690278,適合
SUUMO 賃貸 熱海市,熱海市,賃貸マンション,賃貸カテゴリ（掲載種別）,静岡県熱海市咲見町,8.3,32.5,,5,—,—,,—,賃貸のため対象外,,2026-08-01,,https://suumo.jp/chintai/jnc_000108761131/?bc=100518690277,不適合
SUUMO 賃貸 熱海市,熱海市,賃貸マンション,賃貸カテゴリ（掲載種別）,静岡県熱海市咲見町,9.0,30.8,,5,—,—,,—,賃貸のため対象外,,2026-08-01,,https://suumo.jp/chintai/jnc_000093375144/?bc=100515575644,不適合
SUUMO 賃貸 熱海市,熱海市,賃貸マンション,賃貸カテゴリ（掲載種別）,静岡県熱海市海光町,7.3,32.4,,5,—,—,,—,賃貸のため対象外,,2026-07-25,,https://suumo.jp/chintai/jnc_000106447592/?bc=100501615318,不適合
SUUMO 賃貸 熱海市,清水町,賃貸マンション,賃貸カテゴリ（掲載種別）,静岡県熱海市清水町,18.0,67.8,,5,—,—,,—,賃貸のため対象外,,2026-08-07,,https://suumo.jp/chintai/jnc_000106833161/?bc=100501919758,不適合
SUUMO 賃貸 熱海市,熱海市,賃貸アパート,賃貸カテゴリ（掲載種別）,静岡県熱海市下多賀,4.9,47.8,,5,—,—,,—,賃貸のため対象外,,2026-07-25,,https://suumo.jp/chintai/jnc_000104298220/?bc=100507978854,適合
SUUMO 賃貸 熱海市,熱海市,賃貸マンション,賃貸カテゴリ（掲載種別）,静岡県熱海市福道町,3.5,12.0,,5,—,—,,—,賃貸のため対象外,,2026-07-25,,https://suumo.jp/chintai/jnc_000099378799/?bc=100284461886,適合
SUUMO 賃貸 熱海市,熱海市,賃貸アパート,賃貸カテゴリ（掲載種別）,静岡県熱海市青葉町,6.5,57.1,,5,—,—,,—,賃貸のため対象外,,2026-07-25,,https://suumo.jp/chintai/jnc_000071013130/?bc=100509736370,不適合
SUUMO 賃貸 熱海市,熱海市,賃貸アパート,賃貸カテゴリ（掲載種別）,静岡県熱海市福道町,6.8,30.2,,5,田,—,,—,賃貸のため対象外,,2026-08-07,,https://suumo.jp/chintai/jnc_000108875343/?bc=100519691966,不適合
SUUMO 賃貸 熱海市,熱海市,賃貸マンション,賃貸カテゴリ（掲載種別）,静岡県熱海市山手町,3.18,29.0,,5,—,—,,—,賃貸のため対象外,,2026-08-07,,https://suumo.jp/chintai/jnc_000107881410/?bc=100512076981,適合
SUUMO 賃貸 熱海市,熱海市,賃貸マンション,賃貸カテゴリ（掲載種別）,静岡県熱海市山手町,3.18,29.0,,5,—,—,,—,賃貸のため対象外,,2026-08-07,,https://suumo.jp/chintai/jnc_000108042998/?bc=100513988699,適合
SUUMO 賃貸 熱海市,熱海市,賃貸マンション,賃貸カテゴリ（掲載種別）,静岡県熱海市山手町,3.19,29.0,,5,—,—,,—,賃貸のため対象外,,2026-08-07,,https://suumo.jp/chintai/jnc_000109043383/?bc=100513439253,適合
SUUMO 賃貸 熱海市,熱海市,賃貸マンション,賃貸カテゴリ（掲載種別）,静岡県熱海市山手町,3.19,29.0,,5,—,—,,—,賃貸のため対象外,,2026-08-07,,https://suumo.jp/chintai/jnc_000109043382/?bc=100512442094,適合
SUUMO 賃貸 熱海市,熱海市,賃貸アパート,賃貸カテゴリ（掲載種別）,静岡県熱海市青葉町,6.5,45.6,,5,—,—,,—,賃貸のため対象外,,2026-07-25,,https://suumo.jp/chintai/jnc_000106223266/?bc=100469735326,不適合
SUUMO 賃貸 熱海市,熱海市,賃貸マンション,賃貸カテゴリ（掲載種別）,静岡県熱海市西熱海町１,15.0,86.0,,5,—,—,,—,賃貸のため対象外,,2026-08-04,,https://suumo.jp/chintai/jnc_000108975164/?bc=100486805105,不適合
SUUMO 賃貸 熱海市,熱海市,賃貸マンション,賃貸カテゴリ（掲載種別）,静岡県熱海市海光町,9.0,40.0,,5,—,—,,—,賃貸のため対象外,,2026-07-27,,https://suumo.jp/chintai/jnc_000108479463/?bc=100516515536,不適合
SUUMO 賃貸 熱海市,熱海市,賃貸マンション,賃貸カテゴリ（掲載種別）,静岡県熱海市海光町,9.0,40.0,,5,—,—,,—,賃貸のため対象外,,2026-07-27,,https://suumo.jp/chintai/jnc_000108663932/?bc=100517934417,不適合
SUUMO 賃貸 熱海市,熱海市,賃貸マンション,賃貸カテゴリ（掲載種別）,静岡県熱海市海光町,13.8,36.4,,5,—,—,,—,賃貸のため対象外,,2026-07-27,,https://suumo.jp/chintai/jnc_000107511647/?bc=100490208677,不適合
SUUMO 賃貸 熱海市,熱海市,賃貸マンション,賃貸カテゴリ（掲載種別）,静岡県熱海市海光町,21.0,69.4,,5,—,—,,—,賃貸のため対象外,,2026-07-31,,https://suumo.jp/chintai/jnc_000108884099/?bc=100486822327,不適合
SUUMO 賃貸 熱海市,熱海市,賃貸マンション,賃貸カテゴリ（掲載種別）,静岡県熱海市上多賀,6.0,22.1,,5,—,—,,—,賃貸のため対象外,,2026-07-25,,https://suumo.jp/chintai/jnc_000088751966/?bc=100368009320,不適合
SUUMO 賃貸 熱海市,熱海市,賃貸マンション,賃貸カテゴリ（掲載種別）,静岡県熱海市上多賀,7.0,22.1,,5,—,—,,—,賃貸のため対象外,,2026-07-25,,https://suumo.jp/chintai/jnc_000103412010/?bc=100477271986,不適合
SUUMO 賃貸 熱海市,熱海市,賃貸マンション,賃貸カテゴリ（掲載種別）,静岡県熱海市上多賀,7.3,22.1,,5,—,—,,—,賃貸のため対象外,,2026-07-25,,https://suumo.jp/chintai/jnc_000108511455/?bc=100516795061,不適合
SUUMO 賃貸 熱海市,清水町,賃貸マンション,賃貸カテゴリ（掲載種別）,静岡県熱海市清水町,6.0,20.0,,5,—,—,,—,賃貸のため対象外,,2026-08-10,,https://suumo.jp/chintai/jnc_000065973380/?bc=100375038009,不適合
SUUMO 賃貸 熱海市,清水町,賃貸マンション,賃貸カテゴリ（掲載種別）,静岡県熱海市清水町,6.5,35.7,,5,—,—,,—,賃貸のため対象外,,2026-08-10,,https://suumo.jp/chintai/jnc_000108441512/?bc=100516075286,不適合
SUUMO 賃貸 熱海市,熱海市,賃貸アパート,賃貸カテゴリ（掲載種別）,静岡県熱海市下多賀,3.6,33.0,,5,—,—,,—,賃貸のため対象外,,2026-07-25,,https://suumo.jp/chintai/jnc_000108157906/?bc=100514404576,適合
SUUMO 賃貸 熱海市,熱海市,賃貸マンション,賃貸カテゴリ（掲載種別）,静岡県熱海市伊豆山,9.5,58.5,,5,—,—,,—,賃貸のため対象外,,2026-07-25,,https://suumo.jp/chintai/jnc_000105557104/?bc=100494193846,不適合
SUUMO 賃貸 熱海市,熱海市,賃貸マンション,賃貸カテゴリ（掲載種別）,静岡県熱海市和田町,6.5,42.9,,5,田,—,,—,賃貸のため対象外,,2026-08-03,,https://suumo.jp/chintai/jnc_000106375351/?bc=100497000473,不適合
SUUMO 賃貸 熱海市,熱海市,賃貸アパート,賃貸カテゴリ（掲載種別）,静岡県熱海市銀座町,10.0,45.6,,5,—,—,,—,賃貸のため対象外,,2026-07-25,,https://suumo.jp/chintai/jnc_000106796769/?bc=100244165768,不適合
SUUMO 賃貸 熱海市,熱海市,賃貸マンション,賃貸カテゴリ（掲載種別）,静岡県熱海市昭和町,4.6,20.3,,5,—,—,,—,賃貸のため対象外,,2026-08-04,,https://suumo.jp/chintai/jnc_000108819178/?bc=100519227692,適合
SUUMO 賃貸 熱海市,熱海市,賃貸マンション,賃貸カテゴリ（掲載種別）,静岡県熱海市海光町,6.7,40.4,,5,—,—,,—,賃貸のため対象外,,2026-07-25,,https://suumo.jp/chintai/jnc_000108103472/?bc=100508617375,不適合
SUUMO 賃貸 熱海市,熱海市,賃貸戸建,賃貸カテゴリ（掲載種別）,静岡県熱海市下多賀,5.8,61.8,,5,—,—,,—,賃貸のため対象外,,2026-07-25,,https://suumo.jp/chintai/jnc_000059097577/?bc=100202440304,不適合
SUUMO 賃貸 熱海市,熱海市,賃貸マンション,賃貸カテゴリ（掲載種別）,静岡県熱海市海光町,8.5,34.0,,5,—,—,,—,賃貸のため対象外,,2026-08-07,,https://suumo.jp/chintai/jnc_000105537930/?bc=100413775069,不適合
SUUMO 賃貸 熱海市,熱海市,賃貸アパート,賃貸カテゴリ（掲載種別）,静岡県熱海市伊豆山,4.0,30.0,,5,—,—,,—,賃貸のため対象外,,2026-07-25,,https://suumo.jp/chintai/jnc_000105956815/?bc=100497548499,適合
SUUMO 賃貸 熱海市,清水町,賃貸マンション,賃貸カテゴリ（掲載種別）,静岡県熱海市清水町,4.5,24.0,,5,—,—,,—,賃貸のため対象外,,2026-08-07,,https://suumo.jp/chintai/jnc_000108691911/?bc=100518191981,適合
SUUMO 賃貸 熱海市,清水町,賃貸マンション,賃貸カテゴリ（掲載種別）,静岡県熱海市清水町,5.5,39.0,,5,—,—,,—,賃貸のため対象外,,2026-07-25,,https://suumo.jp/chintai/jnc_000105469864/?bc=100481037539,不適合
SUUMO 賃貸 熱海市,熱海市,賃貸アパート,賃貸カテゴリ（掲載種別）,静岡県熱海市下多賀,3.3,34.8,,5,—,—,,—,賃貸のため対象外,,2026-07-25,,https://suumo.jp/chintai/jnc_000082860529/?bc=100330729896,適合
SUUMO 賃貸 熱海市,熱海市,賃貸その他,賃貸カテゴリ（掲載種別）,静岡県熱海市網代,8.8,56.0,,5,—,—,,—,賃貸のため対象外,,2026-07-25,,https://suumo.jp/chintai/jnc_000104562259/?bc=100481841250,不適合
SUUMO 賃貸 熱海市,熱海市,賃貸アパート,賃貸カテゴリ（掲載種別）,静岡県熱海市下多賀,5.5,50.0,,5,—,—,,—,賃貸のため対象外,,2026-07-25,,https://suumo.jp/chintai/jnc_000107978886/?bc=100512875997,不適合
SUUMO 賃貸 熱海市,熱海市,賃貸マンション,賃貸カテゴリ（掲載種別）,静岡県熱海市伊豆山,21.8,75.0,,5,—,—,,—,賃貸のため対象外,,2026-08-02,,https://suumo.jp/chintai/jnc_000092537603/?bc=100519965415,不適合
SUUMO 賃貸 熱海市,熱海市,賃貸アパート,賃貸カテゴリ（掲載種別）,静岡県熱海市泉,4.8,51.1,,5,—,—,,—,賃貸のため対象外,,2026-07-25,,https://suumo.jp/chintai/jnc_000105639607/?bc=100273356656,適合
SUUMO 賃貸 熱海市,熱海市,賃貸戸建,賃貸カテゴリ（掲載種別）,静岡県熱海市泉元宮上分,80.0,510.9,,5,—,—,,—,賃貸のため対象外,,2026-07-25,,https://suumo.jp/chintai/jnc_000100922437/?bc=100455488883,不適合
SUUMO 賃貸 熱海市,熱海市,賃貸マンション,賃貸カテゴリ（掲載種別）,静岡県熱海市桜町,4.0,20.0,,5,—,—,,—,賃貸のため対象外,,2026-08-03,,https://suumo.jp/chintai/jnc_000108151632/?bc=100514020741,適合
LIFULL 賃貸 三島市,三島市,賃貸マンション,賃貸カテゴリ（掲載種別）,静岡県三島市東町,15.7,88.3,,5,—,—,,—,賃貸のため対象外,,2026-08-11,,https://www.homes.co.jp/chintai/room/ff9d643be94ca5720470d01ab639a09467147a70/,不適合
LIFULL 賃貸 三島市,三島市,賃貸戸建,賃貸カテゴリ（掲載種別）,静岡県三島市加茂77-3-1,11.5,111.6,,5,—,—,,—,賃貸のため対象外,,2026-08-11,,https://www.homes.co.jp/chintai/room/bdc7dcec99e98bf575d54409f399482ea098b0dc/,不適合
LIFULL 賃貸 三島市,三島市,賃貸マンション,賃貸カテゴリ（掲載種別）,静岡県三島市南町17-6,8.3,68.8,,5,—,—,,—,賃貸のため対象外,,2026-07-25,,https://www.homes.co.jp/chintai/room/d995ec4b5c3699b698a053f1b0873849d46193d6/,不適合
LIFULL 賃貸 三島市,三島市,賃貸マンション,賃貸カテゴリ（掲載種別）,静岡県三島市加茂川町1-7,7.5,62.4,,5,—,—,,—,賃貸のため対象外,,2026-07-25,,https://www.homes.co.jp/chintai/room/865588d3dbd3ad98992a31269f14b595071085a7/,不適合
LIFULL 賃貸 三島市,三島市,賃貸マンション,賃貸カテゴリ（掲載種別）,静岡県三島市加茂川町1-7,7.5,62.4,,5,—,—,,—,賃貸のため対象外,,2026-07-25,,https://www.homes.co.jp/chintai/room/cfbf6b22ecd9c0ad7dbb07c6f8e0ff456181cd83/,不適合
LIFULL 賃貸 三島市,三島市,賃貸マンション,賃貸カテゴリ（掲載種別）,静岡県三島市大宮町1丁目4-20,7.4,34.8,,5,—,—,,—,賃貸のため対象外,,2026-07-25,,https://www.homes.co.jp/chintai/room/fa5daa3d09cae0e8ca91f6e5a48077115c29d4ab/,不適合
LIFULL 賃貸 三島市,三島市,賃貸マンション,賃貸カテゴリ（掲載種別）,静岡県三島市大宮町1丁目4-20,7.1,33.9,,5,—,—,,—,賃貸のため対象外,,2026-07-25,,https://www.homes.co.jp/chintai/room/935ee94578b2a06474e47629453e43afd8ee29a9/,不適合
LIFULL 賃貸 三島市,三島市,賃貸マンション,賃貸カテゴリ（掲載種別）,静岡県三島市大宮町1丁目4-20,8.05,43.5,,5,—,—,,—,賃貸のため対象外,,2026-07-25,,https://www.homes.co.jp/chintai/room/c4ba9f86970026a6d1688dd8103bc77b425354df/,不適合
LIFULL 賃貸 三島市,三島市,賃貸マンション,賃貸カテゴリ（掲載種別）,静岡県三島市大宮町1丁目4-20,7.1,34.8,,5,—,—,,—,賃貸のため対象外,,2026-07-25,,https://www.homes.co.jp/chintai/room/bd94dd56a75ebd15ed6616d0a0acc103ac76f8f1/,不適合
LIFULL 賃貸 三島市,三島市,賃貸マンション,賃貸カテゴリ（掲載種別）,静岡県三島市大宮町1丁目4-20,7.0,33.9,,5,—,—,,—,賃貸のため対象外,,2026-07-25,,https://www.homes.co.jp/chintai/room/4c772724fe57095d8300728f014cbedc0a04b4c7/,不適合
LIFULL 賃貸 三島市,三島市,賃貸マンション,賃貸カテゴリ（掲載種別）,静岡県三島市大宮町1丁目4-20,6.9,33.9,,5,—,—,,—,賃貸のため対象外,,2026-07-25,,https://www.homes.co.jp/chintai/room/8f452d2251b38c406608f87f657c314dc93cb9dd/,不適合
LIFULL 賃貸 三島市,三島市,賃貸マンション,賃貸カテゴリ（掲載種別）,静岡県三島市大宮町1丁目4-20,6.8,34.8,,5,—,—,,—,賃貸のため対象外,,2026-07-25,,https://www.homes.co.jp/chintai/room/f40c119dc13a790c60911d807845590c2db85b64/,不適合
LIFULL 賃貸 三島市,三島市,賃貸マンション,賃貸カテゴリ（掲載種別）,静岡県三島市大宮町1丁目4-20,6.6,33.9,,5,—,—,,—,賃貸のため対象外,,2026-07-25,,https://www.homes.co.jp/chintai/room/72c34336032d542f9eca5cd1491c4c5977cbf4f6/,不適合
LIFULL 賃貸 三島市,三島市,賃貸マンション,賃貸カテゴリ（掲載種別）,静岡県三島市大社町6-5,7.4,40.3,,5,—,—,,—,賃貸のため対象外,,2026-08-10,,https://www.homes.co.jp/chintai/room/9022c04b523fa7318a2264bebd6d2e2be96dd36d/,不適合
LIFULL 賃貸 三島市,三島市,賃貸マンション,賃貸カテゴリ（掲載種別）,静岡県三島市梅名101-1,7.2,62.5,,5,—,—,,—,賃貸のため対象外,,2026-07-25,,https://www.homes.co.jp/chintai/room/7ccc3512d7e29b03a1793b3d11b83fb8e9745c4e/,不適合
LIFULL 賃貸 三島市,三島市,賃貸マンション,賃貸カテゴリ（掲載種別）,静岡県三島市富士ビレッジ33-8,7.4,68.8,,5,—,—,,—,賃貸のため対象外,,2026-07-25,,https://www.homes.co.jp/chintai/room/ca5d712989491be447f33996c4bedb6a6750c334/,不適合
LIFULL 賃貸 三島市,三島市,賃貸マンション,賃貸カテゴリ（掲載種別）,静岡県三島市富士ビレッジ33-8,7.0,68.8,,5,—,—,,—,賃貸のため対象外,,2026-07-25,,https://www.homes.co.jp/chintai/room/dc06f63c485dfeb413b7407bfeefed7e602eaaad/,不適合
LIFULL 賃貸 三島市,三島市,賃貸マンション,賃貸カテゴリ（掲載種別）,静岡県三島市大宮町1丁目10-28,4.3,25.5,,5,—,—,,—,賃貸のため対象外,,2026-08-10,,https://www.homes.co.jp/chintai/room/74aa548df60b6334e856875edae73dfd726afe59/,適合
LIFULL 賃貸 三島市,三島市,賃貸マンション,賃貸カテゴリ（掲載種別）,静岡県三島市大宮町1丁目10-28,4.3,22.5,,5,—,—,,—,賃貸のため対象外,,2026-07-25,,https://www.homes.co.jp/chintai/room/231fb2614a8808946c2ded8e1787bf670efcdfb5/,適合
LIFULL 賃貸 三島市,三島市,賃貸マンション,賃貸カテゴリ（掲載種別）,静岡県三島市大宮町1丁目10-28,4.5,22.5,,5,—,—,,—,賃貸のため対象外,,2026-07-27,,https://www.homes.co.jp/chintai/room/4888fcc9d55d9204c26f6d02f29e7c581a3a711f/,適合
LIFULL 賃貸 三島市,三島市,賃貸マンション,賃貸カテゴリ（掲載種別）,静岡県三島市大宮町1丁目10-28,4.5,25.7,,5,—,—,,—,賃貸のため対象外,,2026-07-25,,https://www.homes.co.jp/chintai/room/e18671be153c096a200ba90c0cbde0bc20cfbee1/,適合
LIFULL 賃貸 三島市,三島市,賃貸マンション,賃貸カテゴリ（掲載種別）,静岡県三島市大宮町1丁目10-28,7.0,47.1,,5,—,—,,—,賃貸のため対象外,,2026-07-25,,https://www.homes.co.jp/chintai/room/28406e3537fdcee136222c00615816942af8efef/,不適合
LIFULL 賃貸 三島市,三島市,賃貸マンション,賃貸カテゴリ（掲載種別）,静岡県三島市大宮町1丁目10-28,7.0,47.1,,5,—,—,,—,賃貸のため対象外,,2026-07-25,,https://www.homes.co.jp/chintai/room/ee3d5f88852b04221ea30dfb37d5a0381af38560/,不適合
LIFULL 賃貸 三島市,三島市,賃貸マンション,賃貸カテゴリ（掲載種別）,静岡県三島市大宮町2丁目7-18,6.8,41.0,,5,—,—,,—,賃貸のため対象外,,2026-07-31,,https://www.homes.co.jp/chintai/room/2159439c12780aad00b6f102e8ca4296c17df74a/,不適合
LIFULL 賃貸 三島市,三島市,賃貸マンション,賃貸カテゴリ（掲載種別）,静岡県三島市青木211-7,6.8,53.1,,5,—,—,,—,賃貸のため対象外,,2026-07-25,,https://www.homes.co.jp/chintai/room/a6f59cf214c6863408f939fdbf8df0fb98a8f80b/,不適合
LIFULL 賃貸 三島市,三島市,賃貸マンション,賃貸カテゴリ（掲載種別）,静岡県三島市青木211-7,6.8,53.1,,5,—,—,,—,賃貸のため対象外,,2026-07-25,,https://www.homes.co.jp/chintai/room/b144d6722c87d7f87711da6405c74f38d591857e/,不適合
LIFULL 賃貸 三島市,三島市,賃貸マンション,賃貸カテゴリ（掲載種別）,静岡県三島市青木211-7,6.8,53.1,,5,—,—,,—,賃貸のため対象外,,2026-07-25,,https://www.homes.co.jp/chintai/room/124eb054d5bb474154d195e4086b0b559171ab00/,不適合
LIFULL 賃貸 三島市,三島市,賃貸マンション,賃貸カテゴリ（掲載種別）,静岡県三島市谷田57-5,6.9,52.9,,5,田,—,,—,賃貸のため対象外,,2026-07-30,,https://www.homes.co.jp/chintai/room/89694142d2dd4bbf8b08f1a538a2cd05b875fd28/,不適合
LIFULL 賃貸 三島市,三島市,賃貸マンション,賃貸カテゴリ（掲載種別）,静岡県三島市谷田57-5,6.9,52.9,,5,田,—,,—,賃貸のため対象外,,2026-07-30,,https://www.homes.co.jp/chintai/room/ba5a1d6d6485cab2be1df9eb2f3f285c4bf4b11c/,不適合
LIFULL 賃貸 三島市,三島市,賃貸マンション,賃貸カテゴリ（掲載種別）,静岡県三島市一番町2-34,6.7,36.3,,5,—,—,,—,賃貸のため対象外,,2026-07-25,,https://www.homes.co.jp/chintai/room/cc18e3e7992df004a17309544cfc30ad6ef68d9a/,不適合
LIFULL 賃貸 三島市,三島市,賃貸マンション,賃貸カテゴリ（掲載種別）,静岡県三島市一番町2-34,6.7,36.3,,5,—,—,,—,賃貸のため対象外,,2026-07-25,,https://www.homes.co.jp/chintai/room/823cc945bb95c161c132736381c7ce7b6ea7fd8a/,不適合
LIFULL 賃貸 三島市,三島市,賃貸マンション,賃貸カテゴリ（掲載種別）,静岡県三島市徳倉4丁目20-2,6.7,62.5,,5,—,—,,—,賃貸のため対象外,,2026-08-02,,https://www.homes.co.jp/chintai/room/710613a8f2b30c1d4e00a28041b16d807fb4f781/,不適合
LIFULL 賃貸 三島市,三島市,賃貸マンション,賃貸カテゴリ（掲載種別）,静岡県三島市徳倉4丁目20-2,6.7,62.5,,5,—,—,,—,賃貸のため対象外,,2026-08-02,,https://www.homes.co.jp/chintai/room/9717f7d747157964ee3ffd6341e88902a7998d2f/,不適合
LIFULL 賃貸 三島市,三島市,賃貸マンション,賃貸カテゴリ（掲載種別）,静岡県三島市大宮町 1丁目4-20,7.4,34.8,,5,—,—,,—,賃貸のため対象外,,2026-08-11,,https://www.homes.co.jp/chintai/room/deaa6f0932d35fd8816af215a3ba445c62d541c6/,不適合
LIFULL 賃貸 三島市,三島市,賃貸マンション,賃貸カテゴリ（掲載種別）,静岡県三島市大宮町 1丁目4-20,8.05,43.5,,5,—,—,,—,賃貸のため対象外,,2026-08-11,,https://www.homes.co.jp/chintai/room/e1e6f522ea288b0600e130ed6e1c762f7e0d4e02/,不適合
LIFULL 賃貸 三島市,三島市,賃貸マンション,賃貸カテゴリ（掲載種別）,静岡県三島市大宮町 1丁目4-20,7.1,34.8,,5,—,—,,—,賃貸のため対象外,,2026-08-11,,https://www.homes.co.jp/chintai/room/fff28cf8ddb45b200c37f9be20bf0777f21c56ae/,不適合
LIFULL 賃貸 三島市,三島市,賃貸マンション,賃貸カテゴリ（掲載種別）,静岡県三島市大宮町 1丁目4-20,7.0,33.9,,5,—,—,,—,賃貸のため対象外,,2026-08-11,,https://www.homes.co.jp/chintai/room/7d92e2fe275f040607936beb3dd200e0dca53763/,不適合
LIFULL 賃貸 三島市,三島市,賃貸マンション,賃貸カテゴリ（掲載種別）,静岡県三島市大宮町 1丁目4-20,6.9,33.9,,5,—,—,,—,賃貸のため対象外,,2026-08-11,,https://www.homes.co.jp/chintai/room/b59ab1a3294270305364ebbda0ddaf5fa1c0dee8/,不適合
LIFULL 賃貸 三島市,三島市,賃貸マンション,賃貸カテゴリ（掲載種別）,静岡県三島市大宮町 1丁目4-20,6.6,33.9,,5,—,—,,—,賃貸のため対象外,,2026-08-11,,https://www.homes.co.jp/chintai/room/41145a8a246ff23370377f17250b9e4d46064d1a/,不適合
LIFULL 賃貸 三島市,三島市,賃貸マンション,賃貸カテゴリ（掲載種別）,静岡県三島市徳倉876-4,8.0,76.1,,5,—,—,,—,賃貸のため対象外,,2026-08-11,,https://www.homes.co.jp/chintai/room/d1f14f5cfc2ad518abff53115131a37edce08094/,不適合
LIFULL 賃貸 三島市,三島市,賃貸マンション,賃貸カテゴリ（掲載種別）,静岡県三島市壱町田166-12,6.8,43.6,,5,田,—,,—,賃貸のため対象外,,2026-07-27,,https://www.homes.co.jp/chintai/room/020828ffabae5e38527a529b3d203762bd2971f4/,不適合
LIFULL 賃貸 三島市,三島市,賃貸マンション,賃貸カテゴリ（掲載種別）,静岡県三島市壱町田166-12,6.6,41.0,,5,田,—,,—,賃貸のため対象外,,2026-07-27,,https://www.homes.co.jp/chintai/room/70cf040359215b7d12802a824d4a29777998a4ca/,不適合
LIFULL 賃貸 三島市,三島市,賃貸マンション,賃貸カテゴリ（掲載種別）,静岡県三島市谷田489-2,6.8,58.1,,5,田,—,,—,賃貸のため対象外,,2026-07-25,,https://www.homes.co.jp/chintai/room/020603b4bf5ec3d70cc5852b7f5a110b6d2db1ab/,不適合
LIFULL 賃貸 三島市,三島市,賃貸マンション,賃貸カテゴリ（掲載種別）,静岡県三島市谷田489-2,6.6,58.1,,5,田,—,,—,賃貸のため対象外,,2026-08-09,,https://www.homes.co.jp/chintai/room/105916c354ca88bc35f518eb219239dbbb76895a/,不適合
LIFULL 賃貸 三島市,三島市,賃貸マンション,賃貸カテゴリ（掲載種別）,静岡県三島市谷田489-2,6.6,58.1,,5,田,—,,—,賃貸のため対象外,,2026-08-02,,https://www.homes.co.jp/chintai/room/f5ef2d715fe676bc8661abfbc3cd87abd693293c/,不適合
LIFULL 賃貸 三島市,三島市,賃貸マンション,賃貸カテゴリ（掲載種別）,静岡県三島市谷田489-2,6.6,58.1,,5,田,—,,—,賃貸のため対象外,,2026-07-28,,https://www.homes.co.jp/chintai/room/f3b602d43cc943bfa76b3d70285811c9286500cf/,不適合
LIFULL 賃貸 三島市,三島市,賃貸アパート,賃貸カテゴリ（掲載種別）,静岡県三島市谷田537-1,7.7,75.6,,5,田,—,,—,賃貸のため対象外,,2026-08-11,,https://www.homes.co.jp/chintai/room/43c8c50dcbdc4016e259fd25709ef91c3ecda161/,不適合
LIFULL 賃貸 三島市,三島市,賃貸マンション,賃貸カテゴリ（掲載種別）,静岡県三島市大宮町1丁目,7.4,34.8,,5,—,—,,—,賃貸のため対象外,,2026-07-25,,https://www.homes.co.jp/chintai/room/7b5e7bf2068d2364a22207334da00c61fbf73c88/,不適合
LIFULL 賃貸 三島市,三島市,賃貸マンション,賃貸カテゴリ（掲載種別）,静岡県三島市大宮町1丁目,7.1,33.9,,5,—,—,,—,賃貸のため対象外,,2026-07-25,,https://www.homes.co.jp/chintai/room/800e44bfe6e830449069f8d44f56f6f1cfa05cfc/,不適合
LIFULL 賃貸 三島市,三島市,賃貸マンション,賃貸カテゴリ（掲載種別）,静岡県三島市大宮町1丁目,8.05,43.5,,5,—,—,,—,賃貸のため対象外,,2026-07-25,,https://www.homes.co.jp/chintai/room/efdbff4e28d705c079c992be297832fe38c7bc0e/,不適合
LIFULL 賃貸 三島市,三島市,賃貸マンション,賃貸カテゴリ（掲載種別）,静岡県三島市大宮町1丁目,7.1,34.8,,5,—,—,,—,賃貸のため対象外,,2026-07-25,,https://www.homes.co.jp/chintai/room/754b4552137971c592bc76a590f9d71945e4162e/,不適合
LIFULL 賃貸 三島市,三島市,賃貸マンション,賃貸カテゴリ（掲載種別）,静岡県三島市大宮町1丁目,7.0,33.9,,5,—,—,,—,賃貸のため対象外,,2026-07-25,,https://www.homes.co.jp/chintai/room/17ddc3890a291d900523dc5dbd9d9a9702701b18/,不適合
LIFULL 賃貸 三島市,三島市,賃貸マンション,賃貸カテゴリ（掲載種別）,静岡県三島市大宮町1丁目,6.9,33.9,,5,—,—,,—,賃貸のため対象外,,2026-07-25,,https://www.homes.co.jp/chintai/room/e27d40bacaa4eb0ad9811b4c8b7ee34d621de24e/,不適合
LIFULL 賃貸 三島市,三島市,賃貸マンション,賃貸カテゴリ（掲載種別）,静岡県三島市大宮町1丁目,6.8,34.8,,5,—,—,,—,賃貸のため対象外,,2026-07-25,,https://www.homes.co.jp/chintai/room/000fadae307c5b82b6f1ae3fa2e404f8d089a8d2/,不適合
LIFULL 賃貸 三島市,三島市,賃貸マンション,賃貸カテゴリ（掲載種別）,静岡県三島市大宮町1丁目,6.6,33.9,,5,—,—,,—,賃貸のため対象外,,2026-07-25,,https://www.homes.co.jp/chintai/room/6eb0ae265ec0e8190339386529e0834219dcf10a/,不適合
LIFULL 賃貸 三島市,三島市,賃貸アパート,賃貸カテゴリ（掲載種別）,静岡県三島市萩,7.95,39.2,,5,—,—,,—,賃貸のため対象外,,2026-08-11,,https://www.homes.co.jp/chintai/room/fc51a3de4c177d376f8438fe1f218f29a16f2ea1/,不適合
LIFULL 賃貸 三島市,三島市,賃貸アパート,賃貸カテゴリ（掲載種別）,静岡県三島市柳郷地,7.7,50.7,,5,—,—,,—,賃貸のため対象外,,2026-08-04,,https://www.homes.co.jp/chintai/room/a80f8f065d0ddb98527fa5c50d0b87d9dc59e9f5/,不適合
LIFULL 賃貸 三島市,三島市,賃貸アパート,賃貸カテゴリ（掲載種別）,静岡県三島市松本,7.51,55.0,,5,—,—,,—,賃貸のため対象外,,2026-08-03,,https://www.homes.co.jp/chintai/room/e363c74d40d6daa4b0752eddac7a2673870d9ebe/,不適合
LIFULL 賃貸 三島市,三島市,賃貸アパート,賃貸カテゴリ（掲載種別）,静岡県三島市松本,7.51,55.0,,5,—,—,,—,賃貸のため対象外,,2026-08-03,,https://www.homes.co.jp/chintai/room/ceaa36ed4aba77adc3f622196053bb8f79d7fd88/,不適合
LIFULL 賃貸 三島市,三島市,賃貸アパート,賃貸カテゴリ（掲載種別）,静岡県三島市松本,7.51,55.0,,5,—,—,,—,賃貸のため対象外,,2026-08-03,,https://www.homes.co.jp/chintai/room/575aa24aa9176f527de8700c40fa3fc5b2c3e93b/,不適合
LIFULL 賃貸 三島市,三島市,賃貸アパート,賃貸カテゴリ（掲載種別）,静岡県三島市松本,7.51,55.0,,5,—,—,,—,賃貸のため対象外,,2026-08-03,,https://www.homes.co.jp/chintai/room/bb1539aa2a4bb5c427e079ef89ead67e4bb24d95/,不適合
LIFULL 賃貸 三島市,三島市,賃貸アパート,賃貸カテゴリ（掲載種別）,静岡県三島市松本,6.7,43.2,,5,—,—,,—,賃貸のため対象外,,2026-08-03,,https://www.homes.co.jp/chintai/room/442b4f0456f772f4d70ba672e70191bacb7730f6/,不適合
LIFULL 賃貸 三島市,三島市,賃貸アパート,賃貸カテゴリ（掲載種別）,静岡県三島市松本,6.7,43.2,,5,—,—,,—,賃貸のため対象外,,2026-08-03,,https://www.homes.co.jp/chintai/room/9457581bd5a156827b455caafa18523d153749f6/,不適合
LIFULL 賃貸 三島市,三島市,賃貸アパート,賃貸カテゴリ（掲載種別）,静岡県三島市松本,6.7,43.2,,5,—,—,,—,賃貸のため対象外,,2026-08-08,,https://www.homes.co.jp/chintai/room/e13b657cd735a3830e705388fbcfc7912cfde760/,不適合
LIFULL 賃貸 三島市,三島市,賃貸アパート,賃貸カテゴリ（掲載種別）,静岡県三島市松本,6.54,43.2,,5,—,—,,—,賃貸のため対象外,,2026-08-03,,https://www.homes.co.jp/chintai/room/4aca969890ca4c8783655bc16ad22cb8213365f3/,不適合
LIFULL 賃貸 三島市,三島市,賃貸アパート,賃貸カテゴリ（掲載種別）,静岡県三島市松本,6.54,43.2,,5,—,—,,—,賃貸のため対象外,,2026-08-03,,https://www.homes.co.jp/chintai/room/75de111db7f43bd7b44e7a9c2ecb40ecf9f3be88/,不適合
LIFULL 賃貸 三島市,三島市,賃貸アパート,賃貸カテゴリ（掲載種別）,静岡県三島市松本,6.54,43.2,,5,—,—,,—,賃貸のため対象外,,2026-08-03,,https://www.homes.co.jp/chintai/room/2c143fb2278bf6e02c7bbbb7d7ad591b5cfbf135/,不適合
LIFULL 賃貸 三島市,三島市,賃貸アパート,賃貸カテゴリ（掲載種別）,静岡県三島市松本,6.54,43.2,,5,—,—,,—,賃貸のため対象外,,2026-08-03,,https://www.homes.co.jp/chintai/room/235ad16d1b8bd3caddd3e6d3565b20ed6c302ecd/,不適合
LIFULL 賃貸 三島市,三島市,賃貸アパート,賃貸カテゴリ（掲載種別）,静岡県三島市谷田,8.05,43.5,,5,田,—,,—,賃貸のため対象外,,2026-07-25,,https://www.homes.co.jp/chintai/room/13f934967213eefc9e8790a48ca85adb359945ad/,不適合
LIFULL 賃貸 三島市,三島市,賃貸アパート,賃貸カテゴリ（掲載種別）,静岡県三島市谷田,7.25,43.5,,5,田,—,,—,賃貸のため対象外,,2026-07-25,,https://www.homes.co.jp/chintai/room/e4e95cbc6b44687a3ffa02740fcb602c554594e6/,不適合
LIFULL 賃貸 三島市,三島市,賃貸アパート,賃貸カテゴリ（掲載種別）,静岡県三島市谷田,7.35,36.3,,5,田,—,,—,賃貸のため対象外,,2026-07-30,,https://www.homes.co.jp/chintai/room/dd15308d7122300f3511bbbd78463d1a437c364c/,不適合
LIFULL 賃貸 三島市,三島市,賃貸アパート,賃貸カテゴリ（掲載種別）,静岡県三島市松本,7.05,40.9,,5,—,—,,—,賃貸のため対象外,,2026-08-11,,https://www.homes.co.jp/chintai/room/c380bf109fb54121ebdc2a43a5df59874df5b934/,不適合
LIFULL 賃貸 三島市,三島市,賃貸アパート,賃貸カテゴリ（掲載種別）,静岡県三島市谷田,8.65,43.5,,5,田,—,,—,賃貸のため対象外,,2026-08-11,,https://www.homes.co.jp/chintai/room/7e961e032b4f3a0c4bc1f1524523300dffa60fb3/,不適合
LIFULL 賃貸 三島市,三島市,賃貸マンション,賃貸カテゴリ（掲載種別）,静岡県三島市中田町,6.2,28.4,,5,田,—,,—,賃貸のため対象外,,2026-07-27,,https://www.homes.co.jp/chintai/room/9adc3e027cddace38a910f7a58d7f5d2aabfd02c/,不適合
LIFULL 賃貸 三島市,三島市,賃貸マンション,賃貸カテゴリ（掲載種別）,静岡県三島市中田町,6.2,28.4,,5,田,—,,—,賃貸のため対象外,,2026-07-27,,https://www.homes.co.jp/chintai/room/1ab339238f6d3a1dbac14f2f99188f3185ba6c62/,不適合
LIFULL 賃貸 三島市,三島市,賃貸マンション,賃貸カテゴリ（掲載種別）,静岡県三島市中田町,6.2,28.4,,5,田,—,,—,賃貸のため対象外,,2026-07-27,,https://www.homes.co.jp/chintai/room/776ee6703813397ced26719efcefc62f235bd525/,不適合
LIFULL 賃貸 三島市,三島市,賃貸マンション,賃貸カテゴリ（掲載種別）,静岡県三島市中田町,6.2,28.4,,5,田,—,,—,賃貸のため対象外,,2026-07-27,,https://www.homes.co.jp/chintai/room/5b2bcfd71e413d4c9b3f7dda0b9a38c571cc606c/,不適合
LIFULL 賃貸 三島市,三島市,賃貸マンション,賃貸カテゴリ（掲載種別）,静岡県三島市文教町2丁目,6.9,40.6,,5,—,—,,—,賃貸のため対象外,,2026-08-10,,https://www.homes.co.jp/chintai/room/7f508588da5e92ab534bd93f778af8539f6a5c6f/,不適合
LIFULL 賃貸 三島市,三島市,賃貸アパート,賃貸カテゴリ（掲載種別）,静岡県三島市加茂,8.4,59.0,,5,—,—,,—,賃貸のため対象外,,2026-07-27,,https://www.homes.co.jp/chintai/room/40b2ba8c4e3d686cdcbe3c719bfb75be23604ce1/,不適合
LIFULL 賃貸 三島市,三島市,賃貸アパート,賃貸カテゴリ（掲載種別）,静岡県三島市加茂,8.4,59.0,,5,—,—,,—,賃貸のため対象外,,2026-07-27,,https://www.homes.co.jp/chintai/room/48ac7cc41a98e81f3648f373dddad43f3d391e9e/,不適合
LIFULL 賃貸 三島市,三島市,賃貸アパート,賃貸カテゴリ（掲載種別）,静岡県三島市谷田,6.5,34.2,,5,田,—,,—,賃貸のため対象外,,2026-07-27,,https://www.homes.co.jp/chintai/room/804665428cb8622a1802eb73bad4364b6ae02684/,不適合
LIFULL 賃貸 三島市,三島市,賃貸アパート,賃貸カテゴリ（掲載種別）,静岡県三島市谷田,6.5,34.2,,5,田,—,,—,賃貸のため対象外,,2026-07-27,,https://www.homes.co.jp/chintai/room/c9eff4308bb94aa7332fb1d2f4f54d51af8e6c28/,不適合
SUUMO 土地 田方郡（函南）,函南町,古家付き土地,土地＋古家/上物の表記,静岡県田方郡函南町間宮字古屋敷817-1、817-4、818-1の内,2180,166.4,43.3,1500,田,—,,不明,接道・区分情報なし。建物ありだが現行法での再建築可否は役場で要確認,,2026-06-25,,https://suumo.jp/tochi/shizuoka/sc_tagatagun/nc_21143479/,不適合
SUUMO 土地 田方郡（函南）,函南町,更地,土地カテゴリ（建物表記なし）,静岡県田方郡函南町柏谷1327-91,579,189.7,10.1,1500,田,—,,不明,接道・区分情報なし、詳細/役場で要確認,,2026-06-17,,https://suumo.jp/tochi/shizuoka/sc_tagatagun/nc_20830428/,不適合
SUUMO 土地 田方郡（函南）,函南町,更地,土地カテゴリ（建物表記なし）,静岡県田方郡函南町平井,10,286.0,0.1,1500,田,—,,不明,接道・区分情報なし、詳細/役場で要確認,,2026-06-17,,https://suumo.jp/tochi/shizuoka/sc_tagatagun/nc_20324315/,不適合
SUUMO 土地 田方郡（函南）,函南町,更地,土地カテゴリ（建物表記なし）,静岡県田方郡函南町平井南箱根ダイヤランド,80,166.0,1.6,1500,田,—,,不明,接道・区分情報なし、詳細/役場で要確認,,2026-06-17,NG:南箱根ダイヤランド,https://suumo.jp/tochi/shizuoka/sc_tagatagun/nc_70693647/,不適合
SUUMO 土地 田方郡（函南）,函南町,更地,土地カテゴリ（建物表記なし）,静岡県田方郡函南町上沢,99,212.0,1.5,1500,田,—,,不明,接道・区分情報なし、詳細/役場で要確認,,2026-06-17,NG:パサディナタウン,https://suumo.jp/tochi/shizuoka/sc_tagatagun/nc_20529807/,不適合
SUUMO 土地 田方郡（函南）,函南町,更地,土地カテゴリ（建物表記なし）,静岡県田方郡函南町平井南箱根ダイヤランド区画№25-576,100,421.0,0.8,1500,田,—,,不明,接道・区分情報なし、詳細/役場で要確認,,2026-06-17,NG:南箱根ダイヤランド,https://suumo.jp/tochi/shizuoka/sc_tagatagun/nc_80752295/,適合
SUUMO 土地 田方郡（函南）,函南町,更地,土地カテゴリ（建物表記なし）,静岡県田方郡函南町平井南箱根ダイヤランド,200,283.0,2.3,1500,田,—,,不明,接道・区分情報なし、詳細/役場で要確認,,2026-06-17,NG:南箱根ダイヤランド,https://suumo.jp/tochi/shizuoka/sc_tagatagun/nc_86354000/,不適合
SUUMO 土地 田方郡（函南）,函南町,更地,土地カテゴリ（建物表記なし）,静岡県田方郡函南町畑毛91-2,280,141.6,6.5,1500,畑,—,,不明,接道・区分情報なし、詳細/役場で要確認,,2026-08-07,,https://suumo.jp/tochi/shizuoka/sc_tagatagun/nc_21451891/,不適合
SUUMO 土地 田方郡（函南）,函南町,更地,土地カテゴリ（建物表記なし）,静岡県田方郡函南町畑南箱根ダイヤランド,300,268.0,3.7,1500,畑,—,,不明,接道・区分情報なし、詳細/役場で要確認,,2026-06-17,NG:南箱根ダイヤランド,https://suumo.jp/tochi/shizuoka/sc_tagatagun/nc_70153287/,不適合
SUUMO 土地 田方郡（函南）,函南町,更地,土地カテゴリ（建物表記なし）,静岡県田方郡函南町平井,480,103.6,15.3,1500,田,—,,不明,接道・区分情報なし、詳細/役場で要確認,,2026-06-17,,https://suumo.jp/tochi/shizuoka/sc_tagatagun/nc_78608942/,不適合
SUUMO 土地 田方郡（函南）,函南町,更地,土地カテゴリ（建物表記なし）,静岡県田方郡函南町平井,498,260.0,6.3,1500,田,—,,不明,接道・区分情報なし、詳細/役場で要確認,,2026-06-17,,https://suumo.jp/tochi/shizuoka/sc_tagatagun/nc_77717582/,不適合
SUUMO 土地 田方郡（函南）,函南町,更地,土地カテゴリ（建物表記なし）,静岡県田方郡函南町平井,600,347.8,5.7,1500,田,—,,不明,接道・区分情報なし、詳細/役場で要確認,,2026-06-17,,https://suumo.jp/tochi/shizuoka/sc_tagatagun/nc_78349920/,適合
SUUMO 土地 田方郡（函南）,函南町,更地,土地カテゴリ（建物表記なし）,静岡県田方郡函南町畑毛,750,249.4,9.9,1500,畑,—,,不明,接道・区分情報なし、詳細/役場で要確認,,2026-06-17,,https://suumo.jp/tochi/shizuoka/sc_tagatagun/nc_20069793/,不適合
SUUMO 土地 田方郡（函南）,函南町,更地,土地カテゴリ（建物表記なし）,静岡県田方郡函南町肥田,780,252.6,10.2,1500,田,—,,不明,接道・区分情報なし、詳細/役場で要確認,,2026-06-17,,https://suumo.jp/tochi/shizuoka/sc_tagatagun/nc_21063252/,不適合
SUUMO 土地 田方郡（函南）,函南町,更地,土地カテゴリ（建物表記なし）,静岡県田方郡函南町平井,780,128.3,20.1,1500,田,—,,不明,接道・区分情報なし、詳細/役場で要確認,,2026-06-17,,https://suumo.jp/tochi/shizuoka/sc_tagatagun/nc_94438487/,不適合
SUUMO 土地 田方郡（函南）,函南町,更地,土地カテゴリ（建物表記なし）,静岡県田方郡函南町柏谷,890,163.1,18.0,1500,田,—,,不明,接道・区分情報なし、詳細/役場で要確認,,2026-06-17,,https://suumo.jp/tochi/shizuoka/sc_tagatagun/nc_75575308/,不適合
SUUMO 土地 田方郡（函南）,函南町,更地,土地カテゴリ（建物表記なし）,静岡県田方郡函南町新田,950,200.1,15.7,1500,田,—,,不明,接道・区分情報なし、詳細/役場で要確認,,2026-06-17,,https://suumo.jp/tochi/shizuoka/sc_tagatagun/nc_97535247/,不適合
SUUMO 土地 田方郡（函南）,函南町,更地,土地カテゴリ（建物表記なし）,静岡県田方郡函南町上沢,980,1161.5,2.8,1500,田,—,,不明,接道・区分情報なし、詳細/役場で要確認,,2026-07-07,,https://suumo.jp/tochi/shizuoka/sc_tagatagun/nc_78788297/,適合
SUUMO 土地 田方郡（函南）,函南町,更地,土地カテゴリ（建物表記なし）,静岡県田方郡函南町柏谷,1080,165.8,21.5,1500,田,—,,不明,接道・区分情報なし、詳細/役場で要確認,,2026-06-17,,https://suumo.jp/tochi/shizuoka/sc_tagatagun/nc_78717756/,不適合
SUUMO 土地 田方郡（函南）,函南町,更地,土地カテゴリ（建物表記なし）,静岡県田方郡函南町柏谷,1100,161.9,22.5,1500,田,—,,不明,接道・区分情報なし、詳細/役場で要確認,,2026-06-17,,https://suumo.jp/tochi/shizuoka/sc_tagatagun/nc_77309458/,不適合
SUUMO 土地 田方郡（函南）,函南町,更地,土地カテゴリ（建物表記なし）,静岡県田方郡函南町平井,1298,999.9,4.3,1500,田,—,,不明,接道・区分情報なし、詳細/役場で要確認,,2026-06-17,,https://suumo.jp/tochi/shizuoka/sc_tagatagun/nc_71936607/,適合
SUUMO 土地 田方郡（函南）,函南町,更地,土地カテゴリ（建物表記なし）,静岡県田方郡函南町柏谷,1500,327.8,15.1,1500,田,—,,不明,接道・区分情報なし、詳細/役場で要確認,,2026-06-17,,https://suumo.jp/tochi/shizuoka/sc_tagatagun/nc_20801823/,不適合
SUUMO 土地 田方郡（函南）,函南町,更地,土地カテゴリ（建物表記なし）,静岡県田方郡函南町平井,1590,189.5,27.7,1500,田,—,,不明,接道・区分情報なし、詳細/役場で要確認,,2026-07-01,,https://suumo.jp/tochi/shizuoka/sc_tagatagun/nc_78879715/,不適合
SUUMO 土地 田方郡（函南）,函南町,更地,土地カテゴリ（建物表記なし）,静岡県田方郡函南町大竹,1988,263.0,25.0,1500,田,—,,不明,接道・区分情報なし、詳細/役場で要確認,,2026-06-17,,https://suumo.jp/tochi/shizuoka/sc_tagatagun/nc_78328544/,不適合
SUUMO 土地 田方郡（函南）,函南町,更地,土地カテゴリ（建物表記なし）,静岡県田方郡函南町仁田,2300,187.0,40.7,1500,田,—,,不明,接道・区分情報なし、詳細/役場で要確認,,2026-07-27,,https://suumo.jp/tochi/shizuoka/sc_tagatagun/nc_76800031/,不適合
SUUMO 土地 田方郡（函南）,函南町,更地,土地カテゴリ（建物表記なし）,静岡県田方郡函南町桑原,4800,1951.4,8.1,1500,田,—,,不明,接道・区分情報なし、詳細/役場で要確認,,2026-07-22,,https://suumo.jp/tochi/shizuoka/sc_tagatagun/nc_20069790/,不適合
SUUMO 土地 田方郡（函南）,函南町,更地,土地カテゴリ（建物表記なし）,静岡県田方郡函南町大土肥222-1,6800,946.3,23.8,1500,田,—,,不明,接道・区分情報なし、詳細/役場で要確認,,2026-06-17,,https://suumo.jp/tochi/shizuoka/sc_tagatagun/nc_74602978/,不適合
LIFULL 土地 函南町,函南町,古家付き土地,土地＋古家/上物の表記,【ミサワホーム】函南町間宮,2180,166.4,43.3,1500,田,—,,不明,接道・区分情報なし。建物ありだが現行法での再建築可否は役場で要確認,,2026-07-25,,https://www.homes.co.jp/tochi/b-17083750000041/,不適合
LIFULL 土地 函南町,函南町,更地,土地カテゴリ（建物表記なし）,田方郡函南町大竹 (函南駅),1680,,,1500,田,—,,不明,接道・区分情報なし、詳細/役場で要確認,,2026-07-27,,https://www.homes.co.jp/tochi/b-33306390000051/,数値不明
LIFULL 土地 函南町,函南町,更地,土地カテゴリ（建物表記なし）,田方郡函南町肥田 (伊豆仁田駅),1250,,,1500,田,—,,不明,接道・区分情報なし、詳細/役場で要確認,,2026-07-25,,https://www.homes.co.jp/tochi/b-33332300000034/,数値不明
LIFULL 土地 函南町,函南町,更地,土地カテゴリ（建物表記なし）,田方郡函南町平井 (函南駅),1681,,,1500,田,—,,不明,接道・区分情報なし、詳細/役場で要確認,,2026-07-31,,https://www.homes.co.jp/tochi/b-33309130000092/,数値不明
LIFULL 土地 函南町,函南町,更地,土地カテゴリ（建物表記なし）,田方郡函南町平井 (大場駅),280,,,1500,田,—,,不明,接道・区分情報なし、詳細/役場で要確認,,2026-07-25,,https://www.homes.co.jp/tochi/b-33306070000012/,数値不明
LIFULL 土地 函南町,函南町,更地,土地カテゴリ（建物表記なし）,田方郡函南町塚本 (伊豆仁田駅),1390,,,1500,田,—,,不明,接道・区分情報なし、詳細/役場で要確認,,2026-06-19,,https://www.homes.co.jp/tochi/b-33303690000054/,数値不明
LIFULL 土地 函南町,函南町,更地,土地カテゴリ（建物表記なし）,田方郡函南町柏谷 (伊豆仁田駅),500,,,1500,田,—,,不明,接道・区分情報なし、詳細/役場で要確認,,2026-08-07,,https://www.homes.co.jp/tochi/b-33319170000016/,数値不明
LIFULL 土地 函南町,函南町,更地,土地カテゴリ（建物表記なし）,田方郡函南町仁田 (伊豆仁田駅),1580,,,1500,田,—,,不明,接道・区分情報なし、詳細/役場で要確認,,2026-08-04,,https://www.homes.co.jp/tochi/b-33327580000135/,数値不明
LIFULL 土地 函南町,函南町,古家付き土地,土地＋古家/上物の表記,田方郡函南町肥田 (伊豆仁田駅),3500,,,1500,田,—,,不明,接道・区分情報なし。建物ありだが現行法での再建築可否は役場で要確認,,2026-08-04,,https://www.homes.co.jp/tochi/b-33315430000020/,数値不明
LIFULL 土地 函南町,函南町,更地,土地カテゴリ（建物表記なし）,田方郡函南町丹那南箱根ダイヤランド (熱海駅),200,,,1500,田,—,,不明,接道・区分情報なし、詳細/役場で要確認,,2026-06-19,NG:南箱根ダイヤランド,https://www.homes.co.jp/tochi/b-33301270000080/,数値不明
LIFULL 土地 函南町,函南町,更地,土地カテゴリ（建物表記なし）,田方郡函南町上沢 (函南駅),50,,,1500,田,—,,不明,接道・区分情報なし、詳細/役場で要確認,,2026-06-19,,https://www.homes.co.jp/tochi/b-33327580000075/,数値不明
LIFULL 土地 函南町,函南町,古家付き土地,土地＋古家/上物の表記,田方郡函南町平井 (函南駅),185,,,1500,田,—,,不明,接道・区分情報なし。建物ありだが現行法での再建築可否は役場で要確認,,2026-08-05,注意:別荘地/温泉 NG:南箱根ダイヤランド,https://www.homes.co.jp/tochi/b-1500050000288/,数値不明
LIFULL 土地 函南町,函南町,古家付き土地,土地＋古家/上物の表記,田方郡函南町上沢 (大場駅),2500,,,1500,田,—,,不明,接道・区分情報なし。建物ありだが現行法での再建築可否は役場で要確認,,2026-06-21,,https://www.homes.co.jp/tochi/b-1500050000655/,数値不明
LIFULL 土地 函南町,函南町,古家付き土地,土地＋古家/上物の表記,田方郡函南町柏谷 (伊豆仁田駅),1100,,,1500,田,—,,不明,接道・区分情報なし。建物ありだが現行法での再建築可否は役場で要確認,,2026-06-19,,https://www.homes.co.jp/tochi/b-1500050000469/,数値不明
LIFULL 土地 函南町,函南町,更地,土地カテゴリ（建物表記なし）,田方郡函南町平井 (函南駅),498,,,1500,田,—,,不明,接道・区分情報なし、詳細/役場で要確認,,2026-08-05,,https://www.homes.co.jp/tochi/b-1500050000502/,数値不明
LIFULL 土地 函南町,函南町,更地,土地カテゴリ（建物表記なし）,田方郡函南町平井 (函南駅),100,,,1500,田,—,,不明,接道・区分情報なし、詳細/役場で要確認,,2026-08-07,注意:別荘地 NG:南箱根ダイヤランド,https://www.homes.co.jp/tochi/b-1500050000479/,数値不明
LIFULL 土地 函南町,函南町,古家付き土地,土地＋古家/上物の表記,田方郡函南町平井 (函南駅),480,,,1500,田,—,,不明,接道・区分情報なし。建物ありだが現行法での再建築可否は役場で要確認,,2026-08-05,,https://www.homes.co.jp/tochi/b-1500050000563/,数値不明
LIFULL 土地 函南町,函南町,更地,土地カテゴリ（建物表記なし）,田方郡函南町柏谷 (大場駅),1500,,,1500,田,—,,不明,接道・区分情報なし、詳細/役場で要確認,,2026-06-19,,https://www.homes.co.jp/tochi/b-1500050000652/,数値不明
LIFULL 土地 函南町,函南町,更地,土地カテゴリ（建物表記なし）,田方郡函南町平井南箱根ダイヤランド,10,,,1500,田,—,,不明,接道・区分情報なし、詳細/役場で要確認,,2026-06-19,NG:南箱根ダイヤランド,https://www.homes.co.jp/tochi/b-33329530000002/,数値不明
LIFULL 土地 函南町,函南町,更地,土地カテゴリ（建物表記なし）,田方郡函南町上沢 (函南駅),50,,,1500,田,—,,不明,接道・区分情報なし、詳細/役場で要確認,,2026-08-05,,https://www.homes.co.jp/tochi/b-33301530000033/,数値不明
LIFULL 土地 函南町,函南町,更地,土地カテゴリ（建物表記なし）,田方郡函南町平井 (函南駅),80,,,1500,田,—,,不明,接道・区分情報なし、詳細/役場で要確認,,2026-07-25,NG:南箱根ダイヤランド,https://www.homes.co.jp/tochi/b-1546940000044/,数値不明
LIFULL 土地 函南町,函南町,更地,土地カテゴリ（建物表記なし）,田方郡函南町平井南箱根ダイヤランド (熱海駅),50,,,1500,宅地,—,接道も広く、車の出し入れがし,不明,接道・区分情報なし、詳細/役場で要確認,,2026-08-07,注意:別荘地 NG:南箱根ダイヤランド,https://www.homes.co.jp/tochi/b-33303660001118/,数値不明
LIFULL 土地 函南町,函南町,更地,土地カテゴリ（建物表記なし）,田方郡函南町丹那 (大場駅),2000,,,1500,田,—,,不明,接道・区分情報なし、詳細/役場で要確認,,2026-08-10,,https://www.homes.co.jp/tochi/b-33324130000005/,数値不明
LIFULL 土地 函南町,函南町,更地,土地カテゴリ（建物表記なし）,田方郡函南町平井 (大場駅),2100,,,1500,宅地,—,,不明,接道・区分情報なし、詳細/役場で要確認,,2026-06-19,,https://www.homes.co.jp/tochi/b-33303030000109/,数値不明
LIFULL 土地 函南町,函南町,更地,土地カテゴリ（建物表記なし）,田方郡函南町上沢 (函南駅),99,,,1500,田,—,,不明,接道・区分情報なし、詳細/役場で要確認,,2026-08-10,NG:パサディナタウン,https://www.homes.co.jp/tochi/b-1265050002568/,数値不明
LIFULL 土地 函南町,函南町,古家付き土地,土地＋古家/上物の表記,田方郡函南町柏谷 (伊豆仁田駅),890,,,1500,田,—,,不明,接道・区分情報なし。建物ありだが現行法での再建築可否は役場で要確認,,2026-08-10,,https://www.homes.co.jp/tochi/b-1265050002037/,数値不明
LIFULL 土地 函南町,函南町,更地,土地カテゴリ（建物表記なし）,田方郡函南町肥田 (伊豆仁田駅),780,,,1500,田,—,,不明,接道・区分情報なし、詳細/役場で要確認,,2026-08-10,,https://www.homes.co.jp/tochi/b-1265050002636/,数値不明
LIFULL 土地 函南町,函南町,更地,土地カテゴリ（建物表記なし）,田方郡函南町新田 (原木駅),950,,,1500,田,—,,不明,接道・区分情報なし、詳細/役場で要確認,,2026-08-10,,https://www.homes.co.jp/tochi/b-1265050001153/,数値不明
LIFULL 土地 函南町,函南町,更地,土地カテゴリ（建物表記なし）,田方郡函南町平井 (大場駅),600,,,1500,田,—,,不明,接道・区分情報なし、詳細/役場で要確認,,2026-08-10,,https://www.homes.co.jp/tochi/b-1265050002403/,数値不明
LIFULL 土地 函南町,函南町,更地,土地カテゴリ（建物表記なし）,田方郡函南町柏谷 (大場駅),579,,,1500,田,—,,不明,接道・区分情報なし、詳細/役場で要確認,,2026-08-09,,https://www.homes.co.jp/tochi/b-1220300000713/,数値不明
空き家バンクしずおか 沼津市,沼津市,空き家,掲載に空き家表記,沼津市中沢田423-1,2190,133.9,54.1,3000,田,市街化区域,,不明,接道・区分情報なし。建物ありだが現行法での再建築可否は役場で要確認,,2026-06-21,,https://akiya-bank.shizuoka.fudohsan.jp/%E7%89%A9%E4%BB%B6/168975/settle/1,不適合
空き家バンクしずおか 沼津市,沼津市,空き家,掲載に空き家表記,沼津市中沢田423-1,2490,132.4,62.2,3000,田,市街化区域,,不明,接道・区分情報なし。建物ありだが現行法での再建築可否は役場で要確認,,2026-06-21,,https://akiya-bank.shizuoka.fudohsan.jp/%E7%89%A9%E4%BB%B6/168971/settle/1,不適合
空き家バンクしずおか 沼津市,沼津市,空き家,掲載に空き家表記,沼津市岡宮,4080,165.7,81.4,3000,宅地,市街化区域,,不明,接道・区分情報なし。建物ありだが現行法での再建築可否は役場で要確認,,2026-06-14,,https://akiya-bank.shizuoka.fudohsan.jp/%E7%89%A9%E4%BB%B6/169399/settle/1,不適合
空き家バンクしずおか 沼津市,沼津市,更地,土地カテゴリ（建物表記なし）,沼津市大岡,4180,184.4,74.9,1500,田,市街化区域,,△,市街化区域だが接道幅員が不明。新築可否は接道要確認,,2026-06-14,,https://akiya-bank.shizuoka.fudohsan.jp/%E7%89%A9%E4%BB%B6/172791/settle/1,不適合
空き家バンクしずおか 沼津市,沼津市,更地,土地カテゴリ（建物表記なし）,沼津市大岡,3980,123.8,106.3,1500,田,市街化区域,,△,市街化区域だが接道幅員が不明。新築可否は接道要確認,,2026-06-14,,https://akiya-bank.shizuoka.fudohsan.jp/%E7%89%A9%E4%BB%B6/173552/settle/1,不適合
空き家バンクしずおか 沼津市,沼津市,更地,土地カテゴリ（建物表記なし）,沼津市大塚,2590,234.0,36.6,1500,田,市街化区域,,△,市街化区域だが接道幅員が不明。新築可否は接道要確認,,2026-07-13,,https://akiya-bank.shizuoka.fudohsan.jp/%E7%89%A9%E4%BB%B6/175204/settle/1,不適合
空き家バンクしずおか 沼津市,沼津市,空き家,掲載に空き家表記,沼津市下香貫牛臥,2990,322.0,30.7,3000,田,市街化区域,,不明,接道・区分情報なし。建物ありだが現行法での再建築可否は役場で要確認,,2026-07-31,,https://akiya-bank.shizuoka.fudohsan.jp/%E7%89%A9%E4%BB%B6/175711/settle/1,不適合
空き家バンクしずおか 沼津市,沼津市,更地,土地カテゴリ（建物表記なし）,沼津市吉田町28-22,1550,193.3,26.5,1500,田,市街化区域,,△,市街化区域だが接道幅員が不明。新築可否は接道要確認,,2026-06-14,,https://akiya-bank.shizuoka.fudohsan.jp/%E7%89%A9%E4%BB%B6/142450/settle/1,不適合
空き家バンクしずおか 沼津市,沼津市,更地,土地カテゴリ（建物表記なし）,沼津市東椎路1303-37,850,115.7,24.3,1500,宅地,市街化区域,,△,市街化区域だが接道幅員が不明。新築可否は接道要確認,,2026-06-14,,https://akiya-bank.shizuoka.fudohsan.jp/%E7%89%A9%E4%BB%B6/142640/settle/1,不適合
空き家バンクしずおか 沼津市,沼津市,更地,土地カテゴリ（建物表記なし）,沼津市原町中３丁目,1420,194.4,24.1,1500,田,市街化区域,,△,市街化区域だが接道幅員が不明。新築可否は接道要確認,,2026-06-14,,https://akiya-bank.shizuoka.fudohsan.jp/%E7%89%A9%E4%BB%B6/164627/settle/1,不適合
空き家バンクしずおか 沼津市,沼津市,更地,土地カテゴリ（建物表記なし）,沼津市東椎路,8000,1161.0,22.8,1500,田,市街化区域,,△,市街化区域だが接道幅員が不明。新築可否は接道要確認,,2026-06-14,,https://akiya-bank.shizuoka.fudohsan.jp/%E7%89%A9%E4%BB%B6/152187/settle/1,不適合
空き家バンクしずおか 沼津市,沼津市,更地,土地カテゴリ（建物表記なし）,沼津市西熊堂,760,95.0,26.4,1500,田,市街化区域,,△,市街化区域だが接道幅員が不明。新築可否は接道要確認,,2026-06-21,,https://akiya-bank.shizuoka.fudohsan.jp/%E7%89%A9%E4%BB%B6/160049/settle/1,不適合
空き家バンクしずおか 沼津市,沼津市,空き家,掲載に空き家表記,沼津市沢田町7-13,2590,160.3,53.4,3000,田,市街化区域,,不明,接道・区分情報なし。建物ありだが現行法での再建築可否は役場で要確認,,2026-06-14,,https://akiya-bank.shizuoka.fudohsan.jp/%E7%89%A9%E4%BB%B6/170110/settle/1,不適合
空き家バンクしずおか 沼津市,沼津市,空き家,掲載に空き家表記,沼津市沢田町7-13,2750,148.3,61.3,3000,田,市街化区域,,不明,接道・区分情報なし。建物ありだが現行法での再建築可否は役場で要確認,,2026-06-14,,https://akiya-bank.shizuoka.fudohsan.jp/%E7%89%A9%E4%BB%B6/170198/settle/1,不適合
空き家バンクしずおか 沼津市,沼津市,空き家,掲載に空き家表記,沼津市大塚428-1,2470,161.6,50.5,3000,田,市街化区域,,不明,接道・区分情報なし。建物ありだが現行法での再建築可否は役場で要確認,,2026-07-25,,https://akiya-bank.shizuoka.fudohsan.jp/%E7%89%A9%E4%BB%B6/175656/settle/1,不適合
空き家バンクしずおか 沼津市,沼津市,更地,土地カテゴリ（建物表記なし）,沼津市上香貫宮原町1529-1,2308,399.9,19.1,1500,宅地,市街化区域,,△,市街化区域だが接道幅員が不明。新築可否は接道要確認,,2026-06-21,,https://akiya-bank.shizuoka.fudohsan.jp/%E7%89%A9%E4%BB%B6/139081/settle/1,不適合
空き家バンクしずおか 沼津市,沼津市,空き家,掲載に空き家表記,沼津市下香貫木ノ宮,2580,146.2,58.3,3000,宅地,市街化区域,,不明,接道・区分情報なし。建物ありだが現行法での再建築可否は役場で要確認,,2026-08-08,,https://akiya-bank.shizuoka.fudohsan.jp/%E7%89%A9%E4%BB%B6/176175/settle/1,不適合
空き家バンクしずおか 沼津市,沼津市,空き家,掲載に空き家表記,沼津市下香貫木ノ宮,2480,137.1,59.8,3000,宅地,市街化区域,,不明,接道・区分情報なし。建物ありだが現行法での再建築可否は役場で要確認,,2026-08-08,,https://akiya-bank.shizuoka.fudohsan.jp/%E7%89%A9%E4%BB%B6/176174/settle/1,不適合
空き家バンクしずおか 沼津市,沼津市,更地,土地カテゴリ（建物表記なし）,沼津市西島町1111-6,1200,184.0,21.6,1500,田,市街化区域,,△,市街化区域だが接道幅員が不明。新築可否は接道要確認,,2026-06-21,,https://akiya-bank.shizuoka.fudohsan.jp/%E7%89%A9%E4%BB%B6/34387/settle/1,不適合
空き家バンクしずおか 沼津市,沼津市,古家付き土地,土地＋古家/上物の表記,沼津市大岡,1490,123.8,39.8,1500,田,市街化区域,,不明,接道・区分情報なし。建物ありだが現行法での再建築可否は役場で要確認,,2026-08-07,,https://akiya-bank.shizuoka.fudohsan.jp/%E7%89%A9%E4%BB%B6/175137/settle/1,不適合
空き家バンクしずおか 沼津市,沼津市,更地,土地カテゴリ（建物表記なし）,沼津市大岡,3900,166.1,77.6,1500,田,市街化区域,,△,市街化区域だが接道幅員が不明。新築可否は接道要確認,,2026-08-07,関心:無指定,https://akiya-bank.shizuoka.fudohsan.jp/%E7%89%A9%E4%BB%B6/176036/settle/1,不適合
空き家バンクしずおか 沼津市,沼津市,空き家,掲載に空き家表記,沼津市三園町,2490,75.3,109.3,3000,田,—,,不明,接道・区分情報なし。建物ありだが現行法での再建築可否は役場で要確認,,2026-08-07,注意:管理費,https://akiya-bank.shizuoka.fudohsan.jp/%E7%89%A9%E4%BB%B6/176138/settle/1,不適合
空き家バンクしずおか 沼津市,沼津市,空き家,掲載に空き家表記,沼津市高島町,1550,83.0,61.7,3000,田,—,,不明,接道・区分情報なし。建物ありだが現行法での再建築可否は役場で要確認,,2026-08-07,注意:管理費,https://akiya-bank.shizuoka.fudohsan.jp/%E7%89%A9%E4%BB%B6/176143/settle/1,不適合
空き家バンクしずおか 沼津市,沼津市,空き家,掲載に空き家表記,沼津市大岡,2090,65.0,106.3,3000,田,—,,不明,接道・区分情報なし。建物ありだが現行法での再建築可否は役場で要確認,,2026-08-07,注意:管理費,https://akiya-bank.shizuoka.fudohsan.jp/%E7%89%A9%E4%BB%B6/176144/settle/1,不適合
空き家バンクしずおか 沼津市,沼津市,空き家,掲載に空き家表記,沼津市高沢町,3190,77.5,136.1,3000,田,—,,不明,接道・区分情報なし。建物ありだが現行法での再建築可否は役場で要確認,,2026-08-07,注意:管理費,https://akiya-bank.shizuoka.fudohsan.jp/%E7%89%A9%E4%BB%B6/176145/settle/1,不適合
空き家バンクしずおか 沼津市,沼津市,空き家,掲載に空き家表記,沼津市上土町,2590,77.4,110.6,3000,田,—,,不明,接道・区分情報なし。建物ありだが現行法での再建築可否は役場で要確認,,2026-08-07,注意:管理費,https://akiya-bank.shizuoka.fudohsan.jp/%E7%89%A9%E4%BB%B6/176150/settle/1,不適合
空き家バンクしずおか 沼津市,沼津市,空き家,掲載に空き家表記,沼津市岡宮1344-87,1390,154.0,29.8,3000,宅地,市街化区域,,不明,接道・区分情報なし。建物ありだが現行法での再建築可否は役場で要確認,,2026-08-07,,https://akiya-bank.shizuoka.fudohsan.jp/%E7%89%A9%E4%BB%B6/176133/settle/1,不適合
空き家バンクしずおか 沼津市,沼津市,更地,土地カテゴリ（建物表記なし）,沼津市青野,5480,871.3,20.8,1500,田,市街化区域,,△,市街化区域だが接道幅員が不明。新築可否は接道要確認,,2026-06-21,,https://akiya-bank.shizuoka.fudohsan.jp/%E7%89%A9%E4%BB%B6/168100/settle/1,不適合
空き家バンクしずおか 沼津市,沼津市,空き家,掲載に空き家表記,沼津市白銀町,4180,100.1,138.0,3000,田,市街化区域,,不明,接道・区分情報なし。建物ありだが現行法での再建築可否は役場で要確認,,2026-06-21,,https://akiya-bank.shizuoka.fudohsan.jp/%E7%89%A9%E4%BB%B6/168204/settle/1,不適合
空き家バンクしずおか 沼津市,沼津市,空き家,掲載に空き家表記,沼津市大岡,1050,98.4,35.3,3000,田,市街化区域,,不明,接道・区分情報なし。建物ありだが現行法での再建築可否は役場で要確認,,2026-06-14,,https://akiya-bank.shizuoka.fudohsan.jp/%E7%89%A9%E4%BB%B6/165748/settle/1,不適合
空き家バンクしずおか 沼津市,沼津市,古家付き土地,土地＋古家/上物の表記,沼津市千本中町26,780,387.9,6.6,1500,田,市街化区域,,不明,接道・区分情報なし。建物ありだが現行法での再建築可否は役場で要確認,,2026-06-21,,https://akiya-bank.shizuoka.fudohsan.jp/%E7%89%A9%E4%BB%B6/165752/settle/1,適合
空き家バンクしずおか 沼津市,沼津市,古家付き土地,土地＋古家/上物の表記,沼津市戸田,180,84.6,7.0,1500,田,—,,不明,接道・区分情報なし。建物ありだが現行法での再建築可否は役場で要確認,,2026-06-21,関心:無指定,https://akiya-bank.shizuoka.fudohsan.jp/%E7%89%A9%E4%BB%B6/140937/settle/1,不適合
空き家バンクしずおか 沼津市,沼津市,古家付き土地,土地＋古家/上物の表記,沼津市五月町1-16,1250,138.0,29.9,1500,田,市街化区域,,不明,接道・区分情報なし。建物ありだが現行法での再建築可否は役場で要確認,,2026-06-21,,https://akiya-bank.shizuoka.fudohsan.jp/%E7%89%A9%E4%BB%B6/152722/settle/1,不適合
空き家バンクしずおか 沼津市,沼津市,空き家,掲載に空き家表記,沼津市平町,980,52.8,61.4,3000,田,—,,不明,接道・区分情報なし。建物ありだが現行法での再建築可否は役場で要確認,,2026-06-21,注意:管理費,https://akiya-bank.shizuoka.fudohsan.jp/%E7%89%A9%E4%BB%B6/173390/settle/1,不適合
空き家バンクしずおか 沼津市,沼津市,更地,土地カテゴリ（建物表記なし）,沼津市江原町,6700,409.6,54.1,1500,田,市街化区域,,△,市街化区域だが接道幅員が不明。新築可否は接道要確認,,2026-06-21,,https://akiya-bank.shizuoka.fudohsan.jp/%E7%89%A9%E4%BB%B6/160881/settle/1,不適合
空き家バンクしずおか 沼津市,沼津市,更地,土地カテゴリ（建物表記なし）,沼津市江原町13-13,12000,527.4,75.2,1500,田,市街化区域,,△,市街化区域だが接道幅員が不明。新築可否は接道要確認,,2026-07-15,,https://akiya-bank.shizuoka.fudohsan.jp/%E7%89%A9%E4%BB%B6/117567/settle/1,不適合
空き家バンクしずおか 沼津市,沼津市,中古戸建,中古戸建/住宅カテゴリ,沼津市下河原町131-18,150,25.8,19.2,3000,田,—,,不明,接道・区分情報なし。建物ありだが現行法での再建築可否は役場で要確認,,2026-06-21,注意:管理費,https://akiya-bank.shizuoka.fudohsan.jp/%E7%89%A9%E4%BB%B6/164428/settle/1,不適合
空き家バンクしずおか 沼津市,沼津市,空き家,掲載に空き家表記,沼津市本錦町648-1,190,26.2,24.0,3000,田,—,,不明,接道・区分情報なし。建物ありだが現行法での再建築可否は役場で要確認,,2026-06-14,注意:管理費,https://akiya-bank.shizuoka.fudohsan.jp/%E7%89%A9%E4%BB%B6/164375/settle/1,不適合
空き家バンクしずおか 沼津市,沼津市,空き家,掲載に空き家表記,沼津市南本郷町12-6-1,2880,241.3,39.5,3000,宅地,市街化区域,,不明,接道・区分情報なし。建物ありだが現行法での再建築可否は役場で要確認,,2026-06-21,,https://akiya-bank.shizuoka.fudohsan.jp/%E7%89%A9%E4%BB%B6/170276/settle/1,不適合
空き家バンクしずおか 沼津市,沼津市,空き家,掲載に空き家表記,沼津市原2030-33,1980,218.0,30.0,3000,宅地,市街化区域,,不明,接道・区分情報なし。建物ありだが現行法での再建築可否は役場で要確認,,2026-06-21,,https://akiya-bank.shizuoka.fudohsan.jp/%E7%89%A9%E4%BB%B6/163582/settle/1,不適合
空き家バンクしずおか 沼津市,沼津市,中古戸建,中古戸建/住宅カテゴリ,沼津市高砂町16-1,1890,215.0,29.1,3000,宅地,市街化区域,,不明,接道・区分情報なし。建物ありだが現行法での再建築可否は役場で要確認,,2026-06-21,,https://akiya-bank.shizuoka.fudohsan.jp/%E7%89%A9%E4%BB%B6/155067/settle/1,不適合
空き家バンクしずおか 沼津市,沼津市,空き家,掲載に空き家表記,沼津市我入道津島町291,2180,380.2,19.0,3000,田,市街化区域,,不明,接道・区分情報なし。建物ありだが現行法での再建築可否は役場で要確認,,2026-06-19,,https://akiya-bank.shizuoka.fudohsan.jp/%E7%89%A9%E4%BB%B6/174350/settle/1,適合
空き家バンクしずおか 沼津市,沼津市,古家付き土地,土地＋古家/上物の表記,沼津市玉江町1-27,1999,220.3,30.0,1500,宅地,市街化区域,,不明,接道・区分情報なし。建物ありだが現行法での再建築可否は役場で要確認,,2026-06-21,,https://akiya-bank.shizuoka.fudohsan.jp/%E7%89%A9%E4%BB%B6/157705/settle/1,不適合
空き家バンクしずおか 沼津市,沼津市,更地,土地カテゴリ（建物表記なし）,沼津市中瀬町17-13,1490,164.2,30.0,1500,田,市街化区域,,△,市街化区域だが接道幅員が不明。新築可否は接道要確認,,2026-06-21,,https://akiya-bank.shizuoka.fudohsan.jp/%E7%89%A9%E4%BB%B6/153981/settle/1,不適合
空き家バンクしずおか 沼津市,沼津市,更地,土地カテゴリ（建物表記なし）,沼津市御幸町23-6,3200,30.6,345.7,1500,田,市街化区域,,△,市街化区域だが接道幅員が不明。新築可否は接道要確認,,2026-06-21,,https://akiya-bank.shizuoka.fudohsan.jp/%E7%89%A9%E4%BB%B6/164107/settle/1,不適合
空き家バンクしずおか 沼津市,沼津市,更地,土地カテゴリ（建物表記なし）,沼津市本郷町23-24,1950,194.0,33.2,1500,宅地,市街化区域,,△,市街化区域だが接道幅員が不明。新築可否は接道要確認,,2026-06-21,,https://akiya-bank.shizuoka.fudohsan.jp/%E7%89%A9%E4%BB%B6/137887/settle/1,不適合
空き家バンクしずおか 沼津市,沼津市,古家付き土地,土地＋古家/上物の表記,沼津市下香貫馬場439-2,1000,165.3,20.0,1500,田,市街化区域,,不明,接道・区分情報なし。建物ありだが現行法での再建築可否は役場で要確認,,2026-06-21,,https://akiya-bank.shizuoka.fudohsan.jp/%E7%89%A9%E4%BB%B6/97393/settle/1,不適合
空き家バンクしずおか 沼津市,沼津市,更地,土地カテゴリ（建物表記なし）,沼津市下香貫牛臥3010-44,750,180.6,13.7,1500,田,市街化区域,,△,市街化区域だが接道幅員が不明。新築可否は接道要確認,,2026-06-21,,https://akiya-bank.shizuoka.fudohsan.jp/%E7%89%A9%E4%BB%B6/160848/settle/1,不適合
空き家バンクしずおか 沼津市,沼津市,更地,土地カテゴリ（建物表記なし）,沼津市原1548-1,5100,842.3,20.0,1500,田,市街化区域,,△,市街化区域だが接道幅員が不明。新築可否は接道要確認,,2026-06-21,,https://akiya-bank.shizuoka.fudohsan.jp/%E7%89%A9%E4%BB%B6/133077/settle/1,不適合
空き家バンクしずおか 沼津市,沼津市,更地,土地カテゴリ（建物表記なし）,沼津市本字下一丁田866-14,660,134.1,16.3,1500,田,市街化区域,,△,市街化区域だが接道幅員が不明。新築可否は接道要確認,,2026-06-21,,https://akiya-bank.shizuoka.fudohsan.jp/%E7%89%A9%E4%BB%B6/129160/settle/1,不適合
空き家バンクしずおか 沼津市,沼津市,更地,土地カテゴリ（建物表記なし）,沼津市下香貫藤井原,880,107.4,27.1,1500,田,市街化区域,,△,市街化区域だが接道幅員が不明。新築可否は接道要確認,,2026-06-21,,https://akiya-bank.shizuoka.fudohsan.jp/%E7%89%A9%E4%BB%B6/159903/settle/1,不適合
空き家バンクしずおか 沼津市,沼津市,更地,土地カテゴリ（建物表記なし）,沼津市本郷町8-12,1300,158.9,27.0,1500,宅地,市街化区域,,△,市街化区域だが接道幅員が不明。新築可否は接道要確認,,2026-06-21,,https://akiya-bank.shizuoka.fudohsan.jp/%E7%89%A9%E4%BB%B6/169766/settle/1,不適合
空き家バンクしずおか 沼津市,沼津市,更地,土地カテゴリ（建物表記なし）,沼津市岡宮638-1,3070,392.1,25.9,1500,田,市街化区域,,△,市街化区域だが接道幅員が不明。新築可否は接道要確認,,2026-07-14,,https://akiya-bank.shizuoka.fudohsan.jp/%E7%89%A9%E4%BB%B6/174621/settle/1,不適合
空き家バンクしずおか 沼津市,沼津市,更地,土地カテゴリ（建物表記なし）,沼津市岡宮1307-6　他2筆,2022,180.7,37.0,1500,宅地,市街化区域,,△,市街化区域だが接道幅員が不明。新築可否は接道要確認,,2026-06-21,,https://akiya-bank.shizuoka.fudohsan.jp/%E7%89%A9%E4%BB%B6/168203/settle/1,不適合
空き家バンクしずおか 沼津市,沼津市,空き家,掲載に空き家表記,沼津市大岡,3000,150.5,65.9,3000,田,市街化区域,,不明,接道・区分情報なし。建物ありだが現行法での再建築可否は役場で要確認,,2026-06-21,,https://akiya-bank.shizuoka.fudohsan.jp/%E7%89%A9%E4%BB%B6/172723/settle/1,不適合
空き家バンクしずおか 沼津市,沼津市,更地,土地カテゴリ（建物表記なし）,沼津市下河原町２丁目,900,139.6,21.3,1500,田,市街化区域,,△,市街化区域だが接道幅員が不明。新築可否は接道要確認,,2026-06-21,,https://akiya-bank.shizuoka.fudohsan.jp/%E7%89%A9%E4%BB%B6/173240/settle/1,不適合
空き家バンクしずおか 沼津市,沼津市,更地,土地カテゴリ（建物表記なし）,沼津市西島町,1100,218.0,16.7,1500,田,市街化区域,,△,市街化区域だが接道幅員が不明。新築可否は接道要確認,,2026-06-21,,https://akiya-bank.shizuoka.fudohsan.jp/%E7%89%A9%E4%BB%B6/165457/settle/1,不適合
空き家バンクしずおか 沼津市,沼津市,更地,土地カテゴリ（建物表記なし）,沼津市真砂町1-5,300,39.2,25.3,1500,田,市街化区域,,△,市街化区域だが接道幅員が不明。新築可否は接道要確認,,2026-06-21,,https://akiya-bank.shizuoka.fudohsan.jp/%E7%89%A9%E4%BB%B6/141530/settle/1,不適合
空き家バンクしずおか 沼津市,沼津市,更地,土地カテゴリ（建物表記なし）,沼津市吉田町27-3,1050,144.6,24.0,1500,田,市街化区域,,△,市街化区域だが接道幅員が不明。新築可否は接道要確認,,2026-06-21,,https://akiya-bank.shizuoka.fudohsan.jp/%E7%89%A9%E4%BB%B6/49747/settle/1,不適合
空き家バンクしずおか 沼津市,沼津市,更地,土地カテゴリ（建物表記なし）,沼津市大塚531-7,780,183.4,14.1,1500,田,市街化区域,,△,市街化区域だが接道幅員が不明。新築可否は接道要確認,,2026-06-21,,https://akiya-bank.shizuoka.fudohsan.jp/%E7%89%A9%E4%BB%B6/154950/settle/1,不適合
空き家バンクしずおか 沼津市,沼津市,古家付き土地,土地＋古家/上物の表記,沼津市西椎路,1200,237.7,16.7,1500,田,市街化調整区域,,△,調整区域の建替えは既存宅地要件等の確認が必要＝本命候補,,2026-06-21,関心:調整区域/無指定,https://akiya-bank.shizuoka.fudohsan.jp/%E7%89%A9%E4%BB%B6/172100/settle/1,不適合
空き家バンクしずおか 沼津市,沼津市,空き家,掲載に空き家表記,沼津市口野,490,115.2,14.1,3000,田,市街化調整区域,,△,調整区域の建替えは既存宅地要件等の確認が必要＝本命候補,,2026-06-21,関心:調整区域/無指定,https://akiya-bank.shizuoka.fudohsan.jp/%E7%89%A9%E4%BB%B6/167921/settle/1,不適合
空き家バンクしずおか 沼津市,沼津市,古家付き土地,土地＋古家/上物の表記,沼津市庄栄町,2300,164.8,46.1,1500,田,市街化区域,,不明,接道・区分情報なし。建物ありだが現行法での再建築可否は役場で要確認,,2026-06-21,,https://akiya-bank.shizuoka.fudohsan.jp/%E7%89%A9%E4%BB%B6/161703/settle/1,不適合
空き家バンクしずおか 沼津市,沼津市,更地,土地カテゴリ（建物表記なし）,沼津市下香貫,1800,297.0,20.0,1500,田,市街化区域,,△,市街化区域だが接道幅員が不明。新築可否は接道要確認,,2026-06-21,,https://akiya-bank.shizuoka.fudohsan.jp/%E7%89%A9%E4%BB%B6/158447/settle/1,不適合
空き家バンクしずおか 沼津市,沼津市,空き家,掲載に空き家表記,沼津市岡一色270-1,1550,70.7,72.5,3000,田,—,,不明,接道・区分情報なし。建物ありだが現行法での再建築可否は役場で要確認,,2026-07-26,注意:管理費,https://akiya-bank.shizuoka.fudohsan.jp/%E7%89%A9%E4%BB%B6/172379/settle/1,不適合
空き家バンクしずおか 沼津市,沼津市,古家付き土地,土地＋古家/上物の表記,沼津市大諏訪747-6,950,132.2,23.8,1500,田,市街化区域,,不明,接道・区分情報なし。建物ありだが現行法での再建築可否は役場で要確認,,2026-06-21,,https://akiya-bank.shizuoka.fudohsan.jp/%E7%89%A9%E4%BB%B6/148690/settle/1,不適合
空き家バンクしずおか 沼津市,沼津市,更地,土地カテゴリ（建物表記なし）,沼津市足高441-1227,600,680.3,2.9,1500,田,市街化調整区域,,△,市街化調整区域は原則新築不可・許可要件次第＝本命候補,,2026-07-25,関心:調整区域/無指定,https://akiya-bank.shizuoka.fudohsan.jp/%E7%89%A9%E4%BB%B6/128347/settle/1,適合
空き家バンクしずおか 沼津市,沼津市,古家付き土地,土地＋古家/上物の表記,沼津市大岡,1100,123.8,29.4,1500,田,市街化区域,,不明,接道・区分情報なし。建物ありだが現行法での再建築可否は役場で要確認,,2026-07-04,,https://akiya-bank.shizuoka.fudohsan.jp/%E7%89%A9%E4%BB%B6/166669/settle/1,不適合
空き家バンクしずおか 沼津市,沼津市,空き家,掲載に空き家表記,沼津市岡一色582-2,3880,141.2,90.8,3000,田,市街化区域,,不明,接道・区分情報なし。建物ありだが現行法での再建築可否は役場で要確認,,2026-07-24,,https://akiya-bank.shizuoka.fudohsan.jp/%E7%89%A9%E4%BB%B6/172532/settle/1,不適合
空き家バンクしずおか 沼津市,沼津市,更地,土地カテゴリ（建物表記なし）,沼津市下香貫2994番22,450,114.6,13.0,1500,田,市街化区域,,△,市街化区域だが接道幅員が不明。新築可否は接道要確認,,2026-07-24,,https://akiya-bank.shizuoka.fudohsan.jp/%E7%89%A9%E4%BB%B6/175580/settle/1,不適合
空き家バンクしずおか 沼津市,沼津市,空き家,掲載に空き家表記,沼津市下香貫,4280,626.9,22.6,3000,田,市街化区域,,不明,接道・区分情報なし。建物ありだが現行法での再建築可否は役場で要確認,,2026-06-21,,https://akiya-bank.shizuoka.fudohsan.jp/%E7%89%A9%E4%BB%B6/171958/settle/1,不適合
空き家バンクしずおか 沼津市,沼津市,古家付き土地,土地＋古家/上物の表記,沼津市上香貫二瀬川町,1220,254.2,15.9,1500,宅地,市街化区域,,不明,接道・区分情報なし。建物ありだが現行法での再建築可否は役場で要確認,,2026-06-21,,https://akiya-bank.shizuoka.fudohsan.jp/%E7%89%A9%E4%BB%B6/165414/settle/1,不適合
空き家バンクしずおか 沼津市,沼津市,更地,土地カテゴリ（建物表記なし）,沼津市青野68-27,650,168.1,12.8,1500,宅地,市街化区域,,△,市街化区域だが接道幅員が不明。新築可否は接道要確認,,2026-07-22,,https://akiya-bank.shizuoka.fudohsan.jp/%E7%89%A9%E4%BB%B6/157736/settle/1,不適合
空き家バンクしずおか 沼津市,沼津市,更地,土地カテゴリ（建物表記なし）,沼津市千本常盤町,398,92.4,14.2,1500,田,市街化区域,,△,市街化区域だが接道幅員が不明。新築可否は接道要確認,,2026-07-04,,https://akiya-bank.shizuoka.fudohsan.jp/%E7%89%A9%E4%BB%B6/166570/settle/1,不適合
空き家バンクしずおか 沼津市,沼津市,古家付き土地,土地＋古家/上物の表記,沼津市東沢田,1700,190.0,29.6,1500,田,市街化区域,,不明,接道・区分情報なし。建物ありだが現行法での再建築可否は役場で要確認,,2026-06-21,,https://akiya-bank.shizuoka.fudohsan.jp/%E7%89%A9%E4%BB%B6/158909/settle/1,不適合
空き家バンクしずおか 沼津市,沼津市,更地,土地カテゴリ（建物表記なし）,沼津市平町,1600,121.2,43.6,1500,田,市街化区域,,△,市街化区域だが接道幅員が不明。新築可否は接道要確認,,2026-06-14,,https://akiya-bank.shizuoka.fudohsan.jp/%E7%89%A9%E4%BB%B6/158796/settle/1,不適合
空き家バンクしずおか 沼津市,沼津市,古家付き土地,土地＋古家/上物の表記,"沼津市大岡1761-9,1761-10",950,132.2,23.8,1500,田,市街化区域,,不明,接道・区分情報なし。建物ありだが現行法での再建築可否は役場で要確認,,2026-06-21,,https://akiya-bank.shizuoka.fudohsan.jp/%E7%89%A9%E4%BB%B6/162793/settle/1,不適合
空き家バンクしずおか 沼津市,沼津市,古家付き土地,土地＋古家/上物の表記,沼津市下香貫藤井原,880,107.4,27.1,1500,田,市街化区域,,不明,接道・区分情報なし。建物ありだが現行法での再建築可否は役場で要確認,,2026-06-21,,https://akiya-bank.shizuoka.fudohsan.jp/%E7%89%A9%E4%BB%B6/159925/settle/1,不適合
空き家バンクしずおか 沼津市,沼津市,中古戸建,中古戸建/住宅カテゴリ,沼津市大岡,2500,71.2,116.1,3000,田,—,,不明,接道・区分情報なし。建物ありだが現行法での再建築可否は役場で要確認,,2026-07-11,注意:管理費,https://akiya-bank.shizuoka.fudohsan.jp/%E7%89%A9%E4%BB%B6/175155/settle/1,不適合
空き家バンクしずおか 沼津市,沼津市,古家付き土地,土地＋古家/上物の表記,沼津市市道町,1200,193.4,20.5,1500,田,市街化区域,,不明,接道・区分情報なし。建物ありだが現行法での再建築可否は役場で要確認,,2026-06-21,,https://akiya-bank.shizuoka.fudohsan.jp/%E7%89%A9%E4%BB%B6/169425/settle/1,不適合
空き家バンクしずおか 沼津市,沼津市,更地,土地カテゴリ（建物表記なし）,沼津市江浦,580,274.2,7.0,1500,田,市街化調整区域,,△,市街化調整区域は原則新築不可・許可要件次第＝本命候補,,2026-06-21,関心:調整区域/無指定,https://akiya-bank.shizuoka.fudohsan.jp/%E7%89%A9%E4%BB%B6/170104/settle/1,不適合
空き家バンクしずおか 沼津市,沼津市,更地,土地カテゴリ（建物表記なし）,沼津市岡宮129-13,1480,128.5,38.1,1500,田,市街化区域,,△,市街化区域だが接道幅員が不明。新築可否は接道要確認,,2026-06-21,,https://akiya-bank.shizuoka.fudohsan.jp/%E7%89%A9%E4%BB%B6/112700/settle/1,不適合
空き家バンクしずおか 沼津市,沼津市,更地,土地カテゴリ（建物表記なし）,沼津市岡宮129-13,1480,131.5,37.2,1500,田,市街化区域,,△,市街化区域だが接道幅員が不明。新築可否は接道要確認,,2026-06-21,,https://akiya-bank.shizuoka.fudohsan.jp/%E7%89%A9%E4%BB%B6/112701/settle/1,不適合
空き家バンクしずおか 沼津市,沼津市,空き家,掲載に空き家表記,沼津市岡宮,1500,155.4,31.9,3000,田,市街化区域,,不明,接道・区分情報なし。建物ありだが現行法での再建築可否は役場で要確認,,2026-07-18,,https://akiya-bank.shizuoka.fudohsan.jp/%E7%89%A9%E4%BB%B6/175405/settle/1,不適合
空き家バンクしずおか 沼津市,沼津市,古家付き土地,土地＋古家/上物の表記,沼津市千本常盤町,900,170.1,17.5,1500,田,市街化区域,,不明,接道・区分情報なし。建物ありだが現行法での再建築可否は役場で要確認,,2026-07-18,,https://akiya-bank.shizuoka.fudohsan.jp/%E7%89%A9%E4%BB%B6/169588/settle/1,不適合
空き家バンクしずおか 沼津市,沼津市,古家付き土地,土地＋古家/上物の表記,沼津市西間門274-3,800,199.1,13.3,1500,田,市街化区域,,不明,接道・区分情報なし。建物ありだが現行法での再建築可否は役場で要確認,,2026-06-21,,https://akiya-bank.shizuoka.fudohsan.jp/%E7%89%A9%E4%BB%B6/159985/settle/1,不適合
空き家バンクしずおか 沼津市,沼津市,更地,土地カテゴリ（建物表記なし）,沼津市高砂町,5000,608.4,27.2,1500,宅地,市街化区域,,△,市街化区域だが接道幅員が不明。新築可否は接道要確認,,2026-06-21,,https://akiya-bank.shizuoka.fudohsan.jp/%E7%89%A9%E4%BB%B6/167323/settle/1,不適合
空き家バンクしずおか 沼津市,沼津市,空き家,掲載に空き家表記,沼津市下河原町２丁目,450,46.0,32.3,3000,田,—,,不明,接道・区分情報なし。建物ありだが現行法での再建築可否は役場で要確認,,2026-06-21,注意:管理費,https://akiya-bank.shizuoka.fudohsan.jp/%E7%89%A9%E4%BB%B6/169946/settle/1,不適合
空き家バンクしずおか 沼津市,沼津市,更地,土地カテゴリ（建物表記なし）,沼津市吉田町27-6,990,134.0,24.4,1500,田,市街化区域,,△,市街化区域だが接道幅員が不明。新築可否は接道要確認,,2026-06-21,,https://akiya-bank.shizuoka.fudohsan.jp/%E7%89%A9%E4%BB%B6/150430/settle/1,不適合
空き家バンクしずおか 沼津市,沼津市,更地,土地カテゴリ（建物表記なし）,沼津市我入道東町,350,106.4,10.9,1500,田,市街化区域,,△,市街化区域だが接道幅員が不明。新築可否は接道要確認,,2026-07-16,,https://akiya-bank.shizuoka.fudohsan.jp/%E7%89%A9%E4%BB%B6/175321/settle/1,不適合
空き家バンクしずおか 沼津市,沼津市,空き家,掲載に空き家表記,沼津市志下330-1,830,238.6,11.5,3000,田,市街化区域,,不明,接道・区分情報なし。建物ありだが現行法での再建築可否は役場で要確認,,2026-07-16,,https://akiya-bank.shizuoka.fudohsan.jp/%E7%89%A9%E4%BB%B6/175300/settle/1,不適合
空き家バンクしずおか 沼津市,沼津市,古家付き土地,土地＋古家/上物の表記,沼津市下小路町,980,111.0,29.2,1500,田,市街化区域,,不明,接道・区分情報なし。建物ありだが現行法での再建築可否は役場で要確認,,2026-06-21,,https://akiya-bank.shizuoka.fudohsan.jp/%E7%89%A9%E4%BB%B6/170091/settle/1,不適合
空き家バンクしずおか 沼津市,沼津市,空き家,掲載に空き家表記,沼津市大岡,5820,328.6,58.6,3000,田,市街化区域,,不明,接道・区分情報なし。建物ありだが現行法での再建築可否は役場で要確認,,2026-06-21,,https://akiya-bank.shizuoka.fudohsan.jp/%E7%89%A9%E4%BB%B6/158384/settle/1,不適合
空き家バンクしずおか 沼津市,沼津市,更地,土地カテゴリ（建物表記なし）,沼津市真砂町19-8,480,58.5,27.1,1500,田,市街化区域,,△,市街化区域だが接道幅員が不明。新築可否は接道要確認,,2026-06-21,,https://akiya-bank.shizuoka.fudohsan.jp/%E7%89%A9%E4%BB%B6/169633/settle/1,不適合
空き家バンクしずおか 沼津市,沼津市,空き家,掲載に空き家表記,沼津市足高３２２番地２２１,3480,175.6,65.5,3000,田,市街化区域,,不明,接道・区分情報なし。建物ありだが現行法での再建築可否は役場で要確認,,2026-06-21,,https://akiya-bank.shizuoka.fudohsan.jp/%E7%89%A9%E4%BB%B6/48565/settle/1,不適合
空き家バンクしずおか 沼津市,沼津市,空き家,掲載に空き家表記,沼津市東椎路,950,66.2,47.4,3000,田,—,,不明,接道・区分情報なし。建物ありだが現行法での再建築可否は役場で要確認,,2026-07-14,関心:無指定 注意:管理費,https://akiya-bank.shizuoka.fudohsan.jp/%E7%89%A9%E4%BB%B6/175239/settle/1,不適合
空き家バンクしずおか 沼津市,沼津市,更地,土地カテゴリ（建物表記なし）,沼津市中瀬町190番,3588,339.0,35.0,1500,田,市街化区域,,△,市街化区域だが接道幅員が不明。新築可否は接道要確認,,2026-06-21,,https://akiya-bank.shizuoka.fudohsan.jp/%E7%89%A9%E4%BB%B6/162675/settle/1,不適合
空き家バンクしずおか 沼津市,沼津市,更地,土地カテゴリ（建物表記なし）,沼津市西間門,630,446.0,4.7,1500,田,市街化区域,,△,市街化区域だが接道幅員が不明。新築可否は接道要確認,,2026-06-21,,https://akiya-bank.shizuoka.fudohsan.jp/%E7%89%A9%E4%BB%B6/172501/settle/1,適合
空き家バンクしずおか 沼津市,沼津市,空き家,掲載に空き家表記,沼津市新沢田町,1650,70.8,77.0,3000,田,—,,不明,接道・区分情報なし。建物ありだが現行法での再建築可否は役場で要確認,,2026-06-14,注意:管理費,https://akiya-bank.shizuoka.fudohsan.jp/%E7%89%A9%E4%BB%B6/171794/settle/1,不適合
空き家バンクしずおか 沼津市,沼津市,更地,土地カテゴリ（建物表記なし）,沼津市下香貫馬場465-1,1320,216.1,20.2,1500,宅地,市街化区域,,△,市街化区域だが接道幅員が不明。新築可否は接道要確認,,2026-06-21,,https://akiya-bank.shizuoka.fudohsan.jp/%E7%89%A9%E4%BB%B6/168184/settle/1,不適合
空き家バンクしずおか 沼津市,沼津市,古家付き土地,土地＋古家/上物の表記,沼津市松長,900,168.6,17.6,1500,田,市街化区域,,不明,接道・区分情報なし。建物ありだが現行法での再建築可否は役場で要確認,,2026-06-21,,https://akiya-bank.shizuoka.fudohsan.jp/%E7%89%A9%E4%BB%B6/169456/settle/1,不適合
空き家バンクしずおか 沼津市,沼津市,更地,土地カテゴリ（建物表記なし）,沼津市足高441-1759、-1760,1200,1850.3,2.1,1500,田,市街化調整区域,,△,市街化調整区域は原則新築不可・許可要件次第＝本命候補,,2026-07-11,関心:調整区域/無指定,https://akiya-bank.shizuoka.fudohsan.jp/%E7%89%A9%E4%BB%B6/153918/settle/1,適合
空き家バンクしずおか 沼津市,沼津市,空き家,掲載に空き家表記,沼津市内浦小海,740,51.0,48.0,3000,田,—,,不明,接道・区分情報なし。建物ありだが現行法での再建築可否は役場で要確認,,2026-07-10,関心:無指定 注意:管理費,https://akiya-bank.shizuoka.fudohsan.jp/%E7%89%A9%E4%BB%B6/175109/settle/1,不適合
空き家バンクしずおか 沼津市,沼津市,更地,土地カテゴリ（建物表記なし）,沼津市平沼３８３番３,380,168.3,7.5,1500,田,市街化調整区域,,△,市街化調整区域は原則新築不可・許可要件次第＝本命候補,,2026-07-09,関心:調整区域/無指定,https://akiya-bank.shizuoka.fudohsan.jp/%E7%89%A9%E4%BB%B6/124656/settle/1,不適合
空き家バンクしずおか 沼津市,沼津市,古家付き土地,土地＋古家/上物の表記,沼津市西椎路616番2,650,100.7,21.3,1500,田,市街化区域,,不明,接道・区分情報なし。建物ありだが現行法での再建築可否は役場で要確認,,2026-07-09,,https://akiya-bank.shizuoka.fudohsan.jp/%E7%89%A9%E4%BB%B6/134914/settle/1,不適合
空き家バンクしずおか 沼津市,沼津市,更地,土地カテゴリ（建物表記なし）,沼津市戸田3844-42,35,112.0,1.0,1500,田,—,,不明,接道・区分情報なし、詳細/役場で要確認,,2026-06-21,関心:無指定,https://akiya-bank.shizuoka.fudohsan.jp/%E7%89%A9%E4%BB%B6/133131/settle/1,不適合
空き家バンクしずおか 沼津市,沼津市,更地,土地カテゴリ（建物表記なし）,沼津市戸田1586-1,500,221.5,7.5,1500,田,—,,不明,接道・区分情報なし、詳細/役場で要確認,,2026-06-21,関心:無指定,https://akiya-bank.shizuoka.fudohsan.jp/%E7%89%A9%E4%BB%B6/137794/settle/1,不適合
空き家バンクしずおか 沼津市,沼津市,更地,土地カテゴリ（建物表記なし）,沼津市大岡1140-27,2480,172.6,47.5,1500,田,市街化区域,,△,市街化区域だが接道幅員が不明。新築可否は接道要確認,,2026-06-21,,https://akiya-bank.shizuoka.fudohsan.jp/%E7%89%A9%E4%BB%B6/144565/settle/1,不適合
空き家バンクしずおか 沼津市,沼津市,更地,土地カテゴリ（建物表記なし）,沼津市八幡町34,720,83.5,28.5,1500,田,市街化区域,,△,市街化区域だが接道幅員が不明。新築可否は接道要確認,,2026-06-21,,https://akiya-bank.shizuoka.fudohsan.jp/%E7%89%A9%E4%BB%B6/148208/settle/1,不適合
空き家バンクしずおか 沼津市,沼津市,古家付き土地,土地＋古家/上物の表記,沼津市大岡926-7,695,69.4,33.1,1500,田,市街化区域,,不明,接道・区分情報なし。建物ありだが現行法での再建築可否は役場で要確認,,2026-06-21,,https://akiya-bank.shizuoka.fudohsan.jp/%E7%89%A9%E4%BB%B6/148255/settle/1,不適合
空き家バンクしずおか 沼津市,沼津市,古家付き土地,土地＋古家/上物の表記,沼津市足高489-1,800,807.1,3.3,1500,田,市街化区域,,不明,接道・区分情報なし。建物ありだが現行法での再建築可否は役場で要確認,,2026-06-21,,https://akiya-bank.shizuoka.fudohsan.jp/%E7%89%A9%E4%BB%B6/150098/settle/1,適合
空き家バンクしずおか 沼津市,沼津市,空き家,掲載に空き家表記,沼津市上香貫,1100,56.3,64.6,3000,田,—,,不明,接道・区分情報なし。建物ありだが現行法での再建築可否は役場で要確認,,2026-06-21,注意:管理費,https://akiya-bank.shizuoka.fudohsan.jp/%E7%89%A9%E4%BB%B6/151516/settle/1,不適合
空き家バンクしずおか 沼津市,沼津市,更地,土地カテゴリ（建物表記なし）,沼津市下香貫2994-21,750,123.3,20.1,1500,田,市街化区域,,△,市街化区域だが接道幅員が不明。新築可否は接道要確認,,2026-06-21,,https://akiya-bank.shizuoka.fudohsan.jp/%E7%89%A9%E4%BB%B6/146197/settle/1,不適合
空き家バンクしずおか 沼津市,沼津市,更地,土地カテゴリ（建物表記なし）,沼津市今沢527-12,1590,152.0,34.6,1500,田,市街化区域,,△,市街化区域だが接道幅員が不明。新築可否は接道要確認,,2026-06-21,,https://akiya-bank.shizuoka.fudohsan.jp/%E7%89%A9%E4%BB%B6/125289/settle/1,不適合
空き家バンクしずおか 沼津市,沼津市,更地,土地カテゴリ（建物表記なし）,沼津市下香貫2994-22,880,117.4,24.8,1500,田,市街化区域,,△,市街化区域だが接道幅員が不明。新築可否は接道要確認,,2026-06-21,,https://akiya-bank.shizuoka.fudohsan.jp/%E7%89%A9%E4%BB%B6/146198/settle/1,不適合
空き家バンクしずおか 沼津市,沼津市,更地,土地カテゴリ（建物表記なし）,沼津市我入道秋葉町,1980,208.3,31.4,1500,田,市街化区域,,△,市街化区域だが接道幅員が不明。新築可否は接道要確認,,2026-06-21,,https://akiya-bank.shizuoka.fudohsan.jp/%E7%89%A9%E4%BB%B6/172561/settle/1,不適合
空き家バンクしずおか 沼津市,沼津市,更地,土地カテゴリ（建物表記なし）,沼津市東椎路,1456,178.2,27.0,1500,田,市街化区域,,△,市街化区域だが接道幅員が不明。新築可否は接道要確認,,2026-07-07,,https://akiya-bank.shizuoka.fudohsan.jp/%E7%89%A9%E4%BB%B6/175049/settle/1,不適合
空き家バンクしずおか 沼津市,沼津市,更地,土地カテゴリ（建物表記なし）,沼津市西沢田,880,126.1,23.1,1500,宅地,市街化区域,,△,市街化区域だが接道幅員が不明。新築可否は接道要確認,,2026-06-21,,https://akiya-bank.shizuoka.fudohsan.jp/%E7%89%A9%E4%BB%B6/172509/settle/1,不適合
空き家バンクしずおか 沼津市,沼津市,更地,土地カテゴリ（建物表記なし）,沼津市本郷町,1300,158.9,27.0,1500,宅地,市街化区域,,△,市街化区域だが接道幅員が不明。新築可否は接道要確認,,2026-06-21,,https://akiya-bank.shizuoka.fudohsan.jp/%E7%89%A9%E4%BB%B6/169715/settle/1,不適合
空き家バンクしずおか 沼津市,沼津市,更地,土地カテゴリ（建物表記なし）,沼津市下河原町10-6,1500,182.4,27.2,1500,田,市街化区域,,△,市街化区域だが接道幅員が不明。新築可否は接道要確認,,2026-06-21,,https://akiya-bank.shizuoka.fudohsan.jp/%E7%89%A9%E4%BB%B6/143010/settle/1,不適合
空き家バンクしずおか 沼津市,沼津市,古家付き土地,土地＋古家/上物の表記,沼津市上香貫宮原町1502-1,3980,707.4,18.6,1500,宅地,市街化区域,,不明,接道・区分情報なし。建物ありだが現行法での再建築可否は役場で要確認,,2026-06-21,,https://akiya-bank.shizuoka.fudohsan.jp/%E7%89%A9%E4%BB%B6/135222/settle/1,不適合
空き家バンクしずおか 沼津市,沼津市,更地,土地カテゴリ（建物表記なし）,沼津市真砂町27-9,390,51.4,25.1,1500,田,市街化区域,,△,市街化区域だが接道幅員が不明。新築可否は接道要確認,,2026-06-21,,https://akiya-bank.shizuoka.fudohsan.jp/%E7%89%A9%E4%BB%B6/144736/settle/1,不適合
空き家バンクしずおか 沼津市,沼津市,更地,土地カテゴリ（建物表記なし）,沼津市岡宮,1680,109.0,51.0,1500,田,市街化区域,,△,市街化区域だが接道幅員が不明。新築可否は接道要確認,,2026-06-21,,https://akiya-bank.shizuoka.fudohsan.jp/%E7%89%A9%E4%BB%B6/149174/settle/1,不適合
空き家バンクしずおか 沼津市,沼津市,更地,土地カテゴリ（建物表記なし）,沼津市平町21-11,600,81.0,24.5,1500,田,市街化区域,,△,市街化区域だが接道幅員が不明。新築可否は接道要確認,,2026-06-14,,https://akiya-bank.shizuoka.fudohsan.jp/%E7%89%A9%E4%BB%B6/151860/settle/1,不適合
空き家バンクしずおか 沼津市,沼津市,更地,土地カテゴリ（建物表記なし）,沼津市平町１３番3,1800,137.1,43.4,1500,田,市街化区域,,△,市街化区域だが接道幅員が不明。新築可否は接道要確認,,2026-07-04,,https://akiya-bank.shizuoka.fudohsan.jp/%E7%89%A9%E4%BB%B6/154153/settle/1,不適合
空き家バンクしずおか 沼津市,沼津市,中古戸建,中古戸建/住宅カテゴリ,沼津市志下,1280,75.5,56.0,3000,田,—,,不明,接道・区分情報なし。建物ありだが現行法での再建築可否は役場で要確認,,2026-06-21,注意:管理費,https://akiya-bank.shizuoka.fudohsan.jp/%E7%89%A9%E4%BB%B6/170756/settle/1,不適合
空き家バンクしずおか 沼津市,沼津市,更地,土地カテゴリ（建物表記なし）,沼津市大岡,980,173.3,18.7,1500,田,市街化区域,,△,市街化区域だが接道幅員が不明。新築可否は接道要確認,,2026-06-21,,https://akiya-bank.shizuoka.fudohsan.jp/%E7%89%A9%E4%BB%B6/169479/settle/1,不適合
空き家バンクしずおか 沼津市,沼津市,中古戸建,中古戸建/住宅カテゴリ,沼津市江原町4番22,1650,72.0,75.8,3000,田,—,,不明,接道・区分情報なし。建物ありだが現行法での再建築可否は役場で要確認,,2026-06-21,注意:管理費,https://akiya-bank.shizuoka.fudohsan.jp/%E7%89%A9%E4%BB%B6/152120/settle/1,不適合
空き家バンクしずおか 沼津市,沼津市,更地,土地カテゴリ（建物表記なし）,沼津市上香貫1688-8,3690,317.9,38.4,1500,宅地,市街化区域,,△,市街化区域だが接道幅員が不明。新築可否は接道要確認,,2026-06-21,,https://akiya-bank.shizuoka.fudohsan.jp/%E7%89%A9%E4%BB%B6/80645/settle/1,不適合
空き家バンクしずおか 沼津市,沼津市,古家付き土地,土地＋古家/上物の表記,沼津市大岡,1480,151.7,32.3,1500,田,市街化区域,,不明,接道・区分情報なし。建物ありだが現行法での再建築可否は役場で要確認,,2026-06-21,,https://akiya-bank.shizuoka.fudohsan.jp/%E7%89%A9%E4%BB%B6/166677/settle/1,不適合
空き家バンクしずおか 沼津市,沼津市,更地,土地カテゴリ（建物表記なし）,沼津市市道町,1500,163.1,30.4,1500,田,市街化区域,,△,市街化区域だが接道幅員が不明。新築可否は接道要確認,,2026-06-21,,https://akiya-bank.shizuoka.fudohsan.jp/%E7%89%A9%E4%BB%B6/169210/settle/1,不適合
空き家バンクしずおか 沼津市,沼津市,古家付き土地,土地＋古家/上物の表記,沼津市上香貫二瀬川町1943番地の3,2000,360.3,18.4,1500,宅地,市街化区域,,不明,接道・区分情報なし。建物ありだが現行法での再建築可否は役場で要確認,,2026-06-21,,https://akiya-bank.shizuoka.fudohsan.jp/%E7%89%A9%E4%BB%B6/154467/settle/1,不適合
空き家バンクしずおか 沼津市,沼津市,更地,土地カテゴリ（建物表記なし）,沼津市志下84番6,520,156.0,11.0,1500,田,市街化区域,,△,市街化区域だが接道幅員が不明。新築可否は接道要確認,,2026-07-02,,https://akiya-bank.shizuoka.fudohsan.jp/%E7%89%A9%E4%BB%B6/103467/settle/1,不適合
空き家バンクしずおか 沼津市,沼津市,空き家,掲載に空き家表記,沼津市西熊堂353-1,2880,245.6,38.8,3000,田,市街化区域,,不明,接道・区分情報なし。建物ありだが現行法での再建築可否は役場で要確認,,2026-07-02,,https://akiya-bank.shizuoka.fudohsan.jp/%E7%89%A9%E4%BB%B6/174822/settle/1,不適合
空き家バンクしずおか 沼津市,沼津市,空き家,掲載に空き家表記,沼津市三枚橋705-26,3880,191.7,66.9,3000,田,市街化区域,,不明,接道・区分情報なし。建物ありだが現行法での再建築可否は役場で要確認,,2026-07-02,,https://akiya-bank.shizuoka.fudohsan.jp/%E7%89%A9%E4%BB%B6/174821/settle/1,不適合
空き家バンクしずおか 沼津市,沼津市,古家付き土地,土地＋古家/上物の表記,沼津市庄栄町,1400,164.8,28.1,1500,田,市街化区域,,不明,接道・区分情報なし。建物ありだが現行法での再建築可否は役場で要確認,,2026-06-21,,https://akiya-bank.shizuoka.fudohsan.jp/%E7%89%A9%E4%BB%B6/167096/settle/1,不適合
空き家バンクしずおか 沼津市,沼津市,更地,土地カテゴリ（建物表記なし）,沼津市今沢642-3,1560,467.7,11.0,1500,田,市街化区域,,△,市街化区域だが接道幅員が不明。新築可否は接道要確認,,2026-06-21,,https://akiya-bank.shizuoka.fudohsan.jp/%E7%89%A9%E4%BB%B6/112484/settle/1,不適合
空き家バンクしずおか 沼津市,沼津市,古家付き土地,土地＋古家/上物の表記,沼津市下香貫猪沼,380,148.2,8.5,1500,田,市街化区域,,不明,接道・区分情報なし。建物ありだが現行法での再建築可否は役場で要確認,,2026-06-14,,https://akiya-bank.shizuoka.fudohsan.jp/%E7%89%A9%E4%BB%B6/159153/settle/1,不適合
空き家バンクしずおか 沼津市,沼津市,空き家,掲載に空き家表記,沼津市大岡,2680,74.0,119.7,3000,田,—,,不明,接道・区分情報なし。建物ありだが現行法での再建築可否は役場で要確認,,2026-06-26,注意:管理費,https://akiya-bank.shizuoka.fudohsan.jp/%E7%89%A9%E4%BB%B6/174660/settle/1,不適合
空き家バンクしずおか 沼津市,沼津市,更地,土地カテゴリ（建物表記なし）,沼津市若葉町969番1,2700,194.0,46.0,1500,田,市街化区域,,△,市街化区域だが接道幅員が不明。新築可否は接道要確認,,2026-06-21,,https://akiya-bank.shizuoka.fudohsan.jp/%E7%89%A9%E4%BB%B6/145532/settle/1,不適合
空き家バンクしずおか 沼津市,沼津市,更地,土地カテゴリ（建物表記なし）,沼津市足高56-52,150,170.0,2.9,1500,田,市街化調整区域,,△,市街化調整区域は原則新築不可・許可要件次第＝本命候補,,2026-06-21,関心:調整区域/無指定,https://akiya-bank.shizuoka.fudohsan.jp/%E7%89%A9%E4%BB%B6/94136/settle/1,不適合
空き家バンクしずおか 沼津市,沼津市,更地,土地カテゴリ（建物表記なし）,沼津市五月町,3800,305.6,41.1,1500,田,市街化区域,,△,市街化区域だが接道幅員が不明。新築可否は接道要確認,,2026-06-21,,https://akiya-bank.shizuoka.fudohsan.jp/%E7%89%A9%E4%BB%B6/163940/settle/1,不適合
空き家バンクしずおか 沼津市,沼津市,更地,土地カテゴリ（建物表記なし）,沼津市住吉町,1400,125.3,36.9,1500,宅地,市街化区域,,△,市街化区域だが接道幅員が不明。新築可否は接道要確認,,2026-06-21,,https://akiya-bank.shizuoka.fudohsan.jp/%E7%89%A9%E4%BB%B6/164361/settle/1,不適合
空き家バンクしずおか 沼津市,沼津市,更地,土地カテゴリ（建物表記なし）,沼津市西島町,1250,312.9,13.2,1500,田,市街化区域,,△,市街化区域だが接道幅員が不明。新築可否は接道要確認,,2026-06-14,,https://akiya-bank.shizuoka.fudohsan.jp/%E7%89%A9%E4%BB%B6/169111/settle/1,不適合
空き家バンクしずおか 沼津市,沼津市,空き家,掲載に空き家表記,沼津市足高287-21,2880,165.8,57.4,3000,田,市街化区域,,不明,接道・区分情報なし。建物ありだが現行法での再建築可否は役場で要確認,,2026-06-14,,https://akiya-bank.shizuoka.fudohsan.jp/%E7%89%A9%E4%BB%B6/169170/settle/1,不適合
空き家バンクしずおか 沼津市,沼津市,古家付き土地,土地＋古家/上物の表記,沼津市原293番2,1080,277.8,12.9,1500,田,市街化区域,,不明,接道・区分情報なし。建物ありだが現行法での再建築可否は役場で要確認,,2026-06-19,,https://akiya-bank.shizuoka.fudohsan.jp/%E7%89%A9%E4%BB%B6/174394/settle/1,不適合
空き家バンクしずおか 沼津市,沼津市,更地,土地カテゴリ（建物表記なし）,沼津市今沢110-1,1800,330.2,18.0,1500,田,市街化区域,,△,市街化区域だが接道幅員が不明。新築可否は接道要確認,,2026-06-14,,https://akiya-bank.shizuoka.fudohsan.jp/%E7%89%A9%E4%BB%B6/144010/settle/1,不適合
空き家バンクしずおか 沼津市,沼津市,更地,土地カテゴリ（建物表記なし）,沼津市岡宮,1600,198.0,26.7,1500,田,市街化区域,,△,市街化区域だが接道幅員が不明。新築可否は接道要確認,,2026-06-14,,https://akiya-bank.shizuoka.fudohsan.jp/%E7%89%A9%E4%BB%B6/171541/settle/1,不適合
空き家バンクしずおか 沼津市,沼津市,古家付き土地,土地＋古家/上物の表記,沼津市下香貫上障子384-1,1150,230.0,16.5,1500,田,市街化区域,,不明,接道・区分情報なし。建物ありだが現行法での再建築可否は役場で要確認,,2026-06-14,,https://akiya-bank.shizuoka.fudohsan.jp/%E7%89%A9%E4%BB%B6/153490/settle/1,不適合
空き家バンクしずおか 沼津市,沼津市,更地,土地カテゴリ（建物表記なし）,沼津市志下551-1,1000,378.6,8.7,1500,田,市街化調整区域,,△,市街化調整区域は原則新築不可・許可要件次第＝本命候補,,2026-06-14,関心:調整区域/無指定,https://akiya-bank.shizuoka.fudohsan.jp/%E7%89%A9%E4%BB%B6/88488/settle/1,適合
空き家バンクしずおか 沼津市,沼津市,更地,土地カテゴリ（建物表記なし）,沼津市高島町22－18,1350,49.1,90.9,1500,田,市街化区域,,△,市街化区域だが接道幅員が不明。新築可否は接道要確認,,2026-06-14,,https://akiya-bank.shizuoka.fudohsan.jp/%E7%89%A9%E4%BB%B6/118917/settle/1,不適合
空き家バンクしずおか 沼津市,沼津市,古家付き土地,土地＋古家/上物の表記,沼津市下香貫,1480,281.8,17.4,1500,宅地,市街化区域,,不明,接道・区分情報なし。建物ありだが現行法での再建築可否は役場で要確認,,2026-06-14,,https://akiya-bank.shizuoka.fudohsan.jp/%E7%89%A9%E4%BB%B6/167912/settle/1,不適合
空き家バンクしずおか 沼津市,沼津市,古家付き土地,土地＋古家/上物の表記,沼津市鳥谷,1000,446.3,7.4,1500,田,市街化区域,,不明,接道・区分情報なし。建物ありだが現行法での再建築可否は役場で要確認,,2026-06-21,,https://akiya-bank.shizuoka.fudohsan.jp/%E7%89%A9%E4%BB%B6/170967/settle/1,適合
空き家バンクしずおか 沼津市,沼津市,更地,土地カテゴリ（建物表記なし）,沼津市足高,900,184.8,16.1,1500,田,市街化区域,,△,市街化区域だが接道幅員が不明。新築可否は接道要確認,,2026-06-21,,https://akiya-bank.shizuoka.fudohsan.jp/%E7%89%A9%E4%BB%B6/173984/settle/1,不適合
空き家バンクしずおか 沼津市,沼津市,更地,土地カテゴリ（建物表記なし）,沼津市原町中１丁目5-14,750,128.0,19.4,1500,田,市街化区域,,△,市街化区域だが接道幅員が不明。新築可否は接道要確認,,2026-06-21,,https://akiya-bank.shizuoka.fudohsan.jp/%E7%89%A9%E4%BB%B6/152698/settle/1,不適合
空き家バンクしずおか 沼津市,沼津市,更地,土地カテゴリ（建物表記なし）,沼津市今沢689-39,1100,193.2,18.8,1500,田,市街化区域,,△,市街化区域だが接道幅員が不明。新築可否は接道要確認,,2026-06-21,,https://akiya-bank.shizuoka.fudohsan.jp/%E7%89%A9%E4%BB%B6/153833/settle/1,不適合
空き家バンクしずおか 沼津市,沼津市,空き家,掲載に空き家表記,沼津市上土町,1980,71.2,91.9,3000,田,—,,不明,接道・区分情報なし。建物ありだが現行法での再建築可否は役場で要確認,,2026-06-21,注意:管理費,https://akiya-bank.shizuoka.fudohsan.jp/%E7%89%A9%E4%BB%B6/166745/settle/1,不適合
空き家バンクしずおか 沼津市,沼津市,古家付き土地,土地＋古家/上物の表記,沼津市下香貫藤井原,880,107.4,27.1,1500,田,市街化区域,,不明,接道・区分情報なし。建物ありだが現行法での再建築可否は役場で要確認,,2026-06-21,,https://akiya-bank.shizuoka.fudohsan.jp/%E7%89%A9%E4%BB%B6/159854/settle/1,不適合
空き家バンクしずおか 沼津市,沼津市,更地,土地カテゴリ（建物表記なし）,沼津市本郷町8-12　(1)号地,1300,158.9,27.0,1500,宅地,市街化区域,,△,市街化区域だが接道幅員が不明。新築可否は接道要確認,,2026-06-21,,https://akiya-bank.shizuoka.fudohsan.jp/%E7%89%A9%E4%BB%B6/169697/settle/1,不適合
空き家バンクしずおか 沼津市,沼津市,空き家,掲載に空き家表記,沼津市大岡,2180,240.5,30.0,3000,田,市街化区域,,不明,接道・区分情報なし。建物ありだが現行法での再建築可否は役場で要確認,,2026-06-21,,https://akiya-bank.shizuoka.fudohsan.jp/%E7%89%A9%E4%BB%B6/173874/settle/1,不適合
空き家バンクしずおか 沼津市,沼津市,古家付き土地,土地＋古家/上物の表記,沼津市下香貫八重,990,147.6,22.2,1500,宅地,市街化区域,,不明,接道・区分情報なし。建物ありだが現行法での再建築可否は役場で要確認,,2026-06-21,,https://akiya-bank.shizuoka.fudohsan.jp/%E7%89%A9%E4%BB%B6/173873/settle/1,不適合
空き家バンクしずおか 沼津市,沼津市,空き家,掲載に空き家表記,沼津市岡宮,1980,122.3,53.5,3000,田,市街化区域,,不明,接道・区分情報なし。建物ありだが現行法での再建築可否は役場で要確認,,2026-06-21,,https://akiya-bank.shizuoka.fudohsan.jp/%E7%89%A9%E4%BB%B6/173849/settle/1,不適合
空き家バンクしずおか 沼津市,沼津市,更地,土地カテゴリ（建物表記なし）,沼津市新沢田町8-22,2580,136.8,62.3,1500,田,市街化区域,,△,市街化区域だが接道幅員が不明。新築可否は接道要確認,,2026-06-21,,https://akiya-bank.shizuoka.fudohsan.jp/%E7%89%A9%E4%BB%B6/153203/settle/1,不適合
空き家バンクしずおか 沼津市,沼津市,古家付き土地,土地＋古家/上物の表記,沼津市住吉町1－8,1000,127.3,26.0,1500,宅地,市街化区域,,不明,接道・区分情報なし。建物ありだが現行法での再建築可否は役場で要確認,,2026-06-21,,https://akiya-bank.shizuoka.fudohsan.jp/%E7%89%A9%E4%BB%B6/146838/settle/1,不適合
空き家バンクしずおか 沼津市,沼津市,空き家,掲載に空き家表記,沼津市吉田町,650,66.8,32.2,3000,田,—,,不明,接道・区分情報なし。建物ありだが現行法での再建築可否は役場で要確認,,2026-06-21,注意:管理費,https://akiya-bank.shizuoka.fudohsan.jp/%E7%89%A9%E4%BB%B6/168539/settle/1,不適合
空き家バンクしずおか 沼津市,沼津市,更地,土地カテゴリ（建物表記なし）,沼津市山王台,6500,596.5,36.0,1500,田,市街化区域,,△,市街化区域だが接道幅員が不明。新築可否は接道要確認,,2026-07-11,,https://akiya-bank.shizuoka.fudohsan.jp/%E7%89%A9%E4%BB%B6/164213/settle/1,不適合
空き家バンクしずおか 沼津市,沼津市,更地,土地カテゴリ（建物表記なし）,沼津市原,3000,825.5,12.0,1500,田,市街化調整区域,,△,市街化調整区域は原則新築不可・許可要件次第＝本命候補,,2026-07-11,関心:調整区域/無指定,https://akiya-bank.shizuoka.fudohsan.jp/%E7%89%A9%E4%BB%B6/151021/settle/1,不適合
空き家バンクしずおか 沼津市,沼津市,空き家,掲載に空き家表記,沼津市青野,830,311.4,8.8,3000,田,市街化調整区域,,△,調整区域の建替えは既存宅地要件等の確認が必要＝本命候補,,2026-07-11,関心:調整区域/無指定,https://akiya-bank.shizuoka.fudohsan.jp/%E7%89%A9%E4%BB%B6/171325/settle/1,不適合
空き家バンクしずおか 沼津市,沼津市,空き家,掲載に空き家表記,沼津市大岡,5000,1600.2,10.3,3000,田,市街化区域,,不明,接道・区分情報なし。建物ありだが現行法での再建築可否は役場で要確認,,2026-06-21,,https://akiya-bank.shizuoka.fudohsan.jp/%E7%89%A9%E4%BB%B6/162589/settle/1,不適合
空き家バンクしずおか 沼津市,沼津市,更地,土地カテゴリ（建物表記なし）,沼津市西熊堂,1830,169.5,35.7,1500,田,市街化区域,,△,市街化区域だが接道幅員が不明。新築可否は接道要確認,,2026-06-21,,https://akiya-bank.shizuoka.fudohsan.jp/%E7%89%A9%E4%BB%B6/167217/settle/1,不適合
空き家バンクしずおか 沼津市,沼津市,古家付き土地,土地＋古家/上物の表記,沼津市本字松下七反田,1080,237.6,15.0,1500,田,市街化区域,,不明,接道・区分情報なし。建物ありだが現行法での再建築可否は役場で要確認,,2026-06-21,,https://akiya-bank.shizuoka.fudohsan.jp/%E7%89%A9%E4%BB%B6/152384/settle/1,不適合
家っち(新日本住建販売) 沼津市 土地一覧,沼津市,更地,土地カテゴリ（建物表記なし）,静岡県沼津市浅間町,2590,,,1500,—,—,,不明,接道・区分情報なし、詳細/役場で要確認,,2026-08-10,,https://www.snjhkk.com/s_r_59519/index.html,数値不明
家っち(新日本住建販売) 沼津市 土地一覧,沼津市,更地,土地カテゴリ（建物表記なし）,静岡県沼津市泉町,3190,210.1,50.2,1500,—,—,,不明,接道・区分情報なし、詳細/役場で要確認,,2026-08-08,,https://www.snjhkk.com/s_r_59516/index.html,不適合
家っち(新日本住建販売) 沼津市 土地一覧,沼津市,更地,土地カテゴリ（建物表記なし）,静岡県沼津市東間門,2490,107.6,76.5,1500,—,—,,不明,接道・区分情報なし、詳細/役場で要確認,,2026-08-07,,https://www.snjhkk.com/s_r_59515/index.html,不適合
SUUMO 中古戸建 田方郡（函南）,函南町,更地,土地カテゴリ（建物表記なし）,静岡県田方郡函南町上沢,1080,238.0,15.0,1500,田,—,,不明,接道・区分情報なし、詳細/役場で要確認,,2026-06-27,,https://suumo.jp/chukoikkodate/shizuoka/sc_tagatagun/nc_21161207/,不適合
SUUMO 中古戸建 田方郡（函南）,函南町,更地,土地カテゴリ（建物表記なし）,静岡県田方郡函南町平井,1580,210.5,24.8,1500,田,—,,不明,接道・区分情報なし、詳細/役場で要確認,,2026-06-17,,https://suumo.jp/chukoikkodate/shizuoka/sc_tagatagun/nc_20575219/,不適合
SUUMO 中古戸建 田方郡（函南）,函南町,更地,土地カテゴリ（建物表記なし）,静岡県田方郡函南町柏谷,1680,198.1,28.0,1500,田,—,,不明,接道・区分情報なし、詳細/役場で要確認,,2026-06-17,,https://suumo.jp/chukoikkodate/shizuoka/sc_tagatagun/nc_75436913/,不適合
SUUMO 中古戸建 田方郡（函南）,函南町,中古戸建,中古戸建/住宅カテゴリ,静岡県田方郡函南町桑原,1850,262.0,23.3,3000,田,—,,不明,接道・区分情報なし。建物ありだが現行法での再建築可否は役場で要確認,,2026-06-17,注意:借地/定期借地,https://suumo.jp/chukoikkodate/shizuoka/sc_tagatagun/nc_78957840/,不適合
SUUMO 中古戸建 田方郡（函南）,函南町,更地,土地カテゴリ（建物表記なし）,静岡県田方郡函南町柏谷,1890,186.2,33.6,1500,田,—,,不明,接道・区分情報なし、詳細/役場で要確認,,2026-06-17,,https://suumo.jp/chukoikkodate/shizuoka/sc_tagatagun/nc_20035360/,不適合
SUUMO 中古戸建 田方郡（函南）,函南町,中古戸建,中古戸建/住宅カテゴリ,静岡県田方郡函南町桑原,2150,324.7,21.9,3000,田,—,,不明,接道・区分情報なし。建物ありだが現行法での再建築可否は役場で要確認,,2026-06-17,注意:借地/定期借地,https://suumo.jp/chukoikkodate/shizuoka/sc_tagatagun/nc_78958580/,不適合
SUUMO 中古戸建 田方郡（函南）,函南町,更地,土地カテゴリ（建物表記なし）,静岡県田方郡函南町仁田,2480,154.3,53.1,1500,田,—,,不明,接道・区分情報なし、詳細/役場で要確認,,2026-07-30,,https://suumo.jp/chukoikkodate/shizuoka/sc_tagatagun/nc_21393715/,不適合
SUUMO 中古戸建 田方郡（函南）,函南町,更地,土地カテゴリ（建物表記なし）,静岡県田方郡函南町間宮,3880,166.8,76.9,1500,田,—,,不明,接道・区分情報なし、詳細/役場で要確認,,2026-06-17,,https://suumo.jp/chukoikkodate/shizuoka/sc_tagatagun/nc_76546345/,不適合
SUUMO 中古戸建 田方郡（函南）,函南町,更地,土地カテゴリ（建物表記なし）,静岡県田方郡函南町畑毛,3880,222.5,57.6,1500,畑,—,,不明,接道・区分情報なし、詳細/役場で要確認,,2026-06-17,,https://suumo.jp/chukoikkodate/shizuoka/sc_tagatagun/nc_75010726/,不適合
SUUMO 中古戸建 田方郡（函南）,函南町,更地,土地カテゴリ（建物表記なし）,静岡県田方郡函南町上沢,900,291.0,10.2,1500,田,—,,不明,接道・区分情報なし、詳細/役場で要確認,,2026-06-17,,https://suumo.jp/chukoikkodate/shizuoka/sc_tagatagun/nc_78707691/,不適合
SUUMO 中古戸建 田方郡（函南）,函南町,更地,土地カテゴリ（建物表記なし）,静岡県田方郡函南町間宮,2480,200.4,40.9,1500,田,—,,不明,接道・区分情報なし、詳細/役場で要確認,,2026-06-17,,https://suumo.jp/chukoikkodate/shizuoka/sc_tagatagun/nc_78707768/,不適合
SUUMO 中古戸建 田方郡（函南）,函南町,更地,土地カテゴリ（建物表記なし）,静岡県田方郡函南町畑毛,280,141.6,6.5,1500,畑,—,,不明,接道・区分情報なし、詳細/役場で要確認,,2026-08-07,,https://suumo.jp/chukoikkodate/shizuoka/sc_tagatagun/nc_21451771/,不適合
SUUMO 中古戸建 田方郡（函南）,函南町,更地,土地カテゴリ（建物表記なし）,静岡県田方郡函南町平井,290,378.0,2.5,1500,田,—,,不明,接道・区分情報なし、詳細/役場で要確認,,2026-07-03,,https://suumo.jp/chukoikkodate/shizuoka/sc_tagatagun/nc_21201886/,適合
SUUMO 中古戸建 田方郡（函南）,函南町,更地,土地カテゴリ（建物表記なし）,静岡県田方郡函南町上沢,350,172.2,6.7,1500,田,—,,不明,接道・区分情報なし、詳細/役場で要確認,,2026-07-23,,https://suumo.jp/chukoikkodate/shizuoka/sc_tagatagun/nc_21343751/,不適合
SUUMO 中古戸建 田方郡（函南）,函南町,更地,土地カテゴリ（建物表記なし）,静岡県田方郡函南町平井,360,310.0,3.8,1500,田,—,,不明,接道・区分情報なし、詳細/役場で要確認,,2026-06-17,,https://suumo.jp/chukoikkodate/shizuoka/sc_tagatagun/nc_72335463/,不適合
SUUMO 中古戸建 田方郡（函南）,函南町,更地,土地カテゴリ（建物表記なし）,静岡県田方郡函南町平井,380,290.0,4.3,1500,田,—,,不明,接道・区分情報なし、詳細/役場で要確認,,2026-06-17,,https://suumo.jp/chukoikkodate/shizuoka/sc_tagatagun/nc_76851685/,不適合
SUUMO 中古戸建 田方郡（函南）,函南町,更地,土地カテゴリ（建物表記なし）,静岡県田方郡函南町平井,380,302.0,4.2,1500,田,—,,不明,接道・区分情報なし、詳細/役場で要確認,,2026-07-18,,https://suumo.jp/chukoikkodate/shizuoka/sc_tagatagun/nc_21314005/,不適合
SUUMO 中古戸建 田方郡（函南）,函南町,更地,土地カテゴリ（建物表記なし）,静岡県田方郡函南町平井,390,246.0,5.2,1500,田,—,,不明,接道・区分情報なし、詳細/役場で要確認,,2026-07-30,,https://suumo.jp/chukoikkodate/shizuoka/sc_tagatagun/nc_71259940/,不適合
SUUMO 中古戸建 田方郡（函南）,函南町,更地,土地カテゴリ（建物表記なし）,静岡県田方郡函南町畑毛,490,200.4,8.1,1500,畑,—,,不明,接道・区分情報なし、詳細/役場で要確認,,2026-08-08,,https://suumo.jp/chukoikkodate/shizuoka/sc_tagatagun/nc_21455811/,不適合
SUUMO 中古戸建 田方郡（函南）,函南町,更地,土地カテゴリ（建物表記なし）,静岡県田方郡函南町畑,530,408.0,4.3,1500,畑,—,,不明,接道・区分情報なし、詳細/役場で要確認,,2026-07-04,,https://suumo.jp/chukoikkodate/shizuoka/sc_tagatagun/nc_75026688/,適合
SUUMO 中古戸建 田方郡（函南）,函南町,更地,土地カテゴリ（建物表記なし）,静岡県田方郡函南町平井,580,269.0,7.1,1500,田,—,,不明,接道・区分情報なし、詳細/役場で要確認,,2026-06-17,,https://suumo.jp/chukoikkodate/shizuoka/sc_tagatagun/nc_20935460/,不適合
SUUMO 中古戸建 田方郡（函南）,函南町,更地,土地カテゴリ（建物表記なし）,静岡県田方郡函南町平井,590,543.0,3.6,1500,田,—,,不明,接道・区分情報なし、詳細/役場で要確認,,2026-07-13,,https://suumo.jp/chukoikkodate/shizuoka/sc_tagatagun/nc_21283787/,適合
SUUMO 中古戸建 田方郡（函南）,函南町,更地,土地カテゴリ（建物表記なし）,静岡県田方郡函南町平井,600,302.7,6.6,1500,田,—,,不明,接道・区分情報なし、詳細/役場で要確認,,2026-06-17,,https://suumo.jp/chukoikkodate/shizuoka/sc_tagatagun/nc_77895218/,不適合
SUUMO 中古戸建 田方郡（函南）,函南町,更地,土地カテゴリ（建物表記なし）,静岡県田方郡函南町上沢,750,339.0,7.3,1500,田,—,,不明,接道・区分情報なし、詳細/役場で要確認,,2026-06-17,,https://suumo.jp/chukoikkodate/shizuoka/sc_tagatagun/nc_78377780/,適合
SUUMO 中古戸建 田方郡（函南）,函南町,更地,土地カテゴリ（建物表記なし）,静岡県田方郡函南町柏谷,750,194.0,12.8,1500,田,—,,不明,接道・区分情報なし、詳細/役場で要確認,,2026-06-17,,https://suumo.jp/chukoikkodate/shizuoka/sc_tagatagun/nc_20783172/,不適合
SUUMO 中古戸建 田方郡（函南）,函南町,更地,土地カテゴリ（建物表記なし）,静岡県田方郡函南町平井,780,240.3,10.7,1500,田,—,,不明,接道・区分情報なし、詳細/役場で要確認,,2026-06-17,,https://suumo.jp/chukoikkodate/shizuoka/sc_tagatagun/nc_96627575/,不適合
SUUMO 中古戸建 田方郡（函南）,函南町,更地,土地カテゴリ（建物表記なし）,静岡県田方郡函南町上沢,848,193.2,14.5,1500,宅地,—,,不明,接道・区分情報なし、詳細/役場で要確認,,2026-06-17,,https://suumo.jp/chukoikkodate/shizuoka/sc_tagatagun/nc_78873752/,不適合
SUUMO 中古戸建 田方郡（函南）,函南町,更地,土地カテゴリ（建物表記なし）,静岡県田方郡函南町上沢,900,291.0,10.2,1500,田,—,,不明,接道・区分情報なし、詳細/役場で要確認,,2026-08-02,,https://suumo.jp/chukoikkodate/shizuoka/sc_tagatagun/nc_21416658/,不適合
SUUMO 中古戸建 田方郡（函南）,函南町,更地,土地カテゴリ（建物表記なし）,静岡県田方郡函南町畑,948,298.0,10.5,1500,畑,—,,不明,接道・区分情報なし、詳細/役場で要確認,,2026-08-01,,https://suumo.jp/chukoikkodate/shizuoka/sc_tagatagun/nc_20367305/,不適合
SUUMO 中古戸建 田方郡（函南）,函南町,更地,土地カテゴリ（建物表記なし）,静岡県田方郡函南町上沢,954,258.0,12.2,1500,田,—,,不明,接道・区分情報なし、詳細/役場で要確認,,2026-06-17,NG:パサディナタウン,https://suumo.jp/chukoikkodate/shizuoka/sc_tagatagun/nc_20698932/,不適合
SUUMO 中古戸建 田方郡（函南）,函南町,更地,土地カテゴリ（建物表記なし）,静岡県田方郡函南町畑毛,970,647.4,5.0,1500,畑,—,,不明,接道・区分情報なし、詳細/役場で要確認,,2026-06-17,,https://suumo.jp/chukoikkodate/shizuoka/sc_tagatagun/nc_97678859/,適合
SUUMO 中古戸建 田方郡（函南）,函南町,更地,土地カテゴリ（建物表記なし）,静岡県田方郡函南町平井南箱根ダイヤランド,980,363.0,8.9,1500,田,—,,不明,接道・区分情報なし、詳細/役場で要確認,,2026-07-04,NG:南箱根ダイヤランド,https://suumo.jp/chukoikkodate/shizuoka/sc_tagatagun/nc_96943289/,適合
SUUMO 中古戸建 田方郡（函南）,函南町,更地,土地カテゴリ（建物表記なし）,静岡県田方郡函南町丹那,980,342.0,9.5,1500,田,—,,不明,接道・区分情報なし、詳細/役場で要確認,,2026-07-24,,https://suumo.jp/chukoikkodate/shizuoka/sc_tagatagun/nc_21001729/,適合
SUUMO 中古戸建 田方郡（函南）,函南町,更地,土地カテゴリ（建物表記なし）,静岡県田方郡函南町平井,990,199.9,16.4,1500,田,—,,不明,接道・区分情報なし、詳細/役場で要確認,,2026-06-17,,https://suumo.jp/chukoikkodate/shizuoka/sc_tagatagun/nc_74221259/,不適合
SUUMO 中古戸建 田方郡（函南）,函南町,更地,土地カテゴリ（建物表記なし）,静岡県田方郡函南町畑毛,1000,354.0,9.3,1500,畑,—,,不明,接道・区分情報なし、詳細/役場で要確認,,2026-06-17,,https://suumo.jp/chukoikkodate/shizuoka/sc_tagatagun/nc_72843751/,適合
SUUMO 中古戸建 田方郡（函南）,函南町,更地,土地カテゴリ（建物表記なし）,静岡県田方郡函南町丹那,1180,231.5,16.9,1500,田,—,,不明,接道・区分情報なし、詳細/役場で要確認,,2026-06-17,,https://suumo.jp/chukoikkodate/shizuoka/sc_tagatagun/nc_20858324/,不適合
SUUMO 中古戸建 田方郡（函南）,函南町,更地,土地カテゴリ（建物表記なし）,静岡県田方郡函南町柏谷,1280,164.6,25.7,1500,田,—,,不明,接道・区分情報なし、詳細/役場で要確認,,2026-06-17,,https://suumo.jp/chukoikkodate/shizuoka/sc_tagatagun/nc_20831938/,不適合
SUUMO 中古戸建 田方郡（函南）,函南町,更地,土地カテゴリ（建物表記なし）,静岡県田方郡函南町平井,1480,495.9,9.9,1500,田,—,,不明,接道・区分情報なし、詳細/役場で要確認,,2026-06-17,,https://suumo.jp/chukoikkodate/shizuoka/sc_tagatagun/nc_20096019/,適合
SUUMO 中古戸建 田方郡（函南）,函南町,中古戸建,中古戸建/住宅カテゴリ,静岡県田方郡函南町畑529-135,1480,301.7,16.2,3000,畑,—,,不明,接道・区分情報なし。建物ありだが現行法での再建築可否は役場で要確認,,2026-08-02,注意:温泉,https://suumo.jp/chukoikkodate/shizuoka/sc_tagatagun/nc_21419512/,不適合
SUUMO 中古戸建 田方郡（函南）,函南町,更地,土地カテゴリ（建物表記なし）,静岡県田方郡函南町桑原,1560,216.5,23.8,1500,田,—,,不明,接道・区分情報なし、詳細/役場で要確認,,2026-06-17,,https://suumo.jp/chukoikkodate/shizuoka/sc_tagatagun/nc_74973577/,不適合
SUUMO 中古戸建 田方郡（函南）,函南町,更地,土地カテゴリ（建物表記なし）,静岡県田方郡函南町桑原,1560,219.5,23.5,1500,田,—,,不明,接道・区分情報なし、詳細/役場で要確認,,2026-07-27,,https://suumo.jp/chukoikkodate/shizuoka/sc_tagatagun/nc_73856522/,不適合
SUUMO 中古戸建 田方郡（函南）,函南町,更地,土地カテゴリ（建物表記なし）,静岡県田方郡函南町平井,1580,183.3,28.5,1500,田,—,,不明,接道・区分情報なし、詳細/役場で要確認,,2026-06-17,,https://suumo.jp/chukoikkodate/shizuoka/sc_tagatagun/nc_20121296/,不適合
SUUMO 中古戸建 田方郡（函南）,函南町,更地,土地カテゴリ（建物表記なし）,静岡県田方郡函南町上沢,1700,428.0,13.1,1500,田,—,,不明,接道・区分情報なし、詳細/役場で要確認,,2026-06-17,,https://suumo.jp/chukoikkodate/shizuoka/sc_tagatagun/nc_20069750/,不適合
SUUMO 中古戸建 田方郡（函南）,函南町,更地,土地カテゴリ（建物表記なし）,静岡県田方郡函南町平井1740-699,1780,429.5,13.7,1500,田,—,,不明,接道・区分情報なし、詳細/役場で要確認,,2026-06-17,,https://suumo.jp/chukoikkodate/shizuoka/sc_tagatagun/nc_76134646/,不適合
SUUMO 中古戸建 田方郡（函南）,函南町,更地,土地カテゴリ（建物表記なし）,静岡県田方郡函南町平井,1780,397.0,14.8,1500,田,—,,不明,接道・区分情報なし、詳細/役場で要確認,,2026-06-17,,https://suumo.jp/chukoikkodate/shizuoka/sc_tagatagun/nc_20929341/,不適合
SUUMO 中古戸建 田方郡（函南）,函南町,更地,土地カテゴリ（建物表記なし）,静岡県田方郡函南町桑原,1780,276.0,21.3,1500,田,—,,不明,接道・区分情報なし、詳細/役場で要確認,,2026-06-17,,https://suumo.jp/chukoikkodate/shizuoka/sc_tagatagun/nc_20523898/,不適合
SUUMO 中古戸建 田方郡（函南）,函南町,更地,土地カテゴリ（建物表記なし）,静岡県田方郡函南町丹那,1800,322.0,18.5,1500,田,—,,不明,接道・区分情報なし、詳細/役場で要確認,,2026-06-17,,https://suumo.jp/chukoikkodate/shizuoka/sc_tagatagun/nc_21058662/,不適合
SUUMO 中古戸建 田方郡（函南）,函南町,更地,土地カテゴリ（建物表記なし）,静岡県田方郡函南町丹那南箱根ダイヤランド,1880,320.0,19.4,1500,田,—,,不明,接道・区分情報なし、詳細/役場で要確認,,2026-07-16,注意:温泉 NG:南箱根ダイヤランド,https://suumo.jp/chukoikkodate/shizuoka/sc_tagatagun/nc_20755151/,不適合
SUUMO 中古戸建 田方郡（函南）,函南町,更地,土地カテゴリ（建物表記なし）,静岡県田方郡函南町桑原,1970,307.7,21.2,1500,田,—,,不明,接道・区分情報なし、詳細/役場で要確認,,2026-06-17,,https://suumo.jp/chukoikkodate/shizuoka/sc_tagatagun/nc_21074468/,不適合
SUUMO 中古戸建 田方郡（函南）,函南町,更地,土地カテゴリ（建物表記なし）,静岡県田方郡函南町平井,1980,295.8,22.1,1500,田,—,,不明,接道・区分情報なし、詳細/役場で要確認,,2026-07-04,,https://suumo.jp/chukoikkodate/shizuoka/sc_tagatagun/nc_77685052/,不適合
SUUMO 中古戸建 田方郡（函南）,函南町,更地,土地カテゴリ（建物表記なし）,静岡県田方郡函南町平井,1980,264.6,24.7,1500,田,—,,不明,接道・区分情報なし、詳細/役場で要確認,,2026-06-17,,https://suumo.jp/chukoikkodate/shizuoka/sc_tagatagun/nc_78534508/,不適合
SUUMO 中古戸建 田方郡（函南）,函南町,更地,土地カテゴリ（建物表記なし）,静岡県田方郡函南町平井,1980,295.8,22.1,1500,田,—,,不明,接道・区分情報なし、詳細/役場で要確認,,2026-06-17,,https://suumo.jp/chukoikkodate/shizuoka/sc_tagatagun/nc_20288594/,不適合
SUUMO 中古戸建 田方郡（函南）,函南町,更地,土地カテゴリ（建物表記なし）,静岡県田方郡函南町畑,1980,374.0,17.5,1500,畑,—,,不明,接道・区分情報なし、詳細/役場で要確認,,2026-06-21,,https://suumo.jp/chukoikkodate/shizuoka/sc_tagatagun/nc_75984601/,不適合
SUUMO 中古戸建 田方郡（函南）,函南町,更地,土地カテゴリ（建物表記なし）,静岡県田方郡函南町仁田,2100,114.1,60.8,1500,田,—,,不明,接道・区分情報なし、詳細/役場で要確認,,2026-06-17,,https://suumo.jp/chukoikkodate/shizuoka/sc_tagatagun/nc_78608943/,不適合
SUUMO 中古戸建 田方郡（函南）,函南町,更地,土地カテゴリ（建物表記なし）,静岡県田方郡函南町平井,2149,207.7,34.2,1500,田,—,,不明,接道・区分情報なし、詳細/役場で要確認,,2026-08-07,,https://suumo.jp/chukoikkodate/shizuoka/sc_tagatagun/nc_21443542/,不適合
SUUMO 中古戸建 田方郡（函南）,函南町,更地,土地カテゴリ（建物表記なし）,静岡県田方郡函南町平井35,2149,207.7,34.2,1500,田,—,,不明,接道・区分情報なし、詳細/役場で要確認,,2026-07-15,,https://suumo.jp/chukoikkodate/shizuoka/sc_tagatagun/nc_21291529/,不適合
SUUMO 中古戸建 田方郡（函南）,函南町,更地,土地カテゴリ（建物表記なし）,静岡県田方郡函南町畑,2160,415.7,17.2,1500,畑,—,,不明,接道・区分情報なし、詳細/役場で要確認,,2026-08-09,,https://suumo.jp/chukoikkodate/shizuoka/sc_tagatagun/nc_21466880/,不適合
SUUMO 中古戸建 田方郡（函南）,函南町,更地,土地カテゴリ（建物表記なし）,静岡県田方郡函南町塚本,2200,173.7,41.9,1500,田,—,,不明,接道・区分情報なし、詳細/役場で要確認,,2026-06-17,,https://suumo.jp/chukoikkodate/shizuoka/sc_tagatagun/nc_74448743/,不適合
SUUMO 中古戸建 田方郡（函南）,函南町,更地,土地カテゴリ（建物表記なし）,静岡県田方郡函南町平井,2250,448.0,16.6,1500,田,—,,不明,接道・区分情報なし、詳細/役場で要確認,,2026-06-17,,https://suumo.jp/chukoikkodate/shizuoka/sc_tagatagun/nc_78449942/,不適合
SUUMO 中古戸建 田方郡（函南）,函南町,更地,土地カテゴリ（建物表記なし）,静岡県田方郡函南町間宮,2480,200.4,40.9,1500,田,—,,不明,接道・区分情報なし、詳細/役場で要確認,,2026-06-17,,https://suumo.jp/chukoikkodate/shizuoka/sc_tagatagun/nc_79023661/,不適合
SUUMO 中古戸建 田方郡（函南）,函南町,更地,土地カテゴリ（建物表記なし）,静岡県田方郡函南町柏谷,2500,317.1,26.1,1500,田,—,,不明,接道・区分情報なし、詳細/役場で要確認,,2026-06-17,,https://suumo.jp/chukoikkodate/shizuoka/sc_tagatagun/nc_20232638/,不適合
SUUMO 中古戸建 田方郡（函南）,函南町,更地,土地カテゴリ（建物表記なし）,静岡県田方郡函南町平井南箱根ダイヤランド,2580,356.2,23.9,1500,田,—,,不明,接道・区分情報なし、詳細/役場で要確認,,2026-07-04,NG:南箱根ダイヤランド,https://suumo.jp/chukoikkodate/shizuoka/sc_tagatagun/nc_20820491/,不適合
SUUMO 中古戸建 田方郡（函南）,函南町,更地,土地カテゴリ（建物表記なし）,静岡県田方郡函南町丹那,2650,370.5,23.6,1500,田,—,,不明,接道・区分情報なし、詳細/役場で要確認,,2026-07-04,,https://suumo.jp/chukoikkodate/shizuoka/sc_tagatagun/nc_77331650/,不適合
SUUMO 中古戸建 田方郡（函南）,函南町,中古戸建,中古戸建/住宅カテゴリ,静岡県田方郡函南町丹那,2650,370.5,23.6,3000,田,—,,不明,接道・区分情報なし。建物ありだが現行法での再建築可否は役場で要確認,,2026-06-17,,https://suumo.jp/chukoikkodate/shizuoka/sc_tagatagun/nc_77497223/,適合
SUUMO 中古戸建 田方郡（函南）,函南町,更地,土地カテゴリ（建物表記なし）,静岡県田方郡函南町平井,2980,1314.0,7.5,1500,田,—,,不明,接道・区分情報なし、詳細/役場で要確認,,2026-08-07,,https://suumo.jp/chukoikkodate/shizuoka/sc_tagatagun/nc_21445947/,不適合
SUUMO 中古戸建 田方郡（函南）,函南町,更地,土地カテゴリ（建物表記なし）,静岡県田方郡函南町平井,2980,336.6,29.3,1500,田,—,,不明,接道・区分情報なし、詳細/役場で要確認,,2026-06-17,,https://suumo.jp/chukoikkodate/shizuoka/sc_tagatagun/nc_20560462/,不適合
SUUMO 中古戸建 田方郡（函南）,函南町,更地,土地カテゴリ（建物表記なし）,静岡県田方郡函南町平井,3280,1715.8,6.3,1500,田,—,,不明,接道・区分情報なし、詳細/役場で要確認,,2026-06-17,,https://suumo.jp/chukoikkodate/shizuoka/sc_tagatagun/nc_78444298/,不適合
SUUMO 中古戸建 田方郡（函南）,函南町,更地,土地カテゴリ（建物表記なし）,静岡県田方郡函南町平井,3500,319.6,36.2,1500,田,—,,不明,接道・区分情報なし、詳細/役場で要確認,,2026-06-17,,https://suumo.jp/chukoikkodate/shizuoka/sc_tagatagun/nc_78444299/,不適合
SUUMO 中古戸建 田方郡（函南）,函南町,更地,土地カテゴリ（建物表記なし）,静岡県田方郡函南町平井南箱根ダイヤランド,3500,355.4,32.6,1500,田,—,,不明,接道・区分情報なし、詳細/役場で要確認,,2026-07-13,NG:南箱根ダイヤランド,https://suumo.jp/chukoikkodate/shizuoka/sc_tagatagun/nc_21275560/,不適合
SUUMO 中古戸建 田方郡（函南）,函南町,更地,土地カテゴリ（建物表記なし）,静岡県田方郡函南町平井南箱根ダイヤランド1753-2116(55-361）,3748,341.0,36.3,1500,田,—,,不明,接道・区分情報なし、詳細/役場で要確認,,2026-06-17,NG:南箱根ダイヤランド,https://suumo.jp/chukoikkodate/shizuoka/sc_tagatagun/nc_73703252/,不適合
SUUMO 中古戸建 田方郡（函南）,函南町,更地,土地カテゴリ（建物表記なし）,静岡県田方郡函南町丹那,4600,393.0,38.7,1500,田,—,,不明,接道・区分情報なし、詳細/役場で要確認,,2026-07-27,,https://suumo.jp/chukoikkodate/shizuoka/sc_tagatagun/nc_21190868/,不適合
SUUMO 中古戸建 田方郡（函南）,函南町,更地,土地カテゴリ（建物表記なし）,静岡県田方郡函南町丹那,4600,393.0,38.7,1500,田,—,,不明,接道・区分情報なし、詳細/役場で要確認,,2026-07-23,,https://suumo.jp/chukoikkodate/shizuoka/sc_tagatagun/nc_21347290/,不適合
SUUMO 中古戸建 田方郡（函南）,函南町,更地,土地カテゴリ（建物表記なし）,静岡県田方郡函南町丹那南箱根ダイヤランド,4600,393.9,38.6,1500,田,—,,不明,接道・区分情報なし、詳細/役場で要確認,,2026-06-17,NG:南箱根ダイヤランド,https://suumo.jp/chukoikkodate/shizuoka/sc_tagatagun/nc_20732770/,不適合
スマイミー静岡 賃貸 駿東郡長泉町,長泉町,賃貸アパート,賃貸カテゴリ（掲載種別）,駿東郡長泉町下土狩323-18,4.8,39.5,,5,—,—,,—,賃貸のため対象外,,2026-08-10,関心:礼金無,https://www.shizuoka.fudohsan.jp/%E7%89%A9%E4%BB%B6/140278,適合
スマイミー静岡 賃貸 駿東郡長泉町,長泉町,賃貸アパート,賃貸カテゴリ（掲載種別）,駿東郡長泉町上土狩471-1,5.5,46.4,,5,—,—,,—,賃貸のため対象外,,2026-08-10,関心:敷金無/礼金無,https://www.shizuoka.fudohsan.jp/%E7%89%A9%E4%BB%B6/167169,不適合
スマイミー静岡 賃貸 駿東郡長泉町,長泉町,賃貸マンション,賃貸カテゴリ（掲載種別）,駿東郡長泉町下土狩209-2,15.3,55.5,,5,—,—,,—,賃貸のため対象外,,2026-08-10,,https://www.shizuoka.fudohsan.jp/%E7%89%A9%E4%BB%B6/172009,不適合
スマイミー静岡 賃貸 駿東郡長泉町,長泉町,賃貸戸建,賃貸カテゴリ（掲載種別）,駿東郡長泉町下土狩105-28,10.0,94.2,,5,—,—,,—,賃貸のため対象外,,2026-08-07,関心:戸建,https://www.shizuoka.fudohsan.jp/%E7%89%A9%E4%BB%B6/171978,不適合
スマイミー静岡 賃貸 駿東郡長泉町,長泉町,賃貸マンション,賃貸カテゴリ（掲載種別）,駿東郡長泉町下土狩175-7,6.5,58.4,,5,—,—,,—,賃貸のため対象外,,2026-08-07,関心:礼金無,https://www.shizuoka.fudohsan.jp/%E7%89%A9%E4%BB%B6/154291,不適合
スマイミー静岡 賃貸 駿東郡長泉町,長泉町,賃貸アパート,賃貸カテゴリ（掲載種別）,駿東郡長泉町下土狩598-12,4.0,26.4,,5,—,—,,—,賃貸のため対象外,,2026-08-01,関心:敷金無/礼金無,https://www.shizuoka.fudohsan.jp/%E7%89%A9%E4%BB%B6/170522,適合
スマイミー静岡 賃貸 駿東郡長泉町,長泉町,賃貸その他,賃貸カテゴリ（掲載種別）,駿東郡長泉町竹原390-6,5.0,39.7,,5,—,—,,—,賃貸のため対象外,,2026-07-31,関心:礼金無,https://www.shizuoka.fudohsan.jp/%E7%89%A9%E4%BB%B6/31503,適合
スマイミー静岡 賃貸 駿東郡長泉町,長泉町,賃貸その他,賃貸カテゴリ（掲載種別）,駿東郡長泉町竹原344‐7,45.0,965.7,,5,—,—,,—,賃貸のため対象外,,2026-07-25,関心:礼金無 注意:事業用,https://www.shizuoka.fudohsan.jp/%E7%89%A9%E4%BB%B6/157929,不適合
スマイミー静岡 賃貸 駿東郡長泉町,長泉町,賃貸マンション,賃貸カテゴリ（掲載種別）,駿東郡長泉町竹原,7.5,60.5,,5,—,—,,—,賃貸のため対象外,,2026-07-31,関心:礼金無,https://www.shizuoka.fudohsan.jp/%E7%89%A9%E4%BB%B6/145459,不適合
スマイミー静岡 賃貸 駿東郡長泉町,長泉町,賃貸マンション,賃貸カテゴリ（掲載種別）,駿東郡長泉町竹原,7.3,60.5,,5,—,—,,—,賃貸のため対象外,,2026-07-31,関心:礼金無,https://www.shizuoka.fudohsan.jp/%E7%89%A9%E4%BB%B6/165946,不適合
スマイミー静岡 賃貸 駿東郡長泉町,長泉町,賃貸マンション,賃貸カテゴリ（掲載種別）,駿東郡長泉町下土狩,5.0,35.7,,5,—,—,,—,賃貸のため対象外,,2026-07-25,関心:敷金無/礼金無,https://www.shizuoka.fudohsan.jp/%E7%89%A9%E4%BB%B6/157440,適合
スマイミー静岡 賃貸 駿東郡長泉町,長泉町,賃貸マンション,賃貸カテゴリ（掲載種別）,駿東郡長泉町竹原,3.5,22.1,,5,—,—,,—,賃貸のため対象外,,2026-07-25,関心:敷金無/礼金無,https://www.shizuoka.fudohsan.jp/%E7%89%A9%E4%BB%B6/83280,適合
スマイミー静岡 賃貸 駿東郡長泉町,長泉町,賃貸マンション,賃貸カテゴリ（掲載種別）,駿東郡長泉町竹原,3.5,22.1,,5,—,—,,—,賃貸のため対象外,,2026-07-25,関心:敷金無/礼金無,https://www.shizuoka.fudohsan.jp/%E7%89%A9%E4%BB%B6/85470,適合
スマイミー静岡 賃貸 駿東郡長泉町,長泉町,賃貸マンション,賃貸カテゴリ（掲載種別）,駿東郡長泉町竹原,3.5,22.1,,5,—,—,,—,賃貸のため対象外,,2026-07-25,関心:敷金無/礼金無,https://www.shizuoka.fudohsan.jp/%E7%89%A9%E4%BB%B6/86351,適合
スマイミー静岡 賃貸 駿東郡長泉町,長泉町,賃貸マンション,賃貸カテゴリ（掲載種別）,駿東郡長泉町竹原,3.5,22.1,,5,—,—,,—,賃貸のため対象外,,2026-07-25,関心:敷金無/礼金無,https://www.shizuoka.fudohsan.jp/%E7%89%A9%E4%BB%B6/85472,適合
スマイミー静岡 賃貸 駿東郡長泉町,長泉町,賃貸マンション,賃貸カテゴリ（掲載種別）,駿東郡長泉町下土狩,5.0,35.7,,5,—,—,,—,賃貸のため対象外,,2026-07-25,関心:敷金無/礼金無,https://www.shizuoka.fudohsan.jp/%E7%89%A9%E4%BB%B6/150109,適合
スマイミー静岡 賃貸 駿東郡長泉町,長泉町,賃貸マンション,賃貸カテゴリ（掲載種別）,駿東郡長泉町竹原,7.0,55.0,,5,—,—,,—,賃貸のため対象外,,2026-07-25,関心:礼金無,https://www.shizuoka.fudohsan.jp/%E7%89%A9%E4%BB%B6/145367,不適合
スマイミー静岡 賃貸 駿東郡長泉町,長泉町,賃貸マンション,賃貸カテゴリ（掲載種別）,駿東郡長泉町竹原,6.4,55.0,,5,—,—,,—,賃貸のため対象外,,2026-07-25,関心:礼金無,https://www.shizuoka.fudohsan.jp/%E7%89%A9%E4%BB%B6/165939,不適合
スマイミー静岡 賃貸 駿東郡長泉町,長泉町,賃貸マンション,賃貸カテゴリ（掲載種別）,駿東郡長泉町納米里80-6,6.7,42.8,,5,—,—,,—,賃貸のため対象外,,2026-07-30,関心:礼金無,https://www.shizuoka.fudohsan.jp/%E7%89%A9%E4%BB%B6/68591,不適合
スマイミー静岡 賃貸 駿東郡長泉町,長泉町,賃貸アパート,賃貸カテゴリ（掲載種別）,駿東郡長泉町上長窪214-20,6.4,62.0,,5,—,—,,—,賃貸のため対象外,,2026-07-25,関心:敷金無/礼金無,https://www.shizuoka.fudohsan.jp/%E7%89%A9%E4%BB%B6/175623,不適合
スマイミー静岡 賃貸 駿東郡長泉町,長泉町,賃貸アパート,賃貸カテゴリ（掲載種別）,駿東郡長泉町上長窪214-20,6.3,63.9,,5,—,—,,—,賃貸のため対象外,,2026-07-25,関心:敷金無/礼金無,https://www.shizuoka.fudohsan.jp/%E7%89%A9%E4%BB%B6/172123,不適合
スマイミー静岡 賃貸 駿東郡長泉町,長泉町,賃貸その他,賃貸カテゴリ（掲載種別）,駿東郡長泉町下長窪719-1,7.5,65.8,,5,—,—,,—,賃貸のため対象外,,2026-07-25,関心:敷金無,https://www.shizuoka.fudohsan.jp/%E7%89%A9%E4%BB%B6/147780,不適合
スマイミー静岡 賃貸 駿東郡長泉町,長泉町,賃貸戸建,賃貸カテゴリ（掲載種別）,駿東郡長泉町下土狩391-1,5.5,39.7,,5,—,—,,—,賃貸のため対象外,,2026-07-25,関心:敷金無/礼金無/戸建,https://www.shizuoka.fudohsan.jp/%E7%89%A9%E4%BB%B6/167199,不適合
スマイミー静岡 賃貸 駿東郡長泉町,長泉町,賃貸アパート,賃貸カテゴリ（掲載種別）,駿東郡長泉町中土狩483-6,6.5,49.6,,5,—,—,,—,賃貸のため対象外,,2026-07-25,関心:礼金無,https://www.shizuoka.fudohsan.jp/%E7%89%A9%E4%BB%B6/152792,不適合
スマイミー静岡 賃貸 駿東郡長泉町,長泉町,賃貸マンション,賃貸カテゴリ（掲載種別）,駿東郡長泉町納米里419-3,6.1,58.7,,5,—,—,,—,賃貸のため対象外,,2026-07-25,関心:敷金無,https://www.shizuoka.fudohsan.jp/%E7%89%A9%E4%BB%B6/175211,不適合
スマイミー静岡 賃貸 駿東郡長泉町,長泉町,賃貸マンション,賃貸カテゴリ（掲載種別）,駿東郡長泉町納米里300-3,6.0,55.4,,5,—,—,,—,賃貸のため対象外,,2026-07-25,関心:礼金無,https://www.shizuoka.fudohsan.jp/%E7%89%A9%E4%BB%B6/165119,不適合
スマイミー静岡 賃貸 駿東郡長泉町,長泉町,賃貸マンション,賃貸カテゴリ（掲載種別）,駿東郡長泉町中土狩904-15,6.5,54.9,,5,—,—,,—,賃貸のため対象外,,2026-07-25,関心:敷金無,https://www.shizuoka.fudohsan.jp/%E7%89%A9%E4%BB%B6/167530,不適合
スマイミー静岡 賃貸 駿東郡長泉町,長泉町,賃貸マンション,賃貸カテゴリ（掲載種別）,駿東郡長泉町下土狩264-6,5.0,54.1,,5,—,—,,—,賃貸のため対象外,,2026-07-25,関心:敷金無/礼金無,https://www.shizuoka.fudohsan.jp/%E7%89%A9%E4%BB%B6/173372,適合
スマイミー静岡 賃貸 駿東郡長泉町,長泉町,賃貸マンション,賃貸カテゴリ（掲載種別）,駿東郡長泉町下土狩264-6,5.0,54.1,,5,—,—,,—,賃貸のため対象外,,2026-07-25,関心:敷金無/礼金無,https://www.shizuoka.fudohsan.jp/%E7%89%A9%E4%BB%B6/173373,適合
スマイミー静岡 賃貸 駿東郡長泉町,長泉町,賃貸マンション,賃貸カテゴリ（掲載種別）,駿東郡長泉町南一色179-1,6.5,54.0,,5,—,—,,—,賃貸のため対象外,,2026-07-25,関心:敷金無/礼金無,https://www.shizuoka.fudohsan.jp/%E7%89%A9%E4%BB%B6/175033,不適合
SUUMO 賃貸 裾野市,裾野市,賃貸マンション,賃貸カテゴリ（掲載種別）,静岡県裾野市富沢,6.9,60.0,,5,—,—,,—,賃貸のため対象外,,2026-08-11,,https://suumo.jp/chintai/jnc_000019829643/,不適合
SUUMO 賃貸 裾野市,裾野市,賃貸マンション,賃貸カテゴリ（掲載種別）,静岡県裾野市茶畑,6.0,58.8,,5,畑,—,,—,賃貸のため対象外,,2026-08-08,,https://suumo.jp/chintai/jnc_000109096989/,不適合
SUUMO 賃貸 裾野市,裾野市,賃貸アパート,賃貸カテゴリ（掲載種別）,静岡県裾野市佐野,5.6,44.5,,5,—,—,,—,賃貸のため対象外,,2026-08-11,,https://suumo.jp/chintai/jnc_000093078465/,不適合
SUUMO 賃貸 裾野市,裾野市,賃貸マンション,賃貸カテゴリ（掲載種別）,静岡県裾野市伊豆島田,6.1,43.2,,5,田,—,,—,賃貸のため対象外,,2026-08-10,,https://suumo.jp/chintai/jnc_000109127039/,不適合
SUUMO 賃貸 裾野市,裾野市,賃貸マンション,賃貸カテゴリ（掲載種別）,静岡県裾野市伊豆島田,6.1,41.0,,5,田,—,,—,賃貸のため対象外,,2026-08-09,,https://suumo.jp/chintai/jnc_000108819200/,不適合
SUUMO 賃貸 裾野市,裾野市,賃貸マンション,賃貸カテゴリ（掲載種別）,静岡県裾野市伊豆島田,6.1,41.0,,5,田,—,,—,賃貸のため対象外,,2026-08-09,,https://suumo.jp/chintai/jnc_000103893075/,不適合
SUUMO 賃貸 裾野市,裾野市,賃貸マンション,賃貸カテゴリ（掲載種別）,静岡県裾野市伊豆島田,6.1,41.0,,5,田,—,,—,賃貸のため対象外,,2026-08-10,,https://suumo.jp/chintai/jnc_000109127038/,不適合
SUUMO 賃貸 裾野市,裾野市,賃貸マンション,賃貸カテゴリ（掲載種別）,静岡県裾野市伊豆島田,6.1,41.0,,5,田,—,,—,賃貸のため対象外,,2026-08-10,,https://suumo.jp/chintai/jnc_000104198056/,不適合
SUUMO 賃貸 裾野市,裾野市,賃貸マンション,賃貸カテゴリ（掲載種別）,静岡県裾野市伊豆島田,6.3,43.2,,5,田,—,,—,賃貸のため対象外,,2026-08-09,,https://suumo.jp/chintai/jnc_000099203318/,不適合
SUUMO 賃貸 裾野市,裾野市,賃貸アパート,賃貸カテゴリ（掲載種別）,静岡県裾野市佐野,7.0,67.9,,5,—,—,,—,賃貸のため対象外,,2026-08-11,,https://suumo.jp/chintai/jnc_000108847941/,不適合
SUUMO 賃貸 裾野市,裾野市,賃貸マンション,賃貸カテゴリ（掲載種別）,静岡県裾野市御宿,7.0,54.5,,5,—,—,,—,賃貸のため対象外,,2026-08-04,,https://suumo.jp/chintai/jnc_000083214681/,不適合
SUUMO 賃貸 裾野市,裾野市,賃貸マンション,賃貸カテゴリ（掲載種別）,静岡県裾野市御宿,7.0,54.5,,5,—,—,,—,賃貸のため対象外,,2026-08-04,,https://suumo.jp/chintai/jnc_000078989701/,不適合
SUUMO 賃貸 裾野市,裾野市,賃貸マンション,賃貸カテゴリ（掲載種別）,静岡県裾野市御宿,7.1,54.5,,5,—,—,,—,賃貸のため対象外,,2026-08-04,,https://suumo.jp/chintai/jnc_000067156317/,不適合
SUUMO 賃貸 裾野市,裾野市,賃貸アパート,賃貸カテゴリ（掲載種別）,静岡県裾野市佐野,6.9,55.1,,5,—,—,,—,賃貸のため対象外,,2026-08-11,,https://suumo.jp/chintai/jnc_000108711608/,不適合
SUUMO 賃貸 裾野市,裾野市,賃貸マンション,賃貸カテゴリ（掲載種別）,静岡県裾野市富沢,6.5,43.3,,5,—,—,,—,賃貸のため対象外,,2026-08-09,,https://suumo.jp/chintai/jnc_000109076515/,不適合
SUUMO 賃貸 裾野市,裾野市,賃貸マンション,賃貸カテゴリ（掲載種別）,静岡県裾野市富沢,7.3,63.0,,5,—,—,,—,賃貸のため対象外,,2026-08-09,,https://suumo.jp/chintai/jnc_000109061463/,不適合
SUUMO 賃貸 裾野市,裾野市,賃貸マンション,賃貸カテゴリ（掲載種別）,静岡県裾野市富沢,7.7,70.1,,5,—,—,,—,賃貸のため対象外,,2026-08-09,,https://suumo.jp/chintai/jnc_000106235408/,不適合
SUUMO 賃貸 裾野市,裾野市,賃貸マンション,賃貸カテゴリ（掲載種別）,静岡県裾野市佐野,5.6,45.7,,5,—,—,,—,賃貸のため対象外,,2026-08-11,,https://suumo.jp/chintai/jnc_000061390095/,不適合
SUUMO 賃貸 裾野市,裾野市,賃貸マンション,賃貸カテゴリ（掲載種別）,静岡県裾野市佐野,5.7,45.7,,5,—,—,,—,賃貸のため対象外,,2026-08-11,,https://suumo.jp/chintai/jnc_000061390096/,不適合
SUUMO 賃貸 裾野市,裾野市,賃貸マンション,賃貸カテゴリ（掲載種別）,静岡県裾野市伊豆島田,6.8,49.2,,5,田,—,,—,賃貸のため対象外,,2026-08-10,,https://suumo.jp/chintai/jnc_000103737249/,不適合
SUUMO 賃貸 裾野市,裾野市,賃貸マンション,賃貸カテゴリ（掲載種別）,静岡県裾野市伊豆島田,8.4,58.2,,5,田,—,,—,賃貸のため対象外,,2026-08-10,,https://suumo.jp/chintai/jnc_000109127037/,不適合
SUUMO 賃貸 裾野市,裾野市,賃貸マンション,賃貸カテゴリ（掲載種別）,静岡県裾野市桃園,4.7,30.3,,5,—,—,,—,賃貸のため対象外,,2026-08-04,,https://suumo.jp/chintai/jnc_000065872230/,適合
SUUMO 賃貸 裾野市,裾野市,賃貸マンション,賃貸カテゴリ（掲載種別）,静岡県裾野市桃園,4.9,34.4,,5,—,—,,—,賃貸のため対象外,,2026-08-04,,https://suumo.jp/chintai/jnc_000104434650/,適合
SUUMO 賃貸 裾野市,裾野市,賃貸マンション,賃貸カテゴリ（掲載種別）,静岡県裾野市桃園,5.1,30.3,,5,—,—,,—,賃貸のため対象外,,2026-08-04,,https://suumo.jp/chintai/jnc_000013973536/,不適合
SUUMO 賃貸 裾野市,裾野市,賃貸マンション,賃貸カテゴリ（掲載種別）,静岡県裾野市茶畑,4.5,28.0,,5,畑,—,,—,賃貸のため対象外,,2026-08-09,,https://suumo.jp/chintai/jnc_000109115655/,適合
SUUMO 賃貸 裾野市,裾野市,賃貸マンション,賃貸カテゴリ（掲載種別）,静岡県裾野市茶畑,6.0,39.6,,5,畑,—,,—,賃貸のため対象外,,2026-08-10,,https://suumo.jp/chintai/jnc_000037131976/,不適合
SUUMO 賃貸 裾野市,裾野市,賃貸マンション,賃貸カテゴリ（掲載種別）,静岡県裾野市茶畑,5.0,56.1,,5,畑,—,,—,賃貸のため対象外,,2026-08-07,,https://suumo.jp/chintai/jnc_000097170700/,適合
SUUMO 賃貸 裾野市,裾野市,賃貸マンション,賃貸カテゴリ（掲載種別）,静岡県裾野市富沢,4.5,30.4,,5,—,—,,—,賃貸のため対象外,,2026-08-11,,https://suumo.jp/chintai/jnc_000042102846/,適合
SUUMO 賃貸 裾野市,裾野市,賃貸マンション,賃貸カテゴリ（掲載種別）,静岡県裾野市富沢,4.3,30.4,,5,—,—,,—,賃貸のため対象外,,2026-08-04,,https://suumo.jp/chintai/jnc_000086496643/,適合
SUUMO 賃貸 裾野市,裾野市,賃貸マンション,賃貸カテゴリ（掲載種別）,静岡県裾野市富沢,4.7,30.4,,5,—,—,,—,賃貸のため対象外,,2026-08-04,,https://suumo.jp/chintai/jnc_000039637365/,適合
SUUMO 賃貸 裾野市,裾野市,賃貸マンション,賃貸カテゴリ（掲載種別）,静岡県裾野市伊豆島田,4.2,30.3,,5,田,—,,—,賃貸のため対象外,,2026-08-09,,https://suumo.jp/chintai/jnc_000106362732/,適合
SUUMO 賃貸 裾野市,裾野市,賃貸マンション,賃貸カテゴリ（掲載種別）,静岡県裾野市伊豆島田,5.0,30.3,,5,田,—,,—,賃貸のため対象外,,2026-08-09,,https://suumo.jp/chintai/jnc_000074100097/,適合
SUUMO 賃貸 裾野市,裾野市,賃貸マンション,賃貸カテゴリ（掲載種別）,静岡県裾野市佐野,2.9,29.8,,5,—,—,,—,賃貸のため対象外,,2026-08-11,,https://suumo.jp/chintai/jnc_000109139865/,適合
SUUMO 賃貸 裾野市,裾野市,賃貸マンション,賃貸カテゴリ（掲載種別）,静岡県裾野市佐野,2.9,29.8,,5,—,—,,—,賃貸のため対象外,,2026-08-11,,https://suumo.jp/chintai/jnc_000109139864/,適合
SUUMO 賃貸 裾野市,裾野市,賃貸アパート,賃貸カテゴリ（掲載種別）,静岡県裾野市茶畑,5.4,55.4,,5,畑,—,,—,賃貸のため対象外,,2026-07-25,,https://suumo.jp/chintai/jnc_000104141910/,不適合
SUUMO 賃貸 裾野市,裾野市,賃貸アパート,賃貸カテゴリ（掲載種別）,静岡県裾野市茶畑,6.7,56.5,,5,畑,—,,—,賃貸のため対象外,,2026-08-11,,https://suumo.jp/chintai/jnc_000062830736/,不適合
SUUMO 賃貸 裾野市,裾野市,賃貸アパート,賃貸カテゴリ（掲載種別）,静岡県裾野市佐野,5.8,66.2,,5,—,—,,—,賃貸のため対象外,,2026-08-11,,https://suumo.jp/chintai/jnc_000085660213/?bc=100517760845,不適合
SUUMO 賃貸 裾野市,裾野市,賃貸マンション,賃貸カテゴリ（掲載種別）,静岡県裾野市二ツ屋,7.3,53.1,,5,—,—,,—,賃貸のため対象外,,2026-08-10,,https://suumo.jp/chintai/jnc_000108951083/?bc=100520579759,不適合
SUUMO 賃貸 裾野市,裾野市,賃貸マンション,賃貸カテゴリ（掲載種別）,静岡県裾野市二ツ屋,6.1,41.0,,5,—,—,,—,賃貸のため対象外,,2026-08-11,,https://suumo.jp/chintai/jnc_000108742938/?bc=100518602750,不適合
SUUMO 賃貸 裾野市,裾野市,賃貸マンション,賃貸カテゴリ（掲載種別）,静岡県裾野市二ツ屋,6.3,43.2,,5,—,—,,—,賃貸のため対象外,,2026-08-09,,https://suumo.jp/chintai/jnc_000103866826/?bc=100484954433,不適合
SUUMO 賃貸 裾野市,裾野市,賃貸マンション,賃貸カテゴリ（掲載種別）,静岡県裾野市岩波,5.5,31.4,,5,—,—,,—,賃貸のため対象外,,2026-08-11,,https://suumo.jp/chintai/jnc_000086993496/?bc=100486319782,不適合
SUUMO 賃貸 裾野市,裾野市,賃貸マンション,賃貸カテゴリ（掲載種別）,静岡県裾野市岩波,5.6,31.4,,5,—,—,,—,賃貸のため対象外,,2026-08-10,,https://suumo.jp/chintai/jnc_000063693154/?bc=100506068774,不適合
SUUMO 賃貸 裾野市,裾野市,賃貸マンション,賃貸カテゴリ（掲載種別）,静岡県裾野市岩波,5.7,35.5,,5,—,—,,—,賃貸のため対象外,,2026-08-08,,https://suumo.jp/chintai/jnc_000104098102/?bc=100497684935,不適合
SUUMO 賃貸 裾野市,裾野市,賃貸マンション,賃貸カテゴリ（掲載種別）,静岡県裾野市岩波,5.8,40.1,,5,—,—,,—,賃貸のため対象外,,2026-08-11,,https://suumo.jp/chintai/jnc_000043740374/?bc=100517264294,不適合
SUUMO 賃貸 裾野市,裾野市,賃貸マンション,賃貸カテゴリ（掲載種別）,静岡県裾野市岩波,5.8,40.1,,5,—,—,,—,賃貸のため対象外,,2026-08-08,,https://suumo.jp/chintai/jnc_000064816426/?bc=100517539966,不適合
SUUMO 賃貸 裾野市,裾野市,賃貸アパート,賃貸カテゴリ（掲載種別）,静岡県裾野市稲荷,6.7,54.6,,5,—,—,,—,賃貸のため対象外,,2026-08-11,,https://suumo.jp/chintai/jnc_000106310893/?bc=100502686171,不適合
SUUMO 賃貸 裾野市,裾野市,賃貸アパート,賃貸カテゴリ（掲載種別）,静岡県裾野市平松,7.9,59.9,,5,—,—,,—,賃貸のため対象外,,2026-08-09,,https://suumo.jp/chintai/jnc_000107014243/?bc=100505703612,不適合
SUUMO 賃貸 裾野市,裾野市,賃貸アパート,賃貸カテゴリ（掲載種別）,静岡県裾野市佐野,7.1,41.2,,5,—,—,,—,賃貸のため対象外,,2026-08-11,,https://suumo.jp/chintai/jnc_000108464369/?bc=100489648732,不適合
SUUMO 賃貸 裾野市,裾野市,賃貸アパート,賃貸カテゴリ（掲載種別）,静岡県裾野市佐野,7.38,46.8,,5,—,—,,—,賃貸のため対象外,,2026-08-11,,https://suumo.jp/chintai/jnc_000108464364/?bc=100489648746,不適合
SUUMO 賃貸 裾野市,裾野市,賃貸アパート,賃貸カテゴリ（掲載種別）,静岡県裾野市佐野,7.38,46.8,,5,—,—,,—,賃貸のため対象外,,2026-08-11,,https://suumo.jp/chintai/jnc_000108464367/?bc=100516774451,不適合
SUUMO 賃貸 裾野市,裾野市,賃貸マンション,賃貸カテゴリ（掲載種別）,静岡県裾野市佐野,7.3,69.4,,5,—,—,,—,賃貸のため対象外,,2026-08-11,,https://suumo.jp/chintai/jnc_000093996417/?bc=100512247184,不適合
SUUMO 賃貸 裾野市,裾野市,賃貸マンション,賃貸カテゴリ（掲載種別）,静岡県裾野市茶畑,5.5,41.6,,5,畑,—,,—,賃貸のため対象外,,2026-08-11,,https://suumo.jp/chintai/jnc_000105098041/?bc=100508813910,不適合
SUUMO 賃貸 裾野市,裾野市,賃貸マンション,賃貸カテゴリ（掲載種別）,静岡県裾野市茶畑,5.5,35.6,,5,畑,—,,—,賃貸のため対象外,,2026-08-07,,https://suumo.jp/chintai/jnc_000108500540/?bc=100516258099,不適合
SUUMO 賃貸 裾野市,裾野市,賃貸アパート,賃貸カテゴリ（掲載種別）,静岡県裾野市茶畑,4.9,53.5,,5,畑,—,,—,賃貸のため対象外,,2026-08-11,,https://suumo.jp/chintai/jnc_000108049246/?bc=100513809046,適合
SUUMO 賃貸 裾野市,裾野市,賃貸アパート,賃貸カテゴリ（掲載種別）,静岡県裾野市佐野,9.4,67.5,,5,—,—,,—,賃貸のため対象外,,2026-08-11,,https://suumo.jp/chintai/jnc_000107386051/?bc=100511775567,不適合
SUUMO 賃貸 裾野市,裾野市,賃貸アパート,賃貸カテゴリ（掲載種別）,静岡県裾野市深良,5.0,49.7,,5,—,—,,—,賃貸のため対象外,,2026-08-11,,https://suumo.jp/chintai/jnc_000082844604/?bc=100468291322,適合
SUUMO 賃貸 裾野市,裾野市,賃貸アパート,賃貸カテゴリ（掲載種別）,静岡県裾野市稲荷,6.3,70.8,,5,—,—,,—,賃貸のため対象外,,2026-08-11,,https://suumo.jp/chintai/jnc_000105117000/?bc=100520989973,不適合
SUUMO 賃貸 裾野市,裾野市,賃貸マンション,賃貸カテゴリ（掲載種別）,静岡県裾野市平松,8.3,62.7,,5,—,—,,—,賃貸のため対象外,,2026-08-11,,https://suumo.jp/chintai/jnc_000108813492/?bc=100518285709,不適合
SUUMO 賃貸 裾野市,裾野市,賃貸マンション,賃貸カテゴリ（掲載種別）,静岡県裾野市深良,4.4,34.1,,5,—,—,,—,賃貸のため対象外,,2026-08-11,,https://suumo.jp/chintai/jnc_000068105903/?bc=100508630245,適合
SUUMO 賃貸 裾野市,裾野市,賃貸アパート,賃貸カテゴリ（掲載種別）,静岡県裾野市稲荷,4.8,30.0,,5,—,—,,—,賃貸のため対象外,,2026-08-09,,https://suumo.jp/chintai/jnc_000106790138/?bc=100490604935,適合
SUUMO 賃貸 裾野市,裾野市,賃貸アパート,賃貸カテゴリ（掲載種別）,静岡県裾野市稲荷,4.8,30.0,,5,—,—,,—,賃貸のため対象外,,2026-08-11,,https://suumo.jp/chintai/jnc_000105780810/?bc=100496039821,適合
SUUMO 賃貸 裾野市,裾野市,賃貸アパート,賃貸カテゴリ（掲載種別）,静岡県裾野市稲荷,5.0,30.0,,5,—,—,,—,賃貸のため対象外,,2026-08-11,,https://suumo.jp/chintai/jnc_000107379881/?bc=100509127709,適合
SUUMO 賃貸 裾野市,裾野市,賃貸アパート,賃貸カテゴリ（掲載種別）,静岡県裾野市水窪,4.6,40.3,,5,—,—,,—,賃貸のため対象外,,2026-08-11,,https://suumo.jp/chintai/jnc_000099261255/?bc=100516413509,適合
SUUMO 賃貸 裾野市,裾野市,賃貸マンション,賃貸カテゴリ（掲載種別）,静岡県裾野市茶畑,5.5,31.4,,5,畑,—,,—,賃貸のため対象外,,2026-08-07,,https://suumo.jp/chintai/jnc_000071789911/?bc=100520826467,不適合
SUUMO 賃貸 裾野市,裾野市,賃貸マンション,賃貸カテゴリ（掲載種別）,静岡県裾野市富沢,6.1,19.9,,5,—,—,,—,賃貸のため対象外,,2026-08-09,,https://suumo.jp/chintai/jnc_000108298223/?bc=100514629025,不適合
SUUMO 賃貸 裾野市,裾野市,賃貸マンション,賃貸カテゴリ（掲載種別）,静岡県裾野市富沢,6.3,19.9,,5,—,—,,—,賃貸のため対象外,,2026-08-09,,https://suumo.jp/chintai/jnc_000108298225/?bc=100514629292,不適合
SUUMO 賃貸 裾野市,裾野市,賃貸マンション,賃貸カテゴリ（掲載種別）,静岡県裾野市富沢,6.3,19.9,,5,—,—,,—,賃貸のため対象外,,2026-08-09,,https://suumo.jp/chintai/jnc_000108298224/?bc=100514629331,不適合
SUUMO 賃貸 裾野市,裾野市,賃貸マンション,賃貸カテゴリ（掲載種別）,静岡県裾野市富沢,6.4,19.9,,5,—,—,,—,賃貸のため対象外,,2026-08-11,,https://suumo.jp/chintai/jnc_000109133178/?bc=100521515491,不適合
SUUMO 賃貸 裾野市,裾野市,賃貸アパート,賃貸カテゴリ（掲載種別）,静岡県裾野市佐野,6.3,48.8,,5,—,—,,—,賃貸のため対象外,,2026-08-11,,https://suumo.jp/chintai/jnc_000103826246/?bc=100480879505,不適合
SUUMO 賃貸 裾野市,裾野市,賃貸アパート,賃貸カテゴリ（掲載種別）,静岡県裾野市茶畑,5.2,39.6,,5,畑,—,,—,賃貸のため対象外,,2026-08-11,,https://suumo.jp/chintai/jnc_000049734858/?bc=100410244469,不適合
SUUMO 賃貸 裾野市,裾野市,賃貸アパート,賃貸カテゴリ（掲載種別）,静岡県裾野市茶畑,5.3,39.6,,5,畑,—,,—,賃貸のため対象外,,2026-08-11,,https://suumo.jp/chintai/jnc_000085322070/?bc=100508047304,不適合
SUUMO 賃貸 裾野市,裾野市,賃貸アパート,賃貸カテゴリ（掲載種別）,静岡県裾野市茶畑,5.3,39.6,,5,畑,—,,—,賃貸のため対象外,,2026-08-11,,https://suumo.jp/chintai/jnc_000106269784/?bc=100500219595,不適合
SUUMO 賃貸 裾野市,裾野市,賃貸マンション,賃貸カテゴリ（掲載種別）,静岡県裾野市富沢,4.5,30.4,,5,—,—,,—,賃貸のため対象外,,2026-08-11,,https://suumo.jp/chintai/jnc_000057483837/?bc=100364921211,適合
SUUMO 賃貸 裾野市,裾野市,賃貸アパート,賃貸カテゴリ（掲載種別）,静岡県裾野市二ツ屋,4.6,29.8,,5,—,—,,—,賃貸のため対象外,,2026-08-10,,https://suumo.jp/chintai/jnc_000107611842/?bc=100510273340,適合
SUUMO 賃貸 裾野市,裾野市,賃貸マンション,賃貸カテゴリ（掲載種別）,静岡県裾野市石脇,4.9,36.0,,5,—,—,,—,賃貸のため対象外,,2026-08-10,,https://suumo.jp/chintai/jnc_000094695519/?bc=100515877441,適合
SUUMO 賃貸 裾野市,裾野市,賃貸マンション,賃貸カテゴリ（掲載種別）,静岡県裾野市富沢,4.7,31.5,,5,—,—,,—,賃貸のため対象外,,2026-08-11,,https://suumo.jp/chintai/jnc_000109130710/?bc=100520876430,適合
SUUMO 賃貸 裾野市,裾野市,賃貸アパート,賃貸カテゴリ（掲載種別）,静岡県裾野市富沢,4.4,53.8,,5,—,—,,—,賃貸のため対象外,,2026-08-11,,https://suumo.jp/chintai/jnc_000108193484/?bc=100514891920,適合
SUUMO 賃貸 裾野市,裾野市,賃貸マンション,賃貸カテゴリ（掲載種別）,静岡県裾野市石脇,4.7,30.4,,5,—,—,,—,賃貸のため対象外,,2026-08-11,,https://suumo.jp/chintai/jnc_000070606155/?bc=100519507918,適合
SUUMO 賃貸 裾野市,裾野市,賃貸マンション,賃貸カテゴリ（掲載種別）,静岡県裾野市佐野,4.6,30.4,,5,—,—,,—,賃貸のため対象外,,2026-08-11,,https://suumo.jp/chintai/jnc_000105036905/?bc=100520260307,適合
SUUMO 賃貸 裾野市,裾野市,賃貸アパート,賃貸カテゴリ（掲載種別）,静岡県裾野市茶畑,4.5,39.7,,5,畑,—,,—,賃貸のため対象外,,2026-08-11,,https://suumo.jp/chintai/jnc_000024625885/?bc=100465638289,適合
SUUMO 賃貸 裾野市,裾野市,賃貸マンション,賃貸カテゴリ（掲載種別）,静岡県裾野市佐野,4.6,30.3,,5,—,—,,—,賃貸のため対象外,,2026-08-11,,https://suumo.jp/chintai/jnc_000096104222/?bc=100364921184,適合
SUUMO 賃貸 裾野市,裾野市,賃貸マンション,賃貸カテゴリ（掲載種別）,静岡県裾野市稲荷,4.0,30.4,,5,—,—,,—,賃貸のため対象外,,2026-08-11,,https://suumo.jp/chintai/jnc_000101545677/?bc=100466976859,適合
SUUMO 賃貸 裾野市,裾野市,賃貸マンション,賃貸カテゴリ（掲載種別）,静岡県裾野市伊豆島田,5.5,42.1,,5,田,—,,—,賃貸のため対象外,,2026-08-11,,https://suumo.jp/chintai/jnc_000104459977/?bc=100486081690,不適合
SUUMO 賃貸 裾野市,裾野市,賃貸マンション,賃貸カテゴリ（掲載種別）,静岡県裾野市伊豆島田,5.5,42.1,,5,田,—,,—,賃貸のため対象外,,2026-08-01,,https://suumo.jp/chintai/jnc_000107172215/?bc=100506596651,不適合
SUUMO 賃貸 裾野市,裾野市,賃貸マンション,賃貸カテゴリ（掲載種別）,静岡県裾野市水窪,4.5,57.0,,5,—,—,,—,賃貸のため対象外,,2026-08-11,,https://suumo.jp/chintai/jnc_000104380291/?bc=100486208316,適合
SUUMO 賃貸 裾野市,裾野市,賃貸マンション,賃貸カテゴリ（掲載種別）,静岡県裾野市水窪,4.5,57.0,,5,—,—,,—,賃貸のため対象外,,2026-08-11,,https://suumo.jp/chintai/jnc_000013973492/?bc=100502279878,適合
SUUMO 賃貸 裾野市,裾野市,賃貸マンション,賃貸カテゴリ（掲載種別）,静岡県裾野市水窪,4.7,57.0,,5,—,—,,—,賃貸のため対象外,,2026-08-11,,https://suumo.jp/chintai/jnc_000087739198/?bc=100512071407,適合
SUUMO 賃貸 裾野市,裾野市,賃貸マンション,賃貸カテゴリ（掲載種別）,静岡県裾野市水窪,4.7,57.0,,5,—,—,,—,賃貸のため対象外,,2026-08-07,,https://suumo.jp/chintai/jnc_000104459980/?bc=100485809780,適合
SUUMO 賃貸 裾野市,裾野市,賃貸マンション,賃貸カテゴリ（掲載種別）,静岡県裾野市千福,4.6,31.5,,5,—,—,,—,賃貸のため対象外,,2026-08-11,,https://suumo.jp/chintai/jnc_000058008756/?bc=100461276439,適合
SUUMO 賃貸 裾野市,裾野市,賃貸マンション,賃貸カテゴリ（掲載種別）,静岡県裾野市千福,4.6,31.5,,5,—,—,,—,賃貸のため対象外,,2026-08-11,,https://suumo.jp/chintai/jnc_000043422578/?bc=100521484577,適合
SUUMO 賃貸 裾野市,裾野市,賃貸マンション,賃貸カテゴリ（掲載種別）,静岡県裾野市千福,4.6,31.5,,5,—,—,,—,賃貸のため対象外,,2026-08-10,,https://suumo.jp/chintai/jnc_000102019508/?bc=100469431136,適合
SUUMO 賃貸 裾野市,裾野市,賃貸マンション,賃貸カテゴリ（掲載種別）,静岡県裾野市千福,4.6,31.5,,5,—,—,,—,賃貸のため対象外,,2026-08-11,,https://suumo.jp/chintai/jnc_000108090271/?bc=100514081170,適合
SUUMO 賃貸 裾野市,裾野市,賃貸マンション,賃貸カテゴリ（掲載種別）,静岡県裾野市千福,4.6,31.5,,5,—,—,,—,賃貸のため対象外,,2026-08-04,,https://suumo.jp/chintai/jnc_000045328275/?bc=100464377722,適合
SUUMO 賃貸 裾野市,裾野市,賃貸マンション,賃貸カテゴリ（掲載種別）,静岡県裾野市富沢,4.0,30.7,,5,—,—,,—,賃貸のため対象外,,2026-08-11,,https://suumo.jp/chintai/jnc_000076620284/?bc=100495530528,適合
SUUMO 賃貸 裾野市,裾野市,賃貸アパート,賃貸カテゴリ（掲載種別）,静岡県裾野市茶畑,4.8,39.7,,5,畑,—,,—,賃貸のため対象外,,2026-07-25,,https://suumo.jp/chintai/jnc_000013973246/?bc=100323224051,適合
SUUMO 賃貸 裾野市,裾野市,賃貸アパート,賃貸カテゴリ（掲載種別）,静岡県裾野市茶畑,4.8,39.7,,5,畑,—,,—,賃貸のため対象外,,2026-07-25,,https://suumo.jp/chintai/jnc_000013973249/?bc=100323224078,適合
SUUMO 賃貸 裾野市,裾野市,賃貸アパート,賃貸カテゴリ（掲載種別）,静岡県裾野市稲荷,3.9,44.6,,5,—,—,,—,賃貸のため対象外,,2026-08-10,,https://suumo.jp/chintai/jnc_000106598857/?bc=100502619413,適合
SUUMO 賃貸 裾野市,裾野市,賃貸アパート,賃貸カテゴリ（掲載種別）,静岡県裾野市稲荷,3.9,40.5,,5,—,—,,—,賃貸のため対象外,,2026-08-10,,https://suumo.jp/chintai/jnc_000049374355/?bc=100521363842,適合
SUUMO 賃貸 裾野市,裾野市,賃貸マンション,賃貸カテゴリ（掲載種別）,静岡県裾野市茶畑,3.5,24.8,,5,畑,—,,—,賃貸のため対象外,,2026-08-11,,https://suumo.jp/chintai/jnc_000089028998/?bc=100318188460,適合
SUUMO 賃貸 裾野市,裾野市,賃貸マンション,賃貸カテゴリ（掲載種別）,静岡県裾野市茶畑,4.4,24.8,,5,畑,—,,—,賃貸のため対象外,,2026-08-11,,https://suumo.jp/chintai/jnc_000099780135/?bc=100465628028,適合
SUUMO 賃貸 裾野市,裾野市,賃貸マンション,賃貸カテゴリ（掲載種別）,静岡県裾野市千福,4.2,30.4,,5,—,—,,—,賃貸のため対象外,,2026-08-11,,https://suumo.jp/chintai/jnc_000085164913/?bc=100500276034,適合
SUUMO 賃貸 裾野市,裾野市,賃貸マンション,賃貸カテゴリ（掲載種別）,静岡県裾野市千福,4.3,30.4,,5,—,—,,—,賃貸のため対象外,,2026-08-11,,https://suumo.jp/chintai/jnc_000094819718/?bc=100050673240,適合
SUUMO 賃貸 裾野市,裾野市,賃貸マンション,賃貸カテゴリ（掲載種別）,静岡県裾野市御宿,4.5,37.0,,5,—,—,,—,賃貸のため対象外,,2026-08-10,,https://suumo.jp/chintai/jnc_000107467127/?bc=100356752947,適合
SUUMO 賃貸 裾野市,裾野市,賃貸マンション,賃貸カテゴリ（掲載種別）,静岡県裾野市御宿,4.8,37.0,,5,—,—,,—,賃貸のため対象外,,2026-08-11,,https://suumo.jp/chintai/jnc_000106141578/?bc=100518013850,適合
SUUMO 賃貸 裾野市,裾野市,賃貸マンション,賃貸カテゴリ（掲載種別）,静岡県裾野市御宿,4.8,37.0,,5,—,—,,—,賃貸のため対象外,,2026-08-11,,https://suumo.jp/chintai/jnc_000104592952/?bc=100475911920,適合
SUUMO 賃貸 裾野市,裾野市,賃貸マンション,賃貸カテゴリ（掲載種別）,静岡県裾野市御宿,4.8,37.0,,5,—,—,,—,賃貸のため対象外,,2026-08-10,,https://suumo.jp/chintai/jnc_000104592954/?bc=100501602402,適合
SUUMO 賃貸 裾野市,裾野市,賃貸マンション,賃貸カテゴリ（掲載種別）,静岡県裾野市御宿,4.8,37.0,,5,—,—,,—,賃貸のため対象外,,2026-08-09,,https://suumo.jp/chintai/jnc_000104592953/?bc=100513008592,適合
SUUMO 賃貸 裾野市,裾野市,賃貸マンション,賃貸カテゴリ（掲載種別）,静岡県裾野市御宿,4.8,37.0,,5,—,—,,—,賃貸のため対象外,,2026-07-25,,https://suumo.jp/chintai/jnc_000104592955/?bc=100438584596,適合
SUUMO 賃貸 裾野市,裾野市,賃貸アパート,賃貸カテゴリ（掲載種別）,静岡県裾野市佐野,4.8,37.7,,5,—,—,,—,賃貸のため対象外,,2026-08-11,,https://suumo.jp/chintai/jnc_000027782860/?bc=100238626346,適合
SUUMO 賃貸 裾野市,裾野市,賃貸アパート,賃貸カテゴリ（掲載種別）,静岡県裾野市茶畑,3.0,24.7,,5,畑,—,,—,賃貸のため対象外,,2026-08-11,,https://suumo.jp/chintai/jnc_000107764193/?bc=100496312229,適合
SUUMO 賃貸 裾野市,裾野市,賃貸マンション,賃貸カテゴリ（掲載種別）,静岡県裾野市稲荷,3.6,28.0,,5,—,—,,—,賃貸のため対象外,,2026-07-25,,https://suumo.jp/chintai/jnc_000013972865/?bc=100474539638,適合
SUUMO 賃貸 裾野市,裾野市,賃貸マンション,賃貸カテゴリ（掲載種別）,静岡県裾野市稲荷,3.6,28.0,,5,—,—,,—,賃貸のため対象外,,2026-07-25,,https://suumo.jp/chintai/jnc_000057895383/?bc=100497292275,適合
SUUMO 賃貸 裾野市,裾野市,賃貸マンション,賃貸カテゴリ（掲載種別）,静岡県裾野市稲荷,3.6,28.0,,5,—,—,,—,賃貸のため対象外,,2026-07-25,,https://suumo.jp/chintai/jnc_000013972863/?bc=100497292279,適合
SUUMO 賃貸 裾野市,裾野市,賃貸戸建,賃貸カテゴリ（掲載種別）,静岡県裾野市深良,7.0,70.0,,5,—,—,,—,賃貸のため対象外,,2026-08-08,,https://suumo.jp/chintai/jnc_000109061464/?bc=100520984917,不適合
SUUMO 賃貸 裾野市,裾野市,賃貸戸建,賃貸カテゴリ（掲載種別）,静岡県裾野市深良,7.0,70.0,,5,—,—,,—,賃貸のため対象外,,2026-08-08,,https://suumo.jp/chintai/jnc_000107233367/?bc=100507131368,不適合
SUUMO 賃貸 裾野市,裾野市,賃貸戸建,賃貸カテゴリ（掲載種別）,静岡県裾野市茶畑,11.9,130.0,,5,畑,—,,—,賃貸のため対象外,,2026-08-08,,https://suumo.jp/chintai/jnc_000108193483/?bc=100515826381,不適合
SUUMO 賃貸 裾野市,裾野市,賃貸戸建,賃貸カテゴリ（掲載種別）,静岡県裾野市茶畑,11.9,130.0,,5,畑,—,,—,賃貸のため対象外,,2026-08-07,,https://suumo.jp/chintai/jnc_000108425256/?bc=100516138113,不適合
SUUMO 賃貸 裾野市,裾野市,賃貸アパート,賃貸カテゴリ（掲載種別）,静岡県裾野市岩波,6.5,59.5,,5,—,—,,—,賃貸のため対象外,,2026-08-09,,https://suumo.jp/chintai/jnc_000032911523/?bc=100517969744,不適合
SUUMO 賃貸 裾野市,裾野市,賃貸アパート,賃貸カテゴリ（掲載種別）,静岡県裾野市平松,7.9,59.9,,5,—,—,,—,賃貸のため対象外,,2026-08-11,,https://suumo.jp/chintai/jnc_000019122947/?bc=100504963348,不適合
SUUMO 賃貸 裾野市,裾野市,賃貸アパート,賃貸カテゴリ（掲載種別）,静岡県裾野市茶畑,6.6,61.8,,5,畑,—,,—,賃貸のため対象外,,2026-07-27,,https://suumo.jp/chintai/jnc_000108668109/?bc=100517973919,不適合
SUUMO 賃貸 裾野市,裾野市,賃貸アパート,賃貸カテゴリ（掲載種別）,静岡県裾野市茶畑,6.6,61.8,,5,畑,—,,—,賃貸のため対象外,,2026-07-27,,https://suumo.jp/chintai/jnc_000108644376/?bc=100517676859,不適合
SUUMO 賃貸 裾野市,裾野市,賃貸マンション,賃貸カテゴリ（掲載種別）,静岡県裾野市茶畑,7.1,66.2,,5,畑,—,,—,賃貸のため対象外,,2026-07-31,,https://suumo.jp/chintai/jnc_000107851432/?bc=100516413614,不適合
SUUMO 賃貸 裾野市,裾野市,賃貸マンション,賃貸カテゴリ（掲載種別）,静岡県裾野市伊豆島田,6.1,41.0,,5,田,—,,—,賃貸のため対象外,,2026-07-25,,https://suumo.jp/chintai/jnc_000104350863/?bc=100484954439,不適合
SUUMO 賃貸 裾野市,裾野市,賃貸アパート,賃貸カテゴリ（掲載種別）,静岡県裾野市今里,6.0,50.0,,5,—,—,,—,賃貸のため対象外,,2026-08-07,,https://suumo.jp/chintai/jnc_000108813491/?bc=100519084245,不適合
SUUMO 賃貸 裾野市,裾野市,賃貸アパート,賃貸カテゴリ（掲載種別）,静岡県裾野市今里,6.0,50.0,,5,—,—,,—,賃貸のため対象外,,2026-08-07,,https://suumo.jp/chintai/jnc_000108884163/?bc=100519788680,不適合
SUUMO 賃貸 裾野市,裾野市,賃貸アパート,賃貸カテゴリ（掲載種別）,静岡県裾野市水窪,5.9,45.6,,5,—,—,,—,賃貸のため対象外,,2026-08-11,,https://suumo.jp/chintai/jnc_000107932981/?bc=100512524669,不適合
SUUMO 賃貸 裾野市,裾野市,賃貸マンション,賃貸カテゴリ（掲載種別）,静岡県裾野市茶畑,5.5,41.6,,5,畑,—,,—,賃貸のため対象外,,2026-07-31,,https://suumo.jp/chintai/jnc_000066118595/?bc=100502041926,不適合
SUUMO 賃貸 裾野市,裾野市,賃貸マンション,賃貸カテゴリ（掲載種別）,静岡県裾野市茶畑,5.5,41.0,,5,畑,—,,—,賃貸のため対象外,,2026-07-31,,https://suumo.jp/chintai/jnc_000102515091/?bc=100470284093,不適合
SUUMO 賃貸 裾野市,裾野市,賃貸マンション,賃貸カテゴリ（掲載種別）,静岡県裾野市佐野,6.6,62.1,,5,—,—,,—,賃貸のため対象外,,2026-08-09,,https://suumo.jp/chintai/jnc_000061842706/?bc=100419238248,不適合
SUUMO 賃貸 裾野市,裾野市,賃貸マンション,賃貸カテゴリ（掲載種別）,静岡県裾野市佐野,6.6,62.1,,5,—,—,,—,賃貸のため対象外,,2026-08-11,,https://suumo.jp/chintai/jnc_000108185505/?bc=100514642547,不適合
SUUMO 賃貸 裾野市,裾野市,賃貸マンション,賃貸カテゴリ（掲載種別）,静岡県裾野市平松,6.0,45.0,,5,—,—,,—,賃貸のため対象外,,2026-08-11,,https://suumo.jp/chintai/jnc_000102929489/?bc=100518865884,不適合
SUUMO 賃貸 裾野市,裾野市,賃貸マンション,賃貸カテゴリ（掲載種別）,静岡県裾野市茶畑,6.2,66.0,,5,畑,—,,—,賃貸のため対象外,,2026-08-11,,https://suumo.jp/chintai/jnc_000103829122/?bc=100516838451,不適合
SUUMO 賃貸 裾野市,裾野市,賃貸アパート,賃貸カテゴリ（掲載種別）,静岡県裾野市茶畑,6.1,58.5,,5,畑,—,,—,賃貸のため対象外,,2026-08-11,,https://suumo.jp/chintai/jnc_000106149954/?bc=100490122706,不適合
SUUMO 賃貸 裾野市,裾野市,賃貸マンション,賃貸カテゴリ（掲載種別）,静岡県裾野市水窪,7.8,63.5,,5,—,—,,—,賃貸のため対象外,,2026-08-11,,https://suumo.jp/chintai/jnc_000104380292/?bc=100512071425,不適合
SUUMO 賃貸 裾野市,裾野市,賃貸アパート,賃貸カテゴリ（掲載種別）,静岡県裾野市水窪,7.5,65.5,,5,—,—,,—,賃貸のため対象外,,2026-08-11,,https://suumo.jp/chintai/jnc_000098260463/?bc=100515040308,不適合
SUUMO 賃貸 裾野市,裾野市,賃貸アパート,賃貸カテゴリ（掲載種別）,静岡県裾野市佐野,6.5,64.7,,5,—,—,,—,賃貸のため対象外,,2026-07-29,,https://suumo.jp/chintai/jnc_000106602354/?bc=100502675643,不適合
SUUMO 賃貸 裾野市,裾野市,賃貸マンション,賃貸カテゴリ（掲載種別）,静岡県裾野市茶畑,6.5,63.0,,5,畑,—,,—,賃貸のため対象外,,2026-07-25,,https://suumo.jp/chintai/jnc_000093360894/?bc=100484707301,不適合
SUUMO 賃貸 裾野市,裾野市,賃貸アパート,賃貸カテゴリ（掲載種別）,静岡県裾野市二ツ屋,5.7,20.3,,5,—,—,,—,賃貸のため対象外,,2026-07-29,,https://suumo.jp/chintai/jnc_000108727724/?bc=100518444746,不適合
SUUMO 賃貸 裾野市,裾野市,賃貸アパート,賃貸カテゴリ（掲載種別）,静岡県裾野市御宿,6.3,46.4,,5,—,—,,—,賃貸のため対象外,,2026-08-05,,https://suumo.jp/chintai/jnc_000101071880/?bc=100486664232,不適合
SUUMO 賃貸 裾野市,裾野市,賃貸マンション,賃貸カテゴリ（掲載種別）,静岡県裾野市水窪,7.8,68.0,,5,—,—,,—,賃貸のため対象外,,2026-08-11,,https://suumo.jp/chintai/jnc_000104991074/?bc=100512071423,不適合
SUUMO 賃貸 裾野市,裾野市,賃貸マンション,賃貸カテゴリ（掲載種別）,静岡県裾野市佐野,6.9,71.8,,5,—,—,,—,賃貸のため対象外,,2026-07-25,,https://suumo.jp/chintai/jnc_000070461287/?bc=100492526598,不適合
SUUMO 賃貸 裾野市,裾野市,賃貸マンション,賃貸カテゴリ（掲載種別）,静岡県裾野市伊豆島田,6.3,39.7,,5,田,—,,—,賃貸のため対象外,,2026-08-11,,https://suumo.jp/chintai/jnc_000108771859/?bc=100518865892,不適合
SUUMO 賃貸 裾野市,裾野市,賃貸マンション,賃貸カテゴリ（掲載種別）,静岡県裾野市伊豆島田,6.5,41.7,,5,田,—,,—,賃貸のため対象外,,2026-08-11,,https://suumo.jp/chintai/jnc_000086113400/?bc=100513994539,不適合
SUUMO 賃貸 裾野市,裾野市,賃貸マンション,賃貸カテゴリ（掲載種別）,静岡県裾野市茶畑,8.0,66.2,,5,畑,—,,—,賃貸のため対象外,,2026-07-25,,https://suumo.jp/chintai/jnc_000107974295/?bc=100504060705,不適合
SUUMO 賃貸 裾野市,裾野市,賃貸アパート,賃貸カテゴリ（掲載種別）,静岡県裾野市金沢,5.5,57.1,,5,—,—,,—,賃貸のため対象外,,2026-07-25,,https://suumo.jp/chintai/jnc_000108111984/?bc=100512602766,不適合
SUUMO 賃貸 裾野市,裾野市,賃貸その他,賃貸カテゴリ（掲載種別）,静岡県裾野市稲荷,8.0,78.4,,5,—,—,,—,賃貸のため対象外,,2026-08-09,,https://suumo.jp/chintai/jnc_000102806768/?bc=100502662917,不適合
SUUMO 賃貸 裾野市,裾野市,賃貸アパート,賃貸カテゴリ（掲載種別）,静岡県裾野市富沢,6.4,52.5,,5,—,—,,—,賃貸のため対象外,,2026-07-26,,https://suumo.jp/chintai/jnc_000108742937/?bc=100517009465,不適合
SUUMO 賃貸 裾野市,裾野市,賃貸アパート,賃貸カテゴリ（掲載種別）,静岡県裾野市富沢,6.4,52.5,,5,—,—,,—,賃貸のため対象外,,2026-08-05,,https://suumo.jp/chintai/jnc_000108532852/?bc=100517009481,不適合
SUUMO 賃貸 裾野市,裾野市,賃貸アパート,賃貸カテゴリ（掲載種別）,静岡県裾野市富沢,6.4,52.5,,5,—,—,,—,賃貸のため対象外,,2026-07-26,,https://suumo.jp/chintai/jnc_000108532853/?bc=100516996383,不適合
SUUMO 賃貸 裾野市,裾野市,賃貸アパート,賃貸カテゴリ（掲載種別）,静岡県裾野市富沢,6.5,52.5,,5,—,—,,—,賃貸のため対象外,,2026-08-05,,https://suumo.jp/chintai/jnc_000108361376/?bc=100518653884,不適合
SUUMO 賃貸 裾野市,裾野市,賃貸アパート,賃貸カテゴリ（掲載種別）,静岡県裾野市富沢,6.5,52.5,,5,—,—,,—,賃貸のため対象外,,2026-08-05,,https://suumo.jp/chintai/jnc_000108451961/?bc=100518653871,不適合
SUUMO 賃貸 裾野市,裾野市,賃貸アパート,賃貸カテゴリ（掲載種別）,静岡県裾野市富沢,6.5,52.5,,5,—,—,,—,賃貸のため対象外,,2026-08-05,,https://suumo.jp/chintai/jnc_000108361375/?bc=100518545720,不適合
SUUMO 賃貸 裾野市,裾野市,賃貸アパート,賃貸カテゴリ（掲載種別）,静岡県裾野市富沢,6.5,52.5,,5,—,—,,—,賃貸のため対象外,,2026-07-26,,https://suumo.jp/chintai/jnc_000108532854/?bc=100516996385,不適合
SUUMO 賃貸 裾野市,裾野市,賃貸アパート,賃貸カテゴリ（掲載種別）,静岡県裾野市伊豆島田,7.0,58.6,,5,田,—,,—,賃貸のため対象外,,2026-07-25,,https://suumo.jp/chintai/jnc_000083288938/?bc=100498679828,不適合
SUUMO 賃貸 裾野市,裾野市,賃貸アパート,賃貸カテゴリ（掲載種別）,静岡県裾野市伊豆島田,7.0,58.6,,5,田,—,,—,賃貸のため対象外,,2026-07-25,,https://suumo.jp/chintai/jnc_000073202154/?bc=100514255887,不適合
SUUMO 賃貸 裾野市,裾野市,賃貸アパート,賃貸カテゴリ（掲載種別）,静岡県裾野市平松,5.7,20.3,,5,—,—,,—,賃貸のため対象外,,2026-07-25,,https://suumo.jp/chintai/jnc_000108691959/?bc=100518178674,不適合
SUUMO 賃貸 裾野市,裾野市,賃貸マンション,賃貸カテゴリ（掲載種別）,静岡県裾野市伊豆島田,4.0,24.3,,5,田,—,,—,賃貸のため対象外,,2026-07-25,,https://suumo.jp/chintai/jnc_000107821114/?bc=100432344077,適合
SUUMO 賃貸 裾野市,裾野市,賃貸マンション,賃貸カテゴリ（掲載種別）,静岡県裾野市伊豆島田,5.1,48.0,,5,田,—,,—,賃貸のため対象外,,2026-07-25,,https://suumo.jp/chintai/jnc_000107821115/?bc=100340072677,不適合
SUUMO 賃貸 裾野市,裾野市,賃貸マンション,賃貸カテゴリ（掲載種別）,静岡県裾野市伊豆島田,5.2,48.0,,5,田,—,,—,賃貸のため対象外,,2026-07-25,,https://suumo.jp/chintai/jnc_000107821116/?bc=100449875961,不適合
SUUMO 賃貸 裾野市,裾野市,賃貸その他,賃貸カテゴリ（掲載種別）,静岡県裾野市岩波,7.7,82.5,,5,—,—,,—,賃貸のため対象外,,2026-07-25,,https://suumo.jp/chintai/jnc_000055665427/?bc=100195239631,不適合
SUUMO 賃貸 裾野市,裾野市,賃貸アパート,賃貸カテゴリ（掲載種別）,静岡県裾野市佐野,5.9,23.2,,5,—,—,,—,賃貸のため対象外,,2026-08-02,,https://suumo.jp/chintai/jnc_000108464370/?bc=100515390728,不適合
SUUMO 賃貸 裾野市,裾野市,賃貸アパート,賃貸カテゴリ（掲載種別）,静岡県裾野市佐野,5.9,23.2,,5,—,—,,—,賃貸のため対象外,,2026-08-02,,https://suumo.jp/chintai/jnc_000108298219/?bc=100514629049,不適合
SUUMO 賃貸 裾野市,裾野市,賃貸マンション,賃貸カテゴリ（掲載種別）,静岡県裾野市佐野,5.95,43.7,,5,—,—,,—,賃貸のため対象外,,2026-07-25,,https://suumo.jp/chintai/jnc_000105956858/?bc=100517589172,不適合
SUUMO 賃貸 裾野市,裾野市,賃貸マンション,賃貸カテゴリ（掲載種別）,静岡県裾野市佐野,6.2,43.7,,5,—,—,,—,賃貸のため対象外,,2026-07-25,,https://suumo.jp/chintai/jnc_000107511706/?bc=100509319160,不適合
SUUMO 賃貸 裾野市,裾野市,賃貸マンション,賃貸カテゴリ（掲載種別）,静岡県裾野市平松,5.0,44.9,,5,—,—,,—,賃貸のため対象外,,2026-07-25,,https://suumo.jp/chintai/jnc_000067294789/?bc=100473763487,適合
SUUMO 賃貸 裾野市,裾野市,賃貸マンション,賃貸カテゴリ（掲載種別）,静岡県裾野市平松,5.3,44.9,,5,—,—,,—,賃貸のため対象外,,2026-07-25,,https://suumo.jp/chintai/jnc_000073202155/?bc=100463866287,不適合
SUUMO 賃貸 裾野市,裾野市,賃貸アパート,賃貸カテゴリ（掲載種別）,静岡県裾野市平松,6.2,22.4,,5,—,—,,—,賃貸のため対象外,,2026-07-25,,https://suumo.jp/chintai/jnc_000108565412/?bc=100517088953,不適合
SUUMO 賃貸 裾野市,裾野市,賃貸アパート,賃貸カテゴリ（掲載種別）,静岡県裾野市茶畑,6.8,54.4,,5,畑,—,,—,賃貸のため対象外,,2026-08-10,,https://suumo.jp/chintai/jnc_000107851433/?bc=100516300434,不適合
SUUMO 賃貸 裾野市,裾野市,賃貸アパート,賃貸カテゴリ（掲載種別）,静岡県裾野市富沢,6.4,23.6,,5,—,—,,—,賃貸のため対象外,,2026-08-09,,https://suumo.jp/chintai/jnc_000108591872/?bc=100514629488,不適合
SUUMO 賃貸 裾野市,裾野市,賃貸アパート,賃貸カテゴリ（掲載種別）,静岡県裾野市富沢,6.7,28.0,,5,—,—,,—,賃貸のため対象外,,2026-08-09,,https://suumo.jp/chintai/jnc_000108298226/?bc=100514629101,不適合
SUUMO 賃貸 裾野市,裾野市,賃貸アパート,賃貸カテゴリ（掲載種別）,静岡県裾野市平松,6.2,23.6,,5,—,—,,—,賃貸のため対象外,,2026-08-09,,https://suumo.jp/chintai/jnc_000108727723/?bc=100518488940,不適合
SUUMO 賃貸 裾野市,裾野市,賃貸マンション,賃貸カテゴリ（掲載種別）,静岡県裾野市公文名,5.3,29.5,,5,—,—,,—,賃貸のため対象外,,2026-07-25,,https://suumo.jp/chintai/jnc_000092753598/?bc=100465483653,不適合
SUUMO 賃貸 裾野市,裾野市,賃貸マンション,賃貸カテゴリ（掲載種別）,静岡県裾野市公文名,5.6,28.6,,5,—,—,,—,賃貸のため対象外,,2026-07-25,,https://suumo.jp/chintai/jnc_000104728023/?bc=100483883333,不適合
SUUMO 賃貸 裾野市,裾野市,賃貸マンション,賃貸カテゴリ（掲載種別）,静岡県裾野市二ツ屋,5.1,31.4,,5,—,—,,—,賃貸のため対象外,,2026-07-25,,https://suumo.jp/chintai/jnc_000069012341/?bc=100454397095,不適合
SUUMO 賃貸 裾野市,裾野市,賃貸マンション,賃貸カテゴリ（掲載種別）,静岡県裾野市茶畑,6.4,41.6,,5,畑,—,,—,賃貸のため対象外,,2026-08-11,,https://suumo.jp/chintai/jnc_000102680886/?bc=100481473543,不適合
SUUMO 賃貸 裾野市,裾野市,賃貸マンション,賃貸カテゴリ（掲載種別）,静岡県裾野市茶畑,6.4,41.6,,5,畑,—,,—,賃貸のため対象外,,2026-08-03,,https://suumo.jp/chintai/jnc_000108927962/?bc=100520124743,不適合
SUUMO 賃貸 裾野市,裾野市,賃貸マンション,賃貸カテゴリ（掲載種別）,静岡県裾野市桃園,4.9,36.3,,5,—,—,,—,賃貸のため対象外,,2026-07-25,,https://suumo.jp/chintai/jnc_000071697723/?bc=100497849135,適合
SUUMO 賃貸 裾野市,裾野市,賃貸マンション,賃貸カテゴリ（掲載種別）,静岡県裾野市桃園,4.9,36.3,,5,—,—,,—,賃貸のため対象外,,2026-07-25,,https://suumo.jp/chintai/jnc_000078445600/?bc=100305726302,適合
SUUMO 賃貸 裾野市,裾野市,賃貸マンション,賃貸カテゴリ（掲載種別）,静岡県裾野市桃園,4.9,36.3,,5,—,—,,—,賃貸のため対象外,,2026-07-25,,https://suumo.jp/chintai/jnc_000062241540/?bc=100497849149,適合
SUUMO 賃貸 裾野市,裾野市,賃貸マンション,賃貸カテゴリ（掲載種別）,静岡県裾野市桃園,4.9,36.3,,5,—,—,,—,賃貸のため対象外,,2026-07-25,,https://suumo.jp/chintai/jnc_000097276641/?bc=100497849142,適合
SUUMO 賃貸 裾野市,裾野市,賃貸マンション,賃貸カテゴリ（掲載種別）,静岡県裾野市桃園,4.9,36.3,,5,—,—,,—,賃貸のため対象外,,2026-08-11,,https://suumo.jp/chintai/jnc_000067843206/?bc=100353493779,適合
SUUMO 賃貸 裾野市,裾野市,賃貸マンション,賃貸カテゴリ（掲載種別）,静岡県裾野市桃園,4.9,36.3,,5,—,—,,—,賃貸のため対象外,,2026-08-11,,https://suumo.jp/chintai/jnc_000090719336/?bc=100473161648,適合
SUUMO 賃貸 裾野市,裾野市,賃貸マンション,賃貸カテゴリ（掲載種別）,静岡県裾野市桃園,4.9,36.3,,5,—,—,,—,賃貸のため対象外,,2026-08-11,,https://suumo.jp/chintai/jnc_000090719337/?bc=100416596708,適合
SUUMO 賃貸 裾野市,裾野市,賃貸マンション,賃貸カテゴリ（掲載種別）,静岡県裾野市桃園,4.9,28.4,,5,—,—,,—,賃貸のため対象外,,2026-08-11,,https://suumo.jp/chintai/jnc_000086621723/?bc=100354677214,適合
SUUMO 賃貸 裾野市,裾野市,賃貸アパート,賃貸カテゴリ（掲載種別）,静岡県裾野市深良,4.9,45.5,,5,—,—,,—,賃貸のため対象外,,2026-07-25,,https://suumo.jp/chintai/jnc_000106021724/?bc=100498142699,適合
SUUMO 賃貸 裾野市,裾野市,賃貸アパート,賃貸カテゴリ（掲載種別）,静岡県裾野市深良,4.9,45.5,,5,—,—,,—,賃貸のため対象外,,2026-08-02,,https://suumo.jp/chintai/jnc_000106021725/?bc=100498142698,適合
SUUMO 賃貸 裾野市,裾野市,賃貸マンション,賃貸カテゴリ（掲載種別）,静岡県裾野市茶畑,7.0,65.0,,5,畑,—,,—,賃貸のため対象外,,2026-08-11,,https://suumo.jp/chintai/jnc_000108808038/?bc=100487875144,不適合
SUUMO 賃貸 裾野市,裾野市,賃貸マンション,賃貸カテゴリ（掲載種別）,静岡県裾野市佐野,5.8,60.0,,5,—,—,,—,賃貸のため対象外,,2026-07-25,,https://suumo.jp/chintai/jnc_000069996766/?bc=100501494349,不適合
SUUMO 賃貸 裾野市,裾野市,賃貸マンション,賃貸カテゴリ（掲載種別）,静岡県裾野市茶畑,6.0,30.8,,5,畑,—,,—,賃貸のため対象外,,2026-08-11,,https://suumo.jp/chintai/jnc_000108808037/?bc=100520077342,不適合
SUUMO 賃貸 裾野市,裾野市,賃貸マンション,賃貸カテゴリ（掲載種別）,静岡県裾野市岩波,5.5,55.4,,5,—,—,,—,賃貸のため対象外,,2026-07-25,,https://suumo.jp/chintai/jnc_000091547086/?bc=100507491999,不適合
SUUMO 賃貸 裾野市,裾野市,賃貸マンション,賃貸カテゴリ（掲載種別）,静岡県裾野市茶畑,6.5,55.4,,5,畑,—,,—,賃貸のため対象外,,2026-07-25,,https://suumo.jp/chintai/jnc_000064240962/?bc=100387676562,不適合
SUUMO 賃貸 裾野市,裾野市,賃貸マンション,賃貸カテゴリ（掲載種別）,静岡県裾野市伊豆島田,7.0,65.0,,5,田,—,,—,賃貸のため対象外,,2026-08-11,,https://suumo.jp/chintai/jnc_000108808036/?bc=100517833245,不適合
SUUMO 賃貸 裾野市,裾野市,賃貸マンション,賃貸カテゴリ（掲載種別）,静岡県裾野市富沢,7.7,70.1,,5,—,—,,—,賃貸のため対象外,,2026-07-25,,https://suumo.jp/chintai/jnc_000106279244/?bc=100500276031,不適合
SUUMO 賃貸 裾野市,裾野市,賃貸アパート,賃貸カテゴリ（掲載種別）,静岡県裾野市茶畑,5.8,19.9,,5,畑,—,,—,賃貸のため対象外,,2026-08-02,,https://suumo.jp/chintai/jnc_000108896884/?bc=100519860194,不適合
SUUMO 賃貸 裾野市,裾野市,賃貸アパート,賃貸カテゴリ（掲載種別）,静岡県裾野市茶畑,6.1,19.9,,5,畑,—,,—,賃貸のため対象外,,2026-08-09,,https://suumo.jp/chintai/jnc_000108379496/?bc=100515666237,不適合
SUUMO 賃貸 裾野市,裾野市,賃貸アパート,賃貸カテゴリ（掲載種別）,静岡県裾野市茶畑,6.1,19.9,,5,畑,—,,—,賃貸のため対象外,,2026-08-02,,https://suumo.jp/chintai/jnc_000108252197/?bc=100514629077,不適合
SUUMO 賃貸 裾野市,裾野市,賃貸アパート,賃貸カテゴリ（掲載種別）,静岡県裾野市茶畑,6.1,19.9,,5,畑,—,,—,賃貸のため対象外,,2026-08-02,,https://suumo.jp/chintai/jnc_000108808039/?bc=100519145598,不適合
SUUMO 賃貸 裾野市,裾野市,賃貸マンション,賃貸カテゴリ（掲載種別）,静岡県裾野市茶畑,6.5,43.7,,5,畑,—,,—,賃貸のため対象外,,2026-08-11,,https://suumo.jp/chintai/jnc_000038898908/?bc=100517832034,不適合
SUUMO 賃貸 裾野市,裾野市,賃貸マンション,賃貸カテゴリ（掲載種別）,静岡県裾野市茶畑,6.5,43.7,,5,畑,—,,—,賃貸のため対象外,,2026-07-25,,https://suumo.jp/chintai/jnc_000040448343/?bc=100502662873,不適合
SUUMO 賃貸 裾野市,裾野市,賃貸アパート,賃貸カテゴリ（掲載種別）,静岡県裾野市平松,5.5,53.0,,5,—,—,,—,賃貸のため対象外,,2026-07-25,,https://suumo.jp/chintai/jnc_000107391050/?bc=100508332057,不適合
SUUMO 賃貸 裾野市,裾野市,賃貸アパート,賃貸カテゴリ（掲載種別）,静岡県裾野市稲荷,5.8,22.4,,5,—,—,,—,賃貸のため対象外,,2026-08-09,,https://suumo.jp/chintai/jnc_000108896878/?bc=100519906086,不適合
SUUMO 賃貸 裾野市,裾野市,賃貸アパート,賃貸カテゴリ（掲載種別）,静岡県裾野市稲荷,5.8,22.4,,5,—,—,,—,賃貸のため対象外,,2026-08-09,,https://suumo.jp/chintai/jnc_000108896879/?bc=100519906124,不適合
SUUMO 賃貸 裾野市,裾野市,賃貸アパート,賃貸カテゴリ（掲載種別）,静岡県裾野市稲荷,5.9,22.4,,5,—,—,,—,賃貸のため対象外,,2026-08-02,,https://suumo.jp/chintai/jnc_000108432154/?bc=100514869357,不適合
SUUMO 賃貸 裾野市,裾野市,賃貸アパート,賃貸カテゴリ（掲載種別）,静岡県裾野市伊豆島田,6.3,50.6,,5,田,—,,—,賃貸のため対象外,,2026-07-25,,https://suumo.jp/chintai/jnc_000049267676/?bc=100482425981,不適合
SUUMO 賃貸 裾野市,裾野市,賃貸その他,賃貸カテゴリ（掲載種別）,静岡県裾野市稲荷,8.0,78.4,,5,—,—,,—,賃貸のため対象外,,2026-08-11,,https://suumo.jp/chintai/jnc_000102720801/?bc=100471885226,不適合
SUUMO 賃貸 裾野市,裾野市,賃貸アパート,賃貸カテゴリ（掲載種別）,静岡県裾野市平松,5.5,49.6,,5,—,—,,—,賃貸のため対象外,,2026-08-01,,https://suumo.jp/chintai/jnc_000108599881/?bc=100519751112,不適合
SUUMO 賃貸 裾野市,裾野市,賃貸マンション,賃貸カテゴリ（掲載種別）,静岡県裾野市深良,6.0,50.8,,5,—,—,,—,賃貸のため対象外,,2026-07-25,,https://suumo.jp/chintai/jnc_000082984328/?bc=100506357469,不適合
SUUMO 賃貸 裾野市,裾野市,賃貸マンション,賃貸カテゴリ（掲載種別）,静岡県裾野市富沢,5.0,30.4,,5,—,—,,—,賃貸のため対象外,,2026-07-25,,https://suumo.jp/chintai/jnc_000063492670/?bc=100231020034,適合
SUUMO 賃貸 裾野市,裾野市,賃貸アパート,賃貸カテゴリ（掲載種別）,静岡県裾野市茶畑,5.1,54.0,,5,畑,—,,—,賃貸のため対象外,,2026-08-09,,https://suumo.jp/chintai/jnc_000104592950/?bc=100437497461,不適合
SUUMO 賃貸 裾野市,裾野市,賃貸アパート,賃貸カテゴリ（掲載種別）,静岡県裾野市茶畑,5.1,50.0,,5,畑,—,,—,賃貸のため対象外,,2026-07-25,,https://suumo.jp/chintai/jnc_000108202422/?bc=100394420086,不適合
SUUMO 賃貸 裾野市,裾野市,賃貸マンション,賃貸カテゴリ（掲載種別）,静岡県裾野市公文名,7.0,52.0,,5,—,—,,—,賃貸のため対象外,,2026-07-25,,https://suumo.jp/chintai/jnc_000094990108/?bc=100499497970,不適合
SUUMO 賃貸 裾野市,裾野市,賃貸マンション,賃貸カテゴリ（掲載種別）,静岡県裾野市麦塚,6.7,66.0,,5,—,—,,—,賃貸のため対象外,,2026-08-11,,https://suumo.jp/chintai/jnc_000107364465/?bc=100502814808,不適合
SUUMO 賃貸 裾野市,裾野市,賃貸アパート,賃貸カテゴリ（掲載種別）,静岡県裾野市佐野,6.8,56.4,,5,—,—,,—,賃貸のため対象外,,2026-07-25,,https://suumo.jp/chintai/jnc_000092338971/?bc=100393147798,不適合
SUUMO 賃貸 裾野市,裾野市,賃貸マンション,賃貸カテゴリ（掲載種別）,静岡県裾野市佐野,6.2,54.1,,5,畑,—,,—,賃貸のため対象外,,2026-07-25,,https://suumo.jp/chintai/jnc_000108368475/?bc=100464496896,不適合
SUUMO 賃貸 裾野市,裾野市,賃貸マンション,賃貸カテゴリ（掲載種別）,静岡県裾野市佐野,6.2,54.1,,5,畑,—,,—,賃貸のため対象外,,2026-07-25,,https://suumo.jp/chintai/jnc_000108368474/?bc=100518537191,不適合
SUUMO 賃貸 裾野市,裾野市,賃貸アパート,賃貸カテゴリ（掲載種別）,静岡県裾野市公文名,4.5,40.5,,5,—,—,,—,賃貸のため対象外,,2026-07-25,,https://suumo.jp/chintai/jnc_000081945448/?bc=100506884842,適合
SUUMO 賃貸 裾野市,裾野市,賃貸マンション,賃貸カテゴリ（掲載種別）,静岡県裾野市茶畑,4.8,30.1,,5,畑,—,,—,賃貸のため対象外,,2026-07-25,,https://suumo.jp/chintai/jnc_000087014895/?bc=100517406347,適合
SUUMO 賃貸 裾野市,裾野市,賃貸マンション,賃貸カテゴリ（掲載種別）,静岡県裾野市茶畑,5.0,30.1,,5,畑,—,,—,賃貸のため対象外,,2026-07-25,,https://suumo.jp/chintai/jnc_000107947078/?bc=100512602726,適合
SUUMO 賃貸 裾野市,裾野市,賃貸アパート,賃貸カテゴリ（掲載種別）,静岡県裾野市富沢,5.3,22.4,,5,—,—,,—,賃貸のため対象外,,2026-08-09,,https://suumo.jp/chintai/jnc_000108432158/?bc=100514629039,不適合
SUUMO 賃貸 裾野市,裾野市,賃貸マンション,賃貸カテゴリ（掲載種別）,静岡県裾野市公文名,4.7,30.4,,5,—,—,,—,賃貸のため対象外,,2026-07-25,,https://suumo.jp/chintai/jnc_000076610037/?bc=100295922417,適合
SUUMO 賃貸 裾野市,裾野市,賃貸マンション,賃貸カテゴリ（掲載種別）,静岡県裾野市佐野,4.7,30.4,,5,畑,—,,—,賃貸のため対象外,,2026-07-25,,https://suumo.jp/chintai/jnc_000077616800/?bc=100464863657,適合
SUUMO 賃貸 裾野市,裾野市,賃貸マンション,賃貸カテゴリ（掲載種別）,静岡県裾野市岩波,4.5,29.8,,5,—,—,,—,賃貸のため対象外,,2026-07-25,,https://suumo.jp/chintai/jnc_000050415238/?bc=100505088113,適合
SUUMO 賃貸 裾野市,裾野市,賃貸マンション,賃貸カテゴリ（掲載種別）,静岡県裾野市茶畑,4.9,51.0,,5,畑,—,,—,賃貸のため対象外,,2026-07-25,,https://suumo.jp/chintai/jnc_000071127771/?bc=100508800602,適合
SUUMO 賃貸 裾野市,裾野市,賃貸マンション,賃貸カテゴリ（掲載種別）,静岡県裾野市茶畑,4.9,51.0,,5,畑,—,,—,賃貸のため対象外,,2026-07-25,,https://suumo.jp/chintai/jnc_000060250917/?bc=100507678614,適合
SUUMO 賃貸 裾野市,裾野市,賃貸アパート,賃貸カテゴリ（掲載種別）,静岡県裾野市佐野,5.5,38.8,,5,—,—,,—,賃貸のため対象外,,2026-07-25,,https://suumo.jp/chintai/jnc_000031733574/?bc=100511793847,不適合
SUUMO 賃貸 裾野市,裾野市,賃貸マンション,賃貸カテゴリ（掲載種別）,静岡県裾野市石脇,5.0,50.0,,5,—,—,,—,賃貸のため対象外,,2026-08-11,,https://suumo.jp/chintai/jnc_000093562977/?bc=100491313968,適合
SUUMO 賃貸 裾野市,裾野市,賃貸アパート,賃貸カテゴリ（掲載種別）,静岡県裾野市金沢,5.7,23.2,,5,—,—,,—,賃貸のため対象外,,2026-07-26,,https://suumo.jp/chintai/jnc_000108754656/?bc=100518643804,不適合
SUUMO 賃貸 裾野市,裾野市,賃貸アパート,賃貸カテゴリ（掲載種別）,静岡県裾野市金沢,6.7,23.6,,5,—,—,,—,賃貸のため対象外,,2026-08-02,,https://suumo.jp/chintai/jnc_000108896880/?bc=100519860071,不適合
SUUMO 賃貸 裾野市,裾野市,賃貸アパート,賃貸カテゴリ（掲載種別）,静岡県裾野市石脇,5.5,50.0,,5,—,—,,—,賃貸のため対象外,,2026-07-25,,https://suumo.jp/chintai/jnc_000102227045/?bc=100401050553,不適合
SUUMO 賃貸 裾野市,裾野市,賃貸マンション,賃貸カテゴリ（掲載種別）,静岡県裾野市佐野,4.5,30.4,,5,—,—,,—,賃貸のため対象外,,2026-07-25,,https://suumo.jp/chintai/jnc_000098762768/?bc=100323007957,適合
SUUMO 賃貸 裾野市,裾野市,賃貸マンション,賃貸カテゴリ（掲載種別）,静岡県裾野市岩波,4.9,31.1,,5,—,—,,—,賃貸のため対象外,,2026-07-25,,https://suumo.jp/chintai/jnc_000068171257/?bc=100509265009,適合
SUUMO 賃貸 裾野市,裾野市,賃貸マンション,賃貸カテゴリ（掲載種別）,静岡県裾野市岩波,4.9,31.1,,5,—,—,,—,賃貸のため対象外,,2026-07-25,,https://suumo.jp/chintai/jnc_000013972879/?bc=100373010548,適合
SUUMO 賃貸 裾野市,裾野市,賃貸アパート,賃貸カテゴリ（掲載種別）,静岡県裾野市茶畑,4.5,39.7,,5,畑,—,,—,賃貸のため対象外,,2026-07-25,,https://suumo.jp/chintai/jnc_000090489659/?bc=100439711100,適合
SUUMO 賃貸 裾野市,裾野市,賃貸アパート,賃貸カテゴリ（掲載種別）,静岡県裾野市茶畑,5.2,39.7,,5,畑,—,,—,賃貸のため対象外,,2026-07-25,,https://suumo.jp/chintai/jnc_000090489658/?bc=100439711098,不適合
SUUMO 賃貸 裾野市,裾野市,賃貸アパート,賃貸カテゴリ（掲載種別）,静岡県裾野市今里,4.8,51.0,,5,—,—,,—,賃貸のため対象外,,2026-07-25,,https://suumo.jp/chintai/jnc_000022382113/?bc=100501312891,適合
SUUMO 賃貸 裾野市,裾野市,賃貸マンション,賃貸カテゴリ（掲載種別）,静岡県裾野市御宿,4.4,31.2,,5,—,—,,—,賃貸のため対象外,,2026-07-26,,https://suumo.jp/chintai/jnc_000047824782/?bc=100300708137,適合
SUUMO 賃貸 裾野市,裾野市,賃貸マンション,賃貸カテゴリ（掲載種別）,静岡県裾野市御宿,4.4,31.2,,5,—,—,,—,賃貸のため対象外,,2026-07-26,,https://suumo.jp/chintai/jnc_000045509311/?bc=100518685924,適合
SUUMO 賃貸 裾野市,裾野市,賃貸マンション,賃貸カテゴリ（掲載種別）,静岡県裾野市御宿,4.4,30.4,,5,—,—,,—,賃貸のため対象外,,2026-07-26,,https://suumo.jp/chintai/jnc_000047864541/?bc=100293718998,適合
SUUMO 賃貸 裾野市,裾野市,賃貸マンション,賃貸カテゴリ（掲載種別）,静岡県裾野市御宿,4.4,30.4,,5,—,—,,—,賃貸のため対象外,,2026-07-26,,https://suumo.jp/chintai/jnc_000087053565/?bc=100357532660,適合
SUUMO 賃貸 裾野市,裾野市,賃貸マンション,賃貸カテゴリ（掲載種別）,静岡県裾野市御宿,4.5,31.2,,5,—,—,,—,賃貸のため対象外,,2026-07-26,,https://suumo.jp/chintai/jnc_000019790284/?bc=100332546144,適合
SUUMO 賃貸 裾野市,裾野市,賃貸戸建,賃貸カテゴリ（掲載種別）,静岡県裾野市稲荷,6.6,104.9,,5,—,—,,—,賃貸のため対象外,,2026-08-01,関心:戸建,https://suumo.jp/chintai/jnc_000108918132/?bc=100510224873,不適合
SUUMO 賃貸 裾野市,裾野市,賃貸アパート,賃貸カテゴリ（掲載種別）,静岡県裾野市桃園,4.5,45.0,,5,—,—,,—,賃貸のため対象外,,2026-08-11,,https://suumo.jp/chintai/jnc_000098921229/?bc=100463870575,適合
SUUMO 賃貸 裾野市,裾野市,賃貸マンション,賃貸カテゴリ（掲載種別）,静岡県裾野市茶畑,4.9,28.9,,5,畑,—,,—,賃貸のため対象外,,2026-07-25,,https://suumo.jp/chintai/jnc_000049027128/?bc=100508394939,適合
SUUMO 賃貸 裾野市,裾野市,賃貸マンション,賃貸カテゴリ（掲載種別）,静岡県裾野市茶畑,4.9,28.9,,5,畑,—,,—,賃貸のため対象外,,2026-07-25,,https://suumo.jp/chintai/jnc_000107652169/?bc=100510389883,適合
SUUMO 賃貸 裾野市,裾野市,賃貸マンション,賃貸カテゴリ（掲載種別）,静岡県裾野市富沢,4.3,30.4,,5,—,—,,—,賃貸のため対象外,,2026-08-02,,https://suumo.jp/chintai/jnc_000081490283/?bc=100519333185,適合
SUUMO 賃貸 裾野市,裾野市,賃貸マンション,賃貸カテゴリ（掲載種別）,静岡県裾野市富沢,4.3,30.4,,5,—,—,,—,賃貸のため対象外,,2026-08-02,,https://suumo.jp/chintai/jnc_000082991462/?bc=100519898897,適合
SUUMO 賃貸 裾野市,裾野市,賃貸マンション,賃貸カテゴリ（掲載種別）,静岡県裾野市二ツ屋,4.2,30.4,,5,—,—,,—,賃貸のため対象外,,2026-08-11,,https://suumo.jp/chintai/jnc_000084580918/?bc=100508860743,適合
SUUMO 賃貸 裾野市,裾野市,賃貸マンション,賃貸カテゴリ（掲載種別）,静岡県裾野市茶畑,4.5,39.7,,5,畑,—,,—,賃貸のため対象外,,2026-08-07,,https://suumo.jp/chintai/jnc_000029563391/?bc=100501783479,適合
SUUMO 賃貸 裾野市,裾野市,賃貸マンション,賃貸カテゴリ（掲載種別）,静岡県裾野市茶畑,5.2,39.6,,5,畑,—,,—,賃貸のため対象外,,2026-08-11,,https://suumo.jp/chintai/jnc_000088158909/?bc=100469431058,不適合
SUUMO 賃貸 裾野市,裾野市,賃貸マンション,賃貸カテゴリ（掲載種別）,静岡県裾野市伊豆島田,4.5,30.4,,5,田,—,,—,賃貸のため対象外,,2026-08-08,,https://suumo.jp/chintai/jnc_000076963612/?bc=100507157416,適合
SUUMO 賃貸 裾野市,裾野市,賃貸マンション,賃貸カテゴリ（掲載種別）,静岡県裾野市上ケ田,6.7,73.8,,5,田,—,,—,賃貸のため対象外,,2026-08-02,,https://suumo.jp/chintai/jnc_000108918131/?bc=100520010823,不適合
SUUMO 賃貸 裾野市,裾野市,賃貸アパート,賃貸カテゴリ（掲載種別）,静岡県裾野市御宿,5.5,46.3,,5,—,—,,—,賃貸のため対象外,,2026-08-01,,https://suumo.jp/chintai/jnc_000108918133/?bc=100490728069,不適合
SUUMO 賃貸 裾野市,裾野市,賃貸アパート,賃貸カテゴリ（掲載種別）,静岡県裾野市二ツ屋,4.2,40.9,,5,—,—,,—,賃貸のため対象外,,2026-07-25,,https://suumo.jp/chintai/jnc_000108500541/?bc=100510521898,適合
SUUMO 賃貸 裾野市,裾野市,賃貸アパート,賃貸カテゴリ（掲載種別）,静岡県裾野市桃園,4.5,43.0,,5,—,—,,—,賃貸のため対象外,,2026-08-11,,https://suumo.jp/chintai/jnc_000099342825/?bc=100463870905,適合
SUUMO 賃貸 裾野市,裾野市,賃貸アパート,賃貸カテゴリ（掲載種別）,静岡県裾野市桃園,5.5,43.0,,5,—,—,,—,賃貸のため対象外,,2026-07-25,,https://suumo.jp/chintai/jnc_000105866362/?bc=100496749279,不適合
SUUMO 賃貸 裾野市,裾野市,賃貸アパート,賃貸カテゴリ（掲載種別）,静岡県裾野市御宿,5.3,49.0,,5,—,—,,—,賃貸のため対象外,,2026-07-25,,https://suumo.jp/chintai/jnc_000062387183/?bc=100339595075,不適合
SUUMO 賃貸 裾野市,裾野市,賃貸アパート,賃貸カテゴリ（掲載種別）,静岡県裾野市御宿,5.5,50.9,,5,—,—,,—,賃貸のため対象外,,2026-07-25,,https://suumo.jp/chintai/jnc_000106636881/?bc=100440700718,不適合
SUUMO 賃貸 裾野市,裾野市,賃貸アパート,賃貸カテゴリ（掲載種別）,静岡県裾野市御宿,5.5,50.9,,5,—,—,,—,賃貸のため対象外,,2026-07-25,,https://suumo.jp/chintai/jnc_000106636880/?bc=100324378892,不適合
SUUMO 賃貸 裾野市,裾野市,賃貸アパート,賃貸カテゴリ（掲載種別）,静岡県裾野市茶畑,4.5,39.7,,5,畑,—,,—,賃貸のため対象外,,2026-07-25,,https://suumo.jp/chintai/jnc_000108273125/?bc=100515249380,適合
SUUMO 賃貸 裾野市,裾野市,賃貸アパート,賃貸カテゴリ（掲載種別）,静岡県裾野市深良,4.9,55.0,,5,—,—,,—,賃貸のため対象外,,2026-07-25,,https://suumo.jp/chintai/jnc_000106714230/?bc=100498847651,適合
SUUMO 賃貸 裾野市,裾野市,賃貸マンション,賃貸カテゴリ（掲載種別）,静岡県裾野市岩波,5.7,24.8,,5,—,—,,—,賃貸のため対象外,,2026-08-05,,https://suumo.jp/chintai/jnc_000108987939/?bc=100514629496,不適合
SUUMO 賃貸 裾野市,裾野市,賃貸マンション,賃貸カテゴリ（掲載種別）,静岡県裾野市佐野,5.0,30.4,,5,—,—,,—,賃貸のため対象外,,2026-07-25,,https://suumo.jp/chintai/jnc_000055723724/?bc=100454397106,適合
SUUMO 賃貸 裾野市,裾野市,賃貸マンション,賃貸カテゴリ（掲載種別）,静岡県裾野市千福,4.6,31.5,,5,—,—,,—,賃貸のため対象外,,2026-07-25,,https://suumo.jp/chintai/jnc_000101387014/?bc=100459068788,適合
SUUMO 賃貸 裾野市,裾野市,賃貸マンション,賃貸カテゴリ（掲載種別）,静岡県裾野市今里,3.6,19.0,,5,—,—,,—,賃貸のため対象外,,2026-07-25,,https://suumo.jp/chintai/jnc_000092383458/?bc=100393401787,適合
SUUMO 賃貸 裾野市,裾野市,賃貸アパート,賃貸カテゴリ（掲載種別）,静岡県裾野市佐野,4.8,32.0,,5,—,—,,—,賃貸のため対象外,,2026-08-11,,https://suumo.jp/chintai/jnc_000108783943/?bc=100511539426,適合
SUUMO 賃貸 裾野市,裾野市,賃貸マンション,賃貸カテゴリ（掲載種別）,静岡県裾野市佐野,4.0,25.6,,5,田,—,,—,賃貸のため対象外,,2026-07-25,,https://suumo.jp/chintai/jnc_000098075051/?bc=100487362259,適合
SUUMO 賃貸 裾野市,裾野市,賃貸マンション,賃貸カテゴリ（掲載種別）,静岡県裾野市佐野,4.5,34.6,,5,田,—,,—,賃貸のため対象外,,2026-07-25,,https://suumo.jp/chintai/jnc_000106833230/?bc=100504324908,適合
SUUMO 賃貸 裾野市,裾野市,賃貸マンション,賃貸カテゴリ（掲載種別）,静岡県裾野市今里,5.0,25.0,,5,—,—,,—,賃貸のため対象外,,2026-07-25,,https://suumo.jp/chintai/jnc_000068972329/?bc=100489830091,適合
SUUMO 賃貸 裾野市,裾野市,賃貸マンション,賃貸カテゴリ（掲載種別）,静岡県裾野市今里,5.0,24.0,,5,—,—,,—,賃貸のため対象外,,2026-08-03,,https://suumo.jp/chintai/jnc_000038285774/?bc=100288457147,適合
SUUMO 賃貸 裾野市,裾野市,賃貸マンション,賃貸カテゴリ（掲載種別）,静岡県裾野市今里,5.0,24.0,,5,—,—,,—,賃貸のため対象外,,2026-08-11,,https://suumo.jp/chintai/jnc_000036508017/?bc=100511539409,適合
SUUMO 賃貸 裾野市,裾野市,賃貸マンション,賃貸カテゴリ（掲載種別）,静岡県裾野市深良,4.9,58.9,,5,—,—,,—,賃貸のため対象外,,2026-07-25,,https://suumo.jp/chintai/jnc_000106416435/?bc=100382766612,適合
SUUMO 賃貸 裾野市,裾野市,賃貸マンション,賃貸カテゴリ（掲載種別）,静岡県裾野市深良,4.9,58.9,,5,—,—,,—,賃貸のため対象外,,2026-07-25,,https://suumo.jp/chintai/jnc_000106416434/?bc=100481236755,適合
SUUMO 賃貸 裾野市,裾野市,賃貸アパート,賃貸カテゴリ（掲載種別）,静岡県裾野市佐野,3.5,28.9,,5,—,—,,—,賃貸のため対象外,,2026-07-25,,https://suumo.jp/chintai/jnc_000068984107/?bc=100512595771,適合
SUUMO 賃貸 裾野市,裾野市,賃貸アパート,賃貸カテゴリ（掲載種別）,静岡県裾野市佐野,4.2,28.9,,5,—,—,,—,賃貸のため対象外,,2026-07-25,,https://suumo.jp/chintai/jnc_000107947077/?bc=100454344549,適合
SUUMO 賃貸 裾野市,裾野市,賃貸アパート,賃貸カテゴリ（掲載種別）,静岡県裾野市平松,4.8,39.0,,5,—,—,,—,賃貸のため対象外,,2026-08-01,,https://suumo.jp/chintai/jnc_000091072060/?bc=100479017791,適合
SUUMO 賃貸 裾野市,裾野市,賃貸アパート,賃貸カテゴリ（掲載種別）,静岡県裾野市平松,4.8,39.0,,5,—,—,,—,賃貸のため対象外,,2026-08-01,,https://suumo.jp/chintai/jnc_000103664644/?bc=100479459584,適合
SUUMO 賃貸 裾野市,裾野市,賃貸アパート,賃貸カテゴリ（掲載種別）,静岡県裾野市平松,4.8,39.0,,5,—,—,,—,賃貸のため対象外,,2026-08-01,,https://suumo.jp/chintai/jnc_000080983535/?bc=100463865199,適合
SUUMO 賃貸 裾野市,裾野市,賃貸マンション,賃貸カテゴリ（掲載種別）,静岡県裾野市富沢,3.8,30.4,,5,—,—,,—,賃貸のため対象外,,2026-07-25,,https://suumo.jp/chintai/jnc_000098951176/?bc=100502376478,適合
SUUMO 賃貸 裾野市,裾野市,賃貸アパート,賃貸カテゴリ（掲載種別）,静岡県裾野市茶畑,4.5,40.0,,5,畑,—,,—,賃貸のため対象外,,2026-07-25,,https://suumo.jp/chintai/jnc_000071215768/?bc=100176909092,適合
SUUMO 賃貸 裾野市,裾野市,賃貸アパート,賃貸カテゴリ（掲載種別）,静岡県裾野市茶畑,4.5,40.0,,5,畑,—,,—,賃貸のため対象外,,2026-07-25,,https://suumo.jp/chintai/jnc_000053608550/?bc=100266504050,適合
SUUMO 賃貸 裾野市,裾野市,賃貸アパート,賃貸カテゴリ（掲載種別）,静岡県裾野市御宿,3.5,19.7,,5,—,—,,—,賃貸のため対象外,,2026-07-25,,https://suumo.jp/chintai/jnc_000108049247/?bc=100310414773,適合
SUUMO 賃貸 裾野市,裾野市,賃貸アパート,賃貸カテゴリ（掲載種別）,静岡県裾野市御宿,3.5,19.7,,5,—,—,,—,賃貸のため対象外,,2026-07-25,,https://suumo.jp/chintai/jnc_000108049248/?bc=100513503678,適合
SUUMO 賃貸 裾野市,裾野市,賃貸アパート,賃貸カテゴリ（掲載種別）,静岡県裾野市御宿,3.8,19.7,,5,—,—,,—,賃貸のため対象外,,2026-07-25,,https://suumo.jp/chintai/jnc_000057552222/?bc=100285818587,適合
SUUMO 賃貸 裾野市,裾野市,賃貸マンション,賃貸カテゴリ（掲載種別）,静岡県裾野市茶畑,3.8,28.4,,5,畑,—,,—,賃貸のため対象外,,2026-08-02,,https://suumo.jp/chintai/jnc_000094244318/?bc=100472789587,適合
SUUMO 賃貸 裾野市,裾野市,賃貸マンション,賃貸カテゴリ（掲載種別）,静岡県裾野市茶畑,4.0,28.4,,5,畑,—,,—,賃貸のため対象外,,2026-08-02,,https://suumo.jp/chintai/jnc_000083830660/?bc=100509302188,適合
SUUMO 賃貸 裾野市,裾野市,賃貸マンション,賃貸カテゴリ（掲載種別）,静岡県裾野市茶畑,4.0,28.4,,5,畑,—,,—,賃貸のため対象外,,2026-08-02,,https://suumo.jp/chintai/jnc_000083830662/?bc=100508800614,適合
SUUMO 賃貸 裾野市,裾野市,賃貸マンション,賃貸カテゴリ（掲載種別）,静岡県裾野市茶畑,4.1,28.4,,5,畑,—,,—,賃貸のため対象外,,2026-08-02,,https://suumo.jp/chintai/jnc_000085514802/?bc=100299729358,適合
SUUMO 賃貸 裾野市,裾野市,賃貸マンション,賃貸カテゴリ（掲載種別）,静岡県裾野市茶畑,4.1,28.4,,5,畑,—,,—,賃貸のため対象外,,2026-08-02,,https://suumo.jp/chintai/jnc_000083830664/?bc=100319966242,適合
SUUMO 賃貸 裾野市,裾野市,賃貸マンション,賃貸カテゴリ（掲載種別）,静岡県裾野市茶畑,4.2,28.4,,5,畑,—,,—,賃貸のため対象外,,2026-08-02,,https://suumo.jp/chintai/jnc_000106826152/?bc=100504244395,適合
SUUMO 賃貸 裾野市,裾野市,賃貸マンション,賃貸カテゴリ（掲載種別）,静岡県裾野市茶畑,4.2,28.4,,5,畑,—,,—,賃貸のため対象外,,2026-08-02,,https://suumo.jp/chintai/jnc_000089475809/?bc=100372832415,適合
SUUMO 賃貸 裾野市,裾野市,賃貸マンション,賃貸カテゴリ（掲載種別）,静岡県裾野市茶畑,4.2,28.4,,5,畑,—,,—,賃貸のため対象外,,2026-08-02,,https://suumo.jp/chintai/jnc_000083830669/?bc=100312281272,適合
SUUMO 賃貸 裾野市,裾野市,賃貸マンション,賃貸カテゴリ（掲載種別）,静岡県裾野市茶畑,4.2,28.4,,5,畑,—,,—,賃貸のため対象外,,2026-08-02,,https://suumo.jp/chintai/jnc_000083830670/?bc=100311344568,適合
SUUMO 賃貸 裾野市,裾野市,賃貸アパート,賃貸カテゴリ（掲載種別）,静岡県裾野市久根,4.5,39.0,,5,—,—,,—,賃貸のため対象外,,2026-07-25,,https://suumo.jp/chintai/jnc_000057988882/?bc=100197539456,適合
SUUMO 賃貸 裾野市,裾野市,賃貸アパート,賃貸カテゴリ（掲載種別）,静岡県裾野市石脇,4.6,46.4,,5,—,—,,—,賃貸のため対象外,,2026-07-25,,https://suumo.jp/chintai/jnc_000070986314/?bc=100265275949,適合
SUUMO 賃貸 裾野市,裾野市,賃貸アパート,賃貸カテゴリ（掲載種別）,静岡県裾野市平松,4.2,40.7,,5,—,—,,—,賃貸のため対象外,,2026-07-25,,https://suumo.jp/chintai/jnc_000108193485/?bc=100514730796,適合
SUUMO 賃貸 裾野市,裾野市,賃貸アパート,賃貸カテゴリ（掲載種別）,静岡県裾野市公文名,3.7,27.0,,5,—,—,,—,賃貸のため対象外,,2026-07-25,,https://suumo.jp/chintai/jnc_000033747857/?bc=100341593057,適合
SUUMO 賃貸 裾野市,裾野市,賃貸アパート,賃貸カテゴリ（掲載種別）,静岡県裾野市御宿,4.5,37.0,,5,—,—,,—,賃貸のため対象外,,2026-07-25,,https://suumo.jp/chintai/jnc_000107907278/?bc=100512288265,適合
SUUMO 賃貸 裾野市,裾野市,賃貸アパート,賃貸カテゴリ（掲載種別）,静岡県裾野市御宿,4.8,37.0,,5,—,—,,—,賃貸のため対象外,,2026-07-25,,https://suumo.jp/chintai/jnc_000104592956/?bc=100507612908,適合
SUUMO 賃貸 裾野市,裾野市,賃貸アパート,賃貸カテゴリ（掲載種別）,静岡県裾野市御宿,4.8,37.0,,5,—,—,,—,賃貸のため対象外,,2026-07-25,,https://suumo.jp/chintai/jnc_000106327380/?bc=100512735398,適合
SUUMO 賃貸 裾野市,裾野市,賃貸アパート,賃貸カテゴリ（掲載種別）,静岡県裾野市佐野,3.5,28.9,,5,—,—,,—,賃貸のため対象外,,2026-08-09,,https://suumo.jp/chintai/jnc_000068688279/?bc=100512643631,適合
SUUMO 賃貸 裾野市,裾野市,賃貸アパート,賃貸カテゴリ（掲載種別）,静岡県裾野市佐野,4.2,36.9,,5,—,—,,—,賃貸のため対象外,,2026-07-25,,https://suumo.jp/chintai/jnc_000107952561/?bc=100463866565,適合
SUUMO 賃貸 裾野市,裾野市,賃貸アパート,賃貸カテゴリ（掲載種別）,静岡県裾野市公文名,4.0,35.0,,5,—,—,,—,賃貸のため対象外,,2026-07-25,,https://suumo.jp/chintai/jnc_000013972910/?bc=100463865272,適合
SUUMO 賃貸 裾野市,裾野市,賃貸アパート,賃貸カテゴリ（掲載種別）,静岡県裾野市平松,4.5,30.4,,5,—,—,,—,賃貸のため対象外,,2026-07-27,,https://suumo.jp/chintai/jnc_000108580879/?bc=100517252202,適合
SUUMO 賃貸 裾野市,裾野市,賃貸アパート,賃貸カテゴリ（掲載種別）,静岡県裾野市平松,4.5,30.4,,5,—,—,,—,賃貸のため対象外,,2026-07-27,,https://suumo.jp/chintai/jnc_000108580880/?bc=100517252203,適合
SUUMO 賃貸 裾野市,裾野市,賃貸アパート,賃貸カテゴリ（掲載種別）,静岡県裾野市平松,3.7,23.0,,5,—,—,,—,賃貸のため対象外,,2026-07-25,,https://suumo.jp/chintai/jnc_000099244968/?bc=100442670365,適合
SUUMO 賃貸 裾野市,裾野市,賃貸アパート,賃貸カテゴリ（掲載種別）,静岡県裾野市茶畑,4.6,39.0,,5,畑,—,,—,賃貸のため対象外,,2026-08-11,,https://suumo.jp/chintai/jnc_000105366176/?bc=100492744611,適合
SUUMO 賃貸 裾野市,裾野市,賃貸マンション,賃貸カテゴリ（掲載種別）,静岡県裾野市平松,4.3,29.1,,5,—,—,,—,賃貸のため対象外,,2026-08-10,,https://suumo.jp/chintai/jnc_000105854491/?bc=100496615569,適合
SUUMO 賃貸 裾野市,裾野市,賃貸マンション,賃貸カテゴリ（掲載種別）,静岡県裾野市平松,4.3,19.0,,5,—,—,,—,賃貸のため対象外,,2026-08-10,,https://suumo.jp/chintai/jnc_000105839670/?bc=100496461895,適合
SUUMO 賃貸 裾野市,裾野市,賃貸アパート,賃貸カテゴリ（掲載種別）,静岡県裾野市水窪,4.0,33.0,,5,—,—,,—,賃貸のため対象外,,2026-08-04,,https://suumo.jp/chintai/jnc_000108944291/?bc=100520281263,適合
SUUMO 賃貸 裾野市,裾野市,賃貸アパート,賃貸カテゴリ（掲載種別）,静岡県裾野市深良,3.9,38.2,,5,—,—,,—,賃貸のため対象外,,2026-07-25,,https://suumo.jp/chintai/jnc_000092543469/?bc=100349149146,適合
SUUMO 賃貸 裾野市,裾野市,賃貸アパート,賃貸カテゴリ（掲載種別）,静岡県裾野市今里,3.6,19.0,,5,—,—,,—,賃貸のため対象外,,2026-07-25,,https://suumo.jp/chintai/jnc_000068329984/?bc=100250560050,適合
SUUMO 賃貸 裾野市,裾野市,賃貸アパート,賃貸カテゴリ（掲載種別）,静岡県裾野市茶畑,3.9,30.5,,5,畑,—,,—,賃貸のため対象外,,2026-07-25,,https://suumo.jp/chintai/jnc_000107379883/?bc=100483591780,適合
SUUMO 賃貸 裾野市,裾野市,賃貸アパート,賃貸カテゴリ（掲載種別）,静岡県裾野市茶畑,3.9,30.5,,5,畑,—,,—,賃貸のため対象外,,2026-07-25,,https://suumo.jp/chintai/jnc_000107379884/?bc=100483591781,適合
SUUMO 賃貸 裾野市,裾野市,賃貸マンション,賃貸カテゴリ（掲載種別）,静岡県裾野市伊豆島田,2.8,24.8,,5,田,—,,—,賃貸のため対象外,,2026-08-11,,https://suumo.jp/chintai/jnc_000108484459/?bc=100405529682,適合
SUUMO 賃貸 裾野市,裾野市,賃貸マンション,賃貸カテゴリ（掲載種別）,静岡県裾野市伊豆島田,2.8,24.8,,5,田,—,,—,賃貸のため対象外,,2026-08-11,,https://suumo.jp/chintai/jnc_000107432695/?bc=100405529812,適合
SUUMO 賃貸 裾野市,裾野市,賃貸マンション,賃貸カテゴリ（掲載種別）,静岡県裾野市伊豆島田,3.7,24.8,,5,田,—,,—,賃貸のため対象外,,2026-07-25,,https://suumo.jp/chintai/jnc_000071140631/?bc=100215247314,適合
SUUMO 賃貸 裾野市,裾野市,賃貸マンション,賃貸カテゴリ（掲載種別）,静岡県裾野市伊豆島田,3.7,24.8,,5,田,—,,—,賃貸のため対象外,,2026-07-25,,https://suumo.jp/chintai/jnc_000063724703/?bc=100215245712,適合
SUUMO 賃貸 裾野市,裾野市,賃貸アパート,賃貸カテゴリ（掲載種別）,静岡県裾野市深良,3.9,23.5,,5,—,—,,—,賃貸のため対象外,,2026-07-25,,https://suumo.jp/chintai/jnc_000060250921/?bc=100270446903,適合
SUUMO 賃貸 裾野市,裾野市,賃貸戸建,賃貸カテゴリ（掲載種別）,静岡県裾野市平松,10.0,78.0,,5,—,—,,—,賃貸のため対象外,,2026-07-25,,https://suumo.jp/chintai/jnc_000094161603/?bc=100406857462,不適合
SUUMO 賃貸 裾野市,裾野市,賃貸マンション,賃貸カテゴリ（掲載種別）,静岡県裾野市平松,3.0,22.5,,5,—,—,,—,賃貸のため対象外,,2026-08-03,,https://suumo.jp/chintai/jnc_000061857994/?bc=100477066788,適合
SUUMO 賃貸 裾野市,裾野市,賃貸アパート,賃貸カテゴリ（掲載種別）,静岡県裾野市石脇,3.8,44.5,,5,—,—,,—,賃貸のため対象外,,2026-07-25,,https://suumo.jp/chintai/jnc_000108342632/?bc=100498072088,適合
SUUMO 賃貸 裾野市,裾野市,賃貸アパート,賃貸カテゴリ（掲載種別）,静岡県裾野市茶畑,3.0,24.7,,5,畑,—,,—,賃貸のため対象外,,2026-08-03,,https://suumo.jp/chintai/jnc_000108936570/?bc=100520192668,適合
SUUMO 賃貸 裾野市,裾野市,賃貸アパート,賃貸カテゴリ（掲載種別）,静岡県裾野市公文名,3.7,27.1,,5,—,—,,—,賃貸のため対象外,,2026-07-25,,https://suumo.jp/chintai/jnc_000078628608/?bc=100352820836,適合
SUUMO 賃貸 裾野市,裾野市,賃貸マンション,賃貸カテゴリ（掲載種別）,静岡県裾野市佐野,4.2,20.2,,5,—,—,,—,賃貸のため対象外,,2026-07-25,,https://suumo.jp/chintai/jnc_000107921165/?bc=100512356214,適合
SUUMO 賃貸 裾野市,裾野市,賃貸アパート,賃貸カテゴリ（掲載種別）,静岡県裾野市水窪,3.98,41.4,,5,—,—,,—,賃貸のため対象外,,2026-08-03,,https://suumo.jp/chintai/jnc_000057880680/?bc=100477066787,適合
SUUMO 賃貸 裾野市,裾野市,賃貸アパート,賃貸カテゴリ（掲載種別）,静岡県裾野市石脇,3.9,40.0,,5,—,—,,—,賃貸のため対象外,,2026-07-25,,https://suumo.jp/chintai/jnc_000106098609/?bc=100498797920,適合
SUUMO 賃貸 裾野市,裾野市,賃貸マンション,賃貸カテゴリ（掲載種別）,静岡県裾野市佐野,12.0,69.4,,5,—,—,,—,賃貸のため対象外,,2026-07-25,,https://suumo.jp/chintai/jnc_000100987162/?bc=100454394971,不適合
SUUMO 賃貸 裾野市,裾野市,賃貸アパート,賃貸カテゴリ（掲載種別）,静岡県裾野市富沢,3.7,21.2,,5,—,—,,—,賃貸のため対象外,,2026-07-25,,https://suumo.jp/chintai/jnc_000106734269/?bc=100343368356,適合
SUUMO 賃貸 裾野市,裾野市,賃貸戸建,賃貸カテゴリ（掲載種別）,静岡県裾野市深良,7.0,70.0,,5,—,—,,—,賃貸のため対象外,,2026-08-02,関心:平屋,https://suumo.jp/chintai/jnc_000108912962/?bc=100519945819,不適合
SUUMO 賃貸 裾野市,裾野市,賃貸アパート,賃貸カテゴリ（掲載種別）,静岡県裾野市御宿,3.9,40.0,,5,—,—,,—,賃貸のため対象外,,2026-08-05,,https://suumo.jp/chintai/jnc_000013973447/?bc=100350449649,適合
SUUMO 賃貸 裾野市,裾野市,賃貸マンション,賃貸カテゴリ（掲載種別）,静岡県裾野市茶畑,3.5,20.3,,5,畑,—,,—,賃貸のため対象外,,2026-07-25,,https://suumo.jp/chintai/jnc_000068361389/?bc=100250724688,適合
SUUMO 賃貸 裾野市,裾野市,賃貸マンション,賃貸カテゴリ（掲載種別）,静岡県裾野市茶畑,3.5,19.8,,5,畑,—,,—,賃貸のため対象外,,2026-07-25,,https://suumo.jp/chintai/jnc_000062512397/?bc=100219727036,適合
SUUMO 賃貸 裾野市,裾野市,賃貸マンション,賃貸カテゴリ（掲載種別）,静岡県裾野市金沢,3.9,38.9,,5,—,—,,—,賃貸のため対象外,,2026-07-25,,https://suumo.jp/chintai/jnc_000097356738/?bc=100428069870,適合
SUUMO 賃貸 裾野市,裾野市,賃貸アパート,賃貸カテゴリ（掲載種別）,静岡県裾野市今里,3.2,19.9,,5,—,—,,—,賃貸のため対象外,,2026-07-25,,https://suumo.jp/chintai/jnc_000108216387/?bc=100514876229,適合
SUUMO 賃貸 裾野市,裾野市,賃貸戸建,賃貸カテゴリ（掲載種別）,静岡県裾野市平松,10.0,79.0,,5,—,—,,—,賃貸のため対象外,,2026-07-25,関心:戸建,https://suumo.jp/chintai/jnc_000094141360/?bc=100406719912,不適合
SUUMO 賃貸 裾野市,裾野市,賃貸戸建,賃貸カテゴリ（掲載種別）,静岡県裾野市平松,10.0,78.0,,5,—,—,,—,賃貸のため対象外,,2026-07-25,関心:戸建,https://suumo.jp/chintai/jnc_000106890426/?bc=100406891859,不適合
SUUMO 賃貸 裾野市,裾野市,賃貸アパート,賃貸カテゴリ（掲載種別）,静岡県裾野市深良,3.5,19.8,,5,—,—,,—,賃貸のため対象外,,2026-07-25,,https://suumo.jp/chintai/jnc_000071964595/?bc=100497292270,適合
SUUMO 賃貸 裾野市,裾野市,賃貸アパート,賃貸カテゴリ（掲載種別）,静岡県裾野市深良,3.5,19.8,,5,—,—,,—,賃貸のため対象外,,2026-07-25,,https://suumo.jp/chintai/jnc_000081612361/?bc=100497292269,適合
SUUMO 賃貸 裾野市,裾野市,賃貸アパート,賃貸カテゴリ（掲載種別）,静岡県裾野市深良,3.5,19.8,,5,—,—,,—,賃貸のため対象外,,2026-07-25,,https://suumo.jp/chintai/jnc_000032338540/?bc=100497292281,適合
SUUMO 賃貸 裾野市,裾野市,賃貸アパート,賃貸カテゴリ（掲載種別）,静岡県裾野市岩波,2.9,26.4,,5,—,—,,—,賃貸のため対象外,,2026-07-25,,https://suumo.jp/chintai/jnc_000105919553/?bc=100486800787,適合
SUUMO 賃貸 裾野市,裾野市,賃貸アパート,賃貸カテゴリ（掲載種別）,静岡県裾野市今里,2.9,18.4,,5,—,—,,—,賃貸のため対象外,,2026-07-25,,https://suumo.jp/chintai/jnc_000072761022/?bc=100467291223,適合
SUUMO 賃貸 裾野市,裾野市,賃貸アパート,賃貸カテゴリ（掲載種別）,静岡県裾野市富沢,8.1,64.6,,5,—,—,,—,賃貸のため対象外,,2026-07-25,,https://suumo.jp/chintai/jnc_000108361373/?bc=100512354584,不適合
SUUMO 賃貸 裾野市,裾野市,賃貸アパート,賃貸カテゴリ（掲載種別）,静岡県裾野市須山,5.5,46.9,,5,—,—,,—,賃貸のため対象外,,2026-07-26,,https://suumo.jp/chintai/jnc_000100654651/?bc=100453150439,不適合
SUUMO 賃貸 裾野市,裾野市,賃貸アパート,賃貸カテゴリ（掲載種別）,静岡県裾野市須山,5.6,65.6,,5,—,—,,—,賃貸のため対象外,,2026-07-25,,https://suumo.jp/chintai/jnc_000102387908/?bc=100469010316,不適合
SUUMO 賃貸 裾野市,裾野市,賃貸アパート,賃貸カテゴリ（掲載種別）,静岡県裾野市佐野,5.9,21.5,,5,—,—,,—,賃貸のため対象外,,2026-08-09,,https://suumo.jp/chintai/jnc_000108896881/?bc=100519906085,不適合
SUUMO 賃貸 裾野市,裾野市,賃貸アパート,賃貸カテゴリ（掲載種別）,静岡県裾野市佐野,5.9,21.5,,5,—,—,,—,賃貸のため対象外,,2026-08-09,,https://suumo.jp/chintai/jnc_000108591871/?bc=100515666441,不適合
SUUMO 賃貸 裾野市,裾野市,賃貸アパート,賃貸カテゴリ（掲載種別）,静岡県裾野市佐野,6.2,21.5,,5,—,—,,—,賃貸のため対象外,,2026-08-09,,https://suumo.jp/chintai/jnc_000108896882/?bc=100519906113,不適合
SUUMO 賃貸 裾野市,裾野市,賃貸アパート,賃貸カテゴリ（掲載種別）,静岡県裾野市千福,5.3,23.2,,5,—,—,,—,賃貸のため対象外,,2026-08-09,,https://suumo.jp/chintai/jnc_000108298221/?bc=100514629040,不適合
SUUMO 賃貸 裾野市,裾野市,賃貸アパート,賃貸カテゴリ（掲載種別）,静岡県裾野市千福,5.6,23.2,,5,—,—,,—,賃貸のため対象外,,2026-08-09,,https://suumo.jp/chintai/jnc_000108298222/?bc=100514629390,不適合
SUUMO 賃貸 裾野市,裾野市,賃貸アパート,賃貸カテゴリ（掲載種別）,静岡県裾野市石脇,8.0,54.5,,5,—,—,,—,賃貸のため対象外,,2026-07-25,,https://suumo.jp/chintai/jnc_000108325957/?bc=100515425771,不適合
SUUMO 賃貸 裾野市,裾野市,賃貸アパート,賃貸カテゴリ（掲載種別）,静岡県裾野市伊豆島田,6.5,23.6,,5,田,—,,—,賃貸のため対象外,,2026-08-09,,https://suumo.jp/chintai/jnc_000108298216/?bc=100514629438,不適合
SUUMO 賃貸 裾野市,裾野市,賃貸アパート,賃貸カテゴリ（掲載種別）,静岡県裾野市千福,5.4,22.7,,5,—,—,,—,賃貸のため対象外,,2026-08-09,,https://suumo.jp/chintai/jnc_000108379490/?bc=100515666294,不適合
SUUMO 賃貸 裾野市,裾野市,賃貸アパート,賃貸カテゴリ（掲載種別）,静岡県裾野市石脇,5.4,22.4,,5,—,—,,—,賃貸のため対象外,,2026-08-09,,https://suumo.jp/chintai/jnc_000108565410/?bc=100514629182,不適合
SUUMO 賃貸 裾野市,裾野市,賃貸アパート,賃貸カテゴリ（掲載種別）,静岡県裾野市石脇,5.4,22.4,,5,—,—,,—,賃貸のため対象外,,2026-08-09,,https://suumo.jp/chintai/jnc_000108298215/?bc=100514629179,不適合
SUUMO 賃貸 裾野市,裾野市,賃貸アパート,賃貸カテゴリ（掲載種別）,静岡県裾野市佐野,4.9,48.8,,5,—,—,,—,賃貸のため対象外,,2026-07-25,,https://suumo.jp/chintai/jnc_000107756328/?bc=100511138443,適合
SUUMO 賃貸 裾野市,裾野市,賃貸マンション,賃貸カテゴリ（掲載種別）,静岡県裾野市石脇,5.0,49.5,,5,—,—,,—,賃貸のため対象外,,2026-07-25,,https://suumo.jp/chintai/jnc_000094532282/?bc=100401587054,適合
SUUMO 賃貸 裾野市,裾野市,賃貸マンション,賃貸カテゴリ（掲載種別）,静岡県裾野市石脇,5.0,49.5,,5,—,—,,—,賃貸のため対象外,,2026-07-25,,https://suumo.jp/chintai/jnc_000090436156/?bc=100379709598,適合
SUUMO 賃貸 裾野市,裾野市,賃貸アパート,賃貸カテゴリ（掲載種別）,静岡県裾野市石脇,5.6,19.9,,5,—,—,,—,賃貸のため対象外,,2026-08-09,,https://suumo.jp/chintai/jnc_000108252191/?bc=100514629363,不適合
SUUMO 賃貸 裾野市,裾野市,賃貸アパート,賃貸カテゴリ（掲載種別）,静岡県裾野市石脇,5.9,23.2,,5,—,—,,—,賃貸のため対象外,,2026-08-09,,https://suumo.jp/chintai/jnc_000108252192/?bc=100514629020,不適合
SUUMO 賃貸 裾野市,裾野市,賃貸アパート,賃貸カテゴリ（掲載種別）,静岡県裾野市茶畑,6.3,45.9,,5,畑,—,,—,賃貸のため対象外,,2026-07-25,,https://suumo.jp/chintai/jnc_000104467390/?bc=100485889109,不適合
SUUMO 賃貸 裾野市,裾野市,賃貸マンション,賃貸カテゴリ（掲載種別）,静岡県裾野市佐野,4.6,30.4,,5,—,—,,—,賃貸のため対象外,,2026-08-08,,https://suumo.jp/chintai/jnc_000098660761/?bc=100464863620,適合
SUUMO 賃貸 裾野市,裾野市,賃貸マンション,賃貸カテゴリ（掲載種別）,静岡県裾野市伊豆島田,5.5,42.1,,5,田,—,,—,賃貸のため対象外,,2026-07-25,,https://suumo.jp/chintai/jnc_000107682299/?bc=100509891787,不適合
SUUMO 賃貸 裾野市,裾野市,賃貸マンション,賃貸カテゴリ（掲載種別）,静岡県裾野市伊豆島田,5.5,42.1,,5,田,—,,—,賃貸のため対象外,,2026-07-25,,https://suumo.jp/chintai/jnc_000107358585/?bc=100507612919,不適合
SUUMO 賃貸 裾野市,裾野市,賃貸アパート,賃貸カテゴリ（掲載種別）,静岡県裾野市御宿,4.5,39.1,,5,—,—,,—,賃貸のため対象外,,2026-07-25,,https://suumo.jp/chintai/jnc_000064828628/?bc=100472789592,適合
SUUMO 賃貸 裾野市,裾野市,賃貸アパート,賃貸カテゴリ（掲載種別）,静岡県裾野市石脇,3.0,29.0,,5,—,—,,—,賃貸のため対象外,,2026-07-25,,https://suumo.jp/chintai/jnc_000105509562/?bc=100497139558,適合
LIFULL 中古戸建 函南町,函南町,空き家,掲載に空き家表記,函南町仁田中古住宅,2480,154.3,53.1,3000,田,—,,不明,接道・区分情報なし。建物ありだが現行法での再建築可否は役場で要確認,,2026-07-30,,https://www.homes.co.jp/kodate/b-1265050002688/,不適合
LIFULL 中古戸建 函南町,函南町,中古戸建,中古戸建/住宅カテゴリ,売中古戸建　田方郡函南町仁田,2100,114.1,60.8,3000,田,—,,不明,接道・区分情報なし。建物ありだが現行法での再建築可否は役場で要確認,,2026-07-03,,https://www.homes.co.jp/kodate/b-1500050000564/,不適合
LIFULL 中古戸建 函南町,,空き家,掲載に空き家表記,南箱根ダイヤランド,3550,308.0,38.1,3000,田,—,,不明,接道・区分情報なし。建物ありだが現行法での再建築可否は役場で要確認,,2026-07-03,注意:温泉 NG:南箱根ダイヤランド,https://www.homes.co.jp/kodate/b-1452060000052/,不適合
LIFULL 中古戸建 函南町,,中古戸建,中古戸建/住宅カテゴリ,南箱根ダイヤランド戸建,2780,356.0,25.8,3000,田,—,,不明,接道・区分情報なし。建物ありだが現行法での再建築可否は役場で要確認,,2026-07-03,注意:別荘地 NG:南箱根ダイヤランド,https://www.homes.co.jp/kodate/b-1111450005500/,適合
LIFULL 中古戸建 函南町,函南町,中古戸建,中古戸建/住宅カテゴリ,函南町上沢中古戸建,1900,132.3,47.5,3000,田,—,,不明,接道・区分情報なし。建物ありだが現行法での再建築可否は役場で要確認,,2026-07-03,,https://www.homes.co.jp/kodate/b-89420000413/,不適合
LIFULL 中古戸建 函南町,,中古戸建,中古戸建/住宅カテゴリ,南箱根ダイヤランド　売戸建,1980,374.0,17.5,3000,畑,—,,不明,接道・区分情報なし。建物ありだが現行法での再建築可否は役場で要確認,,2026-07-03,注意:別荘地 NG:南箱根ダイヤランド,https://www.homes.co.jp/kodate/b-1111450005068/,適合
LIFULL 中古戸建 函南町,函南町,中古戸建,中古戸建/住宅カテゴリ,桧家住宅の家　函南町畑毛中古住宅,3880,222.5,57.6,3000,畑,—,,不明,接道・区分情報なし。建物ありだが現行法での再建築可否は役場で要確認,,2026-07-03,,https://www.homes.co.jp/kodate/b-1265050001977/,不適合
LIFULL 中古戸建 函南町,,中古戸建,中古戸建/住宅カテゴリ,南箱根ダイヤランド　売戸建,2160,415.7,17.2,3000,畑,—,,不明,接道・区分情報なし。建物ありだが現行法での再建築可否は役場で要確認,,2026-08-09,NG:南箱根ダイヤランド,https://www.homes.co.jp/kodate/b-1111450005686/,適合
LIFULL 中古戸建 函南町,函南町,空き家,掲載に空き家表記,函南町平井　中古戸建,3150,202.5,51.4,3000,田,—,,不明,接道・区分情報なし。建物ありだが現行法での再建築可否は役場で要確認,,2026-07-03,,https://www.homes.co.jp/kodate/b-1316560004601/,不適合
LIFULL 中古戸建 函南町,,中古戸建,中古戸建/住宅カテゴリ,南箱根ダイヤランド戸建,1900,480.0,13.1,3000,田,—,,不明,接道・区分情報なし。建物ありだが現行法での再建築可否は役場で要確認,,2026-07-03,注意:温泉 NG:南箱根ダイヤランド,https://www.homes.co.jp/kodate/b-1341600001838/,適合
LIFULL 中古戸建 函南町,函南町,空き家,掲載に空き家表記,函南町柏谷中古住宅,1890,186.2,33.6,3000,宅地,—,接道の為、通常よりも広く建築,不明,接道・区分情報なし。建物ありだが現行法での再建築可否は役場で要確認,,2026-07-03,,https://www.homes.co.jp/kodate/b-1265050002525/,不適合
LIFULL 中古戸建 函南町,,中古戸建,中古戸建/住宅カテゴリ,南箱根ダイヤランド　売戸建,1580,316.0,16.5,3000,田,—,,不明,接道・区分情報なし。建物ありだが現行法での再建築可否は役場で要確認,,2026-07-03,NG:南箱根ダイヤランド,https://www.homes.co.jp/kodate/b-1111450005466/,不適合
LIFULL 中古戸建 函南町,,空き家,掲載に空き家表記,伊豆箱根鉄道駿豆線 大場駅 徒歩27分,4080,165.1,81.7,3000,田,—,,不明,接道・区分情報なし。建物ありだが現行法での再建築可否は役場で要確認,,2026-07-03,,https://www.homes.co.jp/kodate/b-33317990000182/,不適合
LIFULL 中古戸建 函南町,函南町,空き家,掲載に空き家表記,函南町間宮中古住宅,3880,166.8,76.9,3000,田,—,,不明,接道・区分情報なし。建物ありだが現行法での再建築可否は役場で要確認,,2026-07-03,,https://www.homes.co.jp/kodate/b-1265050002142/,不適合
LIFULL 中古戸建 函南町,函南町,中古戸建,中古戸建/住宅カテゴリ,函南町平井　中古戸建,1980,128.9,50.8,3000,宅地,—,,不明,接道・区分情報なし。建物ありだが現行法での再建築可否は役場で要確認,,2026-07-03,,https://www.homes.co.jp/kodate/b-1490460002405/,不適合
LIFULL 中古戸建 函南町,,空き家,掲載に空き家表記,バス 切透し下車 徒歩2分,965,241.4,13.2,3000,田,—,,不明,接道・区分情報なし。建物ありだが現行法での再建築可否は役場で要確認,,2026-07-03,,https://www.homes.co.jp/kodate/b-33313200000050/,不適合
LIFULL 中古戸建 函南町,,空き家,掲載に空き家表記,ヒューマンヒルズ函南１２２号地,1970,307.7,21.2,3000,宅地,—,,不明,接道・区分情報なし。建物ありだが現行法での再建築可否は役場で要確認,,2026-07-11,,https://www.homes.co.jp/kodate/b-1508430000123/,不適合
LIFULL 中古戸建 函南町,,空き家,掲載に空き家表記,南箱根ダイヤランド戸建,2580,356.2,23.9,3000,田,—,,不明,接道・区分情報なし。建物ありだが現行法での再建築可否は役場で要確認,,2026-07-03,注意:温泉 NG:南箱根ダイヤランド,https://www.homes.co.jp/kodate/b-1341600001836/,適合
LIFULL 中古戸建 函南町,,空き家,掲載に空き家表記,ヒューマンヒルズ函南40号地,1780,276.0,21.3,3000,宅地,—,,不明,接道・区分情報なし。建物ありだが現行法での再建築可否は役場で要確認,,2026-07-11,,https://www.homes.co.jp/kodate/b-1508430000113/,不適合
LIFULL 中古戸建 函南町,,空き家,掲載に空き家表記,JR東海道本線 熱海駅 13km,1480,301.7,16.2,3000,畑,—,,不明,接道・区分情報なし。建物ありだが現行法での再建築可否は役場で要確認,,2026-08-02,注意:別荘地/温泉,https://www.homes.co.jp/kodate/b-33311850000800/,不適合
LIFULL 中古戸建 函南町,函南町,中古戸建,中古戸建/住宅カテゴリ,函南町柏谷中古戸建,2490,292.0,28.2,3000,田,—,,不明,接道・区分情報なし。建物ありだが現行法での再建築可否は役場で要確認,,2026-07-03,,https://www.homes.co.jp/kodate/b-93060000056/,不適合
LIFULL 中古戸建 函南町,,空き家,掲載に空き家表記,ヒューマンヒルズ函南,1980,253.9,25.8,3000,宅地,—,,不明,接道・区分情報なし。建物ありだが現行法での再建築可否は役場で要確認,,2026-07-03,注意:別荘地,https://www.homes.co.jp/kodate/b-39036990000092/,不適合
LIFULL 中古戸建 函南町,,空き家,掲載に空き家表記,伊豆エメラルドタウン　ログハウス,390,246.0,5.2,3000,田,—,,不明,接道・区分情報なし。建物ありだが現行法での再建築可否は役場で要確認,,2026-07-30,注意:別荘地 NG:エメラルドタウン,https://www.homes.co.jp/kodate/b-33310640000837/,不適合
LIFULL 中古戸建 函南町,,空き家,掲載に空き家表記,南箱根ダイヤランド　戸建,980,408.0,7.9,3000,田,—,,不明,接道・区分情報なし。建物ありだが現行法での再建築可否は役場で要確認,,2026-07-03,注意:別荘地/温泉 NG:南箱根ダイヤランド,https://www.homes.co.jp/kodate/b-33303660001139/,適合
LIFULL 中古戸建 函南町,函南町,空き家,掲載に空き家表記,売中古戸建　函南町塚本,2200,173.7,41.9,3000,田,—,,不明,接道・区分情報なし。建物ありだが現行法での再建築可否は役場で要確認,,2026-07-03,,https://www.homes.co.jp/kodate/b-1500050000260/,不適合
LIFULL 中古戸建 函南町,,空き家,掲載に空き家表記,ヒューマンヒルズ函南77号地,2150,324.7,21.9,3000,宅地,—,,不明,接道・区分情報なし。建物ありだが現行法での再建築可否は役場で要確認,,2026-07-11,注意:借地/定期借地,https://www.homes.co.jp/kodate/b-1508430000083/,不適合
LIFULL 中古戸建 函南町,函南町,空き家,掲載に空き家表記,函南町上沢中古住宅 離れ付,1080,238.0,15.0,3000,田,—,,不明,接道・区分情報なし。建物ありだが現行法での再建築可否は役場で要確認,,2026-07-03,,https://www.homes.co.jp/kodate/b-1265050002649/,不適合
LIFULL 中古戸建 函南町,,中古戸建,中古戸建/住宅カテゴリ,南箱根ダイヤランド　売戸建,1600,307.5,17.2,3000,田,—,,不明,接道・区分情報なし。建物ありだが現行法での再建築可否は役場で要確認,,2026-07-03,NG:南箱根ダイヤランド,https://www.homes.co.jp/kodate/b-1111450004611/,不適合
LIFULL 中古戸建 函南町,,中古戸建,中古戸建/住宅カテゴリ,南箱根ダイヤランド　売戸建,1680,437.0,12.7,3000,田,—,,不明,接道・区分情報なし。建物ありだが現行法での再建築可否は役場で要確認,,2026-07-03,注意:別荘地/温泉 NG:南箱根ダイヤランド,https://www.homes.co.jp/kodate/b-1111450005487/,適合
LIFULL 中古戸建 函南町,,空き家,掲載に空き家表記,JR東海道本線 函南駅 徒歩35分,750,339.0,7.3,3000,田,—,,不明,接道・区分情報なし。建物ありだが現行法での再建築可否は役場で要確認,,2026-07-31,NG:パサディナタウン,https://www.homes.co.jp/kodate/b-33307660000173/,適合
SUUMO 土地 伊豆市,伊豆市,更地,土地カテゴリ（建物表記なし）,静岡県伊豆市湯ケ島,300,414.5,2.4,3000,—,—,,不明,接道・区分情報なし、詳細/役場で要確認,,2026-07-12,,https://suumo.jp/tochi/shizuoka/sc_izu/nc_20839983/,不適合
SUUMO 土地 伊豆市,伊豆市,更地,土地カテゴリ（建物表記なし）,静岡県伊豆市柏久保,680,196.5,11.4,3000,—,—,,不明,接道・区分情報なし、詳細/役場で要確認,,2026-07-12,,https://suumo.jp/tochi/shizuoka/sc_izu/nc_78841131/,不適合
SUUMO 土地 伊豆市,伊豆市,更地,土地カテゴリ（建物表記なし）,静岡県伊豆市柏久保,730,153.4,15.7,3000,—,—,,不明,接道・区分情報なし、詳細/役場で要確認,,2026-07-12,,https://suumo.jp/tochi/shizuoka/sc_izu/nc_79002295/,不適合
SUUMO 土地 伊豆市,伊豆市,更地,土地カテゴリ（建物表記なし）,静岡県伊豆市柏久保,830,185.0,14.8,3000,—,—,,不明,接道・区分情報なし、詳細/役場で要確認,,2026-08-04,,https://suumo.jp/tochi/shizuoka/sc_izu/nc_20123582/,不適合
SUUMO 土地 伊豆市,伊豆市,更地,土地カテゴリ（建物表記なし）,静岡県伊豆市柏久保,900,257.2,11.6,3000,—,—,,不明,接道・区分情報なし、詳細/役場で要確認,,2026-07-12,,https://suumo.jp/tochi/shizuoka/sc_izu/nc_20069830/,不適合
SUUMO 土地 伊豆市,伊豆市,更地,土地カテゴリ（建物表記なし）,静岡県伊豆市牧之郷,970,188.2,17.0,3000,—,—,,不明,接道・区分情報なし、詳細/役場で要確認,,2026-07-12,,https://suumo.jp/tochi/shizuoka/sc_izu/nc_20748163/,不適合
SUUMO 土地 伊豆市,伊豆市,更地,土地カテゴリ（建物表記なし）,静岡県伊豆市修善寺,1080,217.0,16.5,3000,—,—,,不明,接道・区分情報なし、詳細/役場で要確認,,2026-07-12,,https://suumo.jp/tochi/shizuoka/sc_izu/nc_76312170/,不適合
SUUMO 土地 伊豆市,伊豆市,更地,土地カテゴリ（建物表記なし）,静岡県伊豆市下白岩,1200,670.4,5.9,3000,宅地,—,,不明,接道・区分情報なし、詳細/役場で要確認,,2026-07-12,注意:温泉,https://suumo.jp/tochi/shizuoka/sc_izu/nc_76850124/,不適合
SUUMO 土地 伊豆市,伊豆市,更地,土地カテゴリ（建物表記なし）,静岡県伊豆市熊坂,3685,1015.1,12.0,3000,—,—,,不明,接道・区分情報なし、詳細/役場で要確認,,2026-07-12,,https://suumo.jp/tochi/shizuoka/sc_izu/nc_21208604/,不適合
LIFULL 土地 清水町,,更地,土地カテゴリ（建物表記なし）,【ダイワハウス】セキュレア清水堂庭(建築条件付宅地分譲),2680,165.6,53.5,1500,宅地,—,,不明,接道・区分情報なし、詳細/役場で要確認,,2026-06-19,,https://www.homes.co.jp/tochi/b-17000130016151/,不適合
LIFULL 土地 清水町,清水町,更地,土地カテゴリ（建物表記なし）,【積水ハウス】コモンステージ清水町伏見【建築条件付土地】,2780,151.2,60.8,1500,—,—,,不明,接道・区分情報なし、詳細/役場で要確認,,2026-07-29,,https://www.homes.co.jp/tochi/b-17015760000108/,不適合
LIFULL 土地 清水町,清水町,古家付き土地,土地＋古家/上物の表記,駿東郡清水町堂庭 (三島駅),3080,,,1500,—,—,,不明,接道・区分情報なし。建物ありだが現行法での再建築可否は役場で要確認,,2026-06-19,,https://www.homes.co.jp/tochi/b-33301270000111/,数値不明
LIFULL 土地 清水町,清水町,古家付き土地,土地＋古家/上物の表記,駿東郡清水町徳倉 (沼津駅),950,,,1500,—,—,,不明,接道・区分情報なし。建物ありだが現行法での再建築可否は役場で要確認,,2026-06-19,,https://www.homes.co.jp/tochi/b-1468010001080/,数値不明
LIFULL 土地 清水町,清水町,古家付き土地,土地＋古家/上物の表記,駿東郡清水町長沢 (大岡駅),700,,,1500,—,—,,不明,接道・区分情報なし。建物ありだが現行法での再建築可否は役場で要確認,,2026-06-19,,https://www.homes.co.jp/tochi/b-1500050000474/,数値不明
LIFULL 土地 清水町,清水町,古家付き土地,土地＋古家/上物の表記,駿東郡清水町徳倉 (大場駅),1390,,,1500,—,—,,不明,接道・区分情報なし。建物ありだが現行法での再建築可否は役場で要確認,,2026-06-19,,https://www.homes.co.jp/tochi/b-1500050000401/,数値不明
LIFULL 土地 清水町,清水町,古家付き土地,土地＋古家/上物の表記,駿東郡清水町徳倉 (伊豆仁田駅),1580,,,1500,田,—,,不明,接道・区分情報なし。建物ありだが現行法での再建築可否は役場で要確認,,2026-07-10,,https://www.homes.co.jp/tochi/b-1500050000679/,数値不明
LIFULL 土地 清水町,清水町,更地,土地カテゴリ（建物表記なし）,駿東郡清水町徳倉 (沼津駅),540,,,1500,田,—,,×,掲載に再建築不可の表記（新規建築不可）,,2026-06-23,,https://www.homes.co.jp/tochi/b-33328870000162/,数値不明
LIFULL 土地 清水町,清水町,更地,土地カテゴリ（建物表記なし）,駿東郡清水町徳倉 (沼津駅),1490,,,1500,宅地,—,,不明,接道・区分情報なし、詳細/役場で要確認,,2026-06-19,,https://www.homes.co.jp/tochi/b-1316560004611/,数値不明
LIFULL 土地 清水町,清水町,更地,土地カテゴリ（建物表記なし）,駿東郡清水町徳倉 (沼津駅),1490,,,1500,宅地,—,,不明,接道・区分情報なし、詳細/役場で要確認,,2026-06-19,,https://www.homes.co.jp/tochi/b-1316560004612/,数値不明
LIFULL 土地 清水町,清水町,更地,土地カテゴリ（建物表記なし）,駿東郡清水町徳倉 (沼津駅),1280,,,1500,—,—,,不明,接道・区分情報なし、詳細/役場で要確認,,2026-06-19,,https://www.homes.co.jp/tochi/b-33328200000946/,数値不明
LIFULL 土地 清水町,清水町,更地,土地カテゴリ（建物表記なし）,駿東郡清水町徳倉 (沼津駅),2200,,,1500,田,—,,不明,接道・区分情報なし、詳細/役場で要確認,,2026-06-19,,https://www.homes.co.jp/tochi/b-1540930000262/,数値不明
LIFULL 土地 清水町,清水町,更地,土地カテゴリ（建物表記なし）,駿東郡清水町長沢 (大岡駅),1400,,,1500,宅地,—,,不明,接道・区分情報なし、詳細/役場で要確認,,2026-06-19,,https://www.homes.co.jp/tochi/b-1540930000038/,数値不明
LIFULL 土地 清水町,清水町,更地,土地カテゴリ（建物表記なし）,駿東郡清水町徳倉 (沼津駅),1490,,,1500,田,—,,不明,接道・区分情報なし、詳細/役場で要確認,,2026-06-19,,https://www.homes.co.jp/tochi/b-1540930000043/,数値不明
LIFULL 土地 清水町,清水町,更地,土地カテゴリ（建物表記なし）,駿東郡清水町玉川 (三島駅),1980,,,1500,田,—,,不明,接道・区分情報なし、詳細/役場で要確認,,2026-06-19,,https://www.homes.co.jp/tochi/b-1265050002393/,数値不明
LIFULL 土地 清水町,清水町,古家付き土地,土地＋古家/上物の表記,駿東郡清水町湯川 (三島駅),1840,,,1500,—,—,,不明,接道・区分情報なし。建物ありだが現行法での再建築可否は役場で要確認,,2026-06-19,,https://www.homes.co.jp/tochi/b-1265050002601/,数値不明
LIFULL 土地 清水町,清水町,古家付き土地,土地＋古家/上物の表記,駿東郡清水町徳倉 (三島駅),1980,,,1500,—,—,,不明,接道・区分情報なし。建物ありだが現行法での再建築可否は役場で要確認,,2026-06-19,,https://www.homes.co.jp/tochi/b-1265050002603/,数値不明
LIFULL 土地 清水町,清水町,古家付き土地,土地＋古家/上物の表記,駿東郡清水町徳倉 (沼津駅),1320,,,1500,田,—,,不明,接道・区分情報なし。建物ありだが現行法での再建築可否は役場で要確認,,2026-06-19,,https://www.homes.co.jp/tochi/b-1540930000242/,数値不明
LIFULL 土地 清水町,清水町,更地,土地カテゴリ（建物表記なし）,駿東郡清水町徳倉 (東海バス　徳倉),1709,,,1500,—,—,,不明,接道・区分情報なし、詳細/役場で要確認,,2026-06-19,,https://www.homes.co.jp/tochi/b-33330170000009/,数値不明
LIFULL 土地 清水町,清水町,古家付き土地,土地＋古家/上物の表記,駿東郡清水町徳倉 (三島二日町駅),1390,,,1500,—,—,,不明,接道・区分情報なし。建物ありだが現行法での再建築可否は役場で要確認,,2026-06-19,,https://www.homes.co.jp/tochi/b-1265050002460/,数値不明
LIFULL 土地 清水町,清水町,更地,土地カテゴリ（建物表記なし）,駿東郡清水町徳倉 (沼津駅),2400,,,1500,—,—,,不明,接道・区分情報なし、詳細/役場で要確認,,2026-06-19,,https://www.homes.co.jp/tochi/b-33323360000936/,数値不明
LIFULL 土地 清水町,清水町,更地,土地カテゴリ（建物表記なし）,駿東郡清水町伏見 (三島広小路駅),2700,,,1500,—,—,,不明,接道・区分情報なし、詳細/役場で要確認,,2026-06-19,,https://www.homes.co.jp/tochi/b-33320560000011/,数値不明
LIFULL 土地 清水町,清水町,更地,土地カテゴリ（建物表記なし）,駿東郡清水町伏見 (三島広小路駅),11500,,,1500,田,—,接道面広々♪ ☆買い物便利な,不明,接道・区分情報なし、詳細/役場で要確認,,2026-08-07,,https://www.homes.co.jp/tochi/b-33327210001575/,数値不明
LIFULL 土地 清水町,清水町,更地,土地カテゴリ（建物表記なし）,駿東郡清水町徳倉 (三島駅),8000,,,1500,—,—,,不明,接道・区分情報なし、詳細/役場で要確認,,2026-06-19,,https://www.homes.co.jp/tochi/b-33307030000212/,数値不明
LIFULL 土地 清水町,清水町,更地,土地カテゴリ（建物表記なし）,駿東郡清水町新宿,4380,,,1500,—,—,,不明,接道・区分情報なし、詳細/役場で要確認,,2026-08-03,,https://www.homes.co.jp/tochi/b-1571200000005/,数値不明
LIFULL 土地 清水町,清水町,古家付き土地,土地＋古家/上物の表記,駿東郡清水町徳倉 (沼津駅),1280,,,1500,—,—,,不明,接道・区分情報なし。建物ありだが現行法での再建築可否は役場で要確認,,2026-06-19,,https://www.homes.co.jp/tochi/b-33323360001067/,数値不明
LIFULL 土地 清水町,清水町,古家付き土地,土地＋古家/上物の表記,駿東郡清水町湯川 (三島駅),1980,,,1500,—,—,,不明,接道・区分情報なし。建物ありだが現行法での再建築可否は役場で要確認,,2026-06-19,,https://www.homes.co.jp/tochi/b-33323360000951/,数値不明
SUUMO 賃貸 伊豆市,伊豆市,賃貸アパート,賃貸カテゴリ（掲載種別）,静岡県伊豆市柏久保,5.2,29.4,,5,—,—,,—,賃貸のため対象外,,2026-08-10,,https://suumo.jp/chintai/jnc_000108754659/,不適合
SUUMO 賃貸 伊豆市,伊豆市,賃貸アパート,賃貸カテゴリ（掲載種別）,静岡県伊豆市小立野,6.3,50.2,,5,—,—,,—,賃貸のため対象外,,2026-08-05,,https://suumo.jp/chintai/jnc_000108951091/,不適合
SUUMO 賃貸 伊豆市,伊豆市,賃貸アパート,賃貸カテゴリ（掲載種別）,静岡県伊豆市柏久保,5.2,29.4,,5,—,—,,—,賃貸のため対象外,,2026-07-25,,https://suumo.jp/chintai/jnc_000108711611/,不適合
SUUMO 賃貸 伊豆市,伊豆市,賃貸アパート,賃貸カテゴリ（掲載種別）,静岡県伊豆市修善寺,5.4,55.8,,5,—,—,,—,賃貸のため対象外,,2026-08-03,,https://suumo.jp/chintai/jnc_000108951092/,不適合
SUUMO 賃貸 伊豆市,伊豆市,賃貸アパート,賃貸カテゴリ（掲載種別）,静岡県伊豆市牧之郷,6.0,56.1,,5,—,—,,—,賃貸のため対象外,,2026-08-08,,https://suumo.jp/chintai/jnc_000076093278/,不適合
SUUMO 賃貸 伊豆市,伊豆市,賃貸アパート,賃貸カテゴリ（掲載種別）,静岡県伊豆市牧之郷,4.8,31.8,,5,—,—,,—,賃貸のため対象外,,2026-07-25,,https://suumo.jp/chintai/jnc_000108749208/,適合
SUUMO 賃貸 伊豆市,伊豆市,賃貸マンション,賃貸カテゴリ（掲載種別）,静岡県伊豆市柏久保,5.6,34.5,,5,—,—,,—,賃貸のため対象外,,2026-07-25,,https://suumo.jp/chintai/jnc_000108441637/,不適合
SUUMO 賃貸 伊豆市,伊豆市,賃貸マンション,賃貸カテゴリ（掲載種別）,静岡県伊豆市柏久保,5.9,34.5,,5,—,—,,—,賃貸のため対象外,,2026-07-25,,https://suumo.jp/chintai/jnc_000084293531/,不適合
SUUMO 賃貸 伊豆市,伊豆市,賃貸アパート,賃貸カテゴリ（掲載種別）,静岡県伊豆市熊坂,6.0,50.0,,5,—,—,,—,賃貸のため対象外,,2026-08-07,,https://suumo.jp/chintai/jnc_000109061474/,不適合
SUUMO 賃貸 伊豆市,伊豆市,賃貸アパート,賃貸カテゴリ（掲載種別）,静岡県伊豆市熊坂,6.25,50.0,,5,—,—,,—,賃貸のため対象外,,2026-07-25,,https://suumo.jp/chintai/jnc_000103980484/,不適合
SUUMO 賃貸 伊豆市,伊豆市,賃貸アパート,賃貸カテゴリ（掲載種別）,静岡県伊豆市熊坂,7.75,59.6,,5,—,—,,—,賃貸のため対象外,,2026-07-25,,https://suumo.jp/chintai/jnc_000108532856/,不適合
SUUMO 賃貸 伊豆市,伊豆市,賃貸アパート,賃貸カテゴリ（掲載種別）,静岡県伊豆市修善寺,5.0,45.0,,5,—,—,,—,賃貸のため対象外,,2026-08-09,,https://suumo.jp/chintai/jnc_000109107011/,適合
SUUMO 賃貸 伊豆市,伊豆市,賃貸アパート,賃貸カテゴリ（掲載種別）,静岡県伊豆市熊坂,7.75,59.6,,5,—,—,,—,賃貸のため対象外,,2026-08-08,,https://suumo.jp/chintai/jnc_000109092067/,不適合
SUUMO 賃貸 伊豆市,伊豆市,賃貸アパート,賃貸カテゴリ（掲載種別）,静岡県伊豆市牧之郷,4.6,39.4,,5,—,—,,—,賃貸のため対象外,,2026-07-25,,https://suumo.jp/chintai/jnc_000084293540/,適合
SUUMO 賃貸 伊豆市,伊豆市,賃貸アパート,賃貸カテゴリ（掲載種別）,静岡県伊豆市上白岩,4.3,54.6,,5,—,—,,—,賃貸のため対象外,,2026-08-11,,https://suumo.jp/chintai/jnc_000105820411/,適合
SUUMO 賃貸 伊豆市,伊豆市,賃貸アパート,賃貸カテゴリ（掲載種別）,静岡県伊豆市上白岩,4.7,54.6,,5,—,—,,—,賃貸のため対象外,,2026-08-11,,https://suumo.jp/chintai/jnc_000108742942/,適合
SUUMO 賃貸 伊豆市,伊豆市,賃貸アパート,賃貸カテゴリ（掲載種別）,静岡県伊豆市上白岩,4.7,54.6,,5,—,—,,—,賃貸のため対象外,,2026-08-11,,https://suumo.jp/chintai/jnc_000108742941/,適合
SUUMO 賃貸 伊豆市,伊豆市,賃貸アパート,賃貸カテゴリ（掲載種別）,静岡県伊豆市牧之郷,4.2,47.2,,5,—,—,,—,賃貸のため対象外,,2026-08-07,,https://suumo.jp/chintai/jnc_000107131451/,適合
SUUMO 賃貸 伊豆市,伊豆市,賃貸アパート,賃貸カテゴリ（掲載種別）,静岡県伊豆市瓜生野,4.7,40.9,,5,—,—,,—,賃貸のため対象外,,2026-07-25,,https://suumo.jp/chintai/jnc_000104562337/,適合
SUUMO 賃貸 伊豆市,伊豆市,賃貸アパート,賃貸カテゴリ（掲載種別）,静岡県伊豆市瓜生野,4.7,40.9,,5,—,—,,—,賃貸のため対象外,,2026-07-25,,https://suumo.jp/chintai/jnc_000073279836/,適合
SUUMO 賃貸 伊豆市,伊豆市,賃貸アパート,賃貸カテゴリ（掲載種別）,静岡県伊豆市修善寺,6.0,57.3,,5,—,—,,—,賃貸のため対象外,,2026-07-25,,https://suumo.jp/chintai/jnc_000108735240/,不適合
SUUMO 賃貸 伊豆市,伊豆市,賃貸アパート,賃貸カテゴリ（掲載種別）,静岡県伊豆市牧之郷,4.8,31.8,,5,—,—,,—,賃貸のため対象外,,2026-07-25,,https://suumo.jp/chintai/jnc_000108735241/,適合
SUUMO 賃貸 伊豆市,伊豆市,賃貸アパート,賃貸カテゴリ（掲載種別）,静岡県伊豆市柏久保,5.6,36.5,,5,—,—,,—,賃貸のため対象外,,2026-07-25,,https://suumo.jp/chintai/jnc_000108457783/,不適合
SUUMO 賃貸 伊豆市,伊豆市,賃貸アパート,賃貸カテゴリ（掲載種別）,静岡県伊豆市柏久保,6.0,57.2,,5,—,—,,—,賃貸のため対象外,,2026-08-02,,https://suumo.jp/chintai/jnc_000108933049/,不適合
SUUMO 賃貸 伊豆市,伊豆市,賃貸アパート,賃貸カテゴリ（掲載種別）,静岡県伊豆市上白岩,4.6,54.6,,5,—,—,,—,賃貸のため対象外,,2026-08-03,,https://suumo.jp/chintai/jnc_000098141210/,適合
SUUMO 賃貸 伊豆市,伊豆市,賃貸アパート,賃貸カテゴリ（掲載種別）,静岡県伊豆市上白岩,4.6,54.6,,5,—,—,,—,賃貸のため対象外,,2026-08-03,,https://suumo.jp/chintai/jnc_000089228805/,適合
SUUMO 賃貸 伊豆市,伊豆市,賃貸アパート,賃貸カテゴリ（掲載種別）,静岡県伊豆市牧之郷,4.6,39.4,,5,—,—,,—,賃貸のため対象外,,2026-08-11,,https://suumo.jp/chintai/jnc_000106433983/,適合
SUUMO 賃貸 伊豆市,伊豆市,賃貸マンション,賃貸カテゴリ（掲載種別）,静岡県伊豆市瓜生野,6.3,58.5,,5,—,—,,—,賃貸のため対象外,,2026-08-09,,https://suumo.jp/chintai/jnc_000013974530/?bc=100516510516,不適合
SUUMO 賃貸 伊豆市,伊豆市,賃貸アパート,賃貸カテゴリ（掲載種別）,静岡県伊豆市上白岩,4.0,54.6,,5,—,—,,—,賃貸のため対象外,,2026-08-11,,https://suumo.jp/chintai/jnc_000108742944/?bc=100495613676,適合
SUUMO 賃貸 伊豆市,伊豆市,賃貸アパート,賃貸カテゴリ（掲載種別）,静岡県伊豆市上白岩,4.0,54.6,,5,—,—,,—,賃貸のため対象外,,2026-08-11,,https://suumo.jp/chintai/jnc_000108742945/?bc=100503596480,適合
SUUMO 賃貸 伊豆市,伊豆市,賃貸アパート,賃貸カテゴリ（掲載種別）,静岡県伊豆市上白岩,4.7,54.6,,5,—,—,,—,賃貸のため対象外,,2026-08-11,,https://suumo.jp/chintai/jnc_000108742943/?bc=100508047279,適合
SUUMO 賃貸 伊豆市,伊豆市,賃貸アパート,賃貸カテゴリ（掲載種別）,静岡県伊豆市加殿,5.2,36.6,,5,—,—,,—,賃貸のため対象外,,2026-07-25,,https://suumo.jp/chintai/jnc_000108544143/?bc=100517061151,不適合
SUUMO 賃貸 伊豆市,伊豆市,賃貸アパート,賃貸カテゴリ（掲載種別）,静岡県伊豆市上白岩,4.6,54.6,,5,—,—,,—,賃貸のため対象外,,2026-08-11,,https://suumo.jp/chintai/jnc_000106433981/?bc=100515469479,適合
SUUMO 賃貸 伊豆市,伊豆市,賃貸アパート,賃貸カテゴリ（掲載種別）,静岡県伊豆市上白岩,4.6,54.6,,5,—,—,,—,賃貸のため対象外,,2026-07-25,,https://suumo.jp/chintai/jnc_000098064057/?bc=100429381248,適合
SUUMO 賃貸 伊豆市,伊豆市,賃貸アパート,賃貸カテゴリ（掲載種別）,静岡県伊豆市下白岩,4.5,38.8,,5,—,—,,—,賃貸のため対象外,,2026-08-11,,https://suumo.jp/chintai/jnc_000095190800/?bc=100492172923,適合
SUUMO 賃貸 伊豆市,伊豆市,賃貸アパート,賃貸カテゴリ（掲載種別）,静岡県伊豆市下白岩,4.5,38.8,,5,—,—,,—,賃貸のため対象外,,2026-07-25,,https://suumo.jp/chintai/jnc_000106416441/?bc=100501305875,適合
SUUMO 賃貸 伊豆市,伊豆市,賃貸アパート,賃貸カテゴリ（掲載種別）,静岡県伊豆市修善寺,4.1,24.8,,5,—,—,,—,賃貸のため対象外,,2026-08-09,,https://suumo.jp/chintai/jnc_000077828348/?bc=100517866451,適合
SUUMO 賃貸 伊豆市,伊豆市,賃貸アパート,賃貸カテゴリ（掲載種別）,静岡県伊豆市本立野,4.5,47.0,,5,—,—,,—,賃貸のため対象外,,2026-07-25,,https://suumo.jp/chintai/jnc_000106416442/?bc=100501314077,適合
SUUMO 賃貸 伊豆市,伊豆市,賃貸アパート,賃貸カテゴリ（掲載種別）,静岡県伊豆市本立野,4.5,47.0,,5,—,—,,—,賃貸のため対象外,,2026-07-25,,https://suumo.jp/chintai/jnc_000087334852/?bc=100510390141,適合
SUUMO 賃貸 伊豆市,伊豆市,賃貸アパート,賃貸カテゴリ（掲載種別）,静岡県伊豆市柏久保,5.0,33.0,,5,—,—,,—,賃貸のため対象外,,2026-08-10,,https://suumo.jp/chintai/jnc_000075798675/?bc=100465638510,適合
SUUMO 賃貸 伊豆市,伊豆市,賃貸アパート,賃貸カテゴリ（掲載種別）,静岡県伊豆市上白岩,4.0,54.6,,5,—,—,,—,賃貸のため対象外,,2026-08-11,,https://suumo.jp/chintai/jnc_000108742946/?bc=100501495367,適合
SUUMO 賃貸 伊豆市,伊豆市,賃貸アパート,賃貸カテゴリ（掲載種別）,静岡県伊豆市上白岩,4.0,54.6,,5,—,—,,—,賃貸のため対象外,,2026-07-25,,https://suumo.jp/chintai/jnc_000108718366/?bc=100504510976,適合
SUUMO 賃貸 伊豆市,伊豆市,賃貸アパート,賃貸カテゴリ（掲載種別）,静岡県伊豆市上白岩,4.0,39.7,,5,—,—,,—,賃貸のため対象外,,2026-08-11,,https://suumo.jp/chintai/jnc_000108875419/?bc=100519816042,適合
SUUMO 賃貸 伊豆市,伊豆市,賃貸アパート,賃貸カテゴリ（掲載種別）,静岡県伊豆市牧之郷,4.6,38.8,,5,—,—,,—,賃貸のため対象外,,2026-07-31,,https://suumo.jp/chintai/jnc_000090321531/?bc=100508155911,適合
SUUMO 賃貸 伊豆市,伊豆市,賃貸アパート,賃貸カテゴリ（掲載種別）,静岡県伊豆市下白岩,4.5,38.8,,5,—,—,,—,賃貸のため対象外,,2026-08-11,,https://suumo.jp/chintai/jnc_000096185052/?bc=100515431775,適合
SUUMO 賃貸 伊豆市,伊豆市,賃貸アパート,賃貸カテゴリ（掲載種別）,静岡県伊豆市修善寺,4.2,40.3,,5,—,—,,—,賃貸のため対象外,,2026-08-11,,https://suumo.jp/chintai/jnc_000105384921/?bc=100519958714,適合
SUUMO 賃貸 伊豆市,伊豆市,賃貸アパート,賃貸カテゴリ（掲載種別）,静岡県伊豆市熊坂,4.7,40.0,,5,—,—,,—,賃貸のため対象外,,2026-07-25,,https://suumo.jp/chintai/jnc_000069972107/?bc=100517094392,適合
SUUMO 賃貸 伊豆市,伊豆市,賃貸アパート,賃貸カテゴリ（掲載種別）,静岡県伊豆市熊坂,4.7,40.0,,5,—,—,,—,賃貸のため対象外,,2026-07-25,,https://suumo.jp/chintai/jnc_000108549318/?bc=100517094371,適合
SUUMO 賃貸 伊豆市,伊豆市,賃貸アパート,賃貸カテゴリ（掲載種別）,静岡県伊豆市瓜生野,4.7,40.9,,5,—,—,,—,賃貸のため対象外,,2026-08-11,,https://suumo.jp/chintai/jnc_000108298238/?bc=100515469320,適合
SUUMO 賃貸 伊豆市,伊豆市,賃貸マンション,賃貸カテゴリ（掲載種別）,静岡県伊豆市修善寺,3.5,25.7,,5,—,—,,—,賃貸のため対象外,,2026-07-25,,https://suumo.jp/chintai/jnc_000100922469/?bc=100455497154,適合
SUUMO 賃貸 伊豆市,伊豆市,賃貸アパート,賃貸カテゴリ（掲載種別）,静岡県伊豆市修善寺,6.0,57.3,,5,—,—,,—,賃貸のため対象外,,2026-08-07,,https://suumo.jp/chintai/jnc_000108884166/?bc=100519788848,不適合
SUUMO 賃貸 伊豆市,伊豆市,賃貸アパート,賃貸カテゴリ（掲載種別）,静岡県伊豆市上白岩,4.0,39.7,,5,—,—,,—,賃貸のため対象外,,2026-08-03,,https://suumo.jp/chintai/jnc_000108927964/?bc=100520103368,適合
SUUMO 賃貸 伊豆市,伊豆市,賃貸アパート,賃貸カテゴリ（掲載種別）,静岡県伊豆市土肥,5.0,35.0,,5,—,—,,—,賃貸のため対象外,,2026-07-25,,https://suumo.jp/chintai/jnc_000108484465/?bc=100516571768,適合
SUUMO 賃貸 伊豆市,伊豆市,賃貸マンション,賃貸カテゴリ（掲載種別）,静岡県伊豆市修善寺,10.0,60.5,,5,—,—,,—,賃貸のため対象外,,2026-07-25,,https://suumo.jp/chintai/jnc_000107404397/?bc=100508444441,不適合
スマイミー静岡 賃貸 駿東郡清水町,清水町,賃貸アパート,賃貸カテゴリ（掲載種別）,駿東郡清水町長沢726-7,3.5,17.4,,5,—,—,,—,賃貸のため対象外,,2026-07-30,関心:敷金無/礼金無,https://www.shizuoka.fudohsan.jp/%E7%89%A9%E4%BB%B6/175824,適合
スマイミー静岡 賃貸 駿東郡清水町,清水町,賃貸アパート,賃貸カテゴリ（掲載種別）,駿東郡清水町長沢726-7,3.5,18.6,,5,—,—,,—,賃貸のため対象外,,2026-07-30,関心:敷金無/礼金無,https://www.shizuoka.fudohsan.jp/%E7%89%A9%E4%BB%B6/175825,適合
スマイミー静岡 賃貸 駿東郡清水町,清水町,賃貸アパート,賃貸カテゴリ（掲載種別）,駿東郡清水町長沢726-7,3.5,19.5,,5,—,—,,—,賃貸のため対象外,,2026-07-30,関心:敷金無/礼金無,https://www.shizuoka.fudohsan.jp/%E7%89%A9%E4%BB%B6/175826,適合
スマイミー静岡 賃貸 駿東郡清水町,清水町,賃貸戸建,賃貸カテゴリ（掲載種別）,駿東郡清水町伏見252-6,7.0,70.8,,5,—,—,,—,賃貸のため対象外,,2026-08-07,関心:礼金無/戸建,https://www.shizuoka.fudohsan.jp/%E7%89%A9%E4%BB%B6/174312,不適合
スマイミー静岡 賃貸 駿東郡清水町,清水町,駐車場,賃貸カテゴリ（掲載種別）,駿東郡清水町徳倉1619-1,0.44,,,5,—,—,,—,賃貸のため対象外,,2026-08-03,関心:敷金無/礼金無,https://www.shizuoka.fudohsan.jp/%E7%89%A9%E4%BB%B6/111501,適合
スマイミー静岡 賃貸 駿東郡清水町,清水町,賃貸その他,賃貸カテゴリ（掲載種別）,駿東郡清水町長沢619-4,32.0,183.5,,5,—,—,,—,賃貸のため対象外,,2026-08-01,関心:礼金無 注意:事務所,https://www.shizuoka.fudohsan.jp/%E7%89%A9%E4%BB%B6/175902,不適合
スマイミー静岡 賃貸 駿東郡清水町,清水町,賃貸アパート,賃貸カテゴリ（掲載種別）,駿東郡清水町柿田987-2,5.5,44.1,,5,田,—,,—,賃貸のため対象外,,2026-08-01,関心:礼金無,https://www.shizuoka.fudohsan.jp/%E7%89%A9%E4%BB%B6/175894,不適合
スマイミー静岡 賃貸 駿東郡清水町,清水町,賃貸アパート,賃貸カテゴリ（掲載種別）,駿東郡清水町湯川10-17,6.0,56.0,,5,—,—,,—,賃貸のため対象外,,2026-08-01,関心:礼金無,https://www.shizuoka.fudohsan.jp/%E7%89%A9%E4%BB%B6/113368,不適合
スマイミー静岡 賃貸 駿東郡清水町,清水町,賃貸アパート,賃貸カテゴリ（掲載種別）,駿東郡清水町長沢791-3,3.4,16.2,,5,—,—,,—,賃貸のため対象外,,2026-08-01,関心:敷金無/礼金無,https://www.shizuoka.fudohsan.jp/%E7%89%A9%E4%BB%B6/175888,適合
スマイミー静岡 賃貸 駿東郡清水町,清水町,賃貸アパート,賃貸カテゴリ（掲載種別）,駿東郡清水町柿田286-4,4.7,29.0,,5,田,—,,—,賃貸のため対象外,,2026-08-01,関心:敷金無/礼金無,https://www.shizuoka.fudohsan.jp/%E7%89%A9%E4%BB%B6/175893,適合
スマイミー静岡 賃貸 駿東郡清水町,清水町,賃貸マンション,賃貸カテゴリ（掲載種別）,駿東郡清水町徳倉,6.5,63.7,,5,—,—,,—,賃貸のため対象外,,2026-07-25,関心:敷金無/礼金無,https://www.shizuoka.fudohsan.jp/%E7%89%A9%E4%BB%B6/174047,不適合
スマイミー静岡 賃貸 駿東郡清水町,清水町,賃貸アパート,賃貸カテゴリ（掲載種別）,駿東郡清水町徳倉1835-5,6.7,48.6,,5,—,—,,—,賃貸のため対象外,,2026-07-25,関心:礼金無,https://www.shizuoka.fudohsan.jp/%E7%89%A9%E4%BB%B6/175131,不適合
スマイミー静岡 賃貸 駿東郡清水町,清水町,賃貸アパート,賃貸カテゴリ（掲載種別）,駿東郡清水町徳倉1835-5,7.57,58.2,,5,—,—,,—,賃貸のため対象外,,2026-07-25,関心:礼金無,https://www.shizuoka.fudohsan.jp/%E7%89%A9%E4%BB%B6/175134,不適合
スマイミー静岡 賃貸 駿東郡清水町,清水町,賃貸マンション,賃貸カテゴリ（掲載種別）,駿東郡清水町徳倉,6.9,62.3,,5,—,—,,—,賃貸のため対象外,,2026-07-25,関心:礼金無,https://www.shizuoka.fudohsan.jp/%E7%89%A9%E4%BB%B6/142262,不適合
スマイミー静岡 賃貸 駿東郡清水町,清水町,賃貸マンション,賃貸カテゴリ（掲載種別）,駿東郡清水町徳倉,6.5,59.4,,5,—,—,,—,賃貸のため対象外,,2026-07-25,関心:敷金無/礼金無,https://www.shizuoka.fudohsan.jp/%E7%89%A9%E4%BB%B6/170573,不適合
スマイミー静岡 賃貸 駿東郡清水町,清水町,賃貸アパート,賃貸カテゴリ（掲載種別）,駿東郡清水町長沢127-1,4.0,36.5,,5,—,—,,—,賃貸のため対象外,,2026-08-01,関心:敷金無/礼金無,https://www.shizuoka.fudohsan.jp/%E7%89%A9%E4%BB%B6/72504,適合
スマイミー静岡 賃貸 駿東郡清水町,清水町,賃貸マンション,賃貸カテゴリ（掲載種別）,駿東郡清水町徳倉,5.5,59.4,,5,—,—,,—,賃貸のため対象外,,2026-07-25,関心:敷金無/礼金無,https://www.shizuoka.fudohsan.jp/%E7%89%A9%E4%BB%B6/104949,不適合
スマイミー静岡 賃貸 駿東郡清水町,清水町,賃貸アパート,賃貸カテゴリ（掲載種別）,駿東郡清水町長沢1178-1,6.4,43.2,,5,—,—,,—,賃貸のため対象外,,2026-07-25,関心:礼金無,https://www.shizuoka.fudohsan.jp/%E7%89%A9%E4%BB%B6/174991,不適合
スマイミー静岡 賃貸 駿東郡清水町,清水町,賃貸その他,賃貸カテゴリ（掲載種別）,駿東郡清水町長沢975-1、976-1,15.0,97.2,,5,—,—,,—,賃貸のため対象外,,2026-08-01,関心:礼金無,https://www.shizuoka.fudohsan.jp/%E7%89%A9%E4%BB%B6/124055,不適合
スマイミー静岡 賃貸 駿東郡清水町,清水町,賃貸マンション,賃貸カテゴリ（掲載種別）,駿東郡清水町徳倉,5.9,50.2,,5,—,—,,—,賃貸のため対象外,,2026-07-31,関心:礼金無,https://www.shizuoka.fudohsan.jp/%E7%89%A9%E4%BB%B6/90895,不適合
スマイミー静岡 賃貸 駿東郡清水町,清水町,賃貸マンション,賃貸カテゴリ（掲載種別）,駿東郡清水町徳倉,5.7,55.4,,5,—,—,,—,賃貸のため対象外,,2026-07-25,関心:敷金無/礼金無,https://www.shizuoka.fudohsan.jp/%E7%89%A9%E4%BB%B6/174863,不適合
スマイミー静岡 賃貸 駿東郡清水町,清水町,賃貸マンション,賃貸カテゴリ（掲載種別）,駿東郡清水町徳倉,5.8,52.0,,5,—,—,,—,賃貸のため対象外,,2026-07-25,関心:礼金無,https://www.shizuoka.fudohsan.jp/%E7%89%A9%E4%BB%B6/76927,不適合
スマイミー静岡 賃貸 駿東郡清水町,清水町,賃貸アパート,賃貸カテゴリ（掲載種別）,駿東郡清水町伏見418-1,5.2,44.9,,5,—,—,,—,賃貸のため対象外,,2026-07-27,関心:礼金無,https://www.shizuoka.fudohsan.jp/%E7%89%A9%E4%BB%B6/173535,不適合
スマイミー静岡 賃貸 駿東郡清水町,清水町,賃貸その他,賃貸カテゴリ（掲載種別）,駿東郡清水町長沢200-7,18.0,45.0,,5,—,—,,—,賃貸のため対象外,,2026-07-25,関心:礼金無 注意:事務所/店舗,https://www.shizuoka.fudohsan.jp/%E7%89%A9%E4%BB%B6/147505,不適合
スマイミー静岡 賃貸 駿東郡清水町,清水町,賃貸マンション,賃貸カテゴリ（掲載種別）,駿東郡清水町徳倉1116-1,7.5,58.0,,5,—,—,,—,賃貸のため対象外,,2026-07-25,,https://www.shizuoka.fudohsan.jp/%E7%89%A9%E4%BB%B6/61360,不適合
スマイミー静岡 賃貸 駿東郡清水町,清水町,賃貸マンション,賃貸カテゴリ（掲載種別）,駿東郡清水町徳倉,3.5,24.3,,5,—,—,,—,賃貸のため対象外,,2026-07-25,関心:礼金無,https://www.shizuoka.fudohsan.jp/%E7%89%A9%E4%BB%B6/50716,適合
スマイミー静岡 賃貸 駿東郡清水町,清水町,賃貸マンション,賃貸カテゴリ（掲載種別）,駿東郡清水町徳倉,5.9,54.5,,5,—,—,,—,賃貸のため対象外,,2026-07-25,関心:礼金無,https://www.shizuoka.fudohsan.jp/%E7%89%A9%E4%BB%B6/157488,不適合
スマイミー静岡 賃貸 駿東郡清水町,清水町,賃貸アパート,賃貸カテゴリ（掲載種別）,駿東郡清水町伏見14-11,6.0,52.1,,5,—,—,,—,賃貸のため対象外,,2026-07-25,関心:敷金無/礼金無,https://www.shizuoka.fudohsan.jp/%E7%89%A9%E4%BB%B6/139733,不適合
スマイミー静岡 賃貸 駿東郡清水町,清水町,賃貸アパート,賃貸カテゴリ（掲載種別）,駿東郡清水町徳倉1197-1,4.7,56.1,,5,—,—,,—,賃貸のため対象外,,2026-07-25,関心:敷金無/礼金無,https://www.shizuoka.fudohsan.jp/%E7%89%A9%E4%BB%B6/173417,適合
スマイミー静岡 賃貸 駿東郡清水町,清水町,賃貸マンション,賃貸カテゴリ（掲載種別）,駿東郡清水町長沢163-3,6.6,44.9,,5,—,—,,—,賃貸のため対象外,,2026-08-07,関心:礼金無,https://www.shizuoka.fudohsan.jp/%E7%89%A9%E4%BB%B6/174491,不適合
SUUMO 土地 熱海市,熱海市,更地,土地カテゴリ（建物表記なし）,静岡県熱海市下多賀,1680,385.3,14.4,3000,—,—,,不明,接道・区分情報なし、詳細/役場で要確認,,2026-08-04,,https://suumo.jp/tochi/shizuoka/sc_atami/nc_78503963/,不適合
SUUMO 土地 熱海市,熱海市,更地,土地カテゴリ（建物表記なし）,静岡県熱海市上多賀1065-1275　熱海自然郷初島台288,100,198.6,1.7,3000,—,—,,不明,接道・区分情報なし、詳細/役場で要確認,,2026-07-12,,https://suumo.jp/tochi/shizuoka/sc_atami/nc_95816245/,不適合
SUUMO 土地 熱海市,熱海市,更地,土地カテゴリ（建物表記なし）,静岡県熱海市下多賀,180,117.3,5.1,3000,—,—,,不明,接道・区分情報なし、詳細/役場で要確認,,2026-07-12,,https://suumo.jp/tochi/shizuoka/sc_atami/nc_78771144/,不適合
SUUMO 土地 熱海市,熱海市,更地,土地カテゴリ（建物表記なし）,静岡県熱海市上多賀,190,508.0,1.2,3000,—,—,,不明,接道・区分情報なし、詳細/役場で要確認,,2026-07-12,,https://suumo.jp/tochi/shizuoka/sc_atami/nc_91529468/,不適合
SUUMO 土地 熱海市,熱海市,更地,土地カテゴリ（建物表記なし）,静岡県熱海市上多賀1065-1467　熱海自然郷初島台289,200,295.6,2.2,3000,—,—,,不明,接道・区分情報なし、詳細/役場で要確認,,2026-07-12,,https://suumo.jp/tochi/shizuoka/sc_atami/nc_95816312/,不適合
SUUMO 土地 熱海市,熱海市,更地,土地カテゴリ（建物表記なし）,静岡県熱海市泉元宮上分,250,185.0,4.5,3000,—,—,,不明,接道・区分情報なし、詳細/役場で要確認,,2026-08-01,,https://suumo.jp/tochi/shizuoka/sc_atami/nc_76712265/,不適合
SUUMO 土地 熱海市,熱海市,更地,土地カテゴリ（建物表記なし）,静岡県熱海市下多賀,300,854.0,1.2,3000,—,—,,不明,接道・区分情報なし、詳細/役場で要確認,,2026-07-27,,https://suumo.jp/tochi/shizuoka/sc_atami/nc_76658805/,不適合
SUUMO 土地 熱海市,熱海市,更地,土地カテゴリ（建物表記なし）,静岡県熱海市上多賀,300,233.0,4.3,3000,—,—,,不明,接道・区分情報なし、詳細/役場で要確認,,2026-07-12,,https://suumo.jp/tochi/shizuoka/sc_atami/nc_20482670/,不適合
SUUMO 土地 熱海市,熱海市,更地,土地カテゴリ（建物表記なし）,静岡県熱海市上多賀,300,500.0,2.0,3000,—,—,,不明,接道・区分情報なし、詳細/役場で要確認,,2026-07-12,,https://suumo.jp/tochi/shizuoka/sc_atami/nc_81706953/,不適合
SUUMO 土地 熱海市,熱海市,更地,土地カテゴリ（建物表記なし）,静岡県熱海市山手町,380,235.9,5.3,3000,—,—,,不明,接道・区分情報なし、詳細/役場で要確認,,2026-08-10,,https://suumo.jp/tochi/shizuoka/sc_atami/nc_21357428/,不適合
SUUMO 土地 熱海市,熱海市,更地,土地カテゴリ（建物表記なし）,静岡県熱海市上多賀1065-1468 熱海自然郷初島台290,400,289.0,4.6,3000,—,—,,不明,接道・区分情報なし、詳細/役場で要確認,,2026-07-12,,https://suumo.jp/tochi/shizuoka/sc_atami/nc_94876086/,不適合
SUUMO 土地 熱海市,熱海市,更地,土地カテゴリ（建物表記なし）,静岡県熱海市緑ガ丘町28-16,480,635.1,2.5,3000,—,—,,不明,接道・区分情報なし、詳細/役場で要確認,,2026-07-12,,https://suumo.jp/tochi/shizuoka/sc_atami/nc_97183027/,不適合
SUUMO 土地 熱海市,熱海市,更地,土地カテゴリ（建物表記なし）,静岡県熱海市緑ガ丘町10-14の一部,550,96.9,18.8,3000,—,—,,不明,接道・区分情報なし、詳細/役場で要確認,,2026-07-12,,https://suumo.jp/tochi/shizuoka/sc_atami/nc_72261491/,不適合
SUUMO 土地 熱海市,熱海市,更地,土地カテゴリ（建物表記なし）,静岡県熱海市下多賀295-1,550,184.9,9.8,3000,宅地,—,,不明,接道・区分情報なし、詳細/役場で要確認,,2026-07-12,,https://suumo.jp/tochi/shizuoka/sc_atami/nc_78998581/,不適合
SUUMO 土地 熱海市,熱海市,更地,土地カテゴリ（建物表記なし）,静岡県熱海市西熱海町２-33,577,477.0,4.0,3000,—,—,,不明,接道・区分情報なし、詳細/役場で要確認,,2026-07-12,,https://suumo.jp/tochi/shizuoka/sc_atami/nc_77835632/,不適合
SUUMO 土地 熱海市,熱海市,更地,土地カテゴリ（建物表記なし）,静岡県熱海市上多賀,600,327.0,6.1,3000,—,—,,不明,接道・区分情報なし、詳細/役場で要確認,,2026-07-12,,https://suumo.jp/tochi/shizuoka/sc_atami/nc_73667845/,不適合
SUUMO 土地 熱海市,熱海市,更地,土地カテゴリ（建物表記なし）,静岡県熱海市網代211-1,630,112.4,18.5,3000,—,—,,不明,接道・区分情報なし、詳細/役場で要確認,,2026-07-12,注意:温泉,https://suumo.jp/tochi/shizuoka/sc_atami/nc_78912513/,不適合
SUUMO 土地 熱海市,熱海市,更地,土地カテゴリ（建物表記なし）,静岡県熱海市日金町,680,755.0,3.0,3000,—,—,,不明,接道・区分情報なし、詳細/役場で要確認,,2026-07-12,,https://suumo.jp/tochi/shizuoka/sc_atami/nc_86280123/,不適合
SUUMO 土地 熱海市,熱海市,更地,土地カテゴリ（建物表記なし）,静岡県熱海市梅園町,680,293.0,7.7,3000,—,—,,不明,接道・区分情報なし、詳細/役場で要確認,,2026-07-12,注意:温泉,https://suumo.jp/tochi/shizuoka/sc_atami/nc_20801086/,不適合
SUUMO 土地 熱海市,熱海市,更地,土地カテゴリ（建物表記なし）,静岡県熱海市下多賀,680,300.0,7.5,3000,—,—,,不明,接道・区分情報なし、詳細/役場で要確認,,2026-07-12,,https://suumo.jp/tochi/shizuoka/sc_atami/nc_76453610/,不適合
SUUMO 土地 熱海市,熱海市,更地,土地カテゴリ（建物表記なし）,静岡県熱海市林ガ丘町,700,367.6,6.3,3000,—,—,,不明,接道・区分情報なし、詳細/役場で要確認,,2026-07-12,,https://suumo.jp/tochi/shizuoka/sc_atami/nc_83908094/,不適合
SUUMO 土地 熱海市,熱海市,更地,土地カテゴリ（建物表記なし）,静岡県熱海市上多賀1065-1468,700,782.0,3.0,3000,—,—,,不明,接道・区分情報なし、詳細/役場で要確認,,2026-07-12,,https://suumo.jp/tochi/shizuoka/sc_atami/nc_96369801/,不適合
SUUMO 土地 熱海市,熱海市,更地,土地カテゴリ（建物表記なし）,静岡県熱海市伊豆山,850,507.0,5.5,3000,—,—,,不明,接道・区分情報なし、詳細/役場で要確認,,2026-07-12,,https://suumo.jp/tochi/shizuoka/sc_atami/nc_77771118/,不適合
SUUMO 土地 熱海市,熱海市,更地,土地カテゴリ（建物表記なし）,静岡県熱海市下多賀,850,249.0,11.3,3000,—,—,,不明,接道・区分情報なし、詳細/役場で要確認,,2026-07-12,,https://suumo.jp/tochi/shizuoka/sc_atami/nc_78519532/,不適合
SUUMO 土地 熱海市,熱海市,更地,土地カテゴリ（建物表記なし）,静岡県熱海市伊豆山,880,410.0,7.1,3000,—,—,,不明,接道・区分情報なし、詳細/役場で要確認,,2026-07-12,,https://suumo.jp/tochi/shizuoka/sc_atami/nc_91191475/,不適合
SUUMO 土地 熱海市,熱海市,更地,土地カテゴリ（建物表記なし）,静岡県熱海市上多賀765-1,930,152.9,20.1,3000,—,—,,不明,接道・区分情報なし、詳細/役場で要確認,,2026-07-12,,https://suumo.jp/tochi/shizuoka/sc_atami/nc_91955874/,不適合
SUUMO 土地 熱海市,熱海市,更地,土地カテゴリ（建物表記なし）,静岡県熱海市網代,980,331.9,9.8,3000,—,—,,不明,接道・区分情報なし、詳細/役場で要確認,,2026-07-12,,https://suumo.jp/tochi/shizuoka/sc_atami/nc_82452757/,不適合
SUUMO 土地 熱海市,熱海市,更地,土地カテゴリ（建物表記なし）,静岡県熱海市下多賀1714-44,980,317.0,10.2,3000,—,—,,不明,接道・区分情報なし、詳細/役場で要確認,,2026-07-12,,https://suumo.jp/tochi/shizuoka/sc_atami/nc_21080821/,不適合
SUUMO 土地 熱海市,熱海市,更地,土地カテゴリ（建物表記なし）,静岡県熱海市泉,980,3175.8,1.0,3000,—,—,,不明,接道・区分情報なし、詳細/役場で要確認,,2026-07-12,,https://suumo.jp/tochi/shizuoka/sc_atami/nc_80945041/,適合
SUUMO 土地 熱海市,熱海市,古家付き土地,土地＋古家/上物の表記,静岡県熱海市水口町２,980,505.8,6.4,3000,—,—,,不明,接道・区分情報なし。建物ありだが現行法での再建築可否は役場で要確認,,2026-08-04,,https://suumo.jp/tochi/shizuoka/sc_atami/nc_76994429/,不適合
SUUMO 土地 熱海市,熱海市,更地,土地カテゴリ（建物表記なし）,静岡県熱海市伊豆山,980,906.0,3.6,3000,—,—,,不明,接道・区分情報なし、詳細/役場で要確認,,2026-07-12,,https://suumo.jp/tochi/shizuoka/sc_atami/nc_96028955/,不適合
SUUMO 土地 熱海市,熱海市,更地,土地カテゴリ（建物表記なし）,静岡県熱海市上多賀,980,648.0,5.0,3000,—,—,,不明,接道・区分情報なし、詳細/役場で要確認,,2026-07-12,,https://suumo.jp/tochi/shizuoka/sc_atami/nc_77237376/,不適合
SUUMO 土地 熱海市,熱海市,更地,土地カテゴリ（建物表記なし）,静岡県熱海市西熱海町１,1000,619.6,5.3,3000,—,—,,不明,接道・区分情報なし、詳細/役場で要確認,,2026-07-12,,https://suumo.jp/tochi/shizuoka/sc_atami/nc_73824414/,不適合
SUUMO 土地 熱海市,熱海市,更地,土地カテゴリ（建物表記なし）,静岡県熱海市下多賀300-20,1100,338.2,10.8,3000,宅地,—,,不明,接道・区分情報なし、詳細/役場で要確認,,2026-07-12,,https://suumo.jp/tochi/shizuoka/sc_atami/nc_92188646/,不適合
SUUMO 土地 熱海市,熱海市,更地,土地カテゴリ（建物表記なし）,静岡県熱海市梅園町14,1180,581.9,6.7,3000,—,—,,不明,接道・区分情報なし、詳細/役場で要確認,,2026-07-12,注意:温泉,https://suumo.jp/tochi/shizuoka/sc_atami/nc_20303815/,不適合
SUUMO 土地 熱海市,熱海市,更地,土地カテゴリ（建物表記なし）,静岡県熱海市下多賀,1200,491.8,8.1,3000,—,—,,不明,接道・区分情報なし、詳細/役場で要確認,,2026-07-12,,https://suumo.jp/tochi/shizuoka/sc_atami/nc_20797038/,不適合
SUUMO 土地 熱海市,熱海市,更地,土地カテゴリ（建物表記なし）,静岡県熱海市桜町,1280,235.0,18.0,3000,—,—,接道道路より一段下がった平坦,不明,接道・区分情報なし、詳細/役場で要確認,,2026-07-12,,https://suumo.jp/tochi/shizuoka/sc_atami/nc_74480516/,不適合
SUUMO 土地 熱海市,熱海市,更地,土地カテゴリ（建物表記なし）,静岡県熱海市上多賀,1300,338.6,12.7,3000,—,—,,不明,接道・区分情報なし、詳細/役場で要確認,,2026-07-12,,https://suumo.jp/tochi/shizuoka/sc_atami/nc_78398607/,不適合
SUUMO 土地 熱海市,熱海市,更地,土地カテゴリ（建物表記なし）,静岡県熱海市上多賀479-1,1300,330.0,13.0,3000,—,—,,不明,接道・区分情報なし、詳細/役場で要確認,,2026-07-12,,https://suumo.jp/tochi/shizuoka/sc_atami/nc_78527799/,不適合
SUUMO 土地 熱海市,熱海市,更地,土地カテゴリ（建物表記なし）,静岡県熱海市上多賀,1500,1775.0,2.8,3000,—,—,,不明,接道・区分情報なし、詳細/役場で要確認,,2026-07-12,,https://suumo.jp/tochi/shizuoka/sc_atami/nc_75275505/,適合
SUUMO 土地 熱海市,熱海市,更地,土地カテゴリ（建物表記なし）,静岡県熱海市上多賀,1500,1775.0,2.8,3000,—,—,,不明,接道・区分情報なし、詳細/役場で要確認,,2026-07-12,,https://suumo.jp/tochi/shizuoka/sc_atami/nc_74429020/,適合
SUUMO 土地 熱海市,熱海市,更地,土地カテゴリ（建物表記なし）,静岡県熱海市下多賀,1580,223.5,23.4,3000,—,—,,不明,接道・区分情報なし、詳細/役場で要確認,,2026-08-04,,https://suumo.jp/tochi/shizuoka/sc_atami/nc_78503826/,不適合
SUUMO 土地 熱海市,熱海市,更地,土地カテゴリ（建物表記なし）,静岡県熱海市伊豆山,1960,334.6,19.4,3000,—,—,,不明,接道・区分情報なし、詳細/役場で要確認,,2026-07-12,,https://suumo.jp/tochi/shizuoka/sc_atami/nc_82861687/,不適合
SUUMO 土地 熱海市,熱海市,更地,土地カテゴリ（建物表記なし）,静岡県熱海市伊豆山,1980,337.8,19.4,3000,—,—,,不明,接道・区分情報なし、詳細/役場で要確認,,2026-07-12,,https://suumo.jp/tochi/shizuoka/sc_atami/nc_82861722/,不適合
SUUMO 土地 熱海市,熱海市,更地,土地カテゴリ（建物表記なし）,静岡県熱海市水口町２,2000,498.1,13.3,3000,—,—,,不明,接道・区分情報なし、詳細/役場で要確認,,2026-07-12,,https://suumo.jp/tochi/shizuoka/sc_atami/nc_82949502/,不適合
SUUMO 土地 熱海市,熱海市,更地,土地カテゴリ（建物表記なし）,静岡県熱海市網代549-20他,2150,825.0,8.6,3000,宅地,—,,不明,接道・区分情報なし、詳細/役場で要確認,,2026-07-12,注意:温泉,https://suumo.jp/tochi/shizuoka/sc_atami/nc_72831929/,不適合
SUUMO 土地 熱海市,熱海市,更地,土地カテゴリ（建物表記なし）,静岡県熱海市熱海,2245,2024.0,3.7,3000,—,—,,不明,接道・区分情報なし、詳細/役場で要確認,,2026-07-12,,https://suumo.jp/tochi/shizuoka/sc_atami/nc_97789152/,適合
SUUMO 土地 熱海市,熱海市,更地,土地カテゴリ（建物表記なし）,静岡県熱海市桜木町,2380,222.2,35.4,3000,—,—,,不明,接道・区分情報なし、詳細/役場で要確認,,2026-07-24,,https://suumo.jp/tochi/shizuoka/sc_atami/nc_21108071/,不適合
SUUMO 土地 熱海市,熱海市,更地,土地カテゴリ（建物表記なし）,静岡県熱海市網代627-536他,2500,519.8,15.9,3000,—,—,,不明,接道・区分情報なし、詳細/役場で要確認,,2026-07-12,注意:温泉,https://suumo.jp/tochi/shizuoka/sc_atami/nc_21247043/,不適合
SUUMO 土地 熱海市,熱海市,更地,土地カテゴリ（建物表記なし）,静岡県熱海市熱海,2500,1184.0,7.0,3000,—,—,,不明,接道・区分情報なし、詳細/役場で要確認,,2026-07-12,,https://suumo.jp/tochi/shizuoka/sc_atami/nc_92167195/,適合
SUUMO 土地 熱海市,熱海市,更地,土地カテゴリ（建物表記なし）,静岡県熱海市西山町,2600,200.7,42.8,3000,—,—,,不明,接道・区分情報なし、詳細/役場で要確認,,2026-07-12,,https://suumo.jp/tochi/shizuoka/sc_atami/nc_78426443/,不適合
SUUMO 土地 熱海市,熱海市,更地,土地カテゴリ（建物表記なし）,静岡県熱海市伊豆山,3000,1973.0,5.0,3000,—,—,,不明,接道・区分情報なし、詳細/役場で要確認,,2026-07-12,,https://suumo.jp/tochi/shizuoka/sc_atami/nc_78488841/,適合
SUUMO 土地 熱海市,熱海市,更地,土地カテゴリ（建物表記なし）,静岡県熱海市西山町,3036,200.7,50.0,3000,—,—,,不明,接道・区分情報なし、詳細/役場で要確認,,2026-07-27,,https://suumo.jp/tochi/shizuoka/sc_atami/nc_77070765/,不適合
SUUMO 土地 熱海市,熱海市,更地,土地カテゴリ（建物表記なし）,静岡県熱海市梅花町,3280,545.0,19.9,3000,—,—,,不明,接道・区分情報なし、詳細/役場で要確認,,2026-07-12,,https://suumo.jp/tochi/shizuoka/sc_atami/nc_78348312/,不適合
SUUMO 土地 熱海市,熱海市,更地,土地カテゴリ（建物表記なし）,静岡県熱海市泉,3288,3337.4,3.3,3000,—,—,,不明,接道・区分情報なし、詳細/役場で要確認,,2026-07-12,,https://suumo.jp/tochi/shizuoka/sc_atami/nc_75127135/,不適合
SUUMO 土地 熱海市,熱海市,更地,土地カテゴリ（建物表記なし）,静岡県熱海市福道町,3500,276.7,41.8,3000,—,—,,不明,接道・区分情報なし、詳細/役場で要確認,,2026-07-12,,https://suumo.jp/tochi/shizuoka/sc_atami/nc_92974316/,不適合
SUUMO 土地 熱海市,熱海市,更地,土地カテゴリ（建物表記なし）,静岡県熱海市桜木町,4350,957.0,15.0,3000,—,—,,不明,接道・区分情報なし、詳細/役場で要確認,,2026-07-12,,https://suumo.jp/tochi/shizuoka/sc_atami/nc_20586625/,不適合
SUUMO 土地 熱海市,熱海市,更地,土地カテゴリ（建物表記なし）,静岡県熱海市伊豆山,4980,3547.0,4.6,3000,—,—,,不明,接道・区分情報なし、詳細/役場で要確認,,2026-07-12,,https://suumo.jp/tochi/shizuoka/sc_atami/nc_20683213/,不適合
SUUMO 土地 熱海市,熱海市,更地,土地カテゴリ（建物表記なし）,静岡県熱海市伊豆山,5800,825.7,23.2,3000,—,—,,不明,接道・区分情報なし、詳細/役場で要確認,,2026-07-12,,https://suumo.jp/tochi/shizuoka/sc_atami/nc_20407842/,不適合
SUUMO 土地 熱海市,熱海市,更地,土地カテゴリ（建物表記なし）,静岡県熱海市上宿町,6500,600.8,35.8,3000,—,—,,不明,接道・区分情報なし、詳細/役場で要確認,,2026-07-12,,https://suumo.jp/tochi/shizuoka/sc_atami/nc_95767601/,不適合
SUUMO 土地 熱海市,熱海市,更地,土地カテゴリ（建物表記なし）,静岡県熱海市西山町,6800,1669.4,13.5,3000,—,—,,不明,接道・区分情報なし、詳細/役場で要確認,,2026-07-12,,https://suumo.jp/tochi/shizuoka/sc_atami/nc_87588552/,不適合
SUUMO 土地 熱海市,熱海市,更地,土地カテゴリ（建物表記なし）,静岡県熱海市泉元門川分,18000,3304.5,18.0,3000,—,—,,不明,接道・区分情報なし、詳細/役場で要確認,,2026-07-12,,https://suumo.jp/tochi/shizuoka/sc_atami/nc_21266453/,不適合
LIFULL 中古戸建 清水町,清水町,空き家,掲載に空き家表記,新築戸建　清水町長沢　Ｂ棟,2780,109.9,83.6,3000,—,—,,不明,接道・区分情報なし。建物ありだが現行法での再建築可否は役場で要確認,,2026-06-22,,https://www.homes.co.jp/kodate/b-1556780000001/,不適合
LIFULL 中古戸建 清水町,清水町,空き家,掲載に空き家表記,新築戸建　清水町長沢　Ａ棟,2780,117.7,78.1,3000,—,—,,不明,接道・区分情報なし。建物ありだが現行法での再建築可否は役場で要確認,,2026-06-22,,https://www.homes.co.jp/kodate/b-1556780000003/,不適合
LIFULL 中古戸建 清水町,清水町,中古戸建,中古戸建/住宅カテゴリ,清水町徳倉　中古戸建,2480,118.7,69.1,3000,田,—,,不明,接道・区分情報なし。建物ありだが現行法での再建築可否は役場で要確認,,2026-06-22,,https://www.homes.co.jp/kodate/b-1540930000260/,不適合
LIFULL 中古戸建 清水町,清水町,空き家,掲載に空き家表記,清水町徳倉中古住宅,2680,156.0,56.8,3000,—,—,,不明,接道・区分情報なし。建物ありだが現行法での再建築可否は役場で要確認,,2026-06-22,,https://www.homes.co.jp/kodate/b-1265050001059/,不適合
LIFULL 中古戸建 清水町,,空き家,掲載に空き家表記,JR東海道本線 沼津駅 バス16分 徳倉下車 徒歩3分,2100,198.9,34.9,3000,—,—,,不明,接道・区分情報なし。建物ありだが現行法での再建築可否は役場で要確認,,2026-06-22,,https://www.homes.co.jp/kodate/b-33330170000005/,不適合
LIFULL 中古戸建 清水町,清水町,空き家,掲載に空き家表記,売中古戸建　清水町伏見,1980,165.3,39.6,3000,—,—,,不明,接道・区分情報なし。建物ありだが現行法での再建築可否は役場で要確認,,2026-06-22,,https://www.homes.co.jp/kodate/b-1500050000615/,不適合
LIFULL 中古戸建 清水町,清水町,空き家,掲載に空き家表記,駿東郡清水町徳倉　戸建て,1949,192.0,33.6,3000,—,—,,不明,接道・区分情報なし。建物ありだが現行法での再建築可否は役場で要確認,,2026-06-22,,https://www.homes.co.jp/kodate/b-1220300000695/,不適合
LIFULL 中古戸建 清水町,清水町,空き家,掲載に空き家表記,駿東郡清水町長沢　中古戸建,2380,127.6,61.7,3000,—,—,,不明,接道・区分情報なし。建物ありだが現行法での再建築可否は役場で要確認,,2026-06-22,,https://www.homes.co.jp/kodate/b-1490460002359/,不適合
LIFULL 中古戸建 清水町,清水町,中古戸建,中古戸建/住宅カテゴリ,清水町中徳倉中古住宅,1980,164.8,39.7,3000,—,—,,不明,接道・区分情報なし。建物ありだが現行法での再建築可否は役場で要確認,,2026-06-22,,https://www.homes.co.jp/kodate/b-1265050002628/,不適合
LIFULL 中古戸建 清水町,清水町,空き家,掲載に空き家表記,清水町徳倉中古住宅,1850,300.6,20.3,3000,—,—,,不明,接道・区分情報なし。建物ありだが現行法での再建築可否は役場で要確認,,2026-06-22,,https://www.homes.co.jp/kodate/b-1265050001723/,不適合
LIFULL 中古戸建 清水町,清水町,空き家,掲載に空き家表記,清水町徳倉　中古戸建,1748,193.0,29.9,3000,—,—,,不明,接道・区分情報なし。建物ありだが現行法での再建築可否は役場で要確認,,2026-08-07,,https://www.homes.co.jp/kodate/b-1316560004970/,不適合
LIFULL 中古戸建 清水町,清水町,空き家,掲載に空き家表記,駿東郡清水町徳倉　中古一戸建て,1698,193.0,29.1,3000,—,—,,不明,接道・区分情報なし。建物ありだが現行法での再建築可否は役場で要確認,,2026-06-22,,https://www.homes.co.jp/kodate/b-1475010001709/,不適合
LIFULL 中古戸建 清水町,,中古戸建,中古戸建/住宅カテゴリ,JR東海道本線 三島駅 徒歩31分,3200,257.4,41.1,3000,—,—,,不明,接道・区分情報なし。建物ありだが現行法での再建築可否は役場で要確認,,2026-07-21,,https://www.homes.co.jp/kodate/b-33318050000135/,不適合
LIFULL 中古戸建 清水町,清水町,空き家,掲載に空き家表記,駿東郡清水町中徳倉　戸建て,2729,232.5,38.8,3000,—,—,,不明,接道・区分情報なし。建物ありだが現行法での再建築可否は役場で要確認,,2026-06-22,,https://www.homes.co.jp/kodate/b-1220300000696/,不適合
LIFULL 中古戸建 清水町,清水町,空き家,掲載に空き家表記,中古戸建　駿東郡清水町柿田382番13,2400,268.0,29.6,3000,田,—,,不明,接道・区分情報なし。建物ありだが現行法での再建築可否は役場で要確認,,2026-06-22,,https://www.homes.co.jp/kodate/b-1540930000268/,不適合
LIFULL 中古戸建 清水町,清水町,中古戸建,中古戸建/住宅カテゴリ,中古戸建  駿東郡清水町徳倉(平屋),1350,210.9,21.2,3000,田,—,,不明,接道・区分情報なし。建物ありだが現行法での再建築可否は役場で要確認,,2026-06-22,,https://www.homes.co.jp/kodate/b-1540930000149/,不適合
LIFULL 中古戸建 清水町,,空き家,掲載に空き家表記,JR東海道本線 沼津駅 5.3km,1980,567.1,11.5,3000,—,—,,不明,接道・区分情報なし。建物ありだが現行法での再建築可否は役場で要確認,,2026-06-22,,https://www.homes.co.jp/kodate/b-33307660000197/,適合
LIFULL 中古戸建 清水町,清水町,空き家,掲載に空き家表記,中古戸建  駿東郡清水町徳倉,635,101.0,20.8,3000,田,—,,不明,接道・区分情報なし。建物ありだが現行法での再建築可否は役場で要確認,,2026-06-22,,https://www.homes.co.jp/kodate/b-1540930000051/,不適合
LIFULL 中古戸建 清水町,清水町,中古戸建,中古戸建/住宅カテゴリ,静岡県駿東郡清水町徳倉　中古戸建,950,167.8,18.7,3000,—,—,,不明,接道・区分情報なし。建物ありだが現行法での再建築可否は役場で要確認,,2026-06-22,,https://www.homes.co.jp/kodate/b-1468010001081/,不適合
空き家バンクしずおか 清水町,清水町,更地,土地カテゴリ（建物表記なし）,駿東郡清水町柿田,3290,131.2,82.9,1500,田,市街化区域,,△,市街化区域だが接道幅員が不明。新築可否は接道要確認,,2026-07-13,,https://akiya-bank.shizuoka.fudohsan.jp/%E7%89%A9%E4%BB%B6/174490/settle/1,不適合
空き家バンクしずおか 清水町,清水町,空き家,掲載に空き家表記,駿東郡清水町長沢,3190,175.5,60.1,3000,田,市街化区域,,不明,接道・区分情報なし。建物ありだが現行法での再建築可否は役場で要確認,,2026-06-14,,https://akiya-bank.shizuoka.fudohsan.jp/%E7%89%A9%E4%BB%B6/170890/settle/1,不適合
空き家バンクしずおか 清水町,清水町,更地,土地カテゴリ（建物表記なし）,駿東郡清水町伏見756-1,11500,957.5,39.7,1500,田,市街化区域,,△,市街化区域だが接道幅員が不明。新築可否は接道要確認,,2026-08-07,,https://akiya-bank.shizuoka.fudohsan.jp/%E7%89%A9%E4%BB%B6/176120/settle/1,不適合
空き家バンクしずおか 清水町,清水町,空き家,掲載に空き家表記,駿東郡清水町徳倉,1980,567.1,11.5,3000,畑,市街化区域,,不明,接道・区分情報なし。建物ありだが現行法での再建築可否は役場で要確認,,2026-06-14,,https://akiya-bank.shizuoka.fudohsan.jp/%E7%89%A9%E4%BB%B6/173391/settle/1,適合
空き家バンクしずおか 清水町,清水町,空き家,掲載に空き家表記,駿東郡清水町長沢970-3,3650,118.3,102.0,3000,田,市街化区域,,不明,接道・区分情報なし。建物ありだが現行法での再建築可否は役場で要確認,,2026-06-14,,https://akiya-bank.shizuoka.fudohsan.jp/%E7%89%A9%E4%BB%B6/172933/settle/1,不適合
空き家バンクしずおか 清水町,清水町,更地,土地カテゴリ（建物表記なし）,駿東郡清水町徳倉80-12,540,592.0,3.0,1500,田,市街化調整区域,,△,市街化調整区域は原則新築不可・許可要件次第＝本命候補,,2026-06-23,関心:調整区域/無指定,https://akiya-bank.shizuoka.fudohsan.jp/%E7%89%A9%E4%BB%B6/174531/settle/1,適合
空き家バンクしずおか 清水町,清水町,更地,土地カテゴリ（建物表記なし）,駿東郡清水町徳倉,4800,668.5,23.7,1500,田,市街化区域,,△,市街化区域だが接道幅員が不明。新築可否は接道要確認,,2026-06-14,,https://akiya-bank.shizuoka.fudohsan.jp/%E7%89%A9%E4%BB%B6/171406/settle/1,不適合
空き家バンクしずおか 清水町,清水町,更地,土地カテゴリ（建物表記なし）,駿東郡清水町伏見,3200,257.4,41.1,1500,田,市街化区域,,△,市街化区域だが接道幅員が不明。新築可否は接道要確認,,2026-07-21,,https://akiya-bank.shizuoka.fudohsan.jp/%E7%89%A9%E4%BB%B6/175467/settle/1,不適合
空き家バンクしずおか 清水町,清水町,古家付き土地,土地＋古家/上物の表記,駿東郡清水町堂庭,3080,198.4,51.3,1500,田,市街化区域,,不明,接道・区分情報なし。建物ありだが現行法での再建築可否は役場で要確認,,2026-06-14,,https://akiya-bank.shizuoka.fudohsan.jp/%E7%89%A9%E4%BB%B6/170814/settle/1,不適合
空き家バンクしずおか 清水町,清水町,空き家,掲載に空き家表記,駿東郡清水町徳倉67-10,2490,128.4,64.1,3000,田,市街化調整区域,,△,調整区域の建替えは既存宅地要件等の確認が必要＝本命候補,,2026-07-17,関心:調整区域/無指定,https://akiya-bank.shizuoka.fudohsan.jp/%E7%89%A9%E4%BB%B6/175366/settle/1,不適合
空き家バンクしずおか 清水町,清水町,更地,土地カテゴリ（建物表記なし）,駿東郡清水町徳倉891-1,1490,133.5,36.9,1500,田,市街化区域,,△,市街化区域だが接道幅員が不明。新築可否は接道要確認,,2026-06-14,,https://akiya-bank.shizuoka.fudohsan.jp/%E7%89%A9%E4%BB%B6/158257/settle/1,不適合
空き家バンクしずおか 清水町,清水町,更地,土地カテゴリ（建物表記なし）,駿東郡清水町徳倉891-1,1490,133.7,36.8,1500,田,市街化区域,,△,市街化区域だが接道幅員が不明。新築可否は接道要確認,,2026-06-14,,https://akiya-bank.shizuoka.fudohsan.jp/%E7%89%A9%E4%BB%B6/158258/settle/1,不適合
空き家バンクしずおか 清水町,清水町,更地,土地カテゴリ（建物表記なし）,駿東郡清水町徳倉,1520,165.3,30.4,1500,宅地,市街化区域,,△,市街化区域だが接道幅員が不明。新築可否は接道要確認,,2026-06-14,,https://akiya-bank.shizuoka.fudohsan.jp/%E7%89%A9%E4%BB%B6/172442/settle/1,不適合
空き家バンクしずおか 清水町,清水町,更地,土地カテゴリ（建物表記なし）,駿東郡清水町伏見,2700,205.3,43.5,1500,田,市街化区域,,△,市街化区域だが接道幅員が不明。新築可否は接道要確認,,2026-06-14,,https://akiya-bank.shizuoka.fudohsan.jp/%E7%89%A9%E4%BB%B6/149269/settle/1,不適合
空き家バンクしずおか 清水町,清水町,更地,土地カテゴリ（建物表記なし）,駿東郡清水町徳倉2403-1,2400,242.7,32.7,1500,田,市街化区域,,△,市街化区域だが接道幅員が不明。新築可否は接道要確認,,2026-06-14,,https://akiya-bank.shizuoka.fudohsan.jp/%E7%89%A9%E4%BB%B6/138257/settle/1,不適合
空き家バンクしずおか 清水町,清水町,古家付き土地,土地＋古家/上物の表記,駿東郡清水町徳倉,1280,132.0,32.1,1500,田,市街化区域,,不明,接道・区分情報なし。建物ありだが現行法での再建築可否は役場で要確認,,2026-06-14,,https://akiya-bank.shizuoka.fudohsan.jp/%E7%89%A9%E4%BB%B6/166499/settle/1,不適合
空き家バンクしずおか 清水町,清水町,古家付き土地,土地＋古家/上物の表記,駿東郡清水町湯川,1980,171.6,38.1,1500,田,市街化区域,,不明,接道・区分情報なし。建物ありだが現行法での再建築可否は役場で要確認,,2026-06-14,,https://akiya-bank.shizuoka.fudohsan.jp/%E7%89%A9%E4%BB%B6/155355/settle/1,不適合
家っち(新日本住建販売) 清水町 土地一覧,清水町,更地,土地カテゴリ（建物表記なし）,静岡県駿東郡清水町伏見,3450,233.2,48.9,1500,—,—,,不明,接道・区分情報なし、詳細/役場で要確認,,2026-08-03,,https://www.snjhkk.com/s_r_59441/index.html,不適合
家っち(新日本住建販売) 清水町 土地一覧,清水町,更地,土地カテゴリ（建物表記なし）,静岡県駿東郡清水町徳倉,2490,128.4,64.1,1500,—,—,,不明,接道・区分情報なし、詳細/役場で要確認,,2026-07-06,,https://www.snjhkk.com/s_r_59157/index.html,不適合
家っち(新日本住建販売) 清水町 土地一覧,清水町,更地,土地カテゴリ（建物表記なし）,静岡県駿東郡清水町中徳倉,1980,164.8,39.7,1500,—,—,,不明,接道・区分情報なし、詳細/役場で要確認,,2026-06-25,,https://www.snjhkk.com/s_r_58901/index.html,不適合
家っち(新日本住建販売) 清水町 土地一覧,清水町,更地,土地カテゴリ（建物表記なし）,静岡県駿東郡清水町長沢,2490,105.2,78.2,1500,—,—,,不明,接道・区分情報なし、詳細/役場で要確認,,2026-06-25,,https://www.snjhkk.com/s_r_58890/index.html,不適合
家っち(新日本住建販売) 清水町 土地一覧,清水町,更地,土地カテゴリ（建物表記なし）,静岡県駿東郡清水町徳倉,1980,567.1,11.5,1500,—,—,,不明,接道・区分情報なし、詳細/役場で要確認,,2026-06-25,,https://www.snjhkk.com/s_r_58687/index.html,不適合
家っち(新日本住建販売) 清水町 土地一覧,清水町,更地,土地カテゴリ（建物表記なし）,静岡県駿東郡清水町湯川,1840,143.5,42.4,1500,—,—,,不明,接道・区分情報なし、詳細/役場で要確認,,2026-06-25,,https://www.snjhkk.com/s_r_58601/index.html,不適合
家っち(新日本住建販売) 清水町 土地一覧,清水町,更地,土地カテゴリ（建物表記なし）,静岡県駿東郡清水町伏見,2990,133.1,74.3,1500,—,—,,不明,接道・区分情報なし、詳細/役場で要確認,,2026-06-25,,https://www.snjhkk.com/s_r_56054/index.html,不適合
家っち(新日本住建販売) 清水町 土地一覧,清水町,更地,土地カテゴリ（建物表記なし）,静岡県駿東郡清水町徳倉,1390,254.0,18.1,1500,—,—,,不明,接道・区分情報なし、詳細/役場で要確認,,2026-06-25,,https://www.snjhkk.com/s_r_55902/index.html,不適合
家っち(新日本住建販売) 清水町 土地一覧,清水町,更地,土地カテゴリ（建物表記なし）,静岡県駿東郡清水町玉川,1980,165.3,39.6,1500,田,—,,不明,接道・区分情報なし、詳細/役場で要確認,,2026-06-25,,https://www.snjhkk.com/s_r_54907/index.html,不適合
家っち(新日本住建販売) 清水町 土地一覧,清水町,更地,土地カテゴリ（建物表記なし）,静岡県駿東郡清水町伏見字谷口579-6,2998,99.3,99.8,1500,—,—,,不明,接道・区分情報なし、詳細/役場で要確認,,2026-06-25,,https://www.snjhkk.com/s_r_53046/index.html,不適合
家っち(新日本住建販売) 清水町 土地一覧,清水町,更地,土地カテゴリ（建物表記なし）,静岡県駿東郡清水町湯川字五反田9-16,3398,112.3,100.0,1500,田,—,,不明,接道・区分情報なし、詳細/役場で要確認,,2026-06-25,,https://www.snjhkk.com/s_r_53045/index.html,不適合
家っち(新日本住建販売) 清水町 土地一覧,清水町,更地,土地カテゴリ（建物表記なし）,静岡県駿東郡清水町湯川字五反田9-15,2998,111.0,89.3,1500,田,—,,不明,接道・区分情報なし、詳細/役場で要確認,,2026-06-25,,https://www.snjhkk.com/s_r_52860/index.html,不適合
家っち(新日本住建販売) 清水町 土地一覧,清水町,更地,土地カテゴリ（建物表記なし）,静岡県駿東郡清水町湯川字五反田9-14,3398,112.2,100.1,1500,田,—,,不明,接道・区分情報なし、詳細/役場で要確認,,2026-08-07,,https://www.snjhkk.com/s_r_52859/index.html,不適合
家っち(新日本住建販売) 清水町 土地一覧,清水町,更地,土地カテゴリ（建物表記なし）,静岡県駿東郡清水町湯川字五反田9-8,3498,111.5,103.7,1500,田,—,,不明,接道・区分情報なし、詳細/役場で要確認,,2026-08-07,,https://www.snjhkk.com/s_r_52852/index.html,不適合
家っち(新日本住建販売) 清水町 土地一覧,清水町,更地,土地カテゴリ（建物表記なし）,静岡県駿東郡清水町徳倉,1850,300.6,20.3,1500,—,—,,不明,接道・区分情報なし、詳細/役場で要確認,,2026-08-07,,https://www.snjhkk.com/s_r_40275/index.html,不適合
ビレッジハウス 伊豆の国市（敷金礼金0円）,伊豆の国市,賃貸アパート,賃貸カテゴリ（掲載種別）,静岡県伊豆の国市御門字川平367-6,,,,5,—,—,,—,賃貸のため対象外,,2026-07-25,関心:敷金なし/礼金なし,https://www.villagehouse.jp/chintai/tokai/shizuoka/izunokuni-shi-222259/ohito-4241/,数値不明
SUUMO 賃貸 駿東郡（清水/長泉）,清水町,賃貸マンション,賃貸カテゴリ（掲載種別）,静岡県駿東郡清水町伏見,6.4,40.6,,5,—,—,,—,賃貸のため対象外,,2026-08-10,,https://suumo.jp/chintai/jnc_000109121920/,不適合
SUUMO 賃貸 駿東郡（清水/長泉）,清水町,賃貸マンション,賃貸カテゴリ（掲載種別）,静岡県駿東郡清水町伏見,6.4,40.6,,5,—,—,,—,賃貸のため対象外,,2026-08-11,,https://suumo.jp/chintai/jnc_000109139866/,不適合
SUUMO 賃貸 駿東郡（清水/長泉）,清水町,賃貸マンション,賃貸カテゴリ（掲載種別）,静岡県駿東郡清水町伏見,6.6,41.7,,5,—,—,,—,賃貸のため対象外,,2026-08-08,,https://suumo.jp/chintai/jnc_000106486035/,不適合
SUUMO 賃貸 駿東郡（清水/長泉）,清水町,賃貸マンション,賃貸カテゴリ（掲載種別）,静岡県駿東郡清水町伏見,6.9,41.7,,5,—,—,,—,賃貸のため対象外,,2026-08-08,,https://suumo.jp/chintai/jnc_000099356855/,不適合
SUUMO 賃貸 駿東郡（清水/長泉）,清水町,賃貸マンション,賃貸カテゴリ（掲載種別）,静岡県駿東郡清水町伏見,6.9,41.7,,5,—,—,,—,賃貸のため対象外,,2026-08-08,,https://suumo.jp/chintai/jnc_000099336357/,不適合
SUUMO 賃貸 駿東郡（清水/長泉）,清水町,賃貸マンション,賃貸カテゴリ（掲載種別）,静岡県駿東郡清水町伏見,6.9,41.7,,5,—,—,,—,賃貸のため対象外,,2026-08-09,,https://suumo.jp/chintai/jnc_000099366316/,不適合
SUUMO 賃貸 駿東郡（清水/長泉）,清水町,賃貸アパート,賃貸カテゴリ（掲載種別）,静岡県駿東郡清水町伏見,6.9,40.1,,5,—,—,,—,賃貸のため対象外,,2026-08-08,,https://suumo.jp/chintai/jnc_000109084970/,不適合
SUUMO 賃貸 駿東郡（清水/長泉）,清水町,賃貸マンション,賃貸カテゴリ（掲載種別）,静岡県駿東郡清水町堂庭,7.5,69.2,,5,—,—,,—,賃貸のため対象外,,2026-08-11,,https://suumo.jp/chintai/jnc_000057669689/,不適合
SUUMO 賃貸 駿東郡（清水/長泉）,清水町,賃貸マンション,賃貸カテゴリ（掲載種別）,静岡県駿東郡清水町長沢,6.5,57.3,,5,—,—,,—,賃貸のため対象外,,2026-08-11,,https://suumo.jp/chintai/jnc_000054294402/,不適合
SUUMO 賃貸 駿東郡（清水/長泉）,清水町,賃貸マンション,賃貸カテゴリ（掲載種別）,静岡県駿東郡清水町新宿,6.3,52.2,,5,—,—,,—,賃貸のため対象外,,2026-08-11,,https://suumo.jp/chintai/jnc_000076378776/,不適合
SUUMO 賃貸 駿東郡（清水/長泉）,清水町,賃貸マンション,賃貸カテゴリ（掲載種別）,静岡県駿東郡清水町新宿,6.2,52.2,,5,—,—,,—,賃貸のため対象外,,2026-08-11,,https://suumo.jp/chintai/jnc_000098260487/,不適合
SUUMO 賃貸 駿東郡（清水/長泉）,清水町,賃貸マンション,賃貸カテゴリ（掲載種別）,静岡県駿東郡清水町新宿,6.2,52.2,,5,—,—,,—,賃貸のため対象外,,2026-08-11,,https://suumo.jp/chintai/jnc_000108813495/,不適合
SUUMO 賃貸 駿東郡（清水/長泉）,清水町,賃貸マンション,賃貸カテゴリ（掲載種別）,静岡県駿東郡清水町伏見,5.6,30.4,,5,—,—,,—,賃貸のため対象外,,2026-08-09,,https://suumo.jp/chintai/jnc_000108544146/,不適合
SUUMO 賃貸 駿東郡（清水/長泉）,清水町,賃貸マンション,賃貸カテゴリ（掲載種別）,静岡県駿東郡清水町畑中,5.5,50.6,,5,畑,—,,—,賃貸のため対象外,,2026-08-11,,https://suumo.jp/chintai/jnc_000053246433/,不適合
SUUMO 賃貸 駿東郡（清水/長泉）,清水町,賃貸マンション,賃貸カテゴリ（掲載種別）,静岡県駿東郡清水町畑中,14.8,132.3,,5,畑,—,,—,賃貸のため対象外,,2026-08-11,,https://suumo.jp/chintai/jnc_000106462451/,不適合
SUUMO 賃貸 駿東郡（清水/長泉）,清水町,賃貸マンション,賃貸カテゴリ（掲載種別）,静岡県駿東郡清水町畑中,17.0,132.3,,5,畑,—,,—,賃貸のため対象外,,2026-08-11,,https://suumo.jp/chintai/jnc_000103601809/,不適合
SUUMO 賃貸 駿東郡（清水/長泉）,清水町,賃貸アパート,賃貸カテゴリ（掲載種別）,静岡県駿東郡清水町長沢,5.7,44.7,,5,—,—,,—,賃貸のため対象外,,2026-08-10,,https://suumo.jp/chintai/jnc_000108967950/,不適合
SUUMO 賃貸 駿東郡（清水/長泉）,清水町,賃貸マンション,賃貸カテゴリ（掲載種別）,静岡県駿東郡清水町長沢,5.0,29.7,,5,—,—,,—,賃貸のため対象外,,2026-08-11,,https://suumo.jp/chintai/jnc_000065619845/,適合
SUUMO 賃貸 駿東郡（清水/長泉）,清水町,賃貸マンション,賃貸カテゴリ（掲載種別）,静岡県駿東郡清水町柿田,10.0,75.0,,5,田,—,,—,賃貸のため対象外,,2026-08-11,,https://suumo.jp/chintai/jnc_000069719394/,不適合
SUUMO 賃貸 駿東郡（清水/長泉）,清水町,賃貸アパート,賃貸カテゴリ（掲載種別）,静岡県駿東郡清水町長沢,5.2,42.1,,5,—,—,,—,賃貸のため対象外,,2026-08-11,,https://suumo.jp/chintai/jnc_000089537838/,不適合
SUUMO 賃貸 駿東郡（清水/長泉）,清水町,賃貸アパート,賃貸カテゴリ（掲載種別）,静岡県駿東郡清水町長沢,5.2,42.1,,5,—,—,,—,賃貸のため対象外,,2026-08-11,,https://suumo.jp/chintai/jnc_000109130714/,不適合
SUUMO 賃貸 駿東郡（清水/長泉）,清水町,賃貸アパート,賃貸カテゴリ（掲載種別）,静岡県駿東郡清水町長沢,5.3,42.1,,5,—,—,,—,賃貸のため対象外,,2026-08-11,,https://suumo.jp/chintai/jnc_000103412070/,不適合
SUUMO 賃貸 駿東郡（清水/長泉）,清水町,賃貸マンション,賃貸カテゴリ（掲載種別）,静岡県駿東郡清水町堂庭,4.8,25.8,,5,—,—,,—,賃貸のため対象外,,2026-08-11,,https://suumo.jp/chintai/jnc_000088578305/,適合
SUUMO 賃貸 駿東郡（清水/長泉）,清水町,賃貸アパート,賃貸カテゴリ（掲載種別）,静岡県駿東郡清水町長沢,3.5,19.5,,5,—,—,,—,賃貸のため対象外,,2026-08-10,,https://suumo.jp/chintai/jnc_000108961259/,適合
SUUMO 賃貸 駿東郡（清水/長泉）,清水町,賃貸アパート,賃貸カテゴリ（掲載種別）,静岡県駿東郡清水町長沢,3.5,18.6,,5,—,—,,—,賃貸のため対象外,,2026-08-10,,https://suumo.jp/chintai/jnc_000108961261/,適合
SUUMO 賃貸 駿東郡（清水/長泉）,清水町,賃貸アパート,賃貸カテゴリ（掲載種別）,静岡県駿東郡清水町長沢,3.5,17.4,,5,—,—,,—,賃貸のため対象外,,2026-08-10,,https://suumo.jp/chintai/jnc_000108961260/,適合
SUUMO 賃貸 駿東郡（清水/長泉）,清水町,賃貸アパート,賃貸カテゴリ（掲載種別）,静岡県駿東郡清水町長沢,3.5,17.4,,5,—,—,,—,賃貸のため対象外,,2026-08-10,,https://suumo.jp/chintai/jnc_000108961258/,適合
SUUMO 賃貸 駿東郡（清水/長泉）,清水町,賃貸アパート,賃貸カテゴリ（掲載種別）,静岡県駿東郡清水町伏見,5.9,58.8,,5,—,—,,—,賃貸のため対象外,,2026-08-10,,https://suumo.jp/chintai/jnc_000107639658/,不適合
SUUMO 賃貸 駿東郡（清水/長泉）,清水町,賃貸マンション,賃貸カテゴリ（掲載種別）,静岡県駿東郡清水町徳倉,7.2,57.8,,5,—,—,,—,賃貸のため対象外,,2026-08-10,,https://suumo.jp/chintai/jnc_000106998646/,不適合
SUUMO 賃貸 駿東郡（清水/長泉）,清水町,賃貸マンション,賃貸カテゴリ（掲載種別）,静岡県駿東郡清水町徳倉,7.8,66.6,,5,—,—,,—,賃貸のため対象外,,2026-08-10,,https://suumo.jp/chintai/jnc_000093267923/,不適合
SUUMO 賃貸 駿東郡（清水/長泉）,清水町,賃貸マンション,賃貸カテゴリ（掲載種別）,静岡県駿東郡清水町長沢,7.4,58.0,,5,—,—,,—,賃貸のため対象外,,2026-08-11,,https://suumo.jp/chintai/jnc_000108225492/,不適合
SUUMO 賃貸 駿東郡（清水/長泉）,清水町,賃貸マンション,賃貸カテゴリ（掲載種別）,静岡県駿東郡清水町長沢,7.5,58.0,,5,—,—,,—,賃貸のため対象外,,2026-08-11,,https://suumo.jp/chintai/jnc_000108620869/,不適合
SUUMO 賃貸 駿東郡（清水/長泉）,清水町,賃貸マンション,賃貸カテゴリ（掲載種別）,静岡県駿東郡清水町長沢,7.8,58.0,,5,—,—,,—,賃貸のため対象外,,2026-08-11,,https://suumo.jp/chintai/jnc_000106734272/,不適合
SUUMO 賃貸 駿東郡（清水/長泉）,清水町,賃貸マンション,賃貸カテゴリ（掲載種別）,静岡県駿東郡清水町長沢,7.8,58.0,,5,—,—,,—,賃貸のため対象外,,2026-08-11,,https://suumo.jp/chintai/jnc_000107339034/,不適合
SUUMO 賃貸 駿東郡（清水/長泉）,清水町,賃貸マンション,賃貸カテゴリ（掲載種別）,静岡県駿東郡清水町徳倉,7.3,58.0,,5,—,—,,—,賃貸のため対象外,,2026-08-10,,https://suumo.jp/chintai/jnc_000040371051/,不適合
SUUMO 賃貸 駿東郡（清水/長泉）,清水町,賃貸マンション,賃貸カテゴリ（掲載種別）,静岡県駿東郡清水町徳倉,7.4,58.0,,5,—,—,,—,賃貸のため対象外,,2026-08-10,,https://suumo.jp/chintai/jnc_000108799545/,不適合
SUUMO 賃貸 駿東郡（清水/長泉）,清水町,賃貸マンション,賃貸カテゴリ（掲載種別）,静岡県駿東郡清水町徳倉,7.5,58.0,,5,—,—,,—,賃貸のため対象外,,2026-08-10,,https://suumo.jp/chintai/jnc_000105630766/,不適合
SUUMO 賃貸 駿東郡（清水/長泉）,清水町,賃貸アパート,賃貸カテゴリ（掲載種別）,静岡県駿東郡清水町新宿,6.8,53.0,,5,—,—,,—,賃貸のため対象外,,2026-08-11,,https://suumo.jp/chintai/jnc_000108235279/,不適合
SUUMO 賃貸 駿東郡（清水/長泉）,清水町,賃貸アパート,賃貸カテゴリ（掲載種別）,静岡県駿東郡清水町堂庭,6.3,53.0,,5,—,—,,—,賃貸のため対象外,,2026-08-11,,https://suumo.jp/chintai/jnc_000109096997/,不適合
SUUMO 賃貸 駿東郡（清水/長泉）,清水町,賃貸アパート,賃貸カテゴリ（掲載種別）,静岡県駿東郡清水町徳倉,6.7,48.6,,5,—,—,,—,賃貸のため対象外,,2026-08-11,,https://suumo.jp/chintai/jnc_000104592968/?bc=100507641558,不適合
SUUMO 賃貸 駿東郡（清水/長泉）,清水町,賃貸アパート,賃貸カテゴリ（掲載種別）,静岡県駿東郡清水町徳倉,6.7,48.6,,5,—,—,,—,賃貸のため対象外,,2026-08-11,,https://suumo.jp/chintai/jnc_000104592965/?bc=100507641673,不適合
SUUMO 賃貸 駿東郡（清水/長泉）,清水町,賃貸アパート,賃貸カテゴリ（掲載種別）,静岡県駿東郡清水町徳倉,7.39,58.2,,5,—,—,,—,賃貸のため対象外,,2026-08-10,,https://suumo.jp/chintai/jnc_000104592971/?bc=100512629530,不適合
SUUMO 賃貸 駿東郡（清水/長泉）,清水町,賃貸アパート,賃貸カテゴリ（掲載種別）,静岡県駿東郡清水町徳倉,7.57,58.2,,5,—,—,,—,賃貸のため対象外,,2026-08-11,,https://suumo.jp/chintai/jnc_000104592969/?bc=100507641807,不適合
SUUMO 賃貸 駿東郡（清水/長泉）,清水町,賃貸アパート,賃貸カテゴリ（掲載種別）,静岡県駿東郡清水町徳倉,7.57,58.2,,5,—,—,,—,賃貸のため対象外,,2026-08-11,,https://suumo.jp/chintai/jnc_000104592972/?bc=100507642005,不適合
SUUMO 賃貸 駿東郡（清水/長泉）,清水町,賃貸アパート,賃貸カテゴリ（掲載種別）,静岡県駿東郡清水町伏見,6.4,34.4,,5,—,—,,—,賃貸のため対象外,,2026-08-11,,https://suumo.jp/chintai/jnc_000106550921/?bc=100502260654,不適合
SUUMO 賃貸 駿東郡（清水/長泉）,清水町,賃貸アパート,賃貸カテゴリ（掲載種別）,静岡県駿東郡清水町伏見,6.5,34.4,,5,—,—,,—,賃貸のため対象外,,2026-08-11,,https://suumo.jp/chintai/jnc_000106550920/?bc=100512630211,不適合
SUUMO 賃貸 駿東郡（清水/長泉）,清水町,賃貸アパート,賃貸カテゴリ（掲載種別）,静岡県駿東郡清水町伏見,6.5,34.4,,5,—,—,,—,賃貸のため対象外,,2026-08-09,,https://suumo.jp/chintai/jnc_000106550922/?bc=100513826085,不適合
SUUMO 賃貸 駿東郡（清水/長泉）,清水町,賃貸マンション,賃貸カテゴリ（掲載種別）,静岡県駿東郡清水町八幡,6.8,41.5,,5,—,—,,—,賃貸のため対象外,,2026-08-11,,https://suumo.jp/chintai/jnc_000013977623/?bc=100520965411,不適合
SUUMO 賃貸 駿東郡（清水/長泉）,清水町,賃貸マンション,賃貸カテゴリ（掲載種別）,静岡県駿東郡清水町玉川,6.0,42.8,,5,—,—,,—,賃貸のため対象外,,2026-08-11,,https://suumo.jp/chintai/jnc_000107445958/?bc=100513624784,不適合
SUUMO 賃貸 駿東郡（清水/長泉）,清水町,賃貸マンション,賃貸カテゴリ（掲載種別）,静岡県駿東郡清水町伏見,6.4,41.8,,5,—,—,,—,賃貸のため対象外,,2026-08-11,,https://suumo.jp/chintai/jnc_000103079970/?bc=100516778010,不適合
SUUMO 賃貸 駿東郡（清水/長泉）,清水町,賃貸マンション,賃貸カテゴリ（掲載種別）,静岡県駿東郡清水町伏見,6.4,41.8,,5,—,—,,—,賃貸のため対象外,,2026-08-11,,https://suumo.jp/chintai/jnc_000105630768/?bc=100496830934,不適合
SUUMO 賃貸 駿東郡（清水/長泉）,清水町,賃貸マンション,賃貸カテゴリ（掲載種別）,静岡県駿東郡清水町伏見,7.0,65.3,,5,—,—,,—,賃貸のため対象外,,2026-08-11,,https://suumo.jp/chintai/jnc_000099591043/?bc=100487763784,不適合
SUUMO 賃貸 駿東郡（清水/長泉）,清水町,賃貸マンション,賃貸カテゴリ（掲載種別）,静岡県駿東郡清水町伏見,7.0,65.3,,5,—,—,,—,賃貸のため対象外,,2026-08-10,,https://suumo.jp/chintai/jnc_000107825656/?bc=100515426677,不適合
SUUMO 賃貸 駿東郡（清水/長泉）,清水町,賃貸マンション,賃貸カテゴリ（掲載種別）,静岡県駿東郡清水町伏見,7.0,65.3,,5,—,—,,—,賃貸のため対象外,,2026-08-11,,https://suumo.jp/chintai/jnc_000040662636/?bc=100487688431,不適合
SUUMO 賃貸 駿東郡（清水/長泉）,清水町,賃貸マンション,賃貸カテゴリ（掲載種別）,静岡県駿東郡清水町伏見,7.2,65.3,,5,—,—,,—,賃貸のため対象外,,2026-08-11,,https://suumo.jp/chintai/jnc_000099642276/?bc=100465617764,不適合
SUUMO 賃貸 駿東郡（清水/長泉）,清水町,賃貸マンション,賃貸カテゴリ（掲載種別）,静岡県駿東郡清水町伏見,7.2,65.3,,5,—,—,,—,賃貸のため対象外,,2026-08-10,,https://suumo.jp/chintai/jnc_000108252226/?bc=100515094597,不適合
SUUMO 賃貸 駿東郡（清水/長泉）,清水町,賃貸マンション,賃貸カテゴリ（掲載種別）,静岡県駿東郡清水町伏見,7.2,64.9,,5,—,—,,—,賃貸のため対象外,,2026-08-09,,https://suumo.jp/chintai/jnc_000101539103/?bc=100465617411,不適合
SUUMO 賃貸 駿東郡（清水/長泉）,清水町,賃貸マンション,賃貸カテゴリ（掲載種別）,静岡県駿東郡清水町徳倉,5.7,56.2,,5,—,—,,—,賃貸のため対象外,,2026-08-11,,https://suumo.jp/chintai/jnc_000059151211/?bc=100168983969,不適合
SUUMO 賃貸 駿東郡（清水/長泉）,清水町,賃貸マンション,賃貸カテゴリ（掲載種別）,静岡県駿東郡清水町徳倉,5.7,56.2,,5,—,—,,—,賃貸のため対象外,,2026-08-11,,https://suumo.jp/chintai/jnc_000063516936/?bc=100518734534,不適合
SUUMO 賃貸 駿東郡（清水/長泉）,清水町,賃貸アパート,賃貸カテゴリ（掲載種別）,静岡県駿東郡清水町徳倉,7.65,56.5,,5,—,—,,—,賃貸のため対象外,,2026-08-11,,https://suumo.jp/chintai/jnc_000108847954/?bc=100519646680,不適合
SUUMO 賃貸 駿東郡（清水/長泉）,清水町,賃貸アパート,賃貸カテゴリ（掲載種別）,静岡県駿東郡清水町徳倉,6.45,57.2,,5,—,—,,—,賃貸のため対象外,,2026-08-11,,https://suumo.jp/chintai/jnc_000108856317/?bc=100514680189,不適合
SUUMO 賃貸 駿東郡（清水/長泉）,清水町,賃貸マンション,賃貸カテゴリ（掲載種別）,静岡県駿東郡清水町八幡,6.5,57.3,,5,—,—,,—,賃貸のため対象外,,2026-08-11,,https://suumo.jp/chintai/jnc_000059796325/?bc=100494849885,不適合
SUUMO 賃貸 駿東郡（清水/長泉）,清水町,賃貸マンション,賃貸カテゴリ（掲載種別）,静岡県駿東郡清水町八幡,6.5,54.5,,5,—,—,,—,賃貸のため対象外,,2026-08-11,,https://suumo.jp/chintai/jnc_000060562821/?bc=100476754325,不適合
SUUMO 賃貸 駿東郡（清水/長泉）,清水町,賃貸アパート,賃貸カテゴリ（掲載種別）,静岡県駿東郡清水町堂庭,6.3,53.0,,5,—,—,,—,賃貸のため対象外,,2026-08-10,,https://suumo.jp/chintai/jnc_000109130713/?bc=100521087450,不適合
SUUMO 賃貸 駿東郡（清水/長泉）,清水町,賃貸アパート,賃貸カテゴリ（掲載種別）,静岡県駿東郡清水町玉川,7.2,76.1,,5,—,—,,—,賃貸のため対象外,,2026-08-09,,https://suumo.jp/chintai/jnc_000109092083/?bc=100521162854,不適合
SUUMO 賃貸 駿東郡（清水/長泉）,清水町,賃貸アパート,賃貸カテゴリ（掲載種別）,静岡県駿東郡清水町玉川,7.7,76.1,,5,—,—,,—,賃貸のため対象外,,2026-08-09,,https://suumo.jp/chintai/jnc_000109068584/?bc=100521028987,不適合
SUUMO 賃貸 駿東郡（清水/長泉）,清水町,賃貸マンション,賃貸カテゴリ（掲載種別）,静岡県駿東郡清水町久米田,6.4,43.6,,5,田,—,,—,賃貸のため対象外,,2026-08-11,,https://suumo.jp/chintai/jnc_000107866595/?bc=100512920271,不適合
SUUMO 賃貸 駿東郡（清水/長泉）,清水町,賃貸マンション,賃貸カテゴリ（掲載種別）,静岡県駿東郡清水町久米田,6.5,43.6,,5,田,—,,—,賃貸のため対象外,,2026-08-10,,https://suumo.jp/chintai/jnc_000076635576/?bc=100409464858,不適合
SUUMO 賃貸 駿東郡（清水/長泉）,清水町,賃貸アパート,賃貸カテゴリ（掲載種別）,静岡県駿東郡清水町伏見,4.2,30.7,,5,—,—,,—,賃貸のため対象外,,2026-08-08,,https://suumo.jp/chintai/jnc_000109068585/?bc=100521049735,適合
SUUMO 賃貸 駿東郡（清水/長泉）,清水町,賃貸マンション,賃貸カテゴリ（掲載種別）,静岡県駿東郡清水町徳倉,5.9,69.0,,5,—,—,,—,賃貸のため対象外,,2026-08-11,,https://suumo.jp/chintai/jnc_000090199788/?bc=100513826275,不適合
SUUMO 賃貸 駿東郡（清水/長泉）,清水町,賃貸マンション,賃貸カテゴリ（掲載種別）,静岡県駿東郡清水町徳倉,7.4,57.5,,5,—,—,,—,賃貸のため対象外,,2026-08-10,,https://suumo.jp/chintai/jnc_000108062781/?bc=100517866954,不適合
SUUMO 賃貸 駿東郡（清水/長泉）,清水町,賃貸マンション,賃貸カテゴリ（掲載種別）,静岡県駿東郡清水町徳倉,7.4,57.5,,5,—,—,,—,賃貸のため対象外,,2026-08-11,,https://suumo.jp/chintai/jnc_000097795235/?bc=100515469302,不適合
SUUMO 賃貸 駿東郡（清水/長泉）,清水町,賃貸マンション,賃貸カテゴリ（掲載種別）,静岡県駿東郡清水町久米田,6.75,41.0,,5,田,—,,—,賃貸のため対象外,,2026-08-11,,https://suumo.jp/chintai/jnc_000108000208/?bc=100516677388,不適合
SUUMO 賃貸 駿東郡（清水/長泉）,清水町,賃貸マンション,賃貸カテゴリ（掲載種別）,静岡県駿東郡清水町久米田,7.35,43.6,,5,田,—,,—,賃貸のため対象外,,2026-08-08,,https://suumo.jp/chintai/jnc_000105141095/?bc=100490906680,不適合
SUUMO 賃貸 駿東郡（清水/長泉）,長泉町,賃貸アパート,賃貸カテゴリ（掲載種別）,静岡県駿東郡長泉町下長窪,6.35,56.8,,5,—,—,,—,賃貸のため対象外,,2026-08-11,,https://suumo.jp/chintai/jnc_000101937657/?bc=100521091103,不適合
SUUMO 賃貸 駿東郡（清水/長泉）,長泉町,賃貸アパート,賃貸カテゴリ（掲載種別）,静岡県駿東郡長泉町南一色,6.4,63.3,,5,—,—,,—,賃貸のため対象外,,2026-08-11,,https://suumo.jp/chintai/jnc_000108905157/?bc=100520395157,不適合
SUUMO 賃貸 駿東郡（清水/長泉）,清水町,賃貸アパート,賃貸カテゴリ（掲載種別）,静岡県駿東郡清水町堂庭,6.7,59.5,,5,—,—,,—,賃貸のため対象外,,2026-08-11,,https://suumo.jp/chintai/jnc_000037277206/?bc=100485326683,不適合
SUUMO 賃貸 駿東郡（清水/長泉）,清水町,賃貸アパート,賃貸カテゴリ（掲載種別）,静岡県駿東郡清水町堂庭,6.9,59.5,,5,—,—,,—,賃貸のため対象外,,2026-08-10,,https://suumo.jp/chintai/jnc_000108028561/?bc=100487472704,不適合
SUUMO 賃貸 駿東郡（清水/長泉）,清水町,賃貸アパート,賃貸カテゴリ（掲載種別）,静岡県駿東郡清水町柿田,5.9,49.5,,5,田,—,,—,賃貸のため対象外,,2026-08-11,,https://suumo.jp/chintai/jnc_000064608358/?bc=100491273127,不適合
SUUMO 賃貸 駿東郡（清水/長泉）,清水町,賃貸マンション,賃貸カテゴリ（掲載種別）,静岡県駿東郡清水町新宿,7.5,32.8,,5,—,—,,—,賃貸のため対象外,,2026-08-11,,https://suumo.jp/chintai/jnc_000107286392/?bc=100510184986,不適合
SUUMO 賃貸 駿東郡（清水/長泉）,清水町,賃貸マンション,賃貸カテゴリ（掲載種別）,静岡県駿東郡清水町新宿,8.7,37.0,,5,—,—,,—,賃貸のため対象外,,2026-08-11,,https://suumo.jp/chintai/jnc_000106767051/?bc=100513826292,不適合
SUUMO 賃貸 駿東郡（清水/長泉）,清水町,賃貸アパート,賃貸カテゴリ（掲載種別）,静岡県駿東郡清水町徳倉,6.9,52.0,,5,—,—,,—,賃貸のため対象外,,2026-08-11,,https://suumo.jp/chintai/jnc_000107047523/?bc=100506602474,不適合
SUUMO 賃貸 駿東郡（清水/長泉）,清水町,賃貸マンション,賃貸カテゴリ（掲載種別）,静岡県駿東郡清水町伏見,6.8,60.4,,5,—,—,,—,賃貸のため対象外,,2026-08-11,,https://suumo.jp/chintai/jnc_000087609761/?bc=100394272601,不適合
SUUMO 賃貸 駿東郡（清水/長泉）,清水町,賃貸マンション,賃貸カテゴリ（掲載種別）,静岡県駿東郡清水町徳倉,6.4,66.0,,5,—,—,,—,賃貸のため対象外,,2026-08-11,,https://suumo.jp/chintai/jnc_000105469965/?bc=100494866932,不適合
SUUMO 賃貸 駿東郡（清水/長泉）,清水町,賃貸マンション,賃貸カテゴリ（掲載種別）,静岡県駿東郡清水町徳倉,6.4,66.0,,5,—,—,,—,賃貸のため対象外,,2026-08-11,,https://suumo.jp/chintai/jnc_000075999183/?bc=100292394687,不適合
SUUMO 賃貸 駿東郡（清水/長泉）,清水町,賃貸アパート,賃貸カテゴリ（掲載種別）,静岡県駿東郡清水町徳倉,5.5,50.4,,5,—,—,,—,賃貸のため対象外,,2026-08-11,,https://suumo.jp/chintai/jnc_000075399669/?bc=100521368030,不適合
SUUMO 賃貸 駿東郡（清水/長泉）,長泉町,賃貸アパート,賃貸カテゴリ（掲載種別）,静岡県駿東郡長泉町南一色,5.85,65.6,,5,—,—,,—,賃貸のため対象外,,2026-08-11,,https://suumo.jp/chintai/jnc_000108735247/?bc=100518865812,不適合
SUUMO 賃貸 駿東郡（清水/長泉）,清水町,賃貸アパート,賃貸カテゴリ（掲載種別）,静岡県駿東郡清水町伏見,4.75,42.8,,5,—,—,,—,賃貸のため対象外,,2026-08-11,,https://suumo.jp/chintai/jnc_000107411015/?bc=100508509479,適合
SUUMO 賃貸 駿東郡（清水/長泉）,清水町,賃貸マンション,賃貸カテゴリ（掲載種別）,静岡県駿東郡清水町八幡,5.3,42.5,,5,—,—,,—,賃貸のため対象外,,2026-08-11,,https://suumo.jp/chintai/jnc_000084330874/?bc=100521178454,不適合
SUUMO 賃貸 駿東郡（清水/長泉）,清水町,賃貸アパート,賃貸カテゴリ（掲載種別）,静岡県駿東郡清水町八幡,5.3,42.5,,5,—,—,,—,賃貸のため対象外,,2026-08-09,,https://suumo.jp/chintai/jnc_000109092085/?bc=100520895826,不適合
SUUMO 賃貸 駿東郡（清水/長泉）,長泉町,賃貸アパート,賃貸カテゴリ（掲載種別）,静岡県駿東郡長泉町中土狩,7.2,61.1,,5,—,—,,—,賃貸のため対象外,,2026-08-11,,https://suumo.jp/chintai/jnc_000108193498/?bc=100521421903,不適合
SUUMO 賃貸 駿東郡（清水/長泉）,清水町,賃貸マンション,賃貸カテゴリ（掲載種別）,静岡県駿東郡清水町伏見,5.3,53.0,,5,—,—,,—,賃貸のため対象外,,2026-08-10,,https://suumo.jp/chintai/jnc_000108325965/?bc=100516677434,不適合
SUUMO 賃貸 駿東郡（清水/長泉）,清水町,賃貸マンション,賃貸カテゴリ（掲載種別）,静岡県駿東郡清水町伏見,5.5,54.1,,5,—,—,,—,賃貸のため対象外,,2026-07-25,,https://suumo.jp/chintai/jnc_000108749213/?bc=100518607549,不適合
SUUMO 賃貸 駿東郡（清水/長泉）,清水町,賃貸マンション,賃貸カテゴリ（掲載種別）,静岡県駿東郡清水町伏見,5.5,54.1,,5,—,—,,—,賃貸のため対象外,,2026-08-11,,https://suumo.jp/chintai/jnc_000086984027/?bc=100518607490,不適合
SUUMO 賃貸 駿東郡（清水/長泉）,清水町,賃貸マンション,賃貸カテゴリ（掲載種別）,静岡県駿東郡清水町伏見,6.0,63.9,,5,—,—,,—,賃貸のため対象外,,2026-08-11,,https://suumo.jp/chintai/jnc_000065037315/?bc=100515441239,不適合
SUUMO 賃貸 駿東郡（清水/長泉）,長泉町,賃貸マンション,賃貸カテゴリ（掲載種別）,静岡県駿東郡長泉町下長窪,6.0,60.5,,5,—,—,,—,賃貸のため対象外,,2026-08-11,,https://suumo.jp/chintai/jnc_000108884196/?bc=100521610379,不適合
SUUMO 賃貸 駿東郡（清水/長泉）,長泉町,賃貸マンション,賃貸カテゴリ（掲載種別）,静岡県駿東郡長泉町桜堤３,6.7,52.6,,5,—,—,,—,賃貸のため対象外,,2026-08-11,,https://suumo.jp/chintai/jnc_000105036928/?bc=100491068499,不適合
SUUMO 賃貸 駿東郡（清水/長泉）,清水町,賃貸マンション,賃貸カテゴリ（掲載種別）,静岡県駿東郡清水町八幡,4.8,40.3,,5,田,—,,—,賃貸のため対象外,,2026-08-11,,https://suumo.jp/chintai/jnc_000101052267/?bc=100521049738,適合
SUUMO 賃貸 駿東郡（清水/長泉）,長泉町,賃貸マンション,賃貸カテゴリ（掲載種別）,静岡県駿東郡長泉町下土狩,5.9,50.6,,5,—,—,,—,賃貸のため対象外,,2026-08-11,,https://suumo.jp/chintai/jnc_000109068586/?bc=100521087436,不適合
SUUMO 賃貸 駿東郡（清水/長泉）,長泉町,賃貸マンション,賃貸カテゴリ（掲載種別）,静岡県駿東郡長泉町下土狩,5.9,50.6,,5,—,—,,—,賃貸のため対象外,,2026-08-11,,https://suumo.jp/chintai/jnc_000037811779/?bc=100521123881,不適合
SUUMO 賃貸 駿東郡（清水/長泉）,長泉町,賃貸マンション,賃貸カテゴリ（掲載種別）,静岡県駿東郡長泉町下土狩,5.9,50.6,,5,—,—,,—,賃貸のため対象外,,2026-08-11,,https://suumo.jp/chintai/jnc_000043923381/?bc=100521087441,不適合
SUUMO 賃貸 駿東郡（清水/長泉）,長泉町,賃貸アパート,賃貸カテゴリ（掲載種別）,静岡県駿東郡長泉町中土狩,6.6,57.1,,5,—,—,,—,賃貸のため対象外,,2026-08-11,,https://suumo.jp/chintai/jnc_000108967952/?bc=100496165496,不適合
SUUMO 賃貸 駿東郡（清水/長泉）,清水町,賃貸マンション,賃貸カテゴリ（掲載種別）,静岡県駿東郡清水町徳倉,6.9,62.3,,5,—,—,,—,賃貸のため対象外,,2026-08-11,,https://suumo.jp/chintai/jnc_000067402567/?bc=100513500168,不適合
SUUMO 賃貸 駿東郡（清水/長泉）,清水町,賃貸マンション,賃貸カテゴリ（掲載種別）,静岡県駿東郡清水町徳倉,6.9,62.3,,5,—,—,,—,賃貸のため対象外,,2026-08-11,,https://suumo.jp/chintai/jnc_000089297861/?bc=100468388087,不適合
SUUMO 賃貸 駿東郡（清水/長泉）,清水町,賃貸マンション,賃貸カテゴリ（掲載種別）,静岡県駿東郡清水町徳倉,6.9,62.3,,5,—,—,,—,賃貸のため対象外,,2026-08-11,,https://suumo.jp/chintai/jnc_000045529605/?bc=100360245818,不適合
SUUMO 賃貸 駿東郡（清水/長泉）,清水町,賃貸マンション,賃貸カテゴリ（掲載種別）,静岡県駿東郡清水町徳倉,6.9,62.3,,5,—,—,,—,賃貸のため対象外,,2026-08-11,,https://suumo.jp/chintai/jnc_000097362086/?bc=100428098055,不適合
SUUMO 賃貸 駿東郡（清水/長泉）,清水町,賃貸アパート,賃貸カテゴリ（掲載種別）,静岡県駿東郡清水町長沢,5.3,53.1,,5,—,—,,—,賃貸のため対象外,,2026-08-07,,https://suumo.jp/chintai/jnc_000108441655/?bc=100505815007,不適合
SUUMO 賃貸 駿東郡（清水/長泉）,清水町,賃貸アパート,賃貸カテゴリ（掲載種別）,静岡県駿東郡清水町長沢,5.5,53.1,,5,—,—,,—,賃貸のため対象外,,2026-08-07,,https://suumo.jp/chintai/jnc_000095084517/?bc=100510327820,不適合
SUUMO 賃貸 駿東郡（清水/長泉）,清水町,賃貸マンション,賃貸カテゴリ（掲載種別）,静岡県駿東郡清水町畑中,5.5,50.6,,5,畑,—,,—,賃貸のため対象外,,2026-07-25,,https://suumo.jp/chintai/jnc_000052606861/?bc=100517515113,不適合
SUUMO 賃貸 駿東郡（清水/長泉）,清水町,賃貸アパート,賃貸カテゴリ（掲載種別）,静岡県駿東郡清水町徳倉,4.5,51.7,,5,—,—,,—,賃貸のため対象外,,2026-08-11,,https://suumo.jp/chintai/jnc_000107933001/?bc=100512378595,適合
SUUMO 賃貸 駿東郡（清水/長泉）,清水町,賃貸アパート,賃貸カテゴリ（掲載種別）,静岡県駿東郡清水町徳倉,4.5,51.7,,5,—,—,,—,賃貸のため対象外,,2026-08-11,,https://suumo.jp/chintai/jnc_000107907283/?bc=100512602429,適合
SUUMO 賃貸 駿東郡（清水/長泉）,清水町,賃貸アパート,賃貸カテゴリ（掲載種別）,静岡県駿東郡清水町堂庭,5.2,40.0,,5,田,—,,—,賃貸のため対象外,,2026-08-11,,https://suumo.jp/chintai/jnc_000107941070/?bc=100518734508,不適合
SUUMO 賃貸 駿東郡（清水/長泉）,長泉町,賃貸アパート,賃貸カテゴリ（掲載種別）,静岡県駿東郡長泉町下土狩,6.7,56.0,,5,—,—,,—,賃貸のため対象外,,2026-08-11,,https://suumo.jp/chintai/jnc_000109142817/?bc=100521447570,不適合
SUUMO 賃貸 駿東郡（清水/長泉）,清水町,賃貸アパート,賃貸カテゴリ（掲載種別）,静岡県駿東郡清水町徳倉,5.0,50.4,,5,—,—,,—,賃貸のため対象外,,2026-08-11,,https://suumo.jp/chintai/jnc_000109084968/?bc=100521399095,適合
SUUMO 賃貸 駿東郡（清水/長泉）,長泉町,賃貸マンション,賃貸カテゴリ（掲載種別）,静岡県駿東郡長泉町下土狩,7.1,54.2,,5,—,—,,—,賃貸のため対象外,,2026-08-11,,https://suumo.jp/chintai/jnc_000107006000/?bc=100504694649,不適合
SUUMO 賃貸 駿東郡（清水/長泉）,長泉町,賃貸マンション,賃貸カテゴリ（掲載種別）,静岡県駿東郡長泉町納米里,7.5,63.0,,5,—,—,,—,賃貸のため対象外,,2026-08-10,,https://suumo.jp/chintai/jnc_000109115660/?bc=100521363839,不適合
SUUMO 賃貸 駿東郡（清水/長泉）,清水町,賃貸アパート,賃貸カテゴリ（掲載種別）,静岡県駿東郡清水町伏見,5.5,53.0,,5,—,—,,—,賃貸のため対象外,,2026-08-10,,https://suumo.jp/chintai/jnc_000044943247/?bc=100505971211,不適合
SUUMO 賃貸 駿東郡（清水/長泉）,清水町,賃貸アパート,賃貸カテゴリ（掲載種別）,静岡県駿東郡清水町伏見,5.5,53.0,,5,—,—,,—,賃貸のため対象外,,2026-08-07,,https://suumo.jp/chintai/jnc_000107240195/?bc=100510256371,不適合
SUUMO 賃貸 駿東郡（清水/長泉）,長泉町,賃貸アパート,賃貸カテゴリ（掲載種別）,静岡県駿東郡長泉町下土狩,6.7,54.7,,5,—,—,,—,賃貸のため対象外,,2026-08-11,,https://suumo.jp/chintai/jnc_000109142818/?bc=100521568782,不適合
SUUMO 賃貸 駿東郡（清水/長泉）,清水町,賃貸アパート,賃貸カテゴリ（掲載種別）,静岡県駿東郡清水町徳倉,5.2,54.0,,5,—,—,,—,賃貸のため対象外,,2026-08-11,,https://suumo.jp/chintai/jnc_000109043476/?bc=100496065726,不適合
SUUMO 賃貸 駿東郡（清水/長泉）,清水町,賃貸アパート,賃貸カテゴリ（掲載種別）,静岡県駿東郡清水町徳倉,5.4,54.0,,5,—,—,,—,賃貸のため対象外,,2026-08-11,,https://suumo.jp/chintai/jnc_000109043477/?bc=100480896286,不適合
SUUMO 賃貸 駿東郡（清水/長泉）,清水町,賃貸アパート,賃貸カテゴリ（掲載種別）,静岡県駿東郡清水町徳倉,5.5,54.0,,5,—,—,,—,賃貸のため対象外,,2026-08-10,,https://suumo.jp/chintai/jnc_000103713884/?bc=100481283447,不適合
SUUMO 賃貸 駿東郡（清水/長泉）,清水町,賃貸アパート,賃貸カテゴリ（掲載種別）,静岡県駿東郡清水町徳倉,5.7,54.0,,5,—,—,,—,賃貸のため対象外,,2026-08-11,,https://suumo.jp/chintai/jnc_000023432326/?bc=100480889130,不適合
SUUMO 賃貸 駿東郡（清水/長泉）,長泉町,賃貸マンション,賃貸カテゴリ（掲載種別）,静岡県駿東郡長泉町下長窪,7.5,64.4,,5,—,—,,—,賃貸のため対象外,,2026-08-11,,https://suumo.jp/chintai/jnc_000104569481/?bc=100486359379,不適合
SUUMO 賃貸 駿東郡（清水/長泉）,長泉町,賃貸マンション,賃貸カテゴリ（掲載種別）,静岡県駿東郡長泉町下長窪,7.6,64.4,,5,—,—,,—,賃貸のため対象外,,2026-08-07,,https://suumo.jp/chintai/jnc_000013978297/?bc=100487584418,不適合
SUUMO 賃貸 駿東郡（清水/長泉）,長泉町,賃貸アパート,賃貸カテゴリ（掲載種別）,静岡県駿東郡長泉町中土狩,7.15,59.2,,5,—,—,,—,賃貸のため対象外,,2026-08-11,,https://suumo.jp/chintai/jnc_000108711620/?bc=100518658949,不適合
SUUMO 賃貸 駿東郡（清水/長泉）,長泉町,賃貸マンション,賃貸カテゴリ（掲載種別）,静岡県駿東郡長泉町竹原,6.9,52.3,,5,—,—,,—,賃貸のため対象外,,2026-08-11,,https://suumo.jp/chintai/jnc_000062876564/?bc=100490477321,不適合
SUUMO 賃貸 駿東郡（清水/長泉）,長泉町,賃貸マンション,賃貸カテゴリ（掲載種別）,静岡県駿東郡長泉町竹原,6.9,52.3,,5,—,—,,—,賃貸のため対象外,,2026-08-11,,https://suumo.jp/chintai/jnc_000109002315/?bc=100521379262,不適合
SUUMO 賃貸 駿東郡（清水/長泉）,長泉町,賃貸マンション,賃貸カテゴリ（掲載種別）,静岡県駿東郡長泉町竹原,6.9,52.3,,5,—,—,,—,賃貸のため対象外,,2026-08-10,,https://suumo.jp/chintai/jnc_000106006909/?bc=100513826043,不適合
SUUMO 賃貸 駿東郡（清水/長泉）,清水町,賃貸アパート,賃貸カテゴリ（掲載種別）,静岡県駿東郡清水町伏見,4.85,37.7,,5,—,—,,—,賃貸のため対象外,,2026-08-07,,https://suumo.jp/chintai/jnc_000102502469/?bc=100520765378,適合
SUUMO 賃貸 駿東郡（清水/長泉）,長泉町,賃貸マンション,賃貸カテゴリ（掲載種別）,静岡県駿東郡長泉町下土狩,8.3,41.5,,5,—,—,,—,賃貸のため対象外,,2026-08-11,,https://suumo.jp/chintai/jnc_000109030185/?bc=100520979200,不適合
SUUMO 賃貸 駿東郡（清水/長泉）,長泉町,賃貸マンション,賃貸カテゴリ（掲載種別）,静岡県駿東郡長泉町納米里,5.6,30.2,,5,—,—,,—,賃貸のため対象外,,2026-08-11,,https://suumo.jp/chintai/jnc_000109051712/?bc=100521005200,不適合
SUUMO 賃貸 駿東郡（清水/長泉）,長泉町,賃貸マンション,賃貸カテゴリ（掲載種別）,静岡県駿東郡長泉町納米里,6.7,42.8,,5,—,—,,—,賃貸のため対象外,,2026-08-08,,https://suumo.jp/chintai/jnc_000108847958/?bc=100128376717,不適合
SUUMO 賃貸 駿東郡（清水/長泉）,長泉町,賃貸アパート,賃貸カテゴリ（掲載種別）,静岡県駿東郡長泉町中土狩,8.0,50.0,,5,—,—,,—,賃貸のため対象外,,2026-08-11,,https://suumo.jp/chintai/jnc_000109142819/?bc=100521610403,不適合
SUUMO 賃貸 駿東郡（清水/長泉）,清水町,賃貸アパート,賃貸カテゴリ（掲載種別）,静岡県駿東郡清水町八幡,5.3,26.9,,5,—,—,,—,賃貸のため対象外,,2026-08-11,,https://suumo.jp/chintai/jnc_000107959525/?bc=100513106768,不適合
SUUMO 賃貸 駿東郡（清水/長泉）,清水町,賃貸マンション,賃貸カテゴリ（掲載種別）,静岡県駿東郡清水町久米田,4.5,44.7,,5,田,—,,—,賃貸のため対象外,,2026-08-09,,https://suumo.jp/chintai/jnc_000069522508/?bc=100521144776,適合
SUUMO 賃貸 駿東郡（清水/長泉）,清水町,賃貸マンション,賃貸カテゴリ（掲載種別）,静岡県駿東郡清水町湯川,5.0,30.4,,5,—,—,,—,賃貸のため対象外,,2026-08-11,,https://suumo.jp/chintai/jnc_000039945634/?bc=100518793196,適合
SUUMO 賃貸 駿東郡（清水/長泉）,清水町,賃貸マンション,賃貸カテゴリ（掲載種別）,静岡県駿東郡清水町湯川,5.0,30.4,,5,—,—,,—,賃貸のため対象外,,2026-08-11,,https://suumo.jp/chintai/jnc_000076846487/?bc=100518793206,適合
SUUMO 賃貸 駿東郡（清水/長泉）,清水町,賃貸マンション,賃貸カテゴリ（掲載種別）,静岡県駿東郡清水町湯川,5.0,30.4,,5,—,—,,—,賃貸のため対象外,,2026-08-11,,https://suumo.jp/chintai/jnc_000109051708/?bc=100519788782,適合
SUUMO 賃貸 駿東郡（清水/長泉）,清水町,賃貸マンション,賃貸カテゴリ（掲載種別）,静岡県駿東郡清水町湯川,5.0,30.4,,5,—,—,,—,賃貸のため対象外,,2026-08-11,,https://suumo.jp/chintai/jnc_000037360064/?bc=100504041713,適合
SUUMO 賃貸 駿東郡（清水/長泉）,清水町,賃貸マンション,賃貸カテゴリ（掲載種別）,静岡県駿東郡清水町湯川,5.3,30.4,,5,—,—,,—,賃貸のため対象外,,2026-08-11,,https://suumo.jp/chintai/jnc_000108411337/?bc=100518793237,不適合
SUUMO 賃貸 駿東郡（清水/長泉）,清水町,賃貸マンション,賃貸カテゴリ（掲載種別）,静岡県駿東郡清水町徳倉,3.8,50.9,,5,—,—,,—,賃貸のため対象外,,2026-08-11,,https://suumo.jp/chintai/jnc_000108951101/?bc=100520586423,適合
SUUMO 賃貸 駿東郡（清水/長泉）,清水町,賃貸アパート,賃貸カテゴリ（掲載種別）,静岡県駿東郡清水町湯川,4.9,30.0,,5,—,—,,—,賃貸のため対象外,,2026-08-11,,https://suumo.jp/chintai/jnc_000091945731/?bc=100509266739,適合
SUUMO 賃貸 駿東郡（清水/長泉）,長泉町,賃貸マンション,賃貸カテゴリ（掲載種別）,静岡県駿東郡長泉町下土狩,5.0,30.4,,5,—,—,,—,賃貸のため対象外,,2026-08-08,,https://suumo.jp/chintai/jnc_000018063561/?bc=100520965409,適合
SUUMO 賃貸 駿東郡（清水/長泉）,長泉町,賃貸マンション,賃貸カテゴリ（掲載種別）,静岡県駿東郡長泉町下土狩,5.4,30.4,,5,—,—,,—,賃貸のため対象外,,2026-08-08,,https://suumo.jp/chintai/jnc_000088649157/?bc=100520965406,不適合
SUUMO 賃貸 駿東郡（清水/長泉）,長泉町,賃貸マンション,賃貸カテゴリ（掲載種別）,静岡県駿東郡長泉町下土狩,5.5,30.4,,5,—,—,,—,賃貸のため対象外,,2026-08-08,,https://suumo.jp/chintai/jnc_000074705236/?bc=100520965407,不適合
SUUMO 賃貸 駿東郡（清水/長泉）,長泉町,賃貸マンション,賃貸カテゴリ（掲載種別）,静岡県駿東郡長泉町下土狩,5.5,30.4,,5,—,—,,—,賃貸のため対象外,,2026-08-08,,https://suumo.jp/chintai/jnc_000013978038/?bc=100519789088,不適合
SUUMO 賃貸 駿東郡（清水/長泉）,長泉町,賃貸マンション,賃貸カテゴリ（掲載種別）,静岡県駿東郡長泉町下土狩,5.5,30.4,,5,—,—,,—,賃貸のため対象外,,2026-08-08,,https://suumo.jp/chintai/jnc_000109061480/?bc=100519789123,不適合
SUUMO 賃貸 駿東郡（清水/長泉）,長泉町,賃貸アパート,賃貸カテゴリ（掲載種別）,静岡県駿東郡長泉町下土狩,9.0,42.5,,5,—,—,,—,賃貸のため対象外,,2026-07-30,,https://suumo.jp/chintai/jnc_000108701516/?bc=100519058474,不適合
SUUMO 賃貸 駿東郡（清水/長泉）,長泉町,賃貸アパート,賃貸カテゴリ（掲載種別）,静岡県駿東郡長泉町下土狩,9.2,42.5,,5,—,—,,—,賃貸のため対象外,,2026-08-11,,https://suumo.jp/chintai/jnc_000109130715/?bc=100521485142,不適合
SUUMO 賃貸 駿東郡（清水/長泉）,長泉町,賃貸マンション,賃貸カテゴリ（掲載種別）,静岡県駿東郡長泉町下土狩,5.3,30.4,,5,—,—,,—,賃貸のため対象外,,2026-08-11,,https://suumo.jp/chintai/jnc_000108975224/?bc=100520909923,不適合
SUUMO 賃貸 駿東郡（清水/長泉）,長泉町,賃貸マンション,賃貸カテゴリ（掲載種別）,静岡県駿東郡長泉町下土狩,5.3,30.4,,5,—,—,,—,賃貸のため対象外,,2026-08-10,,https://suumo.jp/chintai/jnc_000105834771/?bc=100505088110,不適合
SUUMO 賃貸 駿東郡（清水/長泉）,長泉町,賃貸マンション,賃貸カテゴリ（掲載種別）,静岡県駿東郡長泉町下土狩,5.3,30.4,,5,—,—,,—,賃貸のため対象外,,2026-08-10,,https://suumo.jp/chintai/jnc_000044400782/?bc=100501654494,不適合
SUUMO 賃貸 駿東郡（清水/長泉）,長泉町,賃貸マンション,賃貸カテゴリ（掲載種別）,静岡県駿東郡長泉町下土狩,5.7,30.4,,5,—,—,,—,賃貸のため対象外,,2026-08-11,,https://suumo.jp/chintai/jnc_000106961610/?bc=100505317332,不適合
SUUMO 賃貸 駿東郡（清水/長泉）,長泉町,賃貸アパート,賃貸カテゴリ（掲載種別）,静岡県駿東郡長泉町下土狩,4.6,32.1,,5,—,—,,—,賃貸のため対象外,,2026-08-11,,https://suumo.jp/chintai/jnc_000105774905/?bc=100495953502,適合
SUUMO 賃貸 駿東郡（清水/長泉）,長泉町,賃貸アパート,賃貸カテゴリ（掲載種別）,静岡県駿東郡長泉町下土狩,4.7,32.1,,5,—,—,,—,賃貸のため対象外,,2026-08-11,,https://suumo.jp/chintai/jnc_000108779796/?bc=100518866319,適合
SUUMO 賃貸 駿東郡（清水/長泉）,長泉町,賃貸マンション,賃貸カテゴリ（掲載種別）,静岡県駿東郡長泉町下土狩,5.0,30.4,,5,—,—,,—,賃貸のため対象外,,2026-08-11,,https://suumo.jp/chintai/jnc_000016124241/?bc=100516612106,適合
SUUMO 賃貸 駿東郡（清水/長泉）,長泉町,賃貸マンション,賃貸カテゴリ（掲載種別）,静岡県駿東郡長泉町下土狩,5.4,30.4,,5,—,—,,—,賃貸のため対象外,,2026-08-11,,https://suumo.jp/chintai/jnc_000088459288/?bc=100517332763,不適合
SUUMO 賃貸 駿東郡（清水/長泉）,長泉町,賃貸マンション,賃貸カテゴリ（掲載種別）,静岡県駿東郡長泉町下土狩,5.5,30.4,,5,—,—,,—,賃貸のため対象外,,2026-08-11,,https://suumo.jp/chintai/jnc_000109036723/?bc=100517297649,不適合
SUUMO 賃貸 駿東郡（清水/長泉）,長泉町,賃貸マンション,賃貸カテゴリ（掲載種別）,静岡県駿東郡長泉町下土狩,5.5,30.4,,5,—,—,,—,賃貸のため対象外,,2026-08-11,,https://suumo.jp/chintai/jnc_000013978034/?bc=100516049511,不適合
SUUMO 賃貸 駿東郡（清水/長泉）,長泉町,賃貸マンション,賃貸カテゴリ（掲載種別）,静岡県駿東郡長泉町納米里,5.5,30.4,,5,—,—,,—,賃貸のため対象外,,2026-08-09,,https://suumo.jp/chintai/jnc_000108884199/?bc=100520965405,不適合
SUUMO 賃貸 駿東郡（清水/長泉）,長泉町,賃貸マンション,賃貸カテゴリ（掲載種別）,静岡県駿東郡長泉町竹原,5.5,30.4,,5,—,—,,—,賃貸のため対象外,,2026-08-11,,https://suumo.jp/chintai/jnc_000108004941/?bc=100513727705,不適合
SUUMO 賃貸 駿東郡（清水/長泉）,長泉町,賃貸マンション,賃貸カテゴリ（掲載種別）,静岡県駿東郡長泉町竹原,5.5,30.4,,5,—,—,,—,賃貸のため対象外,,2026-08-11,,https://suumo.jp/chintai/jnc_000108544149/?bc=100517332757,不適合
SUUMO 賃貸 駿東郡（清水/長泉）,長泉町,賃貸マンション,賃貸カテゴリ（掲載種別）,静岡県駿東郡長泉町竹原,5.5,30.4,,5,—,—,,—,賃貸のため対象外,,2026-08-11,,https://suumo.jp/chintai/jnc_000051798975/?bc=100496461307,不適合
SUUMO 賃貸 駿東郡（清水/長泉）,長泉町,賃貸マンション,賃貸カテゴリ（掲載種別）,静岡県駿東郡長泉町竹原,5.5,30.4,,5,—,—,,—,賃貸のため対象外,,2026-08-11,,https://suumo.jp/chintai/jnc_000101360512/?bc=100496461285,不適合
SUUMO 賃貸 駿東郡（清水/長泉）,長泉町,賃貸マンション,賃貸カテゴリ（掲載種別）,静岡県駿東郡長泉町竹原,5.5,30.4,,5,—,—,,—,賃貸のため対象外,,2026-08-11,,https://suumo.jp/chintai/jnc_000100391251/?bc=100496461308,不適合
SUUMO 賃貸 駿東郡（清水/長泉）,長泉町,賃貸マンション,賃貸カテゴリ（掲載種別）,静岡県駿東郡長泉町竹原,5.5,30.4,,5,—,—,,—,賃貸のため対象外,,2026-08-11,,https://suumo.jp/chintai/jnc_000093645943/?bc=100496461309,不適合
SUUMO 賃貸 駿東郡（清水/長泉）,長泉町,賃貸マンション,賃貸カテゴリ（掲載種別）,静岡県駿東郡長泉町上土狩,11.9,61.4,,5,—,—,,—,賃貸のため対象外,,2026-08-10,,https://suumo.jp/chintai/jnc_000094173289/?bc=100519818462,不適合
SUUMO 賃貸 駿東郡（清水/長泉）,長泉町,賃貸マンション,賃貸カテゴリ（掲載種別）,静岡県駿東郡長泉町中土狩,10.35,59.6,,5,—,—,,—,賃貸のため対象外,,2026-08-11,,https://suumo.jp/chintai/jnc_000108008648/?bc=100501832348,不適合
SUUMO 賃貸 駿東郡（清水/長泉）,長泉町,賃貸マンション,賃貸カテゴリ（掲載種別）,静岡県駿東郡長泉町中土狩,10.35,59.6,,5,—,—,,—,賃貸のため対象外,,2026-08-11,,https://suumo.jp/chintai/jnc_000108008647/?bc=100499656231,不適合
SUUMO 賃貸 駿東郡（清水/長泉）,長泉町,賃貸マンション,賃貸カテゴリ（掲載種別）,静岡県駿東郡長泉町中土狩,10.55,59.6,,5,—,—,,—,賃貸のため対象外,,2026-08-11,,https://suumo.jp/chintai/jnc_000108008653/?bc=100501466085,不適合
SUUMO 賃貸 駿東郡（清水/長泉）,長泉町,賃貸マンション,賃貸カテゴリ（掲載種別）,静岡県駿東郡長泉町中土狩,10.55,59.6,,5,—,—,,—,賃貸のため対象外,,2026-08-11,,https://suumo.jp/chintai/jnc_000108008651/?bc=100501455171,不適合
SUUMO 賃貸 駿東郡（清水/長泉）,長泉町,賃貸マンション,賃貸カテゴリ（掲載種別）,静岡県駿東郡長泉町中土狩,10.55,59.6,,5,—,—,,—,賃貸のため対象外,,2026-08-11,,https://suumo.jp/chintai/jnc_000108008652/?bc=100501466083,不適合
SUUMO 賃貸 駿東郡（清水/長泉）,長泉町,賃貸マンション,賃貸カテゴリ（掲載種別）,静岡県駿東郡長泉町中土狩,10.65,59.6,,5,—,—,,—,賃貸のため対象外,,2026-08-11,,https://suumo.jp/chintai/jnc_000108008657/?bc=100499658015,不適合
SUUMO 賃貸 駿東郡（清水/長泉）,長泉町,賃貸マンション,賃貸カテゴリ（掲載種別）,静岡県駿東郡長泉町中土狩,10.65,59.6,,5,—,—,,—,賃貸のため対象外,,2026-08-11,,https://suumo.jp/chintai/jnc_000108008658/?bc=100501466114,不適合
SUUMO 賃貸 駿東郡（清水/長泉）,長泉町,賃貸マンション,賃貸カテゴリ（掲載種別）,静岡県駿東郡長泉町中土狩,10.75,59.6,,5,—,—,,—,賃貸のため対象外,,2026-08-11,,https://suumo.jp/chintai/jnc_000108008663/?bc=100499658022,不適合
SUUMO 賃貸 駿東郡（清水/長泉）,長泉町,賃貸マンション,賃貸カテゴリ（掲載種別）,静岡県駿東郡長泉町中土狩,10.75,59.6,,5,—,—,,—,賃貸のため対象外,,2026-08-11,,https://suumo.jp/chintai/jnc_000108008661/?bc=100499657923,不適合
SUUMO 賃貸 駿東郡（清水/長泉）,長泉町,賃貸マンション,賃貸カテゴリ（掲載種別）,静岡県駿東郡長泉町中土狩,10.75,59.6,,5,—,—,,—,賃貸のため対象外,,2026-08-11,,https://suumo.jp/chintai/jnc_000108008662/?bc=100499657993,不適合
SUUMO 賃貸 駿東郡（清水/長泉）,長泉町,賃貸マンション,賃貸カテゴリ（掲載種別）,静岡県駿東郡長泉町中土狩,10.85,59.6,,5,—,—,,—,賃貸のため対象外,,2026-07-25,,https://suumo.jp/chintai/jnc_000106206146/?bc=100507801112,不適合
SUUMO 賃貸 駿東郡（清水/長泉）,長泉町,賃貸マンション,賃貸カテゴリ（掲載種別）,静岡県駿東郡長泉町中土狩,10.9,63.4,,5,—,—,,—,賃貸のため対象外,,2026-08-11,,https://suumo.jp/chintai/jnc_000108008649/?bc=100499659980,不適合
SUUMO 賃貸 駿東郡（清水/長泉）,長泉町,賃貸マンション,賃貸カテゴリ（掲載種別）,静岡県駿東郡長泉町中土狩,10.9,59.6,,5,—,—,,—,賃貸のため対象外,,2026-08-11,,https://suumo.jp/chintai/jnc_000108014124/?bc=100501466075,不適合
SUUMO 賃貸 駿東郡（清水/長泉）,長泉町,賃貸マンション,賃貸カテゴリ（掲載種別）,静岡県駿東郡長泉町中土狩,10.9,59.6,,5,—,—,,—,賃貸のため対象外,,2026-08-11,,https://suumo.jp/chintai/jnc_000108008667/?bc=100501466090,不適合
SUUMO 賃貸 駿東郡（清水/長泉）,長泉町,賃貸マンション,賃貸カテゴリ（掲載種別）,静岡県駿東郡長泉町中土狩,11.0,59.6,,5,—,—,,—,賃貸のため対象外,,2026-08-11,,https://suumo.jp/chintai/jnc_000108014127/?bc=100501455120,不適合
SUUMO 賃貸 駿東郡（清水/長泉）,長泉町,賃貸マンション,賃貸カテゴリ（掲載種別）,静岡県駿東郡長泉町中土狩,11.0,59.6,,5,—,—,,—,賃貸のため対象外,,2026-08-11,,https://suumo.jp/chintai/jnc_000106206173/?bc=100499658037,不適合
SUUMO 賃貸 駿東郡（清水/長泉）,長泉町,賃貸マンション,賃貸カテゴリ（掲載種別）,静岡県駿東郡長泉町中土狩,11.0,59.6,,5,—,—,,—,賃貸のため対象外,,2026-08-11,,https://suumo.jp/chintai/jnc_000108014128/?bc=100501466135,不適合
SUUMO 賃貸 駿東郡（清水/長泉）,長泉町,賃貸マンション,賃貸カテゴリ（掲載種別）,静岡県駿東郡長泉町中土狩,11.05,59.6,,5,—,—,,—,賃貸のため対象外,,2026-07-25,,https://suumo.jp/chintai/jnc_000106206151/?bc=100499651921,不適合
SUUMO 賃貸 駿東郡（清水/長泉）,長泉町,賃貸マンション,賃貸カテゴリ（掲載種別）,静岡県駿東郡長泉町中土狩,11.1,59.6,,5,—,—,,—,賃貸のため対象外,,2026-08-11,,https://suumo.jp/chintai/jnc_000108014130/?bc=100499657912,不適合
SUUMO 賃貸 駿東郡（清水/長泉）,長泉町,賃貸マンション,賃貸カテゴリ（掲載種別）,静岡県駿東郡長泉町中土狩,11.1,59.6,,5,—,—,,—,賃貸のため対象外,,2026-08-11,,https://suumo.jp/chintai/jnc_000108014131/?bc=100501466155,不適合
SUUMO 賃貸 駿東郡（清水/長泉）,長泉町,賃貸マンション,賃貸カテゴリ（掲載種別）,静岡県駿東郡長泉町中土狩,11.1,59.6,,5,—,—,,—,賃貸のため対象外,,2026-08-11,,https://suumo.jp/chintai/jnc_000108014129/?bc=100499657991,不適合
SUUMO 賃貸 駿東郡（清水/長泉）,長泉町,賃貸マンション,賃貸カテゴリ（掲載種別）,静岡県駿東郡長泉町中土狩,11.15,59.6,,5,—,—,,—,賃貸のため対象外,,2026-07-25,,https://suumo.jp/chintai/jnc_000106206156/?bc=100507801115,不適合
SUUMO 賃貸 駿東郡（清水/長泉）,長泉町,賃貸マンション,賃貸カテゴリ（掲載種別）,静岡県駿東郡長泉町中土狩,11.2,63.4,,5,—,—,,—,賃貸のため対象外,,2026-08-11,,https://suumo.jp/chintai/jnc_000108008659/?bc=100501832313,不適合
SUUMO 賃貸 駿東郡（清水/長泉）,長泉町,賃貸マンション,賃貸カテゴリ（掲載種別）,静岡県駿東郡長泉町中土狩,11.2,59.6,,5,—,—,,—,賃貸のため対象外,,2026-08-11,,https://suumo.jp/chintai/jnc_000108014134/?bc=100499657996,不適合
SUUMO 賃貸 駿東郡（清水/長泉）,長泉町,賃貸マンション,賃貸カテゴリ（掲載種別）,静岡県駿東郡長泉町中土狩,11.2,59.6,,5,—,—,,—,賃貸のため対象外,,2026-08-11,,https://suumo.jp/chintai/jnc_000108014135/?bc=100501466143,不適合
SUUMO 賃貸 駿東郡（清水/長泉）,長泉町,賃貸マンション,賃貸カテゴリ（掲載種別）,静岡県駿東郡長泉町中土狩,11.2,59.6,,5,—,—,,—,賃貸のため対象外,,2026-08-11,,https://suumo.jp/chintai/jnc_000108014136/?bc=100499657947,不適合
SUUMO 賃貸 駿東郡（清水/長泉）,長泉町,賃貸マンション,賃貸カテゴリ（掲載種別）,静岡県駿東郡長泉町中土狩,11.25,59.6,,5,—,—,,—,賃貸のため対象外,,2026-07-25,,https://suumo.jp/chintai/jnc_000106206161/?bc=100499651923,不適合
SUUMO 賃貸 駿東郡（清水/長泉）,長泉町,賃貸マンション,賃貸カテゴリ（掲載種別）,静岡県駿東郡長泉町中土狩,11.3,63.4,,5,—,—,,—,賃貸のため対象外,,2026-08-11,,https://suumo.jp/chintai/jnc_000108008660/?bc=100499657907,不適合
SUUMO 賃貸 駿東郡（清水/長泉）,長泉町,賃貸マンション,賃貸カテゴリ（掲載種別）,静岡県駿東郡長泉町中土狩,11.3,59.6,,5,—,—,,—,賃貸のため対象外,,2026-08-11,,https://suumo.jp/chintai/jnc_000108014138/?bc=100501455139,不適合
SUUMO 賃貸 駿東郡（清水/長泉）,長泉町,賃貸マンション,賃貸カテゴリ（掲載種別）,静岡県駿東郡長泉町中土狩,11.3,59.6,,5,—,—,,—,賃貸のため対象外,,2026-08-11,,https://suumo.jp/chintai/jnc_000108014140/?bc=100501496878,不適合
SUUMO 賃貸 駿東郡（清水/長泉）,長泉町,賃貸マンション,賃貸カテゴリ（掲載種別）,静岡県駿東郡長泉町中土狩,11.3,59.6,,5,—,—,,—,賃貸のため対象外,,2026-08-11,,https://suumo.jp/chintai/jnc_000108014139/?bc=100499658027,不適合
SUUMO 賃貸 駿東郡（清水/長泉）,長泉町,賃貸マンション,賃貸カテゴリ（掲載種別）,静岡県駿東郡長泉町中土狩,11.4,63.4,,5,—,—,,—,賃貸のため対象外,,2026-08-11,,https://suumo.jp/chintai/jnc_000106206144/?bc=100499657901,不適合
SUUMO 賃貸 駿東郡（清水/長泉）,長泉町,賃貸マンション,賃貸カテゴリ（掲載種別）,静岡県駿東郡長泉町中土狩,11.4,59.6,,5,—,—,,—,賃貸のため対象外,,2026-08-11,,https://suumo.jp/chintai/jnc_000108008645/?bc=100499656201,不適合
SUUMO 賃貸 駿東郡（清水/長泉）,長泉町,賃貸マンション,賃貸カテゴリ（掲載種別）,静岡県駿東郡長泉町中土狩,11.4,59.6,,5,—,—,,—,賃貸のため対象外,,2026-08-11,,https://suumo.jp/chintai/jnc_000108008646/?bc=100513826205,不適合
SUUMO 賃貸 駿東郡（清水/長泉）,長泉町,賃貸マンション,賃貸カテゴリ（掲載種別）,静岡県駿東郡長泉町中土狩,11.4,59.6,,5,—,—,,—,賃貸のため対象外,,2026-08-11,,https://suumo.jp/chintai/jnc_000108008644/?bc=100499656245,不適合
SUUMO 賃貸 駿東郡（清水/長泉）,長泉町,賃貸マンション,賃貸カテゴリ（掲載種別）,静岡県駿東郡長泉町中土狩,11.4,59.6,,5,—,—,,—,賃貸のため対象外,,2026-07-25,,https://suumo.jp/chintai/jnc_000106206166/?bc=100507801116,不適合
SUUMO 賃貸 駿東郡（清水/長泉）,長泉町,賃貸マンション,賃貸カテゴリ（掲載種別）,静岡県駿東郡長泉町中土狩,11.45,63.4,,5,—,—,,—,賃貸のため対象外,,2026-08-11,,https://suumo.jp/chintai/jnc_000108014125/?bc=100499658009,不適合
SUUMO 賃貸 駿東郡（清水/長泉）,長泉町,賃貸マンション,賃貸カテゴリ（掲載種別）,静岡県駿東郡長泉町中土狩,11.45,63.4,,5,—,—,,—,賃貸のため対象外,,2026-08-11,,https://suumo.jp/chintai/jnc_000108008665/?bc=100501466110,不適合
SUUMO 賃貸 駿東郡（清水/長泉）,長泉町,賃貸マンション,賃貸カテゴリ（掲載種別）,静岡県駿東郡長泉町中土狩,11.5,59.6,,5,—,—,,—,賃貸のため対象外,,2026-07-25,,https://suumo.jp/chintai/jnc_000106206172/?bc=100507801114,不適合
SUUMO 賃貸 駿東郡（清水/長泉）,長泉町,賃貸マンション,賃貸カテゴリ（掲載種別）,静岡県駿東郡長泉町中土狩,11.55,63.4,,5,—,—,,—,賃貸のため対象外,,2026-08-11,,https://suumo.jp/chintai/jnc_000108014126/?bc=100499657924,不適合
SUUMO 賃貸 駿東郡（清水/長泉）,長泉町,賃貸マンション,賃貸カテゴリ（掲載種別）,静岡県駿東郡長泉町中土狩,11.6,59.6,,5,—,—,,—,賃貸のため対象外,,2026-07-25,,https://suumo.jp/chintai/jnc_000106206178/?bc=100499651922,不適合
SUUMO 賃貸 駿東郡（清水/長泉）,長泉町,賃貸マンション,賃貸カテゴリ（掲載種別）,静岡県駿東郡長泉町中土狩,11.7,59.6,,5,—,—,,—,賃貸のため対象外,,2026-07-25,,https://suumo.jp/chintai/jnc_000106206183/?bc=100507801107,不適合
SUUMO 賃貸 駿東郡（清水/長泉）,長泉町,賃貸マンション,賃貸カテゴリ（掲載種別）,静岡県駿東郡長泉町中土狩,11.75,63.4,,5,—,—,,—,賃貸のため対象外,,2026-08-11,,https://suumo.jp/chintai/jnc_000108014133/?bc=100499657998,不適合
SUUMO 賃貸 駿東郡（清水/長泉）,長泉町,賃貸マンション,賃貸カテゴリ（掲載種別）,静岡県駿東郡長泉町中土狩,11.8,59.6,,5,—,—,,—,賃貸のため対象外,,2026-07-25,,https://suumo.jp/chintai/jnc_000106206188/?bc=100507801108,不適合
SUUMO 賃貸 駿東郡（清水/長泉）,長泉町,賃貸マンション,賃貸カテゴリ（掲載種別）,静岡県駿東郡長泉町中土狩,11.85,63.4,,5,—,—,,—,賃貸のため対象外,,2026-08-11,,https://suumo.jp/chintai/jnc_000108014141/?bc=100501466136,不適合
SUUMO 賃貸 駿東郡（清水/長泉）,長泉町,賃貸マンション,賃貸カテゴリ（掲載種別）,静岡県駿東郡長泉町中土狩,11.9,59.6,,5,—,—,,—,賃貸のため対象外,,2026-07-25,,https://suumo.jp/chintai/jnc_000106206141/?bc=100499651917,不適合
SUUMO 賃貸 駿東郡（清水/長泉）,長泉町,賃貸マンション,賃貸カテゴリ（掲載種別）,静岡県駿東郡長泉町下土狩,5.0,30.4,,5,—,—,,—,賃貸のため対象外,,2026-08-11,,https://suumo.jp/chintai/jnc_000019878948/?bc=100515298003,適合
SUUMO 賃貸 駿東郡（清水/長泉）,長泉町,賃貸マンション,賃貸カテゴリ（掲載種別）,静岡県駿東郡長泉町下土狩,5.0,30.4,,5,—,—,,—,賃貸のため対象外,,2026-08-10,,https://suumo.jp/chintai/jnc_000100371041/?bc=100387573079,適合
SUUMO 賃貸 駿東郡（清水/長泉）,長泉町,賃貸マンション,賃貸カテゴリ（掲載種別）,静岡県駿東郡長泉町上土狩,11.9,61.4,,5,—,—,,—,賃貸のため対象外,,2026-08-11,,https://suumo.jp/chintai/jnc_000094222227/?bc=100521610377,不適合
SUUMO 賃貸 駿東郡（清水/長泉）,清水町,賃貸アパート,賃貸カテゴリ（掲載種別）,静岡県駿東郡清水町新宿,4.5,36.4,,5,—,—,,—,賃貸のため対象外,,2026-08-07,,https://suumo.jp/chintai/jnc_000108998874/?bc=100484103627,適合
SUUMO 賃貸 駿東郡（清水/長泉）,長泉町,賃貸マンション,賃貸カテゴリ（掲載種別）,静岡県駿東郡長泉町本宿,5.0,30.4,,5,—,—,,—,賃貸のため対象外,,2026-08-11,,https://suumo.jp/chintai/jnc_000106275598/?bc=100500448831,適合
SUUMO 賃貸 駿東郡（清水/長泉）,長泉町,賃貸マンション,賃貸カテゴリ（掲載種別）,静岡県駿東郡長泉町竹原,5.5,30.4,,5,—,—,,—,賃貸のため対象外,,2026-08-11,,https://suumo.jp/chintai/jnc_000106006908/?bc=100506812075,不適合
SUUMO 賃貸 駿東郡（清水/長泉）,長泉町,賃貸マンション,賃貸カテゴリ（掲載種別）,静岡県駿東郡長泉町竹原,5.6,30.4,,5,—,—,,—,賃貸のため対象外,,2026-08-11,,https://suumo.jp/chintai/jnc_000065340433/?bc=100420453606,不適合
SUUMO 賃貸 駿東郡（清水/長泉）,長泉町,賃貸マンション,賃貸カテゴリ（掲載種別）,静岡県駿東郡長泉町南一色,4.8,30.4,,5,—,—,,—,賃貸のため対象外,,2026-08-11,,https://suumo.jp/chintai/jnc_000060351262/?bc=100510664905,適合
SUUMO 賃貸 駿東郡（清水/長泉）,長泉町,賃貸マンション,賃貸カテゴリ（掲載種別）,静岡県駿東郡長泉町下土狩,5.4,30.9,,5,—,—,,—,賃貸のため対象外,,2026-08-11,,https://suumo.jp/chintai/jnc_000108321366/?bc=100521568792,不適合
SUUMO 賃貸 駿東郡（清水/長泉）,長泉町,賃貸マンション,賃貸カテゴリ（掲載種別）,静岡県駿東郡長泉町下土狩,5.5,30.9,,5,—,—,,—,賃貸のため対象外,,2026-08-11,,https://suumo.jp/chintai/jnc_000013978109/?bc=100521568791,不適合
SUUMO 賃貸 駿東郡（清水/長泉）,長泉町,賃貸マンション,賃貸カテゴリ（掲載種別）,静岡県駿東郡長泉町下土狩,5.6,30.9,,5,—,—,,—,賃貸のため対象外,,2026-08-11,,https://suumo.jp/chintai/jnc_000109136533/?bc=100521568795,不適合
SUUMO 賃貸 駿東郡（清水/長泉）,清水町,賃貸アパート,賃貸カテゴリ（掲載種別）,静岡県駿東郡清水町徳倉,3.8,36.1,,5,—,—,,—,賃貸のため対象外,,2026-08-10,,https://suumo.jp/chintai/jnc_000109084969/?bc=100521127752,適合
SUUMO 賃貸 駿東郡（清水/長泉）,長泉町,賃貸マンション,賃貸カテゴリ（掲載種別）,静岡県駿東郡長泉町下土狩,14.6,76.3,,5,—,—,,—,賃貸のため対象外,,2026-08-08,,https://suumo.jp/chintai/jnc_000086711356/?bc=100520708287,不適合
SUUMO 賃貸 駿東郡（清水/長泉）,長泉町,賃貸マンション,賃貸カテゴリ（掲載種別）,静岡県駿東郡長泉町納米里,11.9,59.1,,5,—,—,,—,賃貸のため対象外,,2026-08-11,,https://suumo.jp/chintai/jnc_000107100035/?bc=100507724495,不適合
SUUMO 賃貸 駿東郡（清水/長泉）,長泉町,賃貸マンション,賃貸カテゴリ（掲載種別）,静岡県駿東郡長泉町納米里,11.9,59.1,,5,—,—,,—,賃貸のため対象外,,2026-08-11,,https://suumo.jp/chintai/jnc_000107100036/?bc=100510737857,不適合
SUUMO 賃貸 駿東郡（清水/長泉）,長泉町,賃貸マンション,賃貸カテゴリ（掲載種別）,静岡県駿東郡長泉町納米里,13.0,60.4,,5,—,—,,—,賃貸のため対象外,,2026-08-10,,https://suumo.jp/chintai/jnc_000107100044/?bc=100506179037,不適合
SUUMO 賃貸 駿東郡（清水/長泉）,長泉町,賃貸マンション,賃貸カテゴリ（掲載種別）,静岡県駿東郡長泉町納米里,15.1,79.2,,5,—,—,,—,賃貸のため対象外,,2026-08-11,,https://suumo.jp/chintai/jnc_000107100038/?bc=100506708700,不適合
SUUMO 賃貸 駿東郡（清水/長泉）,長泉町,賃貸マンション,賃貸カテゴリ（掲載種別）,静岡県駿東郡長泉町納米里,15.1,79.2,,5,—,—,,—,賃貸のため対象外,,2026-07-25,,https://suumo.jp/chintai/jnc_000107799728/?bc=100511399119,不適合
SUUMO 賃貸 駿東郡（清水/長泉）,長泉町,賃貸マンション,賃貸カテゴリ（掲載種別）,静岡県駿東郡長泉町納米里,15.5,79.2,,5,—,—,,—,賃貸のため対象外,,2026-08-07,,https://suumo.jp/chintai/jnc_000107100041/?bc=100507811978,不適合
SUUMO 賃貸 駿東郡（清水/長泉）,長泉町,賃貸マンション,賃貸カテゴリ（掲載種別）,静岡県駿東郡長泉町下土狩,4.3,28.2,,5,—,—,,—,賃貸のため対象外,,2026-08-11,,https://suumo.jp/chintai/jnc_000109139867/?bc=100521580522,適合
SUUMO 賃貸 駿東郡（清水/長泉）,清水町,賃貸戸建,賃貸カテゴリ（掲載種別）,静岡県駿東郡清水町徳倉,4.5,34.8,,5,—,—,,—,賃貸のため対象外,,2026-07-25,関心:平屋,https://suumo.jp/chintai/jnc_000107756334/?bc=100511138899,適合
SUUMO 賃貸 駿東郡（清水/長泉）,長泉町,賃貸アパート,賃貸カテゴリ（掲載種別）,静岡県駿東郡長泉町中土狩,3.0,18.5,,5,—,—,,—,賃貸のため対象外,,2026-08-11,,https://suumo.jp/chintai/jnc_000070479654/?bc=100521568808,適合
SUUMO 賃貸 駿東郡（清水/長泉）,清水町,賃貸戸建,賃貸カテゴリ（掲載種別）,静岡県駿東郡清水町徳倉,8.0,142.2,,5,—,—,,—,賃貸のため対象外,,2026-08-09,,https://suumo.jp/chintai/jnc_000102146363/?bc=100516888240,不適合
SUUMO 賃貸 駿東郡（清水/長泉）,清水町,賃貸アパート,賃貸カテゴリ（掲載種別）,静岡県駿東郡清水町徳倉,6.7,48.6,,5,—,—,,—,賃貸のため対象外,,2026-07-30,,https://suumo.jp/chintai/jnc_000107947127/?bc=100518350083,不適合
SUUMO 賃貸 駿東郡（清水/長泉）,清水町,賃貸アパート,賃貸カテゴリ（掲載種別）,静岡県駿東郡清水町徳倉,7.39,58.2,,5,—,—,,—,賃貸のため対象外,,2026-07-30,,https://suumo.jp/chintai/jnc_000107947129/?bc=100518350089,不適合
SUUMO 賃貸 駿東郡（清水/長泉）,清水町,賃貸アパート,賃貸カテゴリ（掲載種別）,静岡県駿東郡清水町長沢,6.2,43.2,,5,—,—,,—,賃貸のため対象外,,2026-08-07,,https://suumo.jp/chintai/jnc_000108193494/?bc=100518147977,不適合
SUUMO 賃貸 駿東郡（清水/長泉）,清水町,賃貸アパート,賃貸カテゴリ（掲載種別）,静岡県駿東郡清水町長沢,6.4,43.2,,5,—,—,,—,賃貸のため対象外,,2026-08-10,,https://suumo.jp/chintai/jnc_000108691975/?bc=100515126699,不適合
SUUMO 賃貸 駿東郡（清水/長泉）,清水町,賃貸アパート,賃貸カテゴリ（掲載種別）,静岡県駿東郡清水町長沢,6.4,43.2,,5,—,—,,—,賃貸のため対象外,,2026-08-07,,https://suumo.jp/chintai/jnc_000108967949/?bc=100519788921,不適合
SUUMO 賃貸 駿東郡（清水/長泉）,清水町,賃貸マンション,賃貸カテゴリ（掲載種別）,静岡県駿東郡清水町徳倉,7.4,57.5,,5,—,—,,—,賃貸のため対象外,,2026-08-07,,https://suumo.jp/chintai/jnc_000108080957/?bc=100513707058,不適合
SUUMO 賃貸 駿東郡（清水/長泉）,清水町,賃貸マンション,賃貸カテゴリ（掲載種別）,静岡県駿東郡清水町徳倉,7.4,57.5,,5,—,—,,—,賃貸のため対象外,,2026-08-03,,https://suumo.jp/chintai/jnc_000097808477/?bc=100515563483,不適合
SUUMO 賃貸 駿東郡（清水/長泉）,清水町,賃貸マンション,賃貸カテゴリ（掲載種別）,静岡県駿東郡清水町伏見,5.3,48.5,,5,—,—,,—,賃貸のため対象外,,2026-08-11,,https://suumo.jp/chintai/jnc_000108441656/?bc=100511914306,不適合
SUUMO 賃貸 駿東郡（清水/長泉）,清水町,賃貸マンション,賃貸カテゴリ（掲載種別）,静岡県駿東郡清水町伏見,5.5,48.2,,5,—,—,,—,賃貸のため対象外,,2026-08-07,,https://suumo.jp/chintai/jnc_000107862747/?bc=100511972035,不適合
SUUMO 賃貸 駿東郡（清水/長泉）,清水町,賃貸マンション,賃貸カテゴリ（掲載種別）,静岡県駿東郡清水町伏見,6.0,65.4,,5,—,—,,—,賃貸のため対象外,,2026-08-11,,https://suumo.jp/chintai/jnc_000108635780/?bc=100491274094,不適合
SUUMO 賃貸 駿東郡（清水/長泉）,清水町,賃貸マンション,賃貸カテゴリ（掲載種別）,静岡県駿東郡清水町伏見,7.0,58.3,,5,—,—,,—,賃貸のため対象外,,2026-08-11,,https://suumo.jp/chintai/jnc_000108723030/?bc=100465617634,不適合
SUUMO 賃貸 駿東郡（清水/長泉）,清水町,賃貸マンション,賃貸カテゴリ（掲載種別）,静岡県駿東郡清水町伏見,7.5,58.3,,5,—,—,,—,賃貸のため対象外,,2026-08-10,,https://suumo.jp/chintai/jnc_000065236414/?bc=100459588485,不適合
SUUMO 賃貸 駿東郡（清水/長泉）,清水町,賃貸マンション,賃貸カテゴリ（掲載種別）,静岡県駿東郡清水町徳倉,6.4,66.2,,5,—,—,,—,賃貸のため対象外,,2026-08-11,,https://suumo.jp/chintai/jnc_000041065102/?bc=100482035341,不適合
SUUMO 賃貸 駿東郡（清水/長泉）,清水町,賃貸アパート,賃貸カテゴリ（掲載種別）,静岡県駿東郡清水町伏見,6.4,34.4,,5,—,—,,—,賃貸のため対象外,,2026-07-25,,https://suumo.jp/chintai/jnc_000107022416/?bc=100505796659,不適合
SUUMO 賃貸 駿東郡（清水/長泉）,清水町,賃貸アパート,賃貸カテゴリ（掲載種別）,静岡県駿東郡清水町伏見,6.5,34.4,,5,—,—,,—,賃貸のため対象外,,2026-07-25,,https://suumo.jp/chintai/jnc_000107022415/?bc=100505796661,不適合
SUUMO 賃貸 駿東郡（清水/長泉）,清水町,賃貸アパート,賃貸カテゴリ（掲載種別）,静岡県駿東郡清水町徳倉,5.9,58.9,,5,—,—,,—,賃貸のため対象外,,2026-08-11,,https://suumo.jp/chintai/jnc_000094006276/?bc=100500394105,不適合
SUUMO 賃貸 駿東郡（清水/長泉）,清水町,賃貸アパート,賃貸カテゴリ（掲載種別）,静岡県駿東郡清水町徳倉,6.0,54.3,,5,—,—,,—,賃貸のため対象外,,2026-07-25,,https://suumo.jp/chintai/jnc_000077241363/?bc=100456728105,不適合
SUUMO 賃貸 駿東郡（清水/長泉）,清水町,賃貸アパート,賃貸カテゴリ（掲載種別）,静岡県駿東郡清水町堂庭,6.2,53.0,,5,—,—,,—,賃貸のため対象外,,2026-08-10,,https://suumo.jp/chintai/jnc_000107348373/?bc=100507453165,不適合
SUUMO 賃貸 駿東郡（清水/長泉）,清水町,賃貸アパート,賃貸カテゴリ（掲載種別）,静岡県駿東郡清水町徳倉,6.9,52.0,,5,—,—,,—,賃貸のため対象外,,2026-07-25,,https://suumo.jp/chintai/jnc_000107947122/?bc=100512629371,不適合
SUUMO 賃貸 駿東郡（清水/長泉）,清水町,賃貸アパート,賃貸カテゴリ（掲載種別）,静岡県駿東郡清水町湯川,6.25,52.7,,5,—,—,,—,賃貸のため対象外,,2026-08-11,,https://suumo.jp/chintai/jnc_000108177395/?bc=100509845475,不適合
SUUMO 賃貸 駿東郡（清水/長泉）,清水町,賃貸マンション,賃貸カテゴリ（掲載種別）,静岡県駿東郡清水町伏見,6.4,41.8,,5,—,—,,—,賃貸のため対象外,,2026-08-07,,https://suumo.jp/chintai/jnc_000108884184/?bc=100519788493,不適合
SUUMO 賃貸 駿東郡（清水/長泉）,清水町,賃貸マンション,賃貸カテゴリ（掲載種別）,静岡県駿東郡清水町伏見,6.1,41.4,,5,—,—,,—,賃貸のため対象外,,2026-07-25,,https://suumo.jp/chintai/jnc_000107915466/?bc=100496830945,不適合
SUUMO 賃貸 駿東郡（清水/長泉）,清水町,賃貸マンション,賃貸カテゴリ（掲載種別）,静岡県駿東郡清水町伏見,6.3,41.4,,5,—,—,,—,賃貸のため対象外,,2026-07-25,,https://suumo.jp/chintai/jnc_000107915468/?bc=100499766585,不適合
SUUMO 賃貸 駿東郡（清水/長泉）,清水町,賃貸マンション,賃貸カテゴリ（掲載種別）,静岡県駿東郡清水町徳倉,6.5,63.7,,5,—,—,,—,賃貸のため対象外,,2026-08-10,,https://suumo.jp/chintai/jnc_000105056800/?bc=100490256183,不適合
SUUMO 賃貸 駿東郡（清水/長泉）,清水町,賃貸戸建,賃貸カテゴリ（掲載種別）,静岡県駿東郡清水町伏見,9.2,67.2,,5,—,—,,—,賃貸のため対象外,,2026-07-28,,https://suumo.jp/chintai/jnc_000108419289/?bc=100516078012,不適合
SUUMO 賃貸 駿東郡（清水/長泉）,清水町,賃貸アパート,賃貸カテゴリ（掲載種別）,静岡県駿東郡清水町玉川,7.2,41.4,,5,—,—,,—,賃貸のため対象外,,2026-08-09,,https://suumo.jp/chintai/jnc_000104791003/?bc=100505677421,不適合
SUUMO 賃貸 駿東郡（清水/長泉）,清水町,賃貸その他,賃貸カテゴリ（掲載種別）,静岡県駿東郡清水町伏見,6.8,62.1,,5,—,—,,—,賃貸のため対象外,,2026-08-11,,https://suumo.jp/chintai/jnc_000046382177/?bc=100517093136,不適合
SUUMO 賃貸 駿東郡（清水/長泉）,清水町,賃貸マンション,賃貸カテゴリ（掲載種別）,静岡県駿東郡清水町伏見,7.0,64.9,,5,—,—,,—,賃貸のため対象外,,2026-08-07,,https://suumo.jp/chintai/jnc_000024568229/?bc=100502814823,不適合
SUUMO 賃貸 駿東郡（清水/長泉）,清水町,賃貸マンション,賃貸カテゴリ（掲載種別）,静岡県駿東郡清水町伏見,7.0,64.9,,5,—,—,,—,賃貸のため対象外,,2026-08-07,,https://suumo.jp/chintai/jnc_000091480304/?bc=100502814830,不適合
SUUMO 賃貸 駿東郡（清水/長泉）,清水町,賃貸マンション,賃貸カテゴリ（掲載種別）,静岡県駿東郡清水町伏見,6.7,41.7,,5,—,—,,—,賃貸のため対象外,,2026-07-25,,https://suumo.jp/chintai/jnc_000107970587/?bc=100509371538,不適合
SUUMO 賃貸 駿東郡（清水/長泉）,清水町,賃貸マンション,賃貸カテゴリ（掲載種別）,静岡県駿東郡清水町伏見,7.0,65.3,,5,—,—,,—,賃貸のため対象外,,2026-07-31,,https://suumo.jp/chintai/jnc_000049114786/?bc=100514914381,不適合
SUUMO 賃貸 駿東郡（清水/長泉）,清水町,賃貸マンション,賃貸カテゴリ（掲載種別）,静岡県駿東郡清水町伏見,7.0,65.3,,5,—,—,,—,賃貸のため対象外,,2026-07-31,,https://suumo.jp/chintai/jnc_000099520058/?bc=100444422198,不適合
SUUMO 賃貸 駿東郡（清水/長泉）,清水町,賃貸マンション,賃貸カテゴリ（掲載種別）,静岡県駿東郡清水町伏見,7.0,65.3,,5,—,—,,—,賃貸のため対象外,,2026-07-31,,https://suumo.jp/chintai/jnc_000040677624/?bc=100459276696,不適合
SUUMO 賃貸 駿東郡（清水/長泉）,清水町,賃貸マンション,賃貸カテゴリ（掲載種別）,静岡県駿東郡清水町伏見,7.2,65.3,,5,—,—,,—,賃貸のため対象外,,2026-08-10,,https://suumo.jp/chintai/jnc_000108518138/?bc=100465617445,不適合
SUUMO 賃貸 駿東郡（清水/長泉）,清水町,賃貸マンション,賃貸カテゴリ（掲載種別）,静岡県駿東郡清水町伏見,7.2,65.3,,5,—,—,,—,賃貸のため対象外,,2026-08-10,,https://suumo.jp/chintai/jnc_000108273138/?bc=100515197445,不適合
SUUMO 賃貸 駿東郡（清水/長泉）,清水町,賃貸マンション,賃貸カテゴリ（掲載種別）,静岡県駿東郡清水町伏見,7.2,64.9,,5,—,—,,—,賃貸のため対象外,,2026-08-10,,https://suumo.jp/chintai/jnc_000108518137/?bc=100465616295,不適合
SUUMO 賃貸 駿東郡（清水/長泉）,清水町,賃貸マンション,賃貸カテゴリ（掲載種別）,静岡県駿東郡清水町的場,6.5,59.5,,5,—,—,,—,賃貸のため対象外,,2026-07-25,,https://suumo.jp/chintai/jnc_000052965783/?bc=100173777262,不適合
SUUMO 賃貸 駿東郡（清水/長泉）,清水町,賃貸マンション,賃貸カテゴリ（掲載種別）,静岡県駿東郡清水町的場,6.5,59.5,,5,—,—,,—,賃貸のため対象外,,2026-07-25,,https://suumo.jp/chintai/jnc_000052965784/?bc=100173777238,不適合
SUUMO 賃貸 駿東郡（清水/長泉）,清水町,賃貸マンション,賃貸カテゴリ（掲載種別）,静岡県駿東郡清水町的場,6.5,59.5,,5,—,—,,—,賃貸のため対象外,,2026-07-25,,https://suumo.jp/chintai/jnc_000077349920/?bc=100300037620,不適合
SUUMO 賃貸 駿東郡（清水/長泉）,清水町,賃貸アパート,賃貸カテゴリ（掲載種別）,静岡県駿東郡清水町徳倉,5.8,52.6,,5,—,—,,—,賃貸のため対象外,,2026-07-25,,https://suumo.jp/chintai/jnc_000096939917/?bc=100456727798,不適合
SUUMO 賃貸 駿東郡（清水/長泉）,清水町,賃貸アパート,賃貸カテゴリ（掲載種別）,静岡県駿東郡清水町徳倉,5.8,52.6,,5,—,—,,—,賃貸のため対象外,,2026-07-25,,https://suumo.jp/chintai/jnc_000097497096/?bc=100456727800,不適合
SUUMO 賃貸 駿東郡（清水/長泉）,清水町,賃貸アパート,賃貸カテゴリ（掲載種別）,静岡県駿東郡清水町徳倉,5.9,56.2,,5,—,—,,—,賃貸のため対象外,,2026-07-25,,https://suumo.jp/chintai/jnc_000097497098/?bc=100456727788,不適合
SUUMO 賃貸 駿東郡（清水/長泉）,清水町,賃貸アパート,賃貸カテゴリ（掲載種別）,静岡県駿東郡清水町徳倉,5.9,52.6,,5,—,—,,—,賃貸のため対象外,,2026-07-25,,https://suumo.jp/chintai/jnc_000097497097/?bc=100456727792,不適合
SUUMO 賃貸 駿東郡（清水/長泉）,清水町,賃貸アパート,賃貸カテゴリ（掲載種別）,静岡県駿東郡清水町徳倉,6.0,56.2,,5,—,—,,—,賃貸のため対象外,,2026-07-25,,https://suumo.jp/chintai/jnc_000097497099/?bc=100456727794,不適合
SUUMO 賃貸 駿東郡（清水/長泉）,清水町,賃貸アパート,賃貸カテゴリ（掲載種別）,静岡県駿東郡清水町徳倉,7.8,60.0,,5,—,—,,—,賃貸のため対象外,,2026-07-25,,https://suumo.jp/chintai/jnc_000052970748/?bc=100173777235,不適合
SUUMO 賃貸 駿東郡（清水/長泉）,清水町,賃貸マンション,賃貸カテゴリ（掲載種別）,静岡県駿東郡清水町新宿,6.0,24.8,,5,—,—,,—,賃貸のため対象外,,2026-07-25,,https://suumo.jp/chintai/jnc_000107331220/?bc=100465483629,不適合
SUUMO 賃貸 駿東郡（清水/長泉）,清水町,賃貸マンション,賃貸カテゴリ（掲載種別）,静岡県駿東郡清水町新宿,6.0,24.8,,5,—,—,,—,賃貸のため対象外,,2026-07-25,,https://suumo.jp/chintai/jnc_000104045995/?bc=100465483633,不適合
SUUMO 賃貸 駿東郡（清水/長泉）,清水町,賃貸マンション,賃貸カテゴリ（掲載種別）,静岡県駿東郡清水町新宿,6.0,24.8,,5,—,—,,—,賃貸のため対象外,,2026-07-25,,https://suumo.jp/chintai/jnc_000104045996/?bc=100465483632,不適合
SUUMO 賃貸 駿東郡（清水/長泉）,清水町,賃貸マンション,賃貸カテゴリ（掲載種別）,静岡県駿東郡清水町新宿,6.0,24.8,,5,—,—,,—,賃貸のため対象外,,2026-07-25,,https://suumo.jp/chintai/jnc_000104045991/?bc=100465483545,不適合
SUUMO 賃貸 駿東郡（清水/長泉）,清水町,賃貸マンション,賃貸カテゴリ（掲載種別）,静岡県駿東郡清水町新宿,6.0,24.8,,5,—,—,,—,賃貸のため対象外,,2026-07-25,,https://suumo.jp/chintai/jnc_000104045998/?bc=100465483630,不適合
SUUMO 賃貸 駿東郡（清水/長泉）,清水町,賃貸マンション,賃貸カテゴリ（掲載種別）,静岡県駿東郡清水町新宿,6.0,24.8,,5,—,—,,—,賃貸のため対象外,,2026-07-25,,https://suumo.jp/chintai/jnc_000104045997/?bc=100465483631,不適合
SUUMO 賃貸 駿東郡（清水/長泉）,清水町,賃貸マンション,賃貸カテゴリ（掲載種別）,静岡県駿東郡清水町新宿,6.0,24.1,,5,—,—,,—,賃貸のため対象外,,2026-07-25,,https://suumo.jp/chintai/jnc_000104045990/?bc=100465483547,不適合
SUUMO 賃貸 駿東郡（清水/長泉）,清水町,賃貸マンション,賃貸カテゴリ（掲載種別）,静岡県駿東郡清水町新宿,6.5,21.9,,5,—,—,,—,賃貸のため対象外,,2026-07-25,,https://suumo.jp/chintai/jnc_000104045989/?bc=100465483681,不適合
SUUMO 賃貸 駿東郡（清水/長泉）,清水町,賃貸アパート,賃貸カテゴリ（掲載種別）,静岡県駿東郡清水町玉川,7.8,58.4,,5,—,—,,—,賃貸のため対象外,,2026-07-25,,https://suumo.jp/chintai/jnc_000107851439/?bc=100502966635,不適合
SUUMO 賃貸 駿東郡（清水/長泉）,清水町,賃貸マンション,賃貸カテゴリ（掲載種別）,静岡県駿東郡清水町八幡,6.7,40.3,,5,—,—,,—,賃貸のため対象外,,2026-07-25,,https://suumo.jp/chintai/jnc_000087417683/?bc=100410359196,不適合
SUUMO 賃貸 駿東郡（清水/長泉）,清水町,賃貸アパート,賃貸カテゴリ（掲載種別）,静岡県駿東郡清水町徳倉,7.5,65.3,,5,—,—,,—,賃貸のため対象外,,2026-08-11,,https://suumo.jp/chintai/jnc_000108572885/?bc=100517332551,不適合
SUUMO 賃貸 駿東郡（清水/長泉）,清水町,賃貸アパート,賃貸カテゴリ（掲載種別）,静岡県駿東郡清水町徳倉,7.5,65.3,,5,—,—,,—,賃貸のため対象外,,2026-08-09,,https://suumo.jp/chintai/jnc_000105944373/?bc=100514808410,不適合
SUUMO 賃貸 駿東郡（清水/長泉）,清水町,賃貸マンション,賃貸カテゴリ（掲載種別）,静岡県駿東郡清水町八幡,6.8,41.5,,5,—,—,,—,賃貸のため対象外,,2026-08-09,,https://suumo.jp/chintai/jnc_000108181277/?bc=100516049425,不適合
SUUMO 賃貸 駿東郡（清水/長泉）,清水町,賃貸アパート,賃貸カテゴリ（掲載種別）,静岡県駿東郡清水町徳倉,5.7,45.8,,5,—,—,,—,賃貸のため対象外,,2026-08-11,,https://suumo.jp/chintai/jnc_000107857679/?bc=100506399358,不適合
SUUMO 賃貸 駿東郡（清水/長泉）,清水町,賃貸マンション,賃貸カテゴリ（掲載種別）,静岡県駿東郡清水町徳倉,5.4,51.5,,5,—,—,,—,賃貸のため対象外,,2026-08-11,,https://suumo.jp/chintai/jnc_000079593341/?bc=100483892310,不適合
SUUMO 賃貸 駿東郡（清水/長泉）,清水町,賃貸アパート,賃貸カテゴリ（掲載種別）,静岡県駿東郡清水町玉川,5.8,50.5,,5,—,—,,—,賃貸のため対象外,,2026-08-11,,https://suumo.jp/chintai/jnc_000106884145/?bc=100507811968,不適合
SUUMO 賃貸 駿東郡（清水/長泉）,清水町,賃貸マンション,賃貸カテゴリ（掲載種別）,静岡県駿東郡清水町久米田,8.2,68.6,,5,田,—,,—,賃貸のため対象外,,2026-08-09,,https://suumo.jp/chintai/jnc_000104626498/?bc=100504491731,不適合
SUUMO 賃貸 駿東郡（清水/長泉）,清水町,賃貸アパート,賃貸カテゴリ（掲載種別）,静岡県駿東郡清水町堂庭,6.2,53.0,,5,—,—,,—,賃貸のため対象外,,2026-07-31,,https://suumo.jp/chintai/jnc_000107947136/?bc=100507205994,不適合
SUUMO 賃貸 駿東郡（清水/長泉）,清水町,賃貸マンション,賃貸カテゴリ（掲載種別）,静岡県駿東郡清水町八幡,6.5,57.3,,5,—,—,,—,賃貸のため対象外,,2026-07-26,,https://suumo.jp/chintai/jnc_000059796326/?bc=100515425462,不適合
SUUMO 賃貸 駿東郡（清水/長泉）,清水町,賃貸マンション,賃貸カテゴリ（掲載種別）,静岡県駿東郡清水町八幡,6.5,54.9,,5,—,—,,—,賃貸のため対象外,,2026-08-11,,https://suumo.jp/chintai/jnc_000074717408/?bc=100452390821,不適合
SUUMO 賃貸 駿東郡（清水/長泉）,清水町,賃貸アパート,賃貸カテゴリ（掲載種別）,静岡県駿東郡清水町長沢,7.6,56.2,,5,—,—,,—,賃貸のため対象外,,2026-08-10,,https://suumo.jp/chintai/jnc_000102864676/?bc=100502348735,不適合
SUUMO 賃貸 駿東郡（清水/長泉）,清水町,賃貸戸建,賃貸カテゴリ（掲載種別）,静岡県駿東郡清水町徳倉,5.5,119.0,,5,—,—,,—,賃貸のため対象外,,2026-07-25,,https://suumo.jp/chintai/jnc_000108484471/?bc=100516551994,不適合
SUUMO 賃貸 駿東郡（清水/長泉）,清水町,賃貸その他,賃貸カテゴリ（掲載種別）,静岡県駿東郡清水町伏見,8.0,76.6,,5,田,—,,—,賃貸のため対象外,,2026-08-11,,https://suumo.jp/chintai/jnc_000108500548/?bc=100516787191,不適合
SUUMO 賃貸 駿東郡（清水/長泉）,清水町,賃貸マンション,賃貸カテゴリ（掲載種別）,静岡県駿東郡清水町堂庭,6.0,41.1,,5,—,—,,—,賃貸のため対象外,,2026-08-07,,https://suumo.jp/chintai/jnc_000106486034/?bc=100504491703,不適合
SUUMO 賃貸 駿東郡（清水/長泉）,清水町,賃貸マンション,賃貸カテゴリ（掲載種別）,静岡県駿東郡清水町徳倉,5.8,56.0,,5,—,—,,—,賃貸のため対象外,,2026-07-25,,https://suumo.jp/chintai/jnc_000105764803/?bc=100495849169,不適合
SUUMO 賃貸 駿東郡（清水/長泉）,清水町,賃貸マンション,賃貸カテゴリ（掲載種別）,静岡県駿東郡清水町徳倉,5.8,54.6,,5,—,—,,—,賃貸のため対象外,,2026-07-25,,https://suumo.jp/chintai/jnc_000105764804/?bc=100458121652,不適合
SUUMO 賃貸 駿東郡（清水/長泉）,清水町,賃貸マンション,賃貸カテゴリ（掲載種別）,静岡県駿東郡清水町徳倉,5.8,54.2,,5,—,—,,—,賃貸のため対象外,,2026-07-25,,https://suumo.jp/chintai/jnc_000096878434/?bc=100501783155,不適合
SUUMO 賃貸 駿東郡（清水/長泉）,清水町,賃貸マンション,賃貸カテゴリ（掲載種別）,静岡県駿東郡清水町徳倉,5.8,52.6,,5,—,—,,—,賃貸のため対象外,,2026-08-10,,https://suumo.jp/chintai/jnc_000096878435/?bc=100428098006,不適合
SUUMO 賃貸 駿東郡（清水/長泉）,清水町,賃貸マンション,賃貸カテゴリ（掲載種別）,静岡県駿東郡清水町徳倉,5.9,56.0,,5,—,—,,—,賃貸のため対象外,,2026-07-25,,https://suumo.jp/chintai/jnc_000105764806/?bc=100495849170,不適合
SUUMO 賃貸 駿東郡（清水/長泉）,清水町,賃貸マンション,賃貸カテゴリ（掲載種別）,静岡県駿東郡清水町徳倉,5.9,54.2,,5,—,—,,—,賃貸のため対象外,,2026-08-10,,https://suumo.jp/chintai/jnc_000096878438/?bc=100428098049,不適合
SUUMO 賃貸 駿東郡（清水/長泉）,清水町,賃貸マンション,賃貸カテゴリ（掲載種別）,静岡県駿東郡清水町徳倉,5.9,52.6,,5,—,—,,—,賃貸のため対象外,,2026-07-25,,https://suumo.jp/chintai/jnc_000105764805/?bc=100495849168,不適合
SUUMO 賃貸 駿東郡（清水/長泉）,清水町,賃貸マンション,賃貸カテゴリ（掲載種別）,静岡県駿東郡清水町徳倉,6.0,56.0,,5,—,—,,—,賃貸のため対象外,,2026-07-25,,https://suumo.jp/chintai/jnc_000105764807/?bc=100495849171,不適合
SUUMO 賃貸 駿東郡（清水/長泉）,清水町,賃貸マンション,賃貸カテゴリ（掲載種別）,静岡県駿東郡清水町徳倉,5.8,54.6,,5,—,—,,—,賃貸のため対象外,,2026-07-25,,https://suumo.jp/chintai/jnc_000096878436/?bc=100352820837,不適合
SUUMO 賃貸 駿東郡（清水/長泉）,清水町,賃貸マンション,賃貸カテゴリ（掲載種別）,静岡県駿東郡清水町徳倉,6.0,52.6,,5,—,—,,—,賃貸のため対象外,,2026-08-10,,https://suumo.jp/chintai/jnc_000096878439/?bc=100428098050,不適合
SUUMO 賃貸 駿東郡（清水/長泉）,清水町,賃貸マンション,賃貸カテゴリ（掲載種別）,静岡県駿東郡清水町徳倉,6.0,52.6,,5,—,—,,—,賃貸のため対象外,,2026-07-25,,https://suumo.jp/chintai/jnc_000096632747/?bc=100206442313,不適合
SUUMO 賃貸 駿東郡（清水/長泉）,清水町,賃貸マンション,賃貸カテゴリ（掲載種別）,静岡県駿東郡清水町徳倉,6.0,60.0,,5,—,—,,—,賃貸のため対象外,,2026-07-25,,https://suumo.jp/chintai/jnc_000106746611/?bc=100501329062,不適合
SUUMO 賃貸 駿東郡（清水/長泉）,清水町,賃貸マンション,賃貸カテゴリ（掲載種別）,静岡県駿東郡清水町徳倉,6.2,54.2,,5,—,—,,—,賃貸のため対象外,,2026-07-25,,https://suumo.jp/chintai/jnc_000106468894/?bc=100501783195,不適合
SUUMO 賃貸 駿東郡（清水/長泉）,清水町,賃貸マンション,賃貸カテゴリ（掲載種別）,静岡県駿東郡清水町徳倉,6.1,54.6,,5,—,—,,—,賃貸のため対象外,,2026-07-25,,https://suumo.jp/chintai/jnc_000094458366/?bc=100352820623,不適合
SUUMO 賃貸 駿東郡（清水/長泉）,清水町,賃貸マンション,賃貸カテゴリ（掲載種別）,静岡県駿東郡清水町徳倉,6.3,54.2,,5,—,—,,—,賃貸のため対象外,,2026-07-25,,https://suumo.jp/chintai/jnc_000094458368/?bc=100501329054,不適合
SUUMO 賃貸 駿東郡（清水/長泉）,清水町,賃貸アパート,賃貸カテゴリ（掲載種別）,静岡県駿東郡清水町長沢,6.6,44.9,,5,—,—,,—,賃貸のため対象外,,2026-08-11,,https://suumo.jp/chintai/jnc_000107511713/?bc=100510223844,不適合
SUUMO 賃貸 駿東郡（清水/長泉）,清水町,賃貸アパート,賃貸カテゴリ（掲載種別）,静岡県駿東郡清水町長沢,6.6,44.9,,5,—,—,,—,賃貸のため対象外,,2026-07-25,,https://suumo.jp/chintai/jnc_000107947137/?bc=100512630105,不適合
SUUMO 賃貸 駿東郡（清水/長泉）,清水町,賃貸マンション,賃貸カテゴリ（掲載種別）,静岡県駿東郡清水町徳倉,7.2,57.8,,5,—,—,,—,賃貸のため対象外,,2026-08-07,,https://suumo.jp/chintai/jnc_000108884179/?bc=100519788750,不適合
SUUMO 賃貸 駿東郡（清水/長泉）,清水町,賃貸アパート,賃貸カテゴリ（掲載種別）,静岡県駿東郡清水町伏見,6.2,48.0,,5,—,—,,—,賃貸のため対象外,,2026-08-11,,https://suumo.jp/chintai/jnc_000105944375/?bc=100497607042,不適合
SUUMO 賃貸 駿東郡（清水/長泉）,清水町,賃貸マンション,賃貸カテゴリ（掲載種別）,静岡県駿東郡清水町徳倉,7.3,58.0,,5,—,—,,—,賃貸のため対象外,,2026-08-01,,https://suumo.jp/chintai/jnc_000043589171/?bc=100519788114,不適合
SUUMO 賃貸 駿東郡（清水/長泉）,清水町,賃貸マンション,賃貸カテゴリ（掲載種別）,静岡県駿東郡清水町徳倉,7.5,58.0,,5,—,—,,—,賃貸のため対象外,,2026-08-01,,https://suumo.jp/chintai/jnc_000106089045/?bc=100512629367,不適合
SUUMO 賃貸 駿東郡（清水/長泉）,清水町,賃貸アパート,賃貸カテゴリ（掲載種別）,静岡県駿東郡清水町長沢,7.0,65.1,,5,—,—,,—,賃貸のため対象外,,2026-08-07,,https://suumo.jp/chintai/jnc_000099378928/?bc=100344099276,不適合
SUUMO 賃貸 駿東郡（清水/長泉）,清水町,賃貸アパート,賃貸カテゴリ（掲載種別）,静岡県駿東郡清水町長沢,6.5,57.3,,5,—,—,,—,賃貸のため対象外,,2026-08-11,,https://suumo.jp/chintai/jnc_000055472942/?bc=100503747514,不適合
SUUMO 賃貸 駿東郡（清水/長泉）,清水町,賃貸マンション,賃貸カテゴリ（掲載種別）,静岡県駿東郡清水町徳倉,5.9,50.3,,5,—,—,,—,賃貸のため対象外,,2026-08-11,,https://suumo.jp/chintai/jnc_000092914436/?bc=100482035431,不適合
SUUMO 賃貸 駿東郡（清水/長泉）,清水町,賃貸アパート,賃貸カテゴリ（掲載種別）,静岡県駿東郡清水町徳倉,4.9,44.8,,5,—,—,,—,賃貸のため対象外,,2026-08-11,,https://suumo.jp/chintai/jnc_000107518705/?bc=100504567798,適合
SUUMO 賃貸 駿東郡（清水/長泉）,清水町,賃貸アパート,賃貸カテゴリ（掲載種別）,静岡県駿東郡清水町伏見,5.3,23.6,,5,—,—,,—,賃貸のため対象外,,2026-08-11,,https://suumo.jp/chintai/jnc_000108401844/?bc=100514629542,不適合
SUUMO 賃貸 駿東郡（清水/長泉）,清水町,賃貸アパート,賃貸カテゴリ（掲載種別）,静岡県駿東郡清水町伏見,5.7,28.0,,5,—,—,,—,賃貸のため対象外,,2026-07-25,,https://suumo.jp/chintai/jnc_000108591882/?bc=100516398903,不適合
SUUMO 賃貸 駿東郡（清水/長泉）,清水町,賃貸アパート,賃貸カテゴリ（掲載種別）,静岡県駿東郡清水町伏見,5.8,22.4,,5,—,—,,—,賃貸のため対象外,,2026-08-10,,https://suumo.jp/chintai/jnc_000108298340/?bc=100507385469,不適合
SUUMO 賃貸 駿東郡（清水/長泉）,清水町,賃貸アパート,賃貸カテゴリ（掲載種別）,静岡県駿東郡清水町伏見,6.1,22.4,,5,—,—,,—,賃貸のため対象外,,2026-08-11,,https://suumo.jp/chintai/jnc_000108490783/?bc=100514629361,不適合
SUUMO 賃貸 駿東郡（清水/長泉）,清水町,賃貸その他,賃貸カテゴリ（掲載種別）,静岡県駿東郡清水町久米田,9.0,66.2,,5,田,—,,—,賃貸のため対象外,,2026-08-11,,https://suumo.jp/chintai/jnc_000075102955/?bc=100519742549,不適合
SUUMO 賃貸 駿東郡（清水/長泉）,清水町,賃貸マンション,賃貸カテゴリ（掲載種別）,静岡県駿東郡清水町長沢,7.2,58.3,,5,—,—,,—,賃貸のため対象外,,2026-07-26,,https://suumo.jp/chintai/jnc_000106282273/?bc=100503629929,不適合
SUUMO 賃貸 駿東郡（清水/長泉）,清水町,賃貸マンション,賃貸カテゴリ（掲載種別）,静岡県駿東郡清水町長沢,7.2,58.3,,5,—,—,,—,賃貸のため対象外,,2026-07-26,,https://suumo.jp/chintai/jnc_000068810905/?bc=100503629931,不適合
SUUMO 賃貸 駿東郡（清水/長泉）,清水町,賃貸マンション,賃貸カテゴリ（掲載種別）,静岡県駿東郡清水町長沢,7.5,61.6,,5,—,—,,—,賃貸のため対象外,,2026-08-10,,https://suumo.jp/chintai/jnc_000099134708/?bc=100433365736,不適合
SUUMO 賃貸 駿東郡（清水/長泉）,清水町,賃貸マンション,賃貸カテゴリ（掲載種別）,静岡県駿東郡清水町長沢,5.3,39.6,,5,—,—,,—,賃貸のため対象外,,2026-08-11,,https://suumo.jp/chintai/jnc_000098892939/?bc=100465617273,不適合
SUUMO 賃貸 駿東郡（清水/長泉）,清水町,賃貸アパート,賃貸カテゴリ（掲載種別）,静岡県駿東郡清水町徳倉,6.2,51.8,,5,—,—,,—,賃貸のため対象外,,2026-07-25,,https://suumo.jp/chintai/jnc_000106503135/?bc=100508155914,不適合
SUUMO 賃貸 駿東郡（清水/長泉）,小山町,賃貸アパート,賃貸カテゴリ（掲載種別）,静岡県駿東郡小山町竹之下,5.55,57.2,,5,—,—,,—,賃貸のため対象外,,2026-08-10,,https://suumo.jp/chintai/jnc_000108185517/?bc=100514876259,不適合
SUUMO 賃貸 駿東郡（清水/長泉）,清水町,賃貸戸建,賃貸カテゴリ（掲載種別）,静岡県駿東郡清水町伏見,9.4,70.0,,5,—,—,,—,賃貸のため対象外,,2026-08-10,,https://suumo.jp/chintai/jnc_000045975126/?bc=100517093104,不適合
SUUMO 賃貸 駿東郡（清水/長泉）,清水町,賃貸アパート,賃貸カテゴリ（掲載種別）,静岡県駿東郡清水町伏見,5.2,23.6,,5,—,—,,—,賃貸のため対象外,,2026-07-31,,https://suumo.jp/chintai/jnc_000108298344/?bc=100514629296,不適合
SUUMO 賃貸 駿東郡（清水/長泉）,清水町,賃貸アパート,賃貸カテゴリ（掲載種別）,静岡県駿東郡清水町伏見,5.2,44.9,,5,—,—,,—,賃貸のため対象外,,2026-08-11,,https://suumo.jp/chintai/jnc_000082958522/?bc=100506251322,不適合
SUUMO 賃貸 駿東郡（清水/長泉）,清水町,賃貸アパート,賃貸カテゴリ（掲載種別）,静岡県駿東郡清水町玉川,5.8,50.5,,5,—,—,,—,賃貸のため対象外,,2026-07-26,,https://suumo.jp/chintai/jnc_000106981183/?bc=100505478566,不適合
SUUMO 賃貸 駿東郡（清水/長泉）,長泉町,賃貸マンション,賃貸カテゴリ（掲載種別）,静岡県駿東郡長泉町本宿,5.5,50.9,,5,—,—,,—,賃貸のため対象外,,2026-08-11,,https://suumo.jp/chintai/jnc_000108620875/?bc=100428797260,不適合
SUUMO 賃貸 駿東郡（清水/長泉）,長泉町,賃貸マンション,賃貸カテゴリ（掲載種別）,静岡県駿東郡長泉町本宿,5.5,50.9,,5,—,—,,—,賃貸のため対象外,,2026-08-11,,https://suumo.jp/chintai/jnc_000088097401/?bc=100421034036,不適合
SUUMO 賃貸 駿東郡（清水/長泉）,長泉町,賃貸マンション,賃貸カテゴリ（掲載種別）,静岡県駿東郡長泉町本宿,5.7,50.9,,5,—,—,,—,賃貸のため対象外,,2026-08-09,,https://suumo.jp/chintai/jnc_000108620876/?bc=100521087448,不適合
SUUMO 賃貸 駿東郡（清水/長泉）,清水町,賃貸マンション,賃貸カテゴリ（掲載種別）,静岡県駿東郡清水町新宿,8.7,37.0,,5,—,—,,—,賃貸のため対象外,,2026-07-26,,https://suumo.jp/chintai/jnc_000107947119/?bc=100512630071,不適合
SUUMO 賃貸 駿東郡（清水/長泉）,長泉町,賃貸アパート,賃貸カテゴリ（掲載種別）,静岡県駿東郡長泉町南一色,8.4,64.2,,5,—,—,,—,賃貸のため対象外,,2026-07-31,,https://suumo.jp/chintai/jnc_000044624472/?bc=100508562802,不適合
SUUMO 賃貸 駿東郡（清水/長泉）,清水町,賃貸アパート,賃貸カテゴリ（掲載種別）,静岡県駿東郡清水町徳倉,5.7,56.2,,5,—,—,,—,賃貸のため対象外,,2026-07-25,,https://suumo.jp/chintai/jnc_000058465920/?bc=100448309718,不適合
SUUMO 賃貸 駿東郡（清水/長泉）,清水町,賃貸アパート,賃貸カテゴリ（掲載種別）,静岡県駿東郡清水町伏見,6.0,47.1,,5,—,—,,—,賃貸のため対象外,,2026-07-25,,https://suumo.jp/chintai/jnc_000084946663/?bc=100146088870,不適合
SUUMO 賃貸 駿東郡（清水/長泉）,清水町,賃貸アパート,賃貸カテゴリ（掲載種別）,静岡県駿東郡清水町柿田,5.8,49.5,,5,田,—,,—,賃貸のため対象外,,2026-08-09,,https://suumo.jp/chintai/jnc_000016950188/?bc=100506917624,不適合
SUUMO 賃貸 駿東郡（清水/長泉）,清水町,賃貸アパート,賃貸カテゴリ（掲載種別）,静岡県駿東郡清水町柿田,5.8,45.0,,5,田,—,,—,賃貸のため対象外,,2026-08-10,,https://suumo.jp/chintai/jnc_000017008997/?bc=100502975056,不適合
SUUMO 賃貸 駿東郡（清水/長泉）,清水町,賃貸マンション,賃貸カテゴリ（掲載種別）,静岡県駿東郡清水町湯川,6.5,48.5,,5,—,—,,—,賃貸のため対象外,,2026-07-25,,https://suumo.jp/chintai/jnc_000043761965/?bc=100134509298,不適合
SUUMO 賃貸 駿東郡（清水/長泉）,清水町,賃貸マンション,賃貸カテゴリ（掲載種別）,静岡県駿東郡清水町湯川,7.0,71.5,,5,—,—,,—,賃貸のため対象外,,2026-07-25,,https://suumo.jp/chintai/jnc_000106557802/?bc=100502296085,不適合
SUUMO 賃貸 駿東郡（清水/長泉）,清水町,賃貸マンション,賃貸カテゴリ（掲載種別）,静岡県駿東郡清水町徳倉,6.4,66.0,,5,—,—,,—,賃貸のため対象外,,2026-08-07,,https://suumo.jp/chintai/jnc_000076018310/?bc=100405593315,不適合
SUUMO 賃貸 駿東郡（清水/長泉）,清水町,賃貸マンション,賃貸カテゴリ（掲載種別）,静岡県駿東郡清水町徳倉,6.4,66.0,,5,—,—,,—,賃貸のため対象外,,2026-08-11,,https://suumo.jp/chintai/jnc_000106356786/?bc=100500873025,不適合
SUUMO 賃貸 駿東郡（清水/長泉）,長泉町,賃貸マンション,賃貸カテゴリ（掲載種別）,静岡県駿東郡長泉町下長窪,6.0,60.5,,5,—,—,,—,賃貸のため対象外,,2026-08-11,,https://suumo.jp/chintai/jnc_000108718367/?bc=100518914084,不適合
SUUMO 賃貸 駿東郡（清水/長泉）,清水町,賃貸マンション,賃貸カテゴリ（掲載種別）,静岡県駿東郡清水町伏見,5.6,53.5,,5,—,—,,—,賃貸のため対象外,,2026-08-03,,https://suumo.jp/chintai/jnc_000107461115/?bc=100508847760,不適合
SUUMO 賃貸 駿東郡（清水/長泉）,清水町,賃貸マンション,賃貸カテゴリ（掲載種別）,静岡県駿東郡清水町伏見,6.0,53.5,,5,—,—,,—,賃貸のため対象外,,2026-08-10,,https://suumo.jp/chintai/jnc_000013977538/?bc=100423648200,不適合
SUUMO 賃貸 駿東郡（清水/長泉）,清水町,賃貸マンション,賃貸カテゴリ（掲載種別）,静岡県駿東郡清水町伏見,6.0,53.5,,5,—,—,,—,賃貸のため対象外,,2026-08-10,,https://suumo.jp/chintai/jnc_000024965011/?bc=100423648195,不適合
SUUMO 賃貸 駿東郡（清水/長泉）,清水町,賃貸マンション,賃貸カテゴリ（掲載種別）,静岡県駿東郡清水町伏見,6.0,53.5,,5,—,—,,—,賃貸のため対象外,,2026-08-03,,https://suumo.jp/chintai/jnc_000107461113/?bc=100508847759,不適合
SUUMO 賃貸 駿東郡（清水/長泉）,清水町,賃貸マンション,賃貸カテゴリ（掲載種別）,静岡県駿東郡清水町伏見,6.0,53.5,,5,—,—,,—,賃貸のため対象外,,2026-08-03,,https://suumo.jp/chintai/jnc_000107461114/?bc=100508847709,不適合
SUUMO 賃貸 駿東郡（清水/長泉）,清水町,賃貸マンション,賃貸カテゴリ（掲載種別）,静岡県駿東郡清水町伏見,6.4,53.5,,5,—,—,,—,賃貸のため対象外,,2026-08-03,,https://suumo.jp/chintai/jnc_000107461112/?bc=100508847708,不適合
SUUMO 賃貸 駿東郡（清水/長泉）,清水町,賃貸マンション,賃貸カテゴリ（掲載種別）,静岡県駿東郡清水町伏見,6.8,53.5,,5,—,—,,—,賃貸のため対象外,,2026-08-10,,https://suumo.jp/chintai/jnc_000097839157/?bc=100424819363,不適合
SUUMO 賃貸 駿東郡（清水/長泉）,小山町,賃貸アパート,賃貸カテゴリ（掲載種別）,静岡県駿東郡小山町竹之下,5.55,58.5,,5,—,—,,—,賃貸のため対象外,,2026-08-10,,https://suumo.jp/chintai/jnc_000108856320/?bc=100514876220,不適合
SUUMO 賃貸 駿東郡（清水/長泉）,清水町,賃貸マンション,賃貸カテゴリ（掲載種別）,静岡県駿東郡清水町徳倉,5.7,74.9,,5,—,—,,—,賃貸のため対象外,,2026-07-25,,https://suumo.jp/chintai/jnc_000103250091/?bc=100427888579,不適合
SUUMO 賃貸 駿東郡（清水/長泉）,清水町,賃貸マンション,賃貸カテゴリ（掲載種別）,静岡県駿東郡清水町徳倉,5.7,74.9,,5,—,—,,—,賃貸のため対象外,,2026-07-25,,https://suumo.jp/chintai/jnc_000103287426/?bc=100470502486,不適合
SUUMO 賃貸 駿東郡（清水/長泉）,清水町,賃貸マンション,賃貸カテゴリ（掲載種別）,静岡県駿東郡清水町徳倉,5.9,74.9,,5,—,—,,—,賃貸のため対象外,,2026-07-25,,https://suumo.jp/chintai/jnc_000103287425/?bc=100476353378,不適合
SUUMO 賃貸 駿東郡（清水/長泉）,長泉町,賃貸マンション,賃貸カテゴリ（掲載種別）,静岡県駿東郡長泉町下土狩,6.1,44.5,,5,—,—,,—,賃貸のため対象外,,2026-08-11,,https://suumo.jp/chintai/jnc_000108572886/?bc=100498998194,不適合
SUUMO 賃貸 駿東郡（清水/長泉）,長泉町,賃貸マンション,賃貸カテゴリ（掲載種別）,静岡県駿東郡長泉町下土狩,6.4,44.1,,5,—,—,,—,賃貸のため対象外,,2026-08-11,,https://suumo.jp/chintai/jnc_000106362736/?bc=100505088103,不適合
SUUMO 賃貸 駿東郡（清水/長泉）,長泉町,賃貸マンション,賃貸カテゴリ（掲載種別）,静岡県駿東郡長泉町下土狩,6.5,44.1,,5,—,—,,—,賃貸のため対象外,,2026-08-11,,https://suumo.jp/chintai/jnc_000076924128/?bc=100495206622,不適合
SUUMO 賃貸 駿東郡（清水/長泉）,長泉町,賃貸マンション,賃貸カテゴリ（掲載種別）,静岡県駿東郡長泉町下土狩,6.5,44.5,,5,—,—,,—,賃貸のため対象外,,2026-08-11,,https://suumo.jp/chintai/jnc_000106375478/?bc=100505088102,不適合
SUUMO 賃貸 駿東郡（清水/長泉）,長泉町,賃貸マンション,賃貸カテゴリ（掲載種別）,静岡県駿東郡長泉町下土狩,6.6,44.1,,5,—,—,,—,賃貸のため対象外,,2026-08-11,,https://suumo.jp/chintai/jnc_000079609009/?bc=100517539987,不適合
SUUMO 賃貸 駿東郡（清水/長泉）,清水町,賃貸マンション,賃貸カテゴリ（掲載種別）,静岡県駿東郡清水町八幡,6.0,56.2,,5,—,—,,—,賃貸のため対象外,,2026-08-02,,https://suumo.jp/chintai/jnc_000092735710/?bc=100519961530,不適合
SUUMO 賃貸 駿東郡（清水/長泉）,清水町,賃貸マンション,賃貸カテゴリ（掲載種別）,静岡県駿東郡清水町八幡,6.0,56.2,,5,—,—,,—,賃貸のため対象外,,2026-08-02,,https://suumo.jp/chintai/jnc_000106767052/?bc=100518412145,不適合
SUUMO 賃貸 駿東郡（清水/長泉）,長泉町,賃貸マンション,賃貸カテゴリ（掲載種別）,静岡県駿東郡長泉町下長窪,7.1,53.1,,5,—,—,,—,賃貸のため対象外,,2026-08-11,,https://suumo.jp/chintai/jnc_000108819212/?bc=100515299305,不適合
SUUMO 賃貸 駿東郡（清水/長泉）,長泉町,賃貸マンション,賃貸カテゴリ（掲載種別）,静岡県駿東郡長泉町下長窪,7.3,53.1,,5,—,—,,—,賃貸のため対象外,,2026-08-11,,https://suumo.jp/chintai/jnc_000107217859/?bc=100509022444,不適合
SUUMO 賃貸 駿東郡（清水/長泉）,長泉町,賃貸マンション,賃貸カテゴリ（掲載種別）,静岡県駿東郡長泉町南一色,6.2,53.3,,5,—,—,,—,賃貸のため対象外,,2026-08-11,,https://suumo.jp/chintai/jnc_000104584481/?bc=100487105602,不適合
SUUMO 賃貸 駿東郡（清水/長泉）,長泉町,賃貸マンション,賃貸カテゴリ（掲載種別）,静岡県駿東郡長泉町南一色,6.2,53.3,,5,—,—,,—,賃貸のため対象外,,2026-07-26,,https://suumo.jp/chintai/jnc_000105490789/?bc=100490634421,不適合
SUUMO 賃貸 駿東郡（清水/長泉）,清水町,賃貸アパート,賃貸カテゴリ（掲載種別）,静岡県駿東郡清水町湯川,5.0,56.5,,5,—,—,,—,賃貸のため対象外,,2026-08-11,,https://suumo.jp/chintai/jnc_000104763140/?bc=100488578768,適合
SUUMO 賃貸 駿東郡（清水/長泉）,長泉町,賃貸アパート,賃貸カテゴリ（掲載種別）,静岡県駿東郡長泉町納米里,6.15,34.0,,5,—,—,,—,賃貸のため対象外,,2026-08-11,,https://suumo.jp/chintai/jnc_000090515388/?bc=100515856147,不適合
SUUMO 賃貸 駿東郡（清水/長泉）,長泉町,賃貸アパート,賃貸カテゴリ（掲載種別）,静岡県駿東郡長泉町納米里,7.15,44.9,,5,—,—,,—,賃貸のため対象外,,2026-08-11,,https://suumo.jp/chintai/jnc_000108177398/?bc=100515856148,不適合
SUUMO 賃貸 駿東郡（清水/長泉）,長泉町,賃貸マンション,賃貸カテゴリ（掲載種別）,静岡県駿東郡長泉町下土狩,6.8,53.3,,5,—,—,,—,賃貸のため対象外,,2026-08-11,,https://suumo.jp/chintai/jnc_000108698960/?bc=100517225642,不適合
SUUMO 賃貸 駿東郡（清水/長泉）,長泉町,賃貸マンション,賃貸カテゴリ（掲載種別）,静岡県駿東郡長泉町下土狩,6.8,53.3,,5,—,—,,—,賃貸のため対象外,,2026-08-11,,https://suumo.jp/chintai/jnc_000109127043/?bc=100520231725,不適合
SUUMO 賃貸 駿東郡（清水/長泉）,長泉町,賃貸マンション,賃貸カテゴリ（掲載種別）,静岡県駿東郡長泉町下土狩,6.9,53.3,,5,—,—,,—,賃貸のため対象外,,2026-08-05,,https://suumo.jp/chintai/jnc_000108527671/?bc=100009205283,不適合
SUUMO 賃貸 駿東郡（清水/長泉）,清水町,賃貸マンション,賃貸カテゴリ（掲載種別）,静岡県駿東郡清水町長沢,6.5,65.8,,5,—,—,,—,賃貸のため対象外,,2026-08-04,,https://suumo.jp/chintai/jnc_000073401127/?bc=100520337444,不適合
SUUMO 賃貸 駿東郡（清水/長泉）,長泉町,賃貸マンション,賃貸カテゴリ（掲載種別）,静岡県駿東郡長泉町桜堤３,7.4,61.1,,5,—,—,,—,賃貸のため対象外,,2026-08-11,,https://suumo.jp/chintai/jnc_000042203412/?bc=100511539420,不適合
SUUMO 賃貸 駿東郡（清水/長泉）,長泉町,賃貸マンション,賃貸カテゴリ（掲載種別）,静岡県駿東郡長泉町桜堤３,7.5,61.1,,5,—,—,,—,賃貸のため対象外,,2026-08-09,,https://suumo.jp/chintai/jnc_000057598944/?bc=100513809022,不適合
SUUMO 賃貸 駿東郡（清水/長泉）,長泉町,賃貸マンション,賃貸カテゴリ（掲載種別）,静岡県駿東郡長泉町桜堤３,7.5,61.1,,5,—,—,,—,賃貸のため対象外,,2026-08-09,,https://suumo.jp/chintai/jnc_000013978925/?bc=100517571700,不適合
SUUMO 賃貸 駿東郡（清水/長泉）,清水町,賃貸アパート,賃貸カテゴリ（掲載種別）,静岡県駿東郡清水町堂庭,5.2,40.3,,5,—,—,,—,賃貸のため対象外,,2026-07-25,,https://suumo.jp/chintai/jnc_000107970586/?bc=100512793580,不適合
SUUMO 賃貸 駿東郡（清水/長泉）,清水町,賃貸アパート,賃貸カテゴリ（掲載種別）,静岡県駿東郡清水町長沢,4.9,26.4,,5,—,—,,—,賃貸のため対象外,,2026-08-11,,https://suumo.jp/chintai/jnc_000066552307/?bc=100513804847,適合
SUUMO 賃貸 駿東郡（清水/長泉）,清水町,賃貸アパート,賃貸カテゴリ（掲載種別）,静岡県駿東郡清水町長沢,5.4,26.4,,5,—,—,,—,賃貸のため対象外,,2026-08-11,,https://suumo.jp/chintai/jnc_000080735661/?bc=100502974994,不適合
SUUMO 賃貸 駿東郡（清水/長泉）,清水町,賃貸アパート,賃貸カテゴリ（掲載種別）,静岡県駿東郡清水町徳倉,4.5,46.5,,5,—,—,,—,賃貸のため対象外,,2026-08-11,,https://suumo.jp/chintai/jnc_000108951102/?bc=100513826252,適合
SUUMO 賃貸 駿東郡（清水/長泉）,清水町,賃貸アパート,賃貸カテゴリ（掲載種別）,静岡県駿東郡清水町徳倉,4.95,46.5,,5,—,—,,—,賃貸のため対象外,,2026-08-09,,https://suumo.jp/chintai/jnc_000106672124/?bc=100516942385,適合
SUUMO 賃貸 駿東郡（清水/長泉）,清水町,賃貸アパート,賃貸カテゴリ（掲載種別）,静岡県駿東郡清水町伏見,4.75,42.8,,5,—,—,,—,賃貸のため対象外,,2026-08-01,,https://suumo.jp/chintai/jnc_000107417865/?bc=100519789181,適合
SUUMO 賃貸 駿東郡（清水/長泉）,清水町,賃貸アパート,賃貸カテゴリ（掲載種別）,静岡県駿東郡清水町新宿,6.5,51.0,,5,—,—,,—,賃貸のため対象外,,2026-07-25,,https://suumo.jp/chintai/jnc_000091934923/?bc=100374703838,不適合
SUUMO 賃貸 駿東郡（清水/長泉）,小山町,賃貸アパート,賃貸カテゴリ（掲載種別）,静岡県駿東郡小山町竹之下,5.35,54.7,,5,—,—,,—,賃貸のため対象外,,2026-08-10,,https://suumo.jp/chintai/jnc_000105311041/?bc=100516981223,不適合
SUUMO 賃貸 駿東郡（清水/長泉）,清水町,賃貸アパート,賃貸カテゴリ（掲載種別）,静岡県駿東郡清水町徳倉,5.3,56.0,,5,—,—,,—,賃貸のため対象外,,2026-08-11,,https://suumo.jp/chintai/jnc_000076985185/?bc=100515818845,不適合
SUUMO 賃貸 駿東郡（清水/長泉）,清水町,賃貸アパート,賃貸カテゴリ（掲載種別）,静岡県駿東郡清水町徳倉,4.9,53.7,,5,—,—,,—,賃貸のため対象外,,2026-07-25,,https://suumo.jp/chintai/jnc_000098339438/?bc=100456727619,適合
SUUMO 賃貸 駿東郡（清水/長泉）,長泉町,賃貸アパート,賃貸カテゴリ（掲載種別）,静岡県駿東郡長泉町桜堤３,7.9,53.2,,5,—,—,,—,賃貸のため対象外,,2026-08-11,,https://suumo.jp/chintai/jnc_000107857680/?bc=100513080223,不適合
SUUMO 賃貸 駿東郡（清水/長泉）,長泉町,賃貸マンション,賃貸カテゴリ（掲載種別）,静岡県駿東郡長泉町中土狩,7.5,69.5,,5,—,—,,—,賃貸のため対象外,,2026-08-09,,https://suumo.jp/chintai/jnc_000109107023/?bc=100521273700,不適合
SUUMO 賃貸 駿東郡（清水/長泉）,長泉町,賃貸マンション,賃貸カテゴリ（掲載種別）,静岡県駿東郡長泉町中土狩,7.5,69.5,,5,—,—,,—,賃貸のため対象外,,2026-08-09,,https://suumo.jp/chintai/jnc_000108157956/?bc=100514389800,不適合
SUUMO 賃貸 駿東郡（清水/長泉）,長泉町,賃貸アパート,賃貸カテゴリ（掲載種別）,静岡県駿東郡長泉町上土狩,6.5,43.0,,5,—,—,,—,賃貸のため対象外,,2026-08-10,,https://suumo.jp/chintai/jnc_000107118883/?bc=100507811973,不適合
SUUMO 賃貸 駿東郡（清水/長泉）,長泉町,賃貸アパート,賃貸カテゴリ（掲載種別）,静岡県駿東郡長泉町中土狩,7.05,61.7,,5,—,—,,—,賃貸のため対象外,,2026-08-11,,https://suumo.jp/chintai/jnc_000109051711/?bc=100516568983,不適合
SUUMO 賃貸 駿東郡（清水/長泉）,清水町,賃貸アパート,賃貸カテゴリ（掲載種別）,静岡県駿東郡清水町中徳倉,6.0,68.0,,5,—,—,,—,賃貸のため対象外,,2026-07-25,,https://suumo.jp/chintai/jnc_000103532205/?bc=100478265042,不適合
SUUMO 賃貸 駿東郡（清水/長泉）,清水町,賃貸アパート,賃貸カテゴリ（掲載種別）,静岡県駿東郡清水町徳倉,5.0,50.7,,5,—,—,,—,賃貸のため対象外,,2026-08-09,,https://suumo.jp/chintai/jnc_000100367443/?bc=100440470457,適合
SUUMO 賃貸 駿東郡（清水/長泉）,清水町,賃貸アパート,賃貸カテゴリ（掲載種別）,静岡県駿東郡清水町徳倉,5.5,50.6,,5,—,—,,—,賃貸のため対象外,,2026-08-10,,https://suumo.jp/chintai/jnc_000095229060/?bc=100465618169,不適合
SUUMO 賃貸 駿東郡（清水/長泉）,長泉町,賃貸アパート,賃貸カテゴリ（掲載種別）,静岡県駿東郡長泉町上長窪,6.3,63.9,,5,—,—,,—,賃貸のため対象外,,2026-08-10,,https://suumo.jp/chintai/jnc_000108241692/?bc=100479896055,不適合
SUUMO 賃貸 駿東郡（清水/長泉）,清水町,賃貸マンション,賃貸カテゴリ（掲載種別）,静岡県駿東郡清水町久米田,7.9,62.7,,5,田,—,,—,賃貸のため対象外,,2026-08-10,,https://suumo.jp/chintai/jnc_000107047522/?bc=100510275558,不適合
SUUMO 賃貸 駿東郡（清水/長泉）,清水町,賃貸マンション,賃貸カテゴリ（掲載種別）,静岡県駿東郡清水町柿田,7.0,57.4,,5,田,—,,—,賃貸のため対象外,,2026-07-26,,https://suumo.jp/chintai/jnc_000108014121/?bc=100513242012,不適合
SUUMO 賃貸 駿東郡（清水/長泉）,清水町,賃貸マンション,賃貸カテゴリ（掲載種別）,静岡県駿東郡清水町柿田,8.5,69.9,,5,田,—,,—,賃貸のため対象外,,2026-08-07,,https://suumo.jp/chintai/jnc_000067933134/?bc=100493741834,不適合
SUUMO 賃貸 駿東郡（清水/長泉）,清水町,賃貸アパート,賃貸カテゴリ（掲載種別）,静岡県駿東郡清水町畑中,7.0,54.2,,5,畑,—,,—,賃貸のため対象外,,2026-07-26,,https://suumo.jp/chintai/jnc_000013977351/?bc=100516835102,不適合
SUUMO 賃貸 駿東郡（清水/長泉）,長泉町,賃貸マンション,賃貸カテゴリ（掲載種別）,静岡県駿東郡長泉町下土狩,5.9,54.0,,5,—,—,,—,賃貸のため対象外,,2026-08-07,,https://suumo.jp/chintai/jnc_000063516940/?bc=100521028301,不適合
SUUMO 賃貸 駿東郡（清水/長泉）,長泉町,賃貸マンション,賃貸カテゴリ（掲載種別）,静岡県駿東郡長泉町下土狩,5.9,54.0,,5,—,—,,—,賃貸のため対象外,,2026-08-07,,https://suumo.jp/chintai/jnc_000048232727/?bc=100521028315,不適合
SUUMO 賃貸 駿東郡（清水/長泉）,長泉町,賃貸マンション,賃貸カテゴリ（掲載種別）,静岡県駿東郡長泉町下土狩,6.1,50.6,,5,—,—,,—,賃貸のため対象外,,2026-08-07,,https://suumo.jp/chintai/jnc_000105481879/?bc=100135465980,不適合
SUUMO 賃貸 駿東郡（清水/長泉）,長泉町,賃貸マンション,賃貸カテゴリ（掲載種別）,静岡県駿東郡長泉町下土狩,6.4,50.6,,5,—,—,,—,賃貸のため対象外,,2026-08-07,,https://suumo.jp/chintai/jnc_000043992644/?bc=100495162297,不適合
SUUMO 賃貸 駿東郡（清水/長泉）,長泉町,賃貸マンション,賃貸カテゴリ（掲載種別）,静岡県駿東郡長泉町下土狩,8.0,54.9,,5,—,—,,—,賃貸のため対象外,,2026-08-11,,https://suumo.jp/chintai/jnc_000098237613/?bc=100446744348,不適合
SUUMO 賃貸 駿東郡（清水/長泉）,清水町,賃貸マンション,賃貸カテゴリ（掲載種別）,静岡県駿東郡清水町伏見,5.2,30.6,,5,—,—,,—,賃貸のため対象外,,2026-08-03,,https://suumo.jp/chintai/jnc_000104771974/?bc=100480434394,不適合
SUUMO 賃貸 駿東郡（清水/長泉）,長泉町,賃貸マンション,賃貸カテゴリ（掲載種別）,静岡県駿東郡長泉町納米里,7.0,58.0,,5,—,—,,—,賃貸のため対象外,,2026-08-10,,https://suumo.jp/chintai/jnc_000099998125/?bc=100447979159,不適合
SUUMO 賃貸 駿東郡（清水/長泉）,長泉町,賃貸マンション,賃貸カテゴリ（掲載種別）,静岡県駿東郡長泉町納米里,7.0,58.0,,5,—,—,,—,賃貸のため対象外,,2026-08-07,,https://suumo.jp/chintai/jnc_000104158607/?bc=100483397610,不適合
SUUMO 賃貸 駿東郡（清水/長泉）,長泉町,賃貸マンション,賃貸カテゴリ（掲載種別）,静岡県駿東郡長泉町納米里,7.1,58.0,,5,—,—,,—,賃貸のため対象外,,2026-08-03,,https://suumo.jp/chintai/jnc_000081806810/?bc=100447661191,不適合
SUUMO 賃貸 駿東郡（清水/長泉）,清水町,賃貸マンション,賃貸カテゴリ（掲載種別）,静岡県駿東郡清水町伏見,5.3,48.5,,5,—,—,,—,賃貸のため対象外,,2026-08-03,,https://suumo.jp/chintai/jnc_000108457795/?bc=100512132604,不適合
SUUMO 賃貸 駿東郡（清水/長泉）,長泉町,賃貸アパート,賃貸カテゴリ（掲載種別）,静岡県駿東郡長泉町上長窪,6.4,62.9,,5,—,—,,—,賃貸のため対象外,,2026-08-11,,https://suumo.jp/chintai/jnc_000108241694/?bc=100487584271,不適合
SUUMO 賃貸 駿東郡（清水/長泉）,長泉町,賃貸アパート,賃貸カテゴリ（掲載種別）,静岡県駿東郡長泉町上長窪,6.4,62.9,,5,—,—,,—,賃貸のため対象外,,2026-08-11,,https://suumo.jp/chintai/jnc_000108241693/?bc=100487584308,不適合
SUUMO 賃貸 駿東郡（清水/長泉）,清水町,賃貸マンション,賃貸カテゴリ（掲載種別）,静岡県駿東郡清水町柿田,8.9,69.5,,5,田,—,,—,賃貸のため対象外,,2026-07-29,,https://suumo.jp/chintai/jnc_000108819208/?bc=100051924681,不適合
SUUMO 賃貸 駿東郡（清水/長泉）,清水町,賃貸アパート,賃貸カテゴリ（掲載種別）,静岡県駿東郡清水町徳倉,5.3,49.6,,5,—,—,,—,賃貸のため対象外,,2026-08-03,,https://suumo.jp/chintai/jnc_000075647275/?bc=100415886212,不適合
SUUMO 賃貸 駿東郡（清水/長泉）,長泉町,賃貸マンション,賃貸カテゴリ（掲載種別）,静岡県駿東郡長泉町納米里,7.0,58.0,,5,—,—,,—,賃貸のため対象外,,2026-08-11,,https://suumo.jp/chintai/jnc_000094365920/?bc=100408545320,不適合
SUUMO 賃貸 駿東郡（清水/長泉）,長泉町,賃貸マンション,賃貸カテゴリ（掲載種別）,静岡県駿東郡長泉町納米里,7.0,58.0,,5,—,—,,—,賃貸のため対象外,,2026-08-10,,https://suumo.jp/chintai/jnc_000101819797/?bc=100485202609,不適合
SUUMO 賃貸 駿東郡（清水/長泉）,長泉町,賃貸マンション,賃貸カテゴリ（掲載種別）,静岡県駿東郡長泉町納米里,7.1,58.0,,5,—,—,,—,賃貸のため対象外,,2026-08-11,,https://suumo.jp/chintai/jnc_000081621256/?bc=100500872914,不適合
SUUMO 賃貸 駿東郡（清水/長泉）,長泉町,賃貸マンション,賃貸カテゴリ（掲載種別）,静岡県駿東郡長泉町下長窪,6.2,58.3,,5,—,—,,—,賃貸のため対象外,,2026-08-05,,https://suumo.jp/chintai/jnc_000107425892/?bc=100518745524,不適合
SUUMO 賃貸 駿東郡（清水/長泉）,長泉町,賃貸マンション,賃貸カテゴリ（掲載種別）,静岡県駿東郡長泉町下長窪,6.2,58.3,,5,—,—,,—,賃貸のため対象外,,2026-08-07,,https://suumo.jp/chintai/jnc_000107407247/?bc=100469992757,不適合
SUUMO 賃貸 駿東郡（清水/長泉）,長泉町,賃貸マンション,賃貸カテゴリ（掲載種別）,静岡県駿東郡長泉町下長窪,6.5,58.3,,5,—,—,,—,賃貸のため対象外,,2026-08-11,,https://suumo.jp/chintai/jnc_000076137592/?bc=100311038013,不適合
SUUMO 賃貸 駿東郡（清水/長泉）,長泉町,賃貸マンション,賃貸カテゴリ（掲載種別）,静岡県駿東郡長泉町下長窪,6.5,58.3,,5,—,—,,—,賃貸のため対象外,,2026-08-03,,https://suumo.jp/chintai/jnc_000076065365/?bc=100482363580,不適合
SUUMO 賃貸 駿東郡（清水/長泉）,長泉町,賃貸マンション,賃貸カテゴリ（掲載種別）,静岡県駿東郡長泉町納米里,6.0,46.1,,5,—,—,,—,賃貸のため対象外,,2026-08-07,,https://suumo.jp/chintai/jnc_000109030187/?bc=100520784131,不適合
SUUMO 賃貸 駿東郡（清水/長泉）,長泉町,賃貸マンション,賃貸カテゴリ（掲載種別）,静岡県駿東郡長泉町中土狩,6.8,54.6,,5,—,—,,—,賃貸のため対象外,,2026-08-11,,https://suumo.jp/chintai/jnc_000065287653/?bc=100508915982,不適合
SUUMO 賃貸 駿東郡（清水/長泉）,長泉町,賃貸マンション,賃貸カテゴリ（掲載種別）,静岡県駿東郡長泉町納米里,7.0,58.5,,5,—,—,,—,賃貸のため対象外,,2026-08-11,,https://suumo.jp/chintai/jnc_000072121621/?bc=100427638885,不適合
SUUMO 賃貸 駿東郡（清水/長泉）,清水町,賃貸アパート,賃貸カテゴリ（掲載種別）,静岡県駿東郡清水町伏見,5.5,53.0,,5,—,—,,—,賃貸のため対象外,,2026-08-03,,https://suumo.jp/chintai/jnc_000098120415/?bc=100435782548,不適合
SUUMO 賃貸 駿東郡（清水/長泉）,清水町,賃貸アパート,賃貸カテゴリ（掲載種別）,静岡県駿東郡清水町伏見,5.5,51.8,,5,—,—,,—,賃貸のため対象外,,2026-08-07,,https://suumo.jp/chintai/jnc_000051811224/?bc=100486616479,不適合
SUUMO 賃貸 駿東郡（清水/長泉）,長泉町,賃貸マンション,賃貸カテゴリ（掲載種別）,静岡県駿東郡長泉町下土狩,6.2,40.7,,5,—,—,,—,賃貸のため対象外,,2026-08-11,,https://suumo.jp/chintai/jnc_000070775079/?bc=100512792640,不適合
SUUMO 賃貸 駿東郡（清水/長泉）,清水町,賃貸マンション,賃貸カテゴリ（掲載種別）,静岡県駿東郡清水町久米田,7.9,62.7,,5,田,—,,—,賃貸のため対象外,,2026-08-03,,https://suumo.jp/chintai/jnc_000107947118/?bc=100512629552,不適合
SUUMO 賃貸 駿東郡（清水/長泉）,清水町,賃貸マンション,賃貸カテゴリ（掲載種別）,静岡県駿東郡清水町長沢,5.0,37.5,,5,—,—,,—,賃貸のため対象外,,2026-08-11,,https://suumo.jp/chintai/jnc_000043798332/?bc=100495959656,適合
SUUMO 賃貸 駿東郡（清水/長泉）,清水町,賃貸アパート,賃貸カテゴリ（掲載種別）,静岡県駿東郡清水町徳倉,4.55,37.2,,5,—,—,,—,賃貸のため対象外,,2026-08-11,,https://suumo.jp/chintai/jnc_000107994402/?bc=100512234596,適合
SUUMO 賃貸 駿東郡（清水/長泉）,清水町,賃貸アパート,賃貸カテゴリ（掲載種別）,静岡県駿東郡清水町徳倉,4.6,33.7,,5,—,—,,—,賃貸のため対象外,,2026-08-11,,https://suumo.jp/chintai/jnc_000109061479/?bc=100485985543,適合
SUUMO 賃貸 駿東郡（清水/長泉）,長泉町,賃貸アパート,賃貸カテゴリ（掲載種別）,静岡県駿東郡長泉町中土狩,6.5,49.8,,5,田,—,,—,賃貸のため対象外,,2026-08-11,,https://suumo.jp/chintai/jnc_000108235283/?bc=100516702722,不適合
SUUMO 賃貸 駿東郡（清水/長泉）,長泉町,賃貸アパート,賃貸カテゴリ（掲載種別）,静岡県駿東郡長泉町納米里,7.15,44.9,,5,—,—,,—,賃貸のため対象外,,2026-08-08,,https://suumo.jp/chintai/jnc_000109092087/?bc=100521186353,不適合
SUUMO 賃貸 駿東郡（清水/長泉）,長泉町,賃貸マンション,賃貸カテゴリ（掲載種別）,静岡県駿東郡長泉町下土狩,6.1,43.2,,5,—,—,,—,賃貸のため対象外,,2026-07-26,,https://suumo.jp/chintai/jnc_000103893091/?bc=100439711097,不適合
SUUMO 賃貸 駿東郡（清水/長泉）,長泉町,賃貸マンション,賃貸カテゴリ（掲載種別）,静岡県駿東郡長泉町下土狩,6.1,41.0,,5,—,—,,—,賃貸のため対象外,,2026-07-26,,https://suumo.jp/chintai/jnc_000104336842/?bc=100504225969,不適合
SUUMO 賃貸 駿東郡（清水/長泉）,長泉町,賃貸マンション,賃貸カテゴリ（掲載種別）,静岡県駿東郡長泉町下土狩,6.4,43.2,,5,—,—,,—,賃貸のため対象外,,2026-08-11,,https://suumo.jp/chintai/jnc_000107358594/?bc=100515254991,不適合
SUUMO 賃貸 駿東郡（清水/長泉）,清水町,賃貸マンション,賃貸カテゴリ（掲載種別）,静岡県駿東郡清水町長沢,5.5,40.0,,5,—,—,,—,賃貸のため対象外,,2026-08-07,,https://suumo.jp/chintai/jnc_000062805929/?bc=100489587252,不適合
SUUMO 賃貸 駿東郡（清水/長泉）,長泉町,賃貸アパート,賃貸カテゴリ（掲載種別）,静岡県駿東郡長泉町下土狩,7.7,59.2,,5,—,—,,—,賃貸のため対象外,,2026-08-11,,https://suumo.jp/chintai/jnc_000016303698/?bc=100521371767,不適合
SUUMO 賃貸 駿東郡（清水/長泉）,長泉町,賃貸アパート,賃貸カテゴリ（掲載種別）,静岡県駿東郡長泉町下土狩,7.8,59.5,,5,—,—,,—,賃貸のため対象外,,2026-08-11,,https://suumo.jp/chintai/jnc_000108761170/?bc=100521485118,不適合
SUUMO 賃貸 駿東郡（清水/長泉）,清水町,賃貸アパート,賃貸カテゴリ（掲載種別）,静岡県駿東郡清水町伏見,5.0,40.2,,5,—,—,,—,賃貸のため対象外,,2026-08-10,,https://suumo.jp/chintai/jnc_000106201137/?bc=100517093137,適合
SUUMO 賃貸 駿東郡（清水/長泉）,長泉町,賃貸マンション,賃貸カテゴリ（掲載種別）,静岡県駿東郡長泉町納米里,6.0,46.1,,5,—,—,,—,賃貸のため対象外,,2026-08-11,,https://suumo.jp/chintai/jnc_000108847957/?bc=100520470193,不適合
SUUMO 賃貸 駿東郡（清水/長泉）,清水町,賃貸アパート,賃貸カテゴリ（掲載種別）,静岡県駿東郡清水町伏見,5.1,19.9,,5,—,—,,—,賃貸のため対象外,,2026-08-07,,https://suumo.jp/chintai/jnc_000108432172/?bc=100515847331,不適合
SUUMO 賃貸 駿東郡（清水/長泉）,清水町,賃貸アパート,賃貸カテゴリ（掲載種別）,静岡県駿東郡清水町伏見,5.4,19.9,,5,—,—,,—,賃貸のため対象外,,2026-08-07,,https://suumo.jp/chintai/jnc_000108298341/?bc=100514629244,不適合
SUUMO 賃貸 駿東郡（清水/長泉）,清水町,賃貸アパート,賃貸カテゴリ（掲載種別）,静岡県駿東郡清水町伏見,5.5,19.9,,5,—,—,,—,賃貸のため対象外,,2026-08-07,,https://suumo.jp/chintai/jnc_000108591881/?bc=100517362849,不適合
SUUMO 賃貸 駿東郡（清水/長泉）,長泉町,賃貸マンション,賃貸カテゴリ（掲載種別）,静岡県駿東郡長泉町納米里,7.9,53.6,,5,—,—,,—,賃貸のため対象外,,2026-08-09,,https://suumo.jp/chintai/jnc_000100265936/?bc=100438302265,不適合
SUUMO 賃貸 駿東郡（清水/長泉）,長泉町,賃貸マンション,賃貸カテゴリ（掲載種別）,静岡県駿東郡長泉町納米里,7.9,53.6,,5,—,—,,—,賃貸のため対象外,,2026-08-09,,https://suumo.jp/chintai/jnc_000107682306/?bc=100477782820,不適合
SUUMO 賃貸 駿東郡（清水/長泉）,長泉町,賃貸アパート,賃貸カテゴリ（掲載種別）,静岡県駿東郡長泉町下土狩,6.2,37.5,,5,—,—,,—,賃貸のため対象外,,2026-08-11,,https://suumo.jp/chintai/jnc_000108117314/?bc=100514036304,不適合
SUUMO 賃貸 駿東郡（清水/長泉）,長泉町,賃貸アパート,賃貸カテゴリ（掲載種別）,静岡県駿東郡長泉町下土狩,6.2,37.5,,5,—,—,,—,賃貸のため対象外,,2026-08-11,,https://suumo.jp/chintai/jnc_000108028565/?bc=100517806233,不適合
SUUMO 賃貸 駿東郡（清水/長泉）,長泉町,賃貸アパート,賃貸カテゴリ（掲載種別）,静岡県駿東郡長泉町下土狩,6.3,37.5,,5,—,—,,—,賃貸のため対象外,,2026-08-07,,https://suumo.jp/chintai/jnc_000106734274/?bc=100503847451,不適合
SUUMO 賃貸 駿東郡（清水/長泉）,長泉町,賃貸アパート,賃貸カテゴリ（掲載種別）,静岡県駿東郡長泉町下土狩,6.3,37.5,,5,—,—,,—,賃貸のため対象外,,2026-07-25,,https://suumo.jp/chintai/jnc_000106468899/?bc=100507670011,不適合
SUUMO 賃貸 駿東郡（清水/長泉）,長泉町,賃貸マンション,賃貸カテゴリ（掲載種別）,静岡県駿東郡長泉町上土狩,8.0,66.2,,5,—,—,,—,賃貸のため対象外,,2026-08-11,,https://suumo.jp/chintai/jnc_000097771693/?bc=100431498119,不適合
SUUMO 賃貸 駿東郡（清水/長泉）,長泉町,賃貸マンション,賃貸カテゴリ（掲載種別）,静岡県駿東郡長泉町上土狩,8.0,66.2,,5,—,—,,—,賃貸のため対象外,,2026-08-11,,https://suumo.jp/chintai/jnc_000105774903/?bc=100495953507,不適合
SUUMO 賃貸 駿東郡（清水/長泉）,長泉町,賃貸マンション,賃貸カテゴリ（掲載種別）,静岡県駿東郡長泉町上土狩,8.0,66.2,,5,—,—,,—,賃貸のため対象外,,2026-08-11,,https://suumo.jp/chintai/jnc_000080358101/?bc=100465618556,不適合
SUUMO 賃貸 駿東郡（清水/長泉）,清水町,賃貸アパート,賃貸カテゴリ（掲載種別）,静岡県駿東郡清水町徳倉,5.0,53.6,,5,—,—,,—,賃貸のため対象外,,2026-08-03,,https://suumo.jp/chintai/jnc_000088969652/?bc=100456728407,適合
SUUMO 賃貸 駿東郡（清水/長泉）,清水町,賃貸アパート,賃貸カテゴリ（掲載種別）,静岡県駿東郡清水町徳倉,5.0,53.6,,5,—,—,,—,賃貸のため対象外,,2026-08-03,,https://suumo.jp/chintai/jnc_000088969651/?bc=100456728415,適合
SUUMO 賃貸 駿東郡（清水/長泉）,長泉町,賃貸マンション,賃貸カテゴリ（掲載種別）,静岡県駿東郡長泉町納米里,7.5,63.0,,5,—,—,,—,賃貸のため対象外,,2026-08-09,,https://suumo.jp/chintai/jnc_000036842136/?bc=100521363852,不適合
SUUMO 賃貸 駿東郡（清水/長泉）,長泉町,賃貸マンション,賃貸カテゴリ（掲載種別）,静岡県駿東郡長泉町納米里,7.8,63.0,,5,—,—,,—,賃貸のため対象外,,2026-08-11,,https://suumo.jp/chintai/jnc_000108073596/?bc=100513650393,不適合
SUUMO 賃貸 駿東郡（清水/長泉）,長泉町,賃貸マンション,賃貸カテゴリ（掲載種別）,静岡県駿東郡長泉町下土狩,7.7,66.9,,5,—,—,,—,賃貸のため対象外,,2026-08-10,,https://suumo.jp/chintai/jnc_000107055298/?bc=100508395046,不適合
SUUMO 賃貸 駿東郡（清水/長泉）,長泉町,賃貸アパート,賃貸カテゴリ（掲載種別）,静岡県駿東郡長泉町下長窪,6.9,56.3,,5,—,—,,—,賃貸のため対象外,,2026-08-11,,https://suumo.jp/chintai/jnc_000108151682/?bc=100517335063,不適合
SUUMO 賃貸 駿東郡（清水/長泉）,長泉町,賃貸マンション,賃貸カテゴリ（掲載種別）,静岡県駿東郡長泉町竹原,7.9,78.1,,5,—,—,,—,賃貸のため対象外,,2026-08-11,,https://suumo.jp/chintai/jnc_000108490787/?bc=100507759763,不適合
SUUMO 賃貸 駿東郡（清水/長泉）,長泉町,賃貸マンション,賃貸カテゴリ（掲載種別）,静岡県駿東郡長泉町竹原,8.0,78.1,,5,—,—,,—,賃貸のため対象外,,2026-08-10,,https://suumo.jp/chintai/jnc_000108490788/?bc=100506883365,不適合
SUUMO 賃貸 駿東郡（清水/長泉）,長泉町,賃貸マンション,賃貸カテゴリ（掲載種別）,静岡県駿東郡長泉町竹原,8.1,78.1,,5,—,—,,—,賃貸のため対象外,,2026-08-11,,https://suumo.jp/chintai/jnc_000107324874/?bc=100510689257,不適合
SUUMO 賃貸 駿東郡（清水/長泉）,長泉町,賃貸マンション,賃貸カテゴリ（掲載種別）,静岡県駿東郡長泉町下土狩,6.1,44.5,,5,—,—,,—,賃貸のため対象外,,2026-08-10,,https://suumo.jp/chintai/jnc_000108495972/?bc=100503454448,不適合
SUUMO 賃貸 駿東郡（清水/長泉）,長泉町,賃貸マンション,賃貸カテゴリ（掲載種別）,静岡県駿東郡長泉町下土狩,6.5,44.5,,5,—,—,,—,賃貸のため対象外,,2026-08-10,,https://suumo.jp/chintai/jnc_000106391478/?bc=100495727470,不適合
SUUMO 賃貸 駿東郡（清水/長泉）,長泉町,賃貸マンション,賃貸カテゴリ（掲載種別）,静岡県駿東郡長泉町下土狩,6.6,44.1,,5,—,—,,—,賃貸のため対象外,,2026-08-11,,https://suumo.jp/chintai/jnc_000108325966/?bc=100519789111,不適合
SUUMO 賃貸 駿東郡（清水/長泉）,長泉町,賃貸マンション,賃貸カテゴリ（掲載種別）,静岡県駿東郡長泉町桜堤１,6.1,46.1,,5,—,—,,—,賃貸のため対象外,,2026-08-11,,https://suumo.jp/chintai/jnc_000108073598/?bc=100516827230,不適合
SUUMO 賃貸 駿東郡（清水/長泉）,長泉町,賃貸マンション,賃貸カテゴリ（掲載種別）,静岡県駿東郡長泉町下土狩,6.5,41.0,,5,—,—,,—,賃貸のため対象外,,2026-08-11,,https://suumo.jp/chintai/jnc_000106968111/?bc=100505381649,不適合
SUUMO 賃貸 駿東郡（清水/長泉）,長泉町,賃貸マンション,賃貸カテゴリ（掲載種別）,静岡県駿東郡長泉町下土狩,6.5,41.0,,5,—,—,,—,賃貸のため対象外,,2026-08-10,,https://suumo.jp/chintai/jnc_000107454735/?bc=100514949865,不適合
SUUMO 賃貸 駿東郡（清水/長泉）,清水町,賃貸マンション,賃貸カテゴリ（掲載種別）,静岡県駿東郡清水町玉川,6.5,62.4,,5,—,—,,—,賃貸のため対象外,,2026-08-02,,https://suumo.jp/chintai/jnc_000108912965/?bc=100519961593,不適合
SUUMO 賃貸 駿東郡（清水/長泉）,清水町,賃貸マンション,賃貸カテゴリ（掲載種別）,静岡県駿東郡清水町徳倉,5.9,63.5,,5,—,—,,—,賃貸のため対象外,,2026-08-07,,https://suumo.jp/chintai/jnc_000057784835/?bc=100515818842,不適合
SUUMO 賃貸 駿東郡（清水/長泉）,清水町,賃貸マンション,賃貸カテゴリ（掲載種別）,静岡県駿東郡清水町徳倉,5.9,55.0,,5,—,—,,—,賃貸のため対象外,,2026-08-10,,https://suumo.jp/chintai/jnc_000053162710/?bc=100428098003,不適合
SUUMO 賃貸 駿東郡（清水/長泉）,清水町,賃貸マンション,賃貸カテゴリ（掲載種別）,静岡県駿東郡清水町徳倉,5.9,50.2,,5,—,—,,—,賃貸のため対象外,,2026-08-09,,https://suumo.jp/chintai/jnc_000096712324/?bc=100462283579,不適合
SUUMO 賃貸 駿東郡（清水/長泉）,清水町,賃貸マンション,賃貸カテゴリ（掲載種別）,静岡県駿東郡清水町徳倉,5.9,50.2,,5,—,—,,—,賃貸のため対象外,,2026-08-07,,https://suumo.jp/chintai/jnc_000082286588/?bc=100360245175,不適合
SUUMO 賃貸 駿東郡（清水/長泉）,長泉町,賃貸マンション,賃貸カテゴリ（掲載種別）,静岡県駿東郡長泉町下土狩,6.0,42.2,,5,—,—,,—,賃貸のため対象外,,2026-08-11,,https://suumo.jp/chintai/jnc_000106282275/?bc=100515530539,不適合
SUUMO 賃貸 駿東郡（清水/長泉）,長泉町,賃貸マンション,賃貸カテゴリ（掲載種別）,静岡県駿東郡長泉町下土狩,6.0,40.9,,5,—,—,,—,賃貸のため対象外,,2026-08-10,,https://suumo.jp/chintai/jnc_000104428183/?bc=100468446166,不適合
SUUMO 賃貸 駿東郡（清水/長泉）,長泉町,賃貸マンション,賃貸カテゴリ（掲載種別）,静岡県駿東郡長泉町下土狩,6.1,42.0,,5,—,—,,—,賃貸のため対象外,,2026-08-11,,https://suumo.jp/chintai/jnc_000101927630/?bc=100500872797,不適合
SUUMO 賃貸 駿東郡（清水/長泉）,長泉町,賃貸マンション,賃貸カテゴリ（掲載種別）,静岡県駿東郡長泉町下土狩,6.0,42.2,,5,—,—,,—,賃貸のため対象外,,2026-08-11,,https://suumo.jp/chintai/jnc_000024268218/?bc=100502975015,不適合
SUUMO 賃貸 駿東郡（清水/長泉）,長泉町,賃貸マンション,賃貸カテゴリ（掲載種別）,静岡県駿東郡長泉町下土狩,6.0,40.9,,5,—,—,,—,賃貸のため対象外,,2026-08-10,,https://suumo.jp/chintai/jnc_000040250145/?bc=100489710107,不適合
SUUMO 賃貸 駿東郡（清水/長泉）,長泉町,賃貸マンション,賃貸カテゴリ（掲載種別）,静岡県駿東郡長泉町下土狩,6.2,42.2,,5,—,—,,—,賃貸のため対象外,,2026-08-07,,https://suumo.jp/chintai/jnc_000106282276/?bc=100498823242,不適合
SUUMO 賃貸 駿東郡（清水/長泉）,長泉町,賃貸マンション,賃貸カテゴリ（掲載種別）,静岡県駿東郡長泉町下土狩,6.2,41.9,,5,—,—,,—,賃貸のため対象外,,2026-08-07,,https://suumo.jp/chintai/jnc_000107712582/?bc=100502562643,不適合
SUUMO 賃貸 駿東郡（清水/長泉）,長泉町,賃貸マンション,賃貸カテゴリ（掲載種別）,静岡県駿東郡長泉町下土狩,6.1,42.0,,5,—,—,,—,賃貸のため対象外,,2026-08-11,,https://suumo.jp/chintai/jnc_000106615812/?bc=100513826270,不適合
SUUMO 賃貸 駿東郡（清水/長泉）,長泉町,賃貸マンション,賃貸カテゴリ（掲載種別）,静岡県駿東郡長泉町下土狩,6.2,41.9,,5,—,—,,—,賃貸のため対象外,,2026-08-11,,https://suumo.jp/chintai/jnc_000109117994/?bc=100521399352,不適合
SUUMO 賃貸 駿東郡（清水/長泉）,長泉町,賃貸マンション,賃貸カテゴリ（掲載種別）,静岡県駿東郡長泉町下土狩,6.3,42.2,,5,—,—,,—,賃貸のため対象外,,2026-08-11,,https://suumo.jp/chintai/jnc_000106510640/?bc=100502975011,不適合
SUUMO 賃貸 駿東郡（清水/長泉）,小山町,賃貸アパート,賃貸カテゴリ（掲載種別）,静岡県駿東郡小山町須走,5.8,57.2,,5,—,—,,—,賃貸のため対象外,,2026-08-11,,https://suumo.jp/chintai/jnc_000102068344/?bc=100467027199,不適合
SUUMO 賃貸 駿東郡（清水/長泉）,清水町,賃貸アパート,賃貸カテゴリ（掲載種別）,静岡県駿東郡清水町湯川,4.9,30.0,,5,—,—,,—,賃貸のため対象外,,2026-08-03,,https://suumo.jp/chintai/jnc_000091966900/?bc=100512630188,適合
SUUMO 賃貸 駿東郡（清水/長泉）,長泉町,賃貸マンション,賃貸カテゴリ（掲載種別）,静岡県駿東郡長泉町下土狩,6.5,41.0,,5,—,—,,—,賃貸のため対象外,,2026-08-07,,https://suumo.jp/chintai/jnc_000107454736/?bc=100509929107,不適合
SUUMO 賃貸 駿東郡（清水/長泉）,長泉町,賃貸マンション,賃貸カテゴリ（掲載種別）,静岡県駿東郡長泉町下土狩,6.5,41.0,,5,—,—,,—,賃貸のため対象外,,2026-08-03,,https://suumo.jp/chintai/jnc_000106968112/?bc=100506474752,不適合
SUUMO 賃貸 駿東郡（清水/長泉）,長泉町,賃貸アパート,賃貸カテゴリ（掲載種別）,静岡県駿東郡長泉町上土狩,8.3,58.1,,5,—,—,,—,賃貸のため対象外,,2026-08-11,,https://suumo.jp/chintai/jnc_000108490784/?bc=100490908919,不適合
SUUMO 賃貸 駿東郡（清水/長泉）,長泉町,賃貸アパート,賃貸カテゴリ（掲載種別）,静岡県駿東郡長泉町上土狩,8.5,58.1,,5,—,—,,—,賃貸のため対象外,,2026-08-07,,https://suumo.jp/chintai/jnc_000090572787/?bc=100508155349,不適合
SUUMO 賃貸 駿東郡（清水/長泉）,清水町,賃貸アパート,賃貸カテゴリ（掲載種別）,静岡県駿東郡清水町徳倉,4.9,53.7,,5,—,—,,—,賃貸のため対象外,,2026-08-11,,https://suumo.jp/chintai/jnc_000108635779/?bc=100517887215,適合
SUUMO 賃貸 駿東郡（清水/長泉）,清水町,賃貸アパート,賃貸カテゴリ（掲載種別）,静岡県駿東郡清水町徳倉,4.9,53.7,,5,—,—,,—,賃貸のため対象外,,2026-08-11,,https://suumo.jp/chintai/jnc_000107793228/?bc=100511769374,適合
SUUMO 賃貸 駿東郡（清水/長泉）,長泉町,賃貸アパート,賃貸カテゴリ（掲載種別）,静岡県駿東郡長泉町納米里,6.0,56.2,,5,—,—,,—,賃貸のため対象外,,2026-08-11,,https://suumo.jp/chintai/jnc_000107047527/?bc=100506068830,不適合
SUUMO 賃貸 駿東郡（清水/長泉）,長泉町,賃貸アパート,賃貸カテゴリ（掲載種別）,静岡県駿東郡長泉町竹原,7.4,70.3,,5,—,—,,—,賃貸のため対象外,,2026-08-10,,https://suumo.jp/chintai/jnc_000072495584/?bc=100501792170,不適合
SUUMO 賃貸 駿東郡（清水/長泉）,長泉町,賃貸マンション,賃貸カテゴリ（掲載種別）,静岡県駿東郡長泉町下土狩,7.6,43.6,,5,—,—,,—,賃貸のため対象外,,2026-08-11,,https://suumo.jp/chintai/jnc_000108742957/?bc=100518568331,不適合
SUUMO 賃貸 駿東郡（清水/長泉）,長泉町,賃貸アパート,賃貸カテゴリ（掲載種別）,静岡県駿東郡長泉町下土狩,6.4,40.7,,5,—,—,,—,賃貸のため対象外,,2026-08-11,,https://suumo.jp/chintai/jnc_000079616450/?bc=100516777476,不適合
SUUMO 賃貸 駿東郡（清水/長泉）,長泉町,賃貸アパート,賃貸カテゴリ（掲載種別）,静岡県駿東郡長泉町下土狩,6.4,40.7,,5,—,—,,—,賃貸のため対象外,,2026-08-11,,https://suumo.jp/chintai/jnc_000094358368/?bc=100516942389,不適合
SUUMO 賃貸 駿東郡（清水/長泉）,長泉町,賃貸アパート,賃貸カテゴリ（掲載種別）,静岡県駿東郡長泉町下土狩,6.4,40.7,,5,—,—,,—,賃貸のため対象外,,2026-08-09,,https://suumo.jp/chintai/jnc_000062020221/?bc=100505693755,不適合
SUUMO 賃貸 駿東郡（清水/長泉）,長泉町,賃貸アパート,賃貸カテゴリ（掲載種別）,静岡県駿東郡長泉町下土狩,6.9,48.4,,5,—,—,,—,賃貸のため対象外,,2026-08-10,,https://suumo.jp/chintai/jnc_000071928252/?bc=100505671018,不適合
SUUMO 賃貸 駿東郡（清水/長泉）,清水町,賃貸アパート,賃貸カテゴリ（掲載種別）,静岡県駿東郡清水町長沢,5.2,42.1,,5,—,—,,—,賃貸のため対象外,,2026-08-11,,https://suumo.jp/chintai/jnc_000089533632/?bc=100503933587,不適合
SUUMO 賃貸 駿東郡（清水/長泉）,清水町,賃貸アパート,賃貸カテゴリ（掲載種別）,静岡県駿東郡清水町長沢,5.3,42.1,,5,—,—,,—,賃貸のため対象外,,2026-08-03,,https://suumo.jp/chintai/jnc_000106785395/?bc=100503933588,不適合
SUUMO 賃貸 駿東郡（清水/長泉）,長泉町,賃貸マンション,賃貸カテゴリ（掲載種別）,静岡県駿東郡長泉町竹原,6.9,52.3,,5,—,—,,—,賃貸のため対象外,,2026-08-10,,https://suumo.jp/chintai/jnc_000109051710/?bc=100520909987,不適合
SUUMO 賃貸 駿東郡（清水/長泉）,長泉町,賃貸マンション,賃貸カテゴリ（掲載種別）,静岡県駿東郡長泉町竹原,6.9,52.2,,5,—,—,,—,賃貸のため対象外,,2026-08-11,,https://suumo.jp/chintai/jnc_000063665650/?bc=100503454455,不適合
SUUMO 賃貸 駿東郡（清水/長泉）,長泉町,賃貸マンション,賃貸カテゴリ（掲載種別）,静岡県駿東郡長泉町桜堤２,10.3,80.3,,5,—,—,,—,賃貸のため対象外,,2026-08-11,,https://suumo.jp/chintai/jnc_000108819214/?bc=100516416582,不適合
SUUMO 賃貸 駿東郡（清水/長泉）,長泉町,賃貸マンション,賃貸カテゴリ（掲載種別）,静岡県駿東郡長泉町桜堤２,10.3,80.3,,5,—,—,,—,賃貸のため対象外,,2026-08-10,,https://suumo.jp/chintai/jnc_000109127044/?bc=100517883536,不適合
SUUMO 賃貸 駿東郡（清水/長泉）,清水町,賃貸マンション,賃貸カテゴリ（掲載種別）,静岡県駿東郡清水町新宿,6.0,52.6,,5,田,—,,—,賃貸のため対象外,,2026-08-11,,https://suumo.jp/chintai/jnc_000076270828/?bc=100293964251,不適合
SUUMO 賃貸 駿東郡（清水/長泉）,清水町,賃貸マンション,賃貸カテゴリ（掲載種別）,静岡県駿東郡清水町徳倉,5.9,43.7,,5,—,—,,—,賃貸のため対象外,,2026-07-25,,https://suumo.jp/chintai/jnc_000095137657/?bc=100413401242,不適合
SUUMO 賃貸 駿東郡（清水/長泉）,清水町,賃貸マンション,賃貸カテゴリ（掲載種別）,静岡県駿東郡清水町徳倉,5.9,43.7,,5,—,—,,—,賃貸のため対象外,,2026-07-25,,https://suumo.jp/chintai/jnc_000058317822/?bc=100429903825,不適合
SUUMO 賃貸 駿東郡（清水/長泉）,清水町,賃貸アパート,賃貸カテゴリ（掲載種別）,静岡県駿東郡清水町徳倉,4.7,40.3,,5,—,—,,—,賃貸のため対象外,,2026-08-11,,https://suumo.jp/chintai/jnc_000108354227/?bc=100517475283,適合
SUUMO 賃貸 駿東郡（清水/長泉）,長泉町,賃貸その他,賃貸カテゴリ（掲載種別）,静岡県駿東郡長泉町納米里,8.5,72.0,,5,—,—,,—,賃貸のため対象外,,2026-08-11,,https://suumo.jp/chintai/jnc_000108933052/?bc=100517295052,不適合
SUUMO 賃貸 駿東郡（清水/長泉）,長泉町,賃貸マンション,賃貸カテゴリ（掲載種別）,静岡県駿東郡長泉町竹原,7.1,58.2,,5,—,—,,—,賃貸のため対象外,,2026-08-11,,https://suumo.jp/chintai/jnc_000108927969/?bc=100520149376,不適合
SUUMO 賃貸 駿東郡（清水/長泉）,長泉町,賃貸マンション,賃貸カテゴリ（掲載種別）,静岡県駿東郡長泉町竹原,7.2,58.2,,5,—,—,,—,賃貸のため対象外,,2026-08-11,,https://suumo.jp/chintai/jnc_000109133182/?bc=100514297248,不適合
SUUMO 賃貸 駿東郡（清水/長泉）,長泉町,賃貸マンション,賃貸カテゴリ（掲載種別）,静岡県駿東郡長泉町竹原,7.3,58.2,,5,—,—,,—,賃貸のため対象外,,2026-08-11,,https://suumo.jp/chintai/jnc_000108117316/?bc=100514036399,不適合
SUUMO 賃貸 駿東郡（清水/長泉）,長泉町,賃貸マンション,賃貸カテゴリ（掲載種別）,静岡県駿東郡長泉町竹原,7.3,58.2,,5,—,—,,—,賃貸のため対象外,,2026-08-11,,https://suumo.jp/chintai/jnc_000109133181/?bc=100478788569,不適合
SUUMO 賃貸 駿東郡（清水/長泉）,長泉町,賃貸マンション,賃貸カテゴリ（掲載種別）,静岡県駿東郡長泉町竹原,7.5,58.2,,5,—,—,,—,賃貸のため対象外,,2026-08-11,,https://suumo.jp/chintai/jnc_000103579344/?bc=100478723483,不適合
SUUMO 賃貸 駿東郡（清水/長泉）,長泉町,賃貸マンション,賃貸カテゴリ（掲載種別）,静岡県駿東郡長泉町納米里,6.0,37.5,,5,—,—,,—,賃貸のため対象外,,2026-08-10,,https://suumo.jp/chintai/jnc_000106110041/?bc=100498921035,不適合
SUUMO 賃貸 駿東郡（清水/長泉）,清水町,賃貸マンション,賃貸カテゴリ（掲載種別）,静岡県駿東郡清水町徳倉,4.6,56.1,,5,—,—,,—,賃貸のため対象外,,2026-08-11,,https://suumo.jp/chintai/jnc_000108511485/?bc=100516899225,適合
SUUMO 賃貸 駿東郡（清水/長泉）,清水町,賃貸マンション,賃貸カテゴリ（掲載種別）,静岡県駿東郡清水町徳倉,4.7,56.1,,5,—,—,,—,賃貸のため対象外,,2026-08-10,,https://suumo.jp/chintai/jnc_000107250026/?bc=100508034682,適合
SUUMO 賃貸 駿東郡（清水/長泉）,長泉町,賃貸マンション,賃貸カテゴリ（掲載種別）,静岡県駿東郡長泉町中土狩,9.0,58.0,,5,—,—,,—,賃貸のため対象外,,2026-07-26,,https://suumo.jp/chintai/jnc_000107386059/?bc=100313944456,不適合
SUUMO 賃貸 駿東郡（清水/長泉）,長泉町,賃貸アパート,賃貸カテゴリ（掲載種別）,静岡県駿東郡長泉町下土狩,7.9,47.7,,5,—,—,,—,賃貸のため対象外,,2026-08-11,,https://suumo.jp/chintai/jnc_000107933003/?bc=100512792644,不適合
SUUMO 賃貸 駿東郡（清水/長泉）,長泉町,賃貸アパート,賃貸カテゴリ（掲載種別）,静岡県駿東郡長泉町下土狩,11.5,50.2,,5,—,—,,—,賃貸のため対象外,,2026-08-11,,https://suumo.jp/chintai/jnc_000107933004/?bc=100512792687,不適合
SUUMO 賃貸 駿東郡（清水/長泉）,長泉町,賃貸アパート,賃貸カテゴリ（掲載種別）,静岡県駿東郡長泉町下土狩,11.8,58.9,,5,—,—,,—,賃貸のため対象外,,2026-08-11,,https://suumo.jp/chintai/jnc_000107959528/?bc=100513622070,不適合
SUUMO 賃貸 駿東郡（清水/長泉）,長泉町,賃貸アパート,賃貸カテゴリ（掲載種別）,静岡県駿東郡長泉町下土狩,11.8,54.5,,5,—,—,,—,賃貸のため対象外,,2026-08-11,,https://suumo.jp/chintai/jnc_000107933002/?bc=100512792630,不適合
SUUMO 賃貸 駿東郡（清水/長泉）,長泉町,賃貸アパート,賃貸カテゴリ（掲載種別）,静岡県駿東郡長泉町下土狩,12.0,59.7,,5,—,—,,—,賃貸のため対象外,,2026-08-11,,https://suumo.jp/chintai/jnc_000107959529/?bc=100513622068,不適合
SUUMO 賃貸 駿東郡（清水/長泉）,長泉町,賃貸アパート,賃貸カテゴリ（掲載種別）,静岡県駿東郡長泉町下土狩,12.3,62.0,,5,—,—,,—,賃貸のため対象外,,2026-08-11,,https://suumo.jp/chintai/jnc_000107959527/?bc=100512989872,不適合
SUUMO 賃貸 駿東郡（清水/長泉）,清水町,賃貸アパート,賃貸カテゴリ（掲載種別）,静岡県駿東郡清水町徳倉,4.7,40.3,,5,—,—,,—,賃貸のため対象外,,2026-08-07,,https://suumo.jp/chintai/jnc_000108793762/?bc=100519020109,適合
SUUMO 賃貸 駿東郡（清水/長泉）,長泉町,賃貸アパート,賃貸カテゴリ（掲載種別）,静岡県駿東郡長泉町中土狩,5.65,28.9,,5,—,—,,—,賃貸のため対象外,,2026-08-10,,https://suumo.jp/chintai/jnc_000108062785/?bc=100489590143,不適合
SUUMO 賃貸 駿東郡（清水/長泉）,長泉町,賃貸マンション,賃貸カテゴリ（掲載種別）,静岡県駿東郡長泉町上土狩,6.1,49.9,,5,—,—,,—,賃貸のため対象外,,2026-08-11,,https://suumo.jp/chintai/jnc_000028481310/?bc=100509680043,不適合
SUUMO 賃貸 駿東郡（清水/長泉）,長泉町,賃貸マンション,賃貸カテゴリ（掲載種別）,静岡県駿東郡長泉町上土狩,6.1,49.9,,5,—,—,,—,賃貸のため対象外,,2026-08-08,,https://suumo.jp/chintai/jnc_000106890428/?bc=100503886533,不適合
SUUMO 賃貸 駿東郡（清水/長泉）,長泉町,賃貸マンション,賃貸カテゴリ（掲載種別）,静岡県駿東郡長泉町上土狩,6.7,49.9,,5,—,—,,—,賃貸のため対象外,,2026-08-10,,https://suumo.jp/chintai/jnc_000096939918/?bc=100502170181,不適合
SUUMO 賃貸 駿東郡（清水/長泉）,清水町,賃貸アパート,賃貸カテゴリ（掲載種別）,静岡県駿東郡清水町徳倉,4.9,58.0,,5,—,—,,—,賃貸のため対象外,,2026-07-25,,https://suumo.jp/chintai/jnc_000094711875/?bc=100458121777,適合
SUUMO 賃貸 駿東郡（清水/長泉）,清水町,賃貸アパート,賃貸カテゴリ（掲載種別）,静岡県駿東郡清水町徳倉,4.9,52.8,,5,—,—,,—,賃貸のため対象外,,2026-07-26,,https://suumo.jp/chintai/jnc_000102856627/?bc=100472903690,適合
SUUMO 賃貸 駿東郡（清水/長泉）,長泉町,賃貸マンション,賃貸カテゴリ（掲載種別）,静岡県駿東郡長泉町下土狩,9.7,64.1,,5,—,—,,—,賃貸のため対象外,,2026-08-11,,https://suumo.jp/chintai/jnc_000023886911/?bc=100495003852,不適合
SUUMO 賃貸 駿東郡（清水/長泉）,長泉町,賃貸マンション,賃貸カテゴリ（掲載種別）,静岡県駿東郡長泉町下土狩,9.8,63.0,,5,—,—,,—,賃貸のため対象外,,2026-08-10,,https://suumo.jp/chintai/jnc_000024705921/?bc=100521371584,不適合
SUUMO 賃貸 駿東郡（清水/長泉）,清水町,賃貸アパート,賃貸カテゴリ（掲載種別）,静岡県駿東郡清水町長沢,5.5,39.7,,5,—,—,,—,賃貸のため対象外,,2026-07-26,,https://suumo.jp/chintai/jnc_000096329987/?bc=100475641946,不適合
SUUMO 賃貸 駿東郡（清水/長泉）,清水町,賃貸マンション,賃貸カテゴリ（掲載種別）,静岡県駿東郡清水町伏見,4.8,22.7,,5,—,—,,—,賃貸のため対象外,,2026-08-11,,https://suumo.jp/chintai/jnc_000105948635/?bc=100497549694,適合
SUUMO 賃貸 駿東郡（清水/長泉）,小山町,賃貸戸建,賃貸カテゴリ（掲載種別）,静岡県駿東郡小山町藤曲,10.5,91.1,,5,—,—,,—,賃貸のため対象外,,2026-08-11,,https://suumo.jp/chintai/jnc_000108799547/?bc=100521301678,不適合
SUUMO 賃貸 駿東郡（清水/長泉）,清水町,賃貸マンション,賃貸カテゴリ（掲載種別）,静岡県駿東郡清水町戸田,4.0,25.9,,5,田,—,,—,賃貸のため対象外,,2026-07-25,,https://suumo.jp/chintai/jnc_000105150171/?bc=100490913127,適合
SUUMO 賃貸 駿東郡（清水/長泉）,清水町,賃貸マンション,賃貸カテゴリ（掲載種別）,静岡県駿東郡清水町戸田,4.5,25.9,,5,田,—,,—,賃貸のため対象外,,2026-08-11,,https://suumo.jp/chintai/jnc_000105125511/?bc=100490938327,適合
SUUMO 賃貸 駿東郡（清水/長泉）,長泉町,賃貸アパート,賃貸カテゴリ（掲載種別）,静岡県駿東郡長泉町本宿,5.55,32.2,,5,—,—,,—,賃貸のため対象外,,2026-08-11,,https://suumo.jp/chintai/jnc_000108847959/?bc=100519460994,不適合
SUUMO 賃貸 駿東郡（清水/長泉）,長泉町,賃貸アパート,賃貸カテゴリ（掲載種別）,静岡県駿東郡長泉町竹原,6.7,56.1,,5,—,—,,—,賃貸のため対象外,,2026-08-11,,https://suumo.jp/chintai/jnc_000108361390/?bc=100516285068,不適合
SUUMO 賃貸 駿東郡（清水/長泉）,清水町,賃貸マンション,賃貸カテゴリ（掲載種別）,静岡県駿東郡清水町湯川,5.0,30.4,,5,—,—,,—,賃貸のため対象外,,2026-08-07,,https://suumo.jp/chintai/jnc_000074906657/?bc=100520965400,適合
SUUMO 賃貸 駿東郡（清水/長泉）,清水町,賃貸マンション,賃貸カテゴリ（掲載種別）,静岡県駿東郡清水町徳倉,3.9,43.2,,5,—,—,,—,賃貸のため対象外,,2026-08-11,,https://suumo.jp/chintai/jnc_000068937241/?bc=100510335534,適合
SUUMO 賃貸 駿東郡（清水/長泉）,長泉町,賃貸マンション,賃貸カテゴリ（掲載種別）,静岡県駿東郡長泉町中土狩,6.5,63.2,,5,—,—,,—,賃貸のため対象外,,2026-08-11,,https://suumo.jp/chintai/jnc_000062241547/?bc=100509424709,不適合
SUUMO 賃貸 駿東郡（清水/長泉）,長泉町,賃貸マンション,賃貸カテゴリ（掲載種別）,静岡県駿東郡長泉町中土狩,6.5,63.2,,5,—,—,,—,賃貸のため対象外,,2026-08-11,,https://suumo.jp/chintai/jnc_000107524849/?bc=100513622100,不適合
SUUMO 賃貸 駿東郡（清水/長泉）,長泉町,賃貸アパート,賃貸カテゴリ（掲載種別）,静岡県駿東郡長泉町下長窪,5.3,46.7,,5,—,—,,—,賃貸のため対象外,,2026-08-11,,https://suumo.jp/chintai/jnc_000107307368/?bc=100497474620,不適合
SUUMO 賃貸 駿東郡（清水/長泉）,長泉町,賃貸アパート,賃貸カテゴリ（掲載種別）,静岡県駿東郡長泉町下長窪,5.5,46.7,,5,—,—,,—,賃貸のため対象外,,2026-08-11,,https://suumo.jp/chintai/jnc_000105876047/?bc=100506650285,不適合
SUUMO 賃貸 駿東郡（清水/長泉）,長泉町,賃貸アパート,賃貸カテゴリ（掲載種別）,静岡県駿東郡長泉町上土狩,8.2,41.9,,5,—,—,,—,賃貸のため対象外,,2026-08-11,,https://suumo.jp/chintai/jnc_000107891110/?bc=100482468758,不適合
SUUMO 賃貸 駿東郡（清水/長泉）,長泉町,賃貸アパート,賃貸カテゴリ（掲載種別）,静岡県駿東郡長泉町上土狩,8.3,41.9,,5,—,—,,—,賃貸のため対象外,,2026-08-10,,https://suumo.jp/chintai/jnc_000107891113/?bc=100515339826,不適合
SUUMO 賃貸 駿東郡（清水/長泉）,長泉町,賃貸アパート,賃貸カテゴリ（掲載種別）,静岡県駿東郡長泉町上土狩,13.8,70.5,,5,—,—,,—,賃貸のため対象外,,2026-08-11,,https://suumo.jp/chintai/jnc_000107891106/?bc=100516868903,不適合
SUUMO 賃貸 駿東郡（清水/長泉）,長泉町,賃貸アパート,賃貸カテゴリ（掲載種別）,静岡県駿東郡長泉町上土狩,14.0,70.5,,5,—,—,,—,賃貸のため対象外,,2026-08-11,,https://suumo.jp/chintai/jnc_000107891109/?bc=100515530642,不適合
SUUMO 賃貸 駿東郡（清水/長泉）,長泉町,賃貸アパート,賃貸カテゴリ（掲載種別）,静岡県駿東郡長泉町上土狩,14.2,70.5,,5,—,—,,—,賃貸のため対象外,,2026-08-10,,https://suumo.jp/chintai/jnc_000107891112/?bc=100482663162,不適合
SUUMO 賃貸 駿東郡（清水/長泉）,清水町,賃貸アパート,賃貸カテゴリ（掲載種別）,静岡県駿東郡清水町徳倉,4.8,38.8,,5,—,—,,—,賃貸のため対象外,,2026-08-10,,https://suumo.jp/chintai/jnc_000101489428/?bc=100462205077,適合
SUUMO 賃貸 駿東郡（清水/長泉）,清水町,賃貸アパート,賃貸カテゴリ（掲載種別）,静岡県駿東郡清水町徳倉,5.8,58.0,,5,—,—,,—,賃貸のため対象外,,2026-08-07,,https://suumo.jp/chintai/jnc_000108348066/?bc=100515652133,不適合
SUUMO 賃貸 駿東郡（清水/長泉）,長泉町,賃貸アパート,賃貸カテゴリ（掲載種別）,静岡県駿東郡長泉町下土狩,8.5,51.1,,5,—,—,,—,賃貸のため対象外,,2026-08-11,,https://suumo.jp/chintai/jnc_000108263931/?bc=100515298061,不適合
SUUMO 賃貸 駿東郡（清水/長泉）,長泉町,賃貸アパート,賃貸カテゴリ（掲載種別）,静岡県駿東郡長泉町下土狩,8.6,51.1,,5,—,—,,—,賃貸のため対象外,,2026-08-11,,https://suumo.jp/chintai/jnc_000108263936/?bc=100515469383,不適合
SUUMO 賃貸 駿東郡（清水/長泉）,長泉町,賃貸アパート,賃貸カテゴリ（掲載種別）,静岡県駿東郡長泉町下土狩,8.6,50.3,,5,—,—,,—,賃貸のため対象外,,2026-08-11,,https://suumo.jp/chintai/jnc_000108263932/?bc=100515298059,不適合
SUUMO 賃貸 駿東郡（清水/長泉）,長泉町,賃貸アパート,賃貸カテゴリ（掲載種別）,静岡県駿東郡長泉町下土狩,8.7,49.6,,5,—,—,,—,賃貸のため対象外,,2026-08-11,,https://suumo.jp/chintai/jnc_000108263929/?bc=100515469447,不適合
SUUMO 賃貸 駿東郡（清水/長泉）,長泉町,賃貸アパート,賃貸カテゴリ（掲載種別）,静岡県駿東郡長泉町下土狩,8.8,51.1,,5,—,—,,—,賃貸のため対象外,,2026-08-11,,https://suumo.jp/chintai/jnc_000108263941/?bc=100515469427,不適合
SUUMO 賃貸 駿東郡（清水/長泉）,長泉町,賃貸アパート,賃貸カテゴリ（掲載種別）,静岡県駿東郡長泉町下土狩,13.4,63.1,,5,—,—,,—,賃貸のため対象外,,2026-08-11,,https://suumo.jp/chintai/jnc_000108263933/?bc=100515298063,不適合
SUUMO 賃貸 駿東郡（清水/長泉）,長泉町,賃貸アパート,賃貸カテゴリ（掲載種別）,静岡県駿東郡長泉町下土狩,13.5,63.1,,5,—,—,,—,賃貸のため対象外,,2026-08-11,,https://suumo.jp/chintai/jnc_000108263938/?bc=100515469382,不適合
SUUMO 賃貸 駿東郡（清水/長泉）,長泉町,賃貸アパート,賃貸カテゴリ（掲載種別）,静岡県駿東郡長泉町下土狩,13.6,64.7,,5,—,—,,—,賃貸のため対象外,,2026-08-11,,https://suumo.jp/chintai/jnc_000108263934/?bc=100515469440,不適合
SUUMO 賃貸 駿東郡（清水/長泉）,長泉町,賃貸アパート,賃貸カテゴリ（掲載種別）,静岡県駿東郡長泉町下土狩,13.6,63.1,,5,—,—,,—,賃貸のため対象外,,2026-08-11,,https://suumo.jp/chintai/jnc_000108263942/?bc=100515469318,不適合
SUUMO 賃貸 駿東郡（清水/長泉）,長泉町,賃貸アパート,賃貸カテゴリ（掲載種別）,静岡県駿東郡長泉町下土狩,13.7,65.3,,5,—,—,,—,賃貸のため対象外,,2026-08-11,,https://suumo.jp/chintai/jnc_000108263935/?bc=100515469360,不適合
SUUMO 賃貸 駿東郡（清水/長泉）,長泉町,賃貸アパート,賃貸カテゴリ（掲載種別）,静岡県駿東郡長泉町下土狩,13.7,64.7,,5,—,—,,—,賃貸のため対象外,,2026-08-11,,https://suumo.jp/chintai/jnc_000108263939/?bc=100515469350,不適合
SUUMO 賃貸 駿東郡（清水/長泉）,長泉町,賃貸アパート,賃貸カテゴリ（掲載種別）,静岡県駿東郡長泉町下土狩,13.8,65.3,,5,—,—,,—,賃貸のため対象外,,2026-08-11,,https://suumo.jp/chintai/jnc_000108263940/?bc=100515469444,不適合
SUUMO 賃貸 駿東郡（清水/長泉）,長泉町,賃貸アパート,賃貸カテゴリ（掲載種別）,静岡県駿東郡長泉町南一色,5.5,52.8,,5,—,—,,—,賃貸のため対象外,,2026-08-11,,https://suumo.jp/chintai/jnc_000103826255/?bc=100498978477,不適合
SUUMO 賃貸 駿東郡（清水/長泉）,長泉町,賃貸アパート,賃貸カテゴリ（掲載種別）,静岡県駿東郡長泉町南一色,5.2,40.9,,5,—,—,,—,賃貸のため対象外,,2026-08-11,,https://suumo.jp/chintai/jnc_000107474239/?bc=100508966229,不適合
SUUMO 賃貸 駿東郡（清水/長泉）,清水町,賃貸マンション,賃貸カテゴリ（掲載種別）,静岡県駿東郡清水町長沢,5.5,30.4,,5,—,—,,—,賃貸のため対象外,,2026-08-11,,https://suumo.jp/chintai/jnc_000050364326/?bc=100483892360,不適合
SUUMO 賃貸 駿東郡（清水/長泉）,長泉町,賃貸マンション,賃貸カテゴリ（掲載種別）,静岡県駿東郡長泉町下長窪,7.8,56.7,,5,—,—,,—,賃貸のため対象外,,2026-08-10,,https://suumo.jp/chintai/jnc_000104874461/?bc=100490416158,不適合
SUUMO 賃貸 駿東郡（清水/長泉）,清水町,賃貸戸建,賃貸カテゴリ（掲載種別）,静岡県駿東郡清水町久米田,13.0,125.0,,5,田,—,,—,賃貸のため対象外,,2026-07-25,関心:戸建,https://suumo.jp/chintai/jnc_000106615811/?bc=100447624796,不適合
SUUMO 賃貸 駿東郡（清水/長泉）,清水町,賃貸マンション,賃貸カテゴリ（掲載種別）,静岡県駿東郡清水町徳倉,5.8,45.9,,5,—,—,,—,賃貸のため対象外,,2026-08-11,,https://suumo.jp/chintai/jnc_000103189166/?bc=100517093321,不適合
SUUMO 賃貸 駿東郡（清水/長泉）,清水町,賃貸戸建,賃貸カテゴリ（掲載種別）,静岡県駿東郡清水町畑中,6.0,54.1,,5,畑,—,,—,賃貸のため対象外,,2026-07-25,関心:平屋,https://suumo.jp/chintai/jnc_000107481644/?bc=100509065942,不適合
SUUMO 賃貸 駿東郡（清水/長泉）,清水町,賃貸マンション,賃貸カテゴリ（掲載種別）,静岡県駿東郡清水町徳倉,4.5,50.7,,5,—,—,,—,賃貸のため対象外,,2026-08-11,,https://suumo.jp/chintai/jnc_000106884146/?bc=100521054837,適合
SUUMO 賃貸 駿東郡（清水/長泉）,長泉町,賃貸アパート,賃貸カテゴリ（掲載種別）,静岡県駿東郡長泉町下長窪,6.4,53.4,,5,—,—,,—,賃貸のため対象外,,2026-08-11,,https://suumo.jp/chintai/jnc_000099305970/?bc=100401701080,不適合
SUUMO 賃貸 駿東郡（清水/長泉）,長泉町,賃貸アパート,賃貸カテゴリ（掲載種別）,静岡県駿東郡長泉町下長窪,6.5,53.7,,5,—,—,,—,賃貸のため対象外,,2026-08-11,,https://suumo.jp/chintai/jnc_000099305969/?bc=100506702285,不適合
SUUMO 賃貸 駿東郡（清水/長泉）,長泉町,賃貸アパート,賃貸カテゴリ（掲載種別）,静岡県駿東郡長泉町下長窪,6.75,53.7,,5,—,—,,—,賃貸のため対象外,,2026-08-11,,https://suumo.jp/chintai/jnc_000077601699/?bc=100301536646,不適合
SUUMO 賃貸 駿東郡（清水/長泉）,清水町,賃貸マンション,賃貸カテゴリ（掲載種別）,静岡県駿東郡清水町徳倉,4.4,50.7,,5,—,—,,—,賃貸のため対象外,,2026-08-10,,https://suumo.jp/chintai/jnc_000108379510/?bc=100515879397,適合
SUUMO 賃貸 駿東郡（清水/長泉）,清水町,賃貸アパート,賃貸カテゴリ（掲載種別）,静岡県駿東郡清水町徳倉,5.5,52.7,,5,—,—,,—,賃貸のため対象外,,2026-08-10,,https://suumo.jp/chintai/jnc_000104110376/?bc=100483057222,不適合
SUUMO 賃貸 駿東郡（清水/長泉）,清水町,賃貸アパート,賃貸カテゴリ（掲載種別）,静岡県駿東郡清水町徳倉,4.6,38.9,,5,—,—,,—,賃貸のため対象外,,2026-07-26,,https://suumo.jp/chintai/jnc_000065083588/?bc=100358393005,適合
SUUMO 賃貸 駿東郡（清水/長泉）,清水町,賃貸アパート,賃貸カテゴリ（掲載種別）,静岡県駿東郡清水町徳倉,4.6,38.9,,5,—,—,,—,賃貸のため対象外,,2026-08-11,,https://suumo.jp/chintai/jnc_000065083589/?bc=100514597601,適合
SUUMO 賃貸 駿東郡（清水/長泉）,清水町,賃貸マンション,賃貸カテゴリ（掲載種別）,静岡県駿東郡清水町徳倉,5.5,52.7,,5,—,—,,—,賃貸のため対象外,,2026-08-10,,https://suumo.jp/chintai/jnc_000101480980/?bc=100462205063,不適合
SUUMO 賃貸 駿東郡（清水/長泉）,清水町,賃貸マンション,賃貸カテゴリ（掲載種別）,静岡県駿東郡清水町徳倉,3.7,27.7,,5,—,—,,—,賃貸のため対象外,,2026-08-11,,https://suumo.jp/chintai/jnc_000099916512/?bc=100322280051,適合
SUUMO 賃貸 駿東郡（清水/長泉）,清水町,賃貸マンション,賃貸カテゴリ（掲載種別）,静岡県駿東郡清水町徳倉,3.7,27.7,,5,—,—,,—,賃貸のため対象外,,2026-08-11,,https://suumo.jp/chintai/jnc_000099916511/?bc=100427053782,適合
SUUMO 賃貸 駿東郡（清水/長泉）,清水町,賃貸マンション,賃貸カテゴリ（掲載種別）,静岡県駿東郡清水町徳倉,3.7,27.7,,5,—,—,,—,賃貸のため対象外,,2026-08-10,,https://suumo.jp/chintai/jnc_000102490691/?bc=100470012209,適合
SUUMO 賃貸 駿東郡（清水/長泉）,長泉町,賃貸アパート,賃貸カテゴリ（掲載種別）,静岡県駿東郡長泉町下土狩,7.3,53.4,,5,—,—,,—,賃貸のため対象外,,2026-08-11,,https://suumo.jp/chintai/jnc_000107933006/?bc=100513622166,不適合
SUUMO 賃貸 駿東郡（清水/長泉）,清水町,賃貸マンション,賃貸カテゴリ（掲載種別）,静岡県駿東郡清水町湯川,5.0,30.4,,5,—,—,,—,賃貸のため対象外,,2026-08-11,,https://suumo.jp/chintai/jnc_000109002314/?bc=100519787877,適合
SUUMO 賃貸 駿東郡（清水/長泉）,清水町,賃貸マンション,賃貸カテゴリ（掲載種別）,静岡県駿東郡清水町湯川,5.0,30.4,,5,—,—,,—,賃貸のため対象外,,2026-07-30,,https://suumo.jp/chintai/jnc_000106714255/?bc=100503454422,適合
SUUMO 賃貸 駿東郡（清水/長泉）,清水町,賃貸マンション,賃貸カテゴリ（掲載種別）,静岡県駿東郡清水町湯川,5.0,30.4,,5,—,—,,—,賃貸のため対象外,,2026-07-30,,https://suumo.jp/chintai/jnc_000077183268/?bc=100500872762,適合
SUUMO 賃貸 駿東郡（清水/長泉）,清水町,賃貸マンション,賃貸カテゴリ（掲載種別）,静岡県駿東郡清水町徳倉,3.8,50.9,,5,—,—,,—,賃貸のため対象外,,2026-08-08,,https://suumo.jp/chintai/jnc_000109092084/?bc=100521186339,適合
SUUMO 賃貸 駿東郡（清水/長泉）,長泉町,賃貸マンション,賃貸カテゴリ（掲載種別）,静岡県駿東郡長泉町下土狩,9.1,57.9,,5,—,—,,—,賃貸のため対象外,,2026-08-11,,https://suumo.jp/chintai/jnc_000100333108/?bc=100518409592,不適合
SUUMO 賃貸 駿東郡（清水/長泉）,長泉町,賃貸マンション,賃貸カテゴリ（掲載種別）,静岡県駿東郡長泉町下土狩,5.5,29.2,,5,—,—,,—,賃貸のため対象外,,2026-08-09,,https://suumo.jp/chintai/jnc_000104459991/?bc=100486143600,不適合
SUUMO 賃貸 駿東郡（清水/長泉）,長泉町,賃貸マンション,賃貸カテゴリ（掲載種別）,静岡県駿東郡長泉町下土狩,5.6,29.2,,5,—,—,,—,賃貸のため対象外,,2026-08-11,,https://suumo.jp/chintai/jnc_000108131433/?bc=100514949867,不適合
SUUMO 賃貸 駿東郡（清水/長泉）,長泉町,賃貸マンション,賃貸カテゴリ（掲載種別）,静岡県駿東郡長泉町下土狩,5.7,29.2,,5,—,—,,—,賃貸のため対象外,,2026-08-11,,https://suumo.jp/chintai/jnc_000108167714/?bc=100514821140,不適合
SUUMO 賃貸 駿東郡（清水/長泉）,長泉町,賃貸アパート,賃貸カテゴリ（掲載種別）,静岡県駿東郡長泉町南一色,5.7,23.7,,5,—,—,,—,賃貸のため対象外,,2026-08-08,,https://suumo.jp/chintai/jnc_000109076558/?bc=100521076834,不適合
SUUMO 賃貸 駿東郡（清水/長泉）,長泉町,賃貸アパート,賃貸カテゴリ（掲載種別）,静岡県駿東郡長泉町南一色,6.1,26.1,,5,—,—,,—,賃貸のため対象外,,2026-08-11,,https://suumo.jp/chintai/jnc_000108298398/?bc=100514629392,不適合
SUUMO 賃貸 駿東郡（清水/長泉）,清水町,賃貸アパート,賃貸カテゴリ（掲載種別）,静岡県駿東郡清水町徳倉,4.9,53.7,,5,—,—,,—,賃貸のため対象外,,2026-07-31,,https://suumo.jp/chintai/jnc_000108884178/?bc=100519789213,適合
SUUMO 賃貸 駿東郡（清水/長泉）,清水町,賃貸アパート,賃貸カテゴリ（掲載種別）,静岡県駿東郡清水町徳倉,4.9,53.7,,5,—,—,,—,賃貸のため対象外,,2026-07-26,,https://suumo.jp/chintai/jnc_000107851440/?bc=100518769892,適合
SUUMO 賃貸 駿東郡（清水/長泉）,清水町,賃貸アパート,賃貸カテゴリ（掲載種別）,静岡県駿東郡清水町畑中,4.2,23.2,,5,畑,—,,—,賃貸のため対象外,,2026-08-09,,https://suumo.jp/chintai/jnc_000108252223/?bc=100514629258,適合
SUUMO 賃貸 駿東郡（清水/長泉）,清水町,賃貸アパート,賃貸カテゴリ（掲載種別）,静岡県駿東郡清水町畑中,4.2,23.2,,5,畑,—,,—,賃貸のため対象外,,2026-08-11,,https://suumo.jp/chintai/jnc_000108252224/?bc=100514629256,適合
SUUMO 賃貸 駿東郡（清水/長泉）,清水町,賃貸アパート,賃貸カテゴリ（掲載種別）,静岡県駿東郡清水町畑中,4.3,23.2,,5,畑,—,,—,賃貸のため対象外,,2026-08-09,,https://suumo.jp/chintai/jnc_000108252222/?bc=100514629251,適合
SUUMO 賃貸 駿東郡（清水/長泉）,清水町,賃貸アパート,賃貸カテゴリ（掲載種別）,静岡県駿東郡清水町畑中,4.8,23.2,,5,畑,—,,—,賃貸のため対象外,,2026-08-11,,https://suumo.jp/chintai/jnc_000108252225/?bc=100514629403,適合
SUUMO 賃貸 駿東郡（清水/長泉）,長泉町,賃貸マンション,賃貸カテゴリ（掲載種別）,静岡県駿東郡長泉町下土狩,5.3,30.4,,5,—,—,,—,賃貸のため対象外,,2026-08-10,,https://suumo.jp/chintai/jnc_000109051709/?bc=100520965410,不適合
SUUMO 賃貸 駿東郡（清水/長泉）,長泉町,賃貸マンション,賃貸カテゴリ（掲載種別）,静岡県駿東郡長泉町下土狩,5.7,30.4,,5,—,—,,—,賃貸のため対象外,,2026-08-10,,https://suumo.jp/chintai/jnc_000106940665/?bc=100514197829,不適合
SUUMO 賃貸 駿東郡（清水/長泉）,清水町,賃貸アパート,賃貸カテゴリ（掲載種別）,静岡県駿東郡清水町徳倉,4.1,45.0,,5,—,—,,—,賃貸のため対象外,,2026-07-26,,https://suumo.jp/chintai/jnc_000104385014/?bc=100487088744,適合
SUUMO 賃貸 駿東郡（清水/長泉）,長泉町,賃貸マンション,賃貸カテゴリ（掲載種別）,静岡県駿東郡長泉町納米里,5.4,30.3,,5,—,—,,—,賃貸のため対象外,,2026-08-11,,https://suumo.jp/chintai/jnc_000102138945/?bc=100468446195,不適合
SUUMO 賃貸 駿東郡（清水/長泉）,長泉町,賃貸マンション,賃貸カテゴリ（掲載種別）,静岡県駿東郡長泉町納米里,5.4,30.3,,5,—,—,,—,賃貸のため対象外,,2026-08-11,,https://suumo.jp/chintai/jnc_000102138943/?bc=100468446095,不適合
SUUMO 賃貸 駿東郡（清水/長泉）,長泉町,賃貸マンション,賃貸カテゴリ（掲載種別）,静岡県駿東郡長泉町納米里,5.4,30.3,,5,—,—,,—,賃貸のため対象外,,2026-08-08,,https://suumo.jp/chintai/jnc_000102138944/?bc=100466755597,不適合
SUUMO 賃貸 駿東郡（清水/長泉）,長泉町,賃貸マンション,賃貸カテゴリ（掲載種別）,静岡県駿東郡長泉町納米里,5.5,35.3,,5,—,—,,—,賃貸のため対象外,,2026-08-11,,https://suumo.jp/chintai/jnc_000058413721/?bc=100392043728,不適合
SUUMO 賃貸 駿東郡（清水/長泉）,長泉町,賃貸マンション,賃貸カテゴリ（掲載種別）,静岡県駿東郡長泉町納米里,5.5,35.3,,5,—,—,,—,賃貸のため対象外,,2026-08-11,,https://suumo.jp/chintai/jnc_000050077878/?bc=100368435950,不適合
SUUMO 賃貸 駿東郡（清水/長泉）,長泉町,賃貸マンション,賃貸カテゴリ（掲載種別）,静岡県駿東郡長泉町納米里,5.5,35.3,,5,—,—,,—,賃貸のため対象外,,2026-08-11,,https://suumo.jp/chintai/jnc_000078335632/?bc=100512630203,不適合
SUUMO 賃貸 駿東郡（清水/長泉）,長泉町,賃貸マンション,賃貸カテゴリ（掲載種別）,静岡県駿東郡長泉町桜堤２,8.5,62.8,,5,—,—,,—,賃貸のため対象外,,2026-07-25,,https://suumo.jp/chintai/jnc_000102498223/?bc=100484954436,不適合
SUUMO 賃貸 駿東郡（清水/長泉）,長泉町,賃貸マンション,賃貸カテゴリ（掲載種別）,静岡県駿東郡長泉町桜堤２,8.7,62.8,,5,—,—,,—,賃貸のため対象外,,2026-08-11,,https://suumo.jp/chintai/jnc_000108813496/?bc=100493742090,不適合
SUUMO 賃貸 駿東郡（清水/長泉）,長泉町,賃貸マンション,賃貸カテゴリ（掲載種別）,静岡県駿東郡長泉町桜堤２,9.1,62.8,,5,—,—,,—,賃貸のため対象外,,2026-08-10,,https://suumo.jp/chintai/jnc_000105469972/?bc=100493658548,不適合
SUUMO 賃貸 駿東郡（清水/長泉）,長泉町,賃貸アパート,賃貸カテゴリ（掲載種別）,静岡県駿東郡長泉町竹原,5.5,33.6,,5,—,—,,—,賃貸のため対象外,,2026-08-11,,https://suumo.jp/chintai/jnc_000107970589/?bc=100516884832,不適合
SUUMO 賃貸 駿東郡（清水/長泉）,長泉町,賃貸アパート,賃貸カテゴリ（掲載種別）,静岡県駿東郡長泉町下土狩,4.6,32.1,,5,—,—,,—,賃貸のため対象外,,2026-08-11,,https://suumo.jp/chintai/jnc_000105376903/?bc=100502170183,適合
SUUMO 賃貸 駿東郡（清水/長泉）,長泉町,賃貸アパート,賃貸カテゴリ（掲載種別）,静岡県駿東郡長泉町下土狩,4.7,32.1,,5,—,—,,—,賃貸のため対象外,,2026-08-11,,https://suumo.jp/chintai/jnc_000108742955/?bc=100521399364,適合
SUUMO 賃貸 駿東郡（清水/長泉）,長泉町,賃貸マンション,賃貸カテゴリ（掲載種別）,静岡県駿東郡長泉町桜堤２,5.7,40.9,,5,—,—,,—,賃貸のため対象外,,2026-07-26,,https://suumo.jp/chintai/jnc_000106973508/?bc=100427517860,不適合
SUUMO 賃貸 駿東郡（清水/長泉）,長泉町,賃貸マンション,賃貸カテゴリ（掲載種別）,静岡県駿東郡長泉町桜堤２,6.2,55.0,,5,—,—,,—,賃貸のため対象外,,2026-08-09,,https://suumo.jp/chintai/jnc_000108141566/?bc=100514253737,不適合
SUUMO 賃貸 駿東郡（清水/長泉）,清水町,賃貸マンション,賃貸カテゴリ（掲載種別）,静岡県駿東郡清水町伏見,3.5,20.5,,5,—,—,,—,賃貸のため対象外,,2026-08-10,,https://suumo.jp/chintai/jnc_000108586252/?bc=100475607156,適合
SUUMO 賃貸 駿東郡（清水/長泉）,清水町,賃貸マンション,賃貸カテゴリ（掲載種別）,静岡県駿東郡清水町伏見,3.9,23.0,,5,—,—,,—,賃貸のため対象外,,2026-08-10,,https://suumo.jp/chintai/jnc_000103829130/?bc=100494466413,適合
SUUMO 賃貸 駿東郡（清水/長泉）,清水町,賃貸マンション,賃貸カテゴリ（掲載種別）,静岡県駿東郡清水町伏見,4.1,23.0,,5,—,—,,—,賃貸のため対象外,,2026-08-10,,https://suumo.jp/chintai/jnc_000105586958/?bc=100507851092,適合
SUUMO 賃貸 駿東郡（清水/長泉）,長泉町,賃貸マンション,賃貸カテゴリ（掲載種別）,静岡県駿東郡長泉町納米里,5.8,51.8,,5,—,—,,—,賃貸のため対象外,,2026-08-11,,https://suumo.jp/chintai/jnc_000094532292/?bc=100425884456,不適合
SUUMO 賃貸 駿東郡（清水/長泉）,長泉町,賃貸マンション,賃貸カテゴリ（掲載種別）,静岡県駿東郡長泉町納米里,6.5,59.5,,5,—,—,,—,賃貸のため対象外,,2026-07-26,,https://suumo.jp/chintai/jnc_000058121096/?bc=100408506270,不適合
SUUMO 賃貸 駿東郡（清水/長泉）,長泉町,賃貸マンション,賃貸カテゴリ（掲載種別）,静岡県駿東郡長泉町桜堤３,5.7,41.9,,5,—,—,,—,賃貸のため対象外,,2026-08-11,,https://suumo.jp/chintai/jnc_000033544670/?bc=100494897639,不適合
SUUMO 賃貸 駿東郡（清水/長泉）,長泉町,賃貸マンション,賃貸カテゴリ（掲載種別）,静岡県駿東郡長泉町桜堤３,5.7,41.9,,5,—,—,,—,賃貸のため対象外,,2026-08-09,,https://suumo.jp/chintai/jnc_000052833838/?bc=100512288268,不適合
SUUMO 賃貸 駿東郡（清水/長泉）,長泉町,賃貸マンション,賃貸カテゴリ（掲載種別）,静岡県駿東郡長泉町桜堤３,5.7,41.9,,5,—,—,,—,賃貸のため対象外,,2026-08-03,,https://suumo.jp/chintai/jnc_000063987397/?bc=100230087261,不適合
SUUMO 賃貸 駿東郡（清水/長泉）,清水町,賃貸アパート,賃貸カテゴリ（掲載種別）,静岡県駿東郡清水町徳倉,3.3,42.3,,5,—,—,,—,賃貸のため対象外,,2026-07-25,,https://suumo.jp/chintai/jnc_000028007072/?bc=100462848891,適合
SUUMO 賃貸 駿東郡（清水/長泉）,長泉町,賃貸マンション,賃貸カテゴリ（掲載種別）,静岡県駿東郡長泉町下土狩,5.0,35.7,,5,—,—,,—,賃貸のため対象外,,2026-08-11,,https://suumo.jp/chintai/jnc_000109068587/?bc=100521124066,適合
SUUMO 賃貸 駿東郡（清水/長泉）,清水町,賃貸戸建,賃貸カテゴリ（掲載種別）,静岡県駿東郡清水町伏見,5.2,39.6,,5,—,—,,—,賃貸のため対象外,,2026-07-26,関心:戸建,https://suumo.jp/chintai/jnc_000071850108/?bc=100456728177,不適合
SUUMO 賃貸 駿東郡（清水/長泉）,清水町,賃貸戸建,賃貸カテゴリ（掲載種別）,静岡県駿東郡清水町伏見,5.3,39.6,,5,—,—,,—,賃貸のため対象外,,2026-08-03,関心:戸建,https://suumo.jp/chintai/jnc_000108944298/?bc=100340119968,不適合
SUUMO 賃貸 駿東郡（清水/長泉）,清水町,賃貸戸建,賃貸カテゴリ（掲載種別）,静岡県駿東郡清水町伏見,5.5,39.6,,5,—,—,,—,賃貸のため対象外,,2026-07-26,関心:戸建,https://suumo.jp/chintai/jnc_000076913184/?bc=100456728181,不適合
SUUMO 賃貸 駿東郡（清水/長泉）,清水町,賃貸戸建,賃貸カテゴリ（掲載種別）,静岡県駿東郡清水町久米田,6.8,49.6,,5,田,—,,—,賃貸のため対象外,,2026-07-25,関心:平屋,https://suumo.jp/chintai/jnc_000106275597/?bc=100499651918,不適合
SUUMO 賃貸 駿東郡（清水/長泉）,長泉町,賃貸マンション,賃貸カテゴリ（掲載種別）,静岡県駿東郡長泉町納米里,5.5,30.4,,5,—,—,,—,賃貸のため対象外,,2026-08-11,,https://suumo.jp/chintai/jnc_000048300236/?bc=100515818844,不適合
SUUMO 賃貸 駿東郡（清水/長泉）,長泉町,賃貸マンション,賃貸カテゴリ（掲載種別）,静岡県駿東郡長泉町納米里,5.2,29.7,,5,—,—,,—,賃貸のため対象外,,2026-08-11,,https://suumo.jp/chintai/jnc_000077380311/?bc=100500294860,不適合
SUUMO 賃貸 駿東郡（清水/長泉）,長泉町,賃貸マンション,賃貸カテゴリ（掲載種別）,静岡県駿東郡長泉町納米里,5.2,29.7,,5,—,—,,—,賃貸のため対象外,,2026-08-11,,https://suumo.jp/chintai/jnc_000097956860/?bc=100433522829,不適合
SUUMO 賃貸 駿東郡（清水/長泉）,長泉町,賃貸戸建,賃貸カテゴリ（掲載種別）,静岡県駿東郡長泉町下土狩,7.3,45.4,,5,—,—,,—,賃貸のため対象外,,2026-08-03,関心:平屋/戸建,https://suumo.jp/chintai/jnc_000099439952/?bc=100443948267,不適合
SUUMO 賃貸 駿東郡（清水/長泉）,長泉町,賃貸マンション,賃貸カテゴリ（掲載種別）,静岡県駿東郡長泉町下土狩,6.1,53.8,,5,—,—,,—,賃貸のため対象外,,2026-08-11,,https://suumo.jp/chintai/jnc_000081848209/?bc=100215245735,不適合
SUUMO 賃貸 駿東郡（清水/長泉）,長泉町,賃貸マンション,賃貸カテゴリ（掲載種別）,静岡県駿東郡長泉町下土狩,6.1,53.8,,5,—,—,,—,賃貸のため対象外,,2026-08-03,,https://suumo.jp/chintai/jnc_000081959474/?bc=100483397570,不適合
SUUMO 賃貸 駿東郡（清水/長泉）,長泉町,賃貸マンション,賃貸カテゴリ（掲載種別）,静岡県駿東郡長泉町中土狩,8.0,60.0,,5,—,—,,—,賃貸のため対象外,,2026-08-11,,https://suumo.jp/chintai/jnc_000108067180/?bc=100519107836,不適合
SUUMO 賃貸 駿東郡（清水/長泉）,長泉町,賃貸マンション,賃貸カテゴリ（掲載種別）,静岡県駿東郡長泉町竹原,5.5,30.4,,5,—,—,,—,賃貸のため対象外,,2026-08-11,,https://suumo.jp/chintai/jnc_000108599896/?bc=100520965398,不適合
SUUMO 賃貸 駿東郡（清水/長泉）,長泉町,賃貸マンション,賃貸カテゴリ（掲載種別）,静岡県駿東郡長泉町竹原,5.5,30.4,,5,—,—,,—,賃貸のため対象外,,2026-08-10,,https://suumo.jp/chintai/jnc_000108335316/?bc=100515530813,不適合
SUUMO 賃貸 駿東郡（清水/長泉）,長泉町,賃貸マンション,賃貸カテゴリ（掲載種別）,静岡県駿東郡長泉町上土狩,5.3,30.4,,5,—,—,,—,賃貸のため対象外,,2026-08-11,,https://suumo.jp/chintai/jnc_000025569272/?bc=100498446384,不適合
SUUMO 賃貸 駿東郡（清水/長泉）,長泉町,賃貸マンション,賃貸カテゴリ（掲載種別）,静岡県駿東郡長泉町上土狩,5.3,30.4,,5,—,—,,—,賃貸のため対象外,,2026-07-25,,https://suumo.jp/chintai/jnc_000108419290/?bc=100498142395,不適合
SUUMO 賃貸 駿東郡（清水/長泉）,長泉町,賃貸アパート,賃貸カテゴリ（掲載種別）,静岡県駿東郡長泉町南一色,4.7,45.0,,5,—,—,,—,賃貸のため対象外,,2026-08-11,,https://suumo.jp/chintai/jnc_000108629094/?bc=100518254407,適合
SUUMO 賃貸 駿東郡（清水/長泉）,長泉町,賃貸マンション,賃貸カテゴリ（掲載種別）,静岡県駿東郡長泉町竹原,5.3,57.0,,5,—,—,,—,賃貸のため対象外,,2026-08-11,,https://suumo.jp/chintai/jnc_000107839151/?bc=100515530737,不適合
SUUMO 賃貸 駿東郡（清水/長泉）,長泉町,賃貸マンション,賃貸カテゴリ（掲載種別）,静岡県駿東郡長泉町下土狩,5.0,30.4,,5,—,—,,—,賃貸のため対象外,,2026-08-11,,https://suumo.jp/chintai/jnc_000044372661/?bc=100520965395,適合
SUUMO 賃貸 駿東郡（清水/長泉）,長泉町,賃貸マンション,賃貸カテゴリ（掲載種別）,静岡県駿東郡長泉町下長窪,11.0,76.7,,5,—,—,,—,賃貸のため対象外,,2026-08-11,,https://suumo.jp/chintai/jnc_000107665022/?bc=100512629982,不適合
SUUMO 賃貸 駿東郡（清水/長泉）,清水町,賃貸アパート,賃貸カテゴリ（掲載種別）,静岡県駿東郡清水町新宿,5.5,34.0,,5,—,—,,—,賃貸のため対象外,,2026-08-03,,https://suumo.jp/chintai/jnc_000079178435/?bc=100223240250,不適合
SUUMO 賃貸 駿東郡（清水/長泉）,清水町,賃貸アパート,賃貸カテゴリ（掲載種別）,静岡県駿東郡清水町新宿,5.5,34.0,,5,—,—,,—,賃貸のため対象外,,2026-08-03,,https://suumo.jp/chintai/jnc_000103442769/?bc=100477530828,不適合
SUUMO 賃貸 駿東郡（清水/長泉）,長泉町,賃貸アパート,賃貸カテゴリ（掲載種別）,静岡県駿東郡長泉町納米里,4.5,41.2,,5,—,—,,—,賃貸のため対象外,,2026-08-11,,https://suumo.jp/chintai/jnc_000058013988/?bc=100498998232,適合
SUUMO 賃貸 駿東郡（清水/長泉）,長泉町,賃貸アパート,賃貸カテゴリ（掲載種別）,静岡県駿東郡長泉町納米里,5.5,41.2,,5,—,—,,—,賃貸のため対象外,,2026-08-11,,https://suumo.jp/chintai/jnc_000091622217/?bc=100393226358,不適合
SUUMO 賃貸 駿東郡（清水/長泉）,長泉町,賃貸アパート,賃貸カテゴリ（掲載種別）,静岡県駿東郡長泉町納米里,5.6,41.2,,5,—,—,,—,賃貸のため対象外,,2026-08-11,,https://suumo.jp/chintai/jnc_000093912172/?bc=100410801330,不適合
SUUMO 賃貸 駿東郡（清水/長泉）,長泉町,賃貸アパート,賃貸カテゴリ（掲載種別）,静岡県駿東郡長泉町納米里,5.6,41.2,,5,—,—,,—,賃貸のため対象外,,2026-08-11,,https://suumo.jp/chintai/jnc_000099366322/?bc=100514210613,不適合
SUUMO 賃貸 駿東郡（清水/長泉）,長泉町,賃貸マンション,賃貸カテゴリ（掲載種別）,静岡県駿東郡長泉町下土狩,5.2,32.0,,5,—,—,,—,賃貸のため対象外,,2026-08-07,,https://suumo.jp/chintai/jnc_000109068588/?bc=100521028372,不適合
SUUMO 賃貸 駿東郡（清水/長泉）,長泉町,賃貸アパート,賃貸カテゴリ（掲載種別）,静岡県駿東郡長泉町下土狩,11.7,52.9,,5,—,—,,—,賃貸のため対象外,,2026-08-11,,https://suumo.jp/chintai/jnc_000107978915/?bc=100490620077,不適合
SUUMO 賃貸 駿東郡（清水/長泉）,長泉町,賃貸アパート,賃貸カテゴリ（掲載種別）,静岡県駿東郡長泉町下土狩,11.8,52.4,,5,—,—,,—,賃貸のため対象外,,2026-08-11,,https://suumo.jp/chintai/jnc_000107978917/?bc=100490620054,不適合
SUUMO 賃貸 駿東郡（清水/長泉）,長泉町,賃貸アパート,賃貸カテゴリ（掲載種別）,静岡県駿東郡長泉町下土狩,12.0,54.4,,5,—,—,,—,賃貸のため対象外,,2026-08-11,,https://suumo.jp/chintai/jnc_000107978916/?bc=100490619966,不適合
SUUMO 賃貸 駿東郡（清水/長泉）,長泉町,賃貸アパート,賃貸カテゴリ（掲載種別）,静岡県駿東郡長泉町下土狩,12.0,52.9,,5,—,—,,—,賃貸のため対象外,,2026-08-11,,https://suumo.jp/chintai/jnc_000107978918/?bc=100490620025,不適合
SUUMO 賃貸 駿東郡（清水/長泉）,長泉町,賃貸アパート,賃貸カテゴリ（掲載種別）,静岡県駿東郡長泉町下土狩,12.1,52.9,,5,—,—,,—,賃貸のため対象外,,2026-08-11,,https://suumo.jp/chintai/jnc_000107978921/?bc=100513994826,不適合
SUUMO 賃貸 駿東郡（清水/長泉）,長泉町,賃貸アパート,賃貸カテゴリ（掲載種別）,静岡県駿東郡長泉町下土狩,12.1,52.4,,5,—,—,,—,賃貸のため対象外,,2026-08-11,,https://suumo.jp/chintai/jnc_000107978920/?bc=100489075431,不適合
SUUMO 賃貸 駿東郡（清水/長泉）,長泉町,賃貸アパート,賃貸カテゴリ（掲載種別）,静岡県駿東郡長泉町下土狩,12.2,52.4,,5,—,—,,—,賃貸のため対象外,,2026-08-11,,https://suumo.jp/chintai/jnc_000107978923/?bc=100519788827,不適合
SUUMO 賃貸 駿東郡（清水/長泉）,長泉町,賃貸アパート,賃貸カテゴリ（掲載種別）,静岡県駿東郡長泉町下土狩,12.3,54.4,,5,—,—,,—,賃貸のため対象外,,2026-08-11,,https://suumo.jp/chintai/jnc_000107978919/?bc=100489024502,不適合
SUUMO 賃貸 駿東郡（清水/長泉）,長泉町,賃貸アパート,賃貸カテゴリ（掲載種別）,静岡県駿東郡長泉町下土狩,12.4,54.4,,5,—,—,,—,賃貸のため対象外,,2026-08-11,,https://suumo.jp/chintai/jnc_000107978922/?bc=100513994786,不適合
SUUMO 賃貸 駿東郡（清水/長泉）,清水町,賃貸アパート,賃貸カテゴリ（掲載種別）,静岡県駿東郡清水町八幡,3.8,25.3,,5,—,—,,—,賃貸のため対象外,,2026-08-03,,https://suumo.jp/chintai/jnc_000106642042/?bc=100502980512,適合
SUUMO 賃貸 駿東郡（清水/長泉）,清水町,賃貸アパート,賃貸カテゴリ（掲載種別）,静岡県駿東郡清水町徳倉,4.0,51.0,,5,—,—,,—,賃貸のため対象外,,2026-08-03,,https://suumo.jp/chintai/jnc_000100667320/?bc=100458121698,適合
SUUMO 賃貸 駿東郡（清水/長泉）,清水町,賃貸アパート,賃貸カテゴリ（掲載種別）,静岡県駿東郡清水町徳倉,4.0,51.0,,5,—,—,,—,賃貸のため対象外,,2026-08-03,,https://suumo.jp/chintai/jnc_000100667321/?bc=100458121678,適合
SUUMO 賃貸 駿東郡（清水/長泉）,長泉町,賃貸マンション,賃貸カテゴリ（掲載種別）,静岡県駿東郡長泉町下土狩,5.1,30.7,,5,—,—,,—,賃貸のため対象外,,2026-08-10,,https://suumo.jp/chintai/jnc_000065083591/?bc=100521371581,不適合
SUUMO 賃貸 駿東郡（清水/長泉）,長泉町,賃貸マンション,賃貸カテゴリ（掲載種別）,静岡県駿東郡長泉町下土狩,5.4,30.9,,5,—,—,,—,賃貸のため対象外,,2026-08-11,,https://suumo.jp/chintai/jnc_000107793233/?bc=100515254405,不適合
SUUMO 賃貸 駿東郡（清水/長泉）,長泉町,賃貸マンション,賃貸カテゴリ（掲載種別）,静岡県駿東郡長泉町下土狩,5.5,30.9,,5,—,—,,—,賃貸のため対象外,,2026-08-11,,https://suumo.jp/chintai/jnc_000015027102/?bc=100520909988,不適合
SUUMO 賃貸 駿東郡（清水/長泉）,長泉町,賃貸マンション,賃貸カテゴリ（掲載種別）,静岡県駿東郡長泉町下土狩,5.6,31.0,,5,—,—,,—,賃貸のため対象外,,2026-08-11,,https://suumo.jp/chintai/jnc_000109030186/?bc=100520909989,不適合
SUUMO 賃貸 駿東郡（清水/長泉）,清水町,賃貸マンション,賃貸カテゴリ（掲載種別）,静岡県駿東郡清水町伏見,3.9,24.8,,5,—,—,,—,賃貸のため対象外,,2026-08-09,,https://suumo.jp/chintai/jnc_000106356788/?bc=100501053397,適合
SUUMO 賃貸 駿東郡（清水/長泉）,長泉町,賃貸アパート,賃貸カテゴリ（掲載種別）,静岡県駿東郡長泉町下土狩,4.98,31.5,,5,—,—,,—,賃貸のため対象外,,2026-08-11,,https://suumo.jp/chintai/jnc_000107756335/?bc=100511738418,適合
SUUMO 賃貸 駿東郡（清水/長泉）,清水町,賃貸アパート,賃貸カテゴリ（掲載種別）,静岡県駿東郡清水町伏見,4.5,24.2,,5,—,—,,—,賃貸のため対象外,,2026-08-03,,https://suumo.jp/chintai/jnc_000079977412/?bc=100513826308,適合
SUUMO 賃貸 駿東郡（清水/長泉）,清水町,賃貸アパート,賃貸カテゴリ（掲載種別）,静岡県駿東郡清水町的場,3.5,24.8,,5,—,—,,—,賃貸のため対象外,,2026-08-03,,https://suumo.jp/chintai/jnc_000100455858/?bc=100465483594,適合
SUUMO 賃貸 駿東郡（清水/長泉）,長泉町,賃貸マンション,賃貸カテゴリ（掲載種別）,静岡県駿東郡長泉町下土狩,4.2,30.4,,5,—,—,,—,賃貸のため対象外,,2026-08-07,,https://suumo.jp/chintai/jnc_000099342841/?bc=100520965401,適合
SUUMO 賃貸 駿東郡（清水/長泉）,清水町,賃貸マンション,賃貸カテゴリ（掲載種別）,静岡県駿東郡清水町徳倉,3.7,24.8,,5,—,—,,—,賃貸のため対象外,,2026-08-07,,https://suumo.jp/chintai/jnc_000107240194/?bc=100513826284,適合
SUUMO 賃貸 駿東郡（清水/長泉）,清水町,賃貸マンション,賃貸カテゴリ（掲載種別）,静岡県駿東郡清水町徳倉,3.9,24.8,,5,—,—,,—,賃貸のため対象外,,2026-08-03,,https://suumo.jp/chintai/jnc_000102742785/?bc=100446968025,適合
SUUMO 賃貸 駿東郡（清水/長泉）,清水町,賃貸戸建,賃貸カテゴリ（掲載種別）,静岡県駿東郡清水町徳倉,8.0,72.8,,5,—,—,,—,賃貸のため対象外,,2026-08-03,,https://suumo.jp/chintai/jnc_000105764802/?bc=100495849191,不適合
SUUMO 賃貸 駿東郡（清水/長泉）,清水町,賃貸アパート,賃貸カテゴリ（掲載種別）,静岡県駿東郡清水町長沢,3.5,17.4,,5,—,—,,—,賃貸のため対象外,,2026-08-08,,https://suumo.jp/chintai/jnc_000108961262/?bc=100519228322,適合
SUUMO 賃貸 駿東郡（清水/長泉）,清水町,賃貸アパート,賃貸カテゴリ（掲載種別）,静岡県駿東郡清水町長沢,3.5,17.4,,5,—,—,,—,賃貸のため対象外,,2026-08-08,,https://suumo.jp/chintai/jnc_000108961263/?bc=100519183703,適合
SUUMO 賃貸 駿東郡（清水/長泉）,長泉町,賃貸アパート,賃貸カテゴリ（掲載種別）,静岡県駿東郡長泉町下土狩,11.7,52.9,,5,—,—,,—,賃貸のため対象外,,2026-08-11,,https://suumo.jp/chintai/jnc_000108335298/?bc=100519788263,不適合
SUUMO 賃貸 駿東郡（清水/長泉）,長泉町,賃貸アパート,賃貸カテゴリ（掲載種別）,静岡県駿東郡長泉町下土狩,11.8,52.4,,5,—,—,,—,賃貸のため対象外,,2026-08-09,,https://suumo.jp/chintai/jnc_000108668116/?bc=100515530903,不適合
SUUMO 賃貸 駿東郡（清水/長泉）,長泉町,賃貸アパート,賃貸カテゴリ（掲載種別）,静岡県駿東郡長泉町下土狩,12.0,54.4,,5,—,—,,—,賃貸のため対象外,,2026-08-09,,https://suumo.jp/chintai/jnc_000108335299/?bc=100515552561,不適合
SUUMO 賃貸 駿東郡（清水/長泉）,長泉町,賃貸アパート,賃貸カテゴリ（掲載種別）,静岡県駿東郡長泉町下土狩,12.0,52.9,,5,—,—,,—,賃貸のため対象外,,2026-08-09,,https://suumo.jp/chintai/jnc_000108668117/?bc=100515530372,不適合
SUUMO 賃貸 駿東郡（清水/長泉）,長泉町,賃貸アパート,賃貸カテゴリ（掲載種別）,静岡県駿東郡長泉町下土狩,12.1,52.9,,5,—,—,,—,賃貸のため対象外,,2026-08-11,,https://suumo.jp/chintai/jnc_000108335302/?bc=100519789159,不適合
SUUMO 賃貸 駿東郡（清水/長泉）,長泉町,賃貸アパート,賃貸カテゴリ（掲載種別）,静岡県駿東郡長泉町下土狩,12.1,52.4,,5,—,—,,—,賃貸のため対象外,,2026-08-09,,https://suumo.jp/chintai/jnc_000108335301/?bc=100515552583,不適合
SUUMO 賃貸 駿東郡（清水/長泉）,長泉町,賃貸アパート,賃貸カテゴリ（掲載種別）,静岡県駿東郡長泉町下土狩,12.2,52.4,,5,—,—,,—,賃貸のため対象外,,2026-08-09,,https://suumo.jp/chintai/jnc_000108884189/?bc=100519788733,不適合
SUUMO 賃貸 駿東郡（清水/長泉）,長泉町,賃貸アパート,賃貸カテゴリ（掲載種別）,静岡県駿東郡長泉町下土狩,12.3,54.4,,5,—,—,,—,賃貸のため対象外,,2026-08-09,,https://suumo.jp/chintai/jnc_000108335300/?bc=100515552559,不適合
SUUMO 賃貸 駿東郡（清水/長泉）,長泉町,賃貸アパート,賃貸カテゴリ（掲載種別）,静岡県駿東郡長泉町下土狩,12.4,54.4,,5,—,—,,—,賃貸のため対象外,,2026-08-11,,https://suumo.jp/chintai/jnc_000108335303/?bc=100519789117,不適合
SUUMO 賃貸 駿東郡（清水/長泉）,長泉町,賃貸アパート,賃貸カテゴリ（掲載種別）,静岡県駿東郡長泉町竹原,12.2,57.2,,5,—,—,,—,賃貸のため対象外,,2026-08-11,,https://suumo.jp/chintai/jnc_000105167764/?bc=100494916402,不適合
SUUMO 賃貸 駿東郡（清水/長泉）,長泉町,賃貸アパート,賃貸カテゴリ（掲載種別）,静岡県駿東郡長泉町竹原,12.6,57.2,,5,—,—,,—,賃貸のため対象外,,2026-08-11,,https://suumo.jp/chintai/jnc_000105167766/?bc=100494916430,不適合
SUUMO 賃貸 駿東郡（清水/長泉）,長泉町,賃貸アパート,賃貸カテゴリ（掲載種別）,静岡県駿東郡長泉町竹原,12.7,57.2,,5,—,—,,—,賃貸のため対象外,,2026-08-11,,https://suumo.jp/chintai/jnc_000105167768/?bc=100494916435,不適合
SUUMO 賃貸 駿東郡（清水/長泉）,長泉町,賃貸アパート,賃貸カテゴリ（掲載種別）,静岡県駿東郡長泉町竹原,14.1,70.5,,5,—,—,,—,賃貸のため対象外,,2026-08-07,,https://suumo.jp/chintai/jnc_000105167765/?bc=100497163677,不適合
SUUMO 賃貸 駿東郡（清水/長泉）,長泉町,賃貸アパート,賃貸カテゴリ（掲載種別）,静岡県駿東郡長泉町竹原,14.5,70.5,,5,—,—,,—,賃貸のため対象外,,2026-08-11,,https://suumo.jp/chintai/jnc_000105167767/?bc=100494916433,不適合
SUUMO 賃貸 駿東郡（清水/長泉）,長泉町,賃貸アパート,賃貸カテゴリ（掲載種別）,静岡県駿東郡長泉町竹原,14.6,70.5,,5,—,—,,—,賃貸のため対象外,,2026-08-11,,https://suumo.jp/chintai/jnc_000105167769/?bc=100494916376,不適合
SUUMO 賃貸 駿東郡（清水/長泉）,清水町,賃貸アパート,賃貸カテゴリ（掲載種別）,静岡県駿東郡清水町徳倉,3.5,40.0,,5,—,—,,—,賃貸のため対象外,,2026-08-03,,https://suumo.jp/chintai/jnc_000108111995/?bc=100513645377,適合
SUUMO 賃貸 駿東郡（清水/長泉）,清水町,賃貸アパート,賃貸カテゴリ（掲載種別）,静岡県駿東郡清水町伏見,3.2,31.0,,5,—,—,,—,賃貸のため対象外,,2026-07-25,,https://suumo.jp/chintai/jnc_000097659386/?bc=100511914730,適合
SUUMO 賃貸 駿東郡（清水/長泉）,清水町,賃貸アパート,賃貸カテゴリ（掲載種別）,静岡県駿東郡清水町徳倉,2.8,33.0,,5,—,—,,—,賃貸のため対象外,,2026-08-11,,https://suumo.jp/chintai/jnc_000105469964/?bc=100493758785,適合
SUUMO 賃貸 駿東郡（清水/長泉）,清水町,賃貸アパート,賃貸カテゴリ（掲載種別）,静岡県駿東郡清水町徳倉,3.0,33.0,,5,—,—,,—,賃貸のため対象外,,2026-08-11,,https://suumo.jp/chintai/jnc_000093267926/?bc=100520140938,適合
SUUMO 賃貸 駿東郡（清水/長泉）,小山町,賃貸アパート,賃貸カテゴリ（掲載種別）,静岡県駿東郡小山町一色,4.9,29.3,,5,—,—,,—,賃貸のため対象外,,2026-08-04,,https://suumo.jp/chintai/jnc_000091566815/?bc=100516374774,適合
SUUMO 賃貸 駿東郡（清水/長泉）,長泉町,賃貸マンション,賃貸カテゴリ（掲載種別）,静岡県駿東郡長泉町下土狩,4.4,25.0,,5,—,—,,—,賃貸のため対象外,,2026-08-11,,https://suumo.jp/chintai/jnc_000106375480/?bc=100517487080,適合
SUUMO 賃貸 駿東郡（清水/長泉）,長泉町,賃貸マンション,賃貸カテゴリ（掲載種別）,静岡県駿東郡長泉町下土狩,4.8,23.4,,5,—,—,,—,賃貸のため対象外,,2026-08-03,,https://suumo.jp/chintai/jnc_000106707648/?bc=100503582542,適合
SUUMO 賃貸 駿東郡（清水/長泉）,長泉町,賃貸その他,賃貸カテゴリ（掲載種別）,静岡県駿東郡長泉町下土狩,12.3,64.4,,5,—,—,,—,賃貸のため対象外,,2026-08-07,,https://suumo.jp/chintai/jnc_000071461180/?bc=100497474673,不適合
SUUMO 賃貸 駿東郡（清水/長泉）,長泉町,賃貸マンション,賃貸カテゴリ（掲載種別）,静岡県駿東郡長泉町下土狩,4.4,25.0,,5,—,—,,—,賃貸のため対象外,,2026-07-25,,https://suumo.jp/chintai/jnc_000106356792/?bc=100500872756,適合
SUUMO 賃貸 駿東郡（清水/長泉）,長泉町,賃貸マンション,賃貸カテゴリ（掲載種別）,静岡県駿東郡長泉町下長窪,3.7,25.6,,5,—,—,,—,賃貸のため対象外,,2026-07-25,,https://suumo.jp/chintai/jnc_000013978260/?bc=100496749278,適合
SUUMO 賃貸 駿東郡（清水/長泉）,長泉町,賃貸マンション,賃貸カテゴリ（掲載種別）,静岡県駿東郡長泉町下長窪,3.9,26.5,,5,—,—,,—,賃貸のため対象外,,2026-08-11,,https://suumo.jp/chintai/jnc_000106803764/?bc=100509265069,適合
SUUMO 賃貸 駿東郡（清水/長泉）,長泉町,賃貸マンション,賃貸カテゴリ（掲載種別）,静岡県駿東郡長泉町下長窪,3.9,26.5,,5,—,—,,—,賃貸のため対象外,,2026-08-11,,https://suumo.jp/chintai/jnc_000106803762/?bc=100509396150,適合
SUUMO 賃貸 駿東郡（清水/長泉）,長泉町,賃貸マンション,賃貸カテゴリ（掲載種別）,静岡県駿東郡長泉町下長窪,3.9,26.5,,5,—,—,,—,賃貸のため対象外,,2026-08-11,,https://suumo.jp/chintai/jnc_000106819176/?bc=100509265020,適合
SUUMO 賃貸 駿東郡（清水/長泉）,長泉町,賃貸マンション,賃貸カテゴリ（掲載種別）,静岡県駿東郡長泉町下長窪,3.9,26.5,,5,—,—,,—,賃貸のため対象外,,2026-08-11,,https://suumo.jp/chintai/jnc_000106803763/?bc=100509436870,適合
SUUMO 賃貸 駿東郡（清水/長泉）,長泉町,賃貸マンション,賃貸カテゴリ（掲載種別）,静岡県駿東郡長泉町下長窪,3.9,26.5,,5,—,—,,—,賃貸のため対象外,,2026-08-11,,https://suumo.jp/chintai/jnc_000107496031/?bc=100512361154,適合
SUUMO 賃貸 駿東郡（清水/長泉）,長泉町,賃貸マンション,賃貸カテゴリ（掲載種別）,静岡県駿東郡長泉町下長窪,4.0,26.5,,5,—,—,,—,賃貸のため対象外,,2026-07-25,,https://suumo.jp/chintai/jnc_000108107774/?bc=100513942994,適合
SUUMO 賃貸 駿東郡（清水/長泉）,長泉町,賃貸マンション,賃貸カテゴリ（掲載種別）,静岡県駿東郡長泉町下長窪,4.0,26.5,,5,—,—,,—,賃貸のため対象外,,2026-08-11,,https://suumo.jp/chintai/jnc_000106803765/?bc=100515531151,適合
SUUMO 賃貸 駿東郡（清水/長泉）,長泉町,賃貸マンション,賃貸カテゴリ（掲載種別）,静岡県駿東郡長泉町下長窪,4.0,26.5,,5,—,—,,—,賃貸のため対象外,,2026-08-11,,https://suumo.jp/chintai/jnc_000106803767/?bc=100509436801,適合
SUUMO 賃貸 駿東郡（清水/長泉）,長泉町,賃貸マンション,賃貸カテゴリ（掲載種別）,静岡県駿東郡長泉町下長窪,4.0,26.5,,5,—,—,,—,賃貸のため対象外,,2026-08-11,,https://suumo.jp/chintai/jnc_000107496032/?bc=100509396222,適合
SUUMO 賃貸 駿東郡（清水/長泉）,長泉町,賃貸アパート,賃貸カテゴリ（掲載種別）,静岡県駿東郡長泉町下土狩,3.7,19.9,,5,—,—,,—,賃貸のため対象外,,2026-08-09,,https://suumo.jp/chintai/jnc_000108298353/?bc=100514629322,適合
SUUMO 賃貸 駿東郡（清水/長泉）,長泉町,賃貸アパート,賃貸カテゴリ（掲載種別）,静岡県駿東郡長泉町下土狩,4.9,19.9,,5,—,—,,—,賃貸のため対象外,,2026-08-11,,https://suumo.jp/chintai/jnc_000108298351/?bc=100514629605,適合
SUUMO 賃貸 駿東郡（清水/長泉）,長泉町,賃貸アパート,賃貸カテゴリ（掲載種別）,静岡県駿東郡長泉町下土狩,4.9,19.9,,5,—,—,,—,賃貸のため対象外,,2026-08-11,,https://suumo.jp/chintai/jnc_000108298350/?bc=100514629603,適合
SUUMO 賃貸 駿東郡（清水/長泉）,長泉町,賃貸アパート,賃貸カテゴリ（掲載種別）,静岡県駿東郡長泉町下土狩,5.1,19.9,,5,—,—,,—,賃貸のため対象外,,2026-08-09,,https://suumo.jp/chintai/jnc_000108298352/?bc=100514629320,不適合
SUUMO 賃貸 駿東郡（清水/長泉）,長泉町,賃貸アパート,賃貸カテゴリ（掲載種別）,静岡県駿東郡長泉町下土狩,5.1,19.9,,5,—,—,,—,賃貸のため対象外,,2026-08-10,,https://suumo.jp/chintai/jnc_000108464402/?bc=100515091703,不適合
SUUMO 賃貸 駿東郡（清水/長泉）,長泉町,賃貸アパート,賃貸カテゴリ（掲載種別）,静岡県駿東郡長泉町下土狩,5.2,19.9,,5,—,—,,—,賃貸のため対象外,,2026-08-09,,https://suumo.jp/chintai/jnc_000108298354/?bc=100514629323,不適合
SUUMO 賃貸 駿東郡（清水/長泉）,長泉町,賃貸マンション,賃貸カテゴリ（掲載種別）,静岡県駿東郡長泉町竹原,12.3,62.7,,5,—,—,,—,賃貸のため対象外,,2026-08-11,,https://suumo.jp/chintai/jnc_000084531519/?bc=100513463504,不適合
SUUMO 賃貸 駿東郡（清水/長泉）,長泉町,賃貸アパート,賃貸カテゴリ（掲載種別）,静岡県駿東郡長泉町下長窪,4.5,37.2,,5,田,—,,—,賃貸のため対象外,,2026-08-11,,https://suumo.jp/chintai/jnc_000075764258/?bc=100305651134,適合
SUUMO 賃貸 駿東郡（清水/長泉）,長泉町,賃貸アパート,賃貸カテゴリ（掲載種別）,静岡県駿東郡長泉町下長窪,4.7,37.2,,5,田,—,,—,賃貸のため対象外,,2026-08-11,,https://suumo.jp/chintai/jnc_000105586960/?bc=100305651139,適合
SUUMO 賃貸 駿東郡（清水/長泉）,長泉町,賃貸マンション,賃貸カテゴリ（掲載種別）,静岡県駿東郡長泉町下土狩,4.7,25.0,,5,—,—,,—,賃貸のため対象外,,2026-08-10,,https://suumo.jp/chintai/jnc_000105963833/?bc=100498665759,適合
SUUMO 賃貸 駿東郡（清水/長泉）,長泉町,賃貸マンション,賃貸カテゴリ（掲載種別）,静岡県駿東郡長泉町下土狩,4.7,25.0,,5,—,—,,—,賃貸のため対象外,,2026-08-11,,https://suumo.jp/chintai/jnc_000105939100/?bc=100501602487,適合
SUUMO 賃貸 駿東郡（清水/長泉）,長泉町,賃貸マンション,賃貸カテゴリ（掲載種別）,静岡県駿東郡長泉町下土狩,4.8,25.0,,5,—,—,,—,賃貸のため対象外,,2026-08-11,,https://suumo.jp/chintai/jnc_000107454737/?bc=100509680013,適合
SUUMO 賃貸 駿東郡（清水/長泉）,清水町,賃貸マンション,賃貸カテゴリ（掲載種別）,静岡県駿東郡清水町久米田,3.3,19.9,,5,田,—,,—,賃貸のため対象外,,2026-07-25,,https://suumo.jp/chintai/jnc_000025450225/?bc=100492312771,適合
SUUMO 賃貸 駿東郡（清水/長泉）,清水町,賃貸マンション,賃貸カテゴリ（掲載種別）,静岡県駿東郡清水町長沢,3.7,22.2,,5,—,—,,—,賃貸のため対象外,,2026-07-25,,https://suumo.jp/chintai/jnc_000104277392/?bc=100474688597,適合
SUUMO 賃貸 駿東郡（清水/長泉）,清水町,賃貸マンション,賃貸カテゴリ（掲載種別）,静岡県駿東郡清水町長沢,3.7,21.6,,5,—,—,,—,賃貸のため対象外,,2026-08-07,,https://suumo.jp/chintai/jnc_000103070203/?bc=100483973690,適合
SUUMO 賃貸 駿東郡（清水/長泉）,清水町,賃貸マンション,賃貸カテゴリ（掲載種別）,静岡県駿東郡清水町長沢,3.7,21.6,,5,—,—,,—,賃貸のため対象外,,2026-08-07,,https://suumo.jp/chintai/jnc_000104217155/?bc=100483973697,適合
SUUMO 賃貸 駿東郡（清水/長泉）,清水町,賃貸戸建,賃貸カテゴリ（掲載種別）,静岡県駿東郡清水町徳倉,5.5,39.0,,5,—,—,,—,賃貸のため対象外,,2026-07-25,,https://suumo.jp/chintai/jnc_000099366312/?bc=100459737760,不適合
SUUMO 賃貸 駿東郡（清水/長泉）,長泉町,賃貸マンション,賃貸カテゴリ（掲載種別）,静岡県駿東郡長泉町竹原,7.5,53.4,,5,—,—,,—,賃貸のため対象外,,2026-08-02,,https://suumo.jp/chintai/jnc_000103601812/?bc=100478816800,不適合
SUUMO 賃貸 駿東郡（清水/長泉）,清水町,賃貸アパート,賃貸カテゴリ（掲載種別）,静岡県駿東郡清水町徳倉,3.5,22.3,,5,—,—,,—,賃貸のため対象外,,2026-08-04,,https://suumo.jp/chintai/jnc_000108451973/?bc=100516349324,適合
SUUMO 賃貸 駿東郡（清水/長泉）,清水町,賃貸アパート,賃貸カテゴリ（掲載種別）,静岡県駿東郡清水町徳倉,3.7,31.2,,5,—,—,,—,賃貸のため対象外,,2026-08-10,,https://suumo.jp/chintai/jnc_000101480979/?bc=100458677336,適合
SUUMO 賃貸 駿東郡（清水/長泉）,清水町,賃貸アパート,賃貸カテゴリ（掲載種別）,静岡県駿東郡清水町徳倉,3.7,31.2,,5,—,—,,—,賃貸のため対象外,,2026-08-10,,https://suumo.jp/chintai/jnc_000101480978/?bc=100458677378,適合
SUUMO 賃貸 駿東郡（清水/長泉）,長泉町,賃貸アパート,賃貸カテゴリ（掲載種別）,静岡県駿東郡長泉町竹原,4.2,25.3,,5,—,—,,—,賃貸のため対象外,,2026-08-11,,https://suumo.jp/chintai/jnc_000105440216/?bc=100489026295,適合
SUUMO 賃貸 駿東郡（清水/長泉）,長泉町,賃貸アパート,賃貸カテゴリ（掲載種別）,静岡県駿東郡長泉町竹原,4.3,25.0,,5,—,—,,—,賃貸のため対象外,,2026-08-11,,https://suumo.jp/chintai/jnc_000107921173/?bc=100512601503,適合
SUUMO 賃貸 駿東郡（清水/長泉）,長泉町,賃貸アパート,賃貸カテゴリ（掲載種別）,静岡県駿東郡長泉町竹原,4.3,25.0,,5,—,—,,—,賃貸のため対象外,,2026-07-25,,https://suumo.jp/chintai/jnc_000105639694/?bc=100482363831,適合
SUUMO 賃貸 駿東郡（清水/長泉）,清水町,賃貸アパート,賃貸カテゴリ（掲載種別）,静岡県駿東郡清水町湯川,5.2,45.0,,5,—,—,,—,賃貸のため対象外,,2026-08-04,関心:戸建,https://suumo.jp/chintai/jnc_000108956579/?bc=100520349826,不適合
SUUMO 賃貸 駿東郡（清水/長泉）,長泉町,賃貸アパート,賃貸カテゴリ（掲載種別）,静岡県駿東郡長泉町下土狩,4.3,28.2,,5,—,—,,—,賃貸のため対象外,,2026-08-11,,https://suumo.jp/chintai/jnc_000108912967/?bc=100520876864,適合
SUUMO 賃貸 駿東郡（清水/長泉）,長泉町,賃貸アパート,賃貸カテゴリ（掲載種別）,静岡県駿東郡長泉町下土狩,4.3,28.2,,5,—,—,,—,賃貸のため対象外,,2026-08-11,,https://suumo.jp/chintai/jnc_000108975223/?bc=100520708246,適合
SUUMO 賃貸 駿東郡（清水/長泉）,清水町,賃貸戸建,賃貸カテゴリ（掲載種別）,静岡県駿東郡清水町新宿,3.0,29.5,,5,—,—,,—,賃貸のため対象外,,2026-08-01,,https://suumo.jp/chintai/jnc_000108875422/?bc=100519715047,適合
SUUMO 賃貸 駿東郡（清水/長泉）,長泉町,賃貸アパート,賃貸カテゴリ（掲載種別）,静岡県駿東郡長泉町上土狩,14.5,70.4,,5,—,—,,—,賃貸のため対象外,,2026-08-11,,https://suumo.jp/chintai/jnc_000108620872/?bc=100437014732,不適合
SUUMO 賃貸 駿東郡（清水/長泉）,長泉町,賃貸アパート,賃貸カテゴリ（掲載種別）,静岡県駿東郡長泉町上土狩,14.7,71.8,,5,—,—,,—,賃貸のため対象外,,2026-08-11,,https://suumo.jp/chintai/jnc_000108620873/?bc=100513826276,不適合
SUUMO 賃貸 駿東郡（清水/長泉）,長泉町,賃貸アパート,賃貸カテゴリ（掲載種別）,静岡県駿東郡長泉町上土狩,15.0,71.8,,5,—,—,,—,賃貸のため対象外,,2026-08-11,,https://suumo.jp/chintai/jnc_000098444943/?bc=100517702473,不適合
SUUMO 賃貸 駿東郡（清水/長泉）,長泉町,賃貸アパート,賃貸カテゴリ（掲載種別）,静岡県駿東郡長泉町上土狩,15.2,71.8,,5,—,—,,—,賃貸のため対象外,,2026-08-11,,https://suumo.jp/chintai/jnc_000098444951/?bc=100465617253,不適合
SUUMO 賃貸 駿東郡（清水/長泉）,長泉町,賃貸アパート,賃貸カテゴリ（掲載種別）,静岡県駿東郡長泉町上土狩,15.3,82.5,,5,—,—,,—,賃貸のため対象外,,2026-08-11,,https://suumo.jp/chintai/jnc_000108620874/?bc=100513826350,不適合
SUUMO 賃貸 駿東郡（清水/長泉）,長泉町,賃貸アパート,賃貸カテゴリ（掲載種別）,静岡県駿東郡長泉町上土狩,15.6,82.5,,5,—,—,,—,賃貸のため対象外,,2026-08-11,,https://suumo.jp/chintai/jnc_000098444944/?bc=100517702472,不適合
SUUMO 賃貸 駿東郡（清水/長泉）,長泉町,賃貸アパート,賃貸カテゴリ（掲載種別）,静岡県駿東郡長泉町上土狩,15.7,82.5,,5,—,—,,—,賃貸のため対象外,,2026-08-11,,https://suumo.jp/chintai/jnc_000098444948/?bc=100437014718,不適合
SUUMO 賃貸 駿東郡（清水/長泉）,長泉町,賃貸アパート,賃貸カテゴリ（掲載種別）,静岡県駿東郡長泉町上土狩,15.8,82.5,,5,—,—,,—,賃貸のため対象外,,2026-08-11,,https://suumo.jp/chintai/jnc_000098444952/?bc=100437014752,不適合
SUUMO 賃貸 駿東郡（清水/長泉）,長泉町,賃貸アパート,賃貸カテゴリ（掲載種別）,静岡県駿東郡長泉町上土狩,15.8,81.3,,5,—,—,,—,賃貸のため対象外,,2026-08-11,,https://suumo.jp/chintai/jnc_000098444953/?bc=100469785866,不適合
SUUMO 賃貸 駿東郡（清水/長泉）,長泉町,賃貸アパート,賃貸カテゴリ（掲載種別）,静岡県駿東郡長泉町本宿,3.5,30.3,,5,—,—,,—,賃貸のため対象外,,2026-08-11,,https://suumo.jp/chintai/jnc_000106898263/?bc=100508155346,適合
SUUMO 賃貸 駿東郡（清水/長泉）,長泉町,賃貸アパート,賃貸カテゴリ（掲載種別）,静岡県駿東郡長泉町本宿,3.7,30.0,,5,—,—,,—,賃貸のため対象外,,2026-08-11,,https://suumo.jp/chintai/jnc_000108495974/?bc=100516731458,適合
SUUMO 賃貸 駿東郡（清水/長泉）,長泉町,賃貸アパート,賃貸カテゴリ（掲載種別）,静岡県駿東郡長泉町本宿,3.7,30.0,,5,—,—,,—,賃貸のため対象外,,2026-08-11,,https://suumo.jp/chintai/jnc_000108495973/?bc=100517989501,適合
SUUMO 賃貸 駿東郡（清水/長泉）,長泉町,賃貸アパート,賃貸カテゴリ（掲載種別）,静岡県駿東郡長泉町本宿,3.7,30.0,,5,—,—,,—,賃貸のため対象外,,2026-08-11,,https://suumo.jp/chintai/jnc_000105440217/?bc=100493860837,適合
SUUMO 賃貸 駿東郡（清水/長泉）,長泉町,賃貸アパート,賃貸カテゴリ（掲載種別）,静岡県駿東郡長泉町本宿,4.0,30.3,,5,—,—,,—,賃貸のため対象外,,2026-08-11,,https://suumo.jp/chintai/jnc_000108495975/?bc=100517989324,適合
SUUMO 賃貸 駿東郡（清水/長泉）,清水町,賃貸アパート,賃貸カテゴリ（掲載種別）,静岡県駿東郡清水町長沢,3.4,16.2,,5,—,—,,—,賃貸のため対象外,,2026-08-07,,https://suumo.jp/chintai/jnc_000108819210/?bc=100519228321,適合
SUUMO 賃貸 駿東郡（清水/長泉）,長泉町,賃貸アパート,賃貸カテゴリ（掲載種別）,静岡県駿東郡長泉町上土狩,14.5,70.4,,5,—,—,,—,賃貸のため対象外,,2026-08-10,,https://suumo.jp/chintai/jnc_000109127041/?bc=100485523490,不適合
SUUMO 賃貸 駿東郡（清水/長泉）,長泉町,賃貸アパート,賃貸カテゴリ（掲載種別）,静岡県駿東郡長泉町上土狩,15.2,71.8,,5,—,—,,—,賃貸のため対象外,,2026-08-04,,https://suumo.jp/chintai/jnc_000098444963/?bc=100512630129,不適合
SUUMO 賃貸 駿東郡（清水/長泉）,長泉町,賃貸アパート,賃貸カテゴリ（掲載種別）,静岡県駿東郡長泉町上土狩,15.7,82.5,,5,—,—,,—,賃貸のため対象外,,2026-08-04,,https://suumo.jp/chintai/jnc_000098444960/?bc=100512187138,不適合
SUUMO 賃貸 駿東郡（清水/長泉）,長泉町,賃貸アパート,賃貸カテゴリ（掲載種別）,静岡県駿東郡長泉町上土狩,15.8,82.5,,5,—,—,,—,賃貸のため対象外,,2026-08-04,,https://suumo.jp/chintai/jnc_000098444964/?bc=100501650467,不適合
SUUMO 賃貸 駿東郡（清水/長泉）,長泉町,賃貸アパート,賃貸カテゴリ（掲載種別）,静岡県駿東郡長泉町上土狩,15.8,81.3,,5,—,—,,—,賃貸のため対象外,,2026-08-04,,https://suumo.jp/chintai/jnc_000098444965/?bc=100485523492,不適合
SUUMO 賃貸 駿東郡（清水/長泉）,長泉町,賃貸アパート,賃貸カテゴリ（掲載種別）,静岡県駿東郡長泉町中土狩,3.0,18.5,,5,—,—,,—,賃貸のため対象外,,2026-08-11,,https://suumo.jp/chintai/jnc_000070405540/?bc=100521124024,適合
SUUMO 賃貸 駿東郡（清水/長泉）,長泉町,賃貸戸建,賃貸カテゴリ（掲載種別）,静岡県駿東郡長泉町納米里,18.0,106.4,,5,—,—,,—,賃貸のため対象外,,2026-08-07,,https://suumo.jp/chintai/jnc_000108819213/?bc=100505508911,不適合
SUUMO 賃貸 駿東郡（清水/長泉）,長泉町,賃貸アパート,賃貸カテゴリ（掲載種別）,静岡県駿東郡長泉町下土狩,3.2,22.7,,5,—,—,,—,賃貸のため対象外,,2026-08-09,,https://suumo.jp/chintai/jnc_000109115659/?bc=100521363845,適合
SUUMO 賃貸 駿東郡（清水/長泉）,長泉町,賃貸その他,賃貸カテゴリ（掲載種別）,静岡県駿東郡長泉町元長窪,12.0,66.0,,5,—,—,,—,賃貸のため対象外,,2026-08-07,,https://suumo.jp/chintai/jnc_000106541905/?bc=100511864354,不適合
SUUMO 賃貸 駿東郡（清水/長泉）,長泉町,賃貸マンション,賃貸カテゴリ（掲載種別）,静岡県駿東郡長泉町下土狩,18.6,81.8,,5,—,—,,—,賃貸のため対象外,,2026-08-11,,https://suumo.jp/chintai/jnc_000108705052/?bc=100506069544,不適合
SUUMO 賃貸 駿東郡（清水/長泉）,長泉町,賃貸マンション,賃貸カテゴリ（掲載種別）,静岡県駿東郡長泉町下土狩,19.6,81.8,,5,—,—,,—,賃貸のため対象外,,2026-08-11,,https://suumo.jp/chintai/jnc_000107891115/?bc=100505529988,不適合
SUUMO 賃貸 駿東郡（清水/長泉）,長泉町,賃貸マンション,賃貸カテゴリ（掲載種別）,静岡県駿東郡長泉町下土狩,19.8,66.2,,5,—,—,,—,賃貸のため対象外,,2026-08-07,,https://suumo.jp/chintai/jnc_000105117020/?bc=100490653830,不適合
SUUMO 賃貸 駿東郡（清水/長泉）,清水町,賃貸アパート,賃貸カテゴリ（掲載種別）,静岡県駿東郡清水町伏見,3.5,19.5,,5,—,—,,—,賃貸のため対象外,,2026-08-07,,https://suumo.jp/chintai/jnc_000103971061/?bc=100481876810,適合
SUUMO 賃貸 駿東郡（清水/長泉）,長泉町,賃貸アパート,賃貸カテゴリ（掲載種別）,静岡県駿東郡長泉町南一色,5.2,40.9,,5,—,—,,—,賃貸のため対象外,,2026-08-11,,https://suumo.jp/chintai/jnc_000107491068/?bc=100509176928,不適合
SUUMO 賃貸 駿東郡（清水/長泉）,清水町,賃貸マンション,賃貸カテゴリ（掲載種別）,静岡県駿東郡清水町徳倉,6.5,63.7,,5,—,—,,—,賃貸のため対象外,,2026-08-07,,https://suumo.jp/chintai/jnc_000105073332/?bc=100490415654,不適合
SUUMO 賃貸 駿東郡（清水/長泉）,清水町,賃貸マンション,賃貸カテゴリ（掲載種別）,静岡県駿東郡清水町長沢,7.4,58.0,,5,—,—,,—,賃貸のため対象外,,2026-07-31,,https://suumo.jp/chintai/jnc_000108884182/?bc=100519788522,不適合
SUUMO 賃貸 駿東郡（清水/長泉）,清水町,賃貸マンション,賃貸カテゴリ（掲載種別）,静岡県駿東郡清水町長沢,7.5,58.0,,5,—,—,,—,賃貸のため対象外,,2026-07-31,,https://suumo.jp/chintai/jnc_000108884183/?bc=100519788000,不適合
SUUMO 賃貸 駿東郡（清水/長泉）,清水町,賃貸マンション,賃貸カテゴリ（掲載種別）,静岡県駿東郡清水町長沢,7.8,58.0,,5,—,—,,—,賃貸のため対象外,,2026-07-25,,https://suumo.jp/chintai/jnc_000107947139/?bc=100512629768,不適合
SUUMO 賃貸 駿東郡（清水/長泉）,清水町,賃貸マンション,賃貸カテゴリ（掲載種別）,静岡県駿東郡清水町久米田,6.4,43.6,,5,田,—,,—,賃貸のため対象外,,2026-07-31,,https://suumo.jp/chintai/jnc_000108884176/?bc=100519789081,不適合
SUUMO 賃貸 駿東郡（清水/長泉）,長泉町,賃貸マンション,賃貸カテゴリ（掲載種別）,静岡県駿東郡長泉町竹原,6.3,55.7,,5,—,—,,—,賃貸のため対象外,,2026-08-07,,https://suumo.jp/chintai/jnc_000106299581/?bc=100505088105,不適合
SUUMO 賃貸 駿東郡（清水/長泉）,長泉町,賃貸マンション,賃貸カテゴリ（掲載種別）,静岡県駿東郡長泉町竹原,6.3,55.7,,5,—,—,,—,賃貸のため対象外,,2026-08-07,,https://suumo.jp/chintai/jnc_000104747596/?bc=100502966618,不適合
SUUMO 賃貸 駿東郡（清水/長泉）,清水町,賃貸マンション,賃貸カテゴリ（掲載種別）,静岡県駿東郡清水町徳倉,5.8,54.0,,5,—,—,,—,賃貸のため対象外,,2026-08-08,,https://suumo.jp/chintai/jnc_000088377489/?bc=100506299921,不適合
SUUMO 賃貸 駿東郡（清水/長泉）,長泉町,賃貸アパート,賃貸カテゴリ（掲載種別）,静岡県駿東郡長泉町下長窪,6.8,60.4,,5,—,—,,—,賃貸のため対象外,,2026-08-07,,https://suumo.jp/chintai/jnc_000105713905/?bc=100495433714,不適合
SUUMO 賃貸 駿東郡（清水/長泉）,長泉町,賃貸その他,賃貸カテゴリ（掲載種別）,静岡県駿東郡長泉町中土狩,6.0,56.3,,5,—,—,,—,賃貸のため対象外,,2026-08-07,,https://suumo.jp/chintai/jnc_000082942924/?bc=100448014040,不適合
SUUMO 賃貸 駿東郡（清水/長泉）,清水町,賃貸アパート,賃貸カテゴリ（掲載種別）,静岡県駿東郡清水町徳倉,4.5,51.7,,5,—,—,,—,賃貸のため対象外,,2026-08-09,,https://suumo.jp/chintai/jnc_000108884180/?bc=100519788867,適合
SUUMO 賃貸 駿東郡（清水/長泉）,清水町,賃貸マンション,賃貸カテゴリ（掲載種別）,静岡県駿東郡清水町柿田,7.6,61.2,,5,田,—,,—,賃貸のため対象外,,2026-08-10,,https://suumo.jp/chintai/jnc_000107670794/?bc=100510532061,不適合
SUUMO 賃貸 駿東郡（清水/長泉）,長泉町,賃貸マンション,賃貸カテゴリ（掲載種別）,静岡県駿東郡長泉町下長窪,6.9,53.1,,5,—,—,,—,賃貸のため対象外,,2026-08-07,,https://suumo.jp/chintai/jnc_000108847955/?bc=100508131639,不適合
SUUMO 賃貸 駿東郡（清水/長泉）,長泉町,賃貸マンション,賃貸カテゴリ（掲載種別）,静岡県駿東郡長泉町下長窪,7.1,53.1,,5,—,—,,—,賃貸のため対象外,,2026-08-07,,https://suumo.jp/chintai/jnc_000108847956/?bc=100517286671,不適合
SUUMO 賃貸 駿東郡（清水/長泉）,清水町,賃貸マンション,賃貸カテゴリ（掲載種別）,静岡県駿東郡清水町徳倉,5.5,63.7,,5,—,—,,—,賃貸のため対象外,,2026-08-09,,https://suumo.jp/chintai/jnc_000108640511/?bc=100517712116,不適合
SUUMO 賃貸 駿東郡（清水/長泉）,清水町,賃貸マンション,賃貸カテゴリ（掲載種別）,静岡県駿東郡清水町徳倉,5.7,63.7,,5,—,—,,—,賃貸のため対象外,,2026-08-09,,https://suumo.jp/chintai/jnc_000092091501/?bc=100483466478,不適合
SUUMO 賃貸 駿東郡（清水/長泉）,清水町,賃貸マンション,賃貸カテゴリ（掲載種別）,静岡県駿東郡清水町徳倉,5.7,63.7,,5,—,—,,—,賃貸のため対象外,,2026-08-09,,https://suumo.jp/chintai/jnc_000101283959/?bc=100462283580,不適合
SUUMO 賃貸 駿東郡（清水/長泉）,清水町,賃貸マンション,賃貸カテゴリ（掲載種別）,静岡県駿東郡清水町徳倉,5.7,63.7,,5,—,—,,—,賃貸のため対象外,,2026-08-09,,https://suumo.jp/chintai/jnc_000092091498/?bc=100483466474,不適合
SUUMO 賃貸 駿東郡（清水/長泉）,清水町,賃貸マンション,賃貸カテゴリ（掲載種別）,静岡県駿東郡清水町徳倉,5.7,55.0,,5,—,—,,—,賃貸のため対象外,,2026-08-09,,https://suumo.jp/chintai/jnc_000092091497/?bc=100456727740,不適合
SUUMO 賃貸 駿東郡（清水/長泉）,清水町,賃貸マンション,賃貸カテゴリ（掲載種別）,静岡県駿東郡清水町徳倉,5.7,55.0,,5,—,—,,—,賃貸のため対象外,,2026-08-09,,https://suumo.jp/chintai/jnc_000092091499/?bc=100456727737,不適合
SUUMO 賃貸 駿東郡（清水/長泉）,清水町,賃貸マンション,賃貸カテゴリ（掲載種別）,静岡県駿東郡清水町徳倉,5.7,55.0,,5,—,—,,—,賃貸のため対象外,,2026-08-09,,https://suumo.jp/chintai/jnc_000092091500/?bc=100456727728,不適合
SUUMO 賃貸 駿東郡（清水/長泉）,清水町,賃貸マンション,賃貸カテゴリ（掲載種別）,静岡県駿東郡清水町徳倉,6.5,63.7,,5,—,—,,—,賃貸のため対象外,,2026-08-09,,https://suumo.jp/chintai/jnc_000107952584/?bc=100512644887,不適合
SUUMO 賃貸 駿東郡（清水/長泉）,清水町,賃貸マンション,賃貸カテゴリ（掲載種別）,静岡県駿東郡清水町徳倉,5.4,51.5,,5,—,—,,—,賃貸のため対象外,,2026-08-10,,https://suumo.jp/chintai/jnc_000079977411/?bc=100236812367,不適合
SUUMO 賃貸 駿東郡（清水/長泉）,清水町,賃貸マンション,賃貸カテゴリ（掲載種別）,静岡県駿東郡清水町玉川,5.4,51.1,,5,—,—,,—,賃貸のため対象外,,2026-08-10,,https://suumo.jp/chintai/jnc_000074965513/?bc=100511591079,不適合
SUUMO 賃貸 駿東郡（清水/長泉）,清水町,賃貸マンション,賃貸カテゴリ（掲載種別）,静岡県駿東郡清水町徳倉,6.9,63.0,,5,—,—,,—,賃貸のため対象外,,2026-08-10,,https://suumo.jp/chintai/jnc_000065498179/?bc=100478265043,不適合
SUUMO 賃貸 駿東郡（清水/長泉）,長泉町,賃貸マンション,賃貸カテゴリ（掲載種別）,静岡県駿東郡長泉町下長窪,7.3,56.7,,5,—,—,,—,賃貸のため対象外,,2026-08-10,,https://suumo.jp/chintai/jnc_000108650062/?bc=100498691868,不適合
SUUMO 賃貸 駿東郡（清水/長泉）,長泉町,賃貸マンション,賃貸カテゴリ（掲載種別）,静岡県駿東郡長泉町下長窪,7.8,56.7,,5,—,—,,—,賃貸のため対象外,,2026-08-09,,https://suumo.jp/chintai/jnc_000104869186/?bc=100502814803,不適合
SUUMO 賃貸 駿東郡（清水/長泉）,長泉町,賃貸マンション,賃貸カテゴリ（掲載種別）,静岡県駿東郡長泉町桜堤３,7.5,61.1,,5,—,—,,—,賃貸のため対象外,,2026-08-07,,https://suumo.jp/chintai/jnc_000058003889/?bc=100515469456,不適合
SUUMO 賃貸 駿東郡（清水/長泉）,長泉町,賃貸マンション,賃貸カテゴリ（掲載種別）,静岡県駿東郡長泉町桜堤３,7.5,61.1,,5,—,—,,—,賃貸のため対象外,,2026-08-07,,https://suumo.jp/chintai/jnc_000013978926/?bc=100518599848,不適合
SUUMO 土地 伊東市,伊東市,更地,土地カテゴリ（建物表記なし）,静岡県伊東市富戸１３１７－１１０６,60,383.0,0.5,3000,—,—,,不明,接道・区分情報なし、詳細/役場で要確認,,2026-07-12,,https://suumo.jp/tochi/shizuoka/sc_ito/nc_20859225/,不適合
SUUMO 土地 伊東市,伊東市,更地,土地カテゴリ（建物表記なし）,静岡県伊東市富戸1317-1106,60,383.0,0.5,3000,—,—,,不明,接道・区分情報なし、詳細/役場で要確認,,2026-07-18,,https://suumo.jp/tochi/shizuoka/sc_ito/nc_20858161/,不適合
SUUMO 土地 伊東市,伊東市,更地,土地カテゴリ（建物表記なし）,静岡県伊東市荻,80,398.0,0.7,3000,—,—,,不明,接道・区分情報なし、詳細/役場で要確認,,2026-07-12,,https://suumo.jp/tochi/shizuoka/sc_ito/nc_20043703/,不適合
SUUMO 土地 伊東市,伊東市,古家付き土地,土地＋古家/上物の表記,静岡県伊東市富戸,100,433.0,0.8,3000,—,—,,不明,接道・区分情報なし。建物ありだが現行法での再建築可否は役場で要確認,,2026-07-12,注意:別荘地,https://suumo.jp/tochi/shizuoka/sc_ito/nc_79175938/,不適合
SUUMO 土地 伊東市,伊東市,更地,土地カテゴリ（建物表記なし）,静岡県伊東市八幡野,100,647.0,0.5,3000,—,—,,不明,接道・区分情報なし、詳細/役場で要確認,,2026-07-12,,https://suumo.jp/tochi/shizuoka/sc_ito/nc_78771151/,不適合
SUUMO 土地 伊東市,伊東市,更地,土地カテゴリ（建物表記なし）,静岡県伊東市八幡野,100,589.0,0.6,3000,—,—,,不明,接道・区分情報なし、詳細/役場で要確認,,2026-08-07,,https://suumo.jp/tochi/shizuoka/sc_ito/nc_20752795/,不適合
SUUMO 土地 伊東市,伊東市,更地,土地カテゴリ（建物表記なし）,静岡県伊東市八幡野,100,495.0,0.7,3000,—,—,,不明,接道・区分情報なし、詳細/役場で要確認,,2026-07-12,,https://suumo.jp/tochi/shizuoka/sc_ito/nc_20874664/,不適合
SUUMO 土地 伊東市,伊東市,更地,土地カテゴリ（建物表記なし）,静岡県伊東市池,100,1028.0,0.3,3000,—,—,,不明,接道・区分情報なし、詳細/役場で要確認,,2026-07-12,,https://suumo.jp/tochi/shizuoka/sc_ito/nc_20828181/,適合
SUUMO 土地 伊東市,伊東市,更地,土地カテゴリ（建物表記なし）,静岡県伊東市八幡野,140,576.0,0.8,3000,—,—,,不明,接道・区分情報なし、詳細/役場で要確認,,2026-07-12,,https://suumo.jp/tochi/shizuoka/sc_ito/nc_20944609/,不適合
SUUMO 土地 伊東市,伊東市,更地,土地カテゴリ（建物表記なし）,静岡県伊東市荻,150,398.0,1.2,3000,—,—,,不明,接道・区分情報なし、詳細/役場で要確認,,2026-07-12,,https://suumo.jp/tochi/shizuoka/sc_ito/nc_78771153/,不適合
SUUMO 土地 伊東市,伊東市,更地,土地カテゴリ（建物表記なし）,静岡県伊東市十足,180,595.0,1.0,3000,—,—,,不明,接道・区分情報なし、詳細/役場で要確認,,2026-07-12,,https://suumo.jp/tochi/shizuoka/sc_ito/nc_78771141/,不適合
SUUMO 土地 伊東市,伊東市,更地,土地カテゴリ（建物表記なし）,静岡県伊東市荻472番70,198,200.9,3.3,3000,—,—,,不明,接道・区分情報なし、詳細/役場で要確認,,2026-07-12,,https://suumo.jp/tochi/shizuoka/sc_ito/nc_78684923/,不適合
SUUMO 土地 伊東市,伊東市,更地,土地カテゴリ（建物表記なし）,静岡県伊東市池,200,505.0,1.3,3000,—,—,,不明,接道・区分情報なし、詳細/役場で要確認,,2026-07-12,,https://suumo.jp/tochi/shizuoka/sc_ito/nc_20752778/,不適合
SUUMO 土地 伊東市,伊東市,更地,土地カテゴリ（建物表記なし）,静岡県伊東市八幡野,200,429.0,1.5,3000,—,—,,不明,接道・区分情報なし、詳細/役場で要確認,,2026-07-12,,https://suumo.jp/tochi/shizuoka/sc_ito/nc_78771143/,不適合
SUUMO 土地 伊東市,伊東市,更地,土地カテゴリ（建物表記なし）,静岡県伊東市荻,200,235.0,2.8,3000,—,—,,不明,接道・区分情報なし、詳細/役場で要確認,,2026-07-12,,https://suumo.jp/tochi/shizuoka/sc_ito/nc_20752781/,不適合
SUUMO 土地 伊東市,伊東市,更地,土地カテゴリ（建物表記なし）,静岡県伊東市八幡野,250,219.0,3.8,3000,—,—,,不明,接道・区分情報なし、詳細/役場で要確認,,2026-07-13,,https://suumo.jp/tochi/shizuoka/sc_ito/nc_20752773/,不適合
SUUMO 土地 伊東市,伊東市,更地,土地カテゴリ（建物表記なし）,静岡県伊東市富戸１３１７－４９１６,300,1090.0,0.9,3000,—,—,,不明,接道・区分情報なし、詳細/役場で要確認,,2026-07-27,,https://suumo.jp/tochi/shizuoka/sc_ito/nc_78683220/,適合
SUUMO 土地 伊東市,伊東市,更地,土地カテゴリ（建物表記なし）,静岡県伊東市鎌田,300,168.6,5.9,3000,田,—,,不明,接道・区分情報なし、詳細/役場で要確認,,2026-07-12,,https://suumo.jp/tochi/shizuoka/sc_ito/nc_96491569/,不適合
SUUMO 土地 伊東市,伊東市,更地,土地カテゴリ（建物表記なし）,静岡県伊東市富戸,300,459.0,2.2,3000,—,—,,不明,接道・区分情報なし、詳細/役場で要確認,,2026-07-12,,https://suumo.jp/tochi/shizuoka/sc_ito/nc_77949274/,不適合
SUUMO 土地 伊東市,伊東市,更地,土地カテゴリ（建物表記なし）,静岡県伊東市十足,300,1315.0,0.8,3000,—,—,,不明,接道・区分情報なし、詳細/役場で要確認,,2026-07-12,,https://suumo.jp/tochi/shizuoka/sc_ito/nc_72490119/,適合
SUUMO 土地 伊東市,伊東市,更地,土地カテゴリ（建物表記なし）,静岡県伊東市富戸,300,1167.8,0.8,3000,—,—,,不明,接道・区分情報なし、詳細/役場で要確認,,2026-07-12,,https://suumo.jp/tochi/shizuoka/sc_ito/nc_78665689/,適合
SUUMO 土地 伊東市,伊東市,更地,土地カテゴリ（建物表記なし）,静岡県伊東市富戸,300,1090.0,0.9,3000,—,—,,不明,接道・区分情報なし、詳細/役場で要確認,,2026-07-12,,https://suumo.jp/tochi/shizuoka/sc_ito/nc_78682886/,適合
SUUMO 土地 伊東市,伊東市,更地,土地カテゴリ（建物表記なし）,静岡県伊東市宇佐美,350,119.7,9.7,3000,—,—,,不明,接道・区分情報なし、詳細/役場で要確認,,2026-08-07,,https://suumo.jp/tochi/shizuoka/sc_ito/nc_21456231/,不適合
SUUMO 土地 伊東市,伊東市,更地,土地カテゴリ（建物表記なし）,静岡県伊東市富戸,363,588.0,2.0,3000,—,—,,不明,接道・区分情報なし、詳細/役場で要確認,,2026-07-12,,https://suumo.jp/tochi/shizuoka/sc_ito/nc_20752794/,不適合
SUUMO 土地 伊東市,伊東市,更地,土地カテゴリ（建物表記なし）,静岡県伊東市玖須美元和田708-180,380,220.0,5.7,3000,田,—,,不明,接道・区分情報なし、詳細/役場で要確認,,2026-07-31,,https://suumo.jp/tochi/shizuoka/sc_ito/nc_21406345/,不適合
SUUMO 土地 伊東市,伊東市,更地,土地カテゴリ（建物表記なし）,静岡県伊東市富戸,400,416.0,3.2,3000,—,—,,不明,接道・区分情報なし、詳細/役場で要確認,,2026-07-12,,https://suumo.jp/tochi/shizuoka/sc_ito/nc_79052523/,不適合
SUUMO 土地 伊東市,伊東市,更地,土地カテゴリ（建物表記なし）,静岡県伊東市八幡野,400,430.1,3.1,3000,—,—,,不明,接道・区分情報なし、詳細/役場で要確認,,2026-07-12,,https://suumo.jp/tochi/shizuoka/sc_ito/nc_91647403/,不適合
SUUMO 土地 伊東市,伊東市,更地,土地カテゴリ（建物表記なし）,静岡県伊東市富戸,400,745.0,1.8,3000,—,—,,不明,接道・区分情報なし、詳細/役場で要確認,,2026-07-12,,https://suumo.jp/tochi/shizuoka/sc_ito/nc_20752790/,不適合
SUUMO 土地 伊東市,伊東市,更地,土地カテゴリ（建物表記なし）,静岡県伊東市池615-63,400,414.0,3.2,3000,—,—,,不明,接道・区分情報なし、詳細/役場で要確認,,2026-07-12,,https://suumo.jp/tochi/shizuoka/sc_ito/nc_76445688/,不適合
SUUMO 土地 伊東市,伊東市,更地,土地カテゴリ（建物表記なし）,静岡県伊東市荻,400,244.0,5.4,3000,—,—,,不明,接道・区分情報なし、詳細/役場で要確認,,2026-07-12,,https://suumo.jp/tochi/shizuoka/sc_ito/nc_20762543/,不適合
SUUMO 土地 伊東市,伊東市,更地,土地カテゴリ（建物表記なし）,静岡県伊東市八幡野,400,621.0,2.1,3000,—,—,,不明,接道・区分情報なし、詳細/役場で要確認,,2026-07-12,,https://suumo.jp/tochi/shizuoka/sc_ito/nc_20877557/,不適合
SUUMO 土地 伊東市,伊東市,更地,土地カテゴリ（建物表記なし）,静岡県伊東市富戸,431,442.0,3.2,3000,—,—,,不明,接道・区分情報なし、詳細/役場で要確認,,2026-07-12,,https://suumo.jp/tochi/shizuoka/sc_ito/nc_79052525/,不適合
SUUMO 土地 伊東市,伊東市,更地,土地カテゴリ（建物表記なし）,静岡県伊東市池,450,481.0,3.1,3000,—,—,,不明,接道・区分情報なし、詳細/役場で要確認,,2026-07-12,,https://suumo.jp/tochi/shizuoka/sc_ito/nc_71910245/,不適合
SUUMO 土地 伊東市,伊東市,更地,土地カテゴリ（建物表記なし）,静岡県伊東市湯川,450,387.6,3.8,3000,—,—,,不明,接道・区分情報なし、詳細/役場で要確認,,2026-07-12,,https://suumo.jp/tochi/shizuoka/sc_ito/nc_78771152/,不適合
SUUMO 土地 伊東市,伊東市,更地,土地カテゴリ（建物表記なし）,静岡県伊東市鎌田194-1,450,454.1,3.3,3000,田,—,,不明,接道・区分情報なし、詳細/役場で要確認,,2026-07-18,,https://suumo.jp/tochi/shizuoka/sc_ito/nc_21317479/,不適合
SUUMO 土地 伊東市,伊東市,更地,土地カテゴリ（建物表記なし）,静岡県伊東市鎌田,450,298.0,5.0,3000,田,—,,不明,接道・区分情報なし、詳細/役場で要確認,,2026-07-12,,https://suumo.jp/tochi/shizuoka/sc_ito/nc_20752788/,不適合
SUUMO 土地 伊東市,伊東市,更地,土地カテゴリ（建物表記なし）,静岡県伊東市富戸,450,572.0,2.6,3000,—,—,,不明,接道・区分情報なし、詳細/役場で要確認,,2026-07-12,,https://suumo.jp/tochi/shizuoka/sc_ito/nc_20752760/,不適合
SUUMO 土地 伊東市,伊東市,更地,土地カテゴリ（建物表記なし）,静岡県伊東市馬場町２,480,165.3,9.6,3000,—,—,,不明,接道・区分情報なし、詳細/役場で要確認,,2026-07-12,,https://suumo.jp/tochi/shizuoka/sc_ito/nc_21193733/,不適合
SUUMO 土地 伊東市,伊東市,更地,土地カテゴリ（建物表記なし）,静岡県伊東市十足,480,563.0,2.8,3000,—,—,,不明,接道・区分情報なし、詳細/役場で要確認,,2026-07-12,,https://suumo.jp/tochi/shizuoka/sc_ito/nc_74443374/,不適合
SUUMO 土地 伊東市,伊東市,更地,土地カテゴリ（建物表記なし）,静岡県伊東市宇佐美,480,208.3,7.6,3000,—,—,,不明,接道・区分情報なし、詳細/役場で要確認,,2026-07-12,,https://suumo.jp/tochi/shizuoka/sc_ito/nc_20438119/,不適合
SUUMO 土地 伊東市,伊東市,更地,土地カテゴリ（建物表記なし）,静岡県伊東市荻,490,420.0,3.9,3000,—,—,,不明,接道・区分情報なし、詳細/役場で要確認,,2026-07-12,,https://suumo.jp/tochi/shizuoka/sc_ito/nc_73835740/,不適合
SUUMO 土地 伊東市,伊東市,更地,土地カテゴリ（建物表記なし）,静岡県伊東市八幡野,500,115.7,14.3,3000,—,—,,不明,接道・区分情報なし、詳細/役場で要確認,,2026-07-12,,https://suumo.jp/tochi/shizuoka/sc_ito/nc_20063799/,不適合
SUUMO 土地 伊東市,伊東市,更地,土地カテゴリ（建物表記なし）,静岡県伊東市富戸,500,486.0,3.4,3000,—,—,,不明,接道・区分情報なし、詳細/役場で要確認,,2026-07-12,,https://suumo.jp/tochi/shizuoka/sc_ito/nc_74345425/,不適合
SUUMO 土地 伊東市,伊東市,更地,土地カテゴリ（建物表記なし）,静岡県伊東市富戸,500,1334.0,1.2,3000,—,—,,不明,接道・区分情報なし、詳細/役場で要確認,,2026-07-12,,https://suumo.jp/tochi/shizuoka/sc_ito/nc_20198016/,適合
SUUMO 土地 伊東市,伊東市,更地,土地カテゴリ（建物表記なし）,静岡県伊東市八幡野,500,436.0,3.8,3000,—,—,,不明,接道・区分情報なし、詳細/役場で要確認,,2026-07-12,,https://suumo.jp/tochi/shizuoka/sc_ito/nc_84391595/,不適合
SUUMO 土地 伊東市,伊東市,更地,土地カテゴリ（建物表記なし）,静岡県伊東市静海町,500,101.0,16.4,3000,—,—,,不明,接道・区分情報なし、詳細/役場で要確認,,2026-07-12,,https://suumo.jp/tochi/shizuoka/sc_ito/nc_78771154/,不適合
SUUMO 土地 伊東市,伊東市,更地,土地カテゴリ（建物表記なし）,静岡県伊東市十足,500,470.0,3.5,3000,—,—,,不明,接道・区分情報なし、詳細/役場で要確認,,2026-07-12,,https://suumo.jp/tochi/shizuoka/sc_ito/nc_76308290/,不適合
SUUMO 土地 伊東市,伊東市,更地,土地カテゴリ（建物表記なし）,静岡県伊東市富戸,500,615.6,2.7,3000,—,—,,不明,接道・区分情報なし、詳細/役場で要確認,,2026-07-12,,https://suumo.jp/tochi/shizuoka/sc_ito/nc_20752894/,不適合
SUUMO 土地 伊東市,伊東市,更地,土地カテゴリ（建物表記なし）,静岡県伊東市鎌田,540,119.8,14.9,3000,田,—,,不明,接道・区分情報なし、詳細/役場で要確認,,2026-07-24,,https://suumo.jp/tochi/shizuoka/sc_ito/nc_79181624/,不適合
SUUMO 土地 伊東市,伊東市,更地,土地カテゴリ（建物表記なし）,静岡県伊東市川奈,555,662.0,2.8,3000,—,—,,不明,接道・区分情報なし、詳細/役場で要確認,,2026-07-12,注意:別荘地,https://suumo.jp/tochi/shizuoka/sc_ito/nc_20526938/,不適合
SUUMO 土地 伊東市,伊東市,更地,土地カテゴリ（建物表記なし）,静岡県伊東市池,600,667.0,3.0,3000,—,—,,不明,接道・区分情報なし、詳細/役場で要確認,,2026-07-12,,https://suumo.jp/tochi/shizuoka/sc_ito/nc_76393263/,不適合
SUUMO 土地 伊東市,伊東市,更地,土地カテゴリ（建物表記なし）,静岡県伊東市富戸,620,230.5,8.9,3000,—,—,,不明,接道・区分情報なし、詳細/役場で要確認,,2026-07-24,,https://suumo.jp/tochi/shizuoka/sc_ito/nc_79181443/,不適合
SUUMO 土地 伊東市,伊東市,更地,土地カテゴリ（建物表記なし）,静岡県伊東市大原３,680,122.0,18.4,3000,—,—,,不明,接道・区分情報なし、詳細/役場で要確認,,2026-07-12,,https://suumo.jp/tochi/shizuoka/sc_ito/nc_21260737/,不適合
SUUMO 土地 伊東市,伊東市,更地,土地カテゴリ（建物表記なし）,静岡県伊東市八幡野,680,291.4,7.7,3000,—,—,,不明,接道・区分情報なし、詳細/役場で要確認,,2026-07-12,,https://suumo.jp/tochi/shizuoka/sc_ito/nc_71082388/,不適合
SUUMO 土地 伊東市,伊東市,更地,土地カテゴリ（建物表記なし）,静岡県伊東市八幡野,700,314.0,7.4,3000,—,—,,不明,接道・区分情報なし、詳細/役場で要確認,,2026-07-12,,https://suumo.jp/tochi/shizuoka/sc_ito/nc_66521648/,不適合
SUUMO 土地 伊東市,伊東市,更地,土地カテゴリ（建物表記なし）,静岡県伊東市富戸,780,660.0,3.9,3000,—,—,,不明,接道・区分情報なし、詳細/役場で要確認,,2026-07-24,,https://suumo.jp/tochi/shizuoka/sc_ito/nc_74959047/,不適合
SUUMO 土地 伊東市,伊東市,更地,土地カテゴリ（建物表記なし）,静岡県伊東市八幡野,780,347.0,7.4,3000,—,—,,不明,接道・区分情報なし、詳細/役場で要確認,,2026-07-12,,https://suumo.jp/tochi/shizuoka/sc_ito/nc_20976084/,不適合
SUUMO 土地 伊東市,伊東市,更地,土地カテゴリ（建物表記なし）,静岡県伊東市川奈1315-9他,800,187.1,14.1,3000,—,—,,不明,接道・区分情報なし、詳細/役場で要確認,,2026-07-12,,https://suumo.jp/tochi/shizuoka/sc_ito/nc_71739867/,不適合
SUUMO 土地 伊東市,伊東市,更地,土地カテゴリ（建物表記なし）,静岡県伊東市鎌田,800,132.6,19.9,3000,田,—,,不明,接道・区分情報なし、詳細/役場で要確認,,2026-07-12,,https://suumo.jp/tochi/shizuoka/sc_ito/nc_82209132/,不適合
SUUMO 土地 伊東市,伊東市,更地,土地カテゴリ（建物表記なし）,静岡県伊東市宇佐美,850,181.8,15.5,3000,—,—,,不明,接道・区分情報なし、詳細/役場で要確認,,2026-07-12,,https://suumo.jp/tochi/shizuoka/sc_ito/nc_20212854/,不適合
SUUMO 土地 伊東市,伊東市,更地,土地カテゴリ（建物表記なし）,静岡県伊東市吉田747-257　他,850,166.0,16.9,3000,田,—,,不明,接道・区分情報なし、詳細/役場で要確認,,2026-08-02,,https://suumo.jp/tochi/shizuoka/sc_ito/nc_21418690/,不適合
SUUMO 土地 伊東市,伊東市,更地,土地カテゴリ（建物表記なし）,静岡県伊東市猪戸１-6-20,850,79.3,35.4,3000,—,—,,不明,接道・区分情報なし、詳細/役場で要確認,,2026-07-12,,https://suumo.jp/tochi/shizuoka/sc_ito/nc_21121425/,不適合
SUUMO 土地 伊東市,伊東市,更地,土地カテゴリ（建物表記なし）,静岡県伊東市宇佐美,860,236.4,12.0,3000,—,—,,不明,接道・区分情報なし、詳細/役場で要確認,,2026-08-04,,https://suumo.jp/tochi/shizuoka/sc_ito/nc_78597551/,不適合
SUUMO 土地 伊東市,伊東市,更地,土地カテゴリ（建物表記なし）,静岡県伊東市宇佐美,880,166.0,17.5,3000,—,—,,不明,接道・区分情報なし、詳細/役場で要確認,,2026-07-12,注意:温泉,https://suumo.jp/tochi/shizuoka/sc_ito/nc_78771142/,不適合
SUUMO 土地 伊東市,伊東市,更地,土地カテゴリ（建物表記なし）,静岡県伊東市玖須美元和田,880,174.4,16.7,3000,田,—,,不明,接道・区分情報なし、詳細/役場で要確認,,2026-07-12,,https://suumo.jp/tochi/shizuoka/sc_ito/nc_78771149/,不適合
SUUMO 土地 伊東市,伊東市,更地,土地カテゴリ（建物表記なし）,静岡県伊東市八幡野,900,442.0,6.7,3000,—,—,,不明,接道・区分情報なし、詳細/役場で要確認,,2026-07-12,,https://suumo.jp/tochi/shizuoka/sc_ito/nc_78771157/,不適合
SUUMO 土地 伊東市,伊東市,更地,土地カテゴリ（建物表記なし）,静岡県伊東市八幡野,900,611.0,4.9,3000,—,—,,不明,接道・区分情報なし、詳細/役場で要確認,,2026-07-12,,https://suumo.jp/tochi/shizuoka/sc_ito/nc_20100259/,不適合
SUUMO 土地 伊東市,伊東市,更地,土地カテゴリ（建物表記なし）,静岡県伊東市玖須美元和田,930,166.6,18.5,3000,田,—,,不明,接道・区分情報なし、詳細/役場で要確認,,2026-07-12,,https://suumo.jp/tochi/shizuoka/sc_ito/nc_78771146/,不適合
SUUMO 土地 伊東市,伊東市,更地,土地カテゴリ（建物表記なし）,静岡県伊東市川奈,950,254.3,12.3,3000,—,—,,不明,接道・区分情報なし、詳細/役場で要確認,,2026-07-19,,https://suumo.jp/tochi/shizuoka/sc_ito/nc_21322989/,不適合
SUUMO 土地 伊東市,伊東市,更地,土地カテゴリ（建物表記なし）,静岡県伊東市富戸,950,370.0,8.5,3000,—,—,,不明,接道・区分情報なし、詳細/役場で要確認,,2026-07-12,,https://suumo.jp/tochi/shizuoka/sc_ito/nc_78581075/,不適合
SUUMO 土地 伊東市,伊東市,更地,土地カテゴリ（建物表記なし）,静岡県伊東市玖須美元和田,950,166.6,18.9,3000,田,—,,不明,接道・区分情報なし、詳細/役場で要確認,,2026-07-12,,https://suumo.jp/tochi/shizuoka/sc_ito/nc_78771145/,不適合
SUUMO 土地 伊東市,伊東市,更地,土地カテゴリ（建物表記なし）,静岡県伊東市玖須美元和田,950,205.5,15.3,3000,田,—,,不明,接道・区分情報なし、詳細/役場で要確認,,2026-07-12,,https://suumo.jp/tochi/shizuoka/sc_ito/nc_78771150/,不適合
SUUMO 土地 伊東市,伊東市,更地,土地カテゴリ（建物表記なし）,静岡県伊東市富戸,950,486.0,6.5,3000,—,—,,不明,接道・区分情報なし、詳細/役場で要確認,,2026-07-23,,https://suumo.jp/tochi/shizuoka/sc_ito/nc_21341840/,不適合
SUUMO 土地 伊東市,伊東市,更地,土地カテゴリ（建物表記なし）,静岡県伊東市宇佐美1661-21,980,159.9,20.3,3000,—,—,,不明,接道・区分情報なし、詳細/役場で要確認,,2026-07-12,,https://suumo.jp/tochi/shizuoka/sc_ito/nc_20607113/,不適合
SUUMO 土地 伊東市,伊東市,更地,土地カテゴリ（建物表記なし）,静岡県伊東市八幡野,980,517.0,6.3,3000,—,—,,不明,接道・区分情報なし、詳細/役場で要確認,,2026-07-12,,https://suumo.jp/tochi/shizuoka/sc_ito/nc_66521755/,不適合
SUUMO 土地 伊東市,伊東市,更地,土地カテゴリ（建物表記なし）,静岡県伊東市八幡野,980,9646.0,0.3,3000,—,—,接道の可能性があり、事業用地,不明,接道・区分情報なし、詳細/役場で要確認,,2026-07-12,,https://suumo.jp/tochi/shizuoka/sc_ito/nc_78778290/,適合
SUUMO 土地 伊東市,伊東市,更地,土地カテゴリ（建物表記なし）,静岡県伊東市富戸,980,407.8,7.9,3000,—,—,,不明,接道・区分情報なし、詳細/役場で要確認,,2026-07-12,,https://suumo.jp/tochi/shizuoka/sc_ito/nc_97159100/,不適合
SUUMO 土地 伊東市,伊東市,更地,土地カテゴリ（建物表記なし）,静岡県伊東市玖須美元和田,980,198.2,16.3,3000,田,—,,不明,接道・区分情報なし、詳細/役場で要確認,,2026-07-12,,https://suumo.jp/tochi/shizuoka/sc_ito/nc_78771148/,不適合
SUUMO 土地 伊東市,伊東市,更地,土地カテゴリ（建物表記なし）,静岡県伊東市玖須美元和田,980,188.8,17.2,3000,田,—,,不明,接道・区分情報なし、詳細/役場で要確認,,2026-07-12,,https://suumo.jp/tochi/shizuoka/sc_ito/nc_78771147/,不適合
SUUMO 土地 伊東市,伊東市,更地,土地カテゴリ（建物表記なし）,静岡県伊東市吉田,1000,659.2,5.0,3000,田,—,,不明,接道・区分情報なし、詳細/役場で要確認,,2026-07-12,,https://suumo.jp/tochi/shizuoka/sc_ito/nc_66521179/,不適合
SUUMO 土地 伊東市,伊東市,更地,土地カテゴリ（建物表記なし）,静岡県伊東市富戸,1000,514.0,6.4,3000,—,—,,不明,接道・区分情報なし、詳細/役場で要確認,,2026-07-12,,https://suumo.jp/tochi/shizuoka/sc_ito/nc_72536148/,不適合
SUUMO 土地 伊東市,伊東市,更地,土地カテゴリ（建物表記なし）,静岡県伊東市八幡野,1000,218.0,15.2,3000,—,—,,不明,接道・区分情報なし、詳細/役場で要確認,,2026-07-12,,https://suumo.jp/tochi/shizuoka/sc_ito/nc_21002063/,不適合
SUUMO 土地 伊東市,伊東市,更地,土地カテゴリ（建物表記なし）,静岡県伊東市八幡野,1000,666.6,5.0,3000,—,—,,不明,接道・区分情報なし、詳細/役場で要確認,,2026-07-12,,https://suumo.jp/tochi/shizuoka/sc_ito/nc_20752792/,不適合
SUUMO 土地 伊東市,伊東市,更地,土地カテゴリ（建物表記なし）,静岡県伊東市八幡野,1100,230.0,15.8,3000,—,—,,不明,接道・区分情報なし、詳細/役場で要確認,,2026-07-12,,https://suumo.jp/tochi/shizuoka/sc_ito/nc_21001998/,不適合
SUUMO 土地 伊東市,伊東市,更地,土地カテゴリ（建物表記なし）,静岡県伊東市宇佐美,1100,379.6,9.6,3000,—,—,,不明,接道・区分情報なし、詳細/役場で要確認,,2026-08-04,,https://suumo.jp/tochi/shizuoka/sc_ito/nc_78597550/,不適合
SUUMO 土地 伊東市,伊東市,更地,土地カテゴリ（建物表記なし）,静岡県伊東市湯川,1180,307.6,12.7,3000,—,—,,不明,接道・区分情報なし、詳細/役場で要確認,,2026-08-03,,https://suumo.jp/tochi/shizuoka/sc_ito/nc_21361124/,不適合
SUUMO 土地 伊東市,伊東市,更地,土地カテゴリ（建物表記なし）,静岡県伊東市八幡野,1200,940.0,4.2,3000,—,—,,不明,接道・区分情報なし、詳細/役場で要確認,,2026-07-12,,https://suumo.jp/tochi/shizuoka/sc_ito/nc_20752791/,不適合
SUUMO 土地 伊東市,伊東市,更地,土地カテゴリ（建物表記なし）,静岡県伊東市川奈,1240,534.0,7.7,3000,—,—,,不明,接道・区分情報なし、詳細/役場で要確認,,2026-07-12,,https://suumo.jp/tochi/shizuoka/sc_ito/nc_83505648/,不適合
SUUMO 土地 伊東市,伊東市,更地,土地カテゴリ（建物表記なし）,静岡県伊東市八幡野,1260,354.8,11.7,3000,—,—,,不明,接道・区分情報なし、詳細/役場で要確認,,2026-07-12,,https://suumo.jp/tochi/shizuoka/sc_ito/nc_74375259/,不適合
SUUMO 土地 伊東市,伊東市,更地,土地カテゴリ（建物表記なし）,静岡県伊東市鎌田７７６－３、７７６－２,1320,481.6,9.1,3000,田,—,,不明,接道・区分情報なし、詳細/役場で要確認,,2026-07-12,,https://suumo.jp/tochi/shizuoka/sc_ito/nc_78521815/,不適合
SUUMO 土地 伊東市,伊東市,更地,土地カテゴリ（建物表記なし）,静岡県伊東市鎌田,1320,481.6,9.1,3000,田,—,,不明,接道・区分情報なし、詳細/役場で要確認,,2026-07-18,,https://suumo.jp/tochi/shizuoka/sc_ito/nc_20900797/,不適合
SUUMO 土地 伊東市,伊東市,更地,土地カテゴリ（建物表記なし）,静岡県伊東市八幡野,1400,638.0,7.3,3000,—,—,,不明,接道・区分情報なし、詳細/役場で要確認,,2026-07-12,,https://suumo.jp/tochi/shizuoka/sc_ito/nc_20828165/,不適合
SUUMO 土地 伊東市,伊東市,更地,土地カテゴリ（建物表記なし）,静岡県伊東市大原１-１１３７－４,1440,198.4,24.0,3000,—,—,,不明,接道・区分情報なし、詳細/役場で要確認,,2026-07-12,,https://suumo.jp/tochi/shizuoka/sc_ito/nc_20865970/,不適合
SUUMO 土地 伊東市,伊東市,更地,土地カテゴリ（建物表記なし）,静岡県伊東市富戸,1480,506.0,9.7,3000,—,—,,不明,接道・区分情報なし、詳細/役場で要確認,,2026-07-12,,https://suumo.jp/tochi/shizuoka/sc_ito/nc_20863197/,不適合
SUUMO 土地 伊東市,伊東市,更地,土地カテゴリ（建物表記なし）,静岡県伊東市吉田,1500,1150.9,4.3,3000,田,—,,不明,接道・区分情報なし、詳細/役場で要確認,,2026-07-12,,https://suumo.jp/tochi/shizuoka/sc_ito/nc_78240236/,適合
SUUMO 土地 伊東市,伊東市,更地,土地カテゴリ（建物表記なし）,静岡県伊東市川奈,1880,879.0,7.1,3000,—,—,,不明,接道・区分情報なし、詳細/役場で要確認,,2026-07-24,,https://suumo.jp/tochi/shizuoka/sc_ito/nc_71522480/,不適合
SUUMO 土地 伊東市,伊東市,更地,土地カテゴリ（建物表記なし）,静岡県伊東市岡,1980,728.0,9.0,3000,—,—,,不明,接道・区分情報なし、詳細/役場で要確認,,2026-07-12,,https://suumo.jp/tochi/shizuoka/sc_ito/nc_20042906/,不適合
SUUMO 土地 伊東市,伊東市,更地,土地カテゴリ（建物表記なし）,静岡県伊東市吉田,2000,1063.0,6.2,3000,田,—,,不明,接道・区分情報なし、詳細/役場で要確認,,2026-07-12,,https://suumo.jp/tochi/shizuoka/sc_ito/nc_73639699/,適合
SUUMO 土地 伊東市,伊東市,更地,土地カテゴリ（建物表記なし）,静岡県伊東市八幡野,2000,1064.0,6.2,3000,—,—,,不明,接道・区分情報なし、詳細/役場で要確認,,2026-07-12,,https://suumo.jp/tochi/shizuoka/sc_ito/nc_20802866/,適合
SUUMO 土地 伊東市,伊東市,更地,土地カテゴリ（建物表記なし）,静岡県伊東市宇佐美,2100,298.8,23.2,3000,—,—,,不明,接道・区分情報なし、詳細/役場で要確認,,2026-07-12,,https://suumo.jp/tochi/shizuoka/sc_ito/nc_20779375/,不適合
SUUMO 土地 伊東市,伊東市,更地,土地カテゴリ（建物表記なし）,静岡県伊東市岡,2500,728.0,11.4,3000,—,—,,不明,接道・区分情報なし、詳細/役場で要確認,,2026-07-12,注意:温泉,https://suumo.jp/tochi/shizuoka/sc_ito/nc_74640165/,不適合
SUUMO 土地 伊東市,伊東市,更地,土地カテゴリ（建物表記なし）,静岡県伊東市宇佐美,2700,889.1,10.0,3000,—,—,,不明,接道・区分情報なし、詳細/役場で要確認,,2026-08-07,,https://suumo.jp/tochi/shizuoka/sc_ito/nc_78570583/,不適合
SUUMO 土地 伊東市,伊東市,更地,土地カテゴリ（建物表記なし）,静岡県伊東市富戸,2800,1109.0,8.3,3000,—,—,,不明,接道・区分情報なし、詳細/役場で要確認,,2026-07-12,,https://suumo.jp/tochi/shizuoka/sc_ito/nc_20835992/,適合
SUUMO 土地 伊東市,伊東市,更地,土地カテゴリ（建物表記なし）,静岡県伊東市富戸,2800,1667.0,5.6,3000,—,—,,不明,接道・区分情報なし、詳細/役場で要確認,,2026-07-12,,https://suumo.jp/tochi/shizuoka/sc_ito/nc_78920700/,適合
SUUMO 土地 伊東市,伊東市,更地,土地カテゴリ（建物表記なし）,静岡県伊東市玖須美元和田,6500,2265.0,9.5,3000,田,—,,不明,接道・区分情報なし、詳細/役場で要確認,,2026-07-12,,https://suumo.jp/tochi/shizuoka/sc_ito/nc_77713425/,不適合
SUUMO 土地 伊東市,伊東市,更地,土地カテゴリ（建物表記なし）,静岡県伊東市富戸,29500,6634.9,14.7,3000,—,—,,不明,接道・区分情報なし、詳細/役場で要確認,,2026-07-12,,https://suumo.jp/tochi/shizuoka/sc_ito/nc_21189774/,不適合
SUUMO 土地 伊東市,伊東市,更地,土地カテゴリ（建物表記なし）,静岡県伊東市富戸,29500,66341.9,1.5,3000,田,—,,不明,接道・区分情報なし、詳細/役場で要確認,,2026-07-13,,https://suumo.jp/tochi/shizuoka/sc_ito/nc_21214874/,不適合
SUUMO 土地 伊東市,伊東市,更地,土地カテゴリ（建物表記なし）,静岡県伊東市富戸,29500,9999.0,9.8,3000,—,—,,不明,接道・区分情報なし、詳細/役場で要確認,,2026-08-07,,https://suumo.jp/tochi/shizuoka/sc_ito/nc_21448274/,不適合
SUUMO 土地 伊東市,伊東市,更地,土地カテゴリ（建物表記なし）,静岡県伊東市富戸,30000,9918.0,10.0,3000,田,—,,不明,接道・区分情報なし、詳細/役場で要確認,,2026-07-12,,https://suumo.jp/tochi/shizuoka/sc_ito/nc_75865708/,不適合
LIFULL 土地 長泉町,,更地,土地カテゴリ（建物表記なし）,【積水ハウス】コモンステージ長泉III【建築条件付土地】,2480,145.4,56.4,1500,宅地,—,,不明,接道・区分情報なし、詳細/役場で要確認,,2026-07-29,,https://www.homes.co.jp/tochi/b-17015760000090/,不適合
LIFULL 土地 長泉町,,更地,土地カテゴリ（建物表記なし）,【積水ハウス】コモンステージ三島駅西II【建築条件付土地】,5980,275.1,71.9,1500,—,—,,不明,接道・区分情報なし、詳細/役場で要確認,,2026-07-29,,https://www.homes.co.jp/tochi/b-17015760000074/,不適合
LIFULL 土地 長泉町,,更地,土地カテゴリ（建物表記なし）,【積水ハウス】コモンステージ長泉II【建築条件付土地】,5980,311.4,63.5,1500,—,—,,不明,接道・区分情報なし、詳細/役場で要確認,,2026-07-29,,https://www.homes.co.jp/tochi/b-17015760000086/,不適合
LIFULL 土地 長泉町,長泉町,更地,土地カテゴリ（建物表記なし）,【積水ハウス】コモンステージ長泉町役場北【建築条件付土地】,3180,176.3,59.6,1500,—,—,,不明,接道・区分情報なし、詳細/役場で要確認,,2026-07-29,,https://www.homes.co.jp/tochi/b-17015760000100/,不適合
LIFULL 土地 長泉町,,更地,土地カテゴリ（建物表記なし）,【積水ハウス】コモンステージ長泉IV【建築条件付土地】,2680,165.5,53.5,1500,宅地,—,,不明,接道・区分情報なし、詳細/役場で要確認,,2026-07-29,,https://www.homes.co.jp/tochi/b-17015760000106/,不適合
LIFULL 土地 長泉町,長泉町,古家付き土地,土地＋古家/上物の表記,駿東郡長泉町元長窪 (長泉なめり駅),1980,,,1500,—,—,,不明,接道・区分情報なし。建物ありだが現行法での再建築可否は役場で要確認,,2026-07-30,,https://www.homes.co.jp/tochi/b-70120000497/,数値不明
LIFULL 土地 長泉町,長泉町,更地,土地カテゴリ（建物表記なし）,駿東郡長泉町東野 (長泉なめり駅),3900,,,1500,—,—,,不明,接道・区分情報なし、詳細/役場で要確認,,2026-07-18,,https://www.homes.co.jp/tochi/b-1500050000684/,数値不明
LIFULL 土地 長泉町,長泉町,古家付き土地,土地＋古家/上物の表記,駿東郡長泉町下長窪 (長泉なめり駅),2850,,,1500,—,—,,不明,接道・区分情報なし。建物ありだが現行法での再建築可否は役場で要確認,,2026-06-19,注意:要相談,https://www.homes.co.jp/tochi/b-1500050000641/,数値不明
LIFULL 土地 長泉町,長泉町,更地,土地カテゴリ（建物表記なし）,駿東郡長泉町南一色 (長泉なめり駅),2200,,,1500,—,—,,不明,接道・区分情報なし、詳細/役場で要確認,,2026-06-19,,https://www.homes.co.jp/tochi/b-1500050000587/,数値不明
LIFULL 土地 長泉町,長泉町,更地,土地カテゴリ（建物表記なし）,駿東郡長泉町本宿 (大岡駅),1580,,,1500,—,—,,不明,接道・区分情報なし、詳細/役場で要確認,,2026-08-08,,https://www.homes.co.jp/tochi/b-33327210001578/,数値不明
LIFULL 土地 長泉町,長泉町,更地,土地カテゴリ（建物表記なし）,駿東郡長泉町竹原 (下土狩駅),800,,,1500,—,—,,不明,接道・区分情報なし、詳細/役場で要確認,,2026-06-19,,https://www.homes.co.jp/tochi/b-33334000000019/,数値不明
LIFULL 土地 長泉町,長泉町,古家付き土地,土地＋古家/上物の表記,駿東郡長泉町下土狩 (下土狩駅),4000,,,1500,—,—,,不明,接道・区分情報なし。建物ありだが現行法での再建築可否は役場で要確認,,2026-07-02,,https://www.homes.co.jp/tochi/b-33320790000076/,数値不明
LIFULL 土地 長泉町,長泉町,古家付き土地,土地＋古家/上物の表記,駿東郡長泉町下土狩 (下土狩駅),3400,,,1500,—,—,,不明,接道・区分情報なし。建物ありだが現行法での再建築可否は役場で要確認,,2026-07-02,,https://www.homes.co.jp/tochi/b-33320790000075/,数値不明
LIFULL 土地 長泉町,長泉町,更地,土地カテゴリ（建物表記なし）,駿東郡長泉町上土狩 (長泉なめり駅),2580,,,1500,—,—,,不明,接道・区分情報なし、詳細/役場で要確認,,2026-07-15,,https://www.homes.co.jp/tochi/b-33318160000130/,数値不明
LIFULL 土地 長泉町,長泉町,更地,土地カテゴリ（建物表記なし）,駿東郡長泉町下土狩 (下土狩駅),2980,,,1500,—,—,,不明,接道・区分情報なし、詳細/役場で要確認,,2026-07-13,,https://www.homes.co.jp/tochi/b-1504400000779/,数値不明
LIFULL 土地 長泉町,長泉町,更地,土地カテゴリ（建物表記なし）,駿東郡長泉町本宿 (大岡駅),2800,,,1500,田,—,,不明,接道・区分情報なし、詳細/役場で要確認,,2026-07-28,,https://www.homes.co.jp/tochi/b-1540930000291/,数値不明
LIFULL 土地 長泉町,長泉町,更地,土地カテゴリ（建物表記なし）,駿東郡長泉町東野 (長泉なめり駅),1100,,,1500,宅地,—,,不明,接道・区分情報なし、詳細/役場で要確認,,2026-06-19,,https://www.homes.co.jp/tochi/b-1265050002513/,数値不明
LIFULL 土地 長泉町,長泉町,古家付き土地,土地＋古家/上物の表記,駿東郡長泉町中土狩 (長泉なめり駅),1990,,,1500,—,—,,不明,接道・区分情報なし。建物ありだが現行法での再建築可否は役場で要確認,,2026-07-24,,https://www.homes.co.jp/tochi/b-1265050002682/,数値不明
LIFULL 土地 長泉町,長泉町,更地,土地カテゴリ（建物表記なし）,駿東郡長泉町下土狩 (下土狩駅),1250,,,1500,—,—,,不明,接道・区分情報なし、詳細/役場で要確認,,2026-07-28,,https://www.homes.co.jp/tochi/b-33324250000155/,数値不明
LIFULL 土地 長泉町,長泉町,更地,土地カテゴリ（建物表記なし）,駿東郡長泉町元長窪 (三島駅),850,,,1500,—,—,,不明,接道・区分情報なし、詳細/役場で要確認,,2026-06-19,,https://www.homes.co.jp/tochi/b-33326400000177/,数値不明
LIFULL 土地 長泉町,長泉町,更地,土地カテゴリ（建物表記なし）,駿東郡長泉町納米里 (長泉なめり駅),2950,,,1500,田,—,,不明,接道・区分情報なし、詳細/役場で要確認,,2026-08-11,,https://www.homes.co.jp/tochi/b-1540930000250/,数値不明
LIFULL 土地 長泉町,長泉町,古家付き土地,土地＋古家/上物の表記,駿東郡長泉町下土狩 (下土狩駅),530,,,1500,—,—,,不明,接道・区分情報なし。建物ありだが現行法での再建築可否は役場で要確認,,2026-07-30,,https://www.homes.co.jp/tochi/b-33300610000008/,数値不明
LIFULL 土地 長泉町,長泉町,古家付き土地,土地＋古家/上物の表記,駿東郡長泉町東野 (裾野駅),2600,,,1500,—,—,,不明,接道・区分情報なし。建物ありだが現行法での再建築可否は役場で要確認,,2026-06-19,,https://www.homes.co.jp/tochi/b-33323360000908/,数値不明
LIFULL 土地 長泉町,長泉町,更地,土地カテゴリ（建物表記なし）,駿東郡長泉町南一色 (長泉なめり駅),1525,,,1500,—,—,,不明,接道・区分情報なし、詳細/役場で要確認,,2026-08-07,,https://www.homes.co.jp/tochi/b-1500050000692/,数値不明
LIFULL 土地 長泉町,長泉町,更地,土地カテゴリ（建物表記なし）,駿東郡長泉町南一色 (長泉なめり駅),1595,,,1500,—,—,,不明,接道・区分情報なし、詳細/役場で要確認,,2026-08-07,,https://www.homes.co.jp/tochi/b-1500050000693/,数値不明
LIFULL 土地 長泉町,長泉町,更地,土地カテゴリ（建物表記なし）,駿東郡長泉町下土狩 (下土狩駅),7980,,,1500,—,—,,不明,接道・区分情報なし、詳細/役場で要確認,,2026-08-08,,https://www.homes.co.jp/tochi/b-33327210001574/,数値不明
LIFULL 土地 長泉町,長泉町,更地,土地カテゴリ（建物表記なし）,駿東郡長泉町東野 (裾野駅),700,,,1500,—,—,,不明,接道・区分情報なし、詳細/役場で要確認,,2026-06-19,,https://www.homes.co.jp/tochi/b-33323360001004/,数値不明
LIFULL 土地 長泉町,長泉町,古家付き土地,土地＋古家/上物の表記,駿東郡長泉町本宿 (大岡駅),1450,,,1500,—,—,,不明,接道・区分情報なし。建物ありだが現行法での再建築可否は役場で要確認,,2026-06-19,,https://www.homes.co.jp/tochi/b-33323360000767/,数値不明
LIFULL 土地 長泉町,長泉町,更地,土地カテゴリ（建物表記なし）,駿東郡長泉町竹原 (下土狩駅),800,,,1500,田,—,,不明,接道・区分情報なし、詳細/役場で要確認,,2026-08-11,,https://www.homes.co.jp/tochi/b-1540930000029/,数値不明
ジモティー 静岡県 賃貸,熱海市,賃貸アパート,賃貸カテゴリ（掲載種別）,静岡 熱海市 来宮駅 アパート,3.19,,,5,—,—,,—,賃貸のため対象外,,2026-07-25,,https://jmty.jp/shizuoka/est-hou/article-est_vh_4119020508,適合
ジモティー 静岡県 賃貸,伊豆の国市,賃貸アパート,賃貸カテゴリ（掲載種別）,静岡 伊豆の国市 牧之郷駅 アパート,2.68,,,5,—,—,,—,賃貸のため対象外,,2026-07-25,,https://jmty.jp/shizuoka/est-hou/article-est_vh_4241020507,適合
ジモティー 静岡県 賃貸,沼津市,賃貸マンション,賃貸カテゴリ（掲載種別）,静岡 沼津市 原駅 マンション,2.0,,,5,—,—,,—,賃貸のため対象外,,2026-07-25,,https://jmty.jp/shizuoka/est-hou/article-le0nq,適合
ジモティー 静岡県 賃貸,沼津市,賃貸マンション,賃貸カテゴリ（掲載種別）,静岡 沼津市 原駅 マンション,2.5,,,5,—,—,,—,賃貸のため対象外,,2026-07-25,,https://jmty.jp/shizuoka/est-hou/article-a79x6,適合
ジモティー 静岡県 賃貸,沼津市,賃貸アパート,賃貸カテゴリ（掲載種別）,静岡 沼津市 岳南江尾駅 アパート,2.7,,,5,—,—,,—,賃貸のため対象外,,2026-08-09,,https://jmty.jp/shizuoka/est-hou/article-192p3q,適合
ジモティー 静岡県 賃貸,沼津市,賃貸戸建,賃貸カテゴリ（掲載種別）,静岡 沼津市 片浜駅 賃貸（マンション/一戸建て）,4.6,44.0,,5,—,—,,—,賃貸のため対象外,,2026-08-08,関心:戸建,https://jmty.jp/shizuoka/est-hou/article-pesaq,適合
ジモティー 静岡県 賃貸,沼津市,賃貸アパート,賃貸カテゴリ（掲載種別）,静岡 沼津市 片浜駅 アパート,4.5,,,5,—,—,,—,賃貸のため対象外,,2026-08-08,,https://jmty.jp/shizuoka/est-hou/article-1qzlyh,適合
ジモティー 静岡県 賃貸,伊豆の国市,賃貸マンション,賃貸カテゴリ（掲載種別）,静岡 伊豆の国市 マンション,2.9,,,5,—,—,,—,賃貸のため対象外,,2026-08-07,,https://jmty.jp/shizuoka/est-hou/article-est_ec_27013,適合
ジモティー 静岡県 賃貸,熱海市,賃貸戸建,賃貸カテゴリ（掲載種別）,静岡 熱海市 賃貸（マンション/一戸建て）,3.18,,,5,—,—,,—,賃貸のため対象外,,2026-08-07,関心:戸建,https://jmty.jp/shizuoka/est-hou/article-1qy0xu,適合
ジモティー 静岡県 賃貸,沼津市,賃貸戸建,賃貸カテゴリ（掲載種別）,静岡 沼津市 原駅 賃貸（マンション/一戸建て）,4.29,,,5,—,—,,—,賃貸のため対象外,,2026-08-04,関心:戸建,https://jmty.jp/shizuoka/est-hou/article-1o5a9n,適合
ジモティー 静岡県 賃貸,沼津市,賃貸マンション,賃貸カテゴリ（掲載種別）,静岡 沼津市 マンション,3.2,,,5,—,—,,—,賃貸のため対象外,,2026-08-03,注意:事務所,https://jmty.jp/shizuoka/est-hou/article-1qgrod,適合
ジモティー 静岡県 賃貸,,賃貸マンション,賃貸カテゴリ（掲載種別）,静岡 駿東郡 三島広小路駅 マンション,2.7,,,5,—,—,,—,賃貸のため対象外,,2026-08-01,,https://jmty.jp/shizuoka/est-hou/article-1hvh39,適合
ジモティー 静岡県 賃貸,伊豆市,賃貸戸建,賃貸カテゴリ（掲載種別）,静岡 伊豆市 伊豆急下田駅 一戸建て,1.9,200.0,,5,田,—,,—,賃貸のため対象外,,2026-08-01,関心:駐車場付/戸建/DIY可,https://jmty.jp/shizuoka/est-hou/article-185ha7,適合
スマイミー静岡 賃貸 裾野市,裾野市,賃貸マンション,賃貸カテゴリ（掲載種別）,裾野市佐野,6.0,61.8,,5,—,—,,—,賃貸のため対象外,,2026-07-25,関心:敷金無/礼金無,https://www.shizuoka.fudohsan.jp/%E7%89%A9%E4%BB%B6/170723,不適合
スマイミー静岡 賃貸 裾野市,裾野市,賃貸マンション,賃貸カテゴリ（掲載種別）,裾野市佐野602-4,4.0,25.6,,5,田,—,,—,賃貸のため対象外,,2026-07-25,関心:敷金無/礼金無,https://www.shizuoka.fudohsan.jp/%E7%89%A9%E4%BB%B6/159322,適合
スマイミー静岡 賃貸 裾野市,裾野市,賃貸マンション,賃貸カテゴリ（掲載種別）,裾野市佐野602-4,4.5,25.6,,5,田,—,,—,賃貸のため対象外,,2026-07-25,関心:敷金無/礼金無,https://www.shizuoka.fudohsan.jp/%E7%89%A9%E4%BB%B6/175241,適合
スマイミー静岡 賃貸 裾野市,裾野市,駐車場,賃貸カテゴリ（掲載種別）,裾野市岩波7-8,0.6,,,5,—,—,,—,賃貸のため対象外,,2026-07-25,関心:敷金無/礼金無,https://www.shizuoka.fudohsan.jp/%E7%89%A9%E4%BB%B6/167366,適合
スマイミー静岡 賃貸 裾野市,裾野市,賃貸アパート,賃貸カテゴリ（掲載種別）,裾野市茶畑,5.1,54.0,,5,畑,—,,—,賃貸のため対象外,,2026-07-25,関心:敷金無/礼金無,https://www.shizuoka.fudohsan.jp/%E7%89%A9%E4%BB%B6/152803,不適合
スマイミー静岡 賃貸 裾野市,裾野市,賃貸アパート,賃貸カテゴリ（掲載種別）,裾野市伊豆島田824-2,5.5,57.9,,5,田,—,,—,賃貸のため対象外,,2026-07-25,関心:礼金無,https://www.shizuoka.fudohsan.jp/%E7%89%A9%E4%BB%B6/111242,不適合
スマイミー静岡 賃貸 裾野市,裾野市,賃貸その他,賃貸カテゴリ（掲載種別）,裾野市平松389,15.77,92.9,,5,—,—,,—,賃貸のため対象外,,2026-07-25,関心:礼金無 注意:店舗,https://www.shizuoka.fudohsan.jp/%E7%89%A9%E4%BB%B6/80390,不適合
スマイミー静岡 賃貸 裾野市,裾野市,賃貸戸建,賃貸カテゴリ（掲載種別）,裾野市茶畑2016-10,7.5,106.8,,5,畑,—,,—,賃貸のため対象外,,2026-07-25,関心:礼金無/戸建,https://www.shizuoka.fudohsan.jp/%E7%89%A9%E4%BB%B6/173467,不適合
スマイミー静岡 賃貸 裾野市,裾野市,賃貸マンション,賃貸カテゴリ（掲載種別）,裾野市佐野,3.6,20.5,,5,—,—,,—,賃貸のため対象外,,2026-07-25,関心:敷金無/礼金無,https://www.shizuoka.fudohsan.jp/%E7%89%A9%E4%BB%B6/41217,適合
スマイミー静岡 賃貸 裾野市,裾野市,賃貸マンション,賃貸カテゴリ（掲載種別）,裾野市佐野806-2,5.1,43.3,,5,—,—,,—,賃貸のため対象外,,2026-07-31,関心:敷金無/礼金無,https://www.shizuoka.fudohsan.jp/%E7%89%A9%E4%BB%B6/36129,不適合
スマイミー静岡 賃貸 裾野市,裾野市,賃貸アパート,賃貸カテゴリ（掲載種別）,裾野市佐野406-1-1,4.3,46.4,,5,—,—,,—,賃貸のため対象外,,2026-07-31,関心:敷金無/礼金無,https://www.shizuoka.fudohsan.jp/%E7%89%A9%E4%BB%B6/30501,適合
スマイミー静岡 賃貸 裾野市,裾野市,賃貸アパート,賃貸カテゴリ（掲載種別）,裾野市茶畑277-1,4.5,39.7,,5,畑,—,,—,賃貸のため対象外,,2026-07-31,関心:礼金無,https://www.shizuoka.fudohsan.jp/%E7%89%A9%E4%BB%B6/127624,適合
スマイミー静岡 賃貸 裾野市,裾野市,賃貸アパート,賃貸カテゴリ（掲載種別）,裾野市水窪122-5,3.98,41.4,,5,—,—,,—,賃貸のため対象外,,2026-07-31,関心:敷金無/礼金無,https://www.shizuoka.fudohsan.jp/%E7%89%A9%E4%BB%B6/168098,適合
スマイミー静岡 賃貸 裾野市,裾野市,賃貸アパート,賃貸カテゴリ（掲載種別）,裾野市水窪122-5,3.98,41.4,,5,—,—,,—,賃貸のため対象外,,2026-07-31,関心:敷金無/礼金無,https://www.shizuoka.fudohsan.jp/%E7%89%A9%E4%BB%B6/55035,適合
スマイミー静岡 賃貸 裾野市,裾野市,賃貸マンション,賃貸カテゴリ（掲載種別）,裾野市佐野370番地の4,6.0,55.4,,5,—,—,,—,賃貸のため対象外,,2026-07-31,関心:敷金無/礼金無,https://www.shizuoka.fudohsan.jp/%E7%89%A9%E4%BB%B6/169911,不適合
スマイミー静岡 賃貸 裾野市,裾野市,賃貸マンション,賃貸カテゴリ（掲載種別）,裾野市佐野370番地の4,5.4,55.4,,5,—,—,,—,賃貸のため対象外,,2026-07-31,関心:敷金無/礼金無,https://www.shizuoka.fudohsan.jp/%E7%89%A9%E4%BB%B6/109250,不適合
スマイミー静岡 賃貸 裾野市,裾野市,賃貸マンション,賃貸カテゴリ（掲載種別）,裾野市平松447-2,3.0,25.2,,5,—,—,,—,賃貸のため対象外,,2026-07-31,関心:敷金無/礼金無,https://www.shizuoka.fudohsan.jp/%E7%89%A9%E4%BB%B6/90675,適合
スマイミー静岡 賃貸 裾野市,裾野市,賃貸マンション,賃貸カテゴリ（掲載種別）,裾野市深良152番地の4,5.0,58.9,,5,—,—,,—,賃貸のため対象外,,2026-07-31,関心:敷金無/礼金無,https://www.shizuoka.fudohsan.jp/%E7%89%A9%E4%BB%B6/43216,適合
スマイミー静岡 賃貸 裾野市,裾野市,賃貸マンション,賃貸カテゴリ（掲載種別）,裾野市佐野1103-2,5.1,50.2,,5,—,—,,—,賃貸のため対象外,,2026-07-25,関心:敷金無/礼金無,https://www.shizuoka.fudohsan.jp/%E7%89%A9%E4%BB%B6/73039,不適合
スマイミー静岡 賃貸 裾野市,裾野市,賃貸アパート,賃貸カテゴリ（掲載種別）,裾野市公文名２５７－１,3.7,27.1,,5,—,—,,—,賃貸のため対象外,,2026-07-25,関心:礼金無,https://www.shizuoka.fudohsan.jp/%E7%89%A9%E4%BB%B6/56466,適合
スマイミー静岡 賃貸 裾野市,裾野市,賃貸アパート,賃貸カテゴリ（掲載種別）,裾野市岩波240-4,7.5,54.0,,5,—,—,,—,賃貸のため対象外,,2026-07-25,関心:礼金無,https://www.shizuoka.fudohsan.jp/%E7%89%A9%E4%BB%B6/38041,不適合
スマイミー静岡 賃貸 裾野市,裾野市,賃貸アパート,賃貸カテゴリ（掲載種別）,裾野市平松610-1,5.5,49.6,,5,—,—,,—,賃貸のため対象外,,2026-07-25,関心:敷金無,https://www.shizuoka.fudohsan.jp/%E7%89%A9%E4%BB%B6/175380,不適合
スマイミー静岡 賃貸 裾野市,裾野市,賃貸マンション,賃貸カテゴリ（掲載種別）,裾野市佐野897-1,6.8,56.4,,5,—,—,,—,賃貸のため対象外,,2026-07-25,関心:礼金無,https://www.shizuoka.fudohsan.jp/%E7%89%A9%E4%BB%B6/150897,不適合
スマイミー静岡 賃貸 裾野市,裾野市,賃貸マンション,賃貸カテゴリ（掲載種別）,裾野市佐野898-5,6.2,54.1,,5,畑,—,,—,賃貸のため対象外,,2026-07-25,関心:敷金無/礼金無,https://www.shizuoka.fudohsan.jp/%E7%89%A9%E4%BB%B6/175054,不適合
スマイミー静岡 賃貸 裾野市,裾野市,賃貸マンション,賃貸カテゴリ（掲載種別）,裾野市佐野898-5,6.2,54.1,,5,畑,—,,—,賃貸のため対象外,,2026-07-25,関心:敷金無/礼金無,https://www.shizuoka.fudohsan.jp/%E7%89%A9%E4%BB%B6/159210,不適合
スマイミー静岡 賃貸 裾野市,裾野市,賃貸マンション,賃貸カテゴリ（掲載種別）,裾野市岩波,7.7,82.5,,5,—,—,,—,賃貸のため対象外,,2026-07-25,関心:礼金無,https://www.shizuoka.fudohsan.jp/%E7%89%A9%E4%BB%B6/92218,不適合
スマイミー静岡 賃貸 裾野市,裾野市,賃貸アパート,賃貸カテゴリ（掲載種別）,裾野市麦塚40-1,5.1,40.5,,5,—,—,,—,賃貸のため対象外,,2026-07-25,関心:礼金無,https://www.shizuoka.fudohsan.jp/%E7%89%A9%E4%BB%B6/172607,不適合
SUUMO 土地 御殿場市,御殿場市,更地,土地カテゴリ（建物表記なし）,静岡県御殿場市二の岡１,1750,182.1,31.8,3000,—,—,,不明,接道・区分情報なし、詳細/役場で要確認,,2026-07-12,,https://suumo.jp/tochi/shizuoka/sc_gotemba/nc_73016982/,不適合
SUUMO 土地 御殿場市,御殿場市,更地,土地カテゴリ（建物表記なし）,静岡県御殿場市中畑,480,1156.4,1.4,3000,畑,—,,不明,接道・区分情報なし、詳細/役場で要確認,,2026-07-12,,https://suumo.jp/tochi/shizuoka/sc_gotemba/nc_77793448/,適合
SUUMO 土地 御殿場市,御殿場市,更地,土地カテゴリ（建物表記なし）,静岡県御殿場市中畑1384-34,680,240.0,9.4,3000,畑,—,,不明,接道・区分情報なし、詳細/役場で要確認,,2026-07-12,,https://suumo.jp/tochi/shizuoka/sc_gotemba/nc_76207702/,不適合
SUUMO 土地 御殿場市,御殿場市,更地,土地カテゴリ（建物表記なし）,静岡県御殿場市中畑1384番33,800,254.0,10.4,3000,畑,—,,不明,接道・区分情報なし、詳細/役場で要確認,,2026-07-12,,https://suumo.jp/tochi/shizuoka/sc_gotemba/nc_73371293/,不適合
SUUMO 土地 御殿場市,御殿場市,更地,土地カテゴリ（建物表記なし）,静岡県御殿場市萩原３３９－１,990,254.4,12.9,3000,—,—,,不明,接道・区分情報なし、詳細/役場で要確認,,2026-07-12,,https://suumo.jp/tochi/shizuoka/sc_gotemba/nc_21224497/,不適合
SUUMO 土地 御殿場市,御殿場市,更地,土地カテゴリ（建物表記なし）,静岡県御殿場市川島田,1580,254.8,20.5,3000,田,—,,不明,接道・区分情報なし、詳細/役場で要確認,,2026-07-12,,https://suumo.jp/tochi/shizuoka/sc_gotemba/nc_20745623/,不適合
SUUMO 土地 御殿場市,御殿場市,更地,土地カテゴリ（建物表記なし）,静岡県御殿場市塚原,1585,338.1,15.5,3000,—,—,,不明,接道・区分情報なし、詳細/役場で要確認,,2026-07-31,,https://suumo.jp/tochi/shizuoka/sc_gotemba/nc_76529568/,不適合
SUUMO 土地 御殿場市,御殿場市,更地,土地カテゴリ（建物表記なし）,静岡県御殿場市東田中,1650,204.7,26.6,3000,田,—,,不明,接道・区分情報なし、詳細/役場で要確認,,2026-08-03,,https://suumo.jp/tochi/shizuoka/sc_gotemba/nc_21428564/,不適合
SUUMO 土地 御殿場市,御殿場市,更地,土地カテゴリ（建物表記なし）,静岡県御殿場市二の岡１,1780,185.6,31.7,3000,—,—,,不明,接道・区分情報なし、詳細/役場で要確認,,2026-07-12,,https://suumo.jp/tochi/shizuoka/sc_gotemba/nc_72332638/,不適合
SUUMO 土地 御殿場市,御殿場市,更地,土地カテゴリ（建物表記なし）,静岡県御殿場市新橋,1800,205.6,28.9,3000,—,—,,不明,接道・区分情報なし、詳細/役場で要確認,,2026-07-19,,https://suumo.jp/tochi/shizuoka/sc_gotemba/nc_21322168/,不適合
SUUMO 土地 御殿場市,御殿場市,更地,土地カテゴリ（建物表記なし）,静岡県御殿場市川島田,1800,206.0,28.9,3000,田,—,,不明,接道・区分情報なし、詳細/役場で要確認,,2026-07-12,,https://suumo.jp/tochi/shizuoka/sc_gotemba/nc_20594958/,不適合
SUUMO 土地 御殿場市,御殿場市,更地,土地カテゴリ（建物表記なし）,静岡県御殿場市萩原,2180,247.4,29.1,3000,—,—,,不明,接道・区分情報なし、詳細/役場で要確認,,2026-07-12,,https://suumo.jp/tochi/shizuoka/sc_gotemba/nc_20682350/,不適合
SUUMO 土地 御殿場市,御殿場市,更地,土地カテゴリ（建物表記なし）,静岡県御殿場市茱萸沢,6800,1003.2,22.4,3000,—,—,,不明,接道・区分情報なし、詳細/役場で要確認,,2026-07-12,,https://suumo.jp/tochi/shizuoka/sc_gotemba/nc_20730422/,不適合
