サイト,市町,種別,種別根拠,所在地,価格(万円),土地面積(㎡),坪単価(万円/坪),種別上限(万円),地目,都市計画,接道,建築可否,建築可否理由,属人性,検出日,フラグ,詳細URL,判定
SUUMO 土地 伊豆の国市,伊豆の国市,更地,土地カテゴリ（建物表記なし）,静岡県伊豆の国市寺家,1400,201.8,22.9,1500,—,—,,不明,接道・区分情報なし、詳細/役場で要確認,,2026-06-17,,https://suumo.jp/tochi/shizuoka/sc_izunokuni/nc_78731421/,不適合
SUUMO 土地 伊豆の国市,伊豆の国市,更地,土地カテゴリ（建物表記なし）,静岡県伊豆の国市韮山多田富士見ニュータウン,150,311.0,1.6,1500,田,—,,不明,接道・区分情報なし、詳細/役場で要確認,,2026-07-24,NG:富士見ニュータウン,https://suumo.jp/tochi/shizuoka/sc_izunokuni/nc_21348721/,不適合
SUUMO 土地 伊豆の国市,伊豆の国市,更地,土地カテゴリ（建物表記なし）,静岡県伊豆の国市奈古谷エメラルドタウン,170,283.0,2.0,1500,—,—,,不明,接道・区分情報なし、詳細/役場で要確認,,2026-06-17,NG:エメラルドタウン,https://suumo.jp/tochi/shizuoka/sc_izunokuni/nc_82693663/,不適合
SUUMO 土地 伊豆の国市,伊豆の国市,更地,土地カテゴリ（建物表記なし）,静岡県伊豆の国市中,270,381.5,2.3,1500,畑,—,,×,掲載に再建築不可の表記（新規建築不可）,,2026-06-17,,https://suumo.jp/tochi/shizuoka/sc_izunokuni/nc_78937214/,適合
SUUMO 土地 伊豆の国市,伊豆の国市,更地,土地カテゴリ（建物表記なし）,静岡県伊豆の国市韮山山木,300,616.0,1.6,1500,—,—,,不明,接道・区分情報なし、詳細/役場で要確認,,2026-06-17,,https://suumo.jp/tochi/shizuoka/sc_izunokuni/nc_20083376/,適合
SUUMO 土地 伊豆の国市,伊豆の国市,更地,土地カテゴリ（建物表記なし）,静岡県伊豆の国市韮山山木,400,461.0,2.9,1500,—,—,,不明,接道・区分情報なし、詳細/役場で要確認,,2026-06-17,,https://suumo.jp/tochi/shizuoka/sc_izunokuni/nc_76404904/,適合
SUUMO 土地 伊豆の国市,伊豆の国市,更地,土地カテゴリ（建物表記なし）,静岡県伊豆の国市長岡,650,173.6,12.4,1500,—,—,,不明,接道・区分情報なし、詳細/役場で要確認,,2026-06-17,注意:温泉,https://suumo.jp/tochi/shizuoka/sc_izunokuni/nc_78583766/,不適合
SUUMO 土地 伊豆の国市,伊豆の国市,更地,土地カテゴリ（建物表記なし）,静岡県伊豆の国市南條,680,73.2,30.7,1500,—,—,,不明,接道・区分情報なし、詳細/役場で要確認,,2026-06-17,,https://suumo.jp/tochi/shizuoka/sc_izunokuni/nc_20572842/,不適合
SUUMO 土地 伊豆の国市,伊豆の国市,更地,土地カテゴリ（建物表記なし）,静岡県伊豆の国市北江間,800,3244.8,0.8,1500,宅地,—,,不明,接道・区分情報なし、詳細/役場で要確認,,2026-06-17,,https://suumo.jp/tochi/shizuoka/sc_izunokuni/nc_21078648/,適合
SUUMO 土地 伊豆の国市,伊豆の国市,更地,土地カテゴリ（建物表記なし）,静岡県伊豆の国市三福69-3他,820,109.9,24.7,1500,田,—,,不明,接道・区分情報なし、詳細/役場で要確認,,2026-06-17,,https://suumo.jp/tochi/shizuoka/sc_izunokuni/nc_20504718/,不適合
SUUMO 土地 伊豆の国市,伊豆の国市,更地,土地カテゴリ（建物表記なし）,静岡県伊豆の国市中,980,1146.4,2.8,1500,—,—,,不明,接道・区分情報なし、詳細/役場で要確認,,2026-07-10,,https://suumo.jp/tochi/shizuoka/sc_izunokuni/nc_21261527/,適合
SUUMO 土地 伊豆の国市,伊豆の国市,更地,土地カテゴリ（建物表記なし）,静岡県伊豆の国市長崎,990,200.7,16.3,1500,—,—,,不明,接道・区分情報なし、詳細/役場で要確認,,2026-06-17,,https://suumo.jp/tochi/shizuoka/sc_izunokuni/nc_20818984/,不適合
SUUMO 土地 伊豆の国市,伊豆の国市,更地,土地カテゴリ（建物表記なし）,静岡県伊豆の国市大仁,1080,172.0,20.8,1500,—,—,,不明,接道・区分情報なし、詳細/役場で要確認,,2026-06-17,,https://suumo.jp/tochi/shizuoka/sc_izunokuni/nc_20346154/,不適合
SUUMO 土地 伊豆の国市,伊豆の国市,更地,土地カテゴリ（建物表記なし）,静岡県伊豆の国市北江間,1080,168.8,21.2,1500,宅地,—,,不明,接道・区分情報なし、詳細/役場で要確認,,2026-06-17,,https://suumo.jp/tochi/shizuoka/sc_izunokuni/nc_94832790/,不適合
SUUMO 土地 伊豆の国市,伊豆の国市,更地,土地カテゴリ（建物表記なし）,静岡県伊豆の国市長崎350-4,1150,201.0,18.9,1500,—,—,,不明,接道・区分情報なし、詳細/役場で要確認,,2026-07-23,,https://suumo.jp/tochi/shizuoka/sc_izunokuni/nc_72034398/,不適合
SUUMO 土地 伊豆の国市,伊豆の国市,更地,土地カテゴリ（建物表記なし）,静岡県伊豆の国市長崎350-6,1150,201.0,18.9,1500,—,—,,不明,接道・区分情報なし、詳細/役場で要確認,,2026-07-23,,https://suumo.jp/tochi/shizuoka/sc_izunokuni/nc_75640261/,不適合
SUUMO 土地 伊豆の国市,伊豆の国市,更地,土地カテゴリ（建物表記なし）,静岡県伊豆の国市長崎350-8,1180,201.5,19.4,1500,—,—,,不明,接道・区分情報なし、詳細/役場で要確認,,2026-07-23,,https://suumo.jp/tochi/shizuoka/sc_izunokuni/nc_75042663/,不適合
SUUMO 土地 伊豆の国市,伊豆の国市,更地,土地カテゴリ（建物表記なし）,静岡県伊豆の国市三福,1200,201.8,19.7,1500,—,—,,不明,接道・区分情報なし、詳細/役場で要確認,,2026-06-17,,https://suumo.jp/tochi/shizuoka/sc_izunokuni/nc_71633187/,不適合
SUUMO 土地 伊豆の国市,伊豆の国市,更地,土地カテゴリ（建物表記なし）,静岡県伊豆の国市長岡,1280,282.1,15.0,1500,—,—,,不明,接道・区分情報なし、詳細/役場で要確認,,2026-06-17,,https://suumo.jp/tochi/shizuoka/sc_izunokuni/nc_96501493/,不適合
SUUMO 土地 伊豆の国市,伊豆の国市,更地,土地カテゴリ（建物表記なし）,静岡県伊豆の国市寺家,1290,241.0,17.7,1500,—,—,,不明,接道・区分情報なし、詳細/役場で要確認,,2026-06-17,,https://suumo.jp/tochi/shizuoka/sc_izunokuni/nc_20315660/,不適合
SUUMO 土地 伊豆の国市,伊豆の国市,更地,土地カテゴリ（建物表記なし）,静岡県伊豆の国市四日町555-2,1355,224.0,20.0,1500,—,—,接道しています！ お気に入り,不明,接道・区分情報なし、詳細/役場で要確認,,2026-06-17,,https://suumo.jp/tochi/shizuoka/sc_izunokuni/nc_77376229/,不適合
SUUMO 土地 伊豆の国市,伊豆の国市,更地,土地カテゴリ（建物表記なし）,静岡県伊豆の国市大仁,1380,342.3,13.3,1500,—,—,,不明,接道・区分情報なし、詳細/役場で要確認,,2026-06-17,,https://suumo.jp/tochi/shizuoka/sc_izunokuni/nc_76627283/,適合
SUUMO 土地 伊豆の国市,伊豆の国市,更地,土地カテゴリ（建物表記なし）,静岡県伊豆の国市長崎350-4,1380,205.0,22.3,1500,—,—,,不明,接道・区分情報なし、詳細/役場で要確認,,2026-07-23,,https://suumo.jp/tochi/shizuoka/sc_izunokuni/nc_75042521/,不適合
SUUMO 土地 伊豆の国市,伊豆の国市,更地,土地カテゴリ（建物表記なし）,静岡県伊豆の国市長岡,1400,354.1,13.1,1500,—,—,,不明,接道・区分情報なし、詳細/役場で要確認,,2026-06-25,,https://suumo.jp/tochi/shizuoka/sc_izunokuni/nc_21145042/,適合
SUUMO 土地 伊豆の国市,伊豆の国市,更地,土地カテゴリ（建物表記なし）,静岡県伊豆の国市三福69-4,1468,165.5,29.3,1500,田,—,,不明,接道・区分情報なし、詳細/役場で要確認,,2026-06-17,,https://suumo.jp/tochi/shizuoka/sc_izunokuni/nc_20609438/,不適合
SUUMO 土地 伊豆の国市,伊豆の国市,更地,土地カテゴリ（建物表記なし）,静岡県伊豆の国市原木,1500,173.3,28.6,1500,—,—,,不明,接道・区分情報なし、詳細/役場で要確認,,2026-06-17,,https://suumo.jp/tochi/shizuoka/sc_izunokuni/nc_21068965/,不適合
SUUMO 土地 伊豆の国市,伊豆の国市,更地,土地カテゴリ（建物表記なし）,静岡県伊豆の国市三福171-10他,1600,172.1,30.7,1500,田,—,,不明,接道・区分情報なし、詳細/役場で要確認,,2026-06-29,,https://suumo.jp/tochi/shizuoka/sc_izunokuni/nc_75550290/,不適合
SUUMO 土地 伊豆の国市,伊豆の国市,更地,土地カテゴリ（建物表記なし）,静岡県伊豆の国市中條400-1,2100,366.3,19.0,1500,—,—,,不明,接道・区分情報なし、詳細/役場で要確認,,2026-06-17,,https://suumo.jp/tochi/shizuoka/sc_izunokuni/nc_84674278/,不適合
SUUMO 土地 伊豆の国市,伊豆の国市,更地,土地カテゴリ（建物表記なし）,静岡県伊豆の国市古奈,2380,396.0,19.9,1500,—,—,,不明,接道・区分情報なし、詳細/役場で要確認,,2026-06-17,,https://suumo.jp/tochi/shizuoka/sc_izunokuni/nc_20764232/,不適合
SUUMO 土地 伊豆の国市,伊豆の国市,更地,土地カテゴリ（建物表記なし）,静岡県伊豆の国市長岡,2480,1316.0,6.2,1500,—,—,,不明,接道・区分情報なし、詳細/役場で要確認,,2026-06-17,,https://suumo.jp/tochi/shizuoka/sc_izunokuni/nc_20869771/,不適合
SUUMO 土地 伊豆の国市,伊豆の国市,更地,土地カテゴリ（建物表記なし）,静岡県伊豆の国市天野110,2480,653.0,12.6,1500,—,—,,不明,接道・区分情報なし、詳細/役場で要確認,,2026-06-17,,https://suumo.jp/tochi/shizuoka/sc_izunokuni/nc_72137058/,不適合
SUUMO 土地 伊豆の国市,伊豆の国市,更地,土地カテゴリ（建物表記なし）,静岡県伊豆の国市中,2730,1350.5,6.7,1500,—,—,,不明,接道・区分情報なし、詳細/役場で要確認,,2026-06-17,,https://suumo.jp/tochi/shizuoka/sc_izunokuni/nc_71149502/,不適合
SUUMO 土地 伊豆の国市,伊豆の国市,更地,土地カテゴリ（建物表記なし）,静岡県伊豆の国市四日町897-1,2800,961.8,9.6,1500,—,—,,不明,接道・区分情報なし、詳細/役場で要確認,,2026-06-17,,https://suumo.jp/tochi/shizuoka/sc_izunokuni/nc_74062654/,不適合
SUUMO 土地 伊豆の国市,伊豆の国市,更地,土地カテゴリ（建物表記なし）,静岡県伊豆の国市富士見,3000,850.9,11.7,1500,—,—,,不明,接道・区分情報なし、詳細/役場で要確認,,2026-06-17,,https://suumo.jp/tochi/shizuoka/sc_izunokuni/nc_70162419/,不適合
SUUMO 土地 伊豆の国市,伊豆の国市,更地,土地カテゴリ（建物表記なし）,静岡県伊豆の国市田京,4990,1152.9,14.3,1500,田,—,,不明,接道・区分情報なし、詳細/役場で要確認,,2026-06-17,,https://suumo.jp/tochi/shizuoka/sc_izunokuni/nc_71292657/,不適合
SUUMO 土地 伊豆の国市,伊豆の国市,更地,土地カテゴリ（建物表記なし）,静岡県伊豆の国市南江間,10000,2228.0,14.8,1500,—,—,,不明,接道・区分情報なし、詳細/役場で要確認,,2026-06-17,,https://suumo.jp/tochi/shizuoka/sc_izunokuni/nc_20069747/,不適合
LIFULL 土地 伊豆の国市,伊豆の国市,更地,土地カテゴリ（建物表記なし）,伊豆の国市奈古谷 (函南駅),50,,,1500,—,—,,不明,接道・区分情報なし、詳細/役場で要確認,,2026-07-23,,https://www.homes.co.jp/tochi/b-1546940000043/,数値不明
LIFULL 土地 伊豆の国市,伊豆の国市,更地,土地カテゴリ（建物表記なし）,伊豆の国市北江間 (伊豆箱根バス),850,,,1500,—,—,,不明,接道・区分情報なし、詳細/役場で要確認,,2026-07-10,,https://www.homes.co.jp/tochi/b-33332300000036/,数値不明
LIFULL 土地 伊豆の国市,伊豆の国市,古家付き土地,土地＋古家/上物の表記,伊豆の国市韮山韮山 (韮山駅),1850,,,1500,—,—,,不明,接道・区分情報なし。建物ありだが現行法での再建築可否は役場で要確認,,2026-07-20,,https://www.homes.co.jp/tochi/b-33317490000142/,数値不明
LIFULL 土地 伊豆の国市,伊豆の国市,古家付き土地,土地＋古家/上物の表記,伊豆の国市南江間 (韮山駅),750,,,1500,—,市街化調整区域,,△,調整区域の建替えは既存宅地要件等の確認が必要＝本命候補,,2026-07-20,関心:市街化調整区域/調整区域,https://www.homes.co.jp/tochi/b-33317490000136/,数値不明
LIFULL 土地 伊豆の国市,伊豆の国市,更地,土地カテゴリ（建物表記なし）,伊豆の国市奈古谷小松ケ原,680,,,1500,—,—,,不明,接道・区分情報なし、詳細/役場で要確認,,2026-07-21,,https://www.homes.co.jp/tochi/b-33311850000189/,数値不明
LIFULL 土地 伊豆の国市,伊豆の国市,更地,土地カテゴリ（建物表記なし）,伊豆の国市四日町 (韮山駅),1190,,,1500,—,—,,不明,接道・区分情報なし、詳細/役場で要確認,,2026-07-18,,https://www.homes.co.jp/tochi/b-33324250000158/,数値不明
LIFULL 土地 伊豆の国市,伊豆の国市,古家付き土地,土地＋古家/上物の表記,伊豆の国市奈古谷 (熱海駅),780,,,1500,—,—,,不明,接道・区分情報なし。建物ありだが現行法での再建築可否は役場で要確認,,2026-07-15,,https://www.homes.co.jp/tochi/b-33303660001124/,数値不明
LIFULL 土地 伊豆の国市,伊豆の国市,更地,土地カテゴリ（建物表記なし）,伊豆の国市韮山山木 (熱海駅),300,,,1500,—,—,,不明,接道・区分情報なし、詳細/役場で要確認,,2026-07-20,注意:別荘地,https://www.homes.co.jp/tochi/b-33303660001115/,数値不明
LIFULL 土地 伊豆の国市,伊豆の国市,更地,土地カテゴリ（建物表記なし）,伊豆の国市奈古谷 (熱海駅),80,,,1500,—,—,,不明,接道・区分情報なし、詳細/役場で要確認,,2026-07-17,,https://www.homes.co.jp/tochi/b-33303660000840/,数値不明
LIFULL 土地 伊豆の国市,伊豆の国市,更地,土地カテゴリ（建物表記なし）,伊豆の国市奈古谷小松ケ原,100,,,1500,—,—,,不明,接道・区分情報なし、詳細/役場で要確認,,2026-07-13,注意:別荘地,https://www.homes.co.jp/tochi/b-33303660000686/,数値不明
LIFULL 土地 伊豆の国市,伊豆の国市,更地,土地カテゴリ（建物表記なし）,伊豆の国市韮山多田富士見ニュータウン (韮山駅),100,,,1500,田,—,,不明,接道・区分情報なし、詳細/役場で要確認,,2026-07-23,注意:別荘地 NG:富士見ニュータウン,https://www.homes.co.jp/tochi/b-1546940000015/,数値不明
LIFULL 土地 伊豆の国市,伊豆の国市,更地,土地カテゴリ（建物表記なし）,伊豆の国市四日町 (韮山駅),1300,,,1500,—,—,,不明,接道・区分情報なし、詳細/役場で要確認,,2026-07-21,,https://www.homes.co.jp/tochi/b-33329470000034/,数値不明
LIFULL 土地 伊豆の国市,伊豆の国市,更地,土地カテゴリ（建物表記なし）,伊豆の国市四日町 (韮山駅),1300,,,1500,—,—,,不明,接道・区分情報なし、詳細/役場で要確認,,2026-07-21,,https://www.homes.co.jp/tochi/b-33319390000005/,数値不明
LIFULL 土地 伊豆の国市,伊豆の国市,更地,土地カテゴリ（建物表記なし）,伊豆の国市奈古谷 (熱海駅),50,,,1500,—,—,,不明,接道・区分情報なし、詳細/役場で要確認,,2026-07-21,,https://www.homes.co.jp/tochi/b-37070020003430/,数値不明
LIFULL 土地 伊豆の国市,伊豆の国市,更地,土地カテゴリ（建物表記なし）,伊豆の国市韮山多田富士見ニュータウン,100,,,1500,田,—,,不明,接道・区分情報なし、詳細/役場で要確認,,2026-07-20,NG:富士見ニュータウン,https://www.homes.co.jp/tochi/b-33308270000285/,数値不明
LIFULL 土地 伊豆の国市,伊豆の国市,更地,土地カテゴリ（建物表記なし）,伊豆の国市原木 (原木駅),1390,,,1500,—,—,,不明,接道・区分情報なし、詳細/役場で要確認,,2026-07-17,,https://www.homes.co.jp/tochi/b-33327580000087/,数値不明
LIFULL 土地 伊豆の国市,伊豆の国市,更地,土地カテゴリ（建物表記なし）,伊豆の国市長岡 (伊豆長岡駅),1480,,,1500,—,—,,不明,接道・区分情報なし、詳細/役場で要確認,,2026-07-03,注意:温泉,https://www.homes.co.jp/tochi/b-33315810000245/,数値不明
LIFULL 土地 伊豆の国市,伊豆の国市,古家付き土地,土地＋古家/上物の表記,伊豆の国市三福 (田京駅),250,,,1500,田,—,,不明,接道・区分情報なし。建物ありだが現行法での再建築可否は役場で要確認,,2026-07-15,,https://www.homes.co.jp/tochi/b-33315810000525/,数値不明
LIFULL 土地 伊豆の国市,伊豆の国市,更地,土地カテゴリ（建物表記なし）,伊豆の国市御門 (田京駅),1280,,,1500,田,—,,不明,接道・区分情報なし、詳細/役場で要確認,,2026-07-21,,https://www.homes.co.jp/tochi/b-39046610000081/,数値不明
LIFULL 土地 伊豆の国市,伊豆の国市,更地,土地カテゴリ（建物表記なし）,伊豆の国市長岡 (伊豆長岡駅),1150,,,1500,—,—,,不明,接道・区分情報なし、詳細/役場で要確認,,2026-07-21,注意:温泉,https://www.homes.co.jp/tochi/b-39046610000078/,数値不明
LIFULL 土地 伊豆の国市,伊豆の国市,更地,土地カテゴリ（建物表記なし）,伊豆の国市原木 (原木駅),980,,,1500,—,—,,不明,接道・区分情報なし、詳細/役場で要確認,,2026-07-17,,https://www.homes.co.jp/tochi/b-33316480000096/,数値不明
LIFULL 土地 伊豆の国市,伊豆の国市,更地,土地カテゴリ（建物表記なし）,伊豆の国市古奈 (伊豆長岡駅),2480,,,1500,—,—,,不明,接道・区分情報なし、詳細/役場で要確認,,2026-07-22,注意:温泉,https://www.homes.co.jp/tochi/b-33301530000065/,数値不明
LIFULL 土地 伊豆の国市,伊豆の国市,更地,土地カテゴリ（建物表記なし）,伊豆の国市古奈 (伊豆長岡駅),1866,,,1500,—,—,,不明,接道・区分情報なし、詳細/役場で要確認,,2026-07-23,,https://www.homes.co.jp/tochi/b-33309130000096/,数値不明
LIFULL 土地 伊豆の国市,伊豆の国市,更地,土地カテゴリ（建物表記なし）,伊豆の国市寺家 (伊豆長岡駅),2200,,,1500,—,—,,不明,接道・区分情報なし、詳細/役場で要確認,,2026-07-17,,https://www.homes.co.jp/tochi/b-37004730000066/,数値不明
LIFULL 土地 伊豆の国市,伊豆の国市,古家付き土地,土地＋古家/上物の表記,伊豆の国市大仁 (大仁駅),1350,,,1500,—,—,,不明,接道・区分情報なし。建物ありだが現行法での再建築可否は役場で要確認,,2026-07-24,,https://www.homes.co.jp/tochi/b-33313200000024/,数値不明
LIFULL 土地 伊豆の国市,伊豆の国市,更地,土地カテゴリ（建物表記なし）,伊豆の国市長崎 (原木駅),1380,,,1500,—,—,,不明,接道・区分情報なし、詳細/役場で要確認,,2026-07-24,,https://www.homes.co.jp/tochi/b-33329030000092/,数値不明
LIFULL 土地 伊豆の国市,伊豆の国市,更地,土地カテゴリ（建物表記なし）,伊豆の国市長崎 (原木駅),1150,,,1500,—,—,,不明,接道・区分情報なし、詳細/役場で要確認,,2026-07-24,,https://www.homes.co.jp/tochi/b-33329030000093/,数値不明
LIFULL 土地 伊豆の国市,伊豆の国市,更地,土地カテゴリ（建物表記なし）,伊豆の国市長崎 (原木駅),1180,,,1500,—,—,,不明,接道・区分情報なし、詳細/役場で要確認,,2026-07-24,,https://www.homes.co.jp/tochi/b-33329030000095/,数値不明
LIFULL 土地 伊豆の国市,伊豆の国市,更地,土地カテゴリ（建物表記なし）,伊豆の国市古奈 (伊豆長岡駅),800,,,1500,—,—,,不明,接道・区分情報なし、詳細/役場で要確認,,2026-07-24,,https://www.homes.co.jp/tochi/b-33303690000038/,数値不明
LIFULL 土地 伊豆の国市,伊豆の国市,更地,土地カテゴリ（建物表記なし）,伊豆の国市原木 (韮山駅),750,,,1500,—,—,,不明,接道・区分情報なし、詳細/役場で要確認,,2026-07-24,,https://www.homes.co.jp/tochi/b-33303690000049/,数値不明
SUUMO 中古戸建 伊豆の国市,伊豆の国市,更地,土地カテゴリ（建物表記なし）,静岡県伊豆の国市吉田,1750,422.4,13.7,1500,田,—,,不明,接道・区分情報なし、詳細/役場で要確認,,2026-06-14,,https://suumo.jp/chukoikkodate/shizuoka/sc_izunokuni/nc_21007309/,不適合
SUUMO 中古戸建 伊豆の国市,伊豆の国市,更地,土地カテゴリ（建物表記なし）,静岡県伊豆の国市富士見,3000,850.9,11.7,1500,—,—,,不明,接道・区分情報なし、詳細/役場で要確認,,2026-06-14,,https://suumo.jp/chukoikkodate/shizuoka/sc_izunokuni/nc_70162439/,不適合
SUUMO 中古戸建 伊豆の国市,伊豆の国市,更地,土地カテゴリ（建物表記なし）,静岡県伊豆の国市宗光寺662-25,1529,264.3,19.1,1500,—,—,,不明,接道・区分情報なし、詳細/役場で要確認,,2026-06-14,,https://suumo.jp/chukoikkodate/shizuoka/sc_izunokuni/nc_20831265/,不適合
SUUMO 中古戸建 伊豆の国市,伊豆の国市,更地,土地カテゴリ（建物表記なし）,静岡県伊豆の国市立花２,1980,392.6,16.7,1500,田,—,,不明,接道・区分情報なし、詳細/役場で要確認,,2026-06-21,注意:要相談,https://suumo.jp/chukoikkodate/shizuoka/sc_izunokuni/nc_78708755/,不適合
SUUMO 中古戸建 伊豆の国市,伊豆の国市,更地,土地カテゴリ（建物表記なし）,静岡県伊豆の国市韮山多田主要地,350,145.6,7.9,1500,田,—,,不明,接道・区分情報なし、詳細/役場で要確認,,2026-06-17,,https://suumo.jp/chukoikkodate/shizuoka/sc_izunokuni/nc_21079120/,不適合
SUUMO 中古戸建 伊豆の国市,伊豆の国市,更地,土地カテゴリ（建物表記なし）,静岡県伊豆の国市奈古谷,400,229.0,5.8,1500,—,—,,不明,接道・区分情報なし、詳細/役場で要確認,,2026-07-04,,https://suumo.jp/chukoikkodate/shizuoka/sc_izunokuni/nc_72355796/,不適合
SUUMO 中古戸建 伊豆の国市,伊豆の国市,更地,土地カテゴリ（建物表記なし）,静岡県伊豆の国市韮山多田,400,296.0,4.5,1500,田,—,,不明,接道・区分情報なし、詳細/役場で要確認,,2026-07-04,,https://suumo.jp/chukoikkodate/shizuoka/sc_izunokuni/nc_75426668/,不適合
SUUMO 中古戸建 伊豆の国市,伊豆の国市,更地,土地カテゴリ（建物表記なし）,静岡県伊豆の国市韮山山木,498,380.0,4.3,1500,—,—,,不明,接道・区分情報なし、詳細/役場で要確認,,2026-06-14,,https://suumo.jp/chukoikkodate/shizuoka/sc_izunokuni/nc_20766895/,適合
SUUMO 中古戸建 伊豆の国市,伊豆の国市,更地,土地カテゴリ（建物表記なし）,静岡県伊豆の国市立花３,500,346.0,4.8,1500,田,—,,不明,接道・区分情報なし、詳細/役場で要確認,,2026-06-14,,https://suumo.jp/chukoikkodate/shizuoka/sc_izunokuni/nc_20609633/,適合
SUUMO 中古戸建 伊豆の国市,伊豆の国市,更地,土地カテゴリ（建物表記なし）,静岡県伊豆の国市奈古谷,500,393.0,4.2,1500,—,—,,不明,接道・区分情報なし、詳細/役場で要確認,,2026-06-14,,https://suumo.jp/chukoikkodate/shizuoka/sc_izunokuni/nc_97860466/,適合
SUUMO 中古戸建 伊豆の国市,伊豆の国市,更地,土地カテゴリ（建物表記なし）,静岡県伊豆の国市奈古谷,520,290.0,5.9,1500,—,—,,不明,接道・区分情報なし、詳細/役場で要確認,,2026-06-14,,https://suumo.jp/chukoikkodate/shizuoka/sc_izunokuni/nc_20504430/,不適合
SUUMO 中古戸建 伊豆の国市,伊豆の国市,更地,土地カテゴリ（建物表記なし）,静岡県伊豆の国市奈古谷小松ケ原,580,358.0,5.4,1500,—,—,,不明,接道・区分情報なし、詳細/役場で要確認,,2026-06-14,,https://suumo.jp/chukoikkodate/shizuoka/sc_izunokuni/nc_78892714/,適合
SUUMO 中古戸建 伊豆の国市,伊豆の国市,中古戸建,中古戸建/住宅カテゴリ,静岡県伊豆の国市韮山多田,750,396.7,6.2,3000,田,—,,不明,接道・区分情報なし。建物ありだが現行法での再建築可否は役場で要確認,,2026-06-14,注意:別荘地 NG:富士見ニュータウン,https://suumo.jp/chukoikkodate/shizuoka/sc_izunokuni/nc_79112253/,適合
SUUMO 中古戸建 伊豆の国市,伊豆の国市,更地,土地カテゴリ（建物表記なし）,静岡県伊豆の国市原木,750,117.3,21.1,1500,—,—,,不明,接道・区分情報なし、詳細/役場で要確認,,2026-06-14,,https://suumo.jp/chukoikkodate/shizuoka/sc_izunokuni/nc_20827752/,不適合
SUUMO 中古戸建 伊豆の国市,伊豆の国市,更地,土地カテゴリ（建物表記なし）,静岡県伊豆の国市御門,750,141.0,17.6,1500,田,—,,不明,接道・区分情報なし、詳細/役場で要確認,,2026-06-14,,https://suumo.jp/chukoikkodate/shizuoka/sc_izunokuni/nc_74752544/,不適合
SUUMO 中古戸建 伊豆の国市,伊豆の国市,更地,土地カテゴリ（建物表記なし）,静岡県伊豆の国市大仁,800,136.9,19.3,1500,—,—,,不明,接道・区分情報なし、詳細/役場で要確認,,2026-06-14,,https://suumo.jp/chukoikkodate/shizuoka/sc_izunokuni/nc_20280636/,不適合
SUUMO 中古戸建 伊豆の国市,伊豆の国市,更地,土地カテゴリ（建物表記なし）,静岡県伊豆の国市奈古谷小松ケ原,800,366.3,7.2,1500,—,—,,不明,接道・区分情報なし、詳細/役場で要確認,,2026-06-14,,https://suumo.jp/chukoikkodate/shizuoka/sc_izunokuni/nc_21042192/,適合
SUUMO 中古戸建 伊豆の国市,伊豆の国市,更地,土地カテゴリ（建物表記なし）,静岡県伊豆の国市南條,900,199.5,14.9,1500,—,—,,不明,接道・区分情報なし、詳細/役場で要確認,,2026-06-14,,https://suumo.jp/chukoikkodate/shizuoka/sc_izunokuni/nc_20113184/,不適合
SUUMO 中古戸建 伊豆の国市,伊豆の国市,更地,土地カテゴリ（建物表記なし）,静岡県伊豆の国市韮山山木,900,287.0,10.4,1500,—,—,,不明,接道・区分情報なし、詳細/役場で要確認,,2026-06-14,,https://suumo.jp/chukoikkodate/shizuoka/sc_izunokuni/nc_78110815/,不適合
SUUMO 中古戸建 伊豆の国市,伊豆の国市,更地,土地カテゴリ（建物表記なし）,静岡県伊豆の国市三福,900,201.8,14.7,1500,—,—,,不明,接道・区分情報なし、詳細/役場で要確認,,2026-06-14,,https://suumo.jp/chukoikkodate/shizuoka/sc_izunokuni/nc_98525077/,不適合
SUUMO 中古戸建 伊豆の国市,伊豆の国市,中古戸建,中古戸建/住宅カテゴリ,静岡県伊豆の国市韮山多田,990,333.0,9.8,3000,田,—,,不明,接道・区分情報なし。建物ありだが現行法での再建築可否は役場で要確認,,2026-06-14,注意:別荘地 NG:富士見ニュータウン,https://suumo.jp/chukoikkodate/shizuoka/sc_izunokuni/nc_20773143/,適合
SUUMO 中古戸建 伊豆の国市,伊豆の国市,更地,土地カテゴリ（建物表記なし）,静岡県伊豆の国市韮山山木,1000,955.0,3.5,1500,—,—,,不明,接道・区分情報なし、詳細/役場で要確認,,2026-06-14,,https://suumo.jp/chukoikkodate/shizuoka/sc_izunokuni/nc_98299867/,適合
SUUMO 中古戸建 伊豆の国市,伊豆の国市,更地,土地カテゴリ（建物表記なし）,静岡県伊豆の国市奈古谷,1180,245.8,15.9,1500,—,—,,不明,接道・区分情報なし、詳細/役場で要確認,,2026-06-14,,https://suumo.jp/chukoikkodate/shizuoka/sc_izunokuni/nc_20998225/,不適合
SUUMO 中古戸建 伊豆の国市,伊豆の国市,更地,土地カテゴリ（建物表記なし）,静岡県伊豆の国市原木825-3,1299,109.0,39.4,1500,—,—,,不明,接道・区分情報なし、詳細/役場で要確認,,2026-06-14,,https://suumo.jp/chukoikkodate/shizuoka/sc_izunokuni/nc_20903783/,不適合
SUUMO 中古戸建 伊豆の国市,伊豆の国市,更地,土地カテゴリ（建物表記なし）,静岡県伊豆の国市奈古谷小松ケ原,1350,416.0,10.7,1500,—,—,,不明,接道・区分情報なし、詳細/役場で要確認,,2026-06-14,,https://suumo.jp/chukoikkodate/shizuoka/sc_izunokuni/nc_78494696/,適合
SUUMO 中古戸建 伊豆の国市,伊豆の国市,更地,土地カテゴリ（建物表記なし）,静岡県伊豆の国市古奈602-1,1549,215.5,23.8,1500,—,—,,不明,接道・区分情報なし、詳細/役場で要確認,,2026-07-19,,https://suumo.jp/chukoikkodate/shizuoka/sc_izunokuni/nc_21191855/,不適合
SUUMO 中古戸建 伊豆の国市,伊豆の国市,更地,土地カテゴリ（建物表記なし）,静岡県伊豆の国市原木742-12,1599,100.6,52.5,1500,—,—,,不明,接道・区分情報なし、詳細/役場で要確認,,2026-06-22,,https://suumo.jp/chukoikkodate/shizuoka/sc_izunokuni/nc_21076176/,不適合
SUUMO 中古戸建 伊豆の国市,伊豆の国市,更地,土地カテゴリ（建物表記なし）,静岡県伊豆の国市奈古谷小松ケ原,1780,221.0,26.6,1500,—,—,,不明,接道・区分情報なし、詳細/役場で要確認,,2026-06-14,,https://suumo.jp/chukoikkodate/shizuoka/sc_izunokuni/nc_97178786/,不適合
SUUMO 中古戸建 伊豆の国市,伊豆の国市,更地,土地カテゴリ（建物表記なし）,静岡県伊豆の国市墹之上,1800,452.9,13.1,1500,—,—,,不明,接道・区分情報なし、詳細/役場で要確認,,2026-07-16,,https://suumo.jp/chukoikkodate/shizuoka/sc_izunokuni/nc_20800966/,不適合
SUUMO 中古戸建 伊豆の国市,伊豆の国市,更地,土地カテゴリ（建物表記なし）,静岡県伊豆の国市奈古谷小松ケ原,1800,637.0,9.3,1500,—,—,,不明,接道・区分情報なし、詳細/役場で要確認,,2026-06-14,,https://suumo.jp/chukoikkodate/shizuoka/sc_izunokuni/nc_20891509/,不適合
SUUMO 中古戸建 伊豆の国市,伊豆の国市,更地,土地カテゴリ（建物表記なし）,静岡県伊豆の国市古奈1118-10,1829,213.7,28.3,1500,—,—,,不明,接道・区分情報なし、詳細/役場で要確認,,2026-06-14,,https://suumo.jp/chukoikkodate/shizuoka/sc_izunokuni/nc_20831311/,不適合
SUUMO 中古戸建 伊豆の国市,伊豆の国市,更地,土地カテゴリ（建物表記なし）,静岡県伊豆の国市南條,1880,184.1,33.8,1500,—,—,,不明,接道・区分情報なし、詳細/役場で要確認,,2026-06-14,,https://suumo.jp/chukoikkodate/shizuoka/sc_izunokuni/nc_20868345/,不適合
SUUMO 中古戸建 伊豆の国市,伊豆の国市,更地,土地カテゴリ（建物表記なし）,静岡県伊豆の国市奈古谷エメラルドタウン,1980,558.2,11.7,1500,—,—,,不明,接道・区分情報なし、詳細/役場で要確認,,2026-06-14,NG:エメラルドタウン,https://suumo.jp/chukoikkodate/shizuoka/sc_izunokuni/nc_91192340/,不適合
SUUMO 中古戸建 伊豆の国市,伊豆の国市,中古戸建,中古戸建/住宅カテゴリ,静岡県伊豆の国市原木,1980,312.6,20.9,3000,田,—,,不明,接道・区分情報なし。建物ありだが現行法での再建築可否は役場で要確認,,2026-06-14,,https://suumo.jp/chukoikkodate/shizuoka/sc_izunokuni/nc_79178268/,不適合
SUUMO 中古戸建 伊豆の国市,伊豆の国市,更地,土地カテゴリ（建物表記なし）,静岡県伊豆の国市三福,2180,128.1,56.3,1500,田,—,,不明,接道・区分情報なし、詳細/役場で要確認,,2026-06-14,,https://suumo.jp/chukoikkodate/shizuoka/sc_izunokuni/nc_20428723/,不適合
SUUMO 中古戸建 伊豆の国市,伊豆の国市,更地,土地カテゴリ（建物表記なし）,静岡県伊豆の国市大仁,2230,210.7,35.0,1500,田,—,,不明,接道・区分情報なし、詳細/役場で要確認,,2026-06-14,注意:温泉,https://suumo.jp/chukoikkodate/shizuoka/sc_izunokuni/nc_79025794/,不適合
SUUMO 中古戸建 伊豆の国市,伊豆の国市,更地,土地カテゴリ（建物表記なし）,静岡県伊豆の国市大仁,2230,210.7,35.0,1500,—,—,,不明,接道・区分情報なし、詳細/役場で要確認,,2026-06-14,,https://suumo.jp/chukoikkodate/shizuoka/sc_izunokuni/nc_78650107/,不適合
SUUMO 中古戸建 伊豆の国市,伊豆の国市,更地,土地カテゴリ（建物表記なし）,静岡県伊豆の国市奈古谷小松ケ原,2480,378.0,21.7,1500,—,—,,不明,接道・区分情報なし、詳細/役場で要確認,,2026-07-20,,https://suumo.jp/chukoikkodate/shizuoka/sc_izunokuni/nc_77034505/,不適合
SUUMO 中古戸建 伊豆の国市,伊豆の国市,更地,土地カテゴリ（建物表記なし）,静岡県伊豆の国市長岡,2480,360.0,22.8,1500,—,—,,不明,接道・区分情報なし、詳細/役場で要確認,,2026-06-14,,https://suumo.jp/chukoikkodate/shizuoka/sc_izunokuni/nc_79002142/,不適合
SUUMO 中古戸建 伊豆の国市,伊豆の国市,更地,土地カテゴリ（建物表記なし）,静岡県伊豆の国市天野,2800,170.5,54.3,1500,—,—,,不明,接道・区分情報なし、詳細/役場で要確認,,2026-06-14,,https://suumo.jp/chukoikkodate/shizuoka/sc_izunokuni/nc_20882818/,不適合
SUUMO 中古戸建 伊豆の国市,伊豆の国市,更地,土地カテゴリ（建物表記なし）,静岡県伊豆の国市富士見,3000,164.0,60.5,1500,—,—,,不明,接道・区分情報なし、詳細/役場で要確認,,2026-06-14,,https://suumo.jp/chukoikkodate/shizuoka/sc_izunokuni/nc_78266044/,不適合
SUUMO 中古戸建 伊豆の国市,伊豆の国市,更地,土地カテゴリ（建物表記なし）,静岡県伊豆の国市大仁,3200,160.6,65.9,1500,—,—,,不明,接道・区分情報なし、詳細/役場で要確認,,2026-06-14,,https://suumo.jp/chukoikkodate/shizuoka/sc_izunokuni/nc_74842726/,不適合
SUUMO 中古戸建 伊豆の国市,伊豆の国市,更地,土地カテゴリ（建物表記なし）,静岡県伊豆の国市長岡,3280,157.3,68.9,1500,—,—,,不明,接道・区分情報なし、詳細/役場で要確認,,2026-06-14,注意:温泉,https://suumo.jp/chukoikkodate/shizuoka/sc_izunokuni/nc_76083243/,不適合
SUUMO 中古戸建 伊豆の国市,伊豆の国市,更地,土地カテゴリ（建物表記なし）,静岡県伊豆の国市三福,3650,307.7,39.2,1500,田,—,,不明,接道・区分情報なし、詳細/役場で要確認,,2026-06-27,,https://suumo.jp/chukoikkodate/shizuoka/sc_izunokuni/nc_21162739/,不適合
SUUMO 中古戸建 伊豆の国市,伊豆の国市,更地,土地カテゴリ（建物表記なし）,静岡県伊豆の国市吉田,3650,563.0,21.4,1500,田,—,,不明,接道・区分情報なし、詳細/役場で要確認,,2026-06-14,,https://suumo.jp/chukoikkodate/shizuoka/sc_izunokuni/nc_20155773/,不適合
SUUMO 中古戸建 伊豆の国市,伊豆の国市,更地,土地カテゴリ（建物表記なし）,静岡県伊豆の国市古奈,5600,331.6,55.8,1500,田,—,,不明,接道・区分情報なし、詳細/役場で要確認,,2026-06-14,,https://suumo.jp/chukoikkodate/shizuoka/sc_izunokuni/nc_97670552/,不適合
SUUMO 中古戸建 伊豆の国市,伊豆の国市,更地,土地カテゴリ（建物表記なし）,静岡県伊豆の国市長岡,9500,846.8,37.1,1500,田,—,,不明,接道・区分情報なし、詳細/役場で要確認,,2026-06-14,,https://suumo.jp/chukoikkodate/shizuoka/sc_izunokuni/nc_76448476/,不適合
空き家バンクしずおか 函南町,函南町,空き家,掲載に空き家表記,田方郡函南町柏谷,1200,183.3,21.6,3000,宅地,市街化区域,,不明,接道・区分情報なし。建物ありだが現行法での再建築可否は役場で要確認,,2026-07-24,,https://akiya-bank.shizuoka.fudohsan.jp/%E7%89%A9%E4%BB%B6/175644/settle/1,不適合
空き家バンクしずおか 函南町,函南町,更地,土地カテゴリ（建物表記なし）,田方郡函南町上沢951-205,50,449.0,0.4,1500,田,市街化調整区域,,△,市街化調整区域は原則新築不可・許可要件次第＝本命候補,,2026-06-14,関心:調整区域/無指定,https://akiya-bank.shizuoka.fudohsan.jp/%E7%89%A9%E4%BB%B6/128604/settle/1,適合
空き家バンクしずおか 函南町,函南町,更地,土地カテゴリ（建物表記なし）,田方郡函南町丹那南箱根ダイヤランド529－587,200,363.6,1.8,1500,田,市街化調整区域,,△,市街化調整区域は原則新築不可・許可要件次第＝本命候補,,2026-06-14,関心:調整区域/無指定 注意:温泉 NG:南箱根ダイヤランド,https://akiya-bank.shizuoka.fudohsan.jp/%E7%89%A9%E4%BB%B6/61857/settle/1,適合
空き家バンクしずおか 函南町,函南町,空き家,掲載に空き家表記,田方郡函南町平井,980,408.0,7.9,3000,田,市街化区域,,不明,接道・区分情報なし。建物ありだが現行法での再建築可否は役場で要確認,,2026-06-14,関心:無指定 NG:南箱根ダイヤランド,https://akiya-bank.shizuoka.fudohsan.jp/%E7%89%A9%E4%BB%B6/173001/settle/1,適合
空き家バンクしずおか 函南町,函南町,空き家,掲載に空き家表記,田方郡函南町仁田,2390,84.3,93.7,3000,田,—,,不明,接道・区分情報なし。建物ありだが現行法での再建築可否は役場で要確認,,2026-07-21,注意:管理費,https://akiya-bank.shizuoka.fudohsan.jp/%E7%89%A9%E4%BB%B6/175485/settle/1,不適合
空き家バンクしずおか 函南町,函南町,更地,土地カテゴリ（建物表記なし）,田方郡函南町仁田,4180,183.6,75.3,1500,田,市街化区域,,△,市街化区域だが接道幅員が不明。新築可否は接道要確認,,2026-06-26,,https://akiya-bank.shizuoka.fudohsan.jp/%E7%89%A9%E4%BB%B6/174642/settle/1,不適合
空き家バンクしずおか 函南町,函南町,更地,土地カテゴリ（建物表記なし）,田方郡函南町間宮,2980,128.5,76.7,1500,田,市街化区域,,△,市街化区域だが接道幅員が不明。新築可否は接道要確認,,2026-06-14,,https://akiya-bank.shizuoka.fudohsan.jp/%E7%89%A9%E4%BB%B6/172053/settle/1,不適合
空き家バンクしずおか 函南町,函南町,空き家,掲載に空き家表記,田方郡函南町仁田,2650,119.1,73.6,3000,田,市街化区域,,不明,接道・区分情報なし。建物ありだが現行法での再建築可否は役場で要確認,,2026-06-14,,https://akiya-bank.shizuoka.fudohsan.jp/%E7%89%A9%E4%BB%B6/168035/settle/1,不適合
空き家バンクしずおか 函南町,函南町,更地,土地カテゴリ（建物表記なし）,田方郡函南町塚本,3899,167.1,77.1,1500,田,市街化区域,,△,市街化区域だが接道幅員が不明。新築可否は接道要確認,,2026-07-17,,https://akiya-bank.shizuoka.fudohsan.jp/%E7%89%A9%E4%BB%B6/175343/settle/1,不適合
空き家バンクしずおか 函南町,函南町,空き家,掲載に空き家表記,田方郡函南町肥田408-9,1500,145.6,34.1,3000,田,市街化区域,,不明,接道・区分情報なし。建物ありだが現行法での再建築可否は役場で要確認,,2026-06-14,,https://akiya-bank.shizuoka.fudohsan.jp/%E7%89%A9%E4%BB%B6/153293/settle/1,不適合
空き家バンクしずおか 函南町,函南町,空き家,掲載に空き家表記,田方郡函南町平井南箱根ダイヤランド1753-737,480,379.0,4.2,3000,田,市街化調整区域,,△,調整区域の建替えは既存宅地要件等の確認が必要＝本命候補,,2026-06-14,関心:調整区域/無指定 NG:南箱根ダイヤランド,https://akiya-bank.shizuoka.fudohsan.jp/%E7%89%A9%E4%BB%B6/135423/settle/1,適合
空き家バンクしずおか 函南町,函南町,空き家,掲載に空き家表記,田方郡函南町平井1247番の4,2700,424.8,21.0,3000,田,市街化区域,,不明,接道・区分情報なし。建物ありだが現行法での再建築可否は役場で要確認,,2026-06-14,,https://akiya-bank.shizuoka.fudohsan.jp/%E7%89%A9%E4%BB%B6/161158/settle/1,適合
空き家バンクしずおか 函南町,函南町,中古戸建,中古戸建/住宅カテゴリ,田方郡函南町畑,1280,277.0,15.3,3000,畑,市街化調整区域,,△,調整区域の建替えは既存宅地要件等の確認が必要＝本命候補,,2026-07-13,関心:調整区域/無指定 NG:南箱根ダイヤランド,https://akiya-bank.shizuoka.fudohsan.jp/%E7%89%A9%E4%BB%B6/175234/settle/1,不適合
空き家バンクしずおか 函南町,函南町,古家付き土地,土地＋古家/上物の表記,田方郡函南町桑原,1000,395.9,8.4,1500,田,市街化調整区域,,△,調整区域の建替えは既存宅地要件等の確認が必要＝本命候補,,2026-07-03,関心:調整区域/無指定,https://akiya-bank.shizuoka.fudohsan.jp/%E7%89%A9%E4%BB%B6/174858/settle/1,適合
空き家バンクしずおか 函南町,函南町,更地,土地カテゴリ（建物表記なし）,田方郡函南町平井1258番4,280,99.8,9.3,1500,宅地,市街化区域,,△,市街化区域だが接道幅員が不明。新築可否は接道要確認,,2026-07-09,,https://akiya-bank.shizuoka.fudohsan.jp/%E7%89%A9%E4%BB%B6/127079/settle/1,不適合
空き家バンクしずおか 函南町,函南町,更地,土地カテゴリ（建物表記なし）,田方郡函南町塚本939-4,5500,771.5,23.6,1500,田,市街化調整区域,,△,市街化調整区域は原則新築不可・許可要件次第＝本命候補,,2026-06-14,関心:調整区域/無指定,https://akiya-bank.shizuoka.fudohsan.jp/%E7%89%A9%E4%BB%B6/139026/settle/1,不適合
空き家バンクしずおか 函南町,函南町,更地,土地カテゴリ（建物表記なし）,田方郡函南町柏谷1264-1,280,996.0,0.9,1500,宅地,市街化区域,,△,市街化区域だが接道幅員が不明。新築可否は接道要確認,,2026-06-14,,https://akiya-bank.shizuoka.fudohsan.jp/%E7%89%A9%E4%BB%B6/146283/settle/1,適合
空き家バンクしずおか 函南町,函南町,更地,土地カテゴリ（建物表記なし）,田方郡函南町大土肥,2490,248.0,33.2,1500,田,市街化区域,,△,市街化区域だが接道幅員が不明。新築可否は接道要確認,,2026-06-14,,https://akiya-bank.shizuoka.fudohsan.jp/%E7%89%A9%E4%BB%B6/168927/settle/1,不適合
空き家バンクしずおか 函南町,函南町,空き家,掲載に空き家表記,田方郡函南町平井南箱根ダイヤランド,380,290.0,4.3,3000,田,市街化調整区域,,△,調整区域の建替えは既存宅地要件等の確認が必要＝本命候補,,2026-06-14,関心:調整区域/無指定 注意:温泉 NG:南箱根ダイヤランド,https://akiya-bank.shizuoka.fudohsan.jp/%E7%89%A9%E4%BB%B6/111023/settle/1,不適合
空き家バンクしずおか 函南町,函南町,空き家,掲載に空き家表記,田方郡函南町柏谷,1880,347.1,17.9,3000,田,市街化区域,,不明,接道・区分情報なし。建物ありだが現行法での再建築可否は役場で要確認,,2026-06-14,,https://akiya-bank.shizuoka.fudohsan.jp/%E7%89%A9%E4%BB%B6/167122/settle/1,適合
空き家バンクしずおか 函南町,函南町,更地,土地カテゴリ（建物表記なし）,田方郡函南町塚本,1780,603.0,9.8,1500,畑,市街化調整区域,,△,市街化調整区域は原則新築不可・許可要件次第＝本命候補,,2026-06-14,関心:調整区域/無指定,https://akiya-bank.shizuoka.fudohsan.jp/%E7%89%A9%E4%BB%B6/168271/settle/1,不適合
空き家バンクしずおか 函南町,函南町,更地,土地カテゴリ（建物表記なし）,田方郡函南町大竹,700,206.6,11.2,1500,田,市街化調整区域,,△,市街化調整区域は原則新築不可・許可要件次第＝本命候補,,2026-06-14,関心:調整区域/無指定,https://akiya-bank.shizuoka.fudohsan.jp/%E7%89%A9%E4%BB%B6/171641/settle/1,不適合
空き家バンクしずおか 函南町,函南町,空き家,掲載に空き家表記,田方郡函南町畑毛389-3,480,165.3,9.6,3000,畑,市街化調整区域,,△,調整区域の建替えは既存宅地要件等の確認が必要＝本命候補,,2026-06-14,関心:調整区域/無指定,https://akiya-bank.shizuoka.fudohsan.jp/%E7%89%A9%E4%BB%B6/174189/settle/1,不適合
空き家バンクしずおか 函南町,函南町,空き家,掲載に空き家表記,田方郡函南町丹那,2650,370.5,23.6,3000,田,市街化調整区域,,△,調整区域の建替えは既存宅地要件等の確認が必要＝本命候補,,2026-06-14,関心:調整区域/無指定,https://akiya-bank.shizuoka.fudohsan.jp/%E7%89%A9%E4%BB%B6/159531/settle/1,適合
空き家バンクしずおか 函南町,函南町,空き家,掲載に空き家表記,田方郡函南町平井,580,271.7,7.1,3000,田,市街化調整区域,,△,調整区域の建替えは既存宅地要件等の確認が必要＝本命候補,,2026-06-14,関心:調整区域/無指定 NG:南箱根ダイヤランド,https://akiya-bank.shizuoka.fudohsan.jp/%E7%89%A9%E4%BB%B6/166471/settle/1,不適合
空き家バンクしずおか 函南町,函南町,更地,土地カテゴリ（建物表記なし）,田方郡函南町平井1753-1387,980,233.0,13.9,1500,田,市街化区域,,△,市街化区域だが接道幅員が不明。新築可否は接道要確認,,2026-06-14,関心:無指定 NG:南箱根ダイヤランド,https://akiya-bank.shizuoka.fudohsan.jp/%E7%89%A9%E4%BB%B6/149239/settle/1,不適合
空き家バンクしずおか 函南町,函南町,中古戸建,中古戸建/住宅カテゴリ,田方郡函南町畑,1250,295.4,14.0,3000,畑,市街化調整区域,,△,調整区域の建替えは既存宅地要件等の確認が必要＝本命候補,,2026-06-22,関心:調整区域/無指定 NG:南箱根ダイヤランド,https://akiya-bank.shizuoka.fudohsan.jp/%E7%89%A9%E4%BB%B6/174489/settle/1,不適合
空き家バンクしずおか 函南町,函南町,空き家,掲載に空き家表記,田方郡函南町平井,750,365.0,6.8,3000,田,市街化区域,,不明,接道・区分情報なし。建物ありだが現行法での再建築可否は役場で要確認,,2026-06-14,関心:無指定 注意:温泉 NG:南箱根ダイヤランド,https://akiya-bank.shizuoka.fudohsan.jp/%E7%89%A9%E4%BB%B6/165995/settle/1,適合
空き家バンクしずおか 函南町,函南町,古家付き土地,土地＋古家/上物の表記,田方郡函南町肥田917-1,3500,1400.6,8.3,1500,田,市街化調整区域,,△,調整区域の建替えは既存宅地要件等の確認が必要＝本命候補,,2026-06-14,関心:調整区域/無指定,https://akiya-bank.shizuoka.fudohsan.jp/%E7%89%A9%E4%BB%B6/124718/settle/1,不適合
空き家バンクしずおか 函南町,函南町,空き家,掲載に空き家表記,田方郡函南町平井,590,543.0,3.6,3000,田,市街化区域,,不明,接道・区分情報なし。建物ありだが現行法での再建築可否は役場で要確認,,2026-06-14,関心:無指定 NG:エメラルドタウン,https://akiya-bank.shizuoka.fudohsan.jp/%E7%89%A9%E4%BB%B6/174222/settle/1,適合
空き家バンクしずおか 函南町,函南町,更地,土地カテゴリ（建物表記なし）,田方郡函南町肥田68-2,1453,686.0,7.0,1500,田,市街化調整区域,,△,市街化調整区域は原則新築不可・許可要件次第＝本命候補,,2026-06-14,関心:調整区域/無指定,https://akiya-bank.shizuoka.fudohsan.jp/%E7%89%A9%E4%BB%B6/126876/settle/1,適合
空き家バンクしずおか 函南町,函南町,古家付き土地,土地＋古家/上物の表記,田方郡函南町平井,200,356.9,1.9,1500,田,市街化調整区域,,△,調整区域の建替えは既存宅地要件等の確認が必要＝本命候補,,2026-06-14,関心:調整区域/無指定,https://akiya-bank.shizuoka.fudohsan.jp/%E7%89%A9%E4%BB%B6/171294/settle/1,適合
空き家バンクしずおか 函南町,函南町,古家付き土地,土地＋古家/上物の表記,田方郡函南町上沢768-14,350,169.2,6.8,1500,田,市街化調整区域,,△,調整区域の建替えは既存宅地要件等の確認が必要＝本命候補,,2026-06-14,関心:調整区域/無指定,https://akiya-bank.shizuoka.fudohsan.jp/%E7%89%A9%E4%BB%B6/160715/settle/1,不適合
空き家バンクしずおか 函南町,函南町,空き家,掲載に空き家表記,田方郡函南町平井,965,241.4,13.2,3000,田,市街化区域,,不明,接道・区分情報なし。建物ありだが現行法での再建築可否は役場で要確認,,2026-06-14,,https://akiya-bank.shizuoka.fudohsan.jp/%E7%89%A9%E4%BB%B6/173699/settle/1,不適合
空き家バンクしずおか 函南町,函南町,更地,土地カテゴリ（建物表記なし）,田方郡函南町平井１２８４－１６、１２８４－２、,2100,321.5,21.6,1500,宅地,市街化区域,,△,市街化区域だが接道幅員が不明。新築可否は接道要確認,,2026-06-14,,https://akiya-bank.shizuoka.fudohsan.jp/%E7%89%A9%E4%BB%B6/59401/settle/1,不適合
空き家バンクしずおか 函南町,函南町,中古戸建,中古戸建/住宅カテゴリ,田方郡函南町平井1740-669,1780,429.5,13.7,3000,畑,市街化調整区域,,△,調整区域の建替えは既存宅地要件等の確認が必要＝本命候補,,2026-06-14,関心:調整区域/無指定 NG:南箱根ダイヤランド,https://akiya-bank.shizuoka.fudohsan.jp/%E7%89%A9%E4%BB%B6/153397/settle/1,適合
空き家バンクしずおか 函南町,函南町,更地,土地カテゴリ（建物表記なし）,田方郡函南町上沢,50,332.0,0.5,1500,田,市街化調整区域,,△,市街化調整区域は原則新築不可・許可要件次第＝本命候補,,2026-06-14,関心:調整区域/無指定,https://akiya-bank.shizuoka.fudohsan.jp/%E7%89%A9%E4%BB%B6/92609/settle/1,適合
空き家バンクしずおか 函南町,函南町,空き家,掲載に空き家表記,田方郡函南町上沢,750,339.0,7.3,3000,田,市街化調整区域,,△,調整区域の建替えは既存宅地要件等の確認が必要＝本命候補,,2026-06-14,関心:調整区域/無指定,https://akiya-bank.shizuoka.fudohsan.jp/%E7%89%A9%E4%BB%B6/156063/settle/1,適合
空き家バンクしずおか 函南町,函南町,古家付き土地,土地＋古家/上物の表記,田方郡函南町肥田,3500,1400.6,8.3,1500,田,市街化調整区域,,△,調整区域の建替えは既存宅地要件等の確認が必要＝本命候補,,2026-06-14,関心:調整区域/無指定,https://akiya-bank.shizuoka.fudohsan.jp/%E7%89%A9%E4%BB%B6/124611/settle/1,不適合
空き家バンクしずおか 函南町,函南町,更地,土地カテゴリ（建物表記なし）,田方郡函南町畑毛,1580,742.0,7.0,1500,畑,市街化調整区域,,△,市街化調整区域は原則新築不可・許可要件次第＝本命候補,,2026-06-14,関心:調整区域/無指定,https://akiya-bank.shizuoka.fudohsan.jp/%E7%89%A9%E4%BB%B6/163601/settle/1,不適合
空き家バンクしずおか 函南町,函南町,空き家,掲載に空き家表記,田方郡函南町平井1733-633,320,378.0,2.8,3000,田,市街化調整区域,,△,調整区域の建替えは既存宅地要件等の確認が必要＝本命候補,,2026-06-14,関心:調整区域/無指定,https://akiya-bank.shizuoka.fudohsan.jp/%E7%89%A9%E4%BB%B6/128773/settle/1,適合
空き家バンクしずおか 函南町,函南町,空き家,掲載に空き家表記,田方郡函南町平井1720番７４他,3500,1924.8,6.0,3000,田,市街化調整区域,,△,調整区域の建替えは既存宅地要件等の確認が必要＝本命候補,,2026-06-14,関心:調整区域/無指定,https://akiya-bank.shizuoka.fudohsan.jp/%E7%89%A9%E4%BB%B6/120470/settle/1,不適合
空き家バンクしずおか 函南町,函南町,更地,土地カテゴリ（建物表記なし）,田方郡函南町平井1753番1500,300,206.0,4.8,1500,田,市街化調整区域,,△,市街化調整区域は原則新築不可・許可要件次第＝本命候補,,2026-06-14,関心:調整区域/無指定,https://akiya-bank.shizuoka.fudohsan.jp/%E7%89%A9%E4%BB%B6/133665/settle/1,不適合
空き家バンクしずおか 函南町,函南町,更地,土地カテゴリ（建物表記なし）,田方郡函南町丹那1316番529,300,249.0,4.0,1500,田,市街化調整区域,,△,市街化調整区域は原則新築不可・許可要件次第＝本命候補,,2026-06-14,関心:調整区域/無指定,https://akiya-bank.shizuoka.fudohsan.jp/%E7%89%A9%E4%BB%B6/133668/settle/1,不適合
家っち(新日本住建販売) 函南町 土地一覧,函南町,更地,土地カテゴリ（建物表記なし）,静岡県田方郡函南町仁田,4180,183.6,75.3,1500,田,—,,不明,接道・区分情報なし、詳細/役場で要確認,,2026-07-13,,https://www.snjhkk.com/s_r_59251/index.html,不適合
家っち(新日本住建販売) 函南町 土地一覧,函南町,更地,土地カテゴリ（建物表記なし）,静岡県田方郡函南町塚本,3899,167.1,77.1,1500,田,—,,不明,接道・区分情報なし、詳細/役場で要確認,,2026-07-06,,https://www.snjhkk.com/s_r_59159/index.html,不適合
家っち(新日本住建販売) 函南町 土地一覧,函南町,更地,土地カテゴリ（建物表記なし）,静岡県田方郡函南町上沢,1080,238.0,15.0,1500,田,—,,不明,接道・区分情報なし、詳細/役場で要確認,,2026-06-27,,https://www.snjhkk.com/s_r_59095/index.html,不適合
家っち(新日本住建販売) 函南町 土地一覧,函南町,更地,土地カテゴリ（建物表記なし）,静岡県田方郡函南町塚本,2330,,,1500,田,—,,不明,接道・区分情報なし、詳細/役場で要確認,,2026-06-25,,https://www.snjhkk.com/s_r_59045/index.html,数値不明
家っち(新日本住建販売) 函南町 土地一覧,函南町,更地,土地カテゴリ（建物表記なし）,静岡県田方郡函南町肥田,780,252.6,10.2,1500,田,—,,不明,接道・区分情報なし、詳細/役場で要確認,,2026-06-25,,https://www.snjhkk.com/s_r_58974/index.html,不適合
家っち(新日本住建販売) 函南町 土地一覧,函南町,更地,土地カテゴリ（建物表記なし）,静岡県田方郡函南町仁田,2390,,,1500,田,—,,不明,接道・区分情報なし、詳細/役場で要確認,,2026-06-25,,https://www.snjhkk.com/s_r_58969/index.html,数値不明
家っち(新日本住建販売) 函南町 土地一覧,函南町,更地,土地カテゴリ（建物表記なし）,静岡県田方郡函南町畑毛,3600,,,1500,宅地,—,,不明,接道・区分情報なし、詳細/役場で要確認,,2026-06-25,,https://www.snjhkk.com/s_r_58899/index.html,数値不明
家っち(新日本住建販売) 函南町 土地一覧,函南町,更地,土地カテゴリ（建物表記なし）,静岡県田方郡函南町塚本,5600,,,1500,田,—,,不明,接道・区分情報なし、詳細/役場で要確認,,2026-06-25,,https://www.snjhkk.com/s_r_58896/index.html,数値不明
家っち(新日本住建販売) 函南町 土地一覧,函南町,更地,土地カテゴリ（建物表記なし）,静岡県田方郡函南町平井字向山1371番40,3498,187.7,61.6,1500,田,—,,不明,接道・区分情報なし、詳細/役場で要確認,,2026-06-25,,https://www.snjhkk.com/s_r_58736/index.html,不適合
家っち(新日本住建販売) 函南町 土地一覧,函南町,更地,土地カテゴリ（建物表記なし）,静岡県田方郡函南町上沢,954,258.0,12.2,1500,田,—,,不明,接道・区分情報なし、詳細/役場で要確認,,2026-06-25,NG:パサディナタウン,https://www.snjhkk.com/s_r_58445/index.html,不適合
家っち(新日本住建販売) 函南町 土地一覧,函南町,更地,土地カテゴリ（建物表記なし）,静岡県田方郡函南町平井,1580,210.5,24.8,1500,田,—,,不明,接道・区分情報なし、詳細/役場で要確認,,2026-06-25,,https://www.snjhkk.com/s_r_58382/index.html,不適合
家っち(新日本住建販売) 函南町 土地一覧,函南町,更地,土地カテゴリ（建物表記なし）,静岡県田方郡函南町柏谷,2500,317.1,26.1,1500,田,—,,不明,接道・区分情報なし、詳細/役場で要確認,,2026-06-25,,https://www.snjhkk.com/s_r_57999/index.html,不適合
家っち(新日本住建販売) 函南町 土地一覧,函南町,更地,土地カテゴリ（建物表記なし）,静岡県田方郡函南町柏谷,1890,186.2,33.6,1500,田,—,接道の為、通常よりも広く建築,不明,接道・区分情報なし、詳細/役場で要確認,,2026-07-17,,https://www.snjhkk.com/s_r_57424/index.html,不適合
SUUMO 賃貸 鳥取市,鳥取市,賃貸アパート,賃貸カテゴリ（掲載種別）,鳥取県鳥取市湖山町南２,5.8,68.7,,5,—,—,,—,賃貸のため対象外,,2026-07-24,,https://suumo.jp/chintai/jnc_000099183083/,不適合
SUUMO 賃貸 鳥取市,鳥取市,賃貸アパート,賃貸カテゴリ（掲載種別）,鳥取県鳥取市三津,4.8,49.2,,5,—,—,,—,賃貸のため対象外,,2026-07-24,,https://suumo.jp/chintai/jnc_000108587819/,適合
SUUMO 賃貸 鳥取市,鳥取市,賃貸アパート,賃貸カテゴリ（掲載種別）,鳥取県鳥取市覚寺,5.8,53.8,,5,—,—,,—,賃貸のため対象外,,2026-07-24,,https://suumo.jp/chintai/jnc_000108545688/,不適合
SUUMO 賃貸 鳥取市,鳥取市,賃貸アパート,賃貸カテゴリ（掲載種別）,鳥取県鳥取市湖山町南２,6.6,54.4,,5,—,—,,—,賃貸のため対象外,,2026-07-24,,https://suumo.jp/chintai/jnc_000108728817/,不適合
SUUMO 賃貸 鳥取市,鳥取市,賃貸アパート,賃貸カテゴリ（掲載種別）,鳥取県鳥取市国府町稲葉丘３,5.5,42.7,,5,—,—,,—,賃貸のため対象外,,2026-07-24,,https://suumo.jp/chintai/jnc_000108744471/,不適合
SUUMO 賃貸 鳥取市,鳥取市,賃貸アパート,賃貸カテゴリ（掲載種別）,鳥取県鳥取市雲山,5.8,40.3,,5,—,—,,—,賃貸のため対象外,,2026-07-24,,https://suumo.jp/chintai/jnc_000108567037/,不適合
SUUMO 賃貸 鳥取市,鳥取市,賃貸アパート,賃貸カテゴリ（掲載種別）,鳥取県鳥取市正蓮寺,4.8,41.6,,5,—,—,,—,賃貸のため対象外,,2026-07-24,,https://suumo.jp/chintai/jnc_000072614426/,適合
SUUMO 賃貸 鳥取市,鳥取市,賃貸アパート,賃貸カテゴリ（掲載種別）,鳥取県鳥取市正蓮寺,4.8,41.6,,5,—,—,,—,賃貸のため対象外,,2026-07-24,,https://suumo.jp/chintai/jnc_000099349637/,適合
SUUMO 賃貸 鳥取市,鳥取市,賃貸アパート,賃貸カテゴリ（掲載種別）,鳥取県鳥取市正蓮寺,4.8,38.8,,5,—,—,,—,賃貸のため対象外,,2026-07-24,,https://suumo.jp/chintai/jnc_000098606673/,適合
SUUMO 賃貸 鳥取市,鳥取市,賃貸アパート,賃貸カテゴリ（掲載種別）,鳥取県鳥取市正蓮寺,4.8,38.8,,5,—,—,,—,賃貸のため対象外,,2026-07-24,,https://suumo.jp/chintai/jnc_000108706267/,適合
SUUMO 賃貸 鳥取市,鳥取市,賃貸アパート,賃貸カテゴリ（掲載種別）,鳥取県鳥取市宮長,4.7,46.8,,5,—,—,,—,賃貸のため対象外,,2026-07-24,,https://suumo.jp/chintai/jnc_000107301561/,適合
SUUMO 賃貸 鳥取市,鳥取市,賃貸アパート,賃貸カテゴリ（掲載種別）,鳥取県鳥取市宮長,4.8,46.8,,5,—,—,,—,賃貸のため対象外,,2026-07-24,,https://suumo.jp/chintai/jnc_000108545689/,適合
SUUMO 賃貸 鳥取市,鳥取市,賃貸アパート,賃貸カテゴリ（掲載種別）,鳥取県鳥取市田島,6.2,55.4,,5,田,—,,—,賃貸のため対象外,,2026-07-24,,https://suumo.jp/chintai/jnc_000108575066/,不適合
SUUMO 賃貸 鳥取市,鳥取市,賃貸アパート,賃貸カテゴリ（掲載種別）,鳥取県鳥取市田島,6.4,55.4,,5,田,—,,—,賃貸のため対象外,,2026-07-24,,https://suumo.jp/chintai/jnc_000108196086/,不適合
SUUMO 賃貸 鳥取市,鳥取市,賃貸アパート,賃貸カテゴリ（掲載種別）,鳥取県鳥取市吉方,5.7,43.2,,5,—,—,,—,賃貸のため対象外,,2026-07-24,,https://suumo.jp/chintai/jnc_000108724207/,不適合
SUUMO 賃貸 鳥取市,鳥取市,賃貸アパート,賃貸カテゴリ（掲載種別）,鳥取県鳥取市寿町,5.6,50.8,,5,—,—,,—,賃貸のため対象外,,2026-07-24,,https://suumo.jp/chintai/jnc_000016198258/,不適合
SUUMO 賃貸 鳥取市,鳥取市,賃貸アパート,賃貸カテゴリ（掲載種別）,鳥取県鳥取市行徳１,6.2,26.7,,5,—,—,,—,賃貸のため対象外,,2026-07-24,,https://suumo.jp/chintai/jnc_000108051394/,不適合
SUUMO 賃貸 鳥取市,鳥取市,賃貸アパート,賃貸カテゴリ（掲載種別）,鳥取県鳥取市行徳１,6.3,26.7,,5,—,—,,—,賃貸のため対象外,,2026-07-24,,https://suumo.jp/chintai/jnc_000107584597/,不適合
SUUMO 賃貸 鳥取市,鳥取市,賃貸アパート,賃貸カテゴリ（掲載種別）,鳥取県鳥取市正蓮寺,4.8,38.5,,5,—,—,,—,賃貸のため対象外,,2026-07-24,,https://suumo.jp/chintai/jnc_000103422520/,適合
SUUMO 賃貸 鳥取市,鳥取市,賃貸アパート,賃貸カテゴリ（掲載種別）,鳥取県鳥取市正蓮寺,4.9,38.5,,5,—,—,,—,賃貸のため対象外,,2026-07-24,,https://suumo.jp/chintai/jnc_000103422521/,適合
SUUMO 賃貸 鳥取市,鳥取市,賃貸アパート,賃貸カテゴリ（掲載種別）,鳥取県鳥取市正蓮寺,4.9,38.5,,5,—,—,,—,賃貸のため対象外,,2026-07-24,,https://suumo.jp/chintai/jnc_000108706266/,適合
SUUMO 賃貸 鳥取市,鳥取市,賃貸アパート,賃貸カテゴリ（掲載種別）,鳥取県鳥取市緑ケ丘２,4.2,38.0,,5,—,—,,—,賃貸のため対象外,,2026-07-24,,https://suumo.jp/chintai/jnc_000108567041/,適合
SUUMO 賃貸 鳥取市,鳥取市,賃貸アパート,賃貸カテゴリ（掲載種別）,鳥取県鳥取市正蓮寺,4.5,35.4,,5,—,—,,—,賃貸のため対象外,,2026-07-24,,https://suumo.jp/chintai/jnc_000091893735/,適合
SUUMO 賃貸 鳥取市,鳥取市,賃貸アパート,賃貸カテゴリ（掲載種別）,鳥取県鳥取市正蓮寺,5.5,35.4,,5,—,—,,—,賃貸のため対象外,,2026-07-24,,https://suumo.jp/chintai/jnc_000079117918/,不適合
SUUMO 賃貸 鳥取市,鳥取市,賃貸アパート,賃貸カテゴリ（掲載種別）,鳥取県鳥取市江津,3.9,35.4,,5,—,—,,—,賃貸のため対象外,,2026-07-24,,https://suumo.jp/chintai/jnc_000108724201/,適合
SUUMO 賃貸 鳥取市,鳥取市,賃貸アパート,賃貸カテゴリ（掲載種別）,鳥取県鳥取市江津,4.5,35.4,,5,—,—,,—,賃貸のため対象外,,2026-07-24,,https://suumo.jp/chintai/jnc_000106648910/,適合
SUUMO 賃貸 鳥取市,鳥取市,賃貸アパート,賃貸カテゴリ（掲載種別）,鳥取県鳥取市田島,5.8,53.0,,5,田,—,,—,賃貸のため対象外,,2026-07-24,,https://suumo.jp/chintai/jnc_000075441164/,不適合
SUUMO 賃貸 鳥取市,鳥取市,賃貸アパート,賃貸カテゴリ（掲載種別）,鳥取県鳥取市寿町,4.0,32.0,,5,—,—,,—,賃貸のため対象外,,2026-07-24,,https://suumo.jp/chintai/jnc_000108567038/,適合
SUUMO 賃貸 鳥取市,鳥取市,賃貸アパート,賃貸カテゴリ（掲載種別）,鳥取県鳥取市緑ケ丘２,3.6,35.4,,5,—,—,,—,賃貸のため対象外,,2026-07-24,,https://suumo.jp/chintai/jnc_000064481346/,適合
SUUMO 賃貸 鳥取市,鳥取市,賃貸アパート,賃貸カテゴリ（掲載種別）,鳥取県鳥取市新,3.6,28.3,,5,—,—,,—,賃貸のため対象外,,2026-07-24,,https://suumo.jp/chintai/jnc_000103953752/,適合
SUUMO 賃貸 鳥取市,鳥取市,賃貸アパート,賃貸カテゴリ（掲載種別）,鳥取県鳥取市緑ケ丘１,3.2,30.4,,5,—,—,,—,賃貸のため対象外,,2026-07-24,,https://suumo.jp/chintai/jnc_000107352748/?bc=100508019531,適合
SUUMO 賃貸 鳥取市,鳥取市,賃貸アパート,賃貸カテゴリ（掲載種別）,鳥取県鳥取市湖山町北１,2.8,21.3,,5,—,—,,—,賃貸のため対象外,,2026-07-24,,https://suumo.jp/chintai/jnc_000107750872/?bc=100512068041,適合
SUUMO 賃貸 鳥取市,鳥取市,賃貸アパート,賃貸カテゴリ（掲載種別）,鳥取県鳥取市湖山町南１,2.5,24.9,,5,—,—,,—,賃貸のため対象外,,2026-07-24,,https://suumo.jp/chintai/jnc_000108187139/?bc=100518622104,適合
SUUMO 賃貸 鳥取市,鳥取市,賃貸アパート,賃貸カテゴリ（掲載種別）,鳥取県鳥取市湖山町南１,2.9,24.9,,5,—,—,,—,賃貸のため対象外,,2026-07-24,,https://suumo.jp/chintai/jnc_000105624834/?bc=100518477196,適合
SUUMO 賃貸 鳥取市,鳥取市,賃貸アパート,賃貸カテゴリ（掲載種別）,鳥取県鳥取市湖山町東１,2.1,18.4,,5,—,—,,—,賃貸のため対象外,,2026-07-24,,https://suumo.jp/chintai/jnc_000105770435/?bc=100518622092,適合
SUUMO 賃貸 鳥取市,鳥取市,賃貸アパート,賃貸カテゴリ（掲載種別）,鳥取県鳥取市湖山町東１,2.2,18.4,,5,—,—,,—,賃貸のため対象外,,2026-07-24,,https://suumo.jp/chintai/jnc_000105770437/?bc=100518477198,適合
SUUMO 賃貸 鳥取市,鳥取市,賃貸アパート,賃貸カテゴリ（掲載種別）,鳥取県鳥取市湖山町東１,2.2,18.4,,5,—,—,,—,賃貸のため対象外,,2026-07-24,,https://suumo.jp/chintai/jnc_000105770438/?bc=100518622096,適合
SUUMO 賃貸 鳥取市,鳥取市,賃貸マンション,賃貸カテゴリ（掲載種別）,鳥取県鳥取市滝山,2.55,29.0,,5,—,—,,—,賃貸のため対象外,,2026-07-24,,https://suumo.jp/chintai/jnc_000107077935/?bc=100506076326,適合
SUUMO 賃貸 鳥取市,鳥取市,賃貸マンション,賃貸カテゴリ（掲載種別）,鳥取県鳥取市滝山,2.92,29.0,,5,—,—,,—,賃貸のため対象外,,2026-07-24,,https://suumo.jp/chintai/jnc_000107017691/?bc=100506076328,適合
SUUMO 賃貸 鳥取市,鳥取市,賃貸アパート,賃貸カテゴリ（掲載種別）,鳥取県鳥取市浜坂,4.85,59.6,,5,—,—,,—,賃貸のため対象外,,2026-07-24,,https://suumo.jp/chintai/jnc_000108750855/?bc=100518621760,適合
SUUMO 賃貸 鳥取市,鳥取市,賃貸アパート,賃貸カテゴリ（掲載種別）,鳥取県鳥取市浜坂,5.35,59.6,,5,—,—,,—,賃貸のため対象外,,2026-07-24,,https://suumo.jp/chintai/jnc_000102099797/?bc=100518233065,不適合
SUUMO 賃貸 鳥取市,鳥取市,賃貸アパート,賃貸カテゴリ（掲載種別）,鳥取県鳥取市国府町宮下,5.2,57.0,,5,—,—,,—,賃貸のため対象外,,2026-07-24,,https://suumo.jp/chintai/jnc_000107366036/?bc=100508722377,不適合
SUUMO 賃貸 鳥取市,鳥取市,賃貸アパート,賃貸カテゴリ（掲載種別）,鳥取県鳥取市国府町宮下,5.4,57.0,,5,—,—,,—,賃貸のため対象外,,2026-07-24,,https://suumo.jp/chintai/jnc_000108744472/?bc=100518550161,不適合
SUUMO 賃貸 鳥取市,鳥取市,賃貸アパート,賃貸カテゴリ（掲載種別）,鳥取県鳥取市南安長１,5.6,48.6,,5,—,—,,—,賃貸のため対象外,,2026-07-24,,https://suumo.jp/chintai/jnc_000108744470/?bc=100518550169,不適合
SUUMO 賃貸 鳥取市,鳥取市,賃貸アパート,賃貸カテゴリ（掲載種別）,鳥取県鳥取市賀露町北３,5.3,48.3,,5,—,—,,—,賃貸のため対象外,,2026-07-24,,https://suumo.jp/chintai/jnc_000108737323/?bc=100518594483,不適合
SUUMO 賃貸 鳥取市,鳥取市,賃貸アパート,賃貸カテゴリ（掲載種別）,鳥取県鳥取市宮長,6.9,59.6,,5,—,—,,—,賃貸のため対象外,,2026-07-24,,https://suumo.jp/chintai/jnc_000108744469/?bc=100451964536,不適合
SUUMO 賃貸 鳥取市,鳥取市,賃貸アパート,賃貸カテゴリ（掲載種別）,鳥取県鳥取市国府町稲葉丘３,5.5,42.7,,5,—,—,,—,賃貸のため対象外,,2026-07-24,,https://suumo.jp/chintai/jnc_000108750858/?bc=100518614591,不適合
SUUMO 賃貸 鳥取市,鳥取市,賃貸アパート,賃貸カテゴリ（掲載種別）,鳥取県鳥取市国府町宮下,7.5,68.8,,5,—,—,,—,賃貸のため対象外,,2026-07-24,,https://suumo.jp/chintai/jnc_000107532001/?bc=100518606336,不適合
SUUMO 賃貸 鳥取市,鳥取市,賃貸アパート,賃貸カテゴリ（掲載種別）,鳥取県鳥取市湖山町南１,5.6,40.8,,5,—,—,,—,賃貸のため対象外,,2026-07-24,,https://suumo.jp/chintai/jnc_000107836107/?bc=100502381108,不適合
SUUMO 賃貸 鳥取市,鳥取市,賃貸アパート,賃貸カテゴリ（掲載種別）,鳥取県鳥取市湖山町南１,5.6,40.8,,5,—,—,,—,賃貸のため対象外,,2026-07-24,,https://suumo.jp/chintai/jnc_000092729410/?bc=100511795998,不適合
SUUMO 賃貸 鳥取市,鳥取市,賃貸アパート,賃貸カテゴリ（掲載種別）,鳥取県鳥取市湖山町南１,5.6,40.8,,5,—,—,,—,賃貸のため対象外,,2026-07-24,,https://suumo.jp/chintai/jnc_000106559355/?bc=100502931838,不適合
SUUMO 賃貸 鳥取市,鳥取市,賃貸アパート,賃貸カテゴリ（掲載種別）,鳥取県鳥取市田島,4.9,40.0,,5,田,—,,—,賃貸のため対象外,,2026-07-24,,https://suumo.jp/chintai/jnc_000108196085/?bc=100518622126,適合
SUUMO 賃貸 鳥取市,鳥取市,賃貸アパート,賃貸カテゴリ（掲載種別）,鳥取県鳥取市国府町奥谷２,5.2,67.7,,5,—,—,,—,賃貸のため対象外,,2026-07-24,,https://suumo.jp/chintai/jnc_000103984205/?bc=100482050159,不適合
SUUMO 賃貸 鳥取市,鳥取市,賃貸アパート,賃貸カテゴリ（掲載種別）,鳥取県鳥取市正蓮寺,4.4,35.4,,5,—,—,,—,賃貸のため対象外,,2026-07-24,,https://suumo.jp/chintai/jnc_000105701526/?bc=100495344736,適合
SUUMO 賃貸 鳥取市,鳥取市,賃貸アパート,賃貸カテゴリ（掲載種別）,鳥取県鳥取市正蓮寺,4.4,35.4,,5,—,—,,—,賃貸のため対象外,,2026-07-24,,https://suumo.jp/chintai/jnc_000065472419/?bc=100495344733,適合
SUUMO 賃貸 鳥取市,鳥取市,賃貸アパート,賃貸カテゴリ（掲載種別）,鳥取県鳥取市正蓮寺,4.6,51.0,,5,—,—,,—,賃貸のため対象外,,2026-07-24,,https://suumo.jp/chintai/jnc_000108744468/?bc=100518550175,適合
SUUMO 賃貸 鳥取市,鳥取市,賃貸アパート,賃貸カテゴリ（掲載種別）,鳥取県鳥取市卯垣１,6.7,65.9,,5,—,—,,—,賃貸のため対象外,,2026-07-24,,https://suumo.jp/chintai/jnc_000108724206/?bc=100518404627,不適合
SUUMO 賃貸 鳥取市,鳥取市,賃貸アパート,賃貸カテゴリ（掲載種別）,鳥取県鳥取市卯垣１,6.9,65.9,,5,—,—,,—,賃貸のため対象外,,2026-07-24,,https://suumo.jp/chintai/jnc_000093186067/?bc=100518621817,不適合
SUUMO 賃貸 鳥取市,鳥取市,賃貸戸建,賃貸カテゴリ（掲載種別）,鳥取県鳥取市吉成,7.5,82.5,,5,—,—,,—,賃貸のため対象外,,2026-07-24,,https://suumo.jp/chintai/jnc_000104595496/?bc=100486845807,不適合
SUUMO 賃貸 鳥取市,鳥取市,賃貸アパート,賃貸カテゴリ（掲載種別）,鳥取県鳥取市湖山町南５,4.5,30.0,,5,—,—,,—,賃貸のため対象外,,2026-07-24,,https://suumo.jp/chintai/jnc_000071597271/?bc=100518594466,適合
SUUMO 賃貸 鳥取市,鳥取市,賃貸アパート,賃貸カテゴリ（掲載種別）,鳥取県鳥取市吉成,5.3,48.4,,5,—,—,,—,賃貸のため対象外,,2026-07-24,,https://suumo.jp/chintai/jnc_000108602241/?bc=100517515154,不適合
SUUMO 賃貸 鳥取市,鳥取市,賃貸アパート,賃貸カテゴリ（掲載種別）,鳥取県鳥取市国府町宮下,7.6,63.2,,5,—,—,,—,賃貸のため対象外,,2026-07-24,,https://suumo.jp/chintai/jnc_000108475229/?bc=100516608048,不適合
SUUMO 賃貸 鳥取市,鳥取市,賃貸アパート,賃貸カテゴリ（掲載種別）,鳥取県鳥取市吉成,6.1,35.1,,5,—,—,,—,賃貸のため対象外,,2026-07-24,,https://suumo.jp/chintai/jnc_000108575068/?bc=100517199512,不適合
SUUMO 賃貸 鳥取市,鳥取市,賃貸アパート,賃貸カテゴリ（掲載種別）,鳥取県鳥取市吉方,7.2,55.2,,5,—,—,,—,賃貸のため対象外,,2026-07-24,,https://suumo.jp/chintai/jnc_000108276108/?bc=100517758282,不適合
SUUMO 賃貸 鳥取市,鳥取市,賃貸アパート,賃貸カテゴリ（掲載種別）,鳥取県鳥取市浜坂３,6.6,40.1,,5,—,—,,—,賃貸のため対象外,,2026-07-24,,https://suumo.jp/chintai/jnc_000108665304/?bc=100518117506,不適合
SUUMO 賃貸 鳥取市,鳥取市,賃貸アパート,賃貸カテゴリ（掲載種別）,鳥取県鳥取市湖山町南３,6.9,54.3,,5,—,—,,—,賃貸のため対象外,,2026-07-24,,https://suumo.jp/chintai/jnc_000107571544/?bc=100518182517,不適合
SUUMO 賃貸 鳥取市,鳥取市,賃貸アパート,賃貸カテゴリ（掲載種別）,鳥取県鳥取市大杙,7.1,42.7,,5,—,—,,—,賃貸のため対象外,,2026-07-24,,https://suumo.jp/chintai/jnc_000108475223/?bc=100516690042,不適合
SUUMO 賃貸 鳥取市,鳥取市,賃貸アパート,賃貸カテゴリ（掲載種別）,鳥取県鳥取市浜坂４,4.7,48.3,,5,—,—,,—,賃貸のため対象外,,2026-07-24,,https://suumo.jp/chintai/jnc_000108737318/?bc=100518621931,適合
SUUMO 賃貸 鳥取市,鳥取市,賃貸アパート,賃貸カテゴリ（掲載種別）,鳥取県鳥取市正蓮寺,4.6,43.8,,5,—,—,,—,賃貸のため対象外,,2026-07-24,,https://suumo.jp/chintai/jnc_000108575065/?bc=100517337545,適合
SUUMO 賃貸 鳥取市,鳥取市,賃貸アパート,賃貸カテゴリ（掲載種別）,鳥取県鳥取市本町４,7.9,40.4,,5,—,—,,—,賃貸のため対象外,,2026-07-24,,https://suumo.jp/chintai/jnc_000108444754/?bc=100516364511,不適合
SUUMO 賃貸 鳥取市,鳥取市,賃貸アパート,賃貸カテゴリ（掲載種別）,鳥取県鳥取市本町４,8.0,40.4,,5,—,—,,—,賃貸のため対象外,,2026-07-24,,https://suumo.jp/chintai/jnc_000107584602/?bc=100510333798,不適合
SUUMO 賃貸 鳥取市,鳥取市,賃貸アパート,賃貸カテゴリ（掲載種別）,鳥取県鳥取市本町４,8.2,40.3,,5,—,—,,—,賃貸のため対象外,,2026-07-24,,https://suumo.jp/chintai/jnc_000107642276/?bc=100513765987,不適合
SUUMO 賃貸 鳥取市,鳥取市,賃貸アパート,賃貸カテゴリ（掲載種別）,鳥取県鳥取市古海,3.7,28.2,,5,—,—,,—,賃貸のため対象外,,2026-07-24,,https://suumo.jp/chintai/jnc_000108728819/?bc=100518550172,適合
SUUMO 賃貸 鳥取市,鳥取市,賃貸マンション,賃貸カテゴリ（掲載種別）,鳥取県鳥取市吉成２,4.8,34.2,,5,—,—,,—,賃貸のため対象外,,2026-07-24,,https://suumo.jp/chintai/jnc_000081492664/?bc=100518621739,適合
SUUMO 賃貸 鳥取市,鳥取市,賃貸アパート,賃貸カテゴリ（掲載種別）,鳥取県鳥取市吉成,4.2,26.7,,5,—,—,,—,賃貸のため対象外,,2026-07-24,,https://suumo.jp/chintai/jnc_000108082735/?bc=100513766215,適合
SUUMO 賃貸 鳥取市,鳥取市,賃貸アパート,賃貸カテゴリ（掲載種別）,鳥取県鳥取市南安長３,5.4,39.7,,5,—,—,,—,賃貸のため対象外,,2026-07-24,,https://suumo.jp/chintai/jnc_000108646209/?bc=100517758214,不適合
SUUMO 賃貸 鳥取市,鳥取市,賃貸マンション,賃貸カテゴリ（掲載種別）,鳥取県鳥取市岩倉,4.06,53.1,,5,—,—,,—,賃貸のため対象外,,2026-07-24,,https://suumo.jp/chintai/jnc_000108196083/?bc=100450860416,適合
SUUMO 賃貸 鳥取市,鳥取市,賃貸マンション,賃貸カテゴリ（掲載種別）,鳥取県鳥取市岩倉,4.42,53.1,,5,—,—,,—,賃貸のため対象外,,2026-07-24,,https://suumo.jp/chintai/jnc_000108641712/?bc=100517776940,適合
SUUMO 賃貸 鳥取市,鳥取市,賃貸アパート,賃貸カテゴリ（掲載種別）,鳥取県鳥取市立川町５,3.2,23.2,,5,—,—,,—,賃貸のため対象外,,2026-07-24,,https://suumo.jp/chintai/jnc_000105782672/?bc=100518449180,適合
SUUMO 賃貸 鳥取市,鳥取市,賃貸アパート,賃貸カテゴリ（掲載種別）,鳥取県鳥取市湖山町南３,3.5,25.2,,5,—,—,,—,賃貸のため対象外,,2026-07-24,,https://suumo.jp/chintai/jnc_000097006848/?bc=100517337532,適合
SUUMO 賃貸 鳥取市,鳥取市,賃貸アパート,賃貸カテゴリ（掲載種別）,鳥取県鳥取市気高町新町１,5.85,50.0,,5,—,—,,—,賃貸のため対象外,,2026-07-24,,https://suumo.jp/chintai/jnc_000108750857/?bc=100515141688,不適合
SUUMO 賃貸 鳥取市,鳥取市,賃貸アパート,賃貸カテゴリ（掲載種別）,鳥取県鳥取市気高町新町１,6.05,59.6,,5,—,—,,—,賃貸のため対象外,,2026-07-24,,https://suumo.jp/chintai/jnc_000107370749/?bc=100501504651,不適合
SUUMO 賃貸 鳥取市,鳥取市,賃貸アパート,賃貸カテゴリ（掲載種別）,鳥取県鳥取市気高町新町１,6.45,50.0,,5,—,—,,—,賃貸のため対象外,,2026-07-24,,https://suumo.jp/chintai/jnc_000108327816/?bc=100515425526,不適合
SUUMO 賃貸 鳥取市,鳥取市,賃貸アパート,賃貸カテゴリ（掲載種別）,鳥取県鳥取市気高町新町１,6.45,50.0,,5,—,—,,—,賃貸のため対象外,,2026-07-24,,https://suumo.jp/chintai/jnc_000108237736/?bc=100516180569,不適合
SUUMO 賃貸 鳥取市,鳥取市,賃貸アパート,賃貸カテゴリ（掲載種別）,鳥取県鳥取市気高町新町１,6.25,59.5,,5,—,—,,—,賃貸のため対象外,,2026-07-24,,https://suumo.jp/chintai/jnc_000107690660/?bc=100499470050,不適合
SUUMO 賃貸 鳥取市,鳥取市,賃貸アパート,賃貸カテゴリ（掲載種別）,鳥取県鳥取市気高町新町１,6.25,59.5,,5,—,—,,—,賃貸のため対象外,,2026-07-24,,https://suumo.jp/chintai/jnc_000107872829/?bc=100503878031,不適合
SUUMO 賃貸 鳥取市,鳥取市,賃貸アパート,賃貸カテゴリ（掲載種別）,鳥取県鳥取市気高町北浜３,4.7,46.4,,5,—,—,,—,賃貸のため対象外,,2026-07-24,,https://suumo.jp/chintai/jnc_000108118670/?bc=100514149283,適合
SUUMO 賃貸 鳥取市,鳥取市,賃貸アパート,賃貸カテゴリ（掲載種別）,鳥取県鳥取市気高町北浜３,5.0,56.4,,5,—,—,,—,賃貸のため対象外,,2026-07-24,,https://suumo.jp/chintai/jnc_000107853124/?bc=100511813889,適合
SUUMO 賃貸 鳥取市,鳥取市,賃貸アパート,賃貸カテゴリ（掲載種別）,鳥取県鳥取市富安１,6.2,81.8,,5,—,—,,—,賃貸のため対象外,,2026-07-24,,https://suumo.jp/chintai/jnc_000108519812/?bc=100471769344,不適合
SUUMO 賃貸 鳥取市,鳥取市,賃貸アパート,賃貸カテゴリ（掲載種別）,鳥取県鳥取市湖山町南２,5.7,57.1,,5,—,—,,—,賃貸のため対象外,,2026-07-24,,https://suumo.jp/chintai/jnc_000108187141/?bc=100487993182,不適合
SUUMO 賃貸 鳥取市,鳥取市,賃貸アパート,賃貸カテゴリ（掲載種別）,鳥取県鳥取市湖山町南２,5.9,57.1,,5,—,—,,—,賃貸のため対象外,,2026-07-24,,https://suumo.jp/chintai/jnc_000107731055/?bc=100487897025,不適合
SUUMO 賃貸 鳥取市,鳥取市,賃貸アパート,賃貸カテゴリ（掲載種別）,鳥取県鳥取市湖山町南４,4.6,40.5,,5,—,—,,—,賃貸のため対象外,,2026-07-24,,https://suumo.jp/chintai/jnc_000106687130/?bc=100495796045,適合
SUUMO 賃貸 鳥取市,鳥取市,賃貸アパート,賃貸カテゴリ（掲載種別）,鳥取県鳥取市桜谷,5.5,46.9,,5,—,—,,—,賃貸のため対象外,,2026-07-24,,https://suumo.jp/chintai/jnc_000108306850/?bc=100433701062,不適合
SUUMO 賃貸 鳥取市,鳥取市,賃貸アパート,賃貸カテゴリ（掲載種別）,鳥取県鳥取市桜谷,5.6,46.9,,5,—,—,,—,賃貸のため対象外,,2026-07-24,,https://suumo.jp/chintai/jnc_000101042129/?bc=100396786423,不適合
SUUMO 賃貸 鳥取市,鳥取市,賃貸アパート,賃貸カテゴリ（掲載種別）,鳥取県鳥取市桜谷,5.6,46.9,,5,—,—,,—,賃貸のため対象外,,2026-07-24,,https://suumo.jp/chintai/jnc_000100039657/?bc=100434804713,不適合
SUUMO 賃貸 鳥取市,鳥取市,賃貸アパート,賃貸カテゴリ（掲載種別）,鳥取県鳥取市南隈,6.8,62.7,,5,—,—,,—,賃貸のため対象外,,2026-07-24,,https://suumo.jp/chintai/jnc_000031569519/?bc=100513463966,不適合
SUUMO 賃貸 鳥取市,鳥取市,賃貸アパート,賃貸カテゴリ（掲載種別）,鳥取県鳥取市南隈,6.8,62.7,,5,—,—,,—,賃貸のため対象外,,2026-07-24,,https://suumo.jp/chintai/jnc_000108091788/?bc=100513765994,不適合
SUUMO 賃貸 鳥取市,鳥取市,賃貸アパート,賃貸カテゴリ（掲載種別）,鳥取県鳥取市気高町新町１,5.5,46.8,,5,—,—,,—,賃貸のため対象外,,2026-07-24,,https://suumo.jp/chintai/jnc_000107967419/?bc=100512774196,不適合
SUUMO 賃貸 鳥取市,鳥取市,賃貸アパート,賃貸カテゴリ（掲載種別）,鳥取県鳥取市南隈,6.9,62.7,,5,—,—,,—,賃貸のため対象外,,2026-07-24,,https://suumo.jp/chintai/jnc_000108009623/?bc=100514025557,不適合
SUUMO 賃貸 鳥取市,鳥取市,賃貸アパート,賃貸カテゴリ（掲載種別）,鳥取県鳥取市浜坂,5.9,45.0,,5,—,—,,—,賃貸のため対象外,,2026-07-24,,https://suumo.jp/chintai/jnc_000092933108/?bc=100504501905,不適合
SUUMO 賃貸 鳥取市,鳥取市,賃貸アパート,賃貸カテゴリ（掲載種別）,鳥取県鳥取市興南町,5.8,52.3,,5,—,—,,—,賃貸のため対象外,,2026-07-24,,https://suumo.jp/chintai/jnc_000089616604/?bc=100515859312,不適合
SUUMO 賃貸 鳥取市,鳥取市,賃貸アパート,賃貸カテゴリ（掲載種別）,鳥取県鳥取市興南町,5.8,52.3,,5,—,—,,—,賃貸のため対象外,,2026-07-24,,https://suumo.jp/chintai/jnc_000081092147/?bc=100509144294,不適合
SUUMO 賃貸 鳥取市,鳥取市,賃貸アパート,賃貸カテゴリ（掲載種別）,鳥取県鳥取市湖山町南４,4.8,45.8,,5,—,—,,—,賃貸のため対象外,,2026-07-24,,https://suumo.jp/chintai/jnc_000108413604/?bc=100516024922,適合
SUUMO 賃貸 鳥取市,鳥取市,賃貸アパート,賃貸カテゴリ（掲載種別）,鳥取県鳥取市国府町新通り２,6.8,89.4,,5,—,—,,—,賃貸のため対象外,,2026-07-24,,https://suumo.jp/chintai/jnc_000108421397/?bc=100516512894,不適合
SUUMO 賃貸 鳥取市,鳥取市,賃貸アパート,賃貸カテゴリ（掲載種別）,鳥取県鳥取市国府町新通り２,6.9,89.4,,5,—,—,,—,賃貸のため対象外,,2026-07-24,,https://suumo.jp/chintai/jnc_000107750885/?bc=100511138568,不適合
SUUMO 賃貸 鳥取市,鳥取市,賃貸アパート,賃貸カテゴリ（掲載種別）,鳥取県鳥取市気高町新町１,6.45,50.0,,5,—,—,,—,賃貸のため対象外,,2026-07-24,,https://suumo.jp/chintai/jnc_000108344461/?bc=100515601975,不適合
SUUMO 賃貸 鳥取市,鳥取市,賃貸マンション,賃貸カテゴリ（掲載種別）,鳥取県鳥取市南吉方１,5.5,41.7,,5,—,—,,—,賃貸のため対象外,,2026-07-24,,https://suumo.jp/chintai/jnc_000083211396/?bc=100511918756,不適合
SUUMO 賃貸 鳥取市,鳥取市,賃貸マンション,賃貸カテゴリ（掲載種別）,鳥取県鳥取市南吉方１,5.6,41.7,,5,—,—,,—,賃貸のため対象外,,2026-07-24,,https://suumo.jp/chintai/jnc_000107017693/?bc=100505892391,不適合
SUUMO 賃貸 鳥取市,鳥取市,賃貸アパート,賃貸カテゴリ（掲載種別）,鳥取県鳥取市南隈,7.4,56.6,,5,—,—,,—,賃貸のため対象外,,2026-07-24,,https://suumo.jp/chintai/jnc_000081282172/?bc=100516492190,不適合
SUUMO 賃貸 鳥取市,鳥取市,賃貸アパート,賃貸カテゴリ（掲載種別）,鳥取県鳥取市湖山町北２,7.3,71.0,,5,—,—,,—,賃貸のため対象外,,2026-07-24,,https://suumo.jp/chintai/jnc_000108724203/?bc=100518415799,不適合
SUUMO 賃貸 鳥取市,鳥取市,賃貸アパート,賃貸カテゴリ（掲載種別）,鳥取県鳥取市湯所町２,6.1,61.6,,5,—,—,,—,賃貸のため対象外,,2026-07-24,,https://suumo.jp/chintai/jnc_000106398766/?bc=100501392145,不適合
SUUMO 賃貸 鳥取市,鳥取市,賃貸アパート,賃貸カテゴリ（掲載種別）,鳥取県鳥取市古市,5.6,56.0,,5,—,—,,—,賃貸のため対象外,,2026-07-24,,https://suumo.jp/chintai/jnc_000059244619/?bc=100515508658,不適合
SUUMO 賃貸 鳥取市,鳥取市,賃貸アパート,賃貸カテゴリ（掲載種別）,鳥取県鳥取市湖山町南２,6.8,35.5,,5,—,—,,—,賃貸のため対象外,,2026-07-24,,https://suumo.jp/chintai/jnc_000106518225/?bc=100502534290,不適合
SUUMO 賃貸 鳥取市,鳥取市,賃貸アパート,賃貸カテゴリ（掲載種別）,鳥取県鳥取市湖山町南２,6.8,35.5,,5,—,—,,—,賃貸のため対象外,,2026-07-24,,https://suumo.jp/chintai/jnc_000106518226/?bc=100502534300,不適合
SUUMO 賃貸 鳥取市,鳥取市,賃貸アパート,賃貸カテゴリ（掲載種別）,鳥取県鳥取市湖山町南２,6.8,35.5,,5,—,—,,—,賃貸のため対象外,,2026-07-24,,https://suumo.jp/chintai/jnc_000106518227/?bc=100502534383,不適合
SUUMO 賃貸 鳥取市,鳥取市,賃貸アパート,賃貸カテゴリ（掲載種別）,鳥取県鳥取市湖山町南２,6.9,35.7,,5,—,—,,—,賃貸のため対象外,,2026-07-24,,https://suumo.jp/chintai/jnc_000106518228/?bc=100502534304,不適合
SUUMO 賃貸 鳥取市,鳥取市,賃貸アパート,賃貸カテゴリ（掲載種別）,鳥取県鳥取市湖山町南２,6.9,35.6,,5,—,—,,—,賃貸のため対象外,,2026-07-24,,https://suumo.jp/chintai/jnc_000106518224/?bc=100502534369,不適合
SUUMO 賃貸 鳥取市,鳥取市,賃貸アパート,賃貸カテゴリ（掲載種別）,鳥取県鳥取市湖山町南２,7.3,44.7,,5,—,—,,—,賃貸のため対象外,,2026-07-24,,https://suumo.jp/chintai/jnc_000106518232/?bc=100502534380,不適合
SUUMO 賃貸 鳥取市,鳥取市,賃貸アパート,賃貸カテゴリ（掲載種別）,鳥取県鳥取市湖山町南２,7.3,44.7,,5,—,—,,—,賃貸のため対象外,,2026-07-24,,https://suumo.jp/chintai/jnc_000106518230/?bc=100502534376,不適合
SUUMO 賃貸 鳥取市,鳥取市,賃貸アパート,賃貸カテゴリ（掲載種別）,鳥取県鳥取市湖山町南２,7.3,44.7,,5,—,—,,—,賃貸のため対象外,,2026-07-24,,https://suumo.jp/chintai/jnc_000106518231/?bc=100502534352,不適合
SUUMO 賃貸 鳥取市,鳥取市,賃貸アパート,賃貸カテゴリ（掲載種別）,鳥取県鳥取市湖山町南２,7.4,45.0,,5,—,—,,—,賃貸のため対象外,,2026-07-24,,https://suumo.jp/chintai/jnc_000106518229/?bc=100502534342,不適合
SUUMO 賃貸 鳥取市,鳥取市,賃貸アパート,賃貸カテゴリ（掲載種別）,鳥取県鳥取市湖山町南２,7.4,44.9,,5,—,—,,—,賃貸のため対象外,,2026-07-24,,https://suumo.jp/chintai/jnc_000106518233/?bc=100502534327,不適合
SUUMO 賃貸 鳥取市,鳥取市,賃貸アパート,賃貸カテゴリ（掲載種別）,鳥取県鳥取市江津,5.7,43.0,,5,—,—,,—,賃貸のため対象外,,2026-07-24,,https://suumo.jp/chintai/jnc_000106237285/?bc=100500030908,不適合
SUUMO 賃貸 鳥取市,鳥取市,賃貸アパート,賃貸カテゴリ（掲載種別）,鳥取県鳥取市湖山町南５,3.3,20.3,,5,—,—,,—,賃貸のため対象外,,2026-07-24,,https://suumo.jp/chintai/jnc_000094574989/?bc=100317266482,適合
SUUMO 賃貸 鳥取市,鳥取市,賃貸アパート,賃貸カテゴリ（掲載種別）,鳥取県鳥取市湖山町南５,5.2,20.3,,5,—,—,,—,賃貸のため対象外,,2026-07-24,,https://suumo.jp/chintai/jnc_000104650613/?bc=100486023147,不適合
SUUMO 賃貸 鳥取市,鳥取市,賃貸アパート,賃貸カテゴリ（掲載種別）,鳥取県鳥取市三津,4.9,44.2,,5,—,—,,—,賃貸のため対象外,,2026-07-24,,https://suumo.jp/chintai/jnc_000029371597/?bc=100511534497,適合
SUUMO 賃貸 鳥取市,鳥取市,賃貸アパート,賃貸カテゴリ（掲載種別）,鳥取県鳥取市三津,4.9,44.2,,5,—,—,,—,賃貸のため対象外,,2026-07-24,,https://suumo.jp/chintai/jnc_000107448578/?bc=100509270760,適合
SUUMO 賃貸 鳥取市,鳥取市,賃貸アパート,賃貸カテゴリ（掲載種別）,鳥取県鳥取市立川町５,6.7,40.9,,5,—,—,,—,賃貸のため対象外,,2026-07-24,,https://suumo.jp/chintai/jnc_000106963880/?bc=100505306246,不適合
SUUMO 賃貸 鳥取市,鳥取市,賃貸アパート,賃貸カテゴリ（掲載種別）,鳥取県鳥取市面影２,6.2,71.3,,5,—,—,,—,賃貸のため対象外,,2026-07-24,,https://suumo.jp/chintai/jnc_000107049692/?bc=100505966109,不適合
SUUMO 賃貸 鳥取市,鳥取市,賃貸アパート,賃貸カテゴリ（掲載種別）,鳥取県鳥取市宮長,5.95,42.9,,5,—,—,,—,賃貸のため対象外,,2026-07-24,,https://suumo.jp/chintai/jnc_000108692943/?bc=100518182542,不適合
SUUMO 賃貸 鳥取市,鳥取市,賃貸アパート,賃貸カテゴリ（掲載種別）,鳥取県鳥取市湖山町南３,6.0,68.7,,5,—,—,,—,賃貸のため対象外,,2026-07-24,,https://suumo.jp/chintai/jnc_000102059819/?bc=100466625222,不適合
SUUMO 賃貸 鳥取市,鳥取市,賃貸アパート,賃貸カテゴリ（掲載種別）,鳥取県鳥取市岩倉,5.4,46.7,,5,—,—,,—,賃貸のため対象外,,2026-07-24,,https://suumo.jp/chintai/jnc_000103246753/?bc=100449773875,不適合
SUUMO 賃貸 鳥取市,鳥取市,賃貸アパート,賃貸カテゴリ（掲載種別）,鳥取県鳥取市吉成,6.9,70.4,,5,—,—,,—,賃貸のため対象外,,2026-07-24,,https://suumo.jp/chintai/jnc_000106245956/?bc=100500277744,不適合
SUUMO 賃貸 鳥取市,鳥取市,賃貸アパート,賃貸カテゴリ（掲載種別）,鳥取県鳥取市桂木,8.0,72.2,,5,—,—,,—,賃貸のため対象外,,2026-07-24,,https://suumo.jp/chintai/jnc_000107531998/?bc=100509836936,不適合
SUUMO 賃貸 鳥取市,鳥取市,賃貸アパート,賃貸カテゴリ（掲載種別）,鳥取県鳥取市東今在家,4.25,42.7,,5,—,—,,—,賃貸のため対象外,,2026-07-24,,https://suumo.jp/chintai/jnc_000108132802/?bc=100512753338,適合
SUUMO 賃貸 鳥取市,鳥取市,賃貸アパート,賃貸カテゴリ（掲載種別）,鳥取県鳥取市三津,4.75,46.3,,5,—,—,,—,賃貸のため対象外,,2026-07-24,,https://suumo.jp/chintai/jnc_000107614591/?bc=100435742071,適合
SUUMO 賃貸 鳥取市,鳥取市,賃貸アパート,賃貸カテゴリ（掲載種別）,鳥取県鳥取市浜坂１,6.6,40.1,,5,—,—,,—,賃貸のため対象外,,2026-07-24,,https://suumo.jp/chintai/jnc_000108680725/?bc=100518107917,不適合
SUUMO 賃貸 鳥取市,鳥取市,賃貸アパート,賃貸カテゴリ（掲載種別）,鳥取県鳥取市古市,5.6,56.9,,5,—,—,,—,賃貸のため対象外,,2026-07-24,,https://suumo.jp/chintai/jnc_000068096692/?bc=100502380886,不適合
SUUMO 賃貸 鳥取市,鳥取市,賃貸アパート,賃貸カテゴリ（掲載種別）,鳥取県鳥取市古市,5.6,56.9,,5,—,—,,—,賃貸のため対象外,,2026-07-24,,https://suumo.jp/chintai/jnc_000068198502/?bc=100502516397,不適合
SUUMO 賃貸 鳥取市,鳥取市,賃貸アパート,賃貸カテゴリ（掲載種別）,鳥取県鳥取市古市,5.6,56.9,,5,—,—,,—,賃貸のため対象外,,2026-07-24,,https://suumo.jp/chintai/jnc_000106435577/?bc=100502379159,不適合
SUUMO 賃貸 鳥取市,鳥取市,賃貸戸建,賃貸カテゴリ（掲載種別）,鳥取県鳥取市桂木,13.0,104.4,,5,—,—,,—,賃貸のため対象外,,2026-07-24,,https://suumo.jp/chintai/jnc_000105633521/?bc=100486542808,不適合
SUUMO 賃貸 鳥取市,鳥取市,賃貸アパート,賃貸カテゴリ（掲載種別）,鳥取県鳥取市湖山町北４,4.8,38.2,,5,—,—,,—,賃貸のため対象外,,2026-07-24,,https://suumo.jp/chintai/jnc_000108719903/?bc=100518364728,適合
SUUMO 賃貸 鳥取市,鳥取市,賃貸アパート,賃貸カテゴリ（掲載種別）,鳥取県鳥取市湖山町北４,4.8,38.2,,5,—,—,,—,賃貸のため対象外,,2026-07-24,,https://suumo.jp/chintai/jnc_000057476762/?bc=100518418703,適合
SUUMO 賃貸 鳥取市,鳥取市,賃貸アパート,賃貸カテゴリ（掲載種別）,鳥取県鳥取市田島,5.8,56.1,,5,田,—,,—,賃貸のため対象外,,2026-07-24,,https://suumo.jp/chintai/jnc_000055898494/?bc=100502877525,不適合
SUUMO 賃貸 鳥取市,鳥取市,賃貸アパート,賃貸カテゴリ（掲載種別）,鳥取県鳥取市古海,6.8,38.2,,5,—,—,,—,賃貸のため対象外,,2026-07-24,,https://suumo.jp/chintai/jnc_000108040491/?bc=100517407542,不適合
SUUMO 賃貸 鳥取市,鳥取市,賃貸アパート,賃貸カテゴリ（掲載種別）,鳥取県鳥取市三津,4.65,45.2,,5,—,—,,—,賃貸のため対象外,,2026-07-24,,https://suumo.jp/chintai/jnc_000108582795/?bc=100487894792,適合
SUUMO 賃貸 鳥取市,鳥取市,賃貸アパート,賃貸カテゴリ（掲載種別）,鳥取県鳥取市三津,4.95,45.2,,5,—,—,,—,賃貸のため対象外,,2026-07-24,,https://suumo.jp/chintai/jnc_000104765923/?bc=100511534502,適合
SUUMO 賃貸 鳥取市,鳥取市,賃貸アパート,賃貸カテゴリ（掲載種別）,鳥取県鳥取市江津,5.1,48.0,,5,—,—,,—,賃貸のため対象外,,2026-07-24,,https://suumo.jp/chintai/jnc_000080994207/?bc=100514026831,不適合
SUUMO 賃貸 鳥取市,鳥取市,賃貸アパート,賃貸カテゴリ（掲載種別）,鳥取県鳥取市気高町新町１,4.5,50.9,,5,—,—,,—,賃貸のため対象外,,2026-07-24,,https://suumo.jp/chintai/jnc_000092898916/?bc=100511422054,適合
SUUMO 賃貸 鳥取市,鳥取市,賃貸アパート,賃貸カテゴリ（掲載種別）,鳥取県鳥取市西品治,6.8,55.3,,5,—,—,,—,賃貸のため対象外,,2026-07-24,,https://suumo.jp/chintai/jnc_000107593254/?bc=100510054154,不適合
SUUMO 賃貸 鳥取市,鳥取市,賃貸アパート,賃貸カテゴリ（掲載種別）,鳥取県鳥取市覚寺,6.4,54.8,,5,—,—,,—,賃貸のため対象外,,2026-07-24,,https://suumo.jp/chintai/jnc_000098076261/?bc=100501391748,不適合
SUUMO 賃貸 鳥取市,鳥取市,賃貸アパート,賃貸カテゴリ（掲載種別）,鳥取県鳥取市覚寺,6.4,58.8,,5,—,—,,—,賃貸のため対象外,,2026-07-24,,https://suumo.jp/chintai/jnc_000108009620/?bc=100513503732,不適合
SUUMO 賃貸 鳥取市,鳥取市,賃貸アパート,賃貸カテゴリ（掲載種別）,鳥取県鳥取市湖山町南５,5.1,32.7,,5,—,—,,—,賃貸のため対象外,,2026-07-24,,https://suumo.jp/chintai/jnc_000097049566/?bc=100499437639,不適合
SUUMO 賃貸 鳥取市,鳥取市,賃貸アパート,賃貸カテゴリ（掲載種別）,鳥取県鳥取市湖山町南５,6.1,45.3,,5,—,—,,—,賃貸のため対象外,,2026-07-24,,https://suumo.jp/chintai/jnc_000026187423/?bc=100504501882,不適合
SUUMO 賃貸 鳥取市,鳥取市,賃貸アパート,賃貸カテゴリ（掲載種別）,鳥取県鳥取市正蓮寺,4.4,35.4,,5,—,—,,—,賃貸のため対象外,,2026-07-24,,https://suumo.jp/chintai/jnc_000105674934/?bc=100495145309,適合
SUUMO 賃貸 鳥取市,鳥取市,賃貸アパート,賃貸カテゴリ（掲載種別）,鳥取県鳥取市正蓮寺,4.4,35.4,,5,—,—,,—,賃貸のため対象外,,2026-07-24,,https://suumo.jp/chintai/jnc_000064870399/?bc=100495145301,適合
SUUMO 賃貸 鳥取市,鳥取市,賃貸アパート,賃貸カテゴリ（掲載種別）,鳥取県鳥取市正蓮寺,4.6,51.0,,5,—,—,,—,賃貸のため対象外,,2026-07-24,,https://suumo.jp/chintai/jnc_000108706268/?bc=100518278334,適合
SUUMO 賃貸 鳥取市,鳥取市,賃貸アパート,賃貸カテゴリ（掲載種別）,鳥取県鳥取市吉成,7.2,55.5,,5,—,—,,—,賃貸のため対象外,,2026-07-24,,https://suumo.jp/chintai/jnc_000107961584/?bc=100517710285,不適合
SUUMO 賃貸 鳥取市,鳥取市,賃貸アパート,賃貸カテゴリ（掲載種別）,鳥取県鳥取市桜谷,5.4,50.1,,5,—,—,,—,賃貸のため対象外,,2026-07-24,,https://suumo.jp/chintai/jnc_000088314011/?bc=100496284829,不適合
SUUMO 賃貸 鳥取市,鳥取市,賃貸アパート,賃貸カテゴリ（掲載種別）,鳥取県鳥取市湯所町２,6.6,57.8,,5,—,—,,—,賃貸のため対象外,,2026-07-24,,https://suumo.jp/chintai/jnc_000040700568/?bc=100499828122,不適合
SUUMO 賃貸 鳥取市,鳥取市,賃貸アパート,賃貸カテゴリ（掲載種別）,鳥取県鳥取市湯所町２,6.8,57.8,,5,—,—,,—,賃貸のため対象外,,2026-07-24,,https://suumo.jp/chintai/jnc_000106874296/?bc=100501061995,不適合
SUUMO 賃貸 鳥取市,鳥取市,賃貸アパート,賃貸カテゴリ（掲載種別）,鳥取県鳥取市吉成１,5.25,51.7,,5,—,—,,—,賃貸のため対象外,,2026-07-24,,https://suumo.jp/chintai/jnc_000091028719/?bc=100510054090,不適合
SUUMO 賃貸 鳥取市,鳥取市,賃貸アパート,賃貸カテゴリ（掲載種別）,鳥取県鳥取市的場４,5.4,55.6,,5,—,—,,—,賃貸のため対象外,,2026-07-24,,https://suumo.jp/chintai/jnc_000075525934/?bc=100441961168,不適合
SUUMO 賃貸 鳥取市,鳥取市,賃貸アパート,賃貸カテゴリ（掲載種別）,鳥取県鳥取市的場４,5.5,55.6,,5,—,—,,—,賃貸のため対象外,,2026-07-24,,https://suumo.jp/chintai/jnc_000108404905/?bc=100516512801,不適合
SUUMO 賃貸 鳥取市,鳥取市,賃貸アパート,賃貸カテゴリ（掲載種別）,鳥取県鳥取市的場４,5.4,55.6,,5,—,—,,—,賃貸のため対象外,,2026-07-24,,https://suumo.jp/chintai/jnc_000104495057/?bc=100464857017,不適合
SUUMO 賃貸 鳥取市,鳥取市,賃貸マンション,賃貸カテゴリ（掲載種別）,鳥取県鳥取市岩倉,6.4,63.6,,5,—,—,,—,賃貸のため対象外,,2026-07-24,,https://suumo.jp/chintai/jnc_000088632137/?bc=100517702549,不適合
SUUMO 賃貸 鳥取市,鳥取市,賃貸アパート,賃貸カテゴリ（掲載種別）,鳥取県鳥取市新,5.4,50.8,,5,—,—,,—,賃貸のため対象外,,2026-07-24,,https://suumo.jp/chintai/jnc_000107750879/?bc=100511352705,不適合
SUUMO 賃貸 鳥取市,鳥取市,賃貸アパート,賃貸カテゴリ（掲載種別）,鳥取県鳥取市国府町宮下,4.9,52.5,,5,—,—,,—,賃貸のため対象外,,2026-07-24,,https://suumo.jp/chintai/jnc_000093872046/?bc=100469083469,適合
SUUMO 賃貸 鳥取市,鳥取市,賃貸アパート,賃貸カテゴリ（掲載種別）,鳥取県鳥取市国府町分上３,5.8,42.1,,5,—,—,,—,賃貸のため対象外,,2026-07-24,,https://suumo.jp/chintai/jnc_000065005404/?bc=100507808975,不適合
SUUMO 賃貸 鳥取市,鳥取市,賃貸アパート,賃貸カテゴリ（掲載種別）,鳥取県鳥取市古市,5.15,32.4,,5,—,—,,—,賃貸のため対象外,,2026-07-24,,https://suumo.jp/chintai/jnc_000106786887/?bc=100507027828,不適合
SUUMO 賃貸 鳥取市,鳥取市,賃貸アパート,賃貸カテゴリ（掲載種別）,鳥取県鳥取市商栄町,6.5,62.1,,5,—,—,,—,賃貸のため対象外,,2026-07-24,,https://suumo.jp/chintai/jnc_000107007625/?bc=100502778142,不適合
SUUMO 賃貸 鳥取市,鳥取市,賃貸アパート,賃貸カテゴリ（掲載種別）,鳥取県鳥取市商栄町,6.5,62.1,,5,—,—,,—,賃貸のため対象外,,2026-07-24,,https://suumo.jp/chintai/jnc_000088446047/?bc=100504041463,不適合
SUUMO 賃貸 鳥取市,鳥取市,賃貸アパート,賃貸カテゴリ（掲載種別）,鳥取県鳥取市湖山町東１,3.7,22.4,,5,—,—,,—,賃貸のため対象外,,2026-07-24,,https://suumo.jp/chintai/jnc_000107557049/?bc=100500485900,適合
SUUMO 賃貸 鳥取市,鳥取市,賃貸アパート,賃貸カテゴリ（掲載種別）,鳥取県鳥取市湖山町東１,3.8,22.4,,5,—,—,,—,賃貸のため対象外,,2026-07-24,,https://suumo.jp/chintai/jnc_000107901716/?bc=100485437510,適合
SUUMO 賃貸 鳥取市,鳥取市,賃貸アパート,賃貸カテゴリ（掲載種別）,鳥取県鳥取市湖山町東１,5.5,22.4,,5,—,—,,—,賃貸のため対象外,,2026-07-24,,https://suumo.jp/chintai/jnc_000104650609/?bc=100480495483,不適合
SUUMO 賃貸 鳥取市,鳥取市,賃貸アパート,賃貸カテゴリ（掲載種別）,鳥取県鳥取市湖山町東１,5.5,22.4,,5,—,—,,—,賃貸のため対象外,,2026-07-24,,https://suumo.jp/chintai/jnc_000108528696/?bc=100516931851,不適合
SUUMO 賃貸 鳥取市,鳥取市,賃貸マンション,賃貸カテゴリ（掲載種別）,鳥取県鳥取市晩稲,5.3,44.4,,5,—,—,,—,賃貸のため対象外,,2026-07-24,,https://suumo.jp/chintai/jnc_000093463260/?bc=100513624773,不適合
SUUMO 賃貸 鳥取市,鳥取市,賃貸アパート,賃貸カテゴリ（掲載種別）,鳥取県鳥取市古海,6.15,45.6,,5,—,—,,—,賃貸のため対象外,,2026-07-24,,https://suumo.jp/chintai/jnc_000108040492/?bc=100513414222,不適合
SUUMO 賃貸 鳥取市,鳥取市,賃貸アパート,賃貸カテゴリ（掲載種別）,鳥取県鳥取市的場２,5.3,54.6,,5,—,—,,—,賃貸のため対象外,,2026-07-24,,https://suumo.jp/chintai/jnc_000108689520/?bc=100518147680,不適合
SUUMO 賃貸 鳥取市,鳥取市,賃貸マンション,賃貸カテゴリ（掲載種別）,鳥取県鳥取市湖山町北５,4.8,28.8,,5,—,—,,—,賃貸のため対象外,,2026-07-24,,https://suumo.jp/chintai/jnc_000108524875/?bc=100516934014,適合
SUUMO 賃貸 鳥取市,鳥取市,賃貸アパート,賃貸カテゴリ（掲載種別）,鳥取県鳥取市江津,5.1,48.0,,5,—,—,,—,賃貸のため対象外,,2026-07-24,,https://suumo.jp/chintai/jnc_000080428008/?bc=100513631993,不適合
SUUMO 賃貸 鳥取市,鳥取市,賃貸アパート,賃貸カテゴリ（掲載種別）,鳥取県鳥取市湖山町北１,3.3,23.7,,5,—,—,,—,賃貸のため対象外,,2026-07-24,,https://suumo.jp/chintai/jnc_000107192180/?bc=100368465620,適合
SUUMO 賃貸 鳥取市,鳥取市,賃貸アパート,賃貸カテゴリ（掲載種別）,鳥取県鳥取市湖山町北１,5.0,23.7,,5,—,—,,—,賃貸のため対象外,,2026-07-24,,https://suumo.jp/chintai/jnc_000102885198/?bc=100473113903,適合
SUUMO 賃貸 鳥取市,鳥取市,賃貸アパート,賃貸カテゴリ（掲載種別）,鳥取県鳥取市湖山町北１,5.2,23.7,,5,—,—,,—,賃貸のため対象外,,2026-07-24,,https://suumo.jp/chintai/jnc_000104650605/?bc=100361733160,不適合
SUUMO 賃貸 鳥取市,鳥取市,賃貸アパート,賃貸カテゴリ（掲載種別）,鳥取県鳥取市湖山町北１,5.2,23.7,,5,—,—,,—,賃貸のため対象外,,2026-07-24,,https://suumo.jp/chintai/jnc_000104650604/?bc=100486023095,不適合
SUUMO 賃貸 鳥取市,鳥取市,賃貸アパート,賃貸カテゴリ（掲載種別）,鳥取県鳥取市古市,5.2,48.0,,5,—,—,,—,賃貸のため対象外,,2026-07-24,,https://suumo.jp/chintai/jnc_000106237289/?bc=100484873899,不適合
SUUMO 賃貸 鳥取市,鳥取市,賃貸アパート,賃貸カテゴリ（掲載種別）,鳥取県鳥取市古市,5.0,48.0,,5,—,—,,—,賃貸のため対象外,,2026-07-24,,https://suumo.jp/chintai/jnc_000104537655/?bc=100486550462,適合
SUUMO 賃貸 鳥取市,鳥取市,賃貸アパート,賃貸カテゴリ（掲載種別）,鳥取県鳥取市古市,5.2,48.0,,5,—,—,,—,賃貸のため対象外,,2026-07-24,,https://suumo.jp/chintai/jnc_000106283011/?bc=100486692891,不適合
SUUMO 賃貸 鳥取市,鳥取市,賃貸アパート,賃貸カテゴリ（掲載種別）,鳥取県鳥取市田島,7.0,64.3,,5,田,—,,—,賃貸のため対象外,,2026-07-24,,https://suumo.jp/chintai/jnc_000090999176/?bc=100513623478,不適合
SUUMO 賃貸 鳥取市,鳥取市,賃貸その他,賃貸カテゴリ（掲載種別）,鳥取県鳥取市湖山町西１,9.1,79.4,,5,—,—,,—,賃貸のため対象外,,2026-07-24,,https://suumo.jp/chintai/jnc_000106559354/?bc=100504666711,不適合
SUUMO 賃貸 鳥取市,鳥取市,賃貸アパート,賃貸カテゴリ（掲載種別）,鳥取県鳥取市古市,6.1,53.5,,5,—,—,,—,賃貸のため対象外,,2026-07-24,,https://suumo.jp/chintai/jnc_000104545947/?bc=100486690491,不適合
SUUMO 賃貸 鳥取市,鳥取市,賃貸アパート,賃貸カテゴリ（掲載種別）,鳥取県鳥取市古海,7.8,58.1,,5,—,—,,—,賃貸のため対象外,,2026-07-24,,https://suumo.jp/chintai/jnc_000107836108/?bc=100511728156,不適合
SUUMO 賃貸 鳥取市,鳥取市,賃貸アパート,賃貸カテゴリ（掲載種別）,鳥取県鳥取市古海,8.5,67.5,,5,—,—,,—,賃貸のため対象外,,2026-07-24,,https://suumo.jp/chintai/jnc_000107584601/?bc=100510963773,不適合
SUUMO 賃貸 鳥取市,鳥取市,賃貸アパート,賃貸カテゴリ（掲載種別）,鳥取県鳥取市行徳３,5.5,54.8,,5,—,—,,—,賃貸のため対象外,,2026-07-24,,https://suumo.jp/chintai/jnc_000096849117/?bc=100514302577,不適合
SUUMO 賃貸 鳥取市,鳥取市,賃貸マンション,賃貸カテゴリ（掲載種別）,鳥取県鳥取市正蓮寺,4.5,40.0,,5,—,—,,—,賃貸のため対象外,,2026-07-24,,https://suumo.jp/chintai/jnc_000095494696/?bc=100517942105,適合
SUUMO 賃貸 鳥取市,鳥取市,賃貸アパート,賃貸カテゴリ（掲載種別）,鳥取県鳥取市古市,6.0,58.8,,5,—,—,,—,賃貸のため対象外,,2026-07-24,,https://suumo.jp/chintai/jnc_000088692174/?bc=100509906735,不適合
SUUMO 賃貸 鳥取市,鳥取市,賃貸アパート,賃貸カテゴリ（掲載種別）,鳥取県鳥取市田島,6.0,63.0,,5,田,—,,—,賃貸のため対象外,,2026-07-24,,https://suumo.jp/chintai/jnc_000074199063/?bc=100504052130,不適合
SUUMO 賃貸 鳥取市,鳥取市,賃貸アパート,賃貸カテゴリ（掲載種別）,鳥取県鳥取市秋里,5.3,23.2,,5,—,—,,—,賃貸のため対象外,,2026-07-24,,https://suumo.jp/chintai/jnc_000106070016/?bc=100478067209,不適合
SUUMO 賃貸 鳥取市,鳥取市,賃貸アパート,賃貸カテゴリ（掲載種別）,鳥取県鳥取市秋里,5.5,23.2,,5,—,—,,—,賃貸のため対象外,,2026-07-24,,https://suumo.jp/chintai/jnc_000106815818/?bc=100241740525,不適合
SUUMO 賃貸 鳥取市,鳥取市,賃貸アパート,賃貸カテゴリ（掲載種別）,鳥取県鳥取市秋里,5.6,23.2,,5,—,—,,—,賃貸のため対象外,,2026-07-24,,https://suumo.jp/chintai/jnc_000106815819/?bc=100250211689,不適合
SUUMO 賃貸 鳥取市,鳥取市,賃貸アパート,賃貸カテゴリ（掲載種別）,鳥取県鳥取市秋里,6.1,52.5,,5,—,—,,—,賃貸のため対象外,,2026-07-24,,https://suumo.jp/chintai/jnc_000098234504/?bc=100506714733,不適合
SUUMO 賃貸 鳥取市,鳥取市,賃貸アパート,賃貸カテゴリ（掲載種別）,鳥取県鳥取市湖山町北４,4.9,49.2,,5,—,—,,—,賃貸のため対象外,,2026-07-24,,https://suumo.jp/chintai/jnc_000096933625/?bc=100493073402,適合
SUUMO 賃貸 鳥取市,鳥取市,賃貸アパート,賃貸カテゴリ（掲載種別）,鳥取県鳥取市吉成,7.2,54.2,,5,—,—,,—,賃貸のため対象外,,2026-07-24,,https://suumo.jp/chintai/jnc_000098397064/?bc=100514992056,不適合
SUUMO 賃貸 鳥取市,鳥取市,賃貸アパート,賃貸カテゴリ（掲載種別）,鳥取県鳥取市国府町宮下,4.8,50.8,,5,—,—,,—,賃貸のため対象外,,2026-07-24,,https://suumo.jp/chintai/jnc_000026979242/?bc=100436312687,適合
SUUMO 賃貸 鳥取市,鳥取市,賃貸アパート,賃貸カテゴリ（掲載種別）,鳥取県鳥取市賀露町北２,4.8,43.8,,5,—,—,,—,賃貸のため対象外,,2026-07-24,,https://suumo.jp/chintai/jnc_000108068268/?bc=100514076929,適合
SUUMO 賃貸 鳥取市,鳥取市,賃貸アパート,賃貸カテゴリ（掲載種別）,鳥取県鳥取市南隈,7.6,61.6,,5,—,—,,—,賃貸のため対象外,,2026-07-24,,https://suumo.jp/chintai/jnc_000108237734/?bc=100515204934,不適合
SUUMO 賃貸 鳥取市,鳥取市,賃貸アパート,賃貸カテゴリ（掲載種別）,鳥取県鳥取市湖山町北４,4.8,44.4,,5,—,—,,—,賃貸のため対象外,,2026-07-24,,https://suumo.jp/chintai/jnc_000108228421/?bc=100515390027,適合
SUUMO 賃貸 鳥取市,鳥取市,賃貸アパート,賃貸カテゴリ（掲載種別）,鳥取県鳥取市行徳２,5.6,19.9,,5,—,—,,—,賃貸のため対象外,,2026-07-24,,https://suumo.jp/chintai/jnc_000108433931/?bc=100515666375,不適合
SUUMO 賃貸 鳥取市,鳥取市,賃貸アパート,賃貸カテゴリ（掲載種別）,鳥取県鳥取市行徳２,5.6,19.9,,5,—,—,,—,賃貸のため対象外,,2026-07-24,,https://suumo.jp/chintai/jnc_000108306845/?bc=100499905762,不適合
SUUMO 賃貸 鳥取市,鳥取市,賃貸アパート,賃貸カテゴリ（掲載種別）,鳥取県鳥取市行徳２,5.8,19.9,,5,—,—,,—,賃貸のため対象外,,2026-07-24,,https://suumo.jp/chintai/jnc_000104650588/?bc=100515514182,不適合
SUUMO 賃貸 鳥取市,鳥取市,賃貸アパート,賃貸カテゴリ（掲載種別）,鳥取県鳥取市行徳２,5.9,19.9,,5,—,—,,—,賃貸のため対象外,,2026-07-24,,https://suumo.jp/chintai/jnc_000108433932/?bc=100508042218,不適合
SUUMO 賃貸 鳥取市,鳥取市,賃貸アパート,賃貸カテゴリ（掲載種別）,鳥取県鳥取市行徳２,5.9,19.9,,5,—,—,,—,賃貸のため対象外,,2026-07-24,,https://suumo.jp/chintai/jnc_000108433933/?bc=100289785979,不適合
SUUMO 賃貸 鳥取市,鳥取市,賃貸アパート,賃貸カテゴリ（掲載種別）,鳥取県鳥取市国府町宮下,8.5,79.4,,5,—,—,,—,賃貸のため対象外,,2026-07-24,,https://suumo.jp/chintai/jnc_000107497449/?bc=100509845288,不適合
SUUMO 賃貸 鳥取市,鳥取市,賃貸アパート,賃貸カテゴリ（掲載種別）,鳥取県鳥取市湖山町北２,4.2,40.3,,5,—,—,,—,賃貸のため対象外,,2026-07-24,,https://suumo.jp/chintai/jnc_000108187135/?bc=100499676916,適合
SUUMO 賃貸 鳥取市,鳥取市,賃貸アパート,賃貸カテゴリ（掲載種別）,鳥取県鳥取市湖山町北２,4.3,40.3,,5,—,—,,—,賃貸のため対象外,,2026-07-24,,https://suumo.jp/chintai/jnc_000107731048/?bc=100500030910,適合
SUUMO 賃貸 鳥取市,鳥取市,賃貸アパート,賃貸カテゴリ（掲載種別）,鳥取県鳥取市江津,6.7,36.0,,5,—,—,,—,賃貸のため対象外,,2026-07-24,,https://suumo.jp/chintai/jnc_000108029803/?bc=100487513646,不適合
SUUMO 賃貸 鳥取市,鳥取市,賃貸アパート,賃貸カテゴリ（掲載種別）,鳥取県鳥取市江津,6.7,36.0,,5,—,—,,—,賃貸のため対象外,,2026-07-24,,https://suumo.jp/chintai/jnc_000108029804/?bc=100487513639,不適合
SUUMO 賃貸 鳥取市,鳥取市,賃貸アパート,賃貸カテゴリ（掲載種別）,鳥取県鳥取市江津,6.9,36.0,,5,—,—,,—,賃貸のため対象外,,2026-07-24,,https://suumo.jp/chintai/jnc_000108029805/?bc=100513333571,不適合
SUUMO 賃貸 鳥取市,鳥取市,賃貸アパート,賃貸カテゴリ（掲載種別）,鳥取県鳥取市江津,6.9,36.0,,5,—,—,,—,賃貸のため対象外,,2026-07-24,,https://suumo.jp/chintai/jnc_000108029802/?bc=100506704941,不適合
SUUMO 賃貸 鳥取市,鳥取市,賃貸アパート,賃貸カテゴリ（掲載種別）,鳥取県鳥取市江津,7.1,36.0,,5,—,—,,—,賃貸のため対象外,,2026-07-24,,https://suumo.jp/chintai/jnc_000108029807/?bc=100488131910,不適合
SUUMO 賃貸 鳥取市,鳥取市,賃貸アパート,賃貸カテゴリ（掲載種別）,鳥取県鳥取市江津,7.1,43.2,,5,—,—,,—,賃貸のため対象外,,2026-07-24,,https://suumo.jp/chintai/jnc_000108029808/?bc=100513581243,不適合
SUUMO 賃貸 鳥取市,鳥取市,賃貸アパート,賃貸カテゴリ（掲載種別）,鳥取県鳥取市江津,7.3,43.2,,5,—,—,,—,賃貸のため対象外,,2026-07-24,,https://suumo.jp/chintai/jnc_000108029806/?bc=100513333555,不適合
SUUMO 賃貸 鳥取市,鳥取市,賃貸アパート,賃貸カテゴリ（掲載種別）,鳥取県鳥取市江津,7.3,43.2,,5,—,—,,—,賃貸のため対象外,,2026-07-24,,https://suumo.jp/chintai/jnc_000108063989/?bc=100513581252,不適合
SUUMO 賃貸 鳥取市,鳥取市,賃貸アパート,賃貸カテゴリ（掲載種別）,鳥取県鳥取市叶１,5.8,45.1,,5,—,—,,—,賃貸のため対象外,,2026-07-24,,https://suumo.jp/chintai/jnc_000105492985/?bc=100494461517,不適合
SUUMO 賃貸 鳥取市,鳥取市,賃貸マンション,賃貸カテゴリ（掲載種別）,鳥取県鳥取市富安２,6.3,20.3,,5,—,—,,—,賃貸のため対象外,,2026-07-24,,https://suumo.jp/chintai/jnc_000108125566/?bc=100513984103,不適合
SUUMO 賃貸 鳥取市,鳥取市,賃貸アパート,賃貸カテゴリ（掲載種別）,鳥取県鳥取市湖山町北２,3.7,22.4,,5,—,—,,—,賃貸のため対象外,,2026-07-24,,https://suumo.jp/chintai/jnc_000104650607/?bc=100485799549,適合
SUUMO 賃貸 鳥取市,鳥取市,賃貸アパート,賃貸カテゴリ（掲載種別）,鳥取県鳥取市湖山町北２,4.4,22.4,,5,—,—,,—,賃貸のため対象外,,2026-07-24,,https://suumo.jp/chintai/jnc_000106851325/?bc=100504412591,適合
SUUMO 賃貸 鳥取市,鳥取市,賃貸アパート,賃貸カテゴリ（掲載種別）,鳥取県鳥取市湖山町北２,4.6,22.4,,5,—,—,,—,賃貸のため対象外,,2026-07-24,,https://suumo.jp/chintai/jnc_000105313533/?bc=100492304542,適合
SUUMO 賃貸 鳥取市,鳥取市,賃貸アパート,賃貸カテゴリ（掲載種別）,鳥取県鳥取市商栄町,5.9,68.7,,5,—,—,,—,賃貸のため対象外,,2026-07-24,,https://suumo.jp/chintai/jnc_000098814782/?bc=100439798430,不適合
SUUMO 賃貸 鳥取市,鳥取市,賃貸アパート,賃貸カテゴリ（掲載種別）,鳥取県鳥取市浜坂３,7.45,43.3,,5,—,—,,—,賃貸のため対象外,,2026-07-24,,https://suumo.jp/chintai/jnc_000108602221/?bc=100517407553,不適合
SUUMO 賃貸 鳥取市,鳥取市,賃貸アパート,賃貸カテゴリ（掲載種別）,鳥取県鳥取市浜坂３,7.45,43.3,,5,—,—,,—,賃貸のため対象外,,2026-07-24,,https://suumo.jp/chintai/jnc_000108602220/?bc=100517407525,不適合
SUUMO 賃貸 鳥取市,鳥取市,賃貸アパート,賃貸カテゴリ（掲載種別）,鳥取県鳥取市浜坂３,7.45,43.3,,5,—,—,,—,賃貸のため対象外,,2026-07-24,,https://suumo.jp/chintai/jnc_000108602219/?bc=100517866053,不適合
SUUMO 賃貸 鳥取市,鳥取市,賃貸アパート,賃貸カテゴリ（掲載種別）,鳥取県鳥取市浜坂３,7.65,43.3,,5,—,—,,—,賃貸のため対象外,,2026-07-24,,https://suumo.jp/chintai/jnc_000108602222/?bc=100517407544,不適合
SUUMO 賃貸 鳥取市,鳥取市,賃貸アパート,賃貸カテゴリ（掲載種別）,鳥取県鳥取市浜坂３,7.65,43.3,,5,—,—,,—,賃貸のため対象外,,2026-07-24,,https://suumo.jp/chintai/jnc_000108602218/?bc=100517702527,不適合
SUUMO 賃貸 鳥取市,鳥取市,賃貸アパート,賃貸カテゴリ（掲載種別）,鳥取県鳥取市浜坂３,8.7,52.6,,5,—,—,,—,賃貸のため対象外,,2026-07-24,,https://suumo.jp/chintai/jnc_000108602224/?bc=100517866051,不適合
SUUMO 賃貸 鳥取市,鳥取市,賃貸アパート,賃貸カテゴリ（掲載種別）,鳥取県鳥取市浜坂３,8.7,52.6,,5,—,—,,—,賃貸のため対象外,,2026-07-24,,https://suumo.jp/chintai/jnc_000108602226/?bc=100517407524,不適合
SUUMO 賃貸 鳥取市,鳥取市,賃貸アパート,賃貸カテゴリ（掲載種別）,鳥取県鳥取市浜坂３,8.7,52.6,,5,—,—,,—,賃貸のため対象外,,2026-07-24,,https://suumo.jp/chintai/jnc_000108602225/?bc=100517407552,不適合
SUUMO 賃貸 鳥取市,鳥取市,賃貸アパート,賃貸カテゴリ（掲載種別）,鳥取県鳥取市浜坂３,8.9,52.6,,5,—,—,,—,賃貸のため対象外,,2026-07-24,,https://suumo.jp/chintai/jnc_000108602227/?bc=100517407545,不適合
SUUMO 賃貸 鳥取市,鳥取市,賃貸アパート,賃貸カテゴリ（掲載種別）,鳥取県鳥取市浜坂３,8.9,52.6,,5,—,—,,—,賃貸のため対象外,,2026-07-24,,https://suumo.jp/chintai/jnc_000108602223/?bc=100517866052,不適合
SUUMO 賃貸 鳥取市,鳥取市,賃貸アパート,賃貸カテゴリ（掲載種別）,鳥取県鳥取市湖山町北２,4.8,31.6,,5,—,—,,—,賃貸のため対象外,,2026-07-24,,https://suumo.jp/chintai/jnc_000040165086/?bc=100495955725,適合
SUUMO 賃貸 鳥取市,鳥取市,賃貸アパート,賃貸カテゴリ（掲載種別）,鳥取県鳥取市卯垣２,6.6,43.7,,5,—,—,,—,賃貸のため対象外,,2026-07-24,,https://suumo.jp/chintai/jnc_000106632325/?bc=100503329185,不適合
SUUMO 賃貸 鳥取市,鳥取市,賃貸アパート,賃貸カテゴリ（掲載種別）,鳥取県鳥取市吉方町１,4.75,21.9,,5,—,—,,—,賃貸のため対象外,,2026-07-24,,https://suumo.jp/chintai/jnc_000108205241/?bc=100515888815,適合
SUUMO 賃貸 鳥取市,鳥取市,賃貸アパート,賃貸カテゴリ（掲載種別）,鳥取県鳥取市吉方町１,4.9,21.0,,5,—,—,,—,賃貸のため対象外,,2026-07-24,,https://suumo.jp/chintai/jnc_000108205242/?bc=100514746864,適合
SUUMO 賃貸 鳥取市,鳥取市,賃貸アパート,賃貸カテゴリ（掲載種別）,鳥取県鳥取市安長,5.7,33.8,,5,—,—,,—,賃貸のため対象外,,2026-07-24,,https://suumo.jp/chintai/jnc_000108169109/?bc=100469677374,不適合
SUUMO 賃貸 鳥取市,鳥取市,賃貸アパート,賃貸カテゴリ（掲載種別）,鳥取県鳥取市青葉町１,6.45,53.9,,5,—,—,,—,賃貸のため対象外,,2026-07-24,,https://suumo.jp/chintai/jnc_000096779236/?bc=100499545464,不適合
SUUMO 賃貸 鳥取市,鳥取市,賃貸アパート,賃貸カテゴリ（掲載種別）,鳥取県鳥取市青葉町１,6.45,53.9,,5,—,—,,—,賃貸のため対象外,,2026-07-24,,https://suumo.jp/chintai/jnc_000107678138/?bc=100501853509,不適合
SUUMO 賃貸 鳥取市,鳥取市,賃貸アパート,賃貸カテゴリ（掲載種別）,鳥取県鳥取市桂木,5.0,48.5,,5,—,—,,—,賃貸のため対象外,,2026-07-24,,https://suumo.jp/chintai/jnc_000107795368/?bc=100512311203,適合
SUUMO 賃貸 鳥取市,鳥取市,賃貸アパート,賃貸カテゴリ（掲載種別）,鳥取県鳥取市桂木,5.0,48.5,,5,—,—,,—,賃貸のため対象外,,2026-07-24,,https://suumo.jp/chintai/jnc_000108276099/?bc=100515264837,適合
SUUMO 賃貸 鳥取市,鳥取市,賃貸アパート,賃貸カテゴリ（掲載種別）,鳥取県鳥取市行徳３,5.0,19.9,,5,—,—,,—,賃貸のため対象外,,2026-07-24,,https://suumo.jp/chintai/jnc_000107266712/?bc=100507347139,適合
SUUMO 賃貸 鳥取市,鳥取市,賃貸アパート,賃貸カテゴリ（掲載種別）,鳥取県鳥取市行徳２,4.85,29.8,,5,—,—,,—,賃貸のため対象外,,2026-07-24,,https://suumo.jp/chintai/jnc_000107696032/?bc=100512354607,適合
SUUMO 賃貸 鳥取市,鳥取市,賃貸アパート,賃貸カテゴリ（掲載種別）,鳥取県鳥取市面影１,5.3,56.0,,5,—,—,,—,賃貸のため対象外,,2026-07-24,,https://suumo.jp/chintai/jnc_000100809904/?bc=100456164269,不適合
SUUMO 賃貸 鳥取市,鳥取市,賃貸アパート,賃貸カテゴリ（掲載種別）,鳥取県鳥取市円護寺,4.6,43.8,,5,—,—,,—,賃貸のため対象外,,2026-07-24,,https://suumo.jp/chintai/jnc_000108187134/?bc=100493474782,適合
SUUMO 賃貸 鳥取市,鳥取市,賃貸アパート,賃貸カテゴリ（掲載種別）,鳥取県鳥取市円護寺,4.8,43.8,,5,—,—,,—,賃貸のため対象外,,2026-07-24,,https://suumo.jp/chintai/jnc_000107731046/?bc=100494561956,適合
SUUMO 賃貸 鳥取市,鳥取市,賃貸アパート,賃貸カテゴリ（掲載種別）,鳥取県鳥取市中町,5.4,29.8,,5,—,—,,—,賃貸のため対象外,,2026-07-24,,https://suumo.jp/chintai/jnc_000077779265/?bc=100518182538,不適合
SUUMO 賃貸 鳥取市,鳥取市,賃貸アパート,賃貸カテゴリ（掲載種別）,鳥取県鳥取市湖山町南２,3.0,19.9,,5,—,—,,—,賃貸のため対象外,,2026-07-24,,https://suumo.jp/chintai/jnc_000108306847/?bc=100504599007,適合
SUUMO 賃貸 鳥取市,鳥取市,賃貸アパート,賃貸カテゴリ（掲載種別）,鳥取県鳥取市湖山町南２,4.4,19.9,,5,—,—,,—,賃貸のため対象外,,2026-07-24,,https://suumo.jp/chintai/jnc_000107396372/?bc=100508368388,適合
SUUMO 賃貸 鳥取市,鳥取市,賃貸アパート,賃貸カテゴリ（掲載種別）,鳥取県鳥取市湖山町南２,4.6,19.9,,5,—,—,,—,賃貸のため対象外,,2026-07-24,,https://suumo.jp/chintai/jnc_000108567039/?bc=100517177255,適合
SUUMO 賃貸 鳥取市,鳥取市,賃貸アパート,賃貸カテゴリ（掲載種別）,鳥取県鳥取市吉方温泉３,8.0,41.1,,5,—,—,,—,賃貸のため対象外,,2026-07-24,注意:温泉,https://suumo.jp/chintai/jnc_000104983720/?bc=100489694578,不適合
SUUMO 賃貸 鳥取市,鳥取市,賃貸アパート,賃貸カテゴリ（掲載種別）,鳥取県鳥取市古海,4.3,23.7,,5,—,—,,—,賃貸のため対象外,,2026-07-24,,https://suumo.jp/chintai/jnc_000108306874/?bc=100251566682,適合
SUUMO 賃貸 鳥取市,鳥取市,賃貸アパート,賃貸カテゴリ（掲載種別）,鳥取県鳥取市古海,4.4,23.7,,5,—,—,,—,賃貸のため対象外,,2026-07-24,,https://suumo.jp/chintai/jnc_000108306877/?bc=100446616441,適合
SUUMO 賃貸 鳥取市,鳥取市,賃貸アパート,賃貸カテゴリ（掲載種別）,鳥取県鳥取市古海,4.7,26.1,,5,—,—,,—,賃貸のため対象外,,2026-07-24,,https://suumo.jp/chintai/jnc_000108306878/?bc=100452090033,適合
SUUMO 賃貸 鳥取市,鳥取市,賃貸アパート,賃貸カテゴリ（掲載種別）,鳥取県鳥取市古海,4.8,26.1,,5,—,—,,—,賃貸のため対象外,,2026-07-24,,https://suumo.jp/chintai/jnc_000108433936/?bc=100417687161,適合
SUUMO 賃貸 鳥取市,鳥取市,賃貸アパート,賃貸カテゴリ（掲載種別）,鳥取県鳥取市湖山町南５,3.7,23.7,,5,—,—,,—,賃貸のため対象外,,2026-07-24,,https://suumo.jp/chintai/jnc_000107887726/?bc=100486023121,適合
SUUMO 賃貸 鳥取市,鳥取市,賃貸アパート,賃貸カテゴリ（掲載種別）,鳥取県鳥取市湖山町南５,4.0,26.1,,5,—,—,,—,賃貸のため対象外,,2026-07-24,,https://suumo.jp/chintai/jnc_000107887727/?bc=100240162790,適合
SUUMO 賃貸 鳥取市,鳥取市,賃貸アパート,賃貸カテゴリ（掲載種別）,鳥取県鳥取市湖山町南５,4.0,23.7,,5,—,—,,—,賃貸のため対象外,,2026-07-24,,https://suumo.jp/chintai/jnc_000106726953/?bc=100484037717,適合
SUUMO 賃貸 鳥取市,鳥取市,賃貸アパート,賃貸カテゴリ（掲載種別）,鳥取県鳥取市湖山町南５,4.4,26.1,,5,—,—,,—,賃貸のため対象外,,2026-07-24,,https://suumo.jp/chintai/jnc_000106726954/?bc=100490168742,適合
SUUMO 賃貸 鳥取市,鳥取市,賃貸アパート,賃貸カテゴリ（掲載種別）,鳥取県鳥取市湖山町南５,4.4,26.1,,5,—,—,,—,賃貸のため対象外,,2026-07-24,,https://suumo.jp/chintai/jnc_000060097947/?bc=100498730037,適合
SUUMO 賃貸 鳥取市,鳥取市,賃貸アパート,賃貸カテゴリ（掲載種別）,鳥取県鳥取市湖山町南５,4.5,26.1,,5,—,—,,—,賃貸のため対象外,,2026-07-24,,https://suumo.jp/chintai/jnc_000106726955/?bc=100489309864,適合
SUUMO 賃貸 鳥取市,鳥取市,賃貸アパート,賃貸カテゴリ（掲載種別）,鳥取県鳥取市吉成,6.9,40.4,,5,—,—,,—,賃貸のため対象外,,2026-07-24,,https://suumo.jp/chintai/jnc_000106963884/?bc=100505504232,不適合
SUUMO 賃貸 鳥取市,鳥取市,賃貸マンション,賃貸カテゴリ（掲載種別）,鳥取県鳥取市南町,6.7,50.0,,5,—,—,,—,賃貸のため対象外,,2026-07-24,,https://suumo.jp/chintai/jnc_000108582796/?bc=100517260220,不適合
SUUMO 賃貸 鳥取市,鳥取市,賃貸マンション,賃貸カテゴリ（掲載種別）,鳥取県鳥取市南町,6.7,47.1,,5,—,—,,—,賃貸のため対象外,,2026-07-24,,https://suumo.jp/chintai/jnc_000108068265/?bc=100513626649,不適合
SUUMO 賃貸 鳥取市,鳥取市,賃貸マンション,賃貸カテゴリ（掲載種別）,鳥取県鳥取市富安１,4.0,39.0,,5,—,—,,—,賃貸のため対象外,,2026-07-24,,https://suumo.jp/chintai/jnc_000108159632/?bc=100514989189,適合
SUUMO 賃貸 鳥取市,鳥取市,賃貸マンション,賃貸カテゴリ（掲載種別）,鳥取県鳥取市富安１,4.4,39.0,,5,—,—,,—,賃貸のため対象外,,2026-07-24,,https://suumo.jp/chintai/jnc_000093214061/?bc=100516442015,適合
SUUMO 賃貸 鳥取市,鳥取市,賃貸マンション,賃貸カテゴリ（掲載種別）,鳥取県鳥取市末広温泉町,4.2,23.6,,5,—,—,,—,賃貸のため対象外,,2026-07-24,注意:温泉,https://suumo.jp/chintai/jnc_000059057877/?bc=100513944902,適合
SUUMO 賃貸 鳥取市,鳥取市,賃貸マンション,賃貸カテゴリ（掲載種別）,鳥取県鳥取市末広温泉町,4.4,23.6,,5,—,—,,—,賃貸のため対象外,,2026-07-24,注意:温泉,https://suumo.jp/chintai/jnc_000091401955/?bc=100515189695,適合
SUUMO 賃貸 鳥取市,鳥取市,賃貸アパート,賃貸カテゴリ（掲載種別）,鳥取県鳥取市御弓町,6.4,27.4,,5,—,—,,—,賃貸のため対象外,,2026-07-24,,https://suumo.jp/chintai/jnc_000106611163/?bc=100503270287,不適合
SUUMO 賃貸 鳥取市,鳥取市,賃貸アパート,賃貸カテゴリ（掲載種別）,鳥取県鳥取市御弓町,6.4,27.4,,5,—,—,,—,賃貸のため対象外,,2026-07-24,,https://suumo.jp/chintai/jnc_000106611160/?bc=100503270284,不適合
SUUMO 賃貸 鳥取市,鳥取市,賃貸アパート,賃貸カテゴリ（掲載種別）,鳥取県鳥取市御弓町,6.5,27.4,,5,—,—,,—,賃貸のため対象外,,2026-07-24,,https://suumo.jp/chintai/jnc_000106611167/?bc=100514527422,不適合
SUUMO 賃貸 鳥取市,鳥取市,賃貸アパート,賃貸カテゴリ（掲載種別）,鳥取県鳥取市御弓町,6.5,27.4,,5,—,—,,—,賃貸のため対象外,,2026-07-24,,https://suumo.jp/chintai/jnc_000106611164/?bc=100503270299,不適合
SUUMO 賃貸 鳥取市,鳥取市,賃貸アパート,賃貸カテゴリ（掲載種別）,鳥取県鳥取市御弓町,7.4,33.5,,5,—,—,,—,賃貸のため対象外,,2026-07-24,,https://suumo.jp/chintai/jnc_000106611162/?bc=100503270286,不適合
SUUMO 賃貸 鳥取市,鳥取市,賃貸アパート,賃貸カテゴリ（掲載種別）,鳥取県鳥取市御弓町,7.4,33.5,,5,—,—,,—,賃貸のため対象外,,2026-07-24,,https://suumo.jp/chintai/jnc_000106611161/?bc=100503270285,不適合
SUUMO 賃貸 鳥取市,鳥取市,賃貸アパート,賃貸カテゴリ（掲載種別）,鳥取県鳥取市立川町５,6.4,47.9,,5,—,—,,—,賃貸のため対象外,,2026-07-24,,https://suumo.jp/chintai/jnc_000108276106/?bc=100515508650,不適合
SUUMO 賃貸 鳥取市,鳥取市,賃貸アパート,賃貸カテゴリ（掲載種別）,鳥取県鳥取市行徳３,3.0,19.9,,5,—,—,,—,賃貸のため対象外,,2026-07-24,,https://suumo.jp/chintai/jnc_000107901715/?bc=100487840625,適合
SUUMO 賃貸 鳥取市,鳥取市,賃貸アパート,賃貸カテゴリ（掲載種別）,鳥取県鳥取市行徳３,4.5,19.9,,5,—,—,,—,賃貸のため対象外,,2026-07-24,,https://suumo.jp/chintai/jnc_000041860800/?bc=100471046863,適合
SUUMO 賃貸 鳥取市,鳥取市,賃貸アパート,賃貸カテゴリ（掲載種別）,鳥取県鳥取市行徳３,4.9,19.9,,5,—,—,,—,賃貸のため対象外,,2026-07-24,,https://suumo.jp/chintai/jnc_000108306846/?bc=100424671057,適合
SUUMO 賃貸 鳥取市,鳥取市,賃貸マンション,賃貸カテゴリ（掲載種別）,鳥取県鳥取市吉方温泉４,4.8,30.1,,5,—,—,,—,賃貸のため対象外,,2026-07-24,注意:温泉,https://suumo.jp/chintai/jnc_000108218651/?bc=100514972216,適合
SUUMO 賃貸 鳥取市,鳥取市,賃貸マンション,賃貸カテゴリ（掲載種別）,鳥取県鳥取市吉方温泉４,4.9,30.1,,5,—,—,,—,賃貸のため対象外,,2026-07-24,注意:温泉,https://suumo.jp/chintai/jnc_000082140253/?bc=100515503091,適合
SUUMO 賃貸 鳥取市,鳥取市,賃貸マンション,賃貸カテゴリ（掲載種別）,鳥取県鳥取市吉方温泉４,7.3,61.0,,5,—,—,,—,賃貸のため対象外,,2026-07-24,注意:温泉,https://suumo.jp/chintai/jnc_000093840752/?bc=100511489947,不適合
SUUMO 賃貸 鳥取市,鳥取市,賃貸アパート,賃貸カテゴリ（掲載種別）,鳥取県鳥取市吉成,3.2,23.2,,5,—,—,,—,賃貸のため対象外,,2026-07-24,,https://suumo.jp/chintai/jnc_000108169111/?bc=100371275864,適合
SUUMO 賃貸 鳥取市,鳥取市,賃貸アパート,賃貸カテゴリ（掲載種別）,鳥取県鳥取市吉成,3.4,23.2,,5,—,—,,—,賃貸のため対象外,,2026-07-24,,https://suumo.jp/chintai/jnc_000108728821/?bc=100493727960,適合
SUUMO 賃貸 鳥取市,鳥取市,賃貸アパート,賃貸カテゴリ（掲載種別）,鳥取県鳥取市吉成,4.6,23.2,,5,—,—,,—,賃貸のため対象外,,2026-07-24,,https://suumo.jp/chintai/jnc_000105814875/?bc=100496309585,適合
SUUMO 賃貸 鳥取市,鳥取市,賃貸アパート,賃貸カテゴリ（掲載種別）,鳥取県鳥取市吉成,4.6,23.2,,5,—,—,,—,賃貸のため対象外,,2026-07-24,,https://suumo.jp/chintai/jnc_000108706269/?bc=100474726702,適合
SUUMO 賃貸 鳥取市,鳥取市,賃貸アパート,賃貸カテゴリ（掲載種別）,鳥取県鳥取市吉成,5.3,53.3,,5,—,—,,—,賃貸のため対象外,,2026-07-24,,https://suumo.jp/chintai/jnc_000107205547/?bc=100492502245,不適合
SUUMO 賃貸 鳥取市,鳥取市,賃貸アパート,賃貸カテゴリ（掲載種別）,鳥取県鳥取市吉成,5.3,53.3,,5,—,—,,—,賃貸のため対象外,,2026-07-24,,https://suumo.jp/chintai/jnc_000107224251/?bc=100507027845,不適合
SUUMO 賃貸 鳥取市,鳥取市,賃貸アパート,賃貸カテゴリ（掲載種別）,鳥取県鳥取市吉成,5.3,53.3,,5,—,—,,—,賃貸のため対象外,,2026-07-24,,https://suumo.jp/chintai/jnc_000099481095/?bc=100420915832,不適合
SUUMO 賃貸 鳥取市,鳥取市,賃貸アパート,賃貸カテゴリ（掲載種別）,鳥取県鳥取市津ノ井,4.7,23.2,,5,—,—,,—,賃貸のため対象外,,2026-07-24,,https://suumo.jp/chintai/jnc_000106179432/?bc=100499417329,適合
SUUMO 賃貸 鳥取市,鳥取市,賃貸アパート,賃貸カテゴリ（掲載種別）,鳥取県鳥取市叶１,7.5,52.5,,5,—,—,,—,賃貸のため対象外,,2026-07-24,,https://suumo.jp/chintai/jnc_000089542566/?bc=100511629524,不適合
SUUMO 賃貸 鳥取市,鳥取市,賃貸アパート,賃貸カテゴリ（掲載種別）,鳥取県鳥取市江津,6.1,54.8,,5,—,—,,—,賃貸のため対象外,,2026-07-24,,https://suumo.jp/chintai/jnc_000103953740/?bc=100481782886,不適合
SUUMO 賃貸 鳥取市,鳥取市,賃貸マンション,賃貸カテゴリ（掲載種別）,鳥取県鳥取市宮長,5.8,49.0,,5,—,—,,—,賃貸のため対象外,,2026-07-24,,https://suumo.jp/chintai/jnc_000077916333/?bc=100517261825,不適合
SUUMO 賃貸 鳥取市,鳥取市,賃貸アパート,賃貸カテゴリ（掲載種別）,鳥取県鳥取市商栄町,6.8,50.8,,5,—,—,,—,賃貸のため対象外,,2026-07-24,,https://suumo.jp/chintai/jnc_000108381358/?bc=100517451392,不適合
SUUMO 賃貸 鳥取市,鳥取市,賃貸アパート,賃貸カテゴリ（掲載種別）,鳥取県鳥取市岩吉,4.9,48.8,,5,—,—,,—,賃貸のため対象外,,2026-07-24,,https://suumo.jp/chintai/jnc_000107786941/?bc=100429598901,適合
SUUMO 賃貸 鳥取市,鳥取市,賃貸アパート,賃貸カテゴリ（掲載種別）,鳥取県鳥取市吉成,5.5,53.3,,5,—,—,,—,賃貸のため対象外,,2026-07-24,,https://suumo.jp/chintai/jnc_000084565454/?bc=100513289598,不適合
SUUMO 賃貸 鳥取市,鳥取市,賃貸アパート,賃貸カテゴリ（掲載種別）,鳥取県鳥取市秋里,4.5,35.4,,5,—,—,,—,賃貸のため対象外,,2026-07-24,,https://suumo.jp/chintai/jnc_000106975168/?bc=100506522414,適合
SUUMO 賃貸 鳥取市,鳥取市,賃貸アパート,賃貸カテゴリ（掲載種別）,鳥取県鳥取市国府町分上３,5.8,42.1,,5,—,—,,—,賃貸のため対象外,,2026-07-24,,https://suumo.jp/chintai/jnc_000107366035/?bc=100508117020,不適合
SUUMO 賃貸 鳥取市,鳥取市,賃貸マンション,賃貸カテゴリ（掲載種別）,鳥取県鳥取市行徳２,5.0,29.4,,5,—,—,,—,賃貸のため対象外,,2026-07-24,,https://suumo.jp/chintai/jnc_000107882722/?bc=100512073164,適合
SUUMO 賃貸 鳥取市,鳥取市,賃貸マンション,賃貸カテゴリ（掲載種別）,鳥取県鳥取市行徳２,5.0,29.4,,5,—,—,,—,賃貸のため対象外,,2026-07-24,,https://suumo.jp/chintai/jnc_000106851324/?bc=100504612862,適合
SUUMO 賃貸 鳥取市,鳥取市,賃貸マンション,賃貸カテゴリ（掲載種別）,鳥取県鳥取市行徳２,5.0,29.4,,5,—,—,,—,賃貸のため対象外,,2026-07-24,,https://suumo.jp/chintai/jnc_000094261219/?bc=100501708869,適合
SUUMO 賃貸 鳥取市,鳥取市,賃貸マンション,賃貸カテゴリ（掲載種別）,鳥取県鳥取市行徳２,6.0,45.1,,5,—,—,,—,賃貸のため対象外,,2026-07-24,,https://suumo.jp/chintai/jnc_000106435574/?bc=100501708871,不適合
SUUMO 賃貸 鳥取市,鳥取市,賃貸アパート,賃貸カテゴリ（掲載種別）,鳥取県鳥取市商栄町,5.3,51.9,,5,—,—,,—,賃貸のため対象外,,2026-07-24,,https://suumo.jp/chintai/jnc_000083510940/?bc=100508724689,不適合
SUUMO 賃貸 鳥取市,鳥取市,賃貸アパート,賃貸カテゴリ（掲載種別）,鳥取県鳥取市宮長,4.7,44.3,,5,—,—,,—,賃貸のため対象外,,2026-07-24,,https://suumo.jp/chintai/jnc_000090613269/?bc=100477959658,適合
SUUMO 賃貸 鳥取市,鳥取市,賃貸アパート,賃貸カテゴリ（掲載種別）,鳥取県鳥取市宮長,5.0,46.6,,5,—,—,,—,賃貸のため対象外,,2026-07-24,,https://suumo.jp/chintai/jnc_000108025908/?bc=100513333596,適合
SUUMO 賃貸 鳥取市,鳥取市,賃貸アパート,賃貸カテゴリ（掲載種別）,鳥取県鳥取市湖山町南１,4.3,35.4,,5,—,—,,—,賃貸のため対象外,,2026-07-24,,https://suumo.jp/chintai/jnc_000097369217/?bc=100502117089,適合
SUUMO 賃貸 鳥取市,鳥取市,賃貸アパート,賃貸カテゴリ（掲載種別）,鳥取県鳥取市桂木,3.7,35.4,,5,—,—,,—,賃貸のため対象外,,2026-07-24,,https://suumo.jp/chintai/jnc_000108068263/?bc=100515389819,適合
SUUMO 賃貸 鳥取市,鳥取市,賃貸アパート,賃貸カテゴリ（掲載種別）,鳥取県鳥取市吉成,5.5,50.1,,5,—,—,,—,賃貸のため対象外,,2026-07-24,,https://suumo.jp/chintai/jnc_000107584605/?bc=100510333853,不適合
SUUMO 賃貸 鳥取市,鳥取市,賃貸アパート,賃貸カテゴリ（掲載種別）,鳥取県鳥取市布勢,5.85,26.7,,5,—,—,,—,賃貸のため対象外,,2026-07-24,,https://suumo.jp/chintai/jnc_000107448577/?bc=100509381125,不適合
SUUMO 賃貸 鳥取市,鳥取市,賃貸アパート,賃貸カテゴリ（掲載種別）,鳥取県鳥取市桜谷,3.0,21.8,,5,—,—,,—,賃貸のため対象外,,2026-07-24,,https://suumo.jp/chintai/jnc_000108492199/?bc=100320760550,適合
SUUMO 賃貸 鳥取市,鳥取市,賃貸アパート,賃貸カテゴリ（掲載種別）,鳥取県鳥取市桜谷,4.1,21.8,,5,—,—,,—,賃貸のため対象外,,2026-07-24,,https://suumo.jp/chintai/jnc_000108306852/?bc=100363398607,適合
SUUMO 賃貸 鳥取市,鳥取市,賃貸アパート,賃貸カテゴリ（掲載種別）,鳥取県鳥取市桜谷,4.2,21.8,,5,—,—,,—,賃貸のため対象外,,2026-07-24,,https://suumo.jp/chintai/jnc_000108306853/?bc=100363570231,適合
SUUMO 賃貸 鳥取市,鳥取市,賃貸アパート,賃貸カテゴリ（掲載種別）,鳥取県鳥取市宮長,5.0,43.5,,5,—,—,,—,賃貸のため対象外,,2026-07-24,,https://suumo.jp/chintai/jnc_000107971747/?bc=100512846040,適合
SUUMO 賃貸 鳥取市,鳥取市,賃貸マンション,賃貸カテゴリ（掲載種別）,鳥取県鳥取市湖山町南１,4.5,34.5,,5,—,—,,—,賃貸のため対象外,,2026-07-24,,https://suumo.jp/chintai/jnc_000104900483/?bc=100489042820,適合
SUUMO 賃貸 鳥取市,鳥取市,賃貸マンション,賃貸カテゴリ（掲載種別）,鳥取県鳥取市湖山町南１,4.5,34.5,,5,—,—,,—,賃貸のため対象外,,2026-07-24,,https://suumo.jp/chintai/jnc_000104900479/?bc=100489042874,適合
SUUMO 賃貸 鳥取市,鳥取市,賃貸マンション,賃貸カテゴリ（掲載種別）,鳥取県鳥取市湖山町南１,4.6,34.5,,5,—,—,,—,賃貸のため対象外,,2026-07-24,,https://suumo.jp/chintai/jnc_000104900480/?bc=100489042872,適合
SUUMO 賃貸 鳥取市,鳥取市,賃貸マンション,賃貸カテゴリ（掲載種別）,鳥取県鳥取市湖山町南１,4.6,34.5,,5,—,—,,—,賃貸のため対象外,,2026-07-24,,https://suumo.jp/chintai/jnc_000104900482/?bc=100489042822,適合
SUUMO 賃貸 鳥取市,鳥取市,賃貸マンション,賃貸カテゴリ（掲載種別）,鳥取県鳥取市湖山町南１,4.6,34.5,,5,—,—,,—,賃貸のため対象外,,2026-07-24,,https://suumo.jp/chintai/jnc_000105846404/?bc=100497429334,適合
SUUMO 賃貸 鳥取市,鳥取市,賃貸マンション,賃貸カテゴリ（掲載種別）,鳥取県鳥取市湖山町南１,4.7,34.5,,5,—,—,,—,賃貸のため対象外,,2026-07-24,,https://suumo.jp/chintai/jnc_000105119229/?bc=100491318526,適合
SUUMO 賃貸 鳥取市,鳥取市,賃貸その他,賃貸カテゴリ（掲載種別）,鳥取県鳥取市吉成２,5.3,67.2,,5,—,—,,—,賃貸のため対象外,,2026-07-24,,https://suumo.jp/chintai/jnc_000100193278/?bc=100449372736,不適合
SUUMO 賃貸 鳥取市,鳥取市,賃貸アパート,賃貸カテゴリ（掲載種別）,鳥取県鳥取市大覚寺,6.5,50.0,,5,—,—,,—,賃貸のため対象外,,2026-07-24,,https://suumo.jp/chintai/jnc_000108169107/?bc=100497614951,不適合
SUUMO 賃貸 鳥取市,鳥取市,賃貸アパート,賃貸カテゴリ（掲載種別）,鳥取県鳥取市大覚寺,6.7,50.0,,5,—,—,,—,賃貸のため対象外,,2026-07-24,,https://suumo.jp/chintai/jnc_000105674937/?bc=100495259108,不適合
SUUMO 賃貸 鳥取市,鳥取市,賃貸マンション,賃貸カテゴリ（掲載種別）,鳥取県鳥取市富安２,4.5,39.0,,5,—,—,,—,賃貸のため対象外,,2026-07-24,,https://suumo.jp/chintai/jnc_000051196354/?bc=100518056124,適合
SUUMO 賃貸 鳥取市,鳥取市,賃貸アパート,賃貸カテゴリ（掲載種別）,鳥取県鳥取市千代水２,4.8,27.3,,5,—,—,,—,賃貸のため対象外,,2026-07-24,,https://suumo.jp/chintai/jnc_000032935443/?bc=100512747638,適合
SUUMO 賃貸 鳥取市,鳥取市,賃貸アパート,賃貸カテゴリ（掲載種別）,鳥取県鳥取市湖山町北４,6.5,42.5,,5,—,—,,—,賃貸のため対象外,,2026-07-24,,https://suumo.jp/chintai/jnc_000105244982/?bc=100498630117,不適合
SUUMO 賃貸 鳥取市,鳥取市,賃貸アパート,賃貸カテゴリ（掲載種別）,鳥取県鳥取市若葉台南１,4.8,29.1,,5,—,—,,—,賃貸のため対象外,,2026-07-24,,https://suumo.jp/chintai/jnc_000108276109/?bc=100515389679,適合
SUUMO 賃貸 鳥取市,鳥取市,賃貸アパート,賃貸カテゴリ（掲載種別）,鳥取県鳥取市正蓮寺,4.5,35.0,,5,—,—,,—,賃貸のため対象外,,2026-07-24,,https://suumo.jp/chintai/jnc_000105674933/?bc=100503642127,適合
SUUMO 賃貸 鳥取市,鳥取市,賃貸アパート,賃貸カテゴリ（掲載種別）,鳥取県鳥取市中町,6.1,26.7,,5,—,—,,—,賃貸のため対象外,,2026-07-24,,https://suumo.jp/chintai/jnc_000108196088/?bc=100514972221,不適合
SUUMO 賃貸 鳥取市,鳥取市,賃貸アパート,賃貸カテゴリ（掲載種別）,鳥取県鳥取市立川町２,3.2,23.7,,5,—,—,,—,賃貸のため対象外,,2026-07-24,,https://suumo.jp/chintai/jnc_000107557051/?bc=100429989430,適合
SUUMO 賃貸 鳥取市,鳥取市,賃貸アパート,賃貸カテゴリ（掲載種別）,鳥取県鳥取市立川町２,3.4,26.1,,5,—,—,,—,賃貸のため対象外,,2026-07-24,,https://suumo.jp/chintai/jnc_000107901717/?bc=100492304257,適合
SUUMO 賃貸 鳥取市,鳥取市,賃貸アパート,賃貸カテゴリ（掲載種別）,鳥取県鳥取市立川町２,4.1,23.7,,5,—,—,,—,賃貸のため対象外,,2026-07-24,,https://suumo.jp/chintai/jnc_000108550692/?bc=100455684175,適合
SUUMO 賃貸 鳥取市,鳥取市,賃貸アパート,賃貸カテゴリ（掲載種別）,鳥取県鳥取市立川町２,4.1,23.7,,5,—,—,,—,賃貸のため対象外,,2026-07-24,,https://suumo.jp/chintai/jnc_000108550691/?bc=100323900784,適合
SUUMO 賃貸 鳥取市,鳥取市,賃貸アパート,賃貸カテゴリ（掲載種別）,鳥取県鳥取市立川町２,4.4,26.1,,5,—,—,,—,賃貸のため対象外,,2026-07-24,,https://suumo.jp/chintai/jnc_000108550694/?bc=100486704068,適合
SUUMO 賃貸 鳥取市,鳥取市,賃貸アパート,賃貸カテゴリ（掲載種別）,鳥取県鳥取市立川町２,4.4,26.1,,5,—,—,,—,賃貸のため対象外,,2026-07-24,,https://suumo.jp/chintai/jnc_000108550693/?bc=100243422139,適合
SUUMO 賃貸 鳥取市,鳥取市,賃貸アパート,賃貸カテゴリ（掲載種別）,鳥取県鳥取市立川町２,4.5,26.1,,5,—,—,,—,賃貸のため対象外,,2026-07-24,,https://suumo.jp/chintai/jnc_000108550695/?bc=100487330070,適合
SUUMO 賃貸 鳥取市,鳥取市,賃貸アパート,賃貸カテゴリ（掲載種別）,鳥取県鳥取市立川町２,4.6,26.1,,5,—,—,,—,賃貸のため対象外,,2026-07-24,,https://suumo.jp/chintai/jnc_000102885199/?bc=100394344534,適合
SUUMO 賃貸 鳥取市,鳥取市,賃貸アパート,賃貸カテゴリ（掲載種別）,鳥取県鳥取市古海,5.5,32.7,,5,—,—,,—,賃貸のため対象外,,2026-07-24,,https://suumo.jp/chintai/jnc_000069702616/?bc=100489616258,不適合
SUUMO 賃貸 鳥取市,鳥取市,賃貸アパート,賃貸カテゴリ（掲載種別）,鳥取県鳥取市国府町稲葉丘３,5.3,35.0,,5,—,—,,—,賃貸のため対象外,,2026-07-24,,https://suumo.jp/chintai/jnc_000107439906/?bc=100504739042,不適合
SUUMO 賃貸 鳥取市,鳥取市,賃貸アパート,賃貸カテゴリ（掲載種別）,鳥取県鳥取市新,4.3,35.5,,5,—,—,,—,賃貸のため対象外,,2026-07-24,,https://suumo.jp/chintai/jnc_000108068264/?bc=100515389625,適合
SUUMO 賃貸 鳥取市,鳥取市,賃貸アパート,賃貸カテゴリ（掲載種別）,鳥取県鳥取市卯垣５,4.8,36.0,,5,—,—,,—,賃貸のため対象外,,2026-07-24,,https://suumo.jp/chintai/jnc_000103220406/?bc=100478720799,適合
SUUMO 賃貸 鳥取市,鳥取市,賃貸アパート,賃貸カテゴリ（掲載種別）,鳥取県鳥取市立川町４,3.8,23.7,,5,—,—,,—,賃貸のため対象外,,2026-07-24,,https://suumo.jp/chintai/jnc_000044643617/?bc=100246177853,適合
SUUMO 賃貸 鳥取市,鳥取市,賃貸アパート,賃貸カテゴリ（掲載種別）,鳥取県鳥取市立川町４,4.1,26.1,,5,—,—,,—,賃貸のため対象外,,2026-07-24,,https://suumo.jp/chintai/jnc_000107887729/?bc=100278856546,適合
SUUMO 賃貸 鳥取市,鳥取市,賃貸アパート,賃貸カテゴリ（掲載種別）,鳥取県鳥取市立川町４,4.1,23.7,,5,—,—,,—,賃貸のため対象外,,2026-07-24,,https://suumo.jp/chintai/jnc_000107103302/?bc=100495917352,適合
SUUMO 賃貸 鳥取市,鳥取市,賃貸アパート,賃貸カテゴリ（掲載種別）,鳥取県鳥取市立川町４,4.2,23.7,,5,—,—,,—,賃貸のため対象外,,2026-07-24,,https://suumo.jp/chintai/jnc_000107103301/?bc=100480102148,適合
SUUMO 賃貸 鳥取市,鳥取市,賃貸アパート,賃貸カテゴリ（掲載種別）,鳥取県鳥取市立川町４,4.2,23.7,,5,—,—,,—,賃貸のため対象外,,2026-07-24,,https://suumo.jp/chintai/jnc_000107103303/?bc=100489065365,適合
SUUMO 賃貸 鳥取市,鳥取市,賃貸アパート,賃貸カテゴリ（掲載種別）,鳥取県鳥取市立川町４,4.5,26.1,,5,—,—,,—,賃貸のため対象外,,2026-07-24,,https://suumo.jp/chintai/jnc_000081681928/?bc=100271901693,適合
SUUMO 賃貸 鳥取市,鳥取市,賃貸アパート,賃貸カテゴリ（掲載種別）,鳥取県鳥取市立川町４,4.6,26.1,,5,—,—,,—,賃貸のため対象外,,2026-07-24,,https://suumo.jp/chintai/jnc_000081681929/?bc=100288632456,適合
SUUMO 賃貸 鳥取市,鳥取市,賃貸アパート,賃貸カテゴリ（掲載種別）,鳥取県鳥取市緑ケ丘３,3.6,35.4,,5,—,—,,—,賃貸のため対象外,,2026-07-24,,https://suumo.jp/chintai/jnc_000107750884/?bc=100512068072,適合
SUUMO 賃貸 鳥取市,鳥取市,賃貸アパート,賃貸カテゴリ（掲載種別）,鳥取県鳥取市田島,6.4,35.4,,5,田,—,,—,賃貸のため対象外,,2026-07-24,,https://suumo.jp/chintai/jnc_000094874643/?bc=100516512902,不適合
SUUMO 賃貸 鳥取市,鳥取市,賃貸マンション,賃貸カテゴリ（掲載種別）,鳥取県鳥取市吉方温泉４,4.8,30.1,,5,—,—,,—,賃貸のため対象外,,2026-07-24,注意:温泉,https://suumo.jp/chintai/jnc_000105134299/?bc=100491318307,適合
SUUMO 賃貸 鳥取市,鳥取市,賃貸マンション,賃貸カテゴリ（掲載種別）,鳥取県鳥取市吉方温泉３,4.4,30.8,,5,—,—,,—,賃貸のため対象外,,2026-07-24,注意:温泉,https://suumo.jp/chintai/jnc_000089181716/?bc=100516550863,適合
SUUMO 賃貸 鳥取市,鳥取市,賃貸アパート,賃貸カテゴリ（掲載種別）,鳥取県鳥取市古海,3.4,26.1,,5,—,—,,—,賃貸のため対象外,,2026-07-24,,https://suumo.jp/chintai/jnc_000107557053/?bc=100430370892,適合
SUUMO 賃貸 鳥取市,鳥取市,賃貸アパート,賃貸カテゴリ（掲載種別）,鳥取県鳥取市古海,3.8,23.7,,5,—,—,,—,賃貸のため対象外,,2026-07-24,,https://suumo.jp/chintai/jnc_000062168428/?bc=100518272645,適合
SUUMO 賃貸 鳥取市,鳥取市,賃貸アパート,賃貸カテゴリ（掲載種別）,鳥取県鳥取市古海,4.0,26.1,,5,—,—,,—,賃貸のため対象外,,2026-07-24,,https://suumo.jp/chintai/jnc_000059909169/?bc=100419636919,適合
SUUMO 賃貸 鳥取市,鳥取市,賃貸アパート,賃貸カテゴリ（掲載種別）,鳥取県鳥取市古海,4.0,26.1,,5,—,—,,—,賃貸のため対象外,,2026-07-24,,https://suumo.jp/chintai/jnc_000108306873/?bc=100452896058,適合
SUUMO 賃貸 鳥取市,鳥取市,賃貸アパート,賃貸カテゴリ（掲載種別）,鳥取県鳥取市古海,4.0,26.1,,5,—,—,,—,賃貸のため対象外,,2026-07-24,,https://suumo.jp/chintai/jnc_000042275311/?bc=100388560041,適合
SUUMO 賃貸 鳥取市,鳥取市,賃貸マンション,賃貸カテゴリ（掲載種別）,鳥取県鳥取市南吉方１,5.4,61.8,,5,—,—,,—,賃貸のため対象外,,2026-07-24,,https://suumo.jp/chintai/jnc_000105796195/?bc=100496197030,不適合
SUUMO 賃貸 鳥取市,鳥取市,賃貸アパート,賃貸カテゴリ（掲載種別）,鳥取県鳥取市南隈,6.1,36.5,,5,—,—,,—,賃貸のため対象外,,2026-07-24,,https://suumo.jp/chintai/jnc_000106024207/?bc=100498808400,不適合
SUUMO 賃貸 鳥取市,鳥取市,賃貸マンション,賃貸カテゴリ（掲載種別）,鳥取県鳥取市天神町,4.1,25.2,,5,—,—,,—,賃貸のため対象外,,2026-07-24,,https://suumo.jp/chintai/jnc_000108631312/?bc=100517644057,適合
SUUMO 賃貸 鳥取市,鳥取市,賃貸マンション,賃貸カテゴリ（掲載種別）,鳥取県鳥取市天神町,4.2,25.2,,5,—,—,,—,賃貸のため対象外,,2026-07-24,,https://suumo.jp/chintai/jnc_000098058336/?bc=100517515155,適合
SUUMO 賃貸 鳥取市,鳥取市,賃貸マンション,賃貸カテゴリ（掲載種別）,鳥取県鳥取市天神町,4.2,25.2,,5,—,—,,—,賃貸のため対象外,,2026-07-24,,https://suumo.jp/chintai/jnc_000108631313/?bc=100517644056,適合
SUUMO 賃貸 鳥取市,鳥取市,賃貸その他,賃貸カテゴリ（掲載種別）,鳥取県鳥取市丸山町,6.2,73.5,,5,—,—,,—,賃貸のため対象外,,2026-07-24,,https://suumo.jp/chintai/jnc_000084707929/?bc=100516408231,不適合
SUUMO 賃貸 鳥取市,鳥取市,賃貸アパート,賃貸カテゴリ（掲載種別）,鳥取県鳥取市三津,3.95,36.3,,5,—,—,,—,賃貸のため対象外,,2026-07-24,,https://suumo.jp/chintai/jnc_000106435581/?bc=100506463557,適合
SUUMO 賃貸 鳥取市,鳥取市,賃貸アパート,賃貸カテゴリ（掲載種別）,鳥取県鳥取市南吉方２,4.5,50.1,,5,—,—,,—,賃貸のため対象外,,2026-07-24,,https://suumo.jp/chintai/jnc_000105304931/?bc=100493677619,適合
SUUMO 賃貸 鳥取市,鳥取市,賃貸マンション,賃貸カテゴリ（掲載種別）,鳥取県鳥取市富安２,4.2,27.6,,5,—,—,,—,賃貸のため対象外,,2026-07-24,,https://suumo.jp/chintai/jnc_000108029809/?bc=100513335099,適合
SUUMO 賃貸 鳥取市,鳥取市,賃貸マンション,賃貸カテゴリ（掲載種別）,鳥取県鳥取市富安２,4.2,27.6,,5,—,—,,—,賃貸のため対象外,,2026-07-24,,https://suumo.jp/chintai/jnc_000104026146/?bc=100491375302,適合
SUUMO 賃貸 鳥取市,鳥取市,賃貸マンション,賃貸カテゴリ（掲載種別）,鳥取県鳥取市富安２,4.2,27.6,,5,—,—,,—,賃貸のため対象外,,2026-07-24,,https://suumo.jp/chintai/jnc_000103504100/?bc=100518412264,適合
SUUMO 賃貸 鳥取市,鳥取市,賃貸マンション,賃貸カテゴリ（掲載種別）,鳥取県鳥取市富安２,4.8,27.6,,5,—,—,,—,賃貸のため対象外,,2026-07-24,,https://suumo.jp/chintai/jnc_000108387417/?bc=100504612854,適合
SUUMO 賃貸 鳥取市,鳥取市,賃貸マンション,賃貸カテゴリ（掲載種別）,鳥取県鳥取市徳尾,5.0,40.0,,5,—,—,,—,賃貸のため対象外,,2026-07-24,,https://suumo.jp/chintai/jnc_000018181967/?bc=100517601412,適合
SUUMO 賃貸 鳥取市,鳥取市,賃貸アパート,賃貸カテゴリ（掲載種別）,鳥取県鳥取市江津,6.1,54.8,,5,—,—,,—,賃貸のため対象外,,2026-07-24,,https://suumo.jp/chintai/jnc_000107707340/?bc=100482143548,不適合
SUUMO 賃貸 鳥取市,鳥取市,賃貸アパート,賃貸カテゴリ（掲載種別）,鳥取県鳥取市南吉方２,4.6,21.9,,5,—,—,,—,賃貸のため対象外,,2026-07-24,,https://suumo.jp/chintai/jnc_000104389675/?bc=100513846594,適合
SUUMO 賃貸 鳥取市,鳥取市,賃貸アパート,賃貸カテゴリ（掲載種別）,鳥取県鳥取市大覚寺,4.5,52.2,,5,—,—,,—,賃貸のため対象外,,2026-07-24,,https://suumo.jp/chintai/jnc_000087080451/?bc=100485387369,適合
SUUMO 賃貸 鳥取市,鳥取市,賃貸アパート,賃貸カテゴリ（掲載種別）,鳥取県鳥取市湖山町東１,4.5,26.7,,5,—,—,,—,賃貸のため対象外,,2026-07-24,,https://suumo.jp/chintai/jnc_000107007623/?bc=100490683398,適合
SUUMO 賃貸 鳥取市,鳥取市,賃貸アパート,賃貸カテゴリ（掲載種別）,鳥取県鳥取市湖山町東１,4.6,26.7,,5,—,—,,—,賃貸のため対象外,,2026-07-24,,https://suumo.jp/chintai/jnc_000104932784/?bc=100489244340,適合
SUUMO 賃貸 鳥取市,鳥取市,賃貸アパート,賃貸カテゴリ（掲載種別）,鳥取県鳥取市津ノ井,3.7,24.7,,5,—,—,,—,賃貸のため対象外,,2026-07-24,,https://suumo.jp/chintai/jnc_000106585250/?bc=100502507116,適合
SUUMO 賃貸 鳥取市,鳥取市,賃貸アパート,賃貸カテゴリ（掲載種別）,鳥取県鳥取市吉成南町２,4.3,28.0,,5,—,—,,—,賃貸のため対象外,,2026-07-24,,https://suumo.jp/chintai/jnc_000107266713/?bc=100507374472,適合
SUUMO 賃貸 鳥取市,鳥取市,賃貸アパート,賃貸カテゴリ（掲載種別）,鳥取県鳥取市的場４,4.6,24.8,,5,—,—,,—,賃貸のため対象外,,2026-07-24,,https://suumo.jp/chintai/jnc_000095738064/?bc=100510131610,適合
SUUMO 賃貸 鳥取市,鳥取市,賃貸マンション,賃貸カテゴリ（掲載種別）,鳥取県鳥取市田島,4.7,31.4,,5,田,—,,—,賃貸のため対象外,,2026-07-24,,https://suumo.jp/chintai/jnc_000108444752/?bc=100516512766,適合
SUUMO 賃貸 鳥取市,鳥取市,賃貸アパート,賃貸カテゴリ（掲載種別）,鳥取県鳥取市古海,3.9,28.4,,5,—,—,,—,賃貸のため対象外,,2026-07-24,,https://suumo.jp/chintai/jnc_000108404903/?bc=100516006640,適合
SUUMO 賃貸 鳥取市,鳥取市,賃貸アパート,賃貸カテゴリ（掲載種別）,鳥取県鳥取市田園町４,3.4,22.7,,5,田,—,,—,賃貸のため対象外,,2026-07-24,,https://suumo.jp/chintai/jnc_000108728818/?bc=100421958400,適合
SUUMO 賃貸 鳥取市,鳥取市,賃貸アパート,賃貸カテゴリ（掲載種別）,鳥取県鳥取市田園町４,3.5,22.7,,5,田,—,,—,賃貸のため対象外,,2026-07-24,,https://suumo.jp/chintai/jnc_000106421228/?bc=100492799019,適合
SUUMO 賃貸 鳥取市,鳥取市,賃貸アパート,賃貸カテゴリ（掲載種別）,鳥取県鳥取市田園町４,4.7,22.7,,5,田,—,,—,賃貸のため対象外,,2026-07-24,,https://suumo.jp/chintai/jnc_000107731077/?bc=100240162974,適合
SUUMO 賃貸 鳥取市,鳥取市,賃貸アパート,賃貸カテゴリ（掲載種別）,鳥取県鳥取市田園町４,4.7,22.7,,5,田,—,,—,賃貸のため対象外,,2026-07-24,,https://suumo.jp/chintai/jnc_000104650647/?bc=100368806588,適合
SUUMO 賃貸 鳥取市,鳥取市,賃貸アパート,賃貸カテゴリ（掲載種別）,鳥取県鳥取市田園町４,4.7,22.7,,5,田,—,,—,賃貸のため対象外,,2026-07-24,,https://suumo.jp/chintai/jnc_000105347596/?bc=100492577631,適合
SUUMO 賃貸 鳥取市,鳥取市,賃貸アパート,賃貸カテゴリ（掲載種別）,鳥取県鳥取市田園町４,4.7,22.7,,5,田,—,,—,賃貸のため対象外,,2026-07-24,,https://suumo.jp/chintai/jnc_000105244989/?bc=100329297779,適合
SUUMO 賃貸 鳥取市,鳥取市,賃貸アパート,賃貸カテゴリ（掲載種別）,鳥取県鳥取市田園町４,4.8,22.7,,5,田,—,,—,賃貸のため対象外,,2026-07-24,,https://suumo.jp/chintai/jnc_000104650648/?bc=100425881569,適合
SUUMO 賃貸 鳥取市,鳥取市,賃貸アパート,賃貸カテゴリ（掲載種別）,鳥取県鳥取市田園町４,4.9,22.7,,5,田,—,,—,賃貸のため対象外,,2026-07-24,,https://suumo.jp/chintai/jnc_000106070021/?bc=100421779122,適合
SUUMO 賃貸 鳥取市,鳥取市,賃貸アパート,賃貸カテゴリ（掲載種別）,鳥取県鳥取市田園町４,4.9,22.7,,5,田,—,,—,賃貸のため対象外,,2026-07-24,,https://suumo.jp/chintai/jnc_000107731078/?bc=100456116688,適合
SUUMO 賃貸 鳥取市,鳥取市,賃貸アパート,賃貸カテゴリ（掲載種別）,鳥取県鳥取市吉成３,3.5,42.0,,5,—,—,,—,賃貸のため対象外,,2026-07-24,,https://suumo.jp/chintai/jnc_000098528404/?bc=100464857014,適合
SUUMO 賃貸 鳥取市,鳥取市,賃貸アパート,賃貸カテゴリ（掲載種別）,鳥取県鳥取市宮長,4.0,26.5,,5,—,—,,—,賃貸のため対象外,,2026-07-24,,https://suumo.jp/chintai/jnc_000108187144/?bc=100515206461,適合
SUUMO 賃貸 鳥取市,鳥取市,賃貸マンション,賃貸カテゴリ（掲載種別）,鳥取県鳥取市岩倉,3.95,53.1,,5,—,—,,—,賃貸のため対象外,,2026-07-24,,https://suumo.jp/chintai/jnc_000108196084/?bc=100461780136,適合
SUUMO 賃貸 鳥取市,鳥取市,賃貸アパート,賃貸カテゴリ（掲載種別）,鳥取県鳥取市職人町,2.7,15.0,,5,—,—,,—,賃貸のため対象外,,2026-07-24,,https://suumo.jp/chintai/jnc_000061244148/?bc=100469083376,適合
SUUMO 賃貸 鳥取市,鳥取市,賃貸アパート,賃貸カテゴリ（掲載種別）,鳥取県鳥取市職人町,4.2,15.0,,5,—,—,,—,賃貸のため対象外,,2026-07-24,,https://suumo.jp/chintai/jnc_000103301300/?bc=100484670459,適合
SUUMO 賃貸 鳥取市,鳥取市,賃貸アパート,賃貸カテゴリ（掲載種別）,鳥取県鳥取市湖山町北４,2.6,22.4,,5,—,—,,—,賃貸のため対象外,,2026-07-24,,https://suumo.jp/chintai/jnc_000105970581/?bc=100459693479,適合
SUUMO 賃貸 鳥取市,鳥取市,賃貸アパート,賃貸カテゴリ（掲載種別）,鳥取県鳥取市湖山町北４,3.0,23.7,,5,—,—,,—,賃貸のため対象外,,2026-07-24,,https://suumo.jp/chintai/jnc_000103953746/?bc=100434804711,適合
SUUMO 賃貸 鳥取市,鳥取市,賃貸アパート,賃貸カテゴリ（掲載種別）,鳥取県鳥取市湖山町北４,3.6,23.7,,5,—,—,,—,賃貸のため対象外,,2026-07-24,,https://suumo.jp/chintai/jnc_000104682683/?bc=100494389485,適合
SUUMO 賃貸 鳥取市,鳥取市,賃貸アパート,賃貸カテゴリ（掲載種別）,鳥取県鳥取市津ノ井,4.0,22.0,,5,—,—,,—,賃貸のため対象外,,2026-07-24,,https://suumo.jp/chintai/jnc_000107864008/?bc=100511917422,適合
SUUMO 賃貸 鳥取市,鳥取市,賃貸戸建,賃貸カテゴリ（掲載種別）,鳥取県鳥取市立川町４,5.8,73.5,,5,—,—,,—,賃貸のため対象外,,2026-07-24,,https://suumo.jp/chintai/jnc_000066974617/?bc=100512073412,不適合
SUUMO 賃貸 鳥取市,鳥取市,賃貸アパート,賃貸カテゴリ（掲載種別）,鳥取県鳥取市古市,5.2,54.0,,5,—,—,,—,賃貸のため対象外,,2026-07-24,,https://suumo.jp/chintai/jnc_000085135965/?bc=100483129508,不適合
SUUMO 賃貸 鳥取市,鳥取市,賃貸アパート,賃貸カテゴリ（掲載種別）,鳥取県鳥取市吉成,4.6,35.8,,5,—,—,,—,賃貸のため対象外,,2026-07-24,,https://suumo.jp/chintai/jnc_000108641713/?bc=100517702550,適合
SUUMO 賃貸 鳥取市,鳥取市,賃貸マンション,賃貸カテゴリ（掲載種別）,鳥取県鳥取市富安,6.5,67.5,,5,—,—,,—,賃貸のため対象外,,2026-07-24,,https://suumo.jp/chintai/jnc_000081870100/?bc=100515262001,不適合
SUUMO 賃貸 鳥取市,鳥取市,賃貸アパート,賃貸カテゴリ（掲載種別）,鳥取県鳥取市湖山町南１,3.8,24.9,,5,—,—,,—,賃貸のため対象外,,2026-07-24,,https://suumo.jp/chintai/jnc_000107731050/?bc=100499447226,適合
SUUMO 賃貸 鳥取市,鳥取市,賃貸アパート,賃貸カテゴリ（掲載種別）,鳥取県鳥取市湖山町南１,3.8,24.9,,5,—,—,,—,賃貸のため対象外,,2026-07-24,,https://suumo.jp/chintai/jnc_000107731051/?bc=100499447224,適合
SUUMO 賃貸 鳥取市,鳥取市,賃貸アパート,賃貸カテゴリ（掲載種別）,鳥取県鳥取市湖山町南１,3.9,24.9,,5,—,—,,—,賃貸のため対象外,,2026-07-24,,https://suumo.jp/chintai/jnc_000107731053/?bc=100499447229,適合
SUUMO 賃貸 鳥取市,鳥取市,賃貸アパート,賃貸カテゴリ（掲載種別）,鳥取県鳥取市浜坂４,4.1,42.2,,5,—,—,,—,賃貸のため対象外,,2026-07-24,,https://suumo.jp/chintai/jnc_000075420424/?bc=100221246873,適合
SUUMO 賃貸 鳥取市,鳥取市,賃貸アパート,賃貸カテゴリ（掲載種別）,鳥取県鳥取市的場２,3.6,28.0,,5,—,—,,—,賃貸のため対象外,,2026-07-24,,https://suumo.jp/chintai/jnc_000060765378/?bc=100510737118,適合
SUUMO 賃貸 鳥取市,鳥取市,賃貸アパート,賃貸カテゴリ（掲載種別）,鳥取県鳥取市的場２,4.0,28.0,,5,—,—,,—,賃貸のため対象外,,2026-07-24,,https://suumo.jp/chintai/jnc_000108728820/?bc=100507437801,適合
SUUMO 賃貸 鳥取市,鳥取市,賃貸アパート,賃貸カテゴリ（掲載種別）,鳥取県鳥取市的場２,4.0,28.0,,5,—,—,,—,賃貸のため対象外,,2026-07-24,,https://suumo.jp/chintai/jnc_000051419810/?bc=100501391819,適合
SUUMO 賃貸 鳥取市,鳥取市,賃貸戸建,賃貸カテゴリ（掲載種別）,鳥取県鳥取市立川町５,5.6,76.0,,5,—,—,,—,賃貸のため対象外,,2026-07-24,,https://suumo.jp/chintai/jnc_000104828190/?bc=100488421404,不適合
SUUMO 賃貸 鳥取市,鳥取市,賃貸アパート,賃貸カテゴリ（掲載種別）,鳥取県鳥取市行徳３,3.4,23.1,,5,—,—,,—,賃貸のため対象外,,2026-07-24,,https://suumo.jp/chintai/jnc_000105742833/?bc=100495691410,適合
SUUMO 賃貸 鳥取市,鳥取市,賃貸マンション,賃貸カテゴリ（掲載種別）,鳥取県鳥取市雲山,5.3,60.0,,5,—,—,,—,賃貸のため対象外,,2026-07-24,,https://suumo.jp/chintai/jnc_000107246216/?bc=100507253225,不適合
SUUMO 賃貸 鳥取市,鳥取市,賃貸マンション,賃貸カテゴリ（掲載種別）,鳥取県鳥取市雲山,5.6,60.0,,5,—,—,,—,賃貸のため対象外,,2026-07-24,,https://suumo.jp/chintai/jnc_000065851766/?bc=100516408275,不適合
SUUMO 賃貸 鳥取市,鳥取市,賃貸アパート,賃貸カテゴリ（掲載種別）,鳥取県鳥取市南安長１,4.6,41.0,,5,—,—,,—,賃貸のため対象外,,2026-07-24,,https://suumo.jp/chintai/jnc_000106648916/?bc=100505184921,適合
SUUMO 賃貸 鳥取市,鳥取市,賃貸アパート,賃貸カテゴリ（掲載種別）,鳥取県鳥取市南安長１,4.6,41.0,,5,—,—,,—,賃貸のため対象外,,2026-07-24,,https://suumo.jp/chintai/jnc_000108306879/?bc=100515308979,適合
SUUMO 賃貸 鳥取市,鳥取市,賃貸マンション,賃貸カテゴリ（掲載種別）,鳥取県鳥取市湖山町北４,2.2,28.1,,5,—,—,,—,賃貸のため対象外,,2026-07-24,,https://suumo.jp/chintai/jnc_000108724204/?bc=100495698024,適合
SUUMO 賃貸 鳥取市,鳥取市,賃貸アパート,賃貸カテゴリ（掲載種別）,鳥取県鳥取市行徳３,4.2,26.9,,5,—,—,,—,賃貸のため対象外,,2026-07-24,,https://suumo.jp/chintai/jnc_000053582739/?bc=100513810999,適合
SUUMO 賃貸 鳥取市,鳥取市,賃貸アパート,賃貸カテゴリ（掲載種別）,鳥取県鳥取市行徳３,4.2,26.9,,5,—,—,,—,賃貸のため対象外,,2026-07-24,,https://suumo.jp/chintai/jnc_000052249602/?bc=100513810925,適合
SUUMO 賃貸 鳥取市,鳥取市,賃貸アパート,賃貸カテゴリ（掲載種別）,鳥取県鳥取市吉方温泉３,4.2,45.8,,5,—,—,,—,賃貸のため対象外,,2026-07-24,注意:温泉,https://suumo.jp/chintai/jnc_000107864012/?bc=100511956640,適合
SUUMO 賃貸 鳥取市,鳥取市,賃貸マンション,賃貸カテゴリ（掲載種別）,鳥取県鳥取市富安２,4.5,29.8,,5,—,—,,—,賃貸のため対象外,,2026-07-24,,https://suumo.jp/chintai/jnc_000108381360/?bc=100515859321,適合
SUUMO 賃貸 鳥取市,鳥取市,賃貸マンション,賃貸カテゴリ（掲載種別）,鳥取県鳥取市富安２,13.0,73.3,,5,—,—,,—,賃貸のため対象外,,2026-07-24,,https://suumo.jp/chintai/jnc_000108637596/?bc=100517692742,不適合
SUUMO 賃貸 鳥取市,鳥取市,賃貸アパート,賃貸カテゴリ（掲載種別）,鳥取県鳥取市南吉方２,4.5,30.0,,5,—,—,,—,賃貸のため対象外,,2026-07-24,,https://suumo.jp/chintai/jnc_000105127608/?bc=100503802221,適合
SUUMO 賃貸 鳥取市,鳥取市,賃貸マンション,賃貸カテゴリ（掲載種別）,鳥取県鳥取市南栄町,3.65,54.0,,5,—,—,,—,賃貸のため対象外,,2026-07-24,,https://suumo.jp/chintai/jnc_000107666684/?bc=100510972567,適合
SUUMO 賃貸 鳥取市,鳥取市,賃貸アパート,賃貸カテゴリ（掲載種別）,鳥取県鳥取市大覚寺,3.7,24.8,,5,—,—,,—,賃貸のため対象外,,2026-07-24,,https://suumo.jp/chintai/jnc_000108187142/?bc=100498630102,適合
SUUMO 賃貸 鳥取市,鳥取市,賃貸アパート,賃貸カテゴリ（掲載種別）,鳥取県鳥取市大覚寺,3.8,24.8,,5,—,—,,—,賃貸のため対象外,,2026-07-24,,https://suumo.jp/chintai/jnc_000106815821/?bc=100477038599,適合
SUUMO 賃貸 鳥取市,鳥取市,賃貸アパート,賃貸カテゴリ（掲載種別）,鳥取県鳥取市吉方温泉４,2.8,16.2,,5,—,—,,—,賃貸のため対象外,,2026-07-24,注意:温泉,https://suumo.jp/chintai/jnc_000071828658/?bc=100494984316,適合
SUUMO 賃貸 鳥取市,鳥取市,賃貸アパート,賃貸カテゴリ（掲載種別）,鳥取県鳥取市吉方温泉４,3.8,16.2,,5,—,—,,—,賃貸のため対象外,,2026-07-24,注意:温泉,https://suumo.jp/chintai/jnc_000096407384/?bc=100435926290,適合
SUUMO 賃貸 鳥取市,鳥取市,賃貸アパート,賃貸カテゴリ（掲載種別）,鳥取県鳥取市面影２,3.5,24.5,,5,—,—,,—,賃貸のため対象外,,2026-07-24,,https://suumo.jp/chintai/jnc_000092927153/?bc=100510333758,適合
SUUMO 賃貸 鳥取市,鳥取市,賃貸マンション,賃貸カテゴリ（掲載種別）,鳥取県鳥取市吉方温泉４,3.3,34.5,,5,—,—,,—,賃貸のため対象外,,2026-07-24,注意:温泉,https://suumo.jp/chintai/jnc_000091905471/?bc=100389774156,適合
SUUMO 賃貸 鳥取市,鳥取市,賃貸アパート,賃貸カテゴリ（掲載種別）,鳥取県鳥取市湖山町北２,3.5,30.4,,5,—,—,,—,賃貸のため対象外,,2026-07-24,,https://suumo.jp/chintai/jnc_000091725663/?bc=100513344056,適合
SUUMO 賃貸 鳥取市,鳥取市,賃貸アパート,賃貸カテゴリ（掲載種別）,鳥取県鳥取市寺町,3.1,17.5,,5,—,—,,—,賃貸のため対象外,,2026-07-24,,https://suumo.jp/chintai/jnc_000090903366/?bc=100369760069,適合
SUUMO 賃貸 鳥取市,鳥取市,賃貸アパート,賃貸カテゴリ（掲載種別）,鳥取県鳥取市雲山,4.3,40.8,,5,—,—,,—,賃貸のため対象外,,2026-07-24,,https://suumo.jp/chintai/jnc_000102577581/?bc=100435500858,適合
SUUMO 賃貸 鳥取市,鳥取市,賃貸アパート,賃貸カテゴリ（掲載種別）,鳥取県鳥取市晩稲,3.8,24.5,,5,—,—,,—,賃貸のため対象外,,2026-07-24,,https://suumo.jp/chintai/jnc_000108009619/?bc=100513589563,適合
SUUMO 賃貸 鳥取市,鳥取市,賃貸マンション,賃貸カテゴリ（掲載種別）,鳥取県鳥取市正蓮寺,3.6,24.6,,5,—,—,,—,賃貸のため対象外,,2026-07-24,,https://suumo.jp/chintai/jnc_000106983477/?bc=100465556334,適合
SUUMO 賃貸 鳥取市,鳥取市,賃貸マンション,賃貸カテゴリ（掲載種別）,鳥取県鳥取市正蓮寺,3.6,24.6,,5,—,—,,—,賃貸のため対象外,,2026-07-24,,https://suumo.jp/chintai/jnc_000106983476/?bc=100465556335,適合
SUUMO 賃貸 鳥取市,鳥取市,賃貸マンション,賃貸カテゴリ（掲載種別）,鳥取県鳥取市富安１,4.5,27.6,,5,—,—,,—,賃貸のため対象外,,2026-07-24,,https://suumo.jp/chintai/jnc_000108306869/?bc=100515316889,適合
SUUMO 賃貸 鳥取市,鳥取市,賃貸マンション,賃貸カテゴリ（掲載種別）,鳥取県鳥取市富安１,4.5,27.6,,5,—,—,,—,賃貸のため対象外,,2026-07-24,,https://suumo.jp/chintai/jnc_000106237288/?bc=100500148956,適合
SUUMO 賃貸 鳥取市,鳥取市,賃貸アパート,賃貸カテゴリ（掲載種別）,鳥取県鳥取市賀露町北３,3.5,26.8,,5,—,—,,—,賃貸のため対象外,,2026-07-24,,https://suumo.jp/chintai/jnc_000103965786/?bc=100507157536,適合
SUUMO 賃貸 鳥取市,鳥取市,賃貸アパート,賃貸カテゴリ（掲載種別）,鳥取県鳥取市寿町,3.7,24.5,,5,—,—,,—,賃貸のため対象外,,2026-07-24,,https://suumo.jp/chintai/jnc_000107750871/?bc=100512684682,適合
SUUMO 賃貸 鳥取市,鳥取市,賃貸アパート,賃貸カテゴリ（掲載種別）,鳥取県鳥取市緑ケ丘１,3.3,30.4,,5,—,—,,—,賃貸のため対象外,,2026-07-24,,https://suumo.jp/chintai/jnc_000107557055/?bc=100510737080,適合
SUUMO 賃貸 鳥取市,鳥取市,賃貸アパート,賃貸カテゴリ（掲載種別）,鳥取県鳥取市南吉方３,3.5,28.4,,5,—,—,,—,賃貸のため対象外,,2026-07-24,,https://suumo.jp/chintai/jnc_000080089523/?bc=100486800923,適合
SUUMO 賃貸 鳥取市,鳥取市,賃貸アパート,賃貸カテゴリ（掲載種別）,鳥取県鳥取市行徳２,6.6,54.0,,5,—,—,,—,賃貸のため対象外,,2026-07-24,,https://suumo.jp/chintai/jnc_000094790116/?bc=100517261833,不適合
SUUMO 賃貸 鳥取市,鳥取市,賃貸マンション,賃貸カテゴリ（掲載種別）,鳥取県鳥取市雲山,3.7,27.9,,5,—,—,,—,賃貸のため対象外,,2026-07-24,,https://suumo.jp/chintai/jnc_000107864004/?bc=100511956645,適合
SUUMO 賃貸 鳥取市,鳥取市,賃貸マンション,賃貸カテゴリ（掲載種別）,鳥取県鳥取市雲山,3.7,27.9,,5,—,—,,—,賃貸のため対象外,,2026-07-24,,https://suumo.jp/chintai/jnc_000107808048/?bc=100465765165,適合
SUUMO 賃貸 鳥取市,鳥取市,賃貸マンション,賃貸カテゴリ（掲載種別）,鳥取県鳥取市雲山,4.0,27.0,,5,—,—,,—,賃貸のため対象外,,2026-07-24,,https://suumo.jp/chintai/jnc_000108387411/?bc=100515892837,適合
SUUMO 賃貸 鳥取市,鳥取市,賃貸アパート,賃貸カテゴリ（掲載種別）,鳥取県鳥取市吉成,4.2,39.2,,5,—,—,,—,賃貸のため対象外,,2026-07-24,,https://suumo.jp/chintai/jnc_000063010850/?bc=100516607993,適合
SUUMO 賃貸 鳥取市,鳥取市,賃貸アパート,賃貸カテゴリ（掲載種別）,鳥取県鳥取市吉成,4.2,39.2,,5,—,—,,—,賃貸のため対象外,,2026-07-24,,https://suumo.jp/chintai/jnc_000101879241/?bc=100464663038,適合
SUUMO 賃貸 鳥取市,鳥取市,賃貸アパート,賃貸カテゴリ（掲載種別）,鳥取県鳥取市雲山,3.7,40.0,,5,—,—,,—,賃貸のため対象外,,2026-07-24,,https://suumo.jp/chintai/jnc_000091713184/?bc=100516896154,適合
SUUMO 賃貸 鳥取市,鳥取市,賃貸マンション,賃貸カテゴリ（掲載種別）,鳥取県鳥取市永楽温泉町,5.7,38.9,,5,—,—,,—,賃貸のため対象外,,2026-07-24,注意:温泉,https://suumo.jp/chintai/jnc_000099230186/?bc=100513624771,不適合
SUUMO 賃貸 鳥取市,鳥取市,賃貸アパート,賃貸カテゴリ（掲載種別）,鳥取県鳥取市大覚寺,3.4,30.0,,5,—,—,,—,賃貸のため対象外,,2026-07-24,,https://suumo.jp/chintai/jnc_000078649781/?bc=100469083572,適合
SUUMO 賃貸 鳥取市,鳥取市,賃貸マンション,賃貸カテゴリ（掲載種別）,鳥取県鳥取市田園町３,5.8,54.0,,5,田,—,,—,賃貸のため対象外,,2026-07-24,,https://suumo.jp/chintai/jnc_000033646938/?bc=100512802905,不適合
SUUMO 賃貸 鳥取市,鳥取市,賃貸マンション,賃貸カテゴリ（掲載種別）,鳥取県鳥取市田園町３,5.8,54.0,,5,田,—,,—,賃貸のため対象外,,2026-07-24,,https://suumo.jp/chintai/jnc_000107971743/?bc=100512802037,不適合
SUUMO 賃貸 鳥取市,鳥取市,賃貸マンション,賃貸カテゴリ（掲載種別）,鳥取県鳥取市天神町,3.5,28.5,,5,—,—,,—,賃貸のため対象外,,2026-07-24,,https://suumo.jp/chintai/jnc_000108387416/?bc=100515893021,適合
SUUMO 賃貸 鳥取市,鳥取市,賃貸戸建,賃貸カテゴリ（掲載種別）,鳥取県鳥取市古市,4.5,40.8,,5,田,—,,—,賃貸のため対象外,,2026-07-24,,https://suumo.jp/chintai/jnc_000107134274/?bc=100506886177,適合
SUUMO 賃貸 鳥取市,鳥取市,賃貸戸建,賃貸カテゴリ（掲載種別）,鳥取県鳥取市青葉町１,5.2,60.6,,5,—,—,,—,賃貸のため対象外,,2026-07-24,,https://suumo.jp/chintai/jnc_000108147150/?bc=100514305387,不適合
SUUMO 賃貸 鳥取市,鳥取市,賃貸マンション,賃貸カテゴリ（掲載種別）,鳥取県鳥取市西品治,3.2,22.6,,5,—,—,,—,賃貸のため対象外,,2026-07-24,,https://suumo.jp/chintai/jnc_000108587817/?bc=100503667217,適合
SUUMO 賃貸 鳥取市,鳥取市,賃貸マンション,賃貸カテゴリ（掲載種別）,鳥取県鳥取市西品治,3.5,23.4,,5,—,—,,—,賃貸のため対象外,,2026-07-24,,https://suumo.jp/chintai/jnc_000108587818/?bc=100517331505,適合
SUUMO 賃貸 鳥取市,鳥取市,賃貸アパート,賃貸カテゴリ（掲載種別）,鳥取県鳥取市相生町２,3.0,18.5,,5,—,—,,—,賃貸のため対象外,,2026-07-24,,https://suumo.jp/chintai/jnc_000085765673/?bc=100495145330,適合
SUUMO 賃貸 鳥取市,鳥取市,賃貸アパート,賃貸カテゴリ（掲載種別）,鳥取県鳥取市相生町２,3.0,17.0,,5,—,—,,—,賃貸のため対象外,,2026-07-24,,https://suumo.jp/chintai/jnc_000093872042/?bc=100469083541,適合
SUUMO 賃貸 鳥取市,鳥取市,賃貸アパート,賃貸カテゴリ（掲載種別）,鳥取県鳥取市江崎町,2.7,17.5,,5,—,—,,—,賃貸のため対象外,,2026-07-24,,https://suumo.jp/chintai/jnc_000108276098/?bc=100515248845,適合
SUUMO 賃貸 鳥取市,鳥取市,賃貸マンション,賃貸カテゴリ（掲載種別）,鳥取県鳥取市湖山町西１,1.85,20.0,,5,—,—,,—,賃貸のため対象外,,2026-07-24,,https://suumo.jp/chintai/jnc_000108025907/?bc=100481374171,適合
SUUMO 賃貸 鳥取市,鳥取市,賃貸マンション,賃貸カテゴリ（掲載種別）,鳥取県鳥取市湖山町西１,2.0,20.0,,5,—,—,,—,賃貸のため対象外,,2026-07-24,,https://suumo.jp/chintai/jnc_000108025905/?bc=100481372881,適合
SUUMO 賃貸 鳥取市,鳥取市,賃貸マンション,賃貸カテゴリ（掲載種別）,鳥取県鳥取市湖山町西１,3.0,25.6,,5,—,—,,—,賃貸のため対象外,,2026-07-24,,https://suumo.jp/chintai/jnc_000108724205/?bc=100518406634,適合
SUUMO 賃貸 鳥取市,鳥取市,賃貸戸建,賃貸カテゴリ（掲載種別）,鳥取県鳥取市江津,4.5,52.9,,5,—,—,,—,賃貸のため対象外,,2026-07-24,,https://suumo.jp/chintai/jnc_000108147151/?bc=100514305324,適合
SUUMO 賃貸 鳥取市,鳥取市,賃貸マンション,賃貸カテゴリ（掲載種別）,鳥取県鳥取市若桜町,3.83,33.0,,5,—,—,,—,賃貸のため対象外,,2026-07-24,,https://suumo.jp/chintai/jnc_000100456873/?bc=100512914489,適合
SUUMO 賃貸 鳥取市,鳥取市,賃貸アパート,賃貸カテゴリ（掲載種別）,鳥取県鳥取市南安長２,3.5,23.4,,5,—,—,,—,賃貸のため対象外,,2026-07-24,,https://suumo.jp/chintai/jnc_000029201676/?bc=100509522346,適合
SUUMO 賃貸 鳥取市,鳥取市,賃貸アパート,賃貸カテゴリ（掲載種別）,鳥取県鳥取市南安長２,3.7,23.4,,5,—,—,,—,賃貸のため対象外,,2026-07-24,,https://suumo.jp/chintai/jnc_000041914384/?bc=100502688133,適合
SUUMO 賃貸 鳥取市,鳥取市,賃貸アパート,賃貸カテゴリ（掲載種別）,鳥取県鳥取市南安長２,3.8,23.4,,5,—,—,,—,賃貸のため対象外,,2026-07-24,,https://suumo.jp/chintai/jnc_000079053732/?bc=100512800476,適合
SUUMO 賃貸 鳥取市,鳥取市,賃貸アパート,賃貸カテゴリ（掲載種別）,鳥取県鳥取市南安長２,4.0,23.4,,5,—,—,,—,賃貸のため対象外,,2026-07-24,,https://suumo.jp/chintai/jnc_000091056590/?bc=100464618727,適合
SUUMO 賃貸 鳥取市,鳥取市,賃貸アパート,賃貸カテゴリ（掲載種別）,鳥取県鳥取市湖山町北２,2.4,19.5,,5,—,—,,—,賃貸のため対象外,,2026-07-24,,https://suumo.jp/chintai/jnc_000103942744/?bc=100510337537,適合
SUUMO 賃貸 鳥取市,鳥取市,賃貸アパート,賃貸カテゴリ（掲載種別）,鳥取県鳥取市湖山町北２,2.6,19.5,,5,—,—,,—,賃貸のため対象外,,2026-07-24,,https://suumo.jp/chintai/jnc_000095500942/?bc=100513846587,適合
SUUMO 賃貸 鳥取市,鳥取市,賃貸マンション,賃貸カテゴリ（掲載種別）,鳥取県鳥取市寺町,3.0,25.2,,5,—,—,,—,賃貸のため対象外,,2026-07-24,,https://suumo.jp/chintai/jnc_000107864009/?bc=100511918757,適合
SUUMO 賃貸 鳥取市,鳥取市,賃貸アパート,賃貸カテゴリ（掲載種別）,鳥取県鳥取市湖山町南１,2.8,21.5,,5,—,—,,—,賃貸のため対象外,,2026-07-24,,https://suumo.jp/chintai/jnc_000107411991/?bc=100508484121,適合
SUUMO 賃貸 鳥取市,鳥取市,賃貸アパート,賃貸カテゴリ（掲載種別）,鳥取県鳥取市湖山町南１,2.8,18.4,,5,—,—,,—,賃貸のため対象外,,2026-07-24,,https://suumo.jp/chintai/jnc_000106237287/?bc=100499933703,適合
SUUMO 賃貸 鳥取市,鳥取市,賃貸戸建,賃貸カテゴリ（掲載種別）,鳥取県鳥取市二階町４,5.0,45.0,,5,—,—,,—,賃貸のため対象外,,2026-07-24,,https://suumo.jp/chintai/jnc_000083426046/?bc=100400218524,適合
SUUMO 賃貸 鳥取市,鳥取市,賃貸マンション,賃貸カテゴリ（掲載種別）,鳥取県鳥取市湖山町北４,2.3,20.6,,5,—,—,,—,賃貸のため対象外,,2026-07-24,,https://suumo.jp/chintai/jnc_000103190568/?bc=100510402267,適合
SUUMO 賃貸 鳥取市,鳥取市,賃貸マンション,賃貸カテゴリ（掲載種別）,鳥取県鳥取市湖山町北４,2.3,20.6,,5,—,—,,—,賃貸のため対象外,,2026-07-24,,https://suumo.jp/chintai/jnc_000092182943/?bc=100511418456,適合
SUUMO 賃貸 鳥取市,鳥取市,賃貸マンション,賃貸カテゴリ（掲載種別）,鳥取県鳥取市湖山町北４,2.5,20.6,,5,—,—,,—,賃貸のため対象外,,2026-07-24,,https://suumo.jp/chintai/jnc_000081136108/?bc=100512800427,適合
SUUMO 賃貸 鳥取市,鳥取市,賃貸マンション,賃貸カテゴリ（掲載種別）,鳥取県鳥取市湖山町北４,2.7,20.6,,5,—,—,,—,賃貸のため対象外,,2026-07-24,,https://suumo.jp/chintai/jnc_000067039491/?bc=100512801939,適合
SUUMO 賃貸 鳥取市,鳥取市,賃貸マンション,賃貸カテゴリ（掲載種別）,鳥取県鳥取市湖山町北４,2.3,20.6,,5,—,—,,—,賃貸のため対象外,,2026-07-24,,https://suumo.jp/chintai/jnc_000107864005/?bc=100511422041,適合
SUUMO 賃貸 鳥取市,鳥取市,賃貸マンション,賃貸カテゴリ（掲載種別）,鳥取県鳥取市湖山町北４,2.3,20.6,,5,—,—,,—,賃貸のため対象外,,2026-07-24,,https://suumo.jp/chintai/jnc_000107653616/?bc=100510397089,適合
SUUMO 賃貸 鳥取市,鳥取市,賃貸マンション,賃貸カテゴリ（掲載種別）,鳥取県鳥取市湖山町北４,2.5,20.6,,5,—,—,,—,賃貸のため対象外,,2026-07-24,,https://suumo.jp/chintai/jnc_000108098783/?bc=100512800529,適合
SUUMO 賃貸 鳥取市,鳥取市,賃貸マンション,賃貸カテゴリ（掲載種別）,鳥取県鳥取市湖山町北４,2.7,20.6,,5,—,—,,—,賃貸のため対象外,,2026-07-24,,https://suumo.jp/chintai/jnc_000108098784/?bc=100512800549,適合
SUUMO 賃貸 鳥取市,鳥取市,賃貸アパート,賃貸カテゴリ（掲載種別）,鳥取県鳥取市国府町新通り２,2.6,30.0,,5,—,—,,—,賃貸のため対象外,,2026-07-24,,https://suumo.jp/chintai/jnc_000067850902/?bc=100469083315,適合
SUUMO 賃貸 鳥取市,鳥取市,賃貸マンション,賃貸カテゴリ（掲載種別）,鳥取県鳥取市湖山町北４,3.2,23.0,,5,—,—,,—,賃貸のため対象外,,2026-07-24,,https://suumo.jp/chintai/jnc_000101470436/?bc=100513846556,適合
SUUMO 賃貸 鳥取市,鳥取市,賃貸マンション,賃貸カテゴリ（掲載種別）,鳥取県鳥取市湖山町北２,1.95,20.0,,5,—,—,,—,賃貸のため対象外,,2026-07-24,,https://suumo.jp/chintai/jnc_000108724202/?bc=100481188817,適合
SUUMO 賃貸 鳥取市,鳥取市,賃貸アパート,賃貸カテゴリ（掲載種別）,鳥取県鳥取市湖山町東１,2.1,17.5,,5,—,—,,—,賃貸のため対象外,,2026-07-24,,https://suumo.jp/chintai/jnc_000105674930/?bc=100495145323,適合
SUUMO 賃貸 鳥取市,鳥取市,賃貸アパート,賃貸カテゴリ（掲載種別）,鳥取県鳥取市湖山町東１,2.1,17.5,,5,—,—,,—,賃貸のため対象外,,2026-07-24,,https://suumo.jp/chintai/jnc_000105770433/?bc=100472717671,適合
SUUMO 賃貸 鳥取市,鳥取市,賃貸アパート,賃貸カテゴリ（掲載種別）,鳥取県鳥取市湖山町東１,2.2,17.5,,5,—,—,,—,賃貸のため対象外,,2026-07-24,,https://suumo.jp/chintai/jnc_000104083875/?bc=100469083355,適合
SUUMO 賃貸 鳥取市,鳥取市,賃貸アパート,賃貸カテゴリ（掲載種別）,鳥取県鳥取市湖山町東１,2.2,17.5,,5,—,—,,—,賃貸のため対象外,,2026-07-24,,https://suumo.jp/chintai/jnc_000105770434/?bc=100495145315,適合
SUUMO 賃貸 鳥取市,鳥取市,賃貸戸建,賃貸カテゴリ（掲載種別）,鳥取県鳥取市湖山町東１,8.0,169.2,,5,—,—,,—,賃貸のため対象外,,2026-07-24,,https://suumo.jp/chintai/jnc_000106886536/?bc=100504669686,不適合
SUUMO 賃貸 鳥取市,鳥取市,賃貸アパート,賃貸カテゴリ（掲載種別）,鳥取県鳥取市河原町長瀬,5.4,56.4,,5,—,—,,—,賃貸のため対象外,,2026-07-24,,https://suumo.jp/chintai/jnc_000106386837/?bc=100501195747,不適合
SUUMO 賃貸 鳥取市,鳥取市,賃貸アパート,賃貸カテゴリ（掲載種別）,鳥取県鳥取市気高町新町２,5.2,43.5,,5,—,—,,—,賃貸のため対象外,,2026-07-24,,https://suumo.jp/chintai/jnc_000098007213/?bc=100464618732,不適合
SUUMO 賃貸 鳥取市,鳥取市,賃貸アパート,賃貸カテゴリ（掲載種別）,鳥取県鳥取市気高町新町２,5.2,43.5,,5,—,—,,—,賃貸のため対象外,,2026-07-24,,https://suumo.jp/chintai/jnc_000107660533/?bc=100510448846,不適合
SUUMO 賃貸 鳥取市,鳥取市,賃貸アパート,賃貸カテゴリ（掲載種別）,鳥取県鳥取市気高町勝見,5.3,40.8,,5,—,—,,—,賃貸のため対象外,,2026-07-24,,https://suumo.jp/chintai/jnc_000108602242/?bc=100509212853,不適合
SUUMO 賃貸 鳥取市,鳥取市,賃貸アパート,賃貸カテゴリ（掲載種別）,鳥取県鳥取市湖山町西３,5.5,57.2,,5,—,—,,—,賃貸のため対象外,,2026-07-24,,https://suumo.jp/chintai/jnc_000108173901/?bc=100515389592,不適合
SUUMO 賃貸 鳥取市,鳥取市,賃貸アパート,賃貸カテゴリ（掲載種別）,鳥取県鳥取市浜坂２,5.7,58.1,,5,—,—,,—,賃貸のため対象外,,2026-07-24,,https://suumo.jp/chintai/jnc_000108075772/?bc=100481795572,不適合
SUUMO 賃貸 鳥取市,鳥取市,賃貸アパート,賃貸カテゴリ（掲載種別）,鳥取県鳥取市浜坂,4.8,50.0,,5,—,—,,—,賃貸のため対象外,,2026-07-24,,https://suumo.jp/chintai/jnc_000108051397/?bc=100515373236,適合
SUUMO 賃貸 鳥取市,鳥取市,賃貸アパート,賃貸カテゴリ（掲載種別）,鳥取県鳥取市浜坂,4.8,50.1,,5,—,—,,—,賃貸のため対象外,,2026-07-24,,https://suumo.jp/chintai/jnc_000108646208/?bc=100517770716,適合
SUUMO 賃貸 鳥取市,鳥取市,賃貸アパート,賃貸カテゴリ（掲載種別）,鳥取県鳥取市国府町奥谷２,4.5,42.8,,5,—,—,,—,賃貸のため対象外,,2026-07-24,,https://suumo.jp/chintai/jnc_000106196504/?bc=100496753632,適合
SUUMO 賃貸 鳥取市,鳥取市,賃貸アパート,賃貸カテゴリ（掲載種別）,鳥取県鳥取市国府町奥谷２,4.5,42.8,,5,—,—,,—,賃貸のため対象外,,2026-07-24,,https://suumo.jp/chintai/jnc_000039559379/?bc=100496754435,適合
SUUMO 賃貸 鳥取市,鳥取市,賃貸アパート,賃貸カテゴリ（掲載種別）,鳥取県鳥取市国府町奥谷２,5.1,57.0,,5,—,—,,—,賃貸のため対象外,,2026-07-24,,https://suumo.jp/chintai/jnc_000041693130/?bc=100503871315,不適合
SUUMO 賃貸 鳥取市,鳥取市,賃貸アパート,賃貸カテゴリ（掲載種別）,鳥取県鳥取市浜坂,5.6,45.0,,5,—,—,,—,賃貸のため対象外,,2026-07-24,,https://suumo.jp/chintai/jnc_000075327836/?bc=100514817137,不適合
SUUMO 賃貸 鳥取市,鳥取市,賃貸アパート,賃貸カテゴリ（掲載種別）,鳥取県鳥取市浜坂,5.7,45.0,,5,—,—,,—,賃貸のため対象外,,2026-07-24,,https://suumo.jp/chintai/jnc_000075327835/?bc=100504750686,不適合
SUUMO 賃貸 鳥取市,鳥取市,賃貸アパート,賃貸カテゴリ（掲載種別）,鳥取県鳥取市浜坂,5.9,45.0,,5,—,—,,—,賃貸のため対象外,,2026-07-24,,https://suumo.jp/chintai/jnc_000070023221/?bc=100504685713,不適合
SUUMO 賃貸 鳥取市,鳥取市,賃貸アパート,賃貸カテゴリ（掲載種別）,鳥取県鳥取市気高町新町１,5.5,46.8,,5,—,—,,—,賃貸のため対象外,,2026-07-24,,https://suumo.jp/chintai/jnc_000107488013/?bc=100509076946,不適合
SUUMO 賃貸 鳥取市,鳥取市,賃貸アパート,賃貸カテゴリ（掲載種別）,鳥取県鳥取市安長,5.95,45.0,,5,—,—,,—,賃貸のため対象外,,2026-07-24,,https://suumo.jp/chintai/jnc_000107526730/?bc=100509456372,不適合
SUUMO 賃貸 鳥取市,鳥取市,賃貸アパート,賃貸カテゴリ（掲載種別）,鳥取県鳥取市湖山町西１,5.5,57.1,,5,—,—,,—,賃貸のため対象外,,2026-07-24,,https://suumo.jp/chintai/jnc_000108122679/?bc=100491527350,不適合
SUUMO 賃貸 鳥取市,鳥取市,賃貸アパート,賃貸カテゴリ（掲載種別）,鳥取県鳥取市浜坂７,5.95,44.6,,5,—,—,,—,賃貸のため対象外,,2026-07-24,,https://suumo.jp/chintai/jnc_000108211167/?bc=100514817159,不適合
SUUMO 賃貸 鳥取市,鳥取市,賃貸アパート,賃貸カテゴリ（掲載種別）,鳥取県鳥取市秋里,5.2,46.3,,5,—,—,,—,賃貸のため対象外,,2026-07-24,,https://suumo.jp/chintai/jnc_000107614589/?bc=100515389511,不適合
SUUMO 賃貸 鳥取市,鳥取市,賃貸アパート,賃貸カテゴリ（掲載種別）,鳥取県鳥取市湖山町東５,5.9,38.2,,5,—,—,,—,賃貸のため対象外,,2026-07-24,,https://suumo.jp/chintai/jnc_000037066000/?bc=100517261440,不適合
SUUMO 賃貸 鳥取市,鳥取市,賃貸その他,賃貸カテゴリ（掲載種別）,鳥取県鳥取市湖山町北２,5.5,58.8,,5,—,—,,—,賃貸のため対象外,,2026-07-24,,https://suumo.jp/chintai/jnc_000108331411/?bc=100515497266,不適合
SUUMO 賃貸 鳥取市,鳥取市,賃貸アパート,賃貸カテゴリ（掲載種別）,鳥取県鳥取市気高町北浜２,6.3,50.1,,5,—,—,,—,賃貸のため対象外,,2026-07-24,,https://suumo.jp/chintai/jnc_000107816413/?bc=100511534487,不適合
SUUMO 賃貸 鳥取市,鳥取市,賃貸アパート,賃貸カテゴリ（掲載種別）,鳥取県鳥取市気高町北浜２,6.3,50.1,,5,—,—,,—,賃貸のため対象外,,2026-07-24,,https://suumo.jp/chintai/jnc_000107816414/?bc=100511534482,不適合
SUUMO 賃貸 鳥取市,鳥取市,賃貸アパート,賃貸カテゴリ（掲載種別）,鳥取県鳥取市気高町北浜２,6.5,50.1,,5,—,—,,—,賃貸のため対象外,,2026-07-24,,https://suumo.jp/chintai/jnc_000107816415/?bc=100511534488,不適合
SUUMO 賃貸 鳥取市,鳥取市,賃貸アパート,賃貸カテゴリ（掲載種別）,鳥取県鳥取市気高町北浜２,6.9,62.0,,5,—,—,,—,賃貸のため対象外,,2026-07-24,,https://suumo.jp/chintai/jnc_000107816417/?bc=100511534481,不適合
SUUMO 賃貸 鳥取市,鳥取市,賃貸アパート,賃貸カテゴリ（掲載種別）,鳥取県鳥取市気高町北浜２,6.9,62.0,,5,—,—,,—,賃貸のため対象外,,2026-07-24,,https://suumo.jp/chintai/jnc_000107816418/?bc=100511534492,不適合
SUUMO 賃貸 鳥取市,鳥取市,賃貸アパート,賃貸カテゴリ（掲載種別）,鳥取県鳥取市国府町宮下,5.75,51.7,,5,—,—,,—,賃貸のため対象外,,2026-07-24,,https://suumo.jp/chintai/jnc_000105371904/?bc=100484893118,不適合
SUUMO 賃貸 鳥取市,鳥取市,賃貸アパート,賃貸カテゴリ（掲載種別）,鳥取県鳥取市大杙,6.25,42.8,,5,—,—,,—,賃貸のため対象外,,2026-07-24,,https://suumo.jp/chintai/jnc_000108169102/?bc=100514525848,不適合
SUUMO 賃貸 鳥取市,鳥取市,賃貸アパート,賃貸カテゴリ（掲載種別）,鳥取県鳥取市国府町宮下,4.7,48.4,,5,—,—,,—,賃貸のため対象外,,2026-07-24,,https://suumo.jp/chintai/jnc_000107909443/?bc=100512684745,適合
SUUMO 賃貸 鳥取市,鳥取市,賃貸アパート,賃貸カテゴリ（掲載種別）,鳥取県鳥取市湖山町東２,5.9,52.9,,5,—,—,,—,賃貸のため対象外,,2026-07-24,,https://suumo.jp/chintai/jnc_000108118668/?bc=100516550887,不適合
SUUMO 賃貸 鳥取市,鳥取市,賃貸アパート,賃貸カテゴリ（掲載種別）,鳥取県鳥取市気高町北浜２,6.3,50.1,,5,—,—,,—,賃貸のため対象外,,2026-07-24,,https://suumo.jp/chintai/jnc_000106245959/?bc=100499953541,不適合
SUUMO 賃貸 鳥取市,鳥取市,賃貸アパート,賃貸カテゴリ（掲載種別）,鳥取県鳥取市気高町北浜２,6.3,50.1,,5,—,—,,—,賃貸のため対象外,,2026-07-24,,https://suumo.jp/chintai/jnc_000106245960/?bc=100499953543,不適合
SUUMO 賃貸 鳥取市,鳥取市,賃貸アパート,賃貸カテゴリ（掲載種別）,鳥取県鳥取市気高町北浜２,6.5,50.1,,5,—,—,,—,賃貸のため対象外,,2026-07-24,,https://suumo.jp/chintai/jnc_000108016129/?bc=100513166323,不適合
SUUMO 賃貸 鳥取市,鳥取市,賃貸アパート,賃貸カテゴリ（掲載種別）,鳥取県鳥取市気高町北浜２,6.5,50.1,,5,—,—,,—,賃貸のため対象外,,2026-07-24,,https://suumo.jp/chintai/jnc_000106245958/?bc=100499953550,不適合
SUUMO 賃貸 鳥取市,鳥取市,賃貸アパート,賃貸カテゴリ（掲載種別）,鳥取県鳥取市気高町北浜２,6.5,50.1,,5,—,—,,—,賃貸のため対象外,,2026-07-24,,https://suumo.jp/chintai/jnc_000106245961/?bc=100499953542,不適合
SUUMO 賃貸 鳥取市,鳥取市,賃貸アパート,賃貸カテゴリ（掲載種別）,鳥取県鳥取市気高町北浜２,6.9,62.0,,5,—,—,,—,賃貸のため対象外,,2026-07-24,,https://suumo.jp/chintai/jnc_000106245964/?bc=100499953548,不適合
SUUMO 賃貸 鳥取市,鳥取市,賃貸アパート,賃貸カテゴリ（掲載種別）,鳥取県鳥取市気高町北浜２,6.9,62.0,,5,—,—,,—,賃貸のため対象外,,2026-07-24,,https://suumo.jp/chintai/jnc_000106245963/?bc=100508019542,不適合
SUUMO 賃貸 鳥取市,鳥取市,賃貸アパート,賃貸カテゴリ（掲載種別）,鳥取県鳥取市気高町北浜２,7.1,62.0,,5,—,—,,—,賃貸のため対象外,,2026-07-24,,https://suumo.jp/chintai/jnc_000106245965/?bc=100499953546,不適合
SUUMO 賃貸 鳥取市,鳥取市,賃貸アパート,賃貸カテゴリ（掲載種別）,鳥取県鳥取市吉成南町１,4.8,43.0,,5,—,—,,—,賃貸のため対象外,,2026-07-24,,https://suumo.jp/chintai/jnc_000084739660/?bc=100503630033,適合
SUUMO 賃貸 鳥取市,鳥取市,賃貸アパート,賃貸カテゴリ（掲載種別）,鳥取県鳥取市吉成南町１,5.4,54.0,,5,—,—,,—,賃貸のため対象外,,2026-07-24,,https://suumo.jp/chintai/jnc_000081904171/?bc=100325396146,不適合
SUUMO 賃貸 鳥取市,鳥取市,賃貸アパート,賃貸カテゴリ（掲載種別）,鳥取県鳥取市吉成南町１,5.4,54.0,,5,—,—,,—,賃貸のため対象外,,2026-07-24,,https://suumo.jp/chintai/jnc_000106701363/?bc=100509451650,不適合
SUUMO 賃貸 鳥取市,鳥取市,賃貸マンション,賃貸カテゴリ（掲載種別）,鳥取県鳥取市湖山町北２,6.2,45.0,,5,—,—,,—,賃貸のため対象外,,2026-07-24,,https://suumo.jp/chintai/jnc_000107205545/?bc=100485201859,不適合
SUUMO 賃貸 鳥取市,鳥取市,賃貸アパート,賃貸カテゴリ（掲載種別）,鳥取県鳥取市桜谷,5.2,53.5,,5,—,—,,—,賃貸のため対象外,,2026-07-24,,https://suumo.jp/chintai/jnc_000108276104/?bc=100482810841,不適合
SUUMO 賃貸 鳥取市,鳥取市,賃貸アパート,賃貸カテゴリ（掲載種別）,鳥取県鳥取市大覚寺,5.8,57.0,,5,—,—,,—,賃貸のため対象外,,2026-07-24,,https://suumo.jp/chintai/jnc_000108602217/?bc=100517396806,不適合
SUUMO 賃貸 鳥取市,鳥取市,賃貸アパート,賃貸カテゴリ（掲載種別）,鳥取県鳥取市大杙,6.0,43.5,,5,—,—,,—,賃貸のため対象外,,2026-07-24,,https://suumo.jp/chintai/jnc_000062408540/?bc=100492283738,不適合
SUUMO 賃貸 鳥取市,鳥取市,賃貸アパート,賃貸カテゴリ（掲載種別）,鳥取県鳥取市円護寺,5.2,55.7,,5,—,—,,—,賃貸のため対象外,,2026-07-24,,https://suumo.jp/chintai/jnc_000106124348/?bc=100498985659,不適合
SUUMO 賃貸 鳥取市,鳥取市,賃貸アパート,賃貸カテゴリ（掲載種別）,鳥取県鳥取市円護寺,5.2,55.7,,5,—,—,,—,賃貸のため対象外,,2026-07-24,,https://suumo.jp/chintai/jnc_000105058500/?bc=100480891008,不適合
SUUMO 賃貸 鳥取市,鳥取市,賃貸マンション,賃貸カテゴリ（掲載種別）,鳥取県鳥取市的場４,5.6,68.2,,5,—,—,,—,賃貸のため対象外,,2026-07-24,,https://suumo.jp/chintai/jnc_000105810410/?bc=100496260855,不適合
SUUMO 賃貸 鳥取市,鳥取市,賃貸マンション,賃貸カテゴリ（掲載種別）,鳥取県鳥取市的場４,5.6,68.0,,5,—,—,,—,賃貸のため対象外,,2026-07-24,,https://suumo.jp/chintai/jnc_000107035915/?bc=100505843440,不適合
SUUMO 賃貸 鳥取市,鳥取市,賃貸マンション,賃貸カテゴリ（掲載種別）,鳥取県鳥取市的場４,5.9,68.2,,5,—,—,,—,賃貸のため対象外,,2026-07-24,,https://suumo.jp/chintai/jnc_000105512903/?bc=100493874065,不適合
SUUMO 賃貸 鳥取市,鳥取市,賃貸マンション,賃貸カテゴリ（掲載種別）,鳥取県鳥取市的場４,6.1,68.2,,5,—,—,,—,賃貸のため対象外,,2026-07-24,,https://suumo.jp/chintai/jnc_000060219810/?bc=100517047612,不適合
SUUMO 賃貸 鳥取市,鳥取市,賃貸マンション,賃貸カテゴリ（掲載種別）,鳥取県鳥取市的場４,6.2,68.2,,5,—,—,,—,賃貸のため対象外,,2026-07-24,,https://suumo.jp/chintai/jnc_000105810409/?bc=100496260846,不適合
SUUMO 賃貸 鳥取市,鳥取市,賃貸アパート,賃貸カテゴリ（掲載種別）,鳥取県鳥取市河原町長瀬,5.95,46.3,,5,—,—,,—,賃貸のため対象外,,2026-07-24,,https://suumo.jp/chintai/jnc_000098319865/?bc=100510380346,不適合
SUUMO 賃貸 鳥取市,鳥取市,賃貸アパート,賃貸カテゴリ（掲載種別）,鳥取県鳥取市河原町長瀬,6.15,59.5,,5,—,—,,—,賃貸のため対象外,,2026-07-24,,https://suumo.jp/chintai/jnc_000107557057/?bc=100515373228,不適合
SUUMO 賃貸 鳥取市,鳥取市,賃貸アパート,賃貸カテゴリ（掲載種別）,鳥取県鳥取市円護寺,5.2,53.8,,5,—,—,,—,賃貸のため対象外,,2026-07-24,,https://suumo.jp/chintai/jnc_000101708928/?bc=100464618791,不適合
SUUMO 賃貸 鳥取市,鳥取市,賃貸アパート,賃貸カテゴリ（掲載種別）,鳥取県鳥取市湖山町南３,5.6,43.0,,5,—,—,,—,賃貸のため対象外,,2026-07-24,,https://suumo.jp/chintai/jnc_000054324812/?bc=100506893991,不適合
SUUMO 賃貸 鳥取市,鳥取市,賃貸アパート,賃貸カテゴリ（掲載種別）,鳥取県鳥取市気高町北浜３,4.7,46.4,,5,—,—,,—,賃貸のため対象外,,2026-07-24,,https://suumo.jp/chintai/jnc_000108276111/?bc=100515230754,適合
SUUMO 賃貸 鳥取市,鳥取市,賃貸アパート,賃貸カテゴリ（掲載種別）,鳥取県鳥取市商栄町,6.1,68.7,,5,—,—,,—,賃貸のため対象外,,2026-07-24,,https://suumo.jp/chintai/jnc_000107256077/?bc=100508724772,不適合
SUUMO 賃貸 鳥取市,鳥取市,賃貸アパート,賃貸カテゴリ（掲載種別）,鳥取県鳥取市秋里,6.0,67.6,,5,—,—,,—,賃貸のため対象外,,2026-07-24,,https://suumo.jp/chintai/jnc_000106225655/?bc=100501306181,不適合
SUUMO 賃貸 鳥取市,鳥取市,賃貸アパート,賃貸カテゴリ（掲載種別）,鳥取県鳥取市気高町北浜２,6.45,50.2,,5,—,—,,—,賃貸のため対象外,,2026-07-24,,https://suumo.jp/chintai/jnc_000106820828/?bc=100501119175,不適合
SUUMO 賃貸 鳥取市,鳥取市,賃貸アパート,賃貸カテゴリ（掲載種別）,鳥取県鳥取市気高町北浜２,6.45,50.2,,5,—,—,,—,賃貸のため対象外,,2026-07-24,,https://suumo.jp/chintai/jnc_000106820829/?bc=100500510694,不適合
SUUMO 賃貸 鳥取市,鳥取市,賃貸アパート,賃貸カテゴリ（掲載種別）,鳥取県鳥取市気高町北浜２,7.05,60.5,,5,—,—,,—,賃貸のため対象外,,2026-07-24,,https://suumo.jp/chintai/jnc_000106820830/?bc=100500510715,不適合
SUUMO 賃貸 鳥取市,鳥取市,賃貸アパート,賃貸カテゴリ（掲載種別）,鳥取県鳥取市浜坂７,5.95,44.6,,5,—,—,,—,賃貸のため対象外,,2026-07-24,,https://suumo.jp/chintai/jnc_000108169108/?bc=100515033862,不適合
SUUMO 賃貸 鳥取市,鳥取市,賃貸アパート,賃貸カテゴリ（掲載種別）,鳥取県鳥取市浜坂３,5.0,59.8,,5,—,—,,—,賃貸のため対象外,,2026-07-24,,https://suumo.jp/chintai/jnc_000104122720/?bc=100464618651,適合
SUUMO 賃貸 鳥取市,鳥取市,賃貸アパート,賃貸カテゴリ（掲載種別）,鳥取県鳥取市秋里,6.1,57.0,,5,—,—,,—,賃貸のため対象外,,2026-07-24,,https://suumo.jp/chintai/jnc_000107420342/?bc=100509451982,不適合
SUUMO 賃貸 鳥取市,鳥取市,賃貸アパート,賃貸カテゴリ（掲載種別）,鳥取県鳥取市秋里,6.1,57.0,,5,—,—,,—,賃貸のため対象外,,2026-07-24,,https://suumo.jp/chintai/jnc_000108075771/?bc=100513647553,不適合
SUUMO 賃貸 鳥取市,鳥取市,賃貸アパート,賃貸カテゴリ（掲載種別）,鳥取県鳥取市賀露町西３,4.9,45.8,,5,—,—,,—,賃貸のため対象外,,2026-07-24,,https://suumo.jp/chintai/jnc_000108750856/?bc=100514674024,適合
SUUMO 賃貸 鳥取市,鳥取市,賃貸アパート,賃貸カテゴリ（掲載種別）,鳥取県鳥取市賀露町西３,5.4,57.0,,5,—,—,,—,賃貸のため対象外,,2026-07-24,,https://suumo.jp/chintai/jnc_000105484808/?bc=100499828100,不適合
SUUMO 賃貸 鳥取市,鳥取市,賃貸マンション,賃貸カテゴリ（掲載種別）,鳥取県鳥取市浜坂,5.1,57.0,,5,—,—,,—,賃貸のため対象外,,2026-07-24,,https://suumo.jp/chintai/jnc_000092796140/?bc=100510321535,不適合
SUUMO 賃貸 鳥取市,鳥取市,賃貸マンション,賃貸カテゴリ（掲載種別）,鳥取県鳥取市浜坂,5.1,57.0,,5,—,—,,—,賃貸のため対象外,,2026-07-24,,https://suumo.jp/chintai/jnc_000098894598/?bc=100440015935,不適合
SUUMO 賃貸 鳥取市,鳥取市,賃貸マンション,賃貸カテゴリ（掲載種別）,鳥取県鳥取市浜坂,5.1,57.0,,5,—,—,,—,賃貸のため対象外,,2026-07-24,,https://suumo.jp/chintai/jnc_000103641479/?bc=100479208612,不適合
SUUMO 賃貸 鳥取市,鳥取市,賃貸アパート,賃貸カテゴリ（掲載種別）,鳥取県鳥取市徳尾,4.9,63.9,,5,—,—,,—,賃貸のため対象外,,2026-07-24,,https://suumo.jp/chintai/jnc_000107719405/?bc=100510910132,適合
SUUMO 賃貸 鳥取市,鳥取市,賃貸アパート,賃貸カテゴリ（掲載種別）,鳥取県鳥取市湯所町１,6.5,37.3,,5,—,—,,—,賃貸のため対象外,,2026-07-24,,https://suumo.jp/chintai/jnc_000108169110/?bc=100514527354,不適合
SUUMO 賃貸 鳥取市,鳥取市,賃貸アパート,賃貸カテゴリ（掲載種別）,鳥取県鳥取市江津,5.4,46.9,,5,—,—,,—,賃貸のため対象外,,2026-07-24,,https://suumo.jp/chintai/jnc_000100844036/?bc=100431838045,不適合
SUUMO 賃貸 鳥取市,鳥取市,賃貸アパート,賃貸カテゴリ（掲載種別）,鳥取県鳥取市江津,5.9,46.9,,5,—,—,,—,賃貸のため対象外,,2026-07-24,,https://suumo.jp/chintai/jnc_000077697651/?bc=100413095234,不適合
SUUMO 賃貸 鳥取市,鳥取市,賃貸アパート,賃貸カテゴリ（掲載種別）,鳥取県鳥取市江津,5.9,46.9,,5,—,—,,—,賃貸のため対象外,,2026-07-24,,https://suumo.jp/chintai/jnc_000078991062/?bc=100473711652,不適合
SUUMO 賃貸 鳥取市,鳥取市,賃貸アパート,賃貸カテゴリ（掲載種別）,鳥取県鳥取市江津,6.3,46.9,,5,—,—,,—,賃貸のため対象外,,2026-07-24,,https://suumo.jp/chintai/jnc_000107103291/?bc=100397515719,不適合
SUUMO 賃貸 鳥取市,鳥取市,賃貸アパート,賃貸カテゴリ（掲載種別）,鳥取県鳥取市江津,6.3,46.9,,5,—,—,,—,賃貸のため対象外,,2026-07-24,,https://suumo.jp/chintai/jnc_000107103286/?bc=100419637145,不適合
SUUMO 賃貸 鳥取市,鳥取市,賃貸アパート,賃貸カテゴリ（掲載種別）,鳥取県鳥取市江津,6.3,46.9,,5,—,—,,—,賃貸のため対象外,,2026-07-24,,https://suumo.jp/chintai/jnc_000107103285/?bc=100489065510,不適合
SUUMO 賃貸 鳥取市,鳥取市,賃貸アパート,賃貸カテゴリ（掲載種別）,鳥取県鳥取市江津,6.3,46.9,,5,—,—,,—,賃貸のため対象外,,2026-07-24,,https://suumo.jp/chintai/jnc_000107103290/?bc=100413095236,不適合
SUUMO 賃貸 鳥取市,鳥取市,賃貸アパート,賃貸カテゴリ（掲載種別）,鳥取県鳥取市江津,6.3,46.9,,5,—,—,,—,賃貸のため対象外,,2026-07-24,,https://suumo.jp/chintai/jnc_000107103292/?bc=100410795231,不適合
SUUMO 賃貸 鳥取市,鳥取市,賃貸アパート,賃貸カテゴリ（掲載種別）,鳥取県鳥取市江津,6.3,46.9,,5,—,—,,—,賃貸のため対象外,,2026-07-24,,https://suumo.jp/chintai/jnc_000107103289/?bc=100420176260,不適合
SUUMO 賃貸 鳥取市,鳥取市,賃貸アパート,賃貸カテゴリ（掲載種別）,鳥取県鳥取市江津,6.3,46.9,,5,—,—,,—,賃貸のため対象外,,2026-07-24,,https://suumo.jp/chintai/jnc_000107103287/?bc=100418903901,不適合
SUUMO 賃貸 鳥取市,鳥取市,賃貸アパート,賃貸カテゴリ（掲載種別）,鳥取県鳥取市江津,6.3,46.9,,5,—,—,,—,賃貸のため対象外,,2026-07-24,,https://suumo.jp/chintai/jnc_000107103288/?bc=100437596160,不適合
SUUMO 賃貸 鳥取市,鳥取市,賃貸アパート,賃貸カテゴリ（掲載種別）,鳥取県鳥取市吉成１,5.3,63.3,,5,—,—,,—,賃貸のため対象外,,2026-07-24,,https://suumo.jp/chintai/jnc_000107468931/?bc=100509305429,不適合
SUUMO 賃貸 鳥取市,鳥取市,賃貸その他,賃貸カテゴリ（掲載種別）,鳥取県鳥取市行徳１,7.0,87.6,,5,—,—,,—,賃貸のため対象外,,2026-07-24,,https://suumo.jp/chintai/jnc_000104515424/?bc=100486127446,不適合
SUUMO 賃貸 鳥取市,鳥取市,賃貸アパート,賃貸カテゴリ（掲載種別）,鳥取県鳥取市湖山町西３,4.9,46.2,,5,—,—,,—,賃貸のため対象外,,2026-07-24,,https://suumo.jp/chintai/jnc_000106574013/?bc=100506358568,適合
SUUMO 賃貸 鳥取市,鳥取市,賃貸マンション,賃貸カテゴリ（掲載種別）,鳥取県鳥取市南安長３,7.4,54.2,,5,—,—,,—,賃貸のため対象外,,2026-07-24,,https://suumo.jp/chintai/jnc_000108040494/?bc=100513700116,不適合
SUUMO 賃貸 鳥取市,鳥取市,賃貸アパート,賃貸カテゴリ（掲載種別）,鳥取県鳥取市賀露町南１,6.1,59.5,,5,—,—,,—,賃貸のため対象外,,2026-07-24,,https://suumo.jp/chintai/jnc_000086206781/?bc=100496520109,不適合
SUUMO 賃貸 鳥取市,鳥取市,賃貸アパート,賃貸カテゴリ（掲載種別）,鳥取県鳥取市賀露町南１,6.2,59.5,,5,—,—,,—,賃貸のため対象外,,2026-07-24,,https://suumo.jp/chintai/jnc_000108256511/?bc=100499828115,不適合
SUUMO 賃貸 鳥取市,鳥取市,賃貸マンション,賃貸カテゴリ（掲載種別）,鳥取県鳥取市南吉方１,6.7,68.2,,5,—,—,,—,賃貸のため対象外,,2026-07-24,,https://suumo.jp/chintai/jnc_000091650559/?bc=100501503614,不適合
SUUMO 賃貸 鳥取市,鳥取市,賃貸マンション,賃貸カテゴリ（掲載種別）,鳥取県鳥取市南吉方１,6.7,68.2,,5,—,—,,—,賃貸のため対象外,,2026-07-24,,https://suumo.jp/chintai/jnc_000107340321/?bc=100508179933,不適合
SUUMO 賃貸 鳥取市,鳥取市,賃貸アパート,賃貸カテゴリ（掲載種別）,鳥取県鳥取市湖山町南１,6.2,52.0,,5,—,—,,—,賃貸のため対象外,,2026-07-24,,https://suumo.jp/chintai/jnc_000106142966/?bc=100499186749,不適合
SUUMO 賃貸 鳥取市,鳥取市,賃貸アパート,賃貸カテゴリ（掲載種別）,鳥取県鳥取市気高町新町１,4.5,50.9,,5,—,—,,—,賃貸のため対象外,,2026-07-24,,https://suumo.jp/chintai/jnc_000107967420/?bc=100511322797,適合
SUUMO 賃貸 鳥取市,鳥取市,賃貸マンション,賃貸カテゴリ（掲載種別）,鳥取県鳥取市大覚寺,6.3,67.6,,5,—,—,,—,賃貸のため対象外,,2026-07-24,,https://suumo.jp/chintai/jnc_000107134270/?bc=100506257099,不適合
SUUMO 賃貸 鳥取市,鳥取市,賃貸マンション,賃貸カテゴリ（掲載種別）,鳥取県鳥取市大覚寺,7.0,67.6,,5,—,—,,—,賃貸のため対象外,,2026-07-24,,https://suumo.jp/chintai/jnc_000026979237/?bc=100515499524,不適合
SUUMO 賃貸 鳥取市,鳥取市,賃貸アパート,賃貸カテゴリ（掲載種別）,鳥取県鳥取市気高町北浜２,6.45,50.2,,5,—,—,,—,賃貸のため対象外,,2026-07-24,,https://suumo.jp/chintai/jnc_000108098785/?bc=100513889187,不適合
SUUMO 賃貸 鳥取市,鳥取市,賃貸アパート,賃貸カテゴリ（掲載種別）,鳥取県鳥取市国府町宮下,4.9,35.0,,5,—,—,,—,賃貸のため対象外,,2026-07-24,,https://suumo.jp/chintai/jnc_000086721110/?bc=100355299195,適合
SUUMO 賃貸 鳥取市,鳥取市,賃貸戸建,賃貸カテゴリ（掲載種別）,鳥取県鳥取市桂木,13.0,104.0,,5,—,—,,—,賃貸のため対象外,,2026-07-24,,https://suumo.jp/chintai/jnc_000106258720/?bc=100486425726,不適合
SUUMO 賃貸 鳥取市,鳥取市,賃貸アパート,賃貸カテゴリ（掲載種別）,鳥取県鳥取市岩吉,5.3,46.1,,5,—,—,,—,賃貸のため対象外,,2026-07-24,,https://suumo.jp/chintai/jnc_000108413603/?bc=100516024923,不適合
SUUMO 賃貸 鳥取市,鳥取市,賃貸マンション,賃貸カテゴリ（掲載種別）,鳥取県鳥取市南吉方２,6.5,68.2,,5,—,—,,—,賃貸のため対象外,,2026-07-24,,https://suumo.jp/chintai/jnc_000106090924/?bc=100510448873,不適合
SUUMO 賃貸 鳥取市,鳥取市,賃貸マンション,賃貸カテゴリ（掲載種別）,鳥取県鳥取市南吉方２,6.8,68.2,,5,—,—,,—,賃貸のため対象外,,2026-07-24,,https://suumo.jp/chintai/jnc_000105500595/?bc=100495656654,不適合
SUUMO 賃貸 鳥取市,鳥取市,賃貸アパート,賃貸カテゴリ（掲載種別）,鳥取県鳥取市南吉方１,6.1,62.1,,5,—,—,,—,賃貸のため対象外,,2026-07-24,,https://suumo.jp/chintai/jnc_000091474752/?bc=100515373227,不適合
SUUMO 賃貸 鳥取市,鳥取市,賃貸アパート,賃貸カテゴリ（掲載種別）,鳥取県鳥取市新,5.5,60.6,,5,—,—,,—,賃貸のため対象外,,2026-07-24,,https://suumo.jp/chintai/jnc_000106245954/?bc=100501392058,不適合
SUUMO 賃貸 鳥取市,鳥取市,賃貸マンション,賃貸カテゴリ（掲載種別）,鳥取県鳥取市岩倉,5.8,56.0,,5,—,—,,—,賃貸のため対象外,,2026-07-24,,https://suumo.jp/chintai/jnc_000094216690/?bc=100509144295,不適合
SUUMO 賃貸 鳥取市,鳥取市,賃貸アパート,賃貸カテゴリ（掲載種別）,鳥取県鳥取市晩稲,6.2,67.7,,5,—,—,,—,賃貸のため対象外,,2026-07-24,,https://suumo.jp/chintai/jnc_000090431447/?bc=100512684387,不適合
SUUMO 賃貸 鳥取市,鳥取市,賃貸アパート,賃貸カテゴリ（掲載種別）,鳥取県鳥取市円護寺,5.2,56.1,,5,—,—,,—,賃貸のため対象外,,2026-07-24,,https://suumo.jp/chintai/jnc_000108025902/?bc=100513766229,不適合
SUUMO 賃貸 鳥取市,鳥取市,賃貸アパート,賃貸カテゴリ（掲載種別）,鳥取県鳥取市円護寺,5.2,56.1,,5,—,—,,—,賃貸のため対象外,,2026-07-24,,https://suumo.jp/chintai/jnc_000101990494/?bc=100466629154,不適合
SUUMO 賃貸 鳥取市,鳥取市,賃貸アパート,賃貸カテゴリ（掲載種別）,鳥取県鳥取市浜坂３,5.45,40.1,,5,—,—,,—,賃貸のため対象外,,2026-07-24,,https://suumo.jp/chintai/jnc_000108173903/?bc=100507374487,不適合
SUUMO 賃貸 鳥取市,鳥取市,賃貸アパート,賃貸カテゴリ（掲載種別）,鳥取県鳥取市湖山町南５,5.8,41.6,,5,—,—,,—,賃貸のため対象外,,2026-07-24,,https://suumo.jp/chintai/jnc_000065582551/?bc=100511213175,不適合
SUUMO 賃貸 鳥取市,鳥取市,賃貸アパート,賃貸カテゴリ（掲載種別）,鳥取県鳥取市国府町新町１,4.9,52.8,,5,—,—,,—,賃貸のため対象外,,2026-07-24,,https://suumo.jp/chintai/jnc_000070767955/?bc=100515425534,適合
SUUMO 賃貸 鳥取市,鳥取市,賃貸マンション,賃貸カテゴリ（掲載種別）,鳥取県鳥取市富安１,7.2,70.6,,5,—,—,,—,賃貸のため対象外,,2026-07-24,,https://suumo.jp/chintai/jnc_000107526728/?bc=100509642218,不適合
SUUMO 賃貸 鳥取市,鳥取市,賃貸アパート,賃貸カテゴリ（掲載種別）,鳥取県鳥取市江津,5.85,45.1,,5,—,—,,—,賃貸のため対象外,,2026-07-24,,https://suumo.jp/chintai/jnc_000080441198/?bc=100503018288,不適合
SUUMO 賃貸 鳥取市,鳥取市,賃貸アパート,賃貸カテゴリ（掲載種別）,鳥取県鳥取市吉成南町１,5.45,52.2,,5,—,—,,—,賃貸のため対象外,,2026-07-24,,https://suumo.jp/chintai/jnc_000101615818/?bc=100462383582,不適合
SUUMO 賃貸 鳥取市,鳥取市,賃貸アパート,賃貸カテゴリ（掲載種別）,鳥取県鳥取市雲山,5.0,60.2,,5,—,—,,—,賃貸のため対象外,,2026-07-24,,https://suumo.jp/chintai/jnc_000108205240/?bc=100480985788,適合
SUUMO 賃貸 鳥取市,鳥取市,賃貸アパート,賃貸カテゴリ（掲載種別）,鳥取県鳥取市湖山町西２,5.2,60.1,,5,—,—,,—,賃貸のため対象外,,2026-07-24,,https://suumo.jp/chintai/jnc_000055689320/?bc=100504419035,不適合
SUUMO 賃貸 鳥取市,鳥取市,賃貸アパート,賃貸カテゴリ（掲載種別）,鳥取県鳥取市円護寺,4.15,47.7,,5,—,—,,—,賃貸のため対象外,,2026-07-24,,https://suumo.jp/chintai/jnc_000107370746/?bc=100462304841,適合
SUUMO 賃貸 鳥取市,鳥取市,賃貸アパート,賃貸カテゴリ（掲載種別）,鳥取県鳥取市湯所町２,7.4,57.8,,5,—,—,,—,賃貸のため対象外,,2026-07-24,,https://suumo.jp/chintai/jnc_000108068266/?bc=100514076925,不適合
SUUMO 賃貸 鳥取市,鳥取市,賃貸アパート,賃貸カテゴリ（掲載種別）,鳥取県鳥取市南隈,7.4,56.6,,5,—,—,,—,賃貸のため対象外,,2026-07-24,,https://suumo.jp/chintai/jnc_000108404906/?bc=100516006637,不適合
SUUMO 賃貸 鳥取市,鳥取市,賃貸アパート,賃貸カテゴリ（掲載種別）,鳥取県鳥取市面影２,4.9,68.8,,5,—,—,,—,賃貸のため対象外,,2026-07-24,,https://suumo.jp/chintai/jnc_000075525936/?bc=100020983557,適合
SUUMO 賃貸 鳥取市,鳥取市,賃貸アパート,賃貸カテゴリ（掲載種別）,鳥取県鳥取市大杙,5.9,36.5,,5,—,—,,—,賃貸のため対象外,,2026-07-24,,https://suumo.jp/chintai/jnc_000104430440/?bc=100504432940,不適合
SUUMO 賃貸 鳥取市,鳥取市,賃貸アパート,賃貸カテゴリ（掲載種別）,鳥取県鳥取市桜谷,4.9,51.8,,5,—,—,,—,賃貸のため対象外,,2026-07-24,,https://suumo.jp/chintai/jnc_000088736660/?bc=100508724369,適合
SUUMO 賃貸 鳥取市,鳥取市,賃貸アパート,賃貸カテゴリ（掲載種別）,鳥取県鳥取市晩稲,5.8,56.2,,5,—,—,,—,賃貸のため対象外,,2026-07-24,,https://suumo.jp/chintai/jnc_000103767391/?bc=100489668590,不適合
SUUMO 賃貸 鳥取市,鳥取市,賃貸アパート,賃貸カテゴリ（掲載種別）,鳥取県鳥取市東今在家,5.6,57.7,,5,—,—,,—,賃貸のため対象外,,2026-07-24,,https://suumo.jp/chintai/jnc_000043858650/?bc=100507253239,不適合
SUUMO 賃貸 鳥取市,鳥取市,賃貸アパート,賃貸カテゴリ（掲載種別）,鳥取県鳥取市東今在家,5.6,57.7,,5,—,—,,—,賃貸のため対象外,,2026-07-24,,https://suumo.jp/chintai/jnc_000104576206/?bc=100510448847,不適合
SUUMO 賃貸 鳥取市,鳥取市,賃貸マンション,賃貸カテゴリ（掲載種別）,鳥取県鳥取市興南町,5.5,44.1,,5,—,—,,—,賃貸のため対象外,,2026-07-24,,https://suumo.jp/chintai/jnc_000053368201/?bc=100500148942,不適合
SUUMO 賃貸 鳥取市,鳥取市,賃貸マンション,賃貸カテゴリ（掲載種別）,鳥取県鳥取市興南町,5.5,42.2,,5,—,—,,—,賃貸のため対象外,,2026-07-24,,https://suumo.jp/chintai/jnc_000105992085/?bc=100488986970,不適合
SUUMO 賃貸 鳥取市,鳥取市,賃貸マンション,賃貸カテゴリ（掲載種別）,鳥取県鳥取市興南町,5.5,42.2,,5,—,—,,—,賃貸のため対象外,,2026-07-24,,https://suumo.jp/chintai/jnc_000053105001/?bc=100451245967,不適合
SUUMO 賃貸 鳥取市,鳥取市,賃貸マンション,賃貸カテゴリ（掲載種別）,鳥取県鳥取市興南町,5.5,42.2,,5,—,—,,—,賃貸のため対象外,,2026-07-24,,https://suumo.jp/chintai/jnc_000061979823/?bc=100495460507,不適合
SUUMO 賃貸 鳥取市,鳥取市,賃貸マンション,賃貸カテゴリ（掲載種別）,鳥取県鳥取市興南町,5.5,42.2,,5,—,—,,—,賃貸のため対象外,,2026-07-24,,https://suumo.jp/chintai/jnc_000071165910/?bc=100488986899,不適合
SUUMO 賃貸 鳥取市,鳥取市,賃貸アパート,賃貸カテゴリ（掲載種別）,鳥取県鳥取市雲山,6.0,33.6,,5,—,—,,—,賃貸のため対象外,,2026-07-24,,https://suumo.jp/chintai/jnc_000105340986/?bc=100492505423,不適合
SUUMO 賃貸 鳥取市,鳥取市,賃貸アパート,賃貸カテゴリ（掲載種別）,鳥取県鳥取市雲山,6.0,33.6,,5,—,—,,—,賃貸のため対象外,,2026-07-24,,https://suumo.jp/chintai/jnc_000105340987/?bc=100492505427,不適合
SUUMO 賃貸 鳥取市,鳥取市,賃貸アパート,賃貸カテゴリ（掲載種別）,鳥取県鳥取市雲山,6.2,33.6,,5,—,—,,—,賃貸のため対象外,,2026-07-24,,https://suumo.jp/chintai/jnc_000105340988/?bc=100492505220,不適合
SUUMO 賃貸 鳥取市,鳥取市,賃貸アパート,賃貸カテゴリ（掲載種別）,鳥取県鳥取市雲山,6.2,33.6,,5,—,—,,—,賃貸のため対象外,,2026-07-24,,https://suumo.jp/chintai/jnc_000105340985/?bc=100492505426,不適合
SUUMO 賃貸 鳥取市,鳥取市,賃貸アパート,賃貸カテゴリ（掲載種別）,鳥取県鳥取市雲山,7.0,42.8,,5,—,—,,—,賃貸のため対象外,,2026-07-24,,https://suumo.jp/chintai/jnc_000105355017/?bc=100498808403,不適合
SUUMO 賃貸 鳥取市,鳥取市,賃貸アパート,賃貸カテゴリ（掲載種別）,鳥取県鳥取市雲山,7.0,42.8,,5,—,—,,—,賃貸のため対象外,,2026-07-24,,https://suumo.jp/chintai/jnc_000105355016/?bc=100498808402,不適合
SUUMO 賃貸 鳥取市,鳥取市,賃貸アパート,賃貸カテゴリ（掲載種別）,鳥取県鳥取市雲山,7.2,42.8,,5,—,—,,—,賃貸のため対象外,,2026-07-24,,https://suumo.jp/chintai/jnc_000105355015/?bc=100498808399,不適合
SUUMO 賃貸 鳥取市,鳥取市,賃貸アパート,賃貸カテゴリ（掲載種別）,鳥取県鳥取市雲山,7.2,42.8,,5,—,—,,—,賃貸のため対象外,,2026-07-24,,https://suumo.jp/chintai/jnc_000105355018/?bc=100498808401,不適合
SUUMO 賃貸 鳥取市,鳥取市,賃貸マンション,賃貸カテゴリ（掲載種別）,鳥取県鳥取市興南町,5.6,58.1,,5,—,—,,—,賃貸のため対象外,,2026-07-24,,https://suumo.jp/chintai/jnc_000107653615/?bc=100510380350,不適合
SUUMO 賃貸 鳥取市,鳥取市,賃貸マンション,賃貸カテゴリ（掲載種別）,鳥取県鳥取市大覚寺,4.9,52.8,,5,—,—,,—,賃貸のため対象外,,2026-07-24,,https://suumo.jp/chintai/jnc_000081960904/?bc=100499828126,適合
SUUMO 賃貸 鳥取市,鳥取市,賃貸アパート,賃貸カテゴリ（掲載種別）,鳥取県鳥取市雲山,5.4,65.0,,5,—,—,,—,賃貸のため対象外,,2026-07-24,,https://suumo.jp/chintai/jnc_000106896259/?bc=100505599331,不適合
SUUMO 賃貸 鳥取市,鳥取市,賃貸アパート,賃貸カテゴリ（掲載種別）,鳥取県鳥取市雲山,5.6,65.0,,5,—,—,,—,賃貸のため対象外,,2026-07-24,,https://suumo.jp/chintai/jnc_000083482795/?bc=100504609713,不適合
SUUMO 賃貸 鳥取市,鳥取市,賃貸アパート,賃貸カテゴリ（掲載種別）,鳥取県鳥取市国府町奥谷２,5.8,45.5,,5,—,—,,—,賃貸のため対象外,,2026-07-24,,https://suumo.jp/chintai/jnc_000106674425/?bc=100503329202,不適合
SUUMO 賃貸 鳥取市,鳥取市,賃貸アパート,賃貸カテゴリ（掲載種別）,鳥取県鳥取市吉成,6.2,53.8,,5,—,—,,—,賃貸のため対象外,,2026-07-24,,https://suumo.jp/chintai/jnc_000091326537/?bc=100507437782,不適合
SUUMO 賃貸 鳥取市,鳥取市,賃貸マンション,賃貸カテゴリ（掲載種別）,鳥取県鳥取市南吉方１,4.8,27.8,,5,—,—,,—,賃貸のため対象外,,2026-07-24,,https://suumo.jp/chintai/jnc_000080106305/?bc=100516934013,適合
SUUMO 賃貸 鳥取市,鳥取市,賃貸マンション,賃貸カテゴリ（掲載種別）,鳥取県鳥取市南吉方１,6.0,54.8,,5,—,—,,—,賃貸のため対象外,,2026-07-24,,https://suumo.jp/chintai/jnc_000044773919/?bc=100505599321,不適合
SUUMO 賃貸 鳥取市,鳥取市,賃貸マンション,賃貸カテゴリ（掲載種別）,鳥取県鳥取市南吉方１,6.0,54.8,,5,—,—,,—,賃貸のため対象外,,2026-07-24,,https://suumo.jp/chintai/jnc_000089436180/?bc=100510448904,不適合
SUUMO 賃貸 鳥取市,鳥取市,賃貸アパート,賃貸カテゴリ（掲載種別）,鳥取県鳥取市面影１,5.5,57.3,,5,—,—,,—,賃貸のため対象外,,2026-07-24,,https://suumo.jp/chintai/jnc_000030818187/?bc=100456552815,不適合
SUUMO 賃貸 鳥取市,鳥取市,賃貸アパート,賃貸カテゴリ（掲載種別）,鳥取県鳥取市面影１,5.5,57.3,,5,—,—,,—,賃貸のため対象外,,2026-07-24,,https://suumo.jp/chintai/jnc_000015821410/?bc=100458780907,不適合
SUUMO 賃貸 鳥取市,鳥取市,賃貸アパート,賃貸カテゴリ（掲載種別）,鳥取県鳥取市江津,4.9,34.0,,5,—,—,,—,賃貸のため対象外,,2026-07-24,,https://suumo.jp/chintai/jnc_000068864940/?bc=100509144428,適合
SUUMO 賃貸 鳥取市,鳥取市,賃貸アパート,賃貸カテゴリ（掲載種別）,鳥取県鳥取市安長,6.5,33.7,,5,—,—,,—,賃貸のため対象外,,2026-07-24,,https://suumo.jp/chintai/jnc_000108602233/?bc=100517451394,不適合
SUUMO 賃貸 鳥取市,鳥取市,賃貸アパート,賃貸カテゴリ（掲載種別）,鳥取県鳥取市安長,6.5,33.7,,5,—,—,,—,賃貸のため対象外,,2026-07-24,,https://suumo.jp/chintai/jnc_000108602231/?bc=100517451396,不適合
SUUMO 賃貸 鳥取市,鳥取市,賃貸アパート,賃貸カテゴリ（掲載種別）,鳥取県鳥取市安長,6.5,33.7,,5,—,—,,—,賃貸のため対象外,,2026-07-24,,https://suumo.jp/chintai/jnc_000108602230/?bc=100517451399,不適合
SUUMO 賃貸 鳥取市,鳥取市,賃貸アパート,賃貸カテゴリ（掲載種別）,鳥取県鳥取市安長,6.5,33.7,,5,—,—,,—,賃貸のため対象外,,2026-07-24,,https://suumo.jp/chintai/jnc_000108602232/?bc=100517451397,不適合
SUUMO 賃貸 鳥取市,鳥取市,賃貸アパート,賃貸カテゴリ（掲載種別）,鳥取県鳥取市安長,6.7,33.7,,5,—,—,,—,賃貸のため対象外,,2026-07-24,,https://suumo.jp/chintai/jnc_000108602234/?bc=100517451395,不適合
SUUMO 賃貸 鳥取市,鳥取市,賃貸アパート,賃貸カテゴリ（掲載種別）,鳥取県鳥取市安長,6.7,33.7,,5,—,—,,—,賃貸のため対象外,,2026-07-24,,https://suumo.jp/chintai/jnc_000108602229/?bc=100517451398,不適合
SUUMO 賃貸 鳥取市,鳥取市,賃貸アパート,賃貸カテゴリ（掲載種別）,鳥取県鳥取市安長,7.7,42.3,,5,—,—,,—,賃貸のため対象外,,2026-07-24,,https://suumo.jp/chintai/jnc_000108602239/?bc=100517407537,不適合
SUUMO 賃貸 鳥取市,鳥取市,賃貸アパート,賃貸カテゴリ（掲載種別）,鳥取県鳥取市安長,7.7,42.3,,5,—,—,,—,賃貸のため対象外,,2026-07-24,,https://suumo.jp/chintai/jnc_000108602238/?bc=100517515131,不適合
SUUMO 賃貸 鳥取市,鳥取市,賃貸アパート,賃貸カテゴリ（掲載種別）,鳥取県鳥取市安長,7.7,42.3,,5,—,—,,—,賃貸のため対象外,,2026-07-24,,https://suumo.jp/chintai/jnc_000108602236/?bc=100517515167,不適合
SUUMO 賃貸 鳥取市,鳥取市,賃貸アパート,賃貸カテゴリ（掲載種別）,鳥取県鳥取市安長,7.7,42.3,,5,—,—,,—,賃貸のため対象外,,2026-07-24,,https://suumo.jp/chintai/jnc_000108602237/?bc=100517515164,不適合
SUUMO 賃貸 鳥取市,鳥取市,賃貸アパート,賃貸カテゴリ（掲載種別）,鳥取県鳥取市安長,7.9,42.3,,5,—,—,,—,賃貸のため対象外,,2026-07-24,,https://suumo.jp/chintai/jnc_000108602235/?bc=100517515166,不適合
SUUMO 賃貸 鳥取市,鳥取市,賃貸アパート,賃貸カテゴリ（掲載種別）,鳥取県鳥取市安長,7.9,42.3,,5,—,—,,—,賃貸のため対象外,,2026-07-24,,https://suumo.jp/chintai/jnc_000108602240/?bc=100517515133,不適合
SUUMO 賃貸 鳥取市,鳥取市,賃貸アパート,賃貸カテゴリ（掲載種別）,鳥取県鳥取市国府町奥谷３,4.8,42.7,,5,—,—,,—,賃貸のため対象外,,2026-07-24,,https://suumo.jp/chintai/jnc_000107909442/?bc=100497308664,適合
SUUMO 賃貸 鳥取市,鳥取市,賃貸アパート,賃貸カテゴリ（掲載種別）,鳥取県鳥取市吉成,7.3,50.5,,5,—,—,,—,賃貸のため対象外,,2026-07-24,,https://suumo.jp/chintai/jnc_000107967418/?bc=100512865982,不適合
SUUMO 賃貸 鳥取市,鳥取市,賃貸アパート,賃貸カテゴリ（掲載種別）,鳥取県鳥取市大覚寺,5.5,56.1,,5,—,—,,—,賃貸のため対象外,,2026-07-24,,https://suumo.jp/chintai/jnc_000108306865/?bc=100515316248,不適合
SUUMO 賃貸 鳥取市,鳥取市,賃貸アパート,賃貸カテゴリ（掲載種別）,鳥取県鳥取市浜坂４,5.3,50.2,,5,—,—,,—,賃貸のため対象外,,2026-07-24,,https://suumo.jp/chintai/jnc_000108602228/?bc=100517396801,不適合
SUUMO 賃貸 鳥取市,鳥取市,賃貸マンション,賃貸カテゴリ（掲載種別）,鳥取県鳥取市元町,4.3,45.0,,5,—,—,,—,賃貸のため対象外,,2026-07-24,,https://suumo.jp/chintai/jnc_000066489274/?bc=100380897869,適合
SUUMO 賃貸 鳥取市,鳥取市,賃貸アパート,賃貸カテゴリ（掲載種別）,鳥取県鳥取市面影２,5.0,60.2,,5,—,—,,—,賃貸のため対象外,,2026-07-24,,https://suumo.jp/chintai/jnc_000082952740/?bc=100484670479,適合
SUUMO 賃貸 鳥取市,鳥取市,賃貸アパート,賃貸カテゴリ（掲載種別）,鳥取県鳥取市雲山,5.1,45.3,,5,—,—,,—,賃貸のため対象外,,2026-07-24,,https://suumo.jp/chintai/jnc_000088268618/?bc=100493803720,不適合
SUUMO 賃貸 鳥取市,鳥取市,賃貸アパート,賃貸カテゴリ（掲載種別）,鳥取県鳥取市安長,4.9,34.0,,5,—,—,,—,賃貸のため対象外,,2026-07-24,,https://suumo.jp/chintai/jnc_000041096513/?bc=100504750655,適合
LIFULL 中古戸建 伊豆の国市,伊豆の国市,空き家,掲載に空き家表記,伊豆の国市大仁,3200,160.6,65.9,3000,—,—,,不明,接道・区分情報なし。建物ありだが現行法での再建築可否は役場で要確認,,2026-06-21,,https://www.homes.co.jp/kodate/b-33306040000363/,不適合
LIFULL 中古戸建 伊豆の国市,伊豆の国市,空き家,掲載に空き家表記,売中古戸建　伊豆の国市大仁,3200,160.6,65.9,3000,—,—,,不明,接道・区分情報なし。建物ありだが現行法での再建築可否は役場で要確認,,2026-06-21,,https://www.homes.co.jp/kodate/b-1500050000270/,不適合
LIFULL 中古戸建 伊豆の国市,伊豆の国市,中古戸建,中古戸建/住宅カテゴリ,伊豆の国市三福　中古戸建,2180,128.1,56.3,3000,田,—,,不明,接道・区分情報なし。建物ありだが現行法での再建築可否は役場で要確認,,2026-06-22,,https://www.homes.co.jp/kodate/b-1436870001889/,不適合
LIFULL 中古戸建 伊豆の国市,伊豆の国市,中古戸建,中古戸建/住宅カテゴリ,伊豆の国市田京　中古戸建,3450,245.5,46.5,3000,田,—,,不明,接道・区分情報なし。建物ありだが現行法での再建築可否は役場で要確認,,2026-06-22,,https://www.homes.co.jp/kodate/b-1436870001906/,不適合
LIFULL 中古戸建 伊豆の国市,伊豆の国市,空き家,掲載に空き家表記,中古戸建　伊豆の国市富士見,3000,164.0,60.5,3000,—,—,,不明,接道・区分情報なし。建物ありだが現行法での再建築可否は役場で要確認,,2026-06-21,,https://www.homes.co.jp/kodate/b-1556780000068/,不適合
LIFULL 中古戸建 伊豆の国市,伊豆の国市,中古戸建,中古戸建/住宅カテゴリ,伊豆の国市吉田　中古平家,3650,563.0,21.4,3000,田,—,,不明,接道・区分情報なし。建物ありだが現行法での再建築可否は役場で要確認,,2026-06-21,,https://www.homes.co.jp/kodate/b-1490460002284/,不適合
LIFULL 中古戸建 伊豆の国市,,中古戸建,中古戸建/住宅カテゴリ,小松ヶ原別荘地　戸建,1380,225.1,20.3,3000,—,—,,不明,接道・区分情報なし。建物ありだが現行法での再建築可否は役場で要確認,,2026-06-21,注意:別荘地,https://www.homes.co.jp/kodate/b-33303660001042/,不適合
LIFULL 中古戸建 伊豆の国市,,中古戸建,中古戸建/住宅カテゴリ,JR東海道本線 熱海駅 15.4km,1380,225.1,20.3,3000,—,—,,不明,接道・区分情報なし。建物ありだが現行法での再建築可否は役場で要確認,,2026-06-21,,https://www.homes.co.jp/kodate/b-1341600001706/,不適合
LIFULL 中古戸建 伊豆の国市,伊豆の国市,空き家,掲載に空き家表記,中古戸建  伊豆の国市原木,1980,312.6,20.9,3000,宅地,—,,不明,接道・区分情報なし。建物ありだが現行法での再建築可否は役場で要確認,,2026-06-21,,https://www.homes.co.jp/kodate/b-1540930000173/,不適合
LIFULL 中古戸建 伊豆の国市,伊豆の国市,中古戸建,中古戸建/住宅カテゴリ,伊豆の国市長岡中古住宅,3280,157.3,68.9,3000,—,—,,不明,接道・区分情報なし。建物ありだが現行法での再建築可否は役場で要確認,,2026-06-21,注意:温泉,https://www.homes.co.jp/kodate/b-1265050002093/,不適合
LIFULL 中古戸建 伊豆の国市,伊豆の国市,空き家,掲載に空き家表記,売中古戸建　伊豆の国市大仁,2230,210.7,35.0,3000,—,—,,不明,接道・区分情報なし。建物ありだが現行法での再建築可否は役場で要確認,,2026-06-21,注意:温泉,https://www.homes.co.jp/kodate/b-1500050000602/,不適合
LIFULL 中古戸建 伊豆の国市,,空き家,掲載に空き家表記,小松ヶ原別荘地　戸建,1800,637.0,9.3,3000,—,—,,不明,接道・区分情報なし。建物ありだが現行法での再建築可否は役場で要確認,,2026-06-21,注意:別荘地,https://www.homes.co.jp/kodate/b-1111450005583/,適合
LIFULL 中古戸建 伊豆の国市,伊豆の国市,空き家,掲載に空き家表記,伊豆の国市原木　戸建て,1599,100.6,52.5,3000,—,—,,不明,接道・区分情報なし。建物ありだが現行法での再建築可否は役場で要確認,,2026-06-21,,https://www.homes.co.jp/kodate/b-1220300000737/,不適合
LIFULL 中古戸建 伊豆の国市,伊豆の国市,中古戸建,中古戸建/住宅カテゴリ,伊豆の国市南條　中古戸建,1880,184.1,33.8,3000,—,—,,不明,接道・区分情報なし。建物ありだが現行法での再建築可否は役場で要確認,,2026-06-22,,https://www.homes.co.jp/kodate/b-1436870001922/,不適合
LIFULL 中古戸建 伊豆の国市,,中古戸建,中古戸建/住宅カテゴリ,小松ヶ原別荘地　戸建,800,366.3,7.2,3000,—,—,,不明,接道・区分情報なし。建物ありだが現行法での再建築可否は役場で要確認,,2026-06-21,注意:別荘地,https://www.homes.co.jp/kodate/b-1111450005501/,適合
LIFULL 中古戸建 伊豆の国市,,空き家,掲載に空き家表記,伊豆箱根鉄道駿豆線 伊豆長岡駅 徒歩22分,3890,330.2,38.9,3000,—,—,,不明,接道・区分情報なし。建物ありだが現行法での再建築可否は役場で要確認,,2026-07-10,,https://www.homes.co.jp/kodate/b-39046610000060/,不適合
LIFULL 中古戸建 伊豆の国市,,中古戸建,中古戸建/住宅カテゴリ,JR東海道本線 熱海駅 17km,900,287.0,10.4,3000,—,—,,不明,接道・区分情報なし。建物ありだが現行法での再建築可否は役場で要確認,,2026-06-21,注意:温泉,https://www.homes.co.jp/kodate/b-33303660000945/,不適合
LIFULL 中古戸建 伊豆の国市,伊豆の国市,空き家,掲載に空き家表記,伊豆の国市三福中古戸建,2980,332.6,29.6,3000,田,—,,不明,接道・区分情報なし。建物ありだが現行法での再建築可否は役場で要確認,,2026-06-21,,https://www.homes.co.jp/kodate/b-89420000408/,適合
LIFULL 中古戸建 伊豆の国市,,中古戸建,中古戸建/住宅カテゴリ,JR東海道本線 熱海駅 13.5km,1180,245.8,15.9,3000,—,—,,不明,接道・区分情報なし。建物ありだが現行法での再建築可否は役場で要確認,,2026-06-21,NG:エメラルドタウン,https://www.homes.co.jp/kodate/b-33303660001149/,不適合
LIFULL 中古戸建 伊豆の国市,,中古戸建,中古戸建/住宅カテゴリ,JR東海道本線 熱海駅 16km,1350,416.0,10.7,3000,—,—,,不明,接道・区分情報なし。建物ありだが現行法での再建築可否は役場で要確認,,2026-06-21,,https://www.homes.co.jp/kodate/b-33303660000993/,適合
LIFULL 中古戸建 伊豆の国市,伊豆の国市,空き家,掲載に空き家表記,伊豆の国市宗光寺　戸建て,1529,264.3,19.1,3000,—,—,,不明,接道・区分情報なし。建物ありだが現行法での再建築可否は役場で要確認,,2026-06-21,,https://www.homes.co.jp/kodate/b-1220300000700/,不適合
LIFULL 中古戸建 伊豆の国市,伊豆の国市,空き家,掲載に空き家表記,伊豆の国市古奈　戸建て,1829,213.7,28.3,3000,—,—,,不明,接道・区分情報なし。建物ありだが現行法での再建築可否は役場で要確認,,2026-06-21,,https://www.homes.co.jp/kodate/b-1220300000701/,不適合
LIFULL 中古戸建 伊豆の国市,,空き家,掲載に空き家表記,JR東海道本線 熱海駅 16km,2480,218.0,37.6,3000,—,—,,不明,接道・区分情報なし。建物ありだが現行法での再建築可否は役場で要確認,,2026-06-21,注意:別荘地,https://www.homes.co.jp/kodate/b-33303660000874/,不適合
LIFULL 中古戸建 伊豆の国市,伊豆の国市,中古戸建,中古戸建/住宅カテゴリ,伊豆の国市奈古谷　中古戸建,980,677.0,4.8,3000,—,—,,不明,接道・区分情報なし。建物ありだが現行法での再建築可否は役場で要確認,,2026-06-21,,https://www.homes.co.jp/kodate/b-1490460002344/,適合
LIFULL 中古戸建 伊豆の国市,,空き家,掲載に空き家表記,伊豆箱根鉄道駿豆線 大仁駅 徒歩15分,1500,340.9,14.5,3000,田,—,,不明,接道・区分情報なし。建物ありだが現行法での再建築可否は役場で要確認,,2026-07-13,,https://www.homes.co.jp/kodate/b-33318410000045/,適合
LIFULL 中古戸建 伊豆の国市,,中古戸建,中古戸建/住宅カテゴリ,JR東海道本線 熱海駅 15km,380,337.0,3.7,3000,—,—,,不明,接道・区分情報なし。建物ありだが現行法での再建築可否は役場で要確認,,2026-06-21,NG:エメラルドタウン,https://www.homes.co.jp/kodate/b-33303660000702/,適合
LIFULL 中古戸建 伊豆の国市,伊豆の国市,空き家,掲載に空き家表記,伊豆の国市韮山多田　戸建て,350,145.6,7.9,3000,田,—,,不明,接道・区分情報なし。建物ありだが現行法での再建築可否は役場で要確認,,2026-06-21,,https://www.homes.co.jp/kodate/b-1564140000200/,不適合
LIFULL 中古戸建 伊豆の国市,伊豆の国市,空き家,掲載に空き家表記,伊豆の国市古奈　戸建て,1549,215.5,23.8,3000,—,—,接道、南西側4.0ｍ幅の接道,不明,接道・区分情報なし。建物ありだが現行法での再建築可否は役場で要確認,,2026-07-02,,https://www.homes.co.jp/kodate/b-1220300000743/,不適合
LIFULL 中古戸建 伊豆の国市,,空き家,掲載に空き家表記,伊豆エメラルドタウン,520,290.0,5.9,3000,—,—,,不明,接道・区分情報なし。建物ありだが現行法での再建築可否は役場で要確認,,2026-06-21,NG:エメラルドタウン,https://www.homes.co.jp/kodate/b-33310640001107/,不適合
LIFULL 中古戸建 伊豆の国市,伊豆の国市,空き家,掲載に空き家表記,伊豆の国市奈古谷 中古戸建,250,97.7,8.5,3000,田,—,,不明,接道・区分情報なし。建物ありだが現行法での再建築可否は役場で要確認,,2026-07-24,,https://www.homes.co.jp/kodate/b-1489770000566/,不適合
SUUMO 土地 三島市,三島市,更地,土地カテゴリ（建物表記なし）,静岡県三島市南二日町,2571,169.0,50.3,1500,—,—,,不明,接道・区分情報なし、詳細/役場で要確認,,2026-07-24,,https://suumo.jp/tochi/shizuoka/sc_mishima/nc_20884336/,不適合
SUUMO 土地 三島市,三島市,更地,土地カテゴリ（建物表記なし）,静岡県三島市幸原町１,3220,136.5,78.0,1500,—,—,,不明,接道・区分情報なし、詳細/役場で要確認,,2026-06-17,,https://suumo.jp/tochi/shizuoka/sc_mishima/nc_20388080/,不適合
SUUMO 土地 三島市,三島市,更地,土地カテゴリ（建物表記なし）,静岡県三島市緑町,3050,149.5,67.4,1500,—,—,,不明,接道・区分情報なし、詳細/役場で要確認,,2026-06-30,,https://suumo.jp/tochi/shizuoka/sc_mishima/nc_21180307/,不適合
SUUMO 土地 三島市,三島市,更地,土地カテゴリ（建物表記なし）,静岡県三島市大場,250,305.0,2.7,1500,—,—,,不明,接道・区分情報なし、詳細/役場で要確認,,2026-06-17,,https://suumo.jp/tochi/shizuoka/sc_mishima/nc_78936290/,不適合
SUUMO 土地 三島市,三島市,更地,土地カテゴリ（建物表記なし）,静岡県三島市徳倉４,430,83.0,17.1,1500,—,—,,不明,接道・区分情報なし、詳細/役場で要確認,,2026-06-17,,https://suumo.jp/tochi/shizuoka/sc_mishima/nc_20027711/,不適合
SUUMO 土地 三島市,三島市,更地,土地カテゴリ（建物表記なし）,静岡県三島市谷田1159-204,480,104.1,15.2,1500,田,—,,不明,接道・区分情報なし、詳細/役場で要確認,,2026-06-17,,https://suumo.jp/tochi/shizuoka/sc_mishima/nc_79014268/,不適合
SUUMO 土地 三島市,三島市,更地,土地カテゴリ（建物表記なし）,静岡県三島市市山新田,650,172.4,12.5,1500,田,—,,不明,接道・区分情報なし、詳細/役場で要確認,,2026-06-17,,https://suumo.jp/tochi/shizuoka/sc_mishima/nc_74764878/,不適合
SUUMO 土地 三島市,三島市,更地,土地カテゴリ（建物表記なし）,静岡県三島市谷田,750,197.1,12.6,1500,田,—,,不明,接道・区分情報なし、詳細/役場で要確認,,2026-06-17,,https://suumo.jp/tochi/shizuoka/sc_mishima/nc_74423075/,不適合
SUUMO 土地 三島市,三島市,更地,土地カテゴリ（建物表記なし）,静岡県三島市谷田,800,206.0,12.8,1500,田,—,,不明,接道・区分情報なし、詳細/役場で要確認,,2026-06-17,,https://suumo.jp/tochi/shizuoka/sc_mishima/nc_78391473/,不適合
SUUMO 土地 三島市,三島市,更地,土地カテゴリ（建物表記なし）,静岡県三島市富士ビレッジ204-57,895,99.3,29.8,1500,—,—,,不明,接道・区分情報なし、詳細/役場で要確認,,2026-06-17,,https://suumo.jp/tochi/shizuoka/sc_mishima/nc_20697228/,不適合
SUUMO 土地 三島市,三島市,更地,土地カテゴリ（建物表記なし）,静岡県三島市大場,998,160.8,20.5,1500,—,—,,不明,接道・区分情報なし、詳細/役場で要確認,,2026-06-17,,https://suumo.jp/tochi/shizuoka/sc_mishima/nc_20442223/,不適合
SUUMO 土地 三島市,三島市,更地,土地カテゴリ（建物表記なし）,静岡県三島市谷田,998,130.4,25.3,1500,田,—,,不明,接道・区分情報なし、詳細/役場で要確認,,2026-07-24,,https://suumo.jp/tochi/shizuoka/sc_mishima/nc_21358058/,不適合
SUUMO 土地 三島市,三島市,更地,土地カテゴリ（建物表記なし）,静岡県三島市徳倉３,1048,155.1,22.3,1500,—,—,,不明,接道・区分情報なし、詳細/役場で要確認,,2026-06-17,,https://suumo.jp/tochi/shizuoka/sc_mishima/nc_72320814/,不適合
SUUMO 土地 三島市,三島市,更地,土地カテゴリ（建物表記なし）,静岡県三島市谷田,1080,136.1,26.2,1500,田,—,,不明,接道・区分情報なし、詳細/役場で要確認,,2026-06-17,,https://suumo.jp/tochi/shizuoka/sc_mishima/nc_76874238/,不適合
SUUMO 土地 三島市,三島市,更地,土地カテゴリ（建物表記なし）,静岡県三島市谷田,1080,136.1,26.2,1500,田,—,,不明,接道・区分情報なし、詳細/役場で要確認,,2026-06-17,,https://suumo.jp/tochi/shizuoka/sc_mishima/nc_76928411/,不適合
SUUMO 土地 三島市,三島市,更地,土地カテゴリ（建物表記なし）,静岡県三島市旭ヶ丘,1100,209.4,17.4,1500,—,—,,不明,接道・区分情報なし、詳細/役場で要確認,,2026-06-17,,https://suumo.jp/tochi/shizuoka/sc_mishima/nc_72411246/,不適合
SUUMO 土地 三島市,三島市,更地,土地カテゴリ（建物表記なし）,静岡県三島市谷田,1150,208.5,18.2,1500,田,—,,不明,接道・区分情報なし、詳細/役場で要確認,,2026-06-30,,https://suumo.jp/tochi/shizuoka/sc_mishima/nc_21180003/,不適合
SUUMO 土地 三島市,三島市,更地,土地カテゴリ（建物表記なし）,静岡県三島市大場,1180,84.3,46.3,1500,—,—,,不明,接道・区分情報なし、詳細/役場で要確認,,2026-06-17,,https://suumo.jp/tochi/shizuoka/sc_mishima/nc_74208955/,不適合
SUUMO 土地 三島市,三島市,更地,土地カテゴリ（建物表記なし）,静岡県三島市大場,1200,84.3,47.1,1500,—,—,,不明,接道・区分情報なし、詳細/役場で要確認,,2026-06-17,,https://suumo.jp/tochi/shizuoka/sc_mishima/nc_20848997/,不適合
SUUMO 土地 三島市,三島市,更地,土地カテゴリ（建物表記なし）,静岡県三島市青木,1200,113.9,34.8,1500,—,—,,不明,接道・区分情報なし、詳細/役場で要確認,,2026-06-17,,https://suumo.jp/tochi/shizuoka/sc_mishima/nc_20915485/,不適合
SUUMO 土地 三島市,三島市,更地,土地カテゴリ（建物表記なし）,静岡県三島市富士ビレッジ,1230,201.0,20.2,1500,—,—,,不明,接道・区分情報なし、詳細/役場で要確認,,2026-07-03,,https://suumo.jp/tochi/shizuoka/sc_mishima/nc_21207489/,不適合
SUUMO 土地 三島市,三島市,更地,土地カテゴリ（建物表記なし）,静岡県三島市谷田,1290,184.8,23.1,1500,田,—,,不明,接道・区分情報なし、詳細/役場で要確認,,2026-07-03,,https://suumo.jp/tochi/shizuoka/sc_mishima/nc_20045162/,不適合
SUUMO 土地 三島市,三島市,更地,土地カテゴリ（建物表記なし）,静岡県三島市東大場１,1380,208.1,21.9,1500,田,—,,不明,接道・区分情報なし、詳細/役場で要確認,,2026-06-17,NG:東大場,https://suumo.jp/tochi/shizuoka/sc_mishima/nc_78363513/,不適合
SUUMO 土地 三島市,三島市,更地,土地カテゴリ（建物表記なし）,静岡県三島市若松町,1380,242.1,18.8,1500,—,—,,不明,接道・区分情報なし、詳細/役場で要確認,,2026-06-17,,https://suumo.jp/tochi/shizuoka/sc_mishima/nc_73151079/,不適合
SUUMO 土地 三島市,三島市,更地,土地カテゴリ（建物表記なし）,静岡県三島市徳倉４,1500,175.1,28.3,1500,—,—,,不明,接道・区分情報なし、詳細/役場で要確認,,2026-06-17,,https://suumo.jp/tochi/shizuoka/sc_mishima/nc_76386248/,不適合
SUUMO 土地 三島市,三島市,更地,土地カテゴリ（建物表記なし）,静岡県三島市文教町２,1500,170.1,29.2,1500,—,—,,不明,接道・区分情報なし、詳細/役場で要確認,,2026-06-17,,https://suumo.jp/tochi/shizuoka/sc_mishima/nc_20396860/,不適合
SUUMO 土地 三島市,三島市,更地,土地カテゴリ（建物表記なし）,静岡県三島市谷田1296,1680,151.1,36.8,1500,田,—,,不明,接道・区分情報なし、詳細/役場で要確認,,2026-06-17,,https://suumo.jp/tochi/shizuoka/sc_mishima/nc_20353254/,不適合
SUUMO 土地 三島市,三島市,更地,土地カテゴリ（建物表記なし）,静岡県三島市萩,1680,113.8,48.8,1500,—,—,,不明,接道・区分情報なし、詳細/役場で要確認,,2026-07-02,,https://suumo.jp/tochi/shizuoka/sc_mishima/nc_21189978/,不適合
SUUMO 土地 三島市,三島市,更地,土地カテゴリ（建物表記なし）,静岡県三島市萩50-1,1680,113.8,48.8,1500,—,—,,不明,接道・区分情報なし、詳細/役場で要確認,,2026-06-17,,https://suumo.jp/tochi/shizuoka/sc_mishima/nc_21034695/,不適合
SUUMO 土地 三島市,三島市,更地,土地カテゴリ（建物表記なし）,静岡県三島市萩,1680,113.8,48.8,1500,—,—,,不明,接道・区分情報なし、詳細/役場で要確認,,2026-07-04,,https://suumo.jp/tochi/shizuoka/sc_mishima/nc_21216432/,不適合
SUUMO 土地 三島市,三島市,更地,土地カテゴリ（建物表記なし）,静岡県三島市萩50-1,1680,113.8,48.8,1500,—,—,,不明,接道・区分情報なし、詳細/役場で要確認,,2026-07-10,,https://suumo.jp/tochi/shizuoka/sc_mishima/nc_21254536/,不適合
SUUMO 土地 三島市,三島市,更地,土地カテゴリ（建物表記なし）,静岡県三島市谷田,1780,177.6,33.1,1500,田,—,,不明,接道・区分情報なし、詳細/役場で要確認,,2026-06-17,,https://suumo.jp/tochi/shizuoka/sc_mishima/nc_78293692/,不適合
SUUMO 土地 三島市,三島市,更地,土地カテゴリ（建物表記なし）,静岡県三島市谷田1349-1,1780,201.9,29.1,1500,田,—,,不明,接道・区分情報なし、詳細/役場で要確認,,2026-06-17,,https://suumo.jp/tochi/shizuoka/sc_mishima/nc_20623244/,不適合
SUUMO 土地 三島市,三島市,更地,土地カテゴリ（建物表記なし）,静岡県三島市谷田字西ノ久保５８９番外,1840,173.2,35.1,1500,田,—,,不明,接道・区分情報なし、詳細/役場で要確認,,2026-06-17,,https://suumo.jp/tochi/shizuoka/sc_mishima/nc_78043370/,不適合
SUUMO 土地 三島市,三島市,更地,土地カテゴリ（建物表記なし）,静岡県三島市青木245-4,1845,140.3,43.5,1500,—,—,,不明,接道・区分情報なし、詳細/役場で要確認,,2026-06-17,,https://suumo.jp/tochi/shizuoka/sc_mishima/nc_20224942/,不適合
SUUMO 土地 三島市,三島市,更地,土地カテゴリ（建物表記なし）,静岡県三島市松本330-9,1880,274.6,22.6,1500,—,—,,不明,接道・区分情報なし、詳細/役場で要確認,,2026-07-21,,https://suumo.jp/tochi/shizuoka/sc_mishima/nc_21132161/,不適合
SUUMO 土地 三島市,三島市,更地,土地カテゴリ（建物表記なし）,静岡県三島市光ケ丘,1880,241.3,25.8,1500,—,—,,不明,接道・区分情報なし、詳細/役場で要確認,,2026-06-17,,https://suumo.jp/tochi/shizuoka/sc_mishima/nc_20915486/,不適合
SUUMO 土地 三島市,三島市,更地,土地カテゴリ（建物表記なし）,静岡県三島市松本,1880,180.7,34.4,1500,—,—,,不明,接道・区分情報なし、詳細/役場で要確認,,2026-06-17,,https://suumo.jp/tochi/shizuoka/sc_mishima/nc_20556749/,不適合
SUUMO 土地 三島市,三島市,更地,土地カテゴリ（建物表記なし）,静岡県三島市萩50-1,1880,128.8,48.3,1500,—,—,,不明,接道・区分情報なし、詳細/役場で要確認,,2026-07-24,,https://suumo.jp/tochi/shizuoka/sc_mishima/nc_21254830/,不適合
SUUMO 土地 三島市,三島市,更地,土地カテゴリ（建物表記なし）,静岡県三島市山中新田,1900,472.6,13.3,1500,田,—,,不明,接道・区分情報なし、詳細/役場で要確認,,2026-06-17,,https://suumo.jp/tochi/shizuoka/sc_mishima/nc_75287975/,不適合
SUUMO 土地 三島市,三島市,更地,土地カテゴリ（建物表記なし）,静岡県三島市山中新田,1900,472.6,13.3,1500,田,—,,不明,接道・区分情報なし、詳細/役場で要確認,,2026-06-17,,https://suumo.jp/tochi/shizuoka/sc_mishima/nc_76931154/,不適合
SUUMO 土地 三島市,三島市,更地,土地カテゴリ（建物表記なし）,静岡県三島市徳倉４,1920,193.1,32.9,1500,宅地,—,,不明,接道・区分情報なし、詳細/役場で要確認,,2026-06-17,,https://suumo.jp/tochi/shizuoka/sc_mishima/nc_78937420/,不適合
SUUMO 土地 三島市,三島市,更地,土地カテゴリ（建物表記なし）,静岡県三島市中島,1980,177.0,37.0,1500,—,—,,不明,接道・区分情報なし、詳細/役場で要確認,,2026-06-17,,https://suumo.jp/tochi/shizuoka/sc_mishima/nc_78608940/,不適合
SUUMO 土地 三島市,三島市,更地,土地カテゴリ（建物表記なし）,静岡県三島市三恵台,1980,267.4,24.5,1500,—,—,,不明,接道・区分情報なし、詳細/役場で要確認,,2026-07-01,,https://suumo.jp/tochi/shizuoka/sc_mishima/nc_77233691/,不適合
SUUMO 土地 三島市,三島市,更地,土地カテゴリ（建物表記なし）,静岡県三島市大場246-18,1990,172.4,38.2,1500,—,—,,不明,接道・区分情報なし、詳細/役場で要確認,,2026-07-01,,https://suumo.jp/tochi/shizuoka/sc_mishima/nc_20727667/,不適合
SUUMO 土地 三島市,三島市,更地,土地カテゴリ（建物表記なし）,静岡県三島市光ケ丘,2100,255.3,27.2,1500,—,—,,不明,接道・区分情報なし、詳細/役場で要確認,,2026-06-17,,https://suumo.jp/tochi/shizuoka/sc_mishima/nc_73209966/,不適合
SUUMO 土地 三島市,三島市,更地,土地カテゴリ（建物表記なし）,静岡県三島市加茂,2150,169.5,41.9,1500,—,—,,不明,接道・区分情報なし、詳細/役場で要確認,,2026-07-02,,https://suumo.jp/tochi/shizuoka/sc_mishima/nc_21193680/,不適合
SUUMO 土地 三島市,三島市,更地,土地カテゴリ（建物表記なし）,静岡県三島市旭ヶ丘,2380,301.3,26.1,1500,—,—,,不明,接道・区分情報なし、詳細/役場で要確認,,2026-06-21,,https://suumo.jp/tochi/shizuoka/sc_mishima/nc_21106239/,不適合
SUUMO 土地 三島市,三島市,更地,土地カテゴリ（建物表記なし）,静岡県三島市大場,2500,169.1,48.9,1500,—,—,,不明,接道・区分情報なし、詳細/役場で要確認,,2026-06-17,,https://suumo.jp/tochi/shizuoka/sc_mishima/nc_77220846/,不適合
SUUMO 土地 三島市,三島市,更地,土地カテゴリ（建物表記なし）,静岡県三島市栄町,2780,133.3,68.9,1500,—,—,,不明,接道・区分情報なし、詳細/役場で要確認,,2026-06-17,,https://suumo.jp/tochi/shizuoka/sc_mishima/nc_20649722/,不適合
SUUMO 土地 三島市,三島市,更地,土地カテゴリ（建物表記なし）,静岡県三島市沢地,2800,360.9,25.6,1500,—,—,,不明,接道・区分情報なし、詳細/役場で要確認,,2026-06-17,,https://suumo.jp/tochi/shizuoka/sc_mishima/nc_20533317/,不適合
SUUMO 土地 三島市,三島市,更地,土地カテゴリ（建物表記なし）,静岡県三島市幸原町１,2880,193.0,49.3,1500,—,—,,不明,接道・区分情報なし、詳細/役場で要確認,,2026-06-17,,https://suumo.jp/tochi/shizuoka/sc_mishima/nc_20298120/,不適合
SUUMO 土地 三島市,三島市,更地,土地カテゴリ（建物表記なし）,静岡県三島市清住町,2920,138.2,69.8,1500,—,—,,不明,接道・区分情報なし、詳細/役場で要確認,,2026-06-17,,https://suumo.jp/tochi/shizuoka/sc_mishima/nc_79170166/,不適合
SUUMO 土地 三島市,三島市,更地,土地カテゴリ（建物表記なし）,静岡県三島市東本町２,3000,169.7,58.4,1500,田,—,,不明,接道・区分情報なし、詳細/役場で要確認,,2026-06-21,,https://suumo.jp/tochi/shizuoka/sc_mishima/nc_21119703/,不適合
SUUMO 土地 三島市,三島市,更地,土地カテゴリ（建物表記なし）,静岡県三島市東本町２,3200,198.5,53.3,1500,—,—,,不明,接道・区分情報なし、詳細/役場で要確認,,2026-06-17,,https://suumo.jp/tochi/shizuoka/sc_mishima/nc_20359048/,不適合
SUUMO 土地 三島市,三島市,更地,土地カテゴリ（建物表記なし）,静岡県三島市文教町２-4777,3880,346.1,37.1,1500,—,—,,不明,接道・区分情報なし、詳細/役場で要確認,,2026-07-14,,https://suumo.jp/tochi/shizuoka/sc_mishima/nc_21237120/,不適合
SUUMO 土地 三島市,三島市,更地,土地カテゴリ（建物表記なし）,静岡県三島市泉町2431-1,5180,197.6,86.7,1500,—,—,,不明,接道・区分情報なし、詳細/役場で要確認,,2026-06-17,,https://suumo.jp/tochi/shizuoka/sc_mishima/nc_20319563/,不適合
SUUMO 土地 三島市,三島市,更地,土地カテゴリ（建物表記なし）,静岡県三島市沢地,5300,1474.3,11.9,1500,—,—,,不明,接道・区分情報なし、詳細/役場で要確認,,2026-06-17,,https://suumo.jp/tochi/shizuoka/sc_mishima/nc_21065136/,不適合
SUUMO 土地 三島市,三島市,更地,土地カテゴリ（建物表記なし）,静岡県三島市若松町,11000,2855.2,12.7,1500,—,—,,不明,接道・区分情報なし、詳細/役場で要確認,,2026-06-17,,https://suumo.jp/tochi/shizuoka/sc_mishima/nc_78686654/,不適合
SUUMO 土地 三島市,三島市,更地,土地カテゴリ（建物表記なし）,静岡県三島市若松町,11000,2855.2,12.7,1500,—,—,,不明,接道・区分情報なし、詳細/役場で要確認,,2026-06-17,,https://suumo.jp/tochi/shizuoka/sc_mishima/nc_70432019/,不適合
SUUMO 土地 三島市,三島市,更地,土地カテゴリ（建物表記なし）,静岡県三島市若松町,11000,2849.3,12.8,1500,—,—,,不明,接道・区分情報なし、詳細/役場で要確認,,2026-06-17,,https://suumo.jp/tochi/shizuoka/sc_mishima/nc_97070761/,不適合
SUUMO 中古戸建 三島市,三島市,更地,土地カテゴリ（建物表記なし）,静岡県三島市東大場２,1380,215.1,21.2,1500,—,—,,不明,接道・区分情報なし、詳細/役場で要確認,,2026-06-17,NG:東大場,https://suumo.jp/chukoikkodate/shizuoka/sc_mishima/nc_72874199/,不適合
SUUMO 中古戸建 三島市,三島市,更地,土地カテゴリ（建物表記なし）,静岡県三島市富士ビレッジ,1480,181.2,27.0,1500,—,—,接道で明るく開放的！落ち着い,不明,接道・区分情報なし、詳細/役場で要確認,,2026-06-17,,https://suumo.jp/chukoikkodate/shizuoka/sc_mishima/nc_79223152/,不適合
SUUMO 中古戸建 三島市,三島市,更地,土地カテゴリ（建物表記なし）,静岡県三島市芙蓉台３,1480,280.5,17.4,1500,—,—,,不明,接道・区分情報なし、詳細/役場で要確認,,2026-07-16,,https://suumo.jp/chukoikkodate/shizuoka/sc_mishima/nc_21294227/,不適合
SUUMO 中古戸建 三島市,三島市,更地,土地カテゴリ（建物表記なし）,静岡県三島市東大場１,1490,247.7,19.9,1500,—,—,,不明,接道・区分情報なし、詳細/役場で要確認,,2026-06-17,NG:東大場,https://suumo.jp/chukoikkodate/shizuoka/sc_mishima/nc_75972795/,不適合
SUUMO 中古戸建 三島市,三島市,更地,土地カテゴリ（建物表記なし）,静岡県三島市谷田,1680,145.7,38.1,1500,田,—,,不明,接道・区分情報なし、詳細/役場で要確認,,2026-06-17,,https://suumo.jp/chukoikkodate/shizuoka/sc_mishima/nc_78628522/,不適合
SUUMO 中古戸建 三島市,三島市,更地,土地カテゴリ（建物表記なし）,静岡県三島市新谷,2980,165.4,59.6,1500,—,—,,不明,接道・区分情報なし、詳細/役場で要確認,,2026-07-19,,https://suumo.jp/chukoikkodate/shizuoka/sc_mishima/nc_21319796/,不適合
SUUMO 中古戸建 三島市,三島市,更地,土地カテゴリ（建物表記なし）,静岡県三島市谷田,3190,153.5,68.7,1500,田,—,,不明,接道・区分情報なし、詳細/役場で要確認,,2026-06-17,,https://suumo.jp/chukoikkodate/shizuoka/sc_mishima/nc_20056703/,不適合
SUUMO 中古戸建 三島市,三島市,更地,土地カテゴリ（建物表記なし）,静岡県三島市錦が丘,3198,233.2,45.3,1500,田,—,,不明,接道・区分情報なし、詳細/役場で要確認,,2026-06-17,,https://suumo.jp/chukoikkodate/shizuoka/sc_mishima/nc_78761628/,不適合
SUUMO 中古戸建 三島市,三島市,更地,土地カテゴリ（建物表記なし）,静岡県三島市徳倉１,3480,105.6,108.9,1500,—,—,,不明,接道・区分情報なし、詳細/役場で要確認,,2026-06-17,,https://suumo.jp/chukoikkodate/shizuoka/sc_mishima/nc_20425842/,不適合
SUUMO 中古戸建 三島市,三島市,更地,土地カテゴリ（建物表記なし）,静岡県三島市千枚原,4780,208.1,75.9,1500,—,—,,不明,接道・区分情報なし、詳細/役場で要確認,,2026-07-04,,https://suumo.jp/chukoikkodate/shizuoka/sc_mishima/nc_75922516/,不適合
SUUMO 中古戸建 三島市,三島市,更地,土地カテゴリ（建物表記なし）,静岡県三島市東本町２,7980,311.1,84.8,1500,田,—,,不明,接道・区分情報なし、詳細/役場で要確認,,2026-06-17,,https://suumo.jp/chukoikkodate/shizuoka/sc_mishima/nc_20966015/,不適合
SUUMO 中古戸建 三島市,三島市,更地,土地カテゴリ（建物表記なし）,静岡県三島市東大場１-15-11,2099,207.4,33.5,1500,—,—,,不明,接道・区分情報なし、詳細/役場で要確認,,2026-06-17,NG:東大場,https://suumo.jp/chukoikkodate/shizuoka/sc_mishima/nc_20830364/,不適合
SUUMO 中古戸建 三島市,三島市,中古戸建,中古戸建/住宅カテゴリ,静岡県三島市錦が丘,2349,187.7,41.4,3000,—,—,,不明,接道・区分情報なし。建物ありだが現行法での再建築可否は役場で要確認,,2026-07-14,,https://suumo.jp/chukoikkodate/shizuoka/sc_mishima/nc_21285715/,不適合
SUUMO 中古戸建 三島市,三島市,空き家,掲載に空き家表記,静岡県三島市南田町,2400,112.4,70.6,3000,田,—,,不明,接道・区分情報なし。建物ありだが現行法での再建築可否は役場で要確認,,2026-06-17,,https://suumo.jp/chukoikkodate/shizuoka/sc_mishima/nc_21032216/,不適合
SUUMO 中古戸建 三島市,三島市,更地,土地カテゴリ（建物表記なし）,静岡県三島市加茂,3100,165.4,62.0,1500,—,—,,不明,接道・区分情報なし、詳細/役場で要確認,,2026-06-17,,https://suumo.jp/chukoikkodate/shizuoka/sc_mishima/nc_20363618/,不適合
SUUMO 中古戸建 三島市,三島市,中古戸建,中古戸建/住宅カテゴリ,静岡県三島市泉町,7770,123.6,207.8,3000,—,—,,不明,接道・区分情報なし。建物ありだが現行法での再建築可否は役場で要確認,,2026-06-17,,https://suumo.jp/chukoikkodate/shizuoka/sc_mishima/nc_77776853/,不適合
SUUMO 中古戸建 三島市,三島市,更地,土地カテゴリ（建物表記なし）,静岡県三島市芙蓉台１,960,213.1,14.9,1500,—,—,,不明,接道・区分情報なし、詳細/役場で要確認,,2026-06-22,,https://suumo.jp/chukoikkodate/shizuoka/sc_mishima/nc_21127053/,不適合
SUUMO 中古戸建 三島市,三島市,更地,土地カテゴリ（建物表記なし）,静岡県三島市若松町,1000,177.2,18.7,1500,—,—,,不明,接道・区分情報なし、詳細/役場で要確認,,2026-06-17,,https://suumo.jp/chukoikkodate/shizuoka/sc_mishima/nc_20240772/,不適合
SUUMO 中古戸建 三島市,三島市,更地,土地カテゴリ（建物表記なし）,静岡県三島市徳倉３,1048,155.1,22.3,1500,—,—,,不明,接道・区分情報なし、詳細/役場で要確認,,2026-06-17,,https://suumo.jp/chukoikkodate/shizuoka/sc_mishima/nc_72320921/,不適合
SUUMO 中古戸建 三島市,三島市,更地,土地カテゴリ（建物表記なし）,静岡県三島市大場,1200,201.0,19.7,1500,—,—,,不明,接道・区分情報なし、詳細/役場で要確認,,2026-06-17,,https://suumo.jp/chukoikkodate/shizuoka/sc_mishima/nc_20045951/,不適合
SUUMO 中古戸建 三島市,三島市,更地,土地カテゴリ（建物表記なし）,静岡県三島市谷田,1250,158.7,26.0,1500,田,—,,不明,接道・区分情報なし、詳細/役場で要確認,,2026-06-17,,https://suumo.jp/chukoikkodate/shizuoka/sc_mishima/nc_76151820/,不適合
SUUMO 中古戸建 三島市,三島市,更地,土地カテゴリ（建物表記なし）,静岡県三島市芙蓉台１,1340,198.4,22.3,1500,—,—,,不明,接道・区分情報なし、詳細/役場で要確認,,2026-06-17,,https://suumo.jp/chukoikkodate/shizuoka/sc_mishima/nc_73269828/,不適合
SUUMO 中古戸建 三島市,三島市,更地,土地カテゴリ（建物表記なし）,静岡県三島市佐野見晴台２,1380,207.1,22.0,1500,—,—,,不明,接道・区分情報なし、詳細/役場で要確認,,2026-06-17,,https://suumo.jp/chukoikkodate/shizuoka/sc_mishima/nc_21074830/,不適合
SUUMO 中古戸建 三島市,三島市,更地,土地カテゴリ（建物表記なし）,静岡県三島市東大場１,1480,208.5,23.5,1500,—,—,,不明,接道・区分情報なし、詳細/役場で要確認,,2026-06-26,NG:東大場,https://suumo.jp/chukoikkodate/shizuoka/sc_mishima/nc_77337870/,不適合
SUUMO 中古戸建 三島市,三島市,更地,土地カテゴリ（建物表記なし）,静岡県三島市佐野見晴台１,1490,288.5,17.1,1500,—,—,,不明,接道・区分情報なし、詳細/役場で要確認,,2026-06-17,,https://suumo.jp/chukoikkodate/shizuoka/sc_mishima/nc_20839982/,不適合
SUUMO 中古戸建 三島市,三島市,更地,土地カテゴリ（建物表記なし）,静岡県三島市北沢,1500,197.8,25.1,1500,—,—,,不明,接道・区分情報なし、詳細/役場で要確認,,2026-06-17,,https://suumo.jp/chukoikkodate/shizuoka/sc_mishima/nc_76820060/,不適合
SUUMO 中古戸建 三島市,三島市,更地,土地カテゴリ（建物表記なし）,静岡県三島市東大場１,1660,195.0,28.1,1500,—,—,,不明,接道・区分情報なし、詳細/役場で要確認,,2026-06-17,NG:東大場,https://suumo.jp/chukoikkodate/shizuoka/sc_mishima/nc_20889912/,不適合
SUUMO 中古戸建 三島市,三島市,更地,土地カテゴリ（建物表記なし）,静岡県三島市芙蓉台３-12-5,1680,258.3,21.5,1500,—,—,,不明,接道・区分情報なし、詳細/役場で要確認,,2026-06-17,,https://suumo.jp/chukoikkodate/shizuoka/sc_mishima/nc_78935621/,不適合
SUUMO 中古戸建 三島市,三島市,更地,土地カテゴリ（建物表記なし）,静岡県三島市東町,1699,148.0,37.9,1500,田,—,,不明,接道・区分情報なし、詳細/役場で要確認,,2026-06-17,,https://suumo.jp/chukoikkodate/shizuoka/sc_mishima/nc_21006021/,不適合
SUUMO 中古戸建 三島市,三島市,更地,土地カテゴリ（建物表記なし）,静岡県三島市東町8-4,1699,148.0,37.9,1500,田,—,,不明,接道・区分情報なし、詳細/役場で要確認,,2026-06-17,,https://suumo.jp/chukoikkodate/shizuoka/sc_mishima/nc_20942479/,不適合
SUUMO 中古戸建 三島市,三島市,更地,土地カテゴリ（建物表記なし）,静岡県三島市東大場２,1780,183.2,32.1,1500,—,—,,不明,接道・区分情報なし、詳細/役場で要確認,,2026-06-17,NG:東大場,https://suumo.jp/chukoikkodate/shizuoka/sc_mishima/nc_79228864/,不適合
SUUMO 中古戸建 三島市,三島市,中古戸建,中古戸建/住宅カテゴリ,静岡県三島市谷田,1780,172.2,34.2,3000,田,—,,不明,接道・区分情報なし。建物ありだが現行法での再建築可否は役場で要確認,,2026-06-17,,https://suumo.jp/chukoikkodate/shizuoka/sc_mishima/nc_20678573/,不適合
SUUMO 中古戸建 三島市,三島市,更地,土地カテゴリ（建物表記なし）,静岡県三島市東町7-34,1780,120.5,48.8,1500,田,—,,不明,接道・区分情報なし、詳細/役場で要確認,,2026-06-17,,https://suumo.jp/chukoikkodate/shizuoka/sc_mishima/nc_78834566/,不適合
SUUMO 中古戸建 三島市,三島市,更地,土地カテゴリ（建物表記なし）,静岡県三島市初音台,1799,147.6,40.3,1500,—,—,,不明,接道・区分情報なし、詳細/役場で要確認,,2026-06-17,,https://suumo.jp/chukoikkodate/shizuoka/sc_mishima/nc_20894246/,不適合
SUUMO 中古戸建 三島市,三島市,更地,土地カテゴリ（建物表記なし）,静岡県三島市初音台,1849,147.6,41.4,1500,—,—,,不明,接道・区分情報なし、詳細/役場で要確認,,2026-06-17,,https://suumo.jp/chukoikkodate/shizuoka/sc_mishima/nc_20996355/,不適合
SUUMO 中古戸建 三島市,三島市,更地,土地カテゴリ（建物表記なし）,静岡県三島市三恵台,1980,202.6,32.3,1500,—,—,,不明,接道・区分情報なし、詳細/役場で要確認,,2026-07-16,,https://suumo.jp/chukoikkodate/shizuoka/sc_mishima/nc_20612460/,不適合
SUUMO 中古戸建 三島市,三島市,更地,土地カテゴリ（建物表記なし）,静岡県三島市芙蓉台２,1990,396.1,16.6,1500,—,—,,不明,接道・区分情報なし、詳細/役場で要確認,,2026-06-17,,https://suumo.jp/chukoikkodate/shizuoka/sc_mishima/nc_74405003/,不適合
SUUMO 中古戸建 三島市,三島市,更地,土地カテゴリ（建物表記なし）,静岡県三島市芙蓉台２,1990,396.1,16.6,1500,—,—,,不明,接道・区分情報なし、詳細/役場で要確認,,2026-06-17,,https://suumo.jp/chukoikkodate/shizuoka/sc_mishima/nc_74658742/,不適合
SUUMO 中古戸建 三島市,三島市,更地,土地カテゴリ（建物表記なし）,静岡県三島市東大場１-29-4,1999,202.4,32.6,1500,—,—,,不明,接道・区分情報なし、詳細/役場で要確認,,2026-06-17,NG:東大場,https://suumo.jp/chukoikkodate/shizuoka/sc_mishima/nc_20903734/,不適合
SUUMO 中古戸建 三島市,三島市,更地,土地カテゴリ（建物表記なし）,静岡県三島市中田町,2000,159.1,41.6,1500,田,—,接道がありません。　　→再建,×,掲載に再建築不可の表記（新規建築不可）,,2026-06-17,注意:再建築不可,https://suumo.jp/chukoikkodate/shizuoka/sc_mishima/nc_74608345/,不適合
SUUMO 中古戸建 三島市,三島市,更地,土地カテゴリ（建物表記なし）,静岡県三島市富士ビレッジ,2200,103.6,70.2,1500,—,—,,不明,接道・区分情報なし、詳細/役場で要確認,,2026-06-28,,https://suumo.jp/chukoikkodate/shizuoka/sc_mishima/nc_21081410/,不適合
SUUMO 中古戸建 三島市,三島市,更地,土地カテゴリ（建物表記なし）,静岡県三島市芙蓉台１,2230,303.8,24.3,1500,—,—,,不明,接道・区分情報なし、詳細/役場で要確認,,2026-06-17,,https://suumo.jp/chukoikkodate/shizuoka/sc_mishima/nc_79214986/,不適合
SUUMO 中古戸建 三島市,三島市,更地,土地カテゴリ（建物表記なし）,静岡県三島市芙蓉台１,2230,303.8,24.3,1500,宅地,—,,不明,接道・区分情報なし、詳細/役場で要確認,,2026-06-26,,https://suumo.jp/chukoikkodate/shizuoka/sc_mishima/nc_21156446/,不適合
SUUMO 中古戸建 三島市,三島市,更地,土地カテゴリ（建物表記なし）,静岡県三島市東大場２,2290,212.9,35.6,1500,—,—,,不明,接道・区分情報なし、詳細/役場で要確認,,2026-06-17,NG:東大場,https://suumo.jp/chukoikkodate/shizuoka/sc_mishima/nc_74409117/,不適合
SUUMO 中古戸建 三島市,三島市,更地,土地カテゴリ（建物表記なし）,静岡県三島市東大場２,2290,212.9,35.6,1500,—,—,,不明,接道・区分情報なし、詳細/役場で要確認,,2026-06-17,NG:東大場,https://suumo.jp/chukoikkodate/shizuoka/sc_mishima/nc_76520945/,不適合
SUUMO 中古戸建 三島市,三島市,更地,土地カテゴリ（建物表記なし）,静岡県三島市徳倉64,2299,196.4,38.7,1500,—,—,,不明,接道・区分情報なし、詳細/役場で要確認,,2026-07-24,,https://suumo.jp/chukoikkodate/shizuoka/sc_mishima/nc_21352603/,不適合
SUUMO 中古戸建 三島市,三島市,更地,土地カテゴリ（建物表記なし）,静岡県三島市三恵台27番地2,2349,205.4,37.8,1500,—,—,,不明,接道・区分情報なし、詳細/役場で要確認,,2026-06-17,,https://suumo.jp/chukoikkodate/shizuoka/sc_mishima/nc_21053463/,不適合
SUUMO 中古戸建 三島市,三島市,更地,土地カテゴリ（建物表記なし）,静岡県三島市富士ビレッジ,2380,153.0,51.4,1500,—,—,,不明,接道・区分情報なし、詳細/役場で要確認,,2026-07-21,,https://suumo.jp/chukoikkodate/shizuoka/sc_mishima/nc_21333924/,不適合
SUUMO 中古戸建 三島市,三島市,更地,土地カテゴリ（建物表記なし）,静岡県三島市千枚原,2380,212.5,37.0,1500,—,—,,不明,接道・区分情報なし、詳細/役場で要確認,,2026-07-17,,https://suumo.jp/chukoikkodate/shizuoka/sc_mishima/nc_21305301/,不適合
SUUMO 中古戸建 三島市,三島市,更地,土地カテゴリ（建物表記なし）,静岡県三島市富士見台14-6,2399,210.6,37.7,1500,宅地,—,,不明,接道・区分情報なし、詳細/役場で要確認,,2026-06-23,,https://suumo.jp/chukoikkodate/shizuoka/sc_mishima/nc_20830972/,不適合
SUUMO 中古戸建 三島市,三島市,更地,土地カテゴリ（建物表記なし）,静岡県三島市南田町,2400,112.4,70.6,1500,田,—,,不明,接道・区分情報なし、詳細/役場で要確認,,2026-06-17,,https://suumo.jp/chukoikkodate/shizuoka/sc_mishima/nc_20800974/,不適合
SUUMO 中古戸建 三島市,三島市,更地,土地カテゴリ（建物表記なし）,静岡県三島市富士見台,2450,194.3,41.7,1500,—,—,,不明,接道・区分情報なし、詳細/役場で要確認,,2026-07-19,,https://suumo.jp/chukoikkodate/shizuoka/sc_mishima/nc_20161577/,不適合
SUUMO 中古戸建 三島市,三島市,更地,土地カテゴリ（建物表記なし）,静岡県三島市富士見台18-4,2450,194.3,41.7,1500,—,—,,不明,接道・区分情報なし、詳細/役場で要確認,,2026-07-14,,https://suumo.jp/chukoikkodate/shizuoka/sc_mishima/nc_20899290/,不適合
SUUMO 中古戸建 三島市,三島市,中古戸建,中古戸建/住宅カテゴリ,静岡県三島市錦が丘3-2,2499,187.7,44.0,3000,—,—,,不明,接道・区分情報なし。建物ありだが現行法での再建築可否は役場で要確認,,2026-07-13,,https://suumo.jp/chukoikkodate/shizuoka/sc_mishima/nc_21277230/,不適合
SUUMO 中古戸建 三島市,三島市,更地,土地カテゴリ（建物表記なし）,静岡県三島市錦が丘,2499,187.7,44.0,1500,—,—,,不明,接道・区分情報なし、詳細/役場で要確認,,2026-07-21,,https://suumo.jp/chukoikkodate/shizuoka/sc_mishima/nc_21309422/,不適合
SUUMO 中古戸建 三島市,三島市,更地,土地カテゴリ（建物表記なし）,静岡県三島市錦が丘3-2,2499,187.7,44.0,1500,—,—,,不明,接道・区分情報なし、詳細/役場で要確認,,2026-07-22,,https://suumo.jp/chukoikkodate/shizuoka/sc_mishima/nc_21339469/,不適合
SUUMO 中古戸建 三島市,三島市,更地,土地カテゴリ（建物表記なし）,静岡県三島市錦が丘,2499,187.7,44.0,1500,田,—,,不明,接道・区分情報なし、詳細/役場で要確認,,2026-07-20,,https://suumo.jp/chukoikkodate/shizuoka/sc_mishima/nc_21330917/,不適合
SUUMO 中古戸建 三島市,三島市,更地,土地カテゴリ（建物表記なし）,静岡県三島市錦が丘,2549,187.7,44.9,1500,—,—,,不明,接道・区分情報なし、詳細/役場で要確認,,2026-07-20,,https://suumo.jp/chukoikkodate/shizuoka/sc_mishima/nc_21329773/,不適合
SUUMO 中古戸建 三島市,三島市,更地,土地カテゴリ（建物表記なし）,静岡県三島市錦が丘,2549,187.7,44.9,1500,—,—,,不明,接道・区分情報なし、詳細/役場で要確認,,2026-06-17,,https://suumo.jp/chukoikkodate/shizuoka/sc_mishima/nc_20789375/,不適合
SUUMO 中古戸建 三島市,三島市,中古戸建,中古戸建/住宅カテゴリ,静岡県三島市錦が丘,2549,187.7,44.9,3000,—,—,,不明,接道・区分情報なし。建物ありだが現行法での再建築可否は役場で要確認,,2026-07-17,,https://suumo.jp/chukoikkodate/shizuoka/sc_mishima/nc_21305944/,不適合
SUUMO 中古戸建 三島市,三島市,更地,土地カテゴリ（建物表記なし）,静岡県三島市芙蓉台３,2600,495.8,17.3,1500,宅地,—,,不明,接道・区分情報なし、詳細/役場で要確認,,2026-06-17,,https://suumo.jp/chukoikkodate/shizuoka/sc_mishima/nc_79034922/,不適合
SUUMO 中古戸建 三島市,三島市,更地,土地カテゴリ（建物表記なし）,静岡県三島市萩,2649,197.9,44.2,1500,—,—,,不明,接道・区分情報なし、詳細/役場で要確認,,2026-06-30,,https://suumo.jp/chukoikkodate/shizuoka/sc_mishima/nc_21084329/,不適合
SUUMO 中古戸建 三島市,三島市,中古戸建,中古戸建/住宅カテゴリ,静岡県三島市萩320-83,2649,197.9,44.2,3000,—,—,,不明,接道・区分情報なし。建物ありだが現行法での再建築可否は役場で要確認,,2026-06-17,,https://suumo.jp/chukoikkodate/shizuoka/sc_mishima/nc_20968206/,不適合
SUUMO 中古戸建 三島市,三島市,更地,土地カテゴリ（建物表記なし）,静岡県三島市萩,2649,197.9,44.2,1500,—,—,,不明,接道・区分情報なし、詳細/役場で要確認,,2026-07-20,,https://suumo.jp/chukoikkodate/shizuoka/sc_mishima/nc_21068156/,不適合
SUUMO 中古戸建 三島市,三島市,更地,土地カテゴリ（建物表記なし）,静岡県三島市萩,2649,197.9,44.2,1500,—,—,,不明,接道・区分情報なし、詳細/役場で要確認,,2026-06-17,,https://suumo.jp/chukoikkodate/shizuoka/sc_mishima/nc_21080839/,不適合
SUUMO 中古戸建 三島市,三島市,更地,土地カテゴリ（建物表記なし）,静岡県三島市萩,2649,197.9,44.2,1500,—,—,,不明,接道・区分情報なし、詳細/役場で要確認,,2026-07-04,,https://suumo.jp/chukoikkodate/shizuoka/sc_mishima/nc_21206353/,不適合
SUUMO 中古戸建 三島市,三島市,更地,土地カテゴリ（建物表記なし）,静岡県三島市萩,2649,197.9,44.2,1500,—,—,,不明,接道・区分情報なし、詳細/役場で要確認,,2026-06-21,,https://suumo.jp/chukoikkodate/shizuoka/sc_mishima/nc_21117173/,不適合
SUUMO 中古戸建 三島市,三島市,更地,土地カテゴリ（建物表記なし）,静岡県三島市萩,2649,197.9,44.2,1500,—,—,,不明,接道・区分情報なし、詳細/役場で要確認,,2026-07-20,,https://suumo.jp/chukoikkodate/shizuoka/sc_mishima/nc_21329928/,不適合
SUUMO 中古戸建 三島市,三島市,更地,土地カテゴリ（建物表記なし）,静岡県三島市安久,2680,183.6,48.3,1500,—,—,,不明,接道・区分情報なし、詳細/役場で要確認,,2026-06-17,,https://suumo.jp/chukoikkodate/shizuoka/sc_mishima/nc_79083841/,不適合
SUUMO 中古戸建 三島市,三島市,更地,土地カテゴリ（建物表記なし）,静岡県三島市北沢,2780,184.8,49.7,1500,—,—,,不明,接道・区分情報なし、詳細/役場で要確認,,2026-06-29,,https://suumo.jp/chukoikkodate/shizuoka/sc_mishima/nc_21176917/,不適合
SUUMO 中古戸建 三島市,三島市,更地,土地カテゴリ（建物表記なし）,静岡県三島市北沢,2780,184.8,49.7,1500,田,—,,不明,接道・区分情報なし、詳細/役場で要確認,,2026-06-29,,https://suumo.jp/chukoikkodate/shizuoka/sc_mishima/nc_21177387/,不適合
SUUMO 中古戸建 三島市,三島市,更地,土地カテゴリ（建物表記なし）,静岡県三島市北沢,2780,184.8,49.7,1500,—,—,,不明,接道・区分情報なし、詳細/役場で要確認,,2026-06-17,,https://suumo.jp/chukoikkodate/shizuoka/sc_mishima/nc_20881124/,不適合
SUUMO 中古戸建 三島市,三島市,更地,土地カテゴリ（建物表記なし）,静岡県三島市北沢,2780,184.8,49.7,1500,—,—,,不明,接道・区分情報なし、詳細/役場で要確認,,2026-07-22,,https://suumo.jp/chukoikkodate/shizuoka/sc_mishima/nc_20069671/,不適合
SUUMO 中古戸建 三島市,三島市,更地,土地カテゴリ（建物表記なし）,静岡県三島市東大場２,2980,190.9,51.6,1500,—,—,,不明,接道・区分情報なし、詳細/役場で要確認,,2026-06-17,NG:東大場,https://suumo.jp/chukoikkodate/shizuoka/sc_mishima/nc_73629527/,不適合
SUUMO 中古戸建 三島市,三島市,更地,土地カテゴリ（建物表記なし）,静岡県三島市梅名,2980,124.4,79.2,1500,—,—,,不明,接道・区分情報なし、詳細/役場で要確認,,2026-06-17,,https://suumo.jp/chukoikkodate/shizuoka/sc_mishima/nc_20635945/,不適合
SUUMO 中古戸建 三島市,三島市,更地,土地カテゴリ（建物表記なし）,静岡県三島市梅名,2980,216.2,45.6,1500,—,—,,不明,接道・区分情報なし、詳細/役場で要確認,,2026-06-17,,https://suumo.jp/chukoikkodate/shizuoka/sc_mishima/nc_20334289/,不適合
SUUMO 中古戸建 三島市,三島市,更地,土地カテゴリ（建物表記なし）,静岡県三島市松本,2980,175.1,56.3,1500,—,—,,不明,接道・区分情報なし、詳細/役場で要確認,,2026-07-05,,https://suumo.jp/chukoikkodate/shizuoka/sc_mishima/nc_78689369/,不適合
SUUMO 中古戸建 三島市,三島市,更地,土地カテゴリ（建物表記なし）,静岡県三島市若松町,2980,250.1,39.4,1500,田,—,,不明,接道・区分情報なし、詳細/役場で要確認,,2026-06-17,,https://suumo.jp/chukoikkodate/shizuoka/sc_mishima/nc_20412501/,不適合
SUUMO 中古戸建 三島市,三島市,更地,土地カテゴリ（建物表記なし）,静岡県三島市萩,2980,191.0,51.6,1500,—,—,,不明,接道・区分情報なし、詳細/役場で要確認,,2026-06-17,,https://suumo.jp/chukoikkodate/shizuoka/sc_mishima/nc_78930775/,不適合
SUUMO 中古戸建 三島市,三島市,更地,土地カテゴリ（建物表記なし）,静岡県三島市大場,3100,159.3,64.3,1500,—,—,,不明,接道・区分情報なし、詳細/役場で要確認,,2026-06-22,,https://suumo.jp/chukoikkodate/shizuoka/sc_mishima/nc_21130543/,不適合
SUUMO 中古戸建 三島市,三島市,更地,土地カテゴリ（建物表記なし）,静岡県三島市大場,3100,159.3,64.3,1500,田,—,,不明,接道・区分情報なし、詳細/役場で要確認,,2026-06-17,,https://suumo.jp/chukoikkodate/shizuoka/sc_mishima/nc_21022444/,不適合
SUUMO 中古戸建 三島市,三島市,更地,土地カテゴリ（建物表記なし）,静岡県三島市大場,3100,159.3,64.3,1500,—,—,,不明,接道・区分情報なし、詳細/役場で要確認,,2026-06-28,,https://suumo.jp/chukoikkodate/shizuoka/sc_mishima/nc_21166429/,不適合
SUUMO 中古戸建 三島市,三島市,更地,土地カテゴリ（建物表記なし）,静岡県三島市大場,3100,159.3,64.3,1500,—,—,,不明,接道・区分情報なし、詳細/役場で要確認,,2026-06-28,,https://suumo.jp/chukoikkodate/shizuoka/sc_mishima/nc_21072578/,不適合
SUUMO 中古戸建 三島市,三島市,更地,土地カテゴリ（建物表記なし）,静岡県三島市青木,3180,335.5,31.3,1500,—,—,,不明,接道・区分情報なし、詳細/役場で要確認,,2026-06-17,,https://suumo.jp/chukoikkodate/shizuoka/sc_mishima/nc_20280637/,不適合
SUUMO 中古戸建 三島市,三島市,更地,土地カテゴリ（建物表記なし）,静岡県三島市御園,3280,201.1,53.9,1500,田,—,,不明,接道・区分情報なし、詳細/役場で要確認,,2026-06-17,,https://suumo.jp/chukoikkodate/shizuoka/sc_mishima/nc_77717583/,不適合
SUUMO 中古戸建 三島市,三島市,更地,土地カテゴリ（建物表記なし）,静岡県三島市徳倉１,3280,104.9,103.4,1500,—,—,,不明,接道・区分情報なし、詳細/役場で要確認,,2026-07-14,,https://suumo.jp/chukoikkodate/shizuoka/sc_mishima/nc_21288610/,不適合
SUUMO 中古戸建 三島市,三島市,更地,土地カテゴリ（建物表記なし）,静岡県三島市青木,3300,223.1,48.9,1500,—,—,,不明,接道・区分情報なし、詳細/役場で要確認,,2026-06-19,,https://suumo.jp/chukoikkodate/shizuoka/sc_mishima/nc_21097265/,不適合
SUUMO 中古戸建 三島市,三島市,更地,土地カテゴリ（建物表記なし）,静岡県三島市安久,3480,153.1,75.1,1500,—,—,接道があります。　　→陽当た,不明,接道・区分情報なし、詳細/役場で要確認,,2026-07-20,,https://suumo.jp/chukoikkodate/shizuoka/sc_mishima/nc_21332067/,不適合
SUUMO 中古戸建 三島市,三島市,更地,土地カテゴリ（建物表記なし）,静岡県三島市萩,3500,547.0,21.2,1500,田,—,,不明,接道・区分情報なし、詳細/役場で要確認,,2026-06-17,,https://suumo.jp/chukoikkodate/shizuoka/sc_mishima/nc_20815684/,不適合
SUUMO 中古戸建 三島市,三島市,更地,土地カテゴリ（建物表記なし）,静岡県三島市松が丘,3680,177.6,68.5,1500,—,—,,不明,接道・区分情報なし、詳細/役場で要確認,,2026-07-21,,https://suumo.jp/chukoikkodate/shizuoka/sc_mishima/nc_79161567/,不適合
SUUMO 中古戸建 三島市,三島市,更地,土地カテゴリ（建物表記なし）,静岡県三島市東本町２,3880,103.7,123.7,1500,—,—,,不明,接道・区分情報なし、詳細/役場で要確認,,2026-06-17,,https://suumo.jp/chukoikkodate/shizuoka/sc_mishima/nc_70054134/,不適合
SUUMO 中古戸建 三島市,三島市,更地,土地カテゴリ（建物表記なし）,静岡県三島市谷田,3980,188.5,69.8,1500,田,—,,不明,接道・区分情報なし、詳細/役場で要確認,,2026-07-10,,https://suumo.jp/chukoikkodate/shizuoka/sc_mishima/nc_20175873/,不適合
SUUMO 中古戸建 三島市,三島市,更地,土地カテゴリ（建物表記なし）,静岡県三島市富田町,3980,98.5,133.6,1500,田,—,,不明,接道・区分情報なし、詳細/役場で要確認,,2026-06-17,,https://suumo.jp/chukoikkodate/shizuoka/sc_mishima/nc_74285041/,不適合
SUUMO 中古戸建 三島市,三島市,中古戸建,中古戸建/住宅カテゴリ,静岡県三島市谷田,3990,158.2,83.4,3000,田,—,,不明,接道・区分情報なし。建物ありだが現行法での再建築可否は役場で要確認,,2026-06-17,,https://suumo.jp/chukoikkodate/shizuoka/sc_mishima/nc_21054271/,不適合
SUUMO 中古戸建 三島市,三島市,更地,土地カテゴリ（建物表記なし）,静岡県三島市富士ビレッジ,4250,170.7,82.3,1500,—,—,,不明,接道・区分情報なし、詳細/役場で要確認,,2026-06-17,,https://suumo.jp/chukoikkodate/shizuoka/sc_mishima/nc_20281404/,不適合
SUUMO 中古戸建 三島市,三島市,更地,土地カテゴリ（建物表記なし）,静岡県三島市加茂,4280,198.4,71.3,1500,—,—,,不明,接道・区分情報なし、詳細/役場で要確認,,2026-07-06,,https://suumo.jp/chukoikkodate/shizuoka/sc_mishima/nc_21065142/,不適合
SUUMO 中古戸建 三島市,三島市,更地,土地カテゴリ（建物表記なし）,静岡県三島市徳倉３,4500,200.8,74.1,1500,—,—,,不明,接道・区分情報なし、詳細/役場で要確認,,2026-06-17,,https://suumo.jp/chukoikkodate/shizuoka/sc_mishima/nc_20479193/,不適合
SUUMO 中古戸建 三島市,三島市,更地,土地カテゴリ（建物表記なし）,静岡県三島市徳倉３,4600,190.8,79.7,1500,—,—,,不明,接道・区分情報なし、詳細/役場で要確認,,2026-06-17,,https://suumo.jp/chukoikkodate/shizuoka/sc_mishima/nc_73247784/,不適合
SUUMO 中古戸建 三島市,三島市,更地,土地カテゴリ（建物表記なし）,静岡県三島市徳倉３,4600,190.8,79.7,1500,—,—,,不明,接道・区分情報なし、詳細/役場で要確認,,2026-06-17,,https://suumo.jp/chukoikkodate/shizuoka/sc_mishima/nc_78117507/,不適合
SUUMO 中古戸建 三島市,三島市,更地,土地カテゴリ（建物表記なし）,静岡県三島市徳倉３,4600,190.8,79.7,1500,—,—,,不明,接道・区分情報なし、詳細/役場で要確認,,2026-06-17,,https://suumo.jp/chukoikkodate/shizuoka/sc_mishima/nc_78030962/,不適合
SUUMO 中古戸建 三島市,三島市,更地,土地カテゴリ（建物表記なし）,静岡県三島市佐野見晴台１,4700,252.3,61.6,1500,—,—,,不明,接道・区分情報なし、詳細/役場で要確認,,2026-06-17,,https://suumo.jp/chukoikkodate/shizuoka/sc_mishima/nc_78762527/,不適合
SUUMO 中古戸建 三島市,三島市,更地,土地カテゴリ（建物表記なし）,静岡県三島市千枚原,4780,208.1,75.9,1500,—,—,,不明,接道・区分情報なし、詳細/役場で要確認,,2026-06-17,,https://suumo.jp/chukoikkodate/shizuoka/sc_mishima/nc_74854386/,不適合
SUUMO 中古戸建 三島市,三島市,更地,土地カテゴリ（建物表記なし）,静岡県三島市千枚原,4780,208.1,75.9,1500,—,—,,不明,接道・区分情報なし、詳細/役場で要確認,,2026-06-17,,https://suumo.jp/chukoikkodate/shizuoka/sc_mishima/nc_78504229/,不適合
SUUMO 中古戸建 三島市,三島市,更地,土地カテゴリ（建物表記なし）,静岡県三島市千枚原,4780,208.1,75.9,1500,—,—,,不明,接道・区分情報なし、詳細/役場で要確認,,2026-06-17,,https://suumo.jp/chukoikkodate/shizuoka/sc_mishima/nc_75101635/,不適合
SUUMO 中古戸建 三島市,三島市,更地,土地カテゴリ（建物表記なし）,静岡県三島市富田町,4800,122.1,130.0,1500,田,—,,不明,接道・区分情報なし、詳細/役場で要確認,,2026-07-11,,https://suumo.jp/chukoikkodate/shizuoka/sc_mishima/nc_21237980/,不適合
SUUMO 中古戸建 三島市,三島市,更地,土地カテゴリ（建物表記なし）,静岡県三島市北田町,5200,255.3,67.3,1500,田,—,,不明,接道・区分情報なし、詳細/役場で要確認,,2026-07-14,,https://suumo.jp/chukoikkodate/shizuoka/sc_mishima/nc_20757963/,不適合
SUUMO 中古戸建 三島市,三島市,更地,土地カテゴリ（建物表記なし）,静岡県三島市南二日町,5480,330.6,54.8,1500,—,—,,不明,接道・区分情報なし、詳細/役場で要確認,,2026-06-17,,https://suumo.jp/chukoikkodate/shizuoka/sc_mishima/nc_78992267/,不適合
SUUMO 中古戸建 三島市,三島市,更地,土地カテゴリ（建物表記なし）,静岡県三島市松本,5800,744.3,25.8,1500,—,—,,不明,接道・区分情報なし、詳細/役場で要確認,,2026-06-17,,https://suumo.jp/chukoikkodate/shizuoka/sc_mishima/nc_78684341/,不適合
SUUMO 中古戸建 三島市,三島市,更地,土地カテゴリ（建物表記なし）,静岡県三島市塚原新田,11900,331.6,118.6,1500,田,—,,不明,接道・区分情報なし、詳細/役場で要確認,,2026-06-17,,https://suumo.jp/chukoikkodate/shizuoka/sc_mishima/nc_20473892/,不適合
SUUMO 中古戸建 三島市,三島市,更地,土地カテゴリ（建物表記なし）,静岡県三島市塚原新田,11900,331.6,118.6,1500,田,—,,不明,接道・区分情報なし、詳細/役場で要確認,,2026-06-30,,https://suumo.jp/chukoikkodate/shizuoka/sc_mishima/nc_21183172/,不適合
SUUMO 中古戸建 三島市,三島市,更地,土地カテゴリ（建物表記なし）,静岡県三島市長伏,15800,2131.7,24.5,1500,—,—,,不明,接道・区分情報なし、詳細/役場で要確認,,2026-07-13,,https://suumo.jp/chukoikkodate/shizuoka/sc_mishima/nc_91566387/,不適合
SUUMO 賃貸 米子市,米子市,賃貸アパート,賃貸カテゴリ（掲載種別）,鳥取県米子市旗ヶ崎４,5.85,46.3,,5,—,—,,—,賃貸のため対象外,,2026-07-24,,https://suumo.jp/chintai/jnc_000108178986/,不適合
SUUMO 賃貸 米子市,米子市,賃貸アパート,賃貸カテゴリ（掲載種別）,鳥取県米子市旗ヶ崎４,5.85,46.3,,5,—,—,,—,賃貸のため対象外,,2026-07-24,,https://suumo.jp/chintai/jnc_000108706276/,不適合
SUUMO 賃貸 米子市,米子市,賃貸アパート,賃貸カテゴリ（掲載種別）,鳥取県米子市蚊屋,5.6,43.8,,5,—,—,,—,賃貸のため対象外,,2026-07-24,,https://suumo.jp/chintai/jnc_000088460680/,不適合
SUUMO 賃貸 米子市,米子市,賃貸アパート,賃貸カテゴリ（掲載種別）,鳥取県米子市陽田町,5.3,50.2,,5,田,—,,—,賃貸のため対象外,,2026-07-24,,https://suumo.jp/chintai/jnc_000095654609/,不適合
SUUMO 賃貸 米子市,米子市,賃貸アパート,賃貸カテゴリ（掲載種別）,鳥取県米子市淀江町西原,5.3,50.1,,5,—,—,,—,賃貸のため対象外,,2026-07-24,,https://suumo.jp/chintai/jnc_000108699919/,不適合
SUUMO 賃貸 米子市,米子市,賃貸アパート,賃貸カテゴリ（掲載種別）,鳥取県米子市淀江町西原,5.3,50.1,,5,—,—,,—,賃貸のため対象外,,2026-07-24,,https://suumo.jp/chintai/jnc_000108196116/,不適合
SUUMO 賃貸 米子市,米子市,賃貸アパート,賃貸カテゴリ（掲載種別）,鳥取県米子市立町４,6.55,59.2,,5,—,—,,—,賃貸のため対象外,,2026-07-24,,https://suumo.jp/chintai/jnc_000108602248/,不適合
SUUMO 賃貸 米子市,米子市,賃貸アパート,賃貸カテゴリ（掲載種別）,鳥取県米子市立町４,6.65,59.2,,5,—,—,,—,賃貸のため対象外,,2026-07-24,,https://suumo.jp/chintai/jnc_000108651389/,不適合
SUUMO 賃貸 米子市,米子市,賃貸アパート,賃貸カテゴリ（掲載種別）,鳥取県米子市中島１,8.0,52.4,,5,—,—,,—,賃貸のため対象外,,2026-07-24,,https://suumo.jp/chintai/jnc_000108646216/,不適合
SUUMO 賃貸 米子市,米子市,賃貸アパート,賃貸カテゴリ（掲載種別）,鳥取県米子市富益町,5.55,50.4,,5,—,—,,—,賃貸のため対象外,,2026-07-24,,https://suumo.jp/chintai/jnc_000108737329/,不適合
SUUMO 賃貸 米子市,米子市,賃貸アパート,賃貸カテゴリ（掲載種別）,鳥取県米子市彦名町,4.95,36.3,,5,—,—,,—,賃貸のため対象外,,2026-07-24,,https://suumo.jp/chintai/jnc_000108322932/,適合
SUUMO 賃貸 米子市,米子市,賃貸アパート,賃貸カテゴリ（掲載種別）,鳥取県米子市彦名町,5.05,36.3,,5,—,—,,—,賃貸のため対象外,,2026-07-24,,https://suumo.jp/chintai/jnc_000108737336/,不適合
SUUMO 賃貸 米子市,米子市,賃貸アパート,賃貸カテゴリ（掲載種別）,鳥取県米子市彦名町,4.95,36.3,,5,—,—,,—,賃貸のため対象外,,2026-07-24,,https://suumo.jp/chintai/jnc_000107917211/,適合
SUUMO 賃貸 米子市,米子市,賃貸アパート,賃貸カテゴリ（掲載種別）,鳥取県米子市彦名町,5.05,36.3,,5,—,—,,—,賃貸のため対象外,,2026-07-24,,https://suumo.jp/chintai/jnc_000108719907/,不適合
SUUMO 賃貸 米子市,米子市,賃貸アパート,賃貸カテゴリ（掲載種別）,鳥取県米子市陰田町,5.3,43.2,,5,田,—,,—,賃貸のため対象外,,2026-07-24,,https://suumo.jp/chintai/jnc_000077953147/,不適合
SUUMO 賃貸 米子市,米子市,賃貸アパート,賃貸カテゴリ（掲載種別）,鳥取県米子市陰田町,5.3,40.4,,5,田,—,,—,賃貸のため対象外,,2026-07-24,,https://suumo.jp/chintai/jnc_000077779268/,不適合
SUUMO 賃貸 米子市,米子市,賃貸アパート,賃貸カテゴリ（掲載種別）,鳥取県米子市東福原１,7.9,60.7,,5,—,—,,—,賃貸のため対象外,,2026-07-24,,https://suumo.jp/chintai/jnc_000108724211/,不適合
SUUMO 賃貸 米子市,米子市,賃貸アパート,賃貸カテゴリ（掲載種別）,鳥取県米子市西福原８,5.2,46.6,,5,—,—,,—,賃貸のため対象外,,2026-07-24,,https://suumo.jp/chintai/jnc_000077165374/,不適合
SUUMO 賃貸 米子市,米子市,賃貸アパート,賃貸カテゴリ（掲載種別）,鳥取県米子市皆生温泉２,5.1,31.0,,5,—,—,,—,賃貸のため対象外,,2026-07-24,注意:温泉,https://suumo.jp/chintai/jnc_000070641710/,不適合
SUUMO 賃貸 米子市,米子市,賃貸アパート,賃貸カテゴリ（掲載種別）,鳥取県米子市祇園町２,4.7,28.8,,5,—,—,,—,賃貸のため対象外,,2026-07-24,,https://suumo.jp/chintai/jnc_000108685713/,適合
SUUMO 賃貸 米子市,米子市,賃貸アパート,賃貸カテゴリ（掲載種別）,鳥取県米子市西福原５,5.1,46.4,,5,—,—,,—,賃貸のため対象外,,2026-07-24,,https://suumo.jp/chintai/jnc_000087692516/,不適合
SUUMO 賃貸 米子市,米子市,賃貸アパート,賃貸カテゴリ（掲載種別）,鳥取県米子市上後藤７,9.6,79.0,,5,—,—,,—,賃貸のため対象外,,2026-07-24,,https://suumo.jp/chintai/jnc_000108724209/,不適合
SUUMO 賃貸 米子市,米子市,賃貸アパート,賃貸カテゴリ（掲載種別）,鳥取県米子市米原３,9.0,73.7,,5,—,—,,—,賃貸のため対象外,,2026-07-24,,https://suumo.jp/chintai/jnc_000108719908/,不適合
SUUMO 賃貸 米子市,米子市,賃貸アパート,賃貸カテゴリ（掲載種別）,鳥取県米子市米原３,9.0,73.7,,5,—,—,,—,賃貸のため対象外,,2026-07-24,,https://suumo.jp/chintai/jnc_000108724212/?bc=100518480664,不適合
SUUMO 賃貸 米子市,米子市,賃貸アパート,賃貸カテゴリ（掲載種別）,鳥取県米子市東福原６,8.9,64.9,,5,—,—,,—,賃貸のため対象外,,2026-07-24,,https://suumo.jp/chintai/jnc_000108646218/?bc=100517758252,不適合
SUUMO 賃貸 米子市,米子市,賃貸アパート,賃貸カテゴリ（掲載種別）,鳥取県米子市観音寺新町３,9.9,88.9,,5,—,—,,—,賃貸のため対象外,,2026-07-24,,https://suumo.jp/chintai/jnc_000097753412/?bc=100518574610,不適合
SUUMO 賃貸 米子市,米子市,賃貸マンション,賃貸カテゴリ（掲載種別）,鳥取県米子市大崎,3.53,53.1,,5,—,—,,—,賃貸のため対象外,,2026-07-24,,https://suumo.jp/chintai/jnc_000108153721/?bc=100514368409,適合
SUUMO 賃貸 米子市,米子市,賃貸マンション,賃貸カテゴリ（掲載種別）,鳥取県米子市大崎,3.74,53.1,,5,—,—,,—,賃貸のため対象外,,2026-07-24,,https://suumo.jp/chintai/jnc_000107539959/?bc=100509406401,適合
SUUMO 賃貸 米子市,米子市,賃貸マンション,賃貸カテゴリ（掲載種別）,鳥取県米子市大崎,3.86,53.1,,5,—,—,,—,賃貸のため対象外,,2026-07-24,,https://suumo.jp/chintai/jnc_000107786944/?bc=100511319861,適合
SUUMO 賃貸 米子市,米子市,賃貸マンション,賃貸カテゴリ（掲載種別）,鳥取県米子市大崎,4.27,53.1,,5,—,—,,—,賃貸のため対象外,,2026-07-24,,https://suumo.jp/chintai/jnc_000107786943/?bc=100511319850,適合
SUUMO 賃貸 米子市,米子市,賃貸マンション,賃貸カテゴリ（掲載種別）,鳥取県米子市大崎,4.29,53.1,,5,—,—,,—,賃貸のため対象外,,2026-07-24,,https://suumo.jp/chintai/jnc_000107935323/?bc=100512511960,適合
SUUMO 賃貸 米子市,米子市,賃貸アパート,賃貸カテゴリ（掲載種別）,鳥取県米子市旗ヶ崎４,10.6,85.4,,5,—,—,,—,賃貸のため対象外,,2026-07-24,,https://suumo.jp/chintai/jnc_000108719906/?bc=100518575041,不適合
SUUMO 賃貸 米子市,米子市,賃貸アパート,賃貸カテゴリ（掲載種別）,鳥取県米子市旗ヶ崎４,10.6,85.4,,5,—,—,,—,賃貸のため対象外,,2026-07-24,,https://suumo.jp/chintai/jnc_000108724210/?bc=100518480646,不適合
SUUMO 賃貸 米子市,米子市,賃貸マンション,賃貸カテゴリ（掲載種別）,鳥取県米子市和田町,2.56,33.5,,5,田,—,,—,賃貸のため対象外,,2026-07-24,,https://suumo.jp/chintai/jnc_000108744476/?bc=100518575019,適合
SUUMO 賃貸 米子市,米子市,賃貸マンション,賃貸カテゴリ（掲載種別）,鳥取県米子市和田町,2.76,33.5,,5,田,—,,—,賃貸のため対象外,,2026-07-24,,https://suumo.jp/chintai/jnc_000108205251/?bc=100509056043,適合
SUUMO 賃貸 米子市,米子市,賃貸マンション,賃貸カテゴリ（掲載種別）,鳥取県米子市和田町,2.98,33.5,,5,田,—,,—,賃貸のため対象外,,2026-07-24,,https://suumo.jp/chintai/jnc_000108205252/?bc=100506530845,適合
SUUMO 賃貸 米子市,米子市,賃貸マンション,賃貸カテゴリ（掲載種別）,鳥取県米子市和田町,3.09,33.5,,5,田,—,,—,賃貸のため対象外,,2026-07-24,,https://suumo.jp/chintai/jnc_000108205250/?bc=100506530846,適合
SUUMO 賃貸 米子市,米子市,賃貸マンション,賃貸カテゴリ（掲載種別）,鳥取県米子市安倍,2.33,29.0,,5,—,—,,—,賃貸のため対象外,,2026-07-24,,https://suumo.jp/chintai/jnc_000108602243/?bc=100517434573,適合
SUUMO 賃貸 米子市,米子市,賃貸マンション,賃貸カテゴリ（掲載種別）,鳥取県米子市安倍,3.05,29.0,,5,—,—,,—,賃貸のため対象外,,2026-07-24,,https://suumo.jp/chintai/jnc_000108737326/?bc=100518575027,適合
SUUMO 賃貸 米子市,米子市,賃貸マンション,賃貸カテゴリ（掲載種別）,鳥取県米子市安倍,3.05,29.0,,5,—,—,,—,賃貸のため対象外,,2026-07-24,,https://suumo.jp/chintai/jnc_000108737327/?bc=100518575017,適合
SUUMO 賃貸 米子市,米子市,賃貸マンション,賃貸カテゴリ（掲載種別）,鳥取県米子市安倍,2.33,29.0,,5,—,—,,—,賃貸のため対象外,,2026-07-24,,https://suumo.jp/chintai/jnc_000108550696/?bc=100517398513,適合
SUUMO 賃貸 米子市,米子市,賃貸マンション,賃貸カテゴリ（掲載種別）,鳥取県米子市安倍,3.05,29.0,,5,—,—,,—,賃貸のため対象外,,2026-07-24,,https://suumo.jp/chintai/jnc_000108737325/?bc=100518480572,適合
SUUMO 賃貸 米子市,米子市,賃貸マンション,賃貸カテゴリ（掲載種別）,鳥取県米子市安倍,3.05,29.0,,5,—,—,,—,賃貸のため対象外,,2026-07-24,,https://suumo.jp/chintai/jnc_000108737324/?bc=100518480633,適合
SUUMO 賃貸 米子市,米子市,賃貸アパート,賃貸カテゴリ（掲載種別）,鳥取県米子市両三柳,5.6,57.2,,5,—,—,,—,賃貸のため対象外,,2026-07-24,,https://suumo.jp/chintai/jnc_000106983489/?bc=100506396530,不適合
SUUMO 賃貸 米子市,米子市,賃貸アパート,賃貸カテゴリ（掲載種別）,鳥取県米子市両三柳,5.6,57.2,,5,—,—,,—,賃貸のため対象外,,2026-07-24,,https://suumo.jp/chintai/jnc_000107049696/?bc=100517630495,不適合
SUUMO 賃貸 米子市,米子市,賃貸アパート,賃貸カテゴリ（掲載種別）,鳥取県米子市両三柳,5.4,61.4,,5,—,—,,—,賃貸のため対象外,,2026-07-24,,https://suumo.jp/chintai/jnc_000108737338/?bc=100518480656,不適合
SUUMO 賃貸 米子市,米子市,賃貸アパート,賃貸カテゴリ（掲載種別）,鳥取県米子市観音寺新町２,5.45,45.1,,5,—,—,,—,賃貸のため対象外,,2026-07-24,,https://suumo.jp/chintai/jnc_000108737339/?bc=100518480657,不適合
SUUMO 賃貸 米子市,米子市,賃貸アパート,賃貸カテゴリ（掲載種別）,鳥取県米子市観音寺新町２,5.45,45.0,,5,—,—,,—,賃貸のため対象外,,2026-07-24,,https://suumo.jp/chintai/jnc_000108196114/?bc=100517906870,不適合
SUUMO 賃貸 米子市,米子市,賃貸アパート,賃貸カテゴリ（掲載種別）,鳥取県米子市米原８,5.5,57.6,,5,—,—,,—,賃貸のため対象外,,2026-07-24,,https://suumo.jp/chintai/jnc_000108444758/?bc=100516406326,不適合
SUUMO 賃貸 米子市,米子市,賃貸アパート,賃貸カテゴリ（掲載種別）,鳥取県米子市彦名町,5.0,50.3,,5,—,—,,—,賃貸のため対象外,,2026-07-24,,https://suumo.jp/chintai/jnc_000108737337/?bc=100493368994,適合
SUUMO 賃貸 米子市,米子市,賃貸アパート,賃貸カテゴリ（掲載種別）,鳥取県米子市富益町,5.1,57.0,,5,—,—,,—,賃貸のため対象外,,2026-07-24,,https://suumo.jp/chintai/jnc_000108699912/?bc=100517569135,不適合
SUUMO 賃貸 米子市,米子市,賃貸アパート,賃貸カテゴリ（掲載種別）,鳥取県米子市道笑町４,5.3,45.0,,5,—,—,,—,賃貸のため対象外,,2026-07-24,,https://suumo.jp/chintai/jnc_000108196099/?bc=100518477076,不適合
SUUMO 賃貸 米子市,米子市,賃貸アパート,賃貸カテゴリ（掲載種別）,鳥取県米子市博労町２,4.95,46.8,,5,—,—,,—,賃貸のため対象外,,2026-07-24,,https://suumo.jp/chintai/jnc_000107961587/?bc=100517874173,適合
SUUMO 賃貸 米子市,米子市,賃貸アパート,賃貸カテゴリ（掲載種別）,鳥取県米子市大谷町,5.9,57.6,,5,—,—,,—,賃貸のため対象外,,2026-07-24,,https://suumo.jp/chintai/jnc_000108051399/?bc=100517595164,不適合
SUUMO 賃貸 米子市,米子市,賃貸アパート,賃貸カテゴリ（掲載種別）,鳥取県米子市淀江町中間,6.1,68.1,,5,—,—,,—,賃貸のため対象外,,2026-07-24,,https://suumo.jp/chintai/jnc_000106016045/?bc=100501392105,不適合
SUUMO 賃貸 米子市,米子市,賃貸アパート,賃貸カテゴリ（掲載種別）,鳥取県米子市淀江町中間,6.1,68.1,,5,—,—,,—,賃貸のため対象外,,2026-07-24,,https://suumo.jp/chintai/jnc_000106037158/?bc=100517630499,不適合
SUUMO 賃貸 米子市,米子市,賃貸アパート,賃貸カテゴリ（掲載種別）,鳥取県米子市旗ヶ崎６,5.7,47.1,,5,—,—,,—,賃貸のため対象外,,2026-07-24,,https://suumo.jp/chintai/jnc_000108737331/?bc=100518480574,不適合
SUUMO 賃貸 米子市,米子市,賃貸アパート,賃貸カテゴリ（掲載種別）,鳥取県米子市錦町２,6.0,40.0,,5,—,—,,—,賃貸のため対象外,,2026-07-24,,https://suumo.jp/chintai/jnc_000108211170/?bc=100516217217,不適合
SUUMO 賃貸 米子市,米子市,賃貸アパート,賃貸カテゴリ（掲載種別）,鳥取県米子市錦町２,6.1,40.0,,5,—,—,,—,賃貸のため対象外,,2026-07-24,,https://suumo.jp/chintai/jnc_000108178983/?bc=100517906715,不適合
SUUMO 賃貸 米子市,米子市,賃貸アパート,賃貸カテゴリ（掲載種別）,鳥取県米子市両三柳,5.8,47.9,,5,—,—,,—,賃貸のため対象外,,2026-07-24,,https://suumo.jp/chintai/jnc_000031185242/?bc=100484670187,不適合
SUUMO 賃貸 米子市,米子市,賃貸アパート,賃貸カテゴリ（掲載種別）,鳥取県米子市両三柳,6.0,47.9,,5,—,—,,—,賃貸のため対象外,,2026-07-24,,https://suumo.jp/chintai/jnc_000102503574/?bc=100517068309,不適合
SUUMO 賃貸 米子市,米子市,賃貸アパート,賃貸カテゴリ（掲載種別）,鳥取県米子市道笑町４,5.3,45.0,,5,—,—,,—,賃貸のため対象外,,2026-07-24,,https://suumo.jp/chintai/jnc_000108737330/?bc=100518282926,不適合
SUUMO 賃貸 米子市,米子市,賃貸アパート,賃貸カテゴリ（掲載種別）,鳥取県米子市錦町２,6.0,40.0,,5,—,—,,—,賃貸のため対象外,,2026-07-24,,https://suumo.jp/chintai/jnc_000108276114/?bc=100515178940,不適合
SUUMO 賃貸 米子市,米子市,賃貸アパート,賃貸カテゴリ（掲載種別）,鳥取県米子市錦町２,6.1,40.0,,5,—,—,,—,賃貸のため対象外,,2026-07-24,,https://suumo.jp/chintai/jnc_000108631324/?bc=100517630498,不適合
SUUMO 賃貸 米子市,米子市,賃貸アパート,賃貸カテゴリ（掲載種別）,鳥取県米子市陽田町,5.3,50.2,,5,田,—,,—,賃貸のため対象外,,2026-07-24,,https://suumo.jp/chintai/jnc_000095558495/?bc=100518275117,不適合
SUUMO 賃貸 米子市,米子市,賃貸アパート,賃貸カテゴリ（掲載種別）,鳥取県米子市両三柳,7.2,53.0,,5,—,—,,—,賃貸のため対象外,,2026-07-24,,https://suumo.jp/chintai/jnc_000108492218/?bc=100516194531,不適合
SUUMO 賃貸 米子市,米子市,賃貸アパート,賃貸カテゴリ（掲載種別）,鳥取県米子市美吉,5.5,51.7,,5,—,—,,—,賃貸のため対象外,,2026-07-24,,https://suumo.jp/chintai/jnc_000080766711/?bc=100517569142,不適合
SUUMO 賃貸 米子市,米子市,賃貸アパート,賃貸カテゴリ（掲載種別）,鳥取県米子市観音寺新町２,5.45,45.0,,5,—,—,,—,賃貸のため対象外,,2026-07-24,,https://suumo.jp/chintai/jnc_000108631353/?bc=100517630500,不適合
SUUMO 賃貸 米子市,米子市,賃貸アパート,賃貸カテゴリ（掲載種別）,鳥取県米子市陰田町,5.6,53.0,,5,田,—,,—,賃貸のため対象外,,2026-07-24,,https://suumo.jp/chintai/jnc_000108575069/?bc=100517371479,不適合
SUUMO 賃貸 米子市,米子市,賃貸アパート,賃貸カテゴリ（掲載種別）,鳥取県米子市彦名町,5.85,56.8,,5,—,—,,—,賃貸のため対象外,,2026-07-24,,https://suumo.jp/chintai/jnc_000108433954/?bc=100516217088,不適合
SUUMO 賃貸 米子市,米子市,賃貸マンション,賃貸カテゴリ（掲載種別）,鳥取県米子市旗ヶ崎６,4.9,34.8,,5,—,—,,—,賃貸のため対象外,,2026-07-24,,https://suumo.jp/chintai/jnc_000108737335/?bc=100518480669,適合
SUUMO 賃貸 米子市,米子市,賃貸マンション,賃貸カテゴリ（掲載種別）,鳥取県米子市旗ヶ崎６,5.7,44.6,,5,—,—,,—,賃貸のため対象外,,2026-07-24,,https://suumo.jp/chintai/jnc_000108025913/?bc=100514025599,不適合
SUUMO 賃貸 米子市,米子市,賃貸アパート,賃貸カテゴリ（掲載種別）,鳥取県米子市蚊屋,5.6,43.8,,5,—,—,,—,賃貸のため対象外,,2026-07-24,,https://suumo.jp/chintai/jnc_000088497272/?bc=100518135543,不適合
SUUMO 賃貸 米子市,米子市,賃貸アパート,賃貸カテゴリ（掲載種別）,鳥取県米子市両三柳,5.1,59.5,,5,—,—,,—,賃貸のため対象外,,2026-07-24,,https://suumo.jp/chintai/jnc_000108631337/?bc=100498811826,不適合
SUUMO 賃貸 米子市,米子市,賃貸アパート,賃貸カテゴリ（掲載種別）,鳥取県米子市立町４,6.65,59.2,,5,—,—,,—,賃貸のため対象外,,2026-07-24,,https://suumo.jp/chintai/jnc_000108706273/?bc=100518196103,不適合
SUUMO 賃貸 米子市,米子市,賃貸マンション,賃貸カテゴリ（掲載種別）,鳥取県米子市冨士見町,5.8,42.5,,5,—,—,,—,賃貸のため対象外,,2026-07-24,,https://suumo.jp/chintai/jnc_000105619904/?bc=100496248492,不適合
SUUMO 賃貸 米子市,米子市,賃貸マンション,賃貸カテゴリ（掲載種別）,鳥取県米子市冨士見町,6.0,42.5,,5,—,—,,—,賃貸のため対象外,,2026-07-24,,https://suumo.jp/chintai/jnc_000105119256/?bc=100487302257,不適合
SUUMO 賃貸 米子市,米子市,賃貸マンション,賃貸カテゴリ（掲載種別）,鳥取県米子市冨士見町,6.0,42.5,,5,—,—,,—,賃貸のため対象外,,2026-07-24,,https://suumo.jp/chintai/jnc_000108675156/?bc=100518049795,不適合
SUUMO 賃貸 米子市,米子市,賃貸マンション,賃貸カテゴリ（掲載種別）,鳥取県米子市冨士見町,6.0,42.5,,5,—,—,,—,賃貸のため対象外,,2026-07-24,,https://suumo.jp/chintai/jnc_000106245969/?bc=100512341018,不適合
SUUMO 賃貸 米子市,米子市,賃貸マンション,賃貸カテゴリ（掲載種別）,鳥取県米子市冨士見町,6.1,42.5,,5,—,—,,—,賃貸のため対象外,,2026-07-24,,https://suumo.jp/chintai/jnc_000105760529/?bc=100494051746,不適合
SUUMO 賃貸 米子市,米子市,賃貸マンション,賃貸カテゴリ（掲載種別）,鳥取県米子市冨士見町,6.1,42.5,,5,—,—,,—,賃貸のため対象外,,2026-07-24,,https://suumo.jp/chintai/jnc_000106245970/?bc=100502863934,不適合
SUUMO 賃貸 米子市,米子市,賃貸マンション,賃貸カテゴリ（掲載種別）,鳥取県米子市冨士見町,6.2,42.5,,5,—,—,,—,賃貸のため対象外,,2026-07-24,,https://suumo.jp/chintai/jnc_000107319892/?bc=100507728265,不適合
SUUMO 賃貸 米子市,米子市,賃貸アパート,賃貸カテゴリ（掲載種別）,鳥取県米子市上福原５,6.5,54.2,,5,—,—,,—,賃貸のため対象外,,2026-07-24,,https://suumo.jp/chintai/jnc_000108602247/?bc=100456078585,不適合
SUUMO 賃貸 米子市,米子市,賃貸アパート,賃貸カテゴリ（掲載種別）,鳥取県米子市上福原３,5.3,46.1,,5,—,—,,—,賃貸のため対象外,,2026-07-24,,https://suumo.jp/chintai/jnc_000108567042/?bc=100517596187,不適合
SUUMO 賃貸 米子市,米子市,賃貸アパート,賃貸カテゴリ（掲載種別）,鳥取県米子市淀江町佐陀,5.45,55.7,,5,—,—,,—,賃貸のため対象外,,2026-07-24,,https://suumo.jp/chintai/jnc_000108205255/?bc=100515481840,不適合
SUUMO 賃貸 米子市,米子市,賃貸マンション,賃貸カテゴリ（掲載種別）,鳥取県米子市灘町１,5.7,32.0,,5,—,—,,—,賃貸のため対象外,,2026-07-24,,https://suumo.jp/chintai/jnc_000106666143/?bc=100503901009,不適合
SUUMO 賃貸 米子市,米子市,賃貸アパート,賃貸カテゴリ（掲載種別）,鳥取県米子市淀江町佐陀,5.2,42.7,,5,—,—,,—,賃貸のため対象外,,2026-07-24,,https://suumo.jp/chintai/jnc_000108501821/?bc=100516684719,不適合
SUUMO 賃貸 米子市,米子市,賃貸アパート,賃貸カテゴリ（掲載種別）,鳥取県米子市祇園町２,5.9,41.9,,5,—,—,,—,賃貸のため対象外,,2026-07-24,,https://suumo.jp/chintai/jnc_000108706272/?bc=100485852076,不適合
SUUMO 賃貸 米子市,米子市,賃貸アパート,賃貸カテゴリ（掲載種別）,鳥取県米子市旗ヶ崎１,5.0,32.7,,5,—,—,,—,賃貸のため対象外,,2026-07-24,,https://suumo.jp/chintai/jnc_000108132810/?bc=100493639670,適合
SUUMO 賃貸 米子市,米子市,賃貸アパート,賃貸カテゴリ（掲載種別）,鳥取県米子市旗ヶ崎１,5.0,32.7,,5,—,—,,—,賃貸のため対象外,,2026-07-24,,https://suumo.jp/chintai/jnc_000108118679/?bc=100496813515,適合
SUUMO 賃貸 米子市,米子市,賃貸アパート,賃貸カテゴリ（掲載種別）,鳥取県米子市新開７,5.2,56.8,,5,—,—,,—,賃貸のため対象外,,2026-07-24,,https://suumo.jp/chintai/jnc_000095976761/?bc=100515503069,不適合
SUUMO 賃貸 米子市,米子市,賃貸アパート,賃貸カテゴリ（掲載種別）,鳥取県米子市両三柳,8.1,69.2,,5,—,—,,—,賃貸のため対象外,,2026-07-24,,https://suumo.jp/chintai/jnc_000108021927/?bc=100513369437,不適合
SUUMO 賃貸 米子市,米子市,賃貸アパート,賃貸カテゴリ（掲載種別）,鳥取県米子市両三柳,5.1,48.0,,5,—,—,,—,賃貸のため対象外,,2026-07-24,,https://suumo.jp/chintai/jnc_000103629635/?bc=100479107206,不適合
SUUMO 賃貸 米子市,米子市,賃貸アパート,賃貸カテゴリ（掲載種別）,鳥取県米子市両三柳,5.95,48.0,,5,—,—,,—,賃貸のため対象外,,2026-07-24,,https://suumo.jp/chintai/jnc_000108307076/?bc=100515607650,不適合
SUUMO 賃貸 米子市,米子市,賃貸アパート,賃貸カテゴリ（掲載種別）,鳥取県米子市両三柳,5.95,48.0,,5,—,—,,—,賃貸のため対象外,,2026-07-24,,https://suumo.jp/chintai/jnc_000108528700/?bc=100516868598,不適合
SUUMO 賃貸 米子市,米子市,賃貸アパート,賃貸カテゴリ（掲載種別）,鳥取県米子市旗ヶ崎６,5.4,64.3,,5,—,—,,—,賃貸のため対象外,,2026-07-24,,https://suumo.jp/chintai/jnc_000097887938/?bc=100517595087,不適合
SUUMO 賃貸 米子市,米子市,賃貸アパート,賃貸カテゴリ（掲載種別）,鳥取県米子市大谷町,4.15,31.0,,5,—,—,,—,賃貸のため対象外,,2026-07-24,,https://suumo.jp/chintai/jnc_000108737328/?bc=100518480606,適合
SUUMO 賃貸 米子市,米子市,賃貸アパート,賃貸カテゴリ（掲載種別）,鳥取県米子市両三柳,4.8,31.2,,5,—,—,,—,賃貸のため対象外,,2026-07-24,,https://suumo.jp/chintai/jnc_000108501820/?bc=100516684847,適合
SUUMO 賃貸 米子市,米子市,賃貸アパート,賃貸カテゴリ（掲載種別）,鳥取県米子市両三柳,4.85,31.2,,5,—,—,,—,賃貸のため対象外,,2026-07-24,,https://suumo.jp/chintai/jnc_000108504853/?bc=100517631224,適合
SUUMO 賃貸 米子市,米子市,賃貸アパート,賃貸カテゴリ（掲載種別）,鳥取県米子市米原６,4.9,55.5,,5,—,—,,—,賃貸のため対象外,,2026-07-24,,https://suumo.jp/chintai/jnc_000108497422/?bc=100517114805,適合
SUUMO 賃貸 米子市,米子市,賃貸アパート,賃貸カテゴリ（掲載種別）,鳥取県米子市上福原５,6.8,50.0,,5,—,—,,—,賃貸のため対象外,,2026-07-24,,https://suumo.jp/chintai/jnc_000108356025/?bc=100515799090,不適合
SUUMO 賃貸 米子市,米子市,賃貸アパート,賃貸カテゴリ（掲載種別）,鳥取県米子市旗ヶ崎９,5.5,58.5,,5,—,—,,—,賃貸のため対象外,,2026-07-24,,https://suumo.jp/chintai/jnc_000108593567/?bc=100517630941,不適合
SUUMO 賃貸 米子市,米子市,賃貸アパート,賃貸カテゴリ（掲載種別）,鳥取県米子市皆生温泉２,5.2,35.9,,5,—,—,,—,賃貸のため対象外,,2026-07-24,注意:温泉,https://suumo.jp/chintai/jnc_000082491860/?bc=100502381089,不適合
SUUMO 賃貸 米子市,米子市,賃貸アパート,賃貸カテゴリ（掲載種別）,鳥取県米子市皆生温泉２,5.4,35.9,,5,—,—,,—,賃貸のため対象外,,2026-07-24,注意:温泉,https://suumo.jp/chintai/jnc_000046086552/?bc=100518477241,不適合
SUUMO 賃貸 米子市,米子市,賃貸アパート,賃貸カテゴリ（掲載種別）,鳥取県米子市西福原８,6.2,51.5,,5,—,—,,—,賃貸のため対象外,,2026-07-24,,https://suumo.jp/chintai/jnc_000106892408/?bc=100500725002,不適合
SUUMO 賃貸 米子市,米子市,賃貸アパート,賃貸カテゴリ（掲載種別）,鳥取県米子市東福原１,7.9,60.7,,5,—,—,,—,賃貸のため対象外,,2026-07-24,,https://suumo.jp/chintai/jnc_000108713618/?bc=100518335206,不適合
SUUMO 賃貸 米子市,米子市,賃貸マンション,賃貸カテゴリ（掲載種別）,鳥取県米子市東福原１,4.0,25.0,,5,—,—,,—,賃貸のため対象外,,2026-07-24,,https://suumo.jp/chintai/jnc_000014568715/?bc=100518185751,適合
SUUMO 賃貸 米子市,米子市,賃貸マンション,賃貸カテゴリ（掲載種別）,鳥取県米子市東福原１,5.0,60.5,,5,—,—,,—,賃貸のため対象外,,2026-07-24,,https://suumo.jp/chintai/jnc_000106283020/?bc=100497824102,適合
SUUMO 賃貸 米子市,米子市,賃貸マンション,賃貸カテゴリ（掲載種別）,鳥取県米子市東福原１,5.0,60.5,,5,—,—,,—,賃貸のため対象外,,2026-07-24,,https://suumo.jp/chintai/jnc_000072738261/?bc=100505365703,適合
SUUMO 賃貸 米子市,米子市,賃貸マンション,賃貸カテゴリ（掲載種別）,鳥取県米子市東福原１,6.0,60.5,,5,—,—,,—,賃貸のため対象外,,2026-07-24,,https://suumo.jp/chintai/jnc_000014568714/?bc=100518185680,不適合
SUUMO 賃貸 米子市,米子市,賃貸アパート,賃貸カテゴリ（掲載種別）,鳥取県米子市淀江町佐陀,5.5,45.4,,5,—,—,,—,賃貸のため対象外,,2026-07-24,,https://suumo.jp/chintai/jnc_000106041475/?bc=100455714384,不適合
SUUMO 賃貸 米子市,米子市,賃貸アパート,賃貸カテゴリ（掲載種別）,鳥取県米子市淀江町佐陀,5.5,45.4,,5,—,—,,—,賃貸のため対象外,,2026-07-24,,https://suumo.jp/chintai/jnc_000108680741/?bc=100518096171,不適合
SUUMO 賃貸 米子市,米子市,賃貸アパート,賃貸カテゴリ（掲載種別）,鳥取県米子市淀江町佐陀,5.5,45.4,,5,—,—,,—,賃貸のため対象外,,2026-07-24,,https://suumo.jp/chintai/jnc_000108675158/?bc=100518058622,不適合
SUUMO 賃貸 米子市,米子市,賃貸アパート,賃貸カテゴリ（掲載種別）,鳥取県米子市淀江町佐陀,5.5,45.4,,5,—,—,,—,賃貸のため対象外,,2026-07-24,,https://suumo.jp/chintai/jnc_000106058332/?bc=100498281796,不適合
SUUMO 賃貸 米子市,米子市,賃貸アパート,賃貸カテゴリ（掲載種別）,鳥取県米子市皆生温泉２,5.1,31.0,,5,—,—,,—,賃貸のため対象外,,2026-07-24,注意:温泉,https://suumo.jp/chintai/jnc_000070641711/?bc=100518241710,不適合
SUUMO 賃貸 米子市,米子市,賃貸アパート,賃貸カテゴリ（掲載種別）,鳥取県米子市皆生温泉２,6.25,38.8,,5,—,—,,—,賃貸のため対象外,,2026-07-24,注意:温泉,https://suumo.jp/chintai/jnc_000104587092/?bc=100393741446,不適合
SUUMO 賃貸 米子市,米子市,賃貸アパート,賃貸カテゴリ（掲載種別）,鳥取県米子市皆生温泉２,6.25,38.8,,5,—,—,,—,賃貸のため対象外,,2026-07-24,注意:温泉,https://suumo.jp/chintai/jnc_000107896463/?bc=100457398966,不適合
SUUMO 賃貸 米子市,米子市,賃貸アパート,賃貸カテゴリ（掲載種別）,鳥取県米子市皆生５,6.1,40.1,,5,—,—,,—,賃貸のため対象外,,2026-07-24,,https://suumo.jp/chintai/jnc_000108118673/?bc=100484180179,不適合
SUUMO 賃貸 米子市,米子市,賃貸アパート,賃貸カテゴリ（掲載種別）,鳥取県米子市西福原８,5.5,58.5,,5,—,—,,—,賃貸のため対象外,,2026-07-24,,https://suumo.jp/chintai/jnc_000074387935/?bc=100516219785,不適合
SUUMO 賃貸 米子市,米子市,賃貸アパート,賃貸カテゴリ（掲載種別）,鳥取県米子市皆生４,8.4,62.3,,5,—,—,,—,賃貸のため対象外,,2026-07-24,,https://suumo.jp/chintai/jnc_000108651387/?bc=100517758285,不適合
SUUMO 賃貸 米子市,米子市,賃貸アパート,賃貸カテゴリ（掲載種別）,鳥取県米子市新開６,3.5,23.2,,5,—,—,,—,賃貸のため対象外,,2026-07-24,,https://suumo.jp/chintai/jnc_000108307086/?bc=100387356654,適合
SUUMO 賃貸 米子市,米子市,賃貸アパート,賃貸カテゴリ（掲載種別）,鳥取県米子市新開６,3.7,23.2,,5,—,—,,—,賃貸のため対象外,,2026-07-24,,https://suumo.jp/chintai/jnc_000108307087/?bc=100237905033,適合
SUUMO 賃貸 米子市,米子市,賃貸アパート,賃貸カテゴリ（掲載種別）,鳥取県米子市新開６,5.1,23.2,,5,—,—,,—,賃貸のため対象外,,2026-07-24,,https://suumo.jp/chintai/jnc_000108307084/?bc=100145453781,不適合
SUUMO 賃貸 米子市,米子市,賃貸アパート,賃貸カテゴリ（掲載種別）,鳥取県米子市新開６,5.1,23.2,,5,—,—,,—,賃貸のため対象外,,2026-07-24,,https://suumo.jp/chintai/jnc_000108307082/?bc=100487329980,不適合
SUUMO 賃貸 米子市,米子市,賃貸アパート,賃貸カテゴリ（掲載種別）,鳥取県米子市新開６,5.1,23.2,,5,—,—,,—,賃貸のため対象外,,2026-07-24,,https://suumo.jp/chintai/jnc_000108593571/?bc=100486482409,不適合
SUUMO 賃貸 米子市,米子市,賃貸アパート,賃貸カテゴリ（掲載種別）,鳥取県米子市新開６,5.1,23.2,,5,—,—,,—,賃貸のため対象外,,2026-07-24,,https://suumo.jp/chintai/jnc_000108307085/?bc=100453197094,不適合
SUUMO 賃貸 米子市,米子市,賃貸アパート,賃貸カテゴリ（掲載種別）,鳥取県米子市新開６,5.2,23.2,,5,—,—,,—,賃貸のため対象外,,2026-07-24,,https://suumo.jp/chintai/jnc_000108307083/?bc=100383462924,不適合
SUUMO 賃貸 米子市,米子市,賃貸アパート,賃貸カテゴリ（掲載種別）,鳥取県米子市新開６,5.4,23.2,,5,—,—,,—,賃貸のため対象外,,2026-07-24,,https://suumo.jp/chintai/jnc_000108593572/?bc=100245235248,不適合
SUUMO 賃貸 米子市,米子市,賃貸アパート,賃貸カテゴリ（掲載種別）,鳥取県米子市新開６,5.4,23.2,,5,—,—,,—,賃貸のため対象外,,2026-07-24,,https://suumo.jp/chintai/jnc_000108593573/?bc=100321836973,不適合
SUUMO 賃貸 米子市,米子市,賃貸アパート,賃貸カテゴリ（掲載種別）,鳥取県米子市新開６,5.5,23.2,,5,—,—,,—,賃貸のため対象外,,2026-07-24,,https://suumo.jp/chintai/jnc_000108728825/?bc=100306140557,不適合
SUUMO 賃貸 米子市,米子市,賃貸アパート,賃貸カテゴリ（掲載種別）,鳥取県米子市両三柳,4.0,44.1,,5,—,—,,—,賃貸のため対象外,,2026-07-24,,https://suumo.jp/chintai/jnc_000108059498/?bc=100514640002,適合
SUUMO 賃貸 米子市,米子市,賃貸アパート,賃貸カテゴリ（掲載種別）,鳥取県米子市新開７,5.5,59.6,,5,—,—,,—,賃貸のため対象外,,2026-07-24,,https://suumo.jp/chintai/jnc_000108631349/?bc=100495796456,不適合
SUUMO 賃貸 米子市,米子市,賃貸アパート,賃貸カテゴリ（掲載種別）,鳥取県米子市新開７,6.0,59.6,,5,—,—,,—,賃貸のため対象外,,2026-07-24,,https://suumo.jp/chintai/jnc_000108602263/?bc=100517595064,不適合
SUUMO 賃貸 米子市,米子市,賃貸アパート,賃貸カテゴリ（掲載種別）,鳥取県米子市淀江町佐陀,4.75,46.0,,5,—,—,,—,賃貸のため対象外,,2026-07-24,,https://suumo.jp/chintai/jnc_000108444772/?bc=100516439457,適合
SUUMO 賃貸 米子市,米子市,賃貸アパート,賃貸カテゴリ（掲載種別）,鳥取県米子市祇園町２,4.7,28.8,,5,—,—,,—,賃貸のため対象外,,2026-07-24,,https://suumo.jp/chintai/jnc_000108692944/?bc=100518135542,適合
SUUMO 賃貸 米子市,米子市,賃貸その他,賃貸カテゴリ（掲載種別）,鳥取県米子市上福原７,8.9,55.0,,5,—,—,,—,賃貸のため対象外,,2026-07-24,,https://suumo.jp/chintai/jnc_000108646213/?bc=100517758195,不適合
SUUMO 賃貸 米子市,米子市,賃貸アパート,賃貸カテゴリ（掲載種別）,鳥取県米子市西福原６,7.8,59.0,,5,—,—,,—,賃貸のため対象外,,2026-07-24,,https://suumo.jp/chintai/jnc_000108699914/?bc=100506431717,不適合
SUUMO 賃貸 米子市,米子市,賃貸アパート,賃貸カテゴリ（掲載種別）,鳥取県米子市西福原６,8.2,59.0,,5,—,—,,—,賃貸のため対象外,,2026-07-24,,https://suumo.jp/chintai/jnc_000108486299/?bc=100518335204,不適合
SUUMO 賃貸 米子市,米子市,賃貸アパート,賃貸カテゴリ（掲載種別）,鳥取県米子市上後藤７,9.6,79.0,,5,—,—,,—,賃貸のため対象外,,2026-07-24,,https://suumo.jp/chintai/jnc_000108713612/?bc=100518335203,不適合
SUUMO 賃貸 米子市,米子市,賃貸マンション,賃貸カテゴリ（掲載種別）,鳥取県米子市東町,4.5,29.4,,5,—,—,,—,賃貸のため対象外,,2026-07-24,,https://suumo.jp/chintai/jnc_000108675155/?bc=100518049750,適合
SUUMO 賃貸 米子市,米子市,賃貸マンション,賃貸カテゴリ（掲載種別）,鳥取県米子市東町,4.6,29.4,,5,—,—,,—,賃貸のため対象外,,2026-07-24,,https://suumo.jp/chintai/jnc_000105980954/?bc=100490714287,適合
SUUMO 賃貸 米子市,米子市,賃貸マンション,賃貸カテゴリ（掲載種別）,鳥取県米子市東町,4.6,29.4,,5,—,—,,—,賃貸のため対象外,,2026-07-24,,https://suumo.jp/chintai/jnc_000107319891/?bc=100507728325,適合
SUUMO 賃貸 米子市,米子市,賃貸マンション,賃貸カテゴリ（掲載種別）,鳥取県米子市東町,4.6,29.4,,5,—,—,,—,賃貸のため対象外,,2026-07-24,,https://suumo.jp/chintai/jnc_000105199379/?bc=100491366305,適合
SUUMO 賃貸 米子市,米子市,賃貸アパート,賃貸カテゴリ（掲載種別）,鳥取県米子市西福原６,4.8,56.1,,5,—,—,,—,賃貸のため対象外,,2026-07-24,,https://suumo.jp/chintai/jnc_000108205247/?bc=100515944535,適合
SUUMO 賃貸 米子市,米子市,賃貸アパート,賃貸カテゴリ（掲載種別）,鳥取県米子市西福原６,4.8,56.1,,5,—,—,,—,賃貸のため対象外,,2026-07-24,,https://suumo.jp/chintai/jnc_000106165928/?bc=100486656090,適合
SUUMO 賃貸 米子市,米子市,賃貸アパート,賃貸カテゴリ（掲載種別）,鳥取県米子市新開７,4.65,51.7,,5,—,—,,—,賃貸のため対象外,,2026-07-24,,https://suumo.jp/chintai/jnc_000106666154/?bc=100503046361,適合
SUUMO 賃貸 米子市,米子市,賃貸アパート,賃貸カテゴリ（掲載種別）,鳥取県米子市花園町,3.9,24.9,,5,—,—,,—,賃貸のため対象外,,2026-07-24,,https://suumo.jp/chintai/jnc_000064935650/?bc=100518152079,適合
SUUMO 賃貸 米子市,米子市,賃貸アパート,賃貸カテゴリ（掲載種別）,鳥取県米子市皆生温泉２,5.2,35.9,,5,—,—,,—,賃貸のため対象外,,2026-07-24,注意:温泉,https://suumo.jp/chintai/jnc_000107349625/?bc=100501840365,不適合
SUUMO 賃貸 米子市,米子市,賃貸アパート,賃貸カテゴリ（掲載種別）,鳥取県米子市皆生温泉２,5.4,35.9,,5,—,—,,—,賃貸のため対象外,,2026-07-24,注意:温泉,https://suumo.jp/chintai/jnc_000097753411/?bc=100518096196,不適合
SUUMO 賃貸 米子市,米子市,賃貸アパート,賃貸カテゴリ（掲載種別）,鳥取県米子市皆生温泉２,5.2,35.9,,5,—,—,,—,賃貸のため対象外,,2026-07-24,注意:温泉,https://suumo.jp/chintai/jnc_000082513971/?bc=100501291778,不適合
SUUMO 賃貸 米子市,米子市,賃貸アパート,賃貸カテゴリ（掲載種別）,鳥取県米子市皆生温泉２,5.4,35.9,,5,—,—,,—,賃貸のため対象外,,2026-07-24,注意:温泉,https://suumo.jp/chintai/jnc_000097791075/?bc=100517680945,不適合
SUUMO 賃貸 米子市,米子市,賃貸アパート,賃貸カテゴリ（掲載種別）,鳥取県米子市西福原６,7.8,59.0,,5,—,—,,—,賃貸のため対象外,,2026-07-24,,https://suumo.jp/chintai/jnc_000108696701/?bc=100507755417,不適合
SUUMO 賃貸 米子市,米子市,賃貸アパート,賃貸カテゴリ（掲載種別）,鳥取県米子市西福原６,8.0,59.0,,5,—,—,,—,賃貸のため対象外,,2026-07-24,,https://suumo.jp/chintai/jnc_000107143601/?bc=100507314041,不適合
SUUMO 賃貸 米子市,米子市,賃貸アパート,賃貸カテゴリ（掲載種別）,鳥取県米子市西福原６,8.2,59.0,,5,—,—,,—,賃貸のため対象外,,2026-07-24,,https://suumo.jp/chintai/jnc_000108497419/?bc=100517309851,不適合
SUUMO 賃貸 米子市,米子市,賃貸マンション,賃貸カテゴリ（掲載種別）,鳥取県米子市灘町２,3.8,48.6,,5,—,—,,—,賃貸のため対象外,,2026-07-24,,https://suumo.jp/chintai/jnc_000084155177/?bc=100426278540,適合
SUUMO 賃貸 米子市,米子市,賃貸マンション,賃貸カテゴリ（掲載種別）,鳥取県米子市灘町２,5.3,48.6,,5,—,—,,—,賃貸のため対象外,,2026-07-24,,https://suumo.jp/chintai/jnc_000104741391/?bc=100426123419,不適合
SUUMO 賃貸 米子市,米子市,賃貸マンション,賃貸カテゴリ（掲載種別）,鳥取県米子市灘町２,5.3,48.6,,5,—,—,,—,賃貸のため対象外,,2026-07-24,,https://suumo.jp/chintai/jnc_000059030708/?bc=100517759187,不適合
SUUMO 賃貸 米子市,米子市,賃貸マンション,賃貸カテゴリ（掲載種別）,鳥取県米子市灘町２,5.3,48.6,,5,—,—,,—,賃貸のため対象外,,2026-07-24,,https://suumo.jp/chintai/jnc_000108646217/?bc=100517759194,不適合
SUUMO 賃貸 米子市,米子市,賃貸アパート,賃貸カテゴリ（掲載種別）,鳥取県米子市旗ヶ崎７,7.25,50.0,,5,—,—,,—,賃貸のため対象外,,2026-07-24,,https://suumo.jp/chintai/jnc_000108575075/?bc=100517759032,不適合
SUUMO 賃貸 米子市,米子市,賃貸アパート,賃貸カテゴリ（掲載種別）,鳥取県米子市旗ヶ崎７,7.25,50.0,,5,—,—,,—,賃貸のため対象外,,2026-07-24,,https://suumo.jp/chintai/jnc_000108631329/?bc=100517630496,不適合
SUUMO 賃貸 米子市,米子市,賃貸アパート,賃貸カテゴリ（掲載種別）,鳥取県米子市西福原７,8.2,64.0,,5,—,—,,—,賃貸のため対象外,,2026-07-24,,https://suumo.jp/chintai/jnc_000108519817/?bc=100516868595,不適合
SUUMO 賃貸 米子市,米子市,賃貸アパート,賃貸カテゴリ（掲載種別）,鳥取県米子市旗ヶ崎６,4.0,32.9,,5,—,—,,—,賃貸のため対象外,,2026-07-24,,https://suumo.jp/chintai/jnc_000107158831/?bc=100492009830,適合
SUUMO 賃貸 米子市,米子市,賃貸マンション,賃貸カテゴリ（掲載種別）,鳥取県米子市糀町１,4.1,65.0,,5,—,—,,—,賃貸のため対象外,,2026-07-24,,https://suumo.jp/chintai/jnc_000073354848/?bc=100413556197,適合
SUUMO 賃貸 米子市,米子市,賃貸マンション,賃貸カテゴリ（掲載種別）,鳥取県米子市糀町１,4.2,65.0,,5,—,—,,—,賃貸のため対象外,,2026-07-24,,https://suumo.jp/chintai/jnc_000108237742/?bc=100515015379,適合
SUUMO 賃貸 米子市,米子市,賃貸マンション,賃貸カテゴリ（掲載種別）,鳥取県米子市糀町１,4.8,65.0,,5,—,—,,—,賃貸のため対象外,,2026-07-24,,https://suumo.jp/chintai/jnc_000107340323/?bc=100507830810,適合
SUUMO 賃貸 米子市,米子市,賃貸アパート,賃貸カテゴリ（掲載種別）,鳥取県米子市彦名町,4.0,40.1,,5,—,—,,—,賃貸のため対象外,,2026-07-24,,https://suumo.jp/chintai/jnc_000108631331/?bc=100517601743,適合
SUUMO 賃貸 米子市,米子市,賃貸アパート,賃貸カテゴリ（掲載種別）,鳥取県米子市両三柳,4.2,40.4,,5,—,—,,—,賃貸のため対象外,,2026-07-24,,https://suumo.jp/chintai/jnc_000076423647/?bc=100454086531,適合
SUUMO 賃貸 米子市,米子市,賃貸アパート,賃貸カテゴリ（掲載種別）,鳥取県米子市両三柳,4.2,40.4,,5,—,—,,—,賃貸のため対象外,,2026-07-24,,https://suumo.jp/chintai/jnc_000076472269/?bc=100437734904,適合
SUUMO 賃貸 米子市,米子市,賃貸アパート,賃貸カテゴリ（掲載種別）,鳥取県米子市皆生新田２,3.95,32.9,,5,田,—,,—,賃貸のため対象外,,2026-07-24,,https://suumo.jp/chintai/jnc_000108040499/?bc=100411859797,適合
SUUMO 賃貸 米子市,米子市,賃貸アパート,賃貸カテゴリ（掲載種別）,鳥取県米子市皆生５,4.9,41.1,,5,—,—,,—,賃貸のため対象外,,2026-07-24,,https://suumo.jp/chintai/jnc_000108118672/?bc=100514029182,適合
SUUMO 賃貸 米子市,米子市,賃貸アパート,賃貸カテゴリ（掲載種別）,鳥取県米子市東福原６,8.9,64.9,,5,—,—,,—,賃貸のため対象外,,2026-07-24,,https://suumo.jp/chintai/jnc_000108637597/?bc=100495834976,不適合
SUUMO 賃貸 米子市,米子市,賃貸アパート,賃貸カテゴリ（掲載種別）,鳥取県米子市河崎,4.1,32.9,,5,—,—,,—,賃貸のため対象外,,2026-07-24,,https://suumo.jp/chintai/jnc_000106533546/?bc=100502162404,適合
SUUMO 賃貸 米子市,米子市,賃貸アパート,賃貸カテゴリ（掲載種別）,鳥取県米子市河崎,4.1,32.9,,5,—,—,,—,賃貸のため対象外,,2026-07-24,,https://suumo.jp/chintai/jnc_000107584608/?bc=100509818567,適合
SUUMO 賃貸 米子市,米子市,賃貸アパート,賃貸カテゴリ（掲載種別）,鳥取県米子市旗ヶ崎６,3.9,25.2,,5,—,—,,—,賃貸のため対象外,,2026-07-24,,https://suumo.jp/chintai/jnc_000080344097/?bc=100518096036,適合
SUUMO 賃貸 米子市,米子市,賃貸アパート,賃貸カテゴリ（掲載種別）,鳥取県米子市旗ヶ崎６,3.9,25.2,,5,—,—,,—,賃貸のため対象外,,2026-07-24,,https://suumo.jp/chintai/jnc_000098085814/?bc=100517596159,適合
SUUMO 賃貸 米子市,米子市,賃貸アパート,賃貸カテゴリ（掲載種別）,鳥取県米子市旗ヶ崎６,4.0,25.2,,5,—,—,,—,賃貸のため対象外,,2026-07-24,,https://suumo.jp/chintai/jnc_000106024217/?bc=100507009750,適合
SUUMO 賃貸 米子市,米子市,賃貸マンション,賃貸カテゴリ（掲載種別）,鳥取県米子市西福原３,3.6,28.0,,5,—,—,,—,賃貸のため対象外,,2026-07-24,,https://suumo.jp/chintai/jnc_000108519816/?bc=100517337537,適合
SUUMO 賃貸 米子市,米子市,賃貸アパート,賃貸カテゴリ（掲載種別）,鳥取県米子市皆生新田２,4.6,47.0,,5,田,—,,—,賃貸のため対象外,,2026-07-24,,https://suumo.jp/chintai/jnc_000108433965/?bc=100516219899,適合
SUUMO 賃貸 米子市,米子市,賃貸アパート,賃貸カテゴリ（掲載種別）,鳥取県米子市皆生５,4.2,24.7,,5,—,—,,—,賃貸のため対象外,,2026-07-24,,https://suumo.jp/chintai/jnc_000107326821/?bc=100420543970,適合
SUUMO 賃貸 米子市,米子市,賃貸アパート,賃貸カテゴリ（掲載種別）,鳥取県米子市皆生５,4.2,24.7,,5,—,—,,—,賃貸のため対象外,,2026-07-24,,https://suumo.jp/chintai/jnc_000107326822/?bc=100420524383,適合
SUUMO 賃貸 米子市,米子市,賃貸マンション,賃貸カテゴリ（掲載種別）,鳥取県米子市米原１,9.5,72.7,,5,—,—,,—,賃貸のため対象外,,2026-07-24,,https://suumo.jp/chintai/jnc_000107822545/?bc=100511580671,不適合
SUUMO 賃貸 米子市,米子市,賃貸マンション,賃貸カテゴリ（掲載種別）,鳥取県米子市米原１,11.8,89.2,,5,—,—,,—,賃貸のため対象外,,2026-07-24,,https://suumo.jp/chintai/jnc_000074263060/?bc=100514416088,不適合
SUUMO 賃貸 米子市,米子市,賃貸マンション,賃貸カテゴリ（掲載種別）,鳥取県米子市米原１,9.5,72.7,,5,—,—,,—,賃貸のため対象外,,2026-07-24,,https://suumo.jp/chintai/jnc_000107777436/?bc=100511490021,不適合
SUUMO 賃貸 米子市,米子市,賃貸マンション,賃貸カテゴリ（掲載種別）,鳥取県米子市米原１,11.8,89.2,,5,—,—,,—,賃貸のため対象外,,2026-07-24,,https://suumo.jp/chintai/jnc_000074187865/?bc=100514210653,不適合
SUUMO 賃貸 米子市,米子市,賃貸マンション,賃貸カテゴリ（掲載種別）,鳥取県米子市米原１,13.0,72.7,,5,—,—,,—,賃貸のため対象外,,2026-07-24,,https://suumo.jp/chintai/jnc_000106231492/?bc=100499837176,不適合
SUUMO 賃貸 米子市,米子市,賃貸アパート,賃貸カテゴリ（掲載種別）,鳥取県米子市皆生５,4.1,24.7,,5,—,—,,—,賃貸のため対象外,,2026-07-24,,https://suumo.jp/chintai/jnc_000108631317/?bc=100475562913,適合
SUUMO 賃貸 米子市,米子市,賃貸アパート,賃貸カテゴリ（掲載種別）,鳥取県米子市皆生５,4.2,24.7,,5,—,—,,—,賃貸のため対象外,,2026-07-24,,https://suumo.jp/chintai/jnc_000105244995/?bc=100507755398,適合
SUUMO 賃貸 米子市,米子市,賃貸アパート,賃貸カテゴリ（掲載種別）,鳥取県米子市皆生５,4.1,23.8,,5,—,—,,—,賃貸のため対象外,,2026-07-24,,https://suumo.jp/chintai/jnc_000108631316/?bc=100517630938,適合
SUUMO 賃貸 米子市,米子市,賃貸アパート,賃貸カテゴリ（掲載種別）,鳥取県米子市皆生５,4.2,24.7,,5,—,—,,—,賃貸のため対象外,,2026-07-24,,https://suumo.jp/chintai/jnc_000095372143/?bc=100493638510,適合
SUUMO 賃貸 米子市,米子市,賃貸アパート,賃貸カテゴリ（掲載種別）,鳥取県米子市皆生３,3.7,39.7,,5,—,—,,—,賃貸のため対象外,,2026-07-24,,https://suumo.jp/chintai/jnc_000086796393/?bc=100517853294,適合
SUUMO 賃貸 米子市,米子市,賃貸マンション,賃貸カテゴリ（掲載種別）,鳥取県米子市和田町,2.56,33.5,,5,田,—,,—,賃貸のため対象外,,2026-07-24,,https://suumo.jp/chintai/jnc_000108744475/?bc=100518541536,適合
SUUMO 賃貸 米子市,米子市,賃貸マンション,賃貸カテゴリ（掲載種別）,鳥取県米子市和田町,2.76,33.5,,5,田,—,,—,賃貸のため対象外,,2026-07-24,,https://suumo.jp/chintai/jnc_000108187153/?bc=100510793049,適合
SUUMO 賃貸 米子市,米子市,賃貸マンション,賃貸カテゴリ（掲載種別）,鳥取県米子市和田町,2.98,33.5,,5,田,—,,—,賃貸のため対象外,,2026-07-24,,https://suumo.jp/chintai/jnc_000108187154/?bc=100507285915,適合
SUUMO 賃貸 米子市,米子市,賃貸マンション,賃貸カテゴリ（掲載種別）,鳥取県米子市和田町,3.09,33.5,,5,田,—,,—,賃貸のため対象外,,2026-07-24,,https://suumo.jp/chintai/jnc_000108187152/?bc=100503512249,適合
SUUMO 賃貸 米子市,米子市,賃貸アパート,賃貸カテゴリ（掲載種別）,鳥取県米子市旗ヶ崎６,3.87,32.7,,5,—,—,,—,賃貸のため対象外,,2026-07-24,,https://suumo.jp/chintai/jnc_000108737333/?bc=100518516250,適合
SUUMO 賃貸 米子市,米子市,賃貸アパート,賃貸カテゴリ（掲載種別）,鳥取県米子市旗ヶ崎６,3.87,32.7,,5,—,—,,—,賃貸のため対象外,,2026-07-24,,https://suumo.jp/chintai/jnc_000108737334/?bc=100518516246,適合
SUUMO 賃貸 米子市,米子市,賃貸アパート,賃貸カテゴリ（掲載種別）,鳥取県米子市旗ヶ崎６,3.87,32.7,,5,—,—,,—,賃貸のため対象外,,2026-07-24,,https://suumo.jp/chintai/jnc_000108737332/?bc=100518480651,適合
SUUMO 賃貸 米子市,米子市,賃貸アパート,賃貸カテゴリ（掲載種別）,鳥取県米子市旗ヶ崎６,3.87,32.7,,5,—,—,,—,賃貸のため対象外,,2026-07-24,,https://suumo.jp/chintai/jnc_000108744473/?bc=100518551510,適合
SUUMO 賃貸 米子市,米子市,賃貸アパート,賃貸カテゴリ（掲載種別）,鳥取県米子市皆生温泉２,3.0,22.9,,5,—,—,,—,賃貸のため対象外,,2026-07-24,注意:温泉,https://suumo.jp/chintai/jnc_000108001812/?bc=100517853301,適合
SUUMO 賃貸 米子市,米子市,賃貸マンション,賃貸カテゴリ（掲載種別）,鳥取県米子市西福原６,13.8,67.8,,5,—,—,,—,賃貸のため対象外,,2026-07-24,,https://suumo.jp/chintai/jnc_000108689521/?bc=100517906724,不適合
SUUMO 賃貸 米子市,米子市,賃貸マンション,賃貸カテゴリ（掲載種別）,鳥取県米子市東町,14.5,86.2,,5,—,—,,—,賃貸のため対象外,,2026-07-24,,https://suumo.jp/chintai/jnc_000067886488/?bc=100518152112,不適合
SUUMO 賃貸 米子市,米子市,賃貸アパート,賃貸カテゴリ（掲載種別）,鳥取県米子市米原５,5.9,49.2,,5,—,—,,—,賃貸のため対象外,,2026-07-24,,https://suumo.jp/chintai/jnc_000107434379/?bc=100502557852,不適合
SUUMO 賃貸 米子市,米子市,賃貸アパート,賃貸カテゴリ（掲載種別）,鳥取県米子市米原５,5.9,49.2,,5,—,—,,—,賃貸のため対象外,,2026-07-24,,https://suumo.jp/chintai/jnc_000107434378/?bc=100477465747,不適合
SUUMO 賃貸 米子市,米子市,賃貸アパート,賃貸カテゴリ（掲載種別）,鳥取県米子市米原５,6.08,49.2,,5,—,—,,—,賃貸のため対象外,,2026-07-24,,https://suumo.jp/chintai/jnc_000107355258/?bc=100493174961,不適合
SUUMO 賃貸 米子市,米子市,賃貸アパート,賃貸カテゴリ（掲載種別）,鳥取県米子市米原５,6.08,49.2,,5,—,—,,—,賃貸のため対象外,,2026-07-24,,https://suumo.jp/chintai/jnc_000107434380/?bc=100504255898,不適合
SUUMO 賃貸 米子市,米子市,賃貸アパート,賃貸カテゴリ（掲載種別）,鳥取県米子市米原５,6.3,49.2,,5,—,—,,—,賃貸のため対象外,,2026-07-24,,https://suumo.jp/chintai/jnc_000107434384/?bc=100304510936,不適合
SUUMO 賃貸 米子市,米子市,賃貸アパート,賃貸カテゴリ（掲載種別）,鳥取県米子市米原５,6.3,49.2,,5,—,—,,—,賃貸のため対象外,,2026-07-24,,https://suumo.jp/chintai/jnc_000107434383/?bc=100487564203,不適合
SUUMO 賃貸 米子市,米子市,賃貸アパート,賃貸カテゴリ（掲載種別）,鳥取県米子市富益町,5.1,57.2,,5,—,—,,—,賃貸のため対象外,,2026-07-24,,https://suumo.jp/chintai/jnc_000108196096/?bc=100512684789,不適合
SUUMO 賃貸 米子市,米子市,賃貸アパート,賃貸カテゴリ（掲載種別）,鳥取県米子市富益町,5.1,57.2,,5,—,—,,—,賃貸のため対象外,,2026-07-24,,https://suumo.jp/chintai/jnc_000108218661/?bc=100511521635,不適合
SUUMO 賃貸 米子市,米子市,賃貸アパート,賃貸カテゴリ（掲載種別）,鳥取県米子市博労町４,5.4,58.0,,5,—,—,,—,賃貸のため対象外,,2026-07-24,,https://suumo.jp/chintai/jnc_000026133042/?bc=100515762863,不適合
SUUMO 賃貸 米子市,米子市,賃貸アパート,賃貸カテゴリ（掲載種別）,鳥取県米子市博労町４,5.4,58.0,,5,—,—,,—,賃貸のため対象外,,2026-07-24,,https://suumo.jp/chintai/jnc_000074529389/?bc=100283187865,不適合
SUUMO 賃貸 米子市,米子市,賃貸アパート,賃貸カテゴリ（掲載種別）,鳥取県米子市博労町４,5.4,58.0,,5,—,—,,—,賃貸のため対象外,,2026-07-24,,https://suumo.jp/chintai/jnc_000041376217/?bc=100515762865,不適合
SUUMO 賃貸 米子市,米子市,賃貸アパート,賃貸カテゴリ（掲載種別）,鳥取県米子市三本松１,5.4,57.1,,5,—,—,,—,賃貸のため対象外,,2026-07-24,,https://suumo.jp/chintai/jnc_000108545721/?bc=100506521991,不適合
SUUMO 賃貸 米子市,米子市,賃貸アパート,賃貸カテゴリ（掲載種別）,鳥取県米子市三本松１,5.4,57.1,,5,—,—,,—,賃貸のため対象外,,2026-07-24,,https://suumo.jp/chintai/jnc_000108602262/?bc=100512721400,不適合
SUUMO 賃貸 米子市,米子市,賃貸アパート,賃貸カテゴリ（掲載種別）,鳥取県米子市両三柳,5.15,47.1,,5,—,—,,—,賃貸のため対象外,,2026-07-24,,https://suumo.jp/chintai/jnc_000102359222/?bc=100514883298,不適合
SUUMO 賃貸 米子市,米子市,賃貸アパート,賃貸カテゴリ（掲載種別）,鳥取県米子市旗ヶ崎３,5.45,58.3,,5,—,—,,—,賃貸のため対象外,,2026-07-24,,https://suumo.jp/chintai/jnc_000107301568/?bc=100507407844,不適合
SUUMO 賃貸 米子市,米子市,賃貸アパート,賃貸カテゴリ（掲載種別）,鳥取県米子市旗ヶ崎３,5.45,58.3,,5,—,—,,—,賃貸のため対象外,,2026-07-24,,https://suumo.jp/chintai/jnc_000107301569/?bc=100507360773,不適合
SUUMO 賃貸 米子市,米子市,賃貸アパート,賃貸カテゴリ（掲載種別）,鳥取県米子市両三柳,5.0,45.2,,5,—,—,,—,賃貸のため対象外,,2026-07-24,,https://suumo.jp/chintai/jnc_000107345291/?bc=100514640189,適合
SUUMO 賃貸 米子市,米子市,賃貸アパート,賃貸カテゴリ（掲載種別）,鳥取県米子市夜見町,5.3,50.7,,5,—,—,,—,賃貸のため対象外,,2026-07-24,,https://suumo.jp/chintai/jnc_000055709784/?bc=100506988627,不適合
SUUMO 賃貸 米子市,米子市,賃貸アパート,賃貸カテゴリ（掲載種別）,鳥取県米子市夜見町,6.2,65.7,,5,—,—,,—,賃貸のため対象外,,2026-07-24,,https://suumo.jp/chintai/jnc_000093362304/?bc=100514435692,不適合
SUUMO 賃貸 米子市,米子市,賃貸アパート,賃貸カテゴリ（掲載種別）,鳥取県米子市米原７,5.3,49.2,,5,—,—,,—,賃貸のため対象外,,2026-07-24,,https://suumo.jp/chintai/jnc_000107381927/?bc=100512117138,不適合
SUUMO 賃貸 米子市,米子市,賃貸アパート,賃貸カテゴリ（掲載種別）,鳥取県米子市米原７,5.3,49.2,,5,—,—,,—,賃貸のため対象外,,2026-07-24,,https://suumo.jp/chintai/jnc_000106859284/?bc=100508257774,不適合
SUUMO 賃貸 米子市,米子市,賃貸アパート,賃貸カテゴリ（掲載種別）,鳥取県米子市錦町２,5.6,42.0,,5,—,—,,—,賃貸のため対象外,,2026-07-24,,https://suumo.jp/chintai/jnc_000108059495/?bc=100513524521,不適合
SUUMO 賃貸 米子市,米子市,賃貸アパート,賃貸カテゴリ（掲載種別）,鳥取県米子市米原７,5.3,49.8,,5,—,—,,—,賃貸のため対象外,,2026-07-24,,https://suumo.jp/chintai/jnc_000046921895/?bc=100147019573,不適合
SUUMO 賃貸 米子市,米子市,賃貸アパート,賃貸カテゴリ（掲載種別）,鳥取県米子市淀江町佐陀,5.3,45.9,,5,—,—,,—,賃貸のため対象外,,2026-07-24,,https://suumo.jp/chintai/jnc_000101334827/?bc=100517778500,不適合
SUUMO 賃貸 米子市,米子市,賃貸アパート,賃貸カテゴリ（掲載種別）,鳥取県米子市米原８,5.5,57.6,,5,—,—,,—,賃貸のため対象外,,2026-07-24,,https://suumo.jp/chintai/jnc_000108444759/?bc=100516012581,不適合
SUUMO 賃貸 米子市,米子市,賃貸アパート,賃貸カテゴリ（掲載種別）,鳥取県米子市上後藤５,5.4,43.4,,5,—,—,,—,賃貸のため対象外,,2026-07-24,,https://suumo.jp/chintai/jnc_000092525665/?bc=100503695091,不適合
SUUMO 賃貸 米子市,米子市,賃貸アパート,賃貸カテゴリ（掲載種別）,鳥取県米子市上後藤５,5.4,43.4,,5,—,—,,—,賃貸のため対象外,,2026-07-24,,https://suumo.jp/chintai/jnc_000092569717/?bc=100503315094,不適合
SUUMO 賃貸 米子市,米子市,賃貸戸建,賃貸カテゴリ（掲載種別）,鳥取県米子市中島１,5.8,69.5,,5,—,—,,—,賃貸のため対象外,,2026-07-24,,https://suumo.jp/chintai/jnc_000108034075/?bc=100513369385,不適合
SUUMO 賃貸 米子市,米子市,賃貸アパート,賃貸カテゴリ（掲載種別）,鳥取県米子市富益町,5.1,57.0,,5,—,—,,—,賃貸のため対象外,,2026-07-24,,https://suumo.jp/chintai/jnc_000108706274/?bc=100517185838,不適合
SUUMO 賃貸 米子市,米子市,賃貸アパート,賃貸カテゴリ（掲載種別）,鳥取県米子市蚊屋,6.5,61.9,,5,—,—,,—,賃貸のため対象外,,2026-07-24,,https://suumo.jp/chintai/jnc_000108029811/?bc=100515683369,不適合
SUUMO 賃貸 米子市,米子市,賃貸マンション,賃貸カテゴリ（掲載種別）,鳥取県米子市日野町,5.3,29.7,,5,—,—,,—,賃貸のため対象外,,2026-07-24,,https://suumo.jp/chintai/jnc_000105202454/?bc=100498986358,不適合
SUUMO 賃貸 米子市,米子市,賃貸アパート,賃貸カテゴリ（掲載種別）,鳥取県米子市富益町,5.3,50.1,,5,—,—,,—,賃貸のため対象外,,2026-07-24,,https://suumo.jp/chintai/jnc_000108196097/?bc=100514883247,不適合
SUUMO 賃貸 米子市,米子市,賃貸アパート,賃貸カテゴリ（掲載種別）,鳥取県米子市両三柳,4.05,35.3,,5,—,—,,—,賃貸のため対象外,,2026-07-24,,https://suumo.jp/chintai/jnc_000108040497/?bc=100508724093,適合
SUUMO 賃貸 米子市,米子市,賃貸アパート,賃貸カテゴリ（掲載種別）,鳥取県米子市両三柳,4.5,35.3,,5,—,—,,—,賃貸のため対象外,,2026-07-24,,https://suumo.jp/chintai/jnc_000107345289/?bc=100482246744,適合
SUUMO 賃貸 米子市,米子市,賃貸アパート,賃貸カテゴリ（掲載種別）,鳥取県米子市両三柳,5.0,43.4,,5,—,—,,—,賃貸のため対象外,,2026-07-24,,https://suumo.jp/chintai/jnc_000107266723/?bc=100507679674,適合
SUUMO 賃貸 米子市,米子市,賃貸アパート,賃貸カテゴリ（掲載種別）,鳥取県米子市両三柳,4.05,35.3,,5,—,—,,—,賃貸のため対象外,,2026-07-24,,https://suumo.jp/chintai/jnc_000108068276/?bc=100508216358,適合
SUUMO 賃貸 米子市,米子市,賃貸アパート,賃貸カテゴリ（掲載種別）,鳥取県米子市両三柳,5.0,43.4,,5,—,—,,—,賃貸のため対象外,,2026-07-24,,https://suumo.jp/chintai/jnc_000107293136/?bc=100507360772,適合
SUUMO 賃貸 米子市,米子市,賃貸アパート,賃貸カテゴリ（掲載種別）,鳥取県米子市両三柳,5.9,47.9,,5,—,—,,—,賃貸のため対象外,,2026-07-24,,https://suumo.jp/chintai/jnc_000108631335/?bc=100511486782,不適合
SUUMO 賃貸 米子市,米子市,賃貸アパート,賃貸カテゴリ（掲載種別）,鳥取県米子市大谷町,5.9,57.6,,5,—,—,,—,賃貸のため対象外,,2026-07-24,,https://suumo.jp/chintai/jnc_000108602245/?bc=100517384186,不適合
SUUMO 賃貸 米子市,米子市,賃貸アパート,賃貸カテゴリ（掲載種別）,鳥取県米子市米原５,5.1,33.9,,5,—,—,,—,賃貸のため対象外,,2026-07-24,,https://suumo.jp/chintai/jnc_000091790278/?bc=100515316891,不適合
SUUMO 賃貸 米子市,米子市,賃貸アパート,賃貸カテゴリ（掲載種別）,鳥取県米子市米原５,5.1,33.9,,5,—,—,,—,賃貸のため対象外,,2026-07-24,,https://suumo.jp/chintai/jnc_000092062477/?bc=100514657195,不適合
SUUMO 賃貸 米子市,米子市,賃貸アパート,賃貸カテゴリ（掲載種別）,鳥取県米子市蚊屋,6.5,61.9,,5,—,—,,—,賃貸のため対象外,,2026-07-24,,https://suumo.jp/chintai/jnc_000108075774/?bc=100513302900,不適合
SUUMO 賃貸 米子市,米子市,賃貸マンション,賃貸カテゴリ（掲載種別）,鳥取県米子市旗ヶ崎４,5.4,70.0,,5,—,—,,—,賃貸のため対象外,,2026-07-24,,https://suumo.jp/chintai/jnc_000093499396/?bc=100495662394,不適合
SUUMO 賃貸 米子市,米子市,賃貸マンション,賃貸カテゴリ（掲載種別）,鳥取県米子市旗ヶ崎４,5.4,70.0,,5,—,—,,—,賃貸のため対象外,,2026-07-24,,https://suumo.jp/chintai/jnc_000089354292/?bc=100438504958,不適合
SUUMO 賃貸 米子市,米子市,賃貸アパート,賃貸カテゴリ（掲載種別）,鳥取県米子市博労町２,4.95,46.8,,5,—,—,,—,賃貸のため対象外,,2026-07-24,,https://suumo.jp/chintai/jnc_000107961588/?bc=100512221916,適合
SUUMO 賃貸 米子市,米子市,賃貸アパート,賃貸カテゴリ（掲載種別）,鳥取県米子市熊党,5.2,45.9,,5,—,—,,—,賃貸のため対象外,,2026-07-24,,https://suumo.jp/chintai/jnc_000106553169/?bc=100502921487,不適合
SUUMO 賃貸 米子市,米子市,賃貸アパート,賃貸カテゴリ（掲載種別）,鳥取県米子市熊党,5.9,60.4,,5,—,—,,—,賃貸のため対象外,,2026-07-24,,https://suumo.jp/chintai/jnc_000107448593/?bc=100509562072,不適合
SUUMO 賃貸 米子市,米子市,賃貸マンション,賃貸カテゴリ（掲載種別）,鳥取県米子市角盤町１,6.2,41.2,,5,—,—,,—,賃貸のため対象外,,2026-07-24,,https://suumo.jp/chintai/jnc_000070354928/?bc=100515065857,不適合
SUUMO 賃貸 米子市,米子市,賃貸マンション,賃貸カテゴリ（掲載種別）,鳥取県米子市角盤町１,6.2,41.2,,5,—,—,,—,賃貸のため対象外,,2026-07-24,,https://suumo.jp/chintai/jnc_000107917203/?bc=100511270898,不適合
SUUMO 賃貸 米子市,米子市,賃貸マンション,賃貸カテゴリ（掲載種別）,鳥取県米子市角盤町１,6.3,41.2,,5,—,—,,—,賃貸のため対象外,,2026-07-24,,https://suumo.jp/chintai/jnc_000108125567/?bc=100514121116,不適合
SUUMO 賃貸 米子市,米子市,賃貸マンション,賃貸カテゴリ（掲載種別）,鳥取県米子市角盤町１,6.2,41.2,,5,—,—,,—,賃貸のため対象外,,2026-07-24,,https://suumo.jp/chintai/jnc_000070536555/?bc=100513738588,不適合
SUUMO 賃貸 米子市,米子市,賃貸マンション,賃貸カテゴリ（掲載種別）,鳥取県米子市角盤町１,6.2,41.2,,5,—,—,,—,賃貸のため対象外,,2026-07-24,,https://suumo.jp/chintai/jnc_000106715582/?bc=100503472743,不適合
SUUMO 賃貸 米子市,米子市,賃貸アパート,賃貸カテゴリ（掲載種別）,鳥取県米子市淀江町佐陀,5.4,57.6,,5,—,—,,—,賃貸のため対象外,,2026-07-24,,https://suumo.jp/chintai/jnc_000108381400/?bc=100516272720,不適合
SUUMO 賃貸 米子市,米子市,賃貸アパート,賃貸カテゴリ（掲載種別）,鳥取県米子市淀江町佐陀,5.4,57.6,,5,—,—,,—,賃貸のため対象外,,2026-07-24,,https://suumo.jp/chintai/jnc_000108391964/?bc=100515867303,不適合
SUUMO 賃貸 米子市,米子市,賃貸アパート,賃貸カテゴリ（掲載種別）,鳥取県米子市上福原１,6.0,51.8,,5,—,—,,—,賃貸のため対象外,,2026-07-24,,https://suumo.jp/chintai/jnc_000108713613/?bc=100518298306,不適合
SUUMO 賃貸 米子市,米子市,賃貸アパート,賃貸カテゴリ（掲載種別）,鳥取県米子市道笑町４,5.3,45.0,,5,—,—,,—,賃貸のため対象外,,2026-07-24,,https://suumo.jp/chintai/jnc_000108719904/?bc=100518363166,不適合
SUUMO 賃貸 米子市,米子市,賃貸アパート,賃貸カテゴリ（掲載種別）,鳥取県米子市両三柳,5.8,47.9,,5,—,—,,—,賃貸のため対象外,,2026-07-24,,https://suumo.jp/chintai/jnc_000108631334/?bc=100483953197,不適合
SUUMO 賃貸 米子市,米子市,賃貸アパート,賃貸カテゴリ（掲載種別）,鳥取県米子市両三柳,6.0,47.9,,5,—,—,,—,賃貸のため対象外,,2026-07-24,,https://suumo.jp/chintai/jnc_000102656597/?bc=100450165077,不適合
SUUMO 賃貸 米子市,米子市,賃貸アパート,賃貸カテゴリ（掲載種別）,鳥取県米子市旗ヶ崎９,5.5,58.5,,5,—,—,,—,賃貸のため対象外,,2026-07-24,,https://suumo.jp/chintai/jnc_000104924779/?bc=100490616428,不適合
SUUMO 賃貸 米子市,米子市,賃貸アパート,賃貸カテゴリ（掲載種別）,鳥取県米子市旗ヶ崎９,5.6,58.5,,5,—,—,,—,賃貸のため対象外,,2026-07-24,,https://suumo.jp/chintai/jnc_000104924780/?bc=100489274412,不適合
SUUMO 賃貸 米子市,米子市,賃貸アパート,賃貸カテゴリ（掲載種別）,鳥取県米子市安倍,5.6,49.7,,5,—,—,,—,賃貸のため対象外,,2026-07-24,,https://suumo.jp/chintai/jnc_000054854861/?bc=100507679806,不適合
SUUMO 賃貸 米子市,米子市,賃貸アパート,賃貸カテゴリ（掲載種別）,鳥取県米子市両三柳,5.5,59.5,,5,—,—,,—,賃貸のため対象外,,2026-07-24,,https://suumo.jp/chintai/jnc_000107649008/?bc=100510734282,不適合
SUUMO 賃貸 米子市,米子市,賃貸アパート,賃貸カテゴリ（掲載種別）,鳥取県米子市両三柳,5.7,59.5,,5,—,—,,—,賃貸のため対象外,,2026-07-24,,https://suumo.jp/chintai/jnc_000107649009/?bc=100511486721,不適合
SUUMO 賃貸 米子市,米子市,賃貸アパート,賃貸カテゴリ（掲載種別）,鳥取県米子市両三柳,5.5,59.5,,5,—,—,,—,賃貸のため対象外,,2026-07-24,,https://suumo.jp/chintai/jnc_000107660544/?bc=100441746228,不適合
SUUMO 賃貸 米子市,米子市,賃貸アパート,賃貸カテゴリ（掲載種別）,鳥取県米子市両三柳,5.7,59.5,,5,—,—,,—,賃貸のため対象外,,2026-07-24,,https://suumo.jp/chintai/jnc_000107660545/?bc=100433403177,不適合
SUUMO 賃貸 米子市,米子市,賃貸アパート,賃貸カテゴリ（掲載種別）,鳥取県米子市両三柳,7.2,53.0,,5,—,—,,—,賃貸のため対象外,,2026-07-24,,https://suumo.jp/chintai/jnc_000108433964/?bc=100516219870,不適合
SUUMO 賃貸 米子市,米子市,賃貸アパート,賃貸カテゴリ（掲載種別）,鳥取県米子市富益町,5.25,57.1,,5,—,—,,—,賃貸のため対象外,,2026-07-24,,https://suumo.jp/chintai/jnc_000108218659/?bc=100514716605,不適合
SUUMO 賃貸 米子市,米子市,賃貸アパート,賃貸カテゴリ（掲載種別）,鳥取県米子市富益町,5.25,57.1,,5,—,—,,—,賃貸のため対象外,,2026-07-24,,https://suumo.jp/chintai/jnc_000108218660/?bc=100514716181,不適合
SUUMO 賃貸 米子市,米子市,賃貸アパート,賃貸カテゴリ（掲載種別）,鳥取県米子市淀江町西原,5.55,57.2,,5,—,—,,—,賃貸のため対象外,,2026-07-24,,https://suumo.jp/chintai/jnc_000108444774/?bc=100516272718,不適合
SUUMO 賃貸 米子市,米子市,賃貸アパート,賃貸カテゴリ（掲載種別）,鳥取県米子市淀江町西原,5.55,57.2,,5,—,—,,—,賃貸のため対象外,,2026-07-24,,https://suumo.jp/chintai/jnc_000108444775/?bc=100515867297,不適合
SUUMO 賃貸 米子市,米子市,賃貸アパート,賃貸カテゴリ（掲載種別）,鳥取県米子市淀江町佐陀,6.8,59.6,,5,—,—,,—,賃貸のため対象外,,2026-07-24,,https://suumo.jp/chintai/jnc_000108211180/?bc=100515389774,不適合
SUUMO 賃貸 米子市,米子市,賃貸アパート,賃貸カテゴリ（掲載種別）,鳥取県米子市淀江町佐陀,7.0,59.5,,5,—,—,,—,賃貸のため対象外,,2026-07-24,,https://suumo.jp/chintai/jnc_000108025916/?bc=100513369452,不適合
SUUMO 賃貸 米子市,米子市,賃貸アパート,賃貸カテゴリ（掲載種別）,鳥取県米子市車尾南１,5.6,50.0,,5,—,—,,—,賃貸のため対象外,,2026-07-24,,https://suumo.jp/chintai/jnc_000108692947/?bc=100518200979,不適合
SUUMO 賃貸 米子市,米子市,賃貸アパート,賃貸カテゴリ（掲載種別）,鳥取県米子市熊党,5.2,45.9,,5,—,—,,—,賃貸のため対象外,,2026-07-24,,https://suumo.jp/chintai/jnc_000106553170/?bc=100502277031,不適合
SUUMO 賃貸 米子市,米子市,賃貸アパート,賃貸カテゴリ（掲載種別）,鳥取県米子市熊党,5.9,60.4,,5,—,—,,—,賃貸のため対象外,,2026-07-24,,https://suumo.jp/chintai/jnc_000107448594/?bc=100508139117,不適合
SUUMO 賃貸 米子市,米子市,賃貸アパート,賃貸カテゴリ（掲載種別）,鳥取県米子市両三柳,5.9,47.9,,5,—,—,,—,賃貸のため対象外,,2026-07-24,,https://suumo.jp/chintai/jnc_000108631336/?bc=100510366353,不適合
SUUMO 賃貸 米子市,米子市,賃貸アパート,賃貸カテゴリ（掲載種別）,鳥取県米子市上福原７,7.2,58.0,,5,—,—,,—,賃貸のため対象外,,2026-07-24,,https://suumo.jp/chintai/jnc_000108306928/?bc=100516179888,不適合
SUUMO 賃貸 米子市,米子市,賃貸アパート,賃貸カテゴリ（掲載種別）,鳥取県米子市勝田町,6.7,62.7,,5,田,—,,—,賃貸のため対象外,,2026-07-24,,https://suumo.jp/chintai/jnc_000038654411/?bc=100510403058,不適合
SUUMO 賃貸 米子市,米子市,賃貸アパート,賃貸カテゴリ（掲載種別）,鳥取県米子市旗ヶ崎７,4.65,42.4,,5,—,—,,—,賃貸のため対象外,,2026-07-24,,https://suumo.jp/chintai/jnc_000108713616/?bc=100518298289,適合
SUUMO 賃貸 米子市,米子市,賃貸マンション,賃貸カテゴリ（掲載種別）,鳥取県米子市博労町４,4.5,29.7,,5,—,—,,—,賃貸のため対象外,,2026-07-24,,https://suumo.jp/chintai/jnc_000016490236/?bc=100496248502,適合
SUUMO 賃貸 米子市,米子市,賃貸マンション,賃貸カテゴリ（掲載種別）,鳥取県米子市博労町４,4.7,29.7,,5,—,—,,—,賃貸のため対象外,,2026-07-24,,https://suumo.jp/chintai/jnc_000016490244/?bc=100498665208,適合
SUUMO 賃貸 米子市,米子市,賃貸マンション,賃貸カテゴリ（掲載種別）,鳥取県米子市博労町４,4.8,29.7,,5,—,—,,—,賃貸のため対象外,,2026-07-24,,https://suumo.jp/chintai/jnc_000016490250/?bc=100463023345,適合
SUUMO 賃貸 米子市,米子市,賃貸マンション,賃貸カテゴリ（掲載種別）,鳥取県米子市博労町４,4.9,29.7,,5,—,—,,—,賃貸のため対象外,,2026-07-24,,https://suumo.jp/chintai/jnc_000016490258/?bc=100496248501,適合
SUUMO 賃貸 米子市,米子市,賃貸マンション,賃貸カテゴリ（掲載種別）,鳥取県米子市博労町４,5.2,29.7,,5,—,—,,—,賃貸のため対象外,,2026-07-24,,https://suumo.jp/chintai/jnc_000016490266/?bc=100473144536,不適合
SUUMO 賃貸 米子市,米子市,賃貸マンション,賃貸カテゴリ（掲載種別）,鳥取県米子市博労町４,5.2,29.7,,5,—,—,,—,賃貸のため対象外,,2026-07-24,,https://suumo.jp/chintai/jnc_000016490265/?bc=100473144537,不適合
SUUMO 賃貸 米子市,米子市,賃貸マンション,賃貸カテゴリ（掲載種別）,鳥取県米子市博労町４,5.2,29.7,,5,—,—,,—,賃貸のため対象外,,2026-07-24,,https://suumo.jp/chintai/jnc_000015724240/?bc=100473144540,不適合
SUUMO 賃貸 米子市,米子市,賃貸マンション,賃貸カテゴリ（掲載種別）,鳥取県米子市博労町４,5.2,29.7,,5,—,—,,—,賃貸のため対象外,,2026-07-24,,https://suumo.jp/chintai/jnc_000016490268/?bc=100473144538,不適合
SUUMO 賃貸 米子市,米子市,賃貸マンション,賃貸カテゴリ（掲載種別）,鳥取県米子市博労町４,4.5,29.7,,5,—,—,,—,賃貸のため対象外,,2026-07-24,,https://suumo.jp/chintai/jnc_000017250553/?bc=100496184614,適合
SUUMO 賃貸 米子市,米子市,賃貸マンション,賃貸カテゴリ（掲載種別）,鳥取県米子市博労町４,4.9,29.7,,5,—,—,,—,賃貸のため対象外,,2026-07-24,,https://suumo.jp/chintai/jnc_000017250576/?bc=100496184613,適合
SUUMO 賃貸 米子市,米子市,賃貸マンション,賃貸カテゴリ（掲載種別）,鳥取県米子市博労町４,5.2,29.7,,5,—,—,,—,賃貸のため対象外,,2026-07-24,,https://suumo.jp/chintai/jnc_000017250586/?bc=100494194470,不適合
SUUMO 賃貸 米子市,米子市,賃貸マンション,賃貸カテゴリ（掲載種別）,鳥取県米子市博労町４,5.2,29.7,,5,—,—,,—,賃貸のため対象外,,2026-07-24,,https://suumo.jp/chintai/jnc_000017250587/?bc=100469813222,不適合
SUUMO 賃貸 米子市,米子市,賃貸マンション,賃貸カテゴリ（掲載種別）,鳥取県米子市博労町４,5.2,29.7,,5,—,—,,—,賃貸のため対象外,,2026-07-24,,https://suumo.jp/chintai/jnc_000017250584/?bc=100494194482,不適合
SUUMO 賃貸 米子市,米子市,賃貸アパート,賃貸カテゴリ（掲載種別）,鳥取県米子市観音寺新町１,5.35,46.4,,5,—,—,,—,賃貸のため対象外,,2026-07-24,,https://suumo.jp/chintai/jnc_000102823954/?bc=100516576192,不適合
SUUMO 賃貸 米子市,米子市,賃貸アパート,賃貸カテゴリ（掲載種別）,鳥取県米子市観音寺新町１,5.35,46.4,,5,—,—,,—,賃貸のため対象外,,2026-07-24,,https://suumo.jp/chintai/jnc_000102833781/?bc=100516477812,不適合
SUUMO 賃貸 米子市,米子市,賃貸アパート,賃貸カテゴリ（掲載種別）,鳥取県米子市両三柳,5.6,40.4,,5,—,—,,—,賃貸のため対象外,,2026-07-24,,https://suumo.jp/chintai/jnc_000041199327/?bc=100512311298,不適合
SUUMO 賃貸 米子市,米子市,賃貸アパート,賃貸カテゴリ（掲載種別）,鳥取県米子市両三柳,5.6,40.4,,5,—,—,,—,賃貸のため対象外,,2026-07-24,,https://suumo.jp/chintai/jnc_000107816426/?bc=100511521649,不適合
SUUMO 賃貸 米子市,米子市,賃貸アパート,賃貸カテゴリ（掲載種別）,鳥取県米子市西福原７,5.1,44.0,,5,—,—,,—,賃貸のため対象外,,2026-07-24,,https://suumo.jp/chintai/jnc_000038939118/?bc=100507755394,不適合
SUUMO 賃貸 米子市,米子市,賃貸アパート,賃貸カテゴリ（掲載種別）,鳥取県米子市西福原７,5.2,44.0,,5,—,—,,—,賃貸のため対象外,,2026-07-24,,https://suumo.jp/chintai/jnc_000057354122/?bc=100507399481,不適合
SUUMO 賃貸 米子市,米子市,賃貸アパート,賃貸カテゴリ（掲載種別）,鳥取県米子市長砂町,6.35,55.1,,5,—,—,,—,賃貸のため対象外,,2026-07-24,,https://suumo.jp/chintai/jnc_000054458597/?bc=100509268545,不適合
SUUMO 賃貸 米子市,米子市,賃貸アパート,賃貸カテゴリ（掲載種別）,鳥取県米子市長砂町,6.35,55.1,,5,—,—,,—,賃貸のため対象外,,2026-07-24,,https://suumo.jp/chintai/jnc_000054747472/?bc=100508702031,不適合
SUUMO 賃貸 米子市,米子市,賃貸マンション,賃貸カテゴリ（掲載種別）,鳥取県米子市車尾３,5.9,48.2,,5,—,—,,—,賃貸のため対象外,,2026-07-24,,https://suumo.jp/chintai/jnc_000107103340/?bc=100507039187,不適合
SUUMO 賃貸 米子市,米子市,賃貸アパート,賃貸カテゴリ（掲載種別）,鳥取県米子市車尾３,5.9,48.2,,5,—,—,,—,賃貸のため対象外,,2026-07-24,,https://suumo.jp/chintai/jnc_000107241989/?bc=100493466486,不適合
SUUMO 賃貸 米子市,米子市,賃貸アパート,賃貸カテゴリ（掲載種別）,鳥取県米子市夜見町,5.0,46.7,,5,—,—,,—,賃貸のため対象外,,2026-07-24,,https://suumo.jp/chintai/jnc_000107700411/?bc=100512341020,適合
SUUMO 賃貸 米子市,米子市,賃貸アパート,賃貸カテゴリ（掲載種別）,鳥取県米子市美吉,5.5,51.7,,5,—,—,,—,賃貸のため対象外,,2026-07-24,,https://suumo.jp/chintai/jnc_000080834787/?bc=100517185839,不適合
SUUMO 賃貸 米子市,米子市,賃貸マンション,賃貸カテゴリ（掲載種別）,鳥取県米子市東福原５,5.9,48.0,,5,—,—,,—,賃貸のため対象外,,2026-07-24,,https://suumo.jp/chintai/jnc_000107355257/?bc=100492016118,不適合
SUUMO 賃貸 米子市,米子市,賃貸マンション,賃貸カテゴリ（掲載種別）,鳥取県米子市東福原５,6.1,48.0,,5,—,—,,—,賃貸のため対象外,,2026-07-24,,https://suumo.jp/chintai/jnc_000107434376/?bc=100485261923,不適合
SUUMO 賃貸 米子市,米子市,賃貸マンション,賃貸カテゴリ（掲載種別）,鳥取県米子市東福原５,6.5,48.0,,5,—,—,,—,賃貸のため対象外,,2026-07-24,,https://suumo.jp/chintai/jnc_000083725131/?bc=100514826419,不適合
SUUMO 賃貸 米子市,米子市,賃貸アパート,賃貸カテゴリ（掲載種別）,鳥取県米子市両三柳,5.3,46.1,,5,—,—,,—,賃貸のため対象外,,2026-07-24,,https://suumo.jp/chintai/jnc_000108196111/?bc=100515389968,不適合
SUUMO 賃貸 米子市,米子市,賃貸アパート,賃貸カテゴリ（掲載種別）,鳥取県米子市両三柳,5.7,57.2,,5,—,—,,—,賃貸のため対象外,,2026-07-24,,https://suumo.jp/chintai/jnc_000107567988/?bc=100513878103,不適合
SUUMO 賃貸 米子市,米子市,賃貸アパート,賃貸カテゴリ（掲載種別）,鳥取県米子市両三柳,5.9,57.2,,5,—,—,,—,賃貸のため対象外,,2026-07-24,,https://suumo.jp/chintai/jnc_000108706283/?bc=100512242411,不適合
SUUMO 賃貸 米子市,米子市,賃貸アパート,賃貸カテゴリ（掲載種別）,鳥取県米子市両三柳,5.9,57.2,,5,—,—,,—,賃貸のため対象外,,2026-07-24,,https://suumo.jp/chintai/jnc_000107901732/?bc=100515481763,不適合
SUUMO 賃貸 米子市,米子市,賃貸アパート,賃貸カテゴリ（掲載種別）,鳥取県米子市両三柳,5.3,46.1,,5,—,—,,—,賃貸のため対象外,,2026-07-24,,https://suumo.jp/chintai/jnc_000108228434/?bc=100514899948,不適合
SUUMO 賃貸 米子市,米子市,賃貸アパート,賃貸カテゴリ（掲載種別）,鳥取県米子市両三柳,5.7,57.2,,5,—,—,,—,賃貸のため対象外,,2026-07-24,,https://suumo.jp/chintai/jnc_000108075781/?bc=100513638394,不適合
SUUMO 賃貸 米子市,米子市,賃貸アパート,賃貸カテゴリ（掲載種別）,鳥取県米子市両三柳,5.9,57.2,,5,—,—,,—,賃貸のため対象外,,2026-07-24,,https://suumo.jp/chintai/jnc_000107909451/?bc=100512221917,不適合
SUUMO 賃貸 米子市,米子市,賃貸アパート,賃貸カテゴリ（掲載種別）,鳥取県米子市両三柳,5.6,40.1,,5,—,—,,—,賃貸のため対象外,,2026-07-24,,https://suumo.jp/chintai/jnc_000070324105/?bc=100506396553,不適合
SUUMO 賃貸 米子市,米子市,賃貸アパート,賃貸カテゴリ（掲載種別）,鳥取県米子市旗ヶ崎９,5.0,43.8,,5,—,—,,—,賃貸のため対象外,,2026-07-24,,https://suumo.jp/chintai/jnc_000093312983/?bc=100509837112,適合
SUUMO 賃貸 米子市,米子市,賃貸アパート,賃貸カテゴリ（掲載種別）,鳥取県米子市米原７,4.8,36.2,,5,—,—,,—,賃貸のため対象外,,2026-07-24,,https://suumo.jp/chintai/jnc_000102376828/?bc=100506688621,適合
SUUMO 賃貸 米子市,米子市,賃貸アパート,賃貸カテゴリ（掲載種別）,鳥取県米子市米原７,4.8,36.2,,5,—,—,,—,賃貸のため対象外,,2026-07-24,,https://suumo.jp/chintai/jnc_000102656586/?bc=100509498551,適合
SUUMO 賃貸 米子市,米子市,賃貸アパート,賃貸カテゴリ（掲載種別）,鳥取県米子市河岡,5.1,43.0,,5,—,—,,—,賃貸のため対象外,,2026-07-24,,https://suumo.jp/chintai/jnc_000080428023/?bc=100463363387,不適合
SUUMO 賃貸 米子市,米子市,賃貸アパート,賃貸カテゴリ（掲載種別）,鳥取県米子市河岡,5.2,43.0,,5,—,—,,—,賃貸のため対象外,,2026-07-24,,https://suumo.jp/chintai/jnc_000080668330/?bc=100454121832,不適合
SUUMO 賃貸 米子市,米子市,賃貸アパート,賃貸カテゴリ（掲載種別）,鳥取県米子市河岡,5.2,43.0,,5,—,—,,—,賃貸のため対象外,,2026-07-24,,https://suumo.jp/chintai/jnc_000081230916/?bc=100454121793,不適合
SUUMO 賃貸 米子市,米子市,賃貸アパート,賃貸カテゴリ（掲載種別）,鳥取県米子市角盤町４,5.9,42.2,,5,—,—,,—,賃貸のため対象外,,2026-07-24,,https://suumo.jp/chintai/jnc_000056054339/?bc=100508724178,不適合
SUUMO 賃貸 米子市,米子市,賃貸アパート,賃貸カテゴリ（掲載種別）,鳥取県米子市角盤町４,5.9,42.2,,5,—,—,,—,賃貸のため対象外,,2026-07-24,,https://suumo.jp/chintai/jnc_000105539930/?bc=100493929655,不適合
SUUMO 賃貸 米子市,米子市,賃貸アパート,賃貸カテゴリ（掲載種別）,鳥取県米子市米原７,4.5,37.1,,5,—,—,,—,賃貸のため対象外,,2026-07-24,,https://suumo.jp/chintai/jnc_000107961589/?bc=100516439462,適合
SUUMO 賃貸 米子市,米子市,賃貸アパート,賃貸カテゴリ（掲載種別）,鳥取県米子市米原７,4.5,37.1,,5,—,—,,—,賃貸のため対象外,,2026-07-24,,https://suumo.jp/chintai/jnc_000107961590/?bc=100512221918,適合
SUUMO 賃貸 米子市,米子市,賃貸アパート,賃貸カテゴリ（掲載種別）,鳥取県米子市両三柳,4.7,35.0,,5,—,—,,—,賃貸のため対象外,,2026-07-24,,https://suumo.jp/chintai/jnc_000108534799/?bc=100499431029,適合
SUUMO 賃貸 米子市,米子市,賃貸アパート,賃貸カテゴリ（掲載種別）,鳥取県米子市両三柳,4.7,35.0,,5,—,—,,—,賃貸のため対象外,,2026-07-24,,https://suumo.jp/chintai/jnc_000108602257/?bc=100499456121,適合
SUUMO 賃貸 米子市,米子市,賃貸アパート,賃貸カテゴリ（掲載種別）,鳥取県米子市米原７,6.05,40.1,,5,—,—,,—,賃貸のため対象外,,2026-07-24,,https://suumo.jp/chintai/jnc_000108196108/?bc=100514716613,不適合
SUUMO 賃貸 米子市,米子市,賃貸アパート,賃貸カテゴリ（掲載種別）,鳥取県米子市米原７,6.05,40.1,,5,—,—,,—,賃貸のため対象外,,2026-07-24,,https://suumo.jp/chintai/jnc_000108196109/?bc=100514716186,不適合
SUUMO 賃貸 米子市,米子市,賃貸アパート,賃貸カテゴリ（掲載種別）,鳥取県米子市陰田町,5.6,53.0,,5,田,—,,—,賃貸のため対象外,,2026-07-24,,https://suumo.jp/chintai/jnc_000108602244/?bc=100517384187,不適合
SUUMO 賃貸 米子市,米子市,賃貸マンション,賃貸カテゴリ（掲載種別）,鳥取県米子市冨士見町,5.8,42.5,,5,—,—,,—,賃貸のため対象外,,2026-07-24,,https://suumo.jp/chintai/jnc_000105524093/?bc=100493929659,不適合
SUUMO 賃貸 米子市,米子市,賃貸マンション,賃貸カテゴリ（掲載種別）,鳥取県米子市冨士見町,5.9,42.5,,5,—,—,,—,賃貸のため対象外,,2026-07-24,,https://suumo.jp/chintai/jnc_000072313535/?bc=100507653441,不適合
SUUMO 賃貸 米子市,米子市,賃貸マンション,賃貸カテゴリ（掲載種別）,鳥取県米子市冨士見町,6.0,42.5,,5,—,—,,—,賃貸のため対象外,,2026-07-24,,https://suumo.jp/chintai/jnc_000106058330/?bc=100498419115,不適合
SUUMO 賃貸 米子市,米子市,賃貸マンション,賃貸カテゴリ（掲載種別）,鳥取県米子市冨士見町,6.0,42.5,,5,—,—,,—,賃貸のため対象外,,2026-07-24,,https://suumo.jp/chintai/jnc_000104515431/?bc=100486175370,不適合
SUUMO 賃貸 米子市,米子市,賃貸マンション,賃貸カテゴリ（掲載種別）,鳥取県米子市冨士見町,6.0,42.5,,5,—,—,,—,賃貸のため対象外,,2026-07-24,,https://suumo.jp/chintai/jnc_000108610566/?bc=100517502250,不適合
SUUMO 賃貸 米子市,米子市,賃貸マンション,賃貸カテゴリ（掲載種別）,鳥取県米子市冨士見町,6.1,42.5,,5,—,—,,—,賃貸のため対象外,,2026-07-24,,https://suumo.jp/chintai/jnc_000105524095/?bc=100493929666,不適合
SUUMO 賃貸 米子市,米子市,賃貸マンション,賃貸カテゴリ（掲載種別）,鳥取県米子市冨士見町,6.1,42.5,,5,—,—,,—,賃貸のため対象外,,2026-07-24,,https://suumo.jp/chintai/jnc_000106253452/?bc=100500062445,不適合
SUUMO 賃貸 米子市,米子市,賃貸アパート,賃貸カテゴリ（掲載種別）,鳥取県米子市博労町４,4.6,50.1,,5,—,—,,—,賃貸のため対象外,,2026-07-24,,https://suumo.jp/chintai/jnc_000038372422/?bc=100434433898,適合
SUUMO 賃貸 米子市,米子市,賃貸アパート,賃貸カテゴリ（掲載種別）,鳥取県米子市博労町４,4.6,50.0,,5,—,—,,—,賃貸のため対象外,,2026-07-24,,https://suumo.jp/chintai/jnc_000041809661/?bc=100169872615,適合
SUUMO 賃貸 米子市,米子市,賃貸アパート,賃貸カテゴリ（掲載種別）,鳥取県米子市博労町４,4.6,50.0,,5,—,—,,—,賃貸のため対象外,,2026-07-24,,https://suumo.jp/chintai/jnc_000091077705/?bc=100384227933,適合
SUUMO 賃貸 米子市,米子市,賃貸アパート,賃貸カテゴリ（掲載種別）,鳥取県米子市博労町４,4.6,50.0,,5,—,—,,—,賃貸のため対象外,,2026-07-24,,https://suumo.jp/chintai/jnc_000031833924/?bc=100103938496,適合
SUUMO 賃貸 米子市,米子市,賃貸アパート,賃貸カテゴリ（掲載種別）,鳥取県米子市博労町４,4.6,50.0,,5,—,—,,—,賃貸のため対象外,,2026-07-24,,https://suumo.jp/chintai/jnc_000041539066/?bc=100134717447,適合
SUUMO 賃貸 米子市,米子市,賃貸アパート,賃貸カテゴリ（掲載種別）,鳥取県米子市彦名町,5.85,56.8,,5,—,—,,—,賃貸のため対象外,,2026-07-24,,https://suumo.jp/chintai/jnc_000108433955/?bc=100515867298,不適合
SUUMO 賃貸 米子市,米子市,賃貸マンション,賃貸カテゴリ（掲載種別）,鳥取県米子市角盤町１,6.2,41.2,,5,—,—,,—,賃貸のため対象外,,2026-07-24,,https://suumo.jp/chintai/jnc_000108370328/?bc=100515762877,不適合
SUUMO 賃貸 米子市,米子市,賃貸マンション,賃貸カテゴリ（掲載種別）,鳥取県米子市角盤町１,6.3,41.2,,5,—,—,,—,賃貸のため対象外,,2026-07-24,,https://suumo.jp/chintai/jnc_000106726973/?bc=100510286493,不適合
SUUMO 賃貸 米子市,米子市,賃貸アパート,賃貸カテゴリ（掲載種別）,鳥取県米子市米原５,4.9,53.0,,5,—,—,,—,賃貸のため対象外,,2026-07-24,,https://suumo.jp/chintai/jnc_000102763587/?bc=100513119598,適合
SUUMO 賃貸 米子市,米子市,賃貸アパート,賃貸カテゴリ（掲載種別）,鳥取県米子市米原５,4.9,53.0,,5,—,—,,—,賃貸のため対象外,,2026-07-24,,https://suumo.jp/chintai/jnc_000092673087/?bc=100485114041,適合
SUUMO 賃貸 米子市,米子市,賃貸アパート,賃貸カテゴリ（掲載種別）,鳥取県米子市米原５,4.9,53.0,,5,—,—,,—,賃貸のため対象外,,2026-07-24,,https://suumo.jp/chintai/jnc_000098989184/?bc=100486758813,適合
SUUMO 賃貸 米子市,米子市,賃貸アパート,賃貸カテゴリ（掲載種別）,鳥取県米子市日ノ出町１,5.8,50.1,,5,—,—,,—,賃貸のため対象外,,2026-07-24,,https://suumo.jp/chintai/jnc_000066798873/?bc=100500946841,不適合
SUUMO 賃貸 米子市,米子市,賃貸アパート,賃貸カテゴリ（掲載種別）,鳥取県米子市日ノ出町１,5.8,50.1,,5,—,—,,—,賃貸のため対象外,,2026-07-24,,https://suumo.jp/chintai/jnc_000066798874/?bc=100490090283,不適合
SUUMO 賃貸 米子市,米子市,賃貸アパート,賃貸カテゴリ（掲載種別）,鳥取県米子市両三柳,6.75,43.8,,5,—,—,,—,賃貸のため対象外,,2026-07-24,,https://suumo.jp/chintai/jnc_000107901725/?bc=100512242454,不適合
SUUMO 賃貸 米子市,米子市,賃貸アパート,賃貸カテゴリ（掲載種別）,鳥取県米子市両三柳,6.75,43.8,,5,—,—,,—,賃貸のため対象外,,2026-07-24,,https://suumo.jp/chintai/jnc_000107909448/?bc=100512221921,不適合
SUUMO 賃貸 米子市,米子市,賃貸アパート,賃貸カテゴリ（掲載種別）,鳥取県米子市愛宕町,5.8,50.0,,5,—,—,,—,賃貸のため対象外,,2026-07-24,,https://suumo.jp/chintai/jnc_000014567645/?bc=100300633902,不適合
SUUMO 賃貸 米子市,米子市,賃貸アパート,賃貸カテゴリ（掲載種別）,鳥取県米子市愛宕町,5.8,48.4,,5,—,—,,—,賃貸のため対象外,,2026-07-24,,https://suumo.jp/chintai/jnc_000014567644/?bc=100047568191,不適合
SUUMO 賃貸 米子市,米子市,賃貸アパート,賃貸カテゴリ（掲載種別）,鳥取県米子市愛宕町,5.8,48.2,,5,—,—,,—,賃貸のため対象外,,2026-07-24,,https://suumo.jp/chintai/jnc_000054304573/?bc=100491900321,不適合
SUUMO 賃貸 米子市,米子市,賃貸戸建,賃貸カテゴリ（掲載種別）,鳥取県米子市天神町１,6.5,164.9,,5,—,—,,—,賃貸のため対象外,,2026-07-24,,https://suumo.jp/chintai/jnc_000107980222/?bc=100485950444,不適合
SUUMO 賃貸 米子市,米子市,賃貸戸建,賃貸カテゴリ（掲載種別）,鳥取県米子市天神町１,6.5,164.9,,5,—,—,,—,賃貸のため対象外,,2026-07-24,,https://suumo.jp/chintai/jnc_000107980221/?bc=100491746268,不適合
SUUMO 賃貸 米子市,米子市,賃貸アパート,賃貸カテゴリ（掲載種別）,鳥取県米子市米原２,6.1,50.4,,5,—,—,,—,賃貸のため対象外,,2026-07-24,,https://suumo.jp/chintai/jnc_000107497451/?bc=100511577183,不適合
SUUMO 賃貸 米子市,米子市,賃貸アパート,賃貸カテゴリ（掲載種別）,鳥取県米子市米原２,6.1,50.4,,5,—,—,,—,賃貸のため対象外,,2026-07-24,,https://suumo.jp/chintai/jnc_000107483565/?bc=100509056042,不適合
SUUMO 賃貸 米子市,米子市,賃貸アパート,賃貸カテゴリ（掲載種別）,鳥取県米子市皆生新田２,5.6,53.8,,5,田,—,,—,賃貸のため対象外,,2026-07-24,,https://suumo.jp/chintai/jnc_000108118688/?bc=100515389616,不適合
SUUMO 賃貸 米子市,米子市,賃貸アパート,賃貸カテゴリ（掲載種別）,鳥取県米子市皆生新田２,5.6,53.8,,5,田,—,,—,賃貸のため対象外,,2026-07-24,,https://suumo.jp/chintai/jnc_000108118689/?bc=100498813748,不適合
SUUMO 賃貸 米子市,米子市,賃貸アパート,賃貸カテゴリ（掲載種別）,鳥取県米子市皆生新田２,5.9,53.8,,5,田,—,,—,賃貸のため対象外,,2026-07-24,,https://suumo.jp/chintai/jnc_000105965641/?bc=100509141240,不適合
SUUMO 賃貸 米子市,米子市,賃貸アパート,賃貸カテゴリ（掲載種別）,鳥取県米子市皆生新田２,5.6,53.8,,5,田,—,,—,賃貸のため対象外,,2026-07-24,,https://suumo.jp/chintai/jnc_000108105103/?bc=100513926939,不適合
SUUMO 賃貸 米子市,米子市,賃貸アパート,賃貸カテゴリ（掲載種別）,鳥取県米子市皆生新田２,5.6,53.8,,5,田,—,,—,賃貸のため対象外,,2026-07-24,,https://suumo.jp/chintai/jnc_000108122688/?bc=100497645024,不適合
SUUMO 賃貸 米子市,米子市,賃貸アパート,賃貸カテゴリ（掲載種別）,鳥取県米子市皆生新田２,5.9,53.8,,5,田,—,,—,賃貸のため対象外,,2026-07-24,,https://suumo.jp/chintai/jnc_000105997338/?bc=100509788547,不適合
SUUMO 賃貸 米子市,米子市,賃貸アパート,賃貸カテゴリ（掲載種別）,鳥取県米子市灘町２,5.2,30.8,,5,—,—,,—,賃貸のため対象外,,2026-07-24,,https://suumo.jp/chintai/jnc_000068380147/?bc=100502136327,不適合
SUUMO 賃貸 米子市,米子市,賃貸アパート,賃貸カテゴリ（掲載種別）,鳥取県米子市灘町２,5.2,30.8,,5,—,—,,—,賃貸のため対象外,,2026-07-24,,https://suumo.jp/chintai/jnc_000068593196/?bc=100501900448,不適合
SUUMO 賃貸 米子市,米子市,賃貸アパート,賃貸カテゴリ（掲載種別）,鳥取県米子市旗ヶ崎６,5.45,48.4,,5,—,—,,—,賃貸のため対象外,,2026-07-24,,https://suumo.jp/chintai/jnc_000105868891/?bc=100497152422,不適合
SUUMO 賃貸 米子市,米子市,賃貸マンション,賃貸カテゴリ（掲載種別）,鳥取県米子市糀町２,5.7,40.3,,5,—,—,,—,賃貸のため対象外,,2026-07-24,,https://suumo.jp/chintai/jnc_000015708054/?bc=100508931469,不適合
SUUMO 賃貸 米子市,米子市,賃貸マンション,賃貸カテゴリ（掲載種別）,鳥取県米子市糀町２,5.7,40.3,,5,—,—,,—,賃貸のため対象外,,2026-07-24,,https://suumo.jp/chintai/jnc_000042818515/?bc=100492320340,不適合
SUUMO 賃貸 米子市,米子市,賃貸マンション,賃貸カテゴリ（掲載種別）,鳥取県米子市糀町２,5.7,40.0,,5,—,—,,—,賃貸のため対象外,,2026-07-24,,https://suumo.jp/chintai/jnc_000025426035/?bc=100509604103,不適合
SUUMO 賃貸 米子市,米子市,賃貸マンション,賃貸カテゴリ（掲載種別）,鳥取県米子市糀町２,5.7,40.0,,5,—,—,,—,賃貸のため対象外,,2026-07-24,,https://suumo.jp/chintai/jnc_000042864033/?bc=100510131486,不適合
SUUMO 賃貸 米子市,米子市,賃貸マンション,賃貸カテゴリ（掲載種別）,鳥取県米子市糀町２,5.7,40.0,,5,—,—,,—,賃貸のため対象外,,2026-07-24,,https://suumo.jp/chintai/jnc_000042771401/?bc=100510192814,不適合
SUUMO 賃貸 米子市,米子市,賃貸マンション,賃貸カテゴリ（掲載種別）,鳥取県米子市糀町２,5.7,40.3,,5,—,—,,—,賃貸のため対象外,,2026-07-24,,https://suumo.jp/chintai/jnc_000053976835/?bc=100496761181,不適合
SUUMO 賃貸 米子市,米子市,賃貸マンション,賃貸カテゴリ（掲載種別）,鳥取県米子市糀町２,5.7,40.3,,5,—,—,,—,賃貸のため対象外,,2026-07-24,,https://suumo.jp/chintai/jnc_000016086795/?bc=100510286491,不適合
SUUMO 賃貸 米子市,米子市,賃貸マンション,賃貸カテゴリ（掲載種別）,鳥取県米子市糀町２,5.7,40.0,,5,—,—,,—,賃貸のため対象外,,2026-07-24,,https://suumo.jp/chintai/jnc_000092569722/?bc=100508827331,不適合
SUUMO 賃貸 米子市,米子市,賃貸アパート,賃貸カテゴリ（掲載種別）,鳥取県米子市糀町２,5.7,40.0,,5,—,—,,—,賃貸のため対象外,,2026-07-24,,https://suumo.jp/chintai/jnc_000090274369/?bc=100442256470,不適合
SUUMO 賃貸 米子市,米子市,賃貸アパート,賃貸カテゴリ（掲載種別）,鳥取県米子市糀町２,5.7,40.0,,5,—,—,,—,賃貸のため対象外,,2026-07-24,,https://suumo.jp/chintai/jnc_000044557788/?bc=100497824112,不適合
SUUMO 賃貸 米子市,米子市,賃貸アパート,賃貸カテゴリ（掲載種別）,鳥取県米子市旗ヶ崎１,5.5,50.0,,5,—,—,,—,賃貸のため対象外,,2026-07-24,,https://suumo.jp/chintai/jnc_000100783488/?bc=100444991477,不適合
SUUMO 賃貸 米子市,米子市,賃貸アパート,賃貸カテゴリ（掲載種別）,鳥取県米子市旗ヶ崎１,5.6,50.0,,5,—,—,,—,賃貸のため対象外,,2026-07-24,,https://suumo.jp/chintai/jnc_000071439731/?bc=100469080189,不適合
SUUMO 賃貸 米子市,米子市,賃貸アパート,賃貸カテゴリ（掲載種別）,鳥取県米子市新開２,5.9,42.6,,5,—,—,,—,賃貸のため対象外,,2026-07-24,,https://suumo.jp/chintai/jnc_000084655855/?bc=100517758589,不適合
SUUMO 賃貸 米子市,米子市,賃貸アパート,賃貸カテゴリ（掲載種別）,鳥取県米子市新開２,6.2,43.0,,5,—,—,,—,賃貸のため対象外,,2026-07-24,,https://suumo.jp/chintai/jnc_000107282164/?bc=100507755287,不適合
SUUMO 賃貸 米子市,米子市,賃貸アパート,賃貸カテゴリ（掲載種別）,鳥取県米子市美吉,5.3,51.4,,5,—,—,,—,賃貸のため対象外,,2026-07-24,,https://suumo.jp/chintai/jnc_000105694198/?bc=100495796684,不適合
SUUMO 賃貸 米子市,米子市,賃貸アパート,賃貸カテゴリ（掲載種別）,鳥取県米子市美吉,5.3,51.4,,5,—,—,,—,賃貸のため対象外,,2026-07-24,,https://suumo.jp/chintai/jnc_000105706762/?bc=100495152349,不適合
SUUMO 賃貸 米子市,米子市,賃貸アパート,賃貸カテゴリ（掲載種別）,鳥取県米子市両三柳,5.1,59.5,,5,—,—,,—,賃貸のため対象外,,2026-07-24,,https://suumo.jp/chintai/jnc_000108631338/?bc=100498587084,不適合
SUUMO 賃貸 米子市,米子市,賃貸アパート,賃貸カテゴリ（掲載種別）,鳥取県米子市両三柳,5.1,54.0,,5,—,—,,—,賃貸のため対象外,,2026-07-24,,https://suumo.jp/chintai/jnc_000108001808/?bc=100476818450,不適合
SUUMO 賃貸 米子市,米子市,賃貸アパート,賃貸カテゴリ（掲載種別）,鳥取県米子市両三柳,5.1,54.0,,5,—,—,,—,賃貸のため対象外,,2026-07-24,,https://suumo.jp/chintai/jnc_000108001807/?bc=100475973873,不適合
SUUMO 賃貸 米子市,米子市,賃貸アパート,賃貸カテゴリ（掲載種別）,鳥取県米子市両三柳,5.1,48.0,,5,—,—,,—,賃貸のため対象外,,2026-07-24,,https://suumo.jp/chintai/jnc_000103615708/?bc=100481760015,不適合
SUUMO 賃貸 米子市,米子市,賃貸アパート,賃貸カテゴリ（掲載種別）,鳥取県米子市両三柳,5.95,48.0,,5,—,—,,—,賃貸のため対象外,,2026-07-24,,https://suumo.jp/chintai/jnc_000108519818/?bc=100516870285,不適合
SUUMO 賃貸 米子市,米子市,賃貸アパート,賃貸カテゴリ（掲載種別）,鳥取県米子市両三柳,5.95,48.0,,5,—,—,,—,賃貸のため対象外,,2026-07-24,,https://suumo.jp/chintai/jnc_000108228435/?bc=100514950888,不適合
SUUMO 賃貸 米子市,米子市,賃貸アパート,賃貸カテゴリ（掲載種別）,鳥取県米子市観音寺新町３,6.5,55.3,,5,—,—,,—,賃貸のため対象外,,2026-07-24,,https://suumo.jp/chintai/jnc_000014569572/?bc=100482186862,不適合
SUUMO 賃貸 米子市,米子市,賃貸アパート,賃貸カテゴリ（掲載種別）,鳥取県米子市観音寺新町３,6.5,55.3,,5,—,—,,—,賃貸のため対象外,,2026-07-24,,https://suumo.jp/chintai/jnc_000106406482/?bc=100485095802,不適合
SUUMO 賃貸 米子市,米子市,賃貸アパート,賃貸カテゴリ（掲載種別）,鳥取県米子市西福原６,6.0,54.0,,5,—,—,,—,賃貸のため対象外,,2026-07-24,,https://suumo.jp/chintai/jnc_000105202451/?bc=100491499887,不適合
SUUMO 賃貸 米子市,米子市,賃貸アパート,賃貸カテゴリ（掲載種別）,鳥取県米子市西福原６,6.3,54.0,,5,—,—,,—,賃貸のため対象外,,2026-07-24,,https://suumo.jp/chintai/jnc_000107605437/?bc=100486550489,不適合
SUUMO 賃貸 米子市,米子市,賃貸アパート,賃貸カテゴリ（掲載種別）,鳥取県米子市西福原６,6.0,54.0,,5,—,—,,—,賃貸のため対象外,,2026-07-24,,https://suumo.jp/chintai/jnc_000105245004/?bc=100491418932,不適合
SUUMO 賃貸 米子市,米子市,賃貸アパート,賃貸カテゴリ（掲載種別）,鳥取県米子市西福原６,6.3,54.0,,5,—,—,,—,賃貸のため対象外,,2026-07-24,,https://suumo.jp/chintai/jnc_000107614594/?bc=100510024785,不適合
SUUMO 賃貸 米子市,米子市,賃貸アパート,賃貸カテゴリ（掲載種別）,鳥取県米子市両三柳,4.5,30.0,,5,—,—,,—,賃貸のため対象外,,2026-07-24,,https://suumo.jp/chintai/jnc_000105473610/?bc=100496761354,適合
SUUMO 賃貸 米子市,米子市,賃貸アパート,賃貸カテゴリ（掲載種別）,鳥取県米子市両三柳,4.5,30.0,,5,—,—,,—,賃貸のため対象外,,2026-07-24,,https://suumo.jp/chintai/jnc_000105539937/?bc=100493773234,適合
SUUMO 賃貸 米子市,米子市,賃貸アパート,賃貸カテゴリ（掲載種別）,鳥取県米子市両三柳,4.9,50.1,,5,—,—,,—,賃貸のため対象外,,2026-07-24,,https://suumo.jp/chintai/jnc_000027586659/?bc=100510450649,適合
SUUMO 賃貸 米子市,米子市,賃貸アパート,賃貸カテゴリ（掲載種別）,鳥取県米子市両三柳,4.9,50.1,,5,—,—,,—,賃貸のため対象外,,2026-07-24,,https://suumo.jp/chintai/jnc_000065472424/?bc=100514826619,適合
SUUMO 賃貸 米子市,米子市,賃貸アパート,賃貸カテゴリ（掲載種別）,鳥取県米子市米原６,4.9,55.5,,5,—,—,,—,賃貸のため対象外,,2026-07-24,,https://suumo.jp/chintai/jnc_000108475230/?bc=100516477808,適合
SUUMO 賃貸 米子市,米子市,賃貸アパート,賃貸カテゴリ（掲載種別）,鳥取県米子市米原６,4.9,53.5,,5,—,—,,—,賃貸のため対象外,,2026-07-24,,https://suumo.jp/chintai/jnc_000106378300/?bc=100501391822,適合
SUUMO 賃貸 米子市,米子市,賃貸アパート,賃貸カテゴリ（掲載種別）,鳥取県米子市米原６,4.9,53.5,,5,—,—,,—,賃貸のため対象外,,2026-07-24,,https://suumo.jp/chintai/jnc_000106358867/?bc=100500883694,適合
SUUMO 賃貸 米子市,米子市,賃貸アパート,賃貸カテゴリ（掲載種別）,鳥取県米子市観音寺新町５,5.8,55.5,,5,—,—,,—,賃貸のため対象外,,2026-07-24,,https://suumo.jp/chintai/jnc_000106648940/?bc=100503529619,不適合
SUUMO 賃貸 米子市,米子市,賃貸アパート,賃貸カテゴリ（掲載種別）,鳥取県米子市熊党,4.8,50.9,,5,—,—,,—,賃貸のため対象外,,2026-07-24,,https://suumo.jp/chintai/jnc_000107935327/?bc=100500724519,適合
SUUMO 賃貸 米子市,米子市,賃貸アパート,賃貸カテゴリ（掲載種別）,鳥取県米子市熊党,4.8,50.9,,5,—,—,,—,賃貸のため対象外,,2026-07-24,,https://suumo.jp/chintai/jnc_000049121929/?bc=100500724994,適合
SUUMO 賃貸 米子市,米子市,賃貸アパート,賃貸カテゴリ（掲載種別）,鳥取県米子市旗ヶ崎６,6.55,61.7,,5,—,—,,—,賃貸のため対象外,,2026-07-24,,https://suumo.jp/chintai/jnc_000108025914/?bc=100457398376,不適合
SUUMO 賃貸 米子市,米子市,賃貸アパート,賃貸カテゴリ（掲載種別）,鳥取県米子市旗ヶ崎６,6.55,61.7,,5,—,—,,—,賃貸のため対象外,,2026-07-24,,https://suumo.jp/chintai/jnc_000108125568/?bc=100513349036,不適合
SUUMO 賃貸 米子市,米子市,賃貸マンション,賃貸カテゴリ（掲載種別）,鳥取県米子市陽田町,5.8,45.0,,5,田,—,,—,賃貸のため対象外,,2026-07-24,,https://suumo.jp/chintai/jnc_000063471458/?bc=100475451874,不適合
SUUMO 賃貸 米子市,米子市,賃貸マンション,賃貸カテゴリ（掲載種別）,鳥取県米子市陽田町,5.8,45.0,,5,田,—,,—,賃貸のため対象外,,2026-07-24,,https://suumo.jp/chintai/jnc_000059253691/?bc=100441407093,不適合
SUUMO 賃貸 米子市,米子市,賃貸マンション,賃貸カテゴリ（掲載種別）,鳥取県米子市陽田町,5.8,45.0,,5,田,—,,—,賃貸のため対象外,,2026-07-24,,https://suumo.jp/chintai/jnc_000050802949/?bc=100452222538,不適合
SUUMO 賃貸 米子市,米子市,賃貸アパート,賃貸カテゴリ（掲載種別）,鳥取県米子市西福原４,5.5,50.1,,5,—,—,,—,賃貸のため対象外,,2026-07-24,,https://suumo.jp/chintai/jnc_000014568250/?bc=100506935322,不適合
SUUMO 賃貸 米子市,米子市,賃貸アパート,賃貸カテゴリ（掲載種別）,鳥取県米子市上福原３,5.3,46.1,,5,—,—,,—,賃貸のため対象外,,2026-07-24,,https://suumo.jp/chintai/jnc_000108575071/?bc=100517185842,不適合
SUUMO 賃貸 米子市,米子市,賃貸アパート,賃貸カテゴリ（掲載種別）,鳥取県米子市米原３,5.5,50.5,,5,—,—,,—,賃貸のため対象外,,2026-07-24,,https://suumo.jp/chintai/jnc_000107859479/?bc=100513765985,不適合
SUUMO 賃貸 米子市,米子市,賃貸アパート,賃貸カテゴリ（掲載種別）,鳥取県米子市米原３,5.5,50.5,,5,—,—,,—,賃貸のため対象外,,2026-07-24,,https://suumo.jp/chintai/jnc_000107853127/?bc=100511845635,不適合
SUUMO 賃貸 米子市,米子市,賃貸マンション,賃貸カテゴリ（掲載種別）,鳥取県米子市米原８,5.3,40.7,,5,—,—,,—,賃貸のため対象外,,2026-07-24,,https://suumo.jp/chintai/jnc_000087541846/?bc=100517863733,不適合
SUUMO 賃貸 米子市,米子市,賃貸アパート,賃貸カテゴリ（掲載種別）,鳥取県米子市米原２,4.9,51.0,,5,—,—,,—,賃貸のため対象外,,2026-07-24,,https://suumo.jp/chintai/jnc_000105355038/?bc=100458639161,適合
SUUMO 賃貸 米子市,米子市,賃貸アパート,賃貸カテゴリ（掲載種別）,鳥取県米子市米原２,4.9,51.0,,5,—,—,,—,賃貸のため対象外,,2026-07-24,,https://suumo.jp/chintai/jnc_000106216993/?bc=100457991183,適合
SUUMO 賃貸 米子市,米子市,賃貸アパート,賃貸カテゴリ（掲載種別）,鳥取県米子市目久美町,5.7,51.9,,5,—,—,,—,賃貸のため対象外,,2026-07-24,,https://suumo.jp/chintai/jnc_000108631332/?bc=100500613209,不適合
SUUMO 賃貸 米子市,米子市,賃貸アパート,賃貸カテゴリ（掲載種別）,鳥取県米子市目久美町,5.9,51.9,,5,—,—,,—,賃貸のため対象外,,2026-07-24,,https://suumo.jp/chintai/jnc_000107758782/?bc=100511577178,不適合
SUUMO 賃貸 米子市,米子市,賃貸アパート,賃貸カテゴリ（掲載種別）,鳥取県米子市目久美町,5.7,52.1,,5,—,—,,—,賃貸のため対象外,,2026-07-24,,https://suumo.jp/chintai/jnc_000108631333/?bc=100499810737,不適合
SUUMO 賃貸 米子市,米子市,賃貸アパート,賃貸カテゴリ（掲載種別）,鳥取県米子市目久美町,5.9,51.9,,5,—,—,,—,賃貸のため対象外,,2026-07-24,,https://suumo.jp/chintai/jnc_000107750888/?bc=100511074196,不適合
SUUMO 賃貸 米子市,米子市,賃貸アパート,賃貸カテゴリ（掲載種別）,鳥取県米子市米原８,5.5,55.2,,5,—,—,,—,賃貸のため対象外,,2026-07-24,,https://suumo.jp/chintai/jnc_000106975176/?bc=100506396612,不適合
SUUMO 賃貸 米子市,米子市,賃貸アパート,賃貸カテゴリ（掲載種別）,鳥取県米子市米原８,5.5,55.2,,5,—,—,,—,賃貸のため対象外,,2026-07-24,,https://suumo.jp/chintai/jnc_000106955811/?bc=100505271010,不適合
SUUMO 賃貸 米子市,米子市,賃貸アパート,賃貸カテゴリ（掲載種別）,鳥取県米子市旗ヶ崎６,4.8,31.7,,5,—,—,,—,賃貸のため対象外,,2026-07-24,,https://suumo.jp/chintai/jnc_000106983485/?bc=100515934320,適合
SUUMO 賃貸 米子市,米子市,賃貸アパート,賃貸カテゴリ（掲載種別）,鳥取県米子市蚊屋,5.3,42.7,,5,—,—,,—,賃貸のため対象外,,2026-07-24,,https://suumo.jp/chintai/jnc_000051190849/?bc=100507679741,不適合
SUUMO 賃貸 米子市,米子市,賃貸アパート,賃貸カテゴリ（掲載種別）,鳥取県米子市蚊屋,5.3,42.7,,5,—,—,,—,賃貸のため対象外,,2026-07-24,,https://suumo.jp/chintai/jnc_000052316913/?bc=100502954074,不適合
SUUMO 賃貸 米子市,米子市,賃貸アパート,賃貸カテゴリ（掲載種別）,鳥取県米子市旗ヶ崎６,5.55,53.0,,5,—,—,,—,賃貸のため対象外,,2026-07-24,,https://suumo.jp/chintai/jnc_000107266719/?bc=100508022768,不適合
SUUMO 賃貸 米子市,米子市,賃貸アパート,賃貸カテゴリ（掲載種別）,鳥取県米子市旗ヶ崎８,5.4,53.8,,5,—,—,,—,賃貸のため対象外,,2026-07-24,,https://suumo.jp/chintai/jnc_000060838868/?bc=100464029829,不適合
SUUMO 賃貸 米子市,米子市,賃貸アパート,賃貸カテゴリ（掲載種別）,鳥取県米子市旗ヶ崎８,5.4,53.8,,5,—,—,,—,賃貸のため対象外,,2026-07-24,,https://suumo.jp/chintai/jnc_000060838869/?bc=100515361998,不適合
SUUMO 賃貸 米子市,米子市,賃貸アパート,賃貸カテゴリ（掲載種別）,鳥取県米子市両三柳,5.3,55.4,,5,—,—,,—,賃貸のため対象外,,2026-07-24,,https://suumo.jp/chintai/jnc_000047767527/?bc=100481315867,不適合
SUUMO 賃貸 米子市,米子市,賃貸アパート,賃貸カテゴリ（掲載種別）,鳥取県米子市両三柳,5.3,55.4,,5,—,—,,—,賃貸のため対象外,,2026-07-24,,https://suumo.jp/chintai/jnc_000052894739/?bc=100462578033,不適合
SUUMO 賃貸 米子市,米子市,賃貸アパート,賃貸カテゴリ（掲載種別）,鳥取県米子市新開６,5.8,57.1,,5,—,—,,—,賃貸のため対象外,,2026-07-24,,https://suumo.jp/chintai/jnc_000107909463/?bc=100512866041,不適合
SUUMO 賃貸 米子市,米子市,賃貸アパート,賃貸カテゴリ（掲載種別）,鳥取県米子市新開６,5.8,57.1,,5,—,—,,—,賃貸のため対象外,,2026-07-24,,https://suumo.jp/chintai/jnc_000107980227/?bc=100512449897,不適合
SUUMO 賃貸 米子市,米子市,賃貸アパート,賃貸カテゴリ（掲載種別）,鳥取県米子市淀江町佐陀,6.2,60.6,,5,—,—,,—,賃貸のため対象外,,2026-07-24,,https://suumo.jp/chintai/jnc_000053189731/?bc=100514883277,不適合
SUUMO 賃貸 米子市,米子市,賃貸アパート,賃貸カテゴリ（掲載種別）,鳥取県米子市淀江町佐陀,6.2,60.6,,5,—,—,,—,賃貸のため対象外,,2026-07-24,,https://suumo.jp/chintai/jnc_000108331415/?bc=100517195813,不適合
SUUMO 賃貸 米子市,米子市,賃貸アパート,賃貸カテゴリ（掲載種別）,鳥取県米子市淀江町佐陀,6.2,60.6,,5,—,—,,—,賃貸のため対象外,,2026-07-24,,https://suumo.jp/chintai/jnc_000108075785/?bc=100515316721,不適合
SUUMO 賃貸 米子市,米子市,賃貸アパート,賃貸カテゴリ（掲載種別）,鳥取県米子市淀江町佐陀,6.2,60.6,,5,—,—,,—,賃貸のため対象外,,2026-07-24,,https://suumo.jp/chintai/jnc_000108331416/?bc=100513638390,不適合
SUUMO 賃貸 米子市,米子市,賃貸アパート,賃貸カテゴリ（掲載種別）,鳥取県米子市旗ヶ崎６,5.45,48.4,,5,—,—,,—,賃貸のため対象外,,2026-07-24,,https://suumo.jp/chintai/jnc_000105921415/?bc=100515867300,不適合
SUUMO 賃貸 米子市,米子市,賃貸マンション,賃貸カテゴリ（掲載種別）,鳥取県米子市道笑町２,6.5,54.8,,5,—,—,,—,賃貸のため対象外,,2026-07-24,,https://suumo.jp/chintai/jnc_000080947924/?bc=100488072524,不適合
SUUMO 賃貸 米子市,米子市,賃貸アパート,賃貸カテゴリ（掲載種別）,鳥取県米子市両三柳,4.75,52.9,,5,—,—,,—,賃貸のため対象外,,2026-07-24,,https://suumo.jp/chintai/jnc_000108631341/?bc=100516621903,適合
SUUMO 賃貸 米子市,米子市,賃貸アパート,賃貸カテゴリ（掲載種別）,鳥取県米子市淀江町佐陀,5.45,55.7,,5,—,—,,—,賃貸のため対象外,,2026-07-24,,https://suumo.jp/chintai/jnc_000108276119/?bc=100515178943,不適合
SUUMO 賃貸 米子市,米子市,賃貸マンション,賃貸カテゴリ（掲載種別）,鳥取県米子市冨士見町,4.5,40.0,,5,—,—,,—,賃貸のため対象外,,2026-07-24,,https://suumo.jp/chintai/jnc_000103906763/?bc=100491359954,適合
SUUMO 賃貸 米子市,米子市,賃貸マンション,賃貸カテゴリ（掲載種別）,鳥取県米子市冨士見町,5.0,40.0,,5,—,—,,—,賃貸のため対象外,,2026-07-24,,https://suumo.jp/chintai/jnc_000104741395/?bc=100479361046,適合
SUUMO 賃貸 米子市,米子市,賃貸マンション,賃貸カテゴリ（掲載種別）,鳥取県米子市冨士見町,5.0,38.8,,5,—,—,,—,賃貸のため対象外,,2026-07-24,,https://suumo.jp/chintai/jnc_000103692378/?bc=100479922064,適合
SUUMO 賃貸 米子市,米子市,賃貸マンション,賃貸カテゴリ（掲載種別）,鳥取県米子市冨士見町,5.0,38.8,,5,—,—,,—,賃貸のため対象外,,2026-07-24,,https://suumo.jp/chintai/jnc_000106124351/?bc=100498972437,適合
SUUMO 賃貸 米子市,米子市,賃貸マンション,賃貸カテゴリ（掲載種別）,鳥取県米子市冨士見町,5.0,38.8,,5,—,—,,—,賃貸のため対象外,,2026-07-24,,https://suumo.jp/chintai/jnc_000103641481/?bc=100479201176,適合
SUUMO 賃貸 米子市,米子市,賃貸アパート,賃貸カテゴリ（掲載種別）,鳥取県米子市旗ヶ崎６,5.3,65.0,,5,—,—,,—,賃貸のため対象外,,2026-07-24,,https://suumo.jp/chintai/jnc_000107584612/?bc=100509756343,不適合
SUUMO 賃貸 米子市,米子市,賃貸アパート,賃貸カテゴリ（掲載種別）,鳥取県米子市旗ヶ崎６,5.3,65.0,,5,—,—,,—,賃貸のため対象外,,2026-07-24,,https://suumo.jp/chintai/jnc_000107584613/?bc=100509722275,不適合
SUUMO 賃貸 米子市,米子市,賃貸アパート,賃貸カテゴリ（掲載種別）,鳥取県米子市淀江町佐陀,5.2,42.7,,5,—,—,,—,賃貸のため対象外,,2026-07-24,,https://suumo.jp/chintai/jnc_000108497425/?bc=100516659325,不適合
SUUMO 賃貸 米子市,米子市,賃貸アパート,賃貸カテゴリ（掲載種別）,鳥取県米子市勝田町,5.1,30.4,,5,田,—,,—,賃貸のため対象外,,2026-07-24,,https://suumo.jp/chintai/jnc_000107584609/?bc=100468076471,不適合
SUUMO 賃貸 米子市,米子市,賃貸アパート,賃貸カテゴリ（掲載種別）,鳥取県米子市勝田町,5.1,30.4,,5,田,—,,—,賃貸のため対象外,,2026-07-24,,https://suumo.jp/chintai/jnc_000107584610/?bc=100457593679,不適合
SUUMO 賃貸 米子市,米子市,賃貸アパート,賃貸カテゴリ（掲載種別）,鳥取県米子市米原６,5.6,53.7,,5,—,—,,—,賃貸のため対象外,,2026-07-24,,https://suumo.jp/chintai/jnc_000107468938/?bc=100509666271,不適合
SUUMO 賃貸 米子市,米子市,賃貸アパート,賃貸カテゴリ（掲載種別）,鳥取県米子市米原６,5.6,53.7,,5,—,—,,—,賃貸のため対象外,,2026-07-24,,https://suumo.jp/chintai/jnc_000107448597/?bc=100508799659,不適合
SUUMO 賃貸 米子市,米子市,賃貸アパート,賃貸カテゴリ（掲載種別）,鳥取県米子市米原８,5.9,53.7,,5,—,—,,—,賃貸のため対象外,,2026-07-24,,https://suumo.jp/chintai/jnc_000061224637/?bc=100489042703,不適合
SUUMO 賃貸 米子市,米子市,賃貸アパート,賃貸カテゴリ（掲載種別）,鳥取県米子市米原８,5.9,53.7,,5,—,—,,—,賃貸のため対象外,,2026-07-24,,https://suumo.jp/chintai/jnc_000061263915/?bc=100490693595,不適合
SUUMO 賃貸 米子市,米子市,賃貸アパート,賃貸カテゴリ（掲載種別）,鳥取県米子市灘町２,5.1,26.7,,5,—,—,,—,賃貸のため対象外,,2026-07-24,,https://suumo.jp/chintai/jnc_000070417445/?bc=100487823364,不適合
SUUMO 賃貸 米子市,米子市,賃貸アパート,賃貸カテゴリ（掲載種別）,鳥取県米子市灘町２,5.1,26.7,,5,—,—,,—,賃貸のため対象外,,2026-07-24,,https://suumo.jp/chintai/jnc_000070332568/?bc=100486348236,不適合
SUUMO 賃貸 米子市,米子市,賃貸アパート,賃貸カテゴリ（掲載種別）,鳥取県米子市中島１,8.0,52.4,,5,—,—,,—,賃貸のため対象外,,2026-07-24,,https://suumo.jp/chintai/jnc_000108610564/?bc=100517502252,不適合
SUUMO 賃貸 米子市,米子市,賃貸アパート,賃貸カテゴリ（掲載種別）,鳥取県米子市旗ヶ崎６,5.55,53.0,,5,—,—,,—,賃貸のため対象外,,2026-07-24,,https://suumo.jp/chintai/jnc_000107282163/?bc=100507360770,不適合
SUUMO 賃貸 米子市,米子市,賃貸マンション,賃貸カテゴリ（掲載種別）,鳥取県米子市内町,5.2,26.0,,5,—,—,,—,賃貸のため対象外,,2026-07-24,,https://suumo.jp/chintai/jnc_000104058328/?bc=100498986359,不適合
SUUMO 賃貸 米子市,米子市,賃貸マンション,賃貸カテゴリ（掲載種別）,鳥取県米子市内町,5.5,26.0,,5,—,—,,—,賃貸のため対象外,,2026-07-24,,https://suumo.jp/chintai/jnc_000104410120/?bc=100486829826,不適合
SUUMO 賃貸 米子市,米子市,賃貸アパート,賃貸カテゴリ（掲載種別）,鳥取県米子市淀江町佐陀,4.9,47.4,,5,—,—,,—,賃貸のため対象外,,2026-07-24,,https://suumo.jp/chintai/jnc_000108051415/?bc=100515389897,適合
SUUMO 賃貸 米子市,米子市,賃貸アパート,賃貸カテゴリ（掲載種別）,鳥取県米子市淀江町佐陀,4.9,47.4,,5,—,—,,—,賃貸のため対象外,,2026-07-24,,https://suumo.jp/chintai/jnc_000108322942/?bc=100514899950,適合
SUUMO 賃貸 米子市,米子市,賃貸アパート,賃貸カテゴリ（掲載種別）,鳥取県米子市冨士見町,4.9,45.0,,5,—,—,,—,賃貸のため対象外,,2026-07-24,,https://suumo.jp/chintai/jnc_000014568878/?bc=100049392361,適合
SUUMO 賃貸 米子市,米子市,賃貸アパート,賃貸カテゴリ（掲載種別）,鳥取県米子市冨士見町,4.9,45.0,,5,—,—,,—,賃貸のため対象外,,2026-07-24,,https://suumo.jp/chintai/jnc_000082593109/?bc=100306667420,適合
SUUMO 賃貸 米子市,米子市,賃貸アパート,賃貸カテゴリ（掲載種別）,鳥取県米子市冨士見町,4.9,45.0,,5,—,—,,—,賃貸のため対象外,,2026-07-24,,https://suumo.jp/chintai/jnc_000072109649/?bc=100290258306,適合
SUUMO 賃貸 米子市,米子市,賃貸アパート,賃貸カテゴリ（掲載種別）,鳥取県米子市冨士見町,4.9,45.0,,5,—,—,,—,賃貸のため対象外,,2026-07-24,,https://suumo.jp/chintai/jnc_000096035605/?bc=100419197811,適合
SUUMO 賃貸 米子市,米子市,賃貸マンション,賃貸カテゴリ（掲載種別）,鳥取県米子市博労町３,4.6,40.0,,5,—,—,,—,賃貸のため対象外,,2026-07-24,,https://suumo.jp/chintai/jnc_000103906760/?bc=100506467914,適合
SUUMO 賃貸 米子市,米子市,賃貸マンション,賃貸カテゴリ（掲載種別）,鳥取県米子市博労町３,4.6,40.0,,5,—,—,,—,賃貸のため対象外,,2026-07-24,,https://suumo.jp/chintai/jnc_000107152625/?bc=100501087000,適合
SUUMO 賃貸 米子市,米子市,賃貸マンション,賃貸カテゴリ（掲載種別）,鳥取県米子市博労町３,4.6,40.0,,5,—,—,,—,賃貸のため対象外,,2026-07-24,,https://suumo.jp/chintai/jnc_000107917210/?bc=100509604115,適合
SUUMO 賃貸 米子市,米子市,賃貸マンション,賃貸カテゴリ（掲載種別）,鳥取県米子市博労町３,4.6,40.0,,5,—,—,,—,賃貸のため対象外,,2026-07-24,,https://suumo.jp/chintai/jnc_000050224493/?bc=100507728302,適合
SUUMO 賃貸 米子市,米子市,賃貸マンション,賃貸カテゴリ（掲載種別）,鳥取県米子市博労町３,4.6,40.0,,5,—,—,,—,賃貸のため対象外,,2026-07-24,,https://suumo.jp/chintai/jnc_000052311653/?bc=100434279437,適合
SUUMO 賃貸 米子市,米子市,賃貸マンション,賃貸カテゴリ（掲載種別）,鳥取県米子市博労町３,4.6,40.0,,5,—,—,,—,賃貸のため対象外,,2026-07-24,,https://suumo.jp/chintai/jnc_000107917208/?bc=100509604125,適合
SUUMO 賃貸 米子市,米子市,賃貸マンション,賃貸カテゴリ（掲載種別）,鳥取県米子市博労町３,4.6,40.0,,5,—,—,,—,賃貸のため対象外,,2026-07-24,,https://suumo.jp/chintai/jnc_000098122467/?bc=100515065860,適合
SUUMO 賃貸 米子市,米子市,賃貸マンション,賃貸カテゴリ（掲載種別）,鳥取県米子市博労町３,4.6,40.0,,5,—,—,,—,賃貸のため対象外,,2026-07-24,,https://suumo.jp/chintai/jnc_000038781320/?bc=100501167720,適合
SUUMO 賃貸 米子市,米子市,賃貸マンション,賃貸カテゴリ（掲載種別）,鳥取県米子市博労町３,4.6,40.0,,5,—,—,,—,賃貸のため対象外,,2026-07-24,,https://suumo.jp/chintai/jnc_000052297756/?bc=100508931274,適合
SUUMO 賃貸 米子市,米子市,賃貸マンション,賃貸カテゴリ（掲載種別）,鳥取県米子市博労町３,4.6,40.0,,5,—,—,,—,賃貸のため対象外,,2026-07-24,,https://suumo.jp/chintai/jnc_000073259110/?bc=100497671744,適合
SUUMO 賃貸 米子市,米子市,賃貸マンション,賃貸カテゴリ（掲載種別）,鳥取県米子市博労町３,4.6,40.0,,5,—,—,,—,賃貸のため対象外,,2026-07-24,,https://suumo.jp/chintai/jnc_000107917209/?bc=100511270899,適合
SUUMO 賃貸 米子市,米子市,賃貸マンション,賃貸カテゴリ（掲載種別）,鳥取県米子市博労町３,4.6,40.0,,5,—,—,,—,賃貸のため対象外,,2026-07-24,,https://suumo.jp/chintai/jnc_000107349616/?bc=100491900325,適合
SUUMO 賃貸 米子市,米子市,賃貸マンション,賃貸カテゴリ（掲載種別）,鳥取県米子市博労町３,4.6,40.0,,5,—,—,,—,賃貸のため対象外,,2026-07-24,,https://suumo.jp/chintai/jnc_000103321365/?bc=100476558339,適合
SUUMO 賃貸 米子市,米子市,賃貸マンション,賃貸カテゴリ（掲載種別）,鳥取県米子市博労町３,4.6,40.0,,5,—,—,,—,賃貸のため対象外,,2026-07-24,,https://suumo.jp/chintai/jnc_000106378298/?bc=100501027783,適合
SUUMO 賃貸 米子市,米子市,賃貸マンション,賃貸カテゴリ（掲載種別）,鳥取県米子市博労町３,4.6,40.0,,5,—,—,,—,賃貸のため対象外,,2026-07-24,,https://suumo.jp/chintai/jnc_000104523041/?bc=100486218807,適合
SUUMO 賃貸 米子市,米子市,賃貸マンション,賃貸カテゴリ（掲載種別）,鳥取県米子市博労町３,4.6,40.0,,5,—,—,,—,賃貸のため対象外,,2026-07-24,,https://suumo.jp/chintai/jnc_000107152627/?bc=100506492608,適合
SUUMO 賃貸 米子市,米子市,賃貸マンション,賃貸カテゴリ（掲載種別）,鳥取県米子市博労町３,4.6,40.0,,5,—,—,,—,賃貸のため対象外,,2026-07-24,,https://suumo.jp/chintai/jnc_000097822263/?bc=100515015377,適合
SUUMO 賃貸 米子市,米子市,賃貸マンション,賃貸カテゴリ（掲載種別）,鳥取県米子市博労町３,4.6,40.0,,5,—,—,,—,賃貸のため対象外,,2026-07-24,,https://suumo.jp/chintai/jnc_000097822260/?bc=100429924142,適合
SUUMO 賃貸 米子市,米子市,賃貸マンション,賃貸カテゴリ（掲載種別）,鳥取県米子市博労町３,4.6,40.0,,5,—,—,,—,賃貸のため対象外,,2026-07-24,,https://suumo.jp/chintai/jnc_000107456721/?bc=100508827332,適合
SUUMO 賃貸 米子市,米子市,賃貸マンション,賃貸カテゴリ（掲載種別）,鳥取県米子市博労町３,4.6,40.0,,5,—,—,,—,賃貸のため対象外,,2026-07-24,,https://suumo.jp/chintai/jnc_000107456722/?bc=100508827330,適合
SUUMO 賃貸 米子市,米子市,賃貸マンション,賃貸カテゴリ（掲載種別）,鳥取県米子市道笑町２,6.5,54.8,,5,—,—,,—,賃貸のため対象外,,2026-07-24,,https://suumo.jp/chintai/jnc_000080056370/?bc=100487746841,不適合
SUUMO 賃貸 米子市,米子市,賃貸アパート,賃貸カテゴリ（掲載種別）,鳥取県米子市西福原４,5.2,51.7,,5,—,—,,—,賃貸のため対象外,,2026-07-24,,https://suumo.jp/chintai/jnc_000107143600/?bc=100506431714,不適合
SUUMO 賃貸 米子市,米子市,賃貸アパート,賃貸カテゴリ（掲載種別）,鳥取県米子市西福原４,5.2,51.7,,5,—,—,,—,賃貸のため対象外,,2026-07-24,,https://suumo.jp/chintai/jnc_000107143599/?bc=100506463548,不適合
SUUMO 賃貸 米子市,米子市,賃貸アパート,賃貸カテゴリ（掲載種別）,鳥取県米子市東福原７,4.8,42.7,,5,—,—,,—,賃貸のため対象外,,2026-07-24,,https://suumo.jp/chintai/jnc_000029334867/?bc=100507755401,適合
SUUMO 賃貸 米子市,米子市,賃貸アパート,賃貸カテゴリ（掲載種別）,鳥取県米子市淀江町佐陀,4.95,50.1,,5,—,—,,—,賃貸のため対象外,,2026-07-24,,https://suumo.jp/chintai/jnc_000107571552/?bc=100510284773,適合
SUUMO 賃貸 米子市,米子市,賃貸アパート,賃貸カテゴリ（掲載種別）,鳥取県米子市淀江町佐陀,5.05,45.8,,5,—,—,,—,賃貸のため対象外,,2026-07-24,,https://suumo.jp/chintai/jnc_000107917262/?bc=100512865909,不適合
SUUMO 賃貸 米子市,米子市,賃貸アパート,賃貸カテゴリ（掲載種別）,鳥取県米子市淀江町佐陀,4.95,50.1,,5,—,—,,—,賃貸のため対象外,,2026-07-24,,https://suumo.jp/chintai/jnc_000107584621/?bc=100510024789,適合
SUUMO 賃貸 米子市,米子市,賃貸アパート,賃貸カテゴリ（掲載種別）,鳥取県米子市淀江町佐陀,5.05,45.8,,5,—,—,,—,賃貸のため対象外,,2026-07-24,,https://suumo.jp/chintai/jnc_000107961591/?bc=100512721391,不適合
SUUMO 賃貸 米子市,米子市,賃貸アパート,賃貸カテゴリ（掲載種別）,鳥取県米子市両三柳,5.3,45.4,,5,—,—,,—,賃貸のため対象外,,2026-07-24,,https://suumo.jp/chintai/jnc_000108331414/?bc=100515481862,不適合
SUUMO 賃貸 米子市,米子市,賃貸アパート,賃貸カテゴリ（掲載種別）,鳥取県米子市両三柳,5.3,45.4,,5,—,—,,—,賃貸のため対象外,,2026-07-24,,https://suumo.jp/chintai/jnc_000106941874/?bc=100464842581,不適合
SUUMO 賃貸 米子市,米子市,賃貸アパート,賃貸カテゴリ（掲載種別）,鳥取県米子市両三柳,5.7,45.4,,5,—,—,,—,賃貸のため対象外,,2026-07-24,,https://suumo.jp/chintai/jnc_000105158426/?bc=100492206913,不適合
SUUMO 賃貸 米子市,米子市,賃貸アパート,賃貸カテゴリ（掲載種別）,鳥取県米子市両三柳,5.3,45.4,,5,—,—,,—,賃貸のため対象外,,2026-07-24,,https://suumo.jp/chintai/jnc_000108317184/?bc=100515361996,不適合
SUUMO 賃貸 米子市,米子市,賃貸アパート,賃貸カテゴリ（掲載種別）,鳥取県米子市両三柳,5.3,45.4,,5,—,—,,—,賃貸のため対象外,,2026-07-24,,https://suumo.jp/chintai/jnc_000106946651/?bc=100464517974,不適合
SUUMO 賃貸 米子市,米子市,賃貸アパート,賃貸カテゴリ（掲載種別）,鳥取県米子市両三柳,5.7,45.4,,5,—,—,,—,賃貸のため対象外,,2026-07-24,,https://suumo.jp/chintai/jnc_000105183597/?bc=100491092662,不適合
SUUMO 賃貸 米子市,米子市,賃貸マンション,賃貸カテゴリ（掲載種別）,鳥取県米子市灘町１,5.7,32.0,,5,—,—,,—,賃貸のため対象外,,2026-07-24,,https://suumo.jp/chintai/jnc_000105451013/?bc=100493386868,不適合
SUUMO 賃貸 米子市,米子市,賃貸アパート,賃貸カテゴリ（掲載種別）,鳥取県米子市新開７,5.2,56.8,,5,—,—,,—,賃貸のため対象外,,2026-07-24,,https://suumo.jp/chintai/jnc_000096050613/?bc=100515178939,不適合
SUUMO 賃貸 米子市,米子市,賃貸アパート,賃貸カテゴリ（掲載種別）,鳥取県米子市車尾南１,5.1,45.3,,5,—,—,,—,賃貸のため対象外,,2026-07-24,,https://suumo.jp/chintai/jnc_000100084859/?bc=100507862630,不適合
SUUMO 賃貸 米子市,米子市,賃貸アパート,賃貸カテゴリ（掲載種別）,鳥取県米子市車尾南１,5.1,45.3,,5,—,—,,—,賃貸のため対象外,,2026-07-24,,https://suumo.jp/chintai/jnc_000100116297/?bc=100507785987,不適合
SUUMO 賃貸 米子市,米子市,賃貸アパート,賃貸カテゴリ（掲載種別）,鳥取県米子市両三柳,8.1,69.2,,5,—,—,,—,賃貸のため対象外,,2026-07-24,,https://suumo.jp/chintai/jnc_000108068284/?bc=100513276232,不適合
SUUMO 賃貸 米子市,米子市,賃貸アパート,賃貸カテゴリ（掲載種別）,鳥取県米子市夜見町,5.0,46.7,,5,—,—,,—,賃貸のため対象外,,2026-07-24,,https://suumo.jp/chintai/jnc_000107731133/?bc=100510847640,適合
SUUMO 賃貸 米子市,米子市,賃貸アパート,賃貸カテゴリ（掲載種別）,鳥取県米子市目久美町,5.7,23.2,,5,—,—,,—,賃貸のため対象外,,2026-07-24,,https://suumo.jp/chintai/jnc_000108567046/?bc=100516185399,不適合
SUUMO 賃貸 米子市,米子市,賃貸アパート,賃貸カテゴリ（掲載種別）,鳥取県米子市目久美町,5.8,23.2,,5,—,—,,—,賃貸のため対象外,,2026-07-24,,https://suumo.jp/chintai/jnc_000108706279/?bc=100518272626,不適合
SUUMO 賃貸 米子市,米子市,賃貸アパート,賃貸カテゴリ（掲載種別）,鳥取県米子市目久美町,5.8,23.2,,5,—,—,,—,賃貸のため対象外,,2026-07-24,,https://suumo.jp/chintai/jnc_000108307015/?bc=100490693376,不適合
SUUMO 賃貸 米子市,米子市,賃貸アパート,賃貸カテゴリ（掲載種別）,鳥取県米子市富益町,4.7,50.2,,5,—,—,,—,賃貸のため対象外,,2026-07-24,,https://suumo.jp/chintai/jnc_000031159249/?bc=100499516630,適合
SUUMO 賃貸 米子市,米子市,賃貸アパート,賃貸カテゴリ（掲載種別）,鳥取県米子市富益町,4.7,50.2,,5,—,—,,—,賃貸のため対象外,,2026-07-24,,https://suumo.jp/chintai/jnc_000106753628/?bc=100503697340,適合
SUUMO 賃貸 米子市,米子市,賃貸アパート,賃貸カテゴリ（掲載種別）,鳥取県米子市富益町,4.7,50.2,,5,—,—,,—,賃貸のため対象外,,2026-07-24,,https://suumo.jp/chintai/jnc_000031278662/?bc=100499431003,適合
SUUMO 賃貸 米子市,米子市,賃貸アパート,賃貸カテゴリ（掲載種別）,鳥取県米子市富益町,4.7,50.2,,5,—,—,,—,賃貸のため対象外,,2026-07-24,,https://suumo.jp/chintai/jnc_000047398119/?bc=100499456111,適合
SUUMO 賃貸 米子市,米子市,賃貸アパート,賃貸カテゴリ（掲載種別）,鳥取県米子市富益町,4.7,50.2,,5,—,—,,—,賃貸のため対象外,,2026-07-24,,https://suumo.jp/chintai/jnc_000106753629/?bc=100503695082,適合
SUUMO 賃貸 米子市,米子市,賃貸アパート,賃貸カテゴリ（掲載種別）,鳥取県米子市両三柳,5.1,43.0,,5,—,—,,—,賃貸のため対象外,,2026-07-24,,https://suumo.jp/chintai/jnc_000090270039/?bc=100507679649,不適合
SUUMO 賃貸 米子市,米子市,賃貸アパート,賃貸カテゴリ（掲載種別）,鳥取県米子市淀江町佐陀,5.0,45.3,,5,—,—,,—,賃貸のため対象外,,2026-07-24,,https://suumo.jp/chintai/jnc_000101028729/?bc=100516839473,適合
SUUMO 賃貸 米子市,米子市,賃貸アパート,賃貸カテゴリ（掲載種別）,鳥取県米子市淀江町佐陀,5.0,45.3,,5,—,—,,—,賃貸のため対象外,,2026-07-24,,https://suumo.jp/chintai/jnc_000108475231/?bc=100516477819,適合
SUUMO 賃貸 米子市,米子市,賃貸マンション,賃貸カテゴリ（掲載種別）,鳥取県米子市万能町,6.2,54.6,,5,—,—,,—,賃貸のため対象外,,2026-07-24,,https://suumo.jp/chintai/jnc_000100809926/?bc=100464030666,不適合
SUUMO 賃貸 米子市,米子市,賃貸マンション,賃貸カテゴリ（掲載種別）,鳥取県米子市万能町,6.2,54.6,,5,—,—,,—,賃貸のため対象外,,2026-07-24,,https://suumo.jp/chintai/jnc_000105304937/?bc=100492286816,不適合
SUUMO 賃貸 米子市,米子市,賃貸マンション,賃貸カテゴリ（掲載種別）,鳥取県米子市万能町,6.2,54.6,,5,—,—,,—,賃貸のため対象外,,2026-07-24,,https://suumo.jp/chintai/jnc_000106050098/?bc=100498381967,不適合
SUUMO 賃貸 米子市,米子市,賃貸マンション,賃貸カテゴリ（掲載種別）,鳥取県米子市万能町,6.2,54.6,,5,—,—,,—,賃貸のため対象外,,2026-07-24,,https://suumo.jp/chintai/jnc_000104932801/?bc=100501086998,不適合
SUUMO 賃貸 米子市,米子市,賃貸マンション,賃貸カテゴリ（掲載種別）,鳥取県米子市万能町,6.2,54.6,,5,—,—,,—,賃貸のため対象外,,2026-07-24,,https://suumo.jp/chintai/jnc_000039978398/?bc=100518404866,不適合
SUUMO 賃貸 米子市,米子市,賃貸マンション,賃貸カテゴリ（掲載種別）,鳥取県米子市万能町,6.2,54.6,,5,—,—,,—,賃貸のため対象外,,2026-07-24,,https://suumo.jp/chintai/jnc_000097548111/?bc=100516406327,不適合
SUUMO 賃貸 米子市,米子市,賃貸マンション,賃貸カテゴリ（掲載種別）,鳥取県米子市万能町,6.2,54.6,,5,—,—,,—,賃貸のため対象外,,2026-07-24,,https://suumo.jp/chintai/jnc_000106050096/?bc=100498381930,不適合
SUUMO 賃貸 米子市,米子市,賃貸マンション,賃貸カテゴリ（掲載種別）,鳥取県米子市万能町,6.4,61.6,,5,—,—,,—,賃貸のため対象外,,2026-07-24,,https://suumo.jp/chintai/jnc_000104932802/?bc=100504386682,不適合
SUUMO 賃貸 米子市,米子市,賃貸マンション,賃貸カテゴリ（掲載種別）,鳥取県米子市万能町,6.4,61.6,,5,—,—,,—,賃貸のため対象外,,2026-07-24,,https://suumo.jp/chintai/jnc_000066202635/?bc=100489266340,不適合
SUUMO 賃貸 米子市,米子市,賃貸マンション,賃貸カテゴリ（掲載種別）,鳥取県米子市万能町,6.4,59.2,,5,—,—,,—,賃貸のため対象外,,2026-07-24,,https://suumo.jp/chintai/jnc_000106050097/?bc=100498381916,不適合
SUUMO 賃貸 米子市,米子市,賃貸マンション,賃貸カテゴリ（掲載種別）,鳥取県米子市万能町,6.6,58.8,,5,—,—,,—,賃貸のため対象外,,2026-07-24,,https://suumo.jp/chintai/jnc_000106041473/?bc=100492808198,不適合
SUUMO 賃貸 米子市,米子市,賃貸マンション,賃貸カテゴリ（掲載種別）,鳥取県米子市万能町,6.6,58.8,,5,—,—,,—,賃貸のため対象外,,2026-07-24,,https://suumo.jp/chintai/jnc_000105304938/?bc=100492286748,不適合
SUUMO 賃貸 米子市,米子市,賃貸マンション,賃貸カテゴリ（掲載種別）,鳥取県米子市万能町,6.9,61.6,,5,—,—,,—,賃貸のため対象外,,2026-07-24,,https://suumo.jp/chintai/jnc_000108433956/?bc=100516406324,不適合
SUUMO 賃貸 米子市,米子市,賃貸マンション,賃貸カテゴリ（掲載種別）,鳥取県米子市万能町,6.2,54.6,,5,—,—,,—,賃貸のため対象外,,2026-07-24,,https://suumo.jp/chintai/jnc_000104353528/?bc=100464034999,不適合
SUUMO 賃貸 米子市,米子市,賃貸マンション,賃貸カテゴリ（掲載種別）,鳥取県米子市万能町,6.2,54.6,,5,—,—,,—,賃貸のため対象外,,2026-07-24,,https://suumo.jp/chintai/jnc_000039529776/?bc=100498320990,不適合
SUUMO 賃貸 米子市,米子市,賃貸マンション,賃貸カテゴリ（掲載種別）,鳥取県米子市万能町,6.2,54.6,,5,—,—,,—,賃貸のため対象外,,2026-07-24,,https://suumo.jp/chintai/jnc_000108127777/?bc=100498320978,不適合
SUUMO 賃貸 米子市,米子市,賃貸マンション,賃貸カテゴリ（掲載種別）,鳥取県米子市万能町,6.2,54.6,,5,—,—,,—,賃貸のため対象外,,2026-07-24,,https://suumo.jp/chintai/jnc_000104906030/?bc=100489081071,不適合
SUUMO 賃貸 米子市,米子市,賃貸マンション,賃貸カテゴリ（掲載種別）,鳥取県米子市万能町,6.2,54.6,,5,—,—,,—,賃貸のため対象外,,2026-07-24,,https://suumo.jp/chintai/jnc_000108127780/?bc=100498320845,不適合
SUUMO 賃貸 米子市,米子市,賃貸マンション,賃貸カテゴリ（掲載種別）,鳥取県米子市万能町,6.2,54.6,,5,—,—,,—,賃貸のため対象外,,2026-07-24,,https://suumo.jp/chintai/jnc_000108127778/?bc=100492471738,不適合
SUUMO 賃貸 米子市,米子市,賃貸マンション,賃貸カテゴリ（掲載種別）,鳥取県米子市万能町,6.2,54.6,,5,—,—,,—,賃貸のため対象外,,2026-07-24,,https://suumo.jp/chintai/jnc_000108706278/?bc=100516180917,不適合
SUUMO 賃貸 米子市,米子市,賃貸マンション,賃貸カテゴリ（掲載種別）,鳥取県米子市万能町,6.4,61.6,,5,—,—,,—,賃貸のため対象外,,2026-07-24,,https://suumo.jp/chintai/jnc_000104906031/?bc=100489081068,不適合
SUUMO 賃貸 米子市,米子市,賃貸マンション,賃貸カテゴリ（掲載種別）,鳥取県米子市万能町,6.4,61.6,,5,—,—,,—,賃貸のため対象外,,2026-07-24,,https://suumo.jp/chintai/jnc_000029399807/?bc=100489081165,不適合
SUUMO 賃貸 米子市,米子市,賃貸マンション,賃貸カテゴリ（掲載種別）,鳥取県米子市万能町,6.4,59.2,,5,—,—,,—,賃貸のため対象外,,2026-07-24,,https://suumo.jp/chintai/jnc_000108127779/?bc=100498320783,不適合
SUUMO 賃貸 米子市,米子市,賃貸マンション,賃貸カテゴリ（掲載種別）,鳥取県米子市万能町,6.6,58.8,,5,—,—,,—,賃貸のため対象外,,2026-07-24,,https://suumo.jp/chintai/jnc_000106398771/?bc=100492471867,不適合
SUUMO 賃貸 米子市,米子市,賃貸マンション,賃貸カテゴリ（掲載種別）,鳥取県米子市万能町,6.6,58.8,,5,—,—,,—,賃貸のため対象外,,2026-07-24,,https://suumo.jp/chintai/jnc_000108127781/?bc=100492471782,不適合
SUUMO 賃貸 米子市,米子市,賃貸マンション,賃貸カテゴリ（掲載種別）,鳥取県米子市万能町,6.9,61.6,,5,—,—,,—,賃貸のため対象外,,2026-07-24,,https://suumo.jp/chintai/jnc_000108567044/?bc=100516180916,不適合
SUUMO 賃貸 米子市,米子市,賃貸アパート,賃貸カテゴリ（掲載種別）,鳥取県米子市淀江町西原,5.2,39.0,,5,—,—,,—,賃貸のため対象外,,2026-07-24,,https://suumo.jp/chintai/jnc_000105245022/?bc=100507679653,不適合
SUUMO 賃貸 米子市,米子市,賃貸マンション,賃貸カテゴリ（掲載種別）,鳥取県米子市米原４,4.2,49.6,,5,—,—,,—,賃貸のため対象外,,2026-07-24,,https://suumo.jp/chintai/jnc_000100354562/?bc=100480375702,適合
SUUMO 賃貸 米子市,米子市,賃貸マンション,賃貸カテゴリ（掲載種別）,鳥取県米子市米原４,4.2,49.6,,5,—,—,,—,賃貸のため対象外,,2026-07-24,,https://suumo.jp/chintai/jnc_000099599153/?bc=100444879554,適合
SUUMO 賃貸 米子市,米子市,賃貸マンション,賃貸カテゴリ（掲載種別）,鳥取県米子市東福原１,5.0,58.0,,5,—,—,,—,賃貸のため対象外,,2026-07-24,,https://suumo.jp/chintai/jnc_000097189064/?bc=100496373989,適合
SUUMO 賃貸 米子市,米子市,賃貸マンション,賃貸カテゴリ（掲載種別）,鳥取県米子市東福原１,5.0,65.0,,5,—,—,,—,賃貸のため対象外,,2026-07-24,,https://suumo.jp/chintai/jnc_000105952713/?bc=100469164951,適合
SUUMO 賃貸 米子市,米子市,賃貸マンション,賃貸カテゴリ（掲載種別）,鳥取県米子市東福原１,6.0,58.0,,5,—,—,,—,賃貸のため対象外,,2026-07-24,,https://suumo.jp/chintai/jnc_000105997336/?bc=100497717540,不適合
SUUMO 賃貸 米子市,米子市,賃貸マンション,賃貸カテゴリ（掲載種別）,鳥取県米子市西福原３,5.8,53.5,,5,—,—,,—,賃貸のため対象外,,2026-07-24,,https://suumo.jp/chintai/jnc_000107700407/?bc=100508458066,不適合
SUUMO 賃貸 米子市,米子市,賃貸マンション,賃貸カテゴリ（掲載種別）,鳥取県米子市西福原３,6.0,53.5,,5,—,—,,—,賃貸のため対象外,,2026-07-24,,https://suumo.jp/chintai/jnc_000102820893/?bc=100472665629,不適合
SUUMO 賃貸 米子市,米子市,賃貸アパート,賃貸カテゴリ（掲載種別）,鳥取県米子市河崎,4.6,50.2,,5,—,—,,—,賃貸のため対象外,,2026-07-24,,https://suumo.jp/chintai/jnc_000102872954/?bc=100473616937,適合
SUUMO 賃貸 米子市,米子市,賃貸アパート,賃貸カテゴリ（掲載種別）,鳥取県米子市河崎,5.1,60.9,,5,—,—,,—,賃貸のため対象外,,2026-07-24,,https://suumo.jp/chintai/jnc_000108051400/?bc=100515316815,不適合
SUUMO 賃貸 米子市,米子市,賃貸アパート,賃貸カテゴリ（掲載種別）,鳥取県米子市河崎,4.6,50.2,,5,—,—,,—,賃貸のため対象外,,2026-07-24,,https://suumo.jp/chintai/jnc_000102968290/?bc=100495761065,適合
SUUMO 賃貸 米子市,米子市,賃貸アパート,賃貸カテゴリ（掲載種別）,鳥取県米子市河崎,5.1,61.9,,5,—,—,,—,賃貸のため対象外,,2026-07-24,,https://suumo.jp/chintai/jnc_000108075775/?bc=100513638392,不適合
SUUMO 賃貸 米子市,米子市,賃貸アパート,賃貸カテゴリ（掲載種別）,鳥取県米子市旗ヶ崎２,5.8,36.9,,5,—,—,,—,賃貸のため対象外,,2026-07-24,,https://suumo.jp/chintai/jnc_000104650726/?bc=100487009020,不適合
SUUMO 賃貸 米子市,米子市,賃貸アパート,賃貸カテゴリ（掲載種別）,鳥取県米子市旗ヶ崎２,5.8,32.0,,5,—,—,,—,賃貸のため対象外,,2026-07-24,,https://suumo.jp/chintai/jnc_000107366039/?bc=100508139118,不適合
SUUMO 賃貸 米子市,米子市,賃貸アパート,賃貸カテゴリ（掲載種別）,鳥取県米子市旗ヶ崎２,5.8,36.9,,5,—,—,,—,賃貸のため対象外,,2026-07-24,,https://suumo.jp/chintai/jnc_000104620226/?bc=100496983022,不適合
SUUMO 賃貸 米子市,米子市,賃貸アパート,賃貸カテゴリ（掲載種別）,鳥取県米子市旗ヶ崎２,5.8,32.0,,5,—,—,,—,賃貸のため対象外,,2026-07-24,,https://suumo.jp/chintai/jnc_000107224254/?bc=100508257784,不適合
SUUMO 賃貸 米子市,米子市,賃貸アパート,賃貸カテゴリ（掲載種別）,鳥取県米子市旗ヶ崎２,5.9,33.4,,5,—,—,,—,賃貸のため対象外,,2026-07-24,,https://suumo.jp/chintai/jnc_000108051401/?bc=100513486227,不適合
SUUMO 賃貸 米子市,米子市,賃貸アパート,賃貸カテゴリ（掲載種別）,鳥取県米子市旗ヶ崎６,5.4,64.3,,5,—,—,,—,賃貸のため対象外,,2026-07-24,,https://suumo.jp/chintai/jnc_000097987209/?bc=100517185841,不適合
SUUMO 賃貸 米子市,米子市,賃貸アパート,賃貸カテゴリ（掲載種別）,鳥取県米子市旗ヶ崎１,5.6,50.0,,5,—,—,,—,賃貸のため対象外,,2026-07-24,,https://suumo.jp/chintai/jnc_000071617083/?bc=100427091054,不適合
SUUMO 賃貸 米子市,米子市,賃貸アパート,賃貸カテゴリ（掲載種別）,鳥取県米子市陽田町,5.6,48.7,,5,田,—,,—,賃貸のため対象外,,2026-07-24,,https://suumo.jp/chintai/jnc_000059203065/?bc=100502559545,不適合
SUUMO 賃貸 米子市,米子市,賃貸アパート,賃貸カテゴリ（掲載種別）,鳥取県米子市立町２,4.8,28.5,,5,—,—,,—,賃貸のため対象外,,2026-07-24,,https://suumo.jp/chintai/jnc_000015821440/?bc=100496443940,適合
SUUMO 賃貸 米子市,米子市,賃貸アパート,賃貸カテゴリ（掲載種別）,鳥取県米子市大谷町,4.45,31.0,,5,—,—,,—,賃貸のため対象外,,2026-07-24,,https://suumo.jp/chintai/jnc_000108306886/?bc=100515316780,適合
SUUMO 賃貸 米子市,米子市,賃貸アパート,賃貸カテゴリ（掲載種別）,鳥取県米子市大谷町,4.45,31.0,,5,—,—,,—,賃貸のため対象外,,2026-07-24,,https://suumo.jp/chintai/jnc_000108306887/?bc=100514716183,適合
SUUMO 賃貸 米子市,米子市,賃貸マンション,賃貸カテゴリ（掲載種別）,鳥取県米子市久米町,5.3,27.9,,5,—,—,,—,賃貸のため対象外,,2026-07-24,,https://suumo.jp/chintai/jnc_000105189225/?bc=100498986357,不適合
SUUMO 賃貸 米子市,米子市,賃貸マンション,賃貸カテゴリ（掲載種別）,鳥取県米子市久米町,5.3,27.9,,5,—,—,,—,賃貸のため対象外,,2026-07-24,,https://suumo.jp/chintai/jnc_000105952711/?bc=100498986360,不適合
SUUMO 賃貸 米子市,米子市,賃貸マンション,賃貸カテゴリ（掲載種別）,鳥取県米子市久米町,6.0,27.9,,5,—,—,,—,賃貸のため対象外,,2026-07-24,,https://suumo.jp/chintai/jnc_000101130524/?bc=100498986361,不適合
SUUMO 賃貸 米子市,米子市,賃貸マンション,賃貸カテゴリ（掲載種別）,鳥取県米子市米原３,5.9,42.0,,5,—,—,,—,賃貸のため対象外,,2026-07-24,,https://suumo.jp/chintai/jnc_000018551072/?bc=100499660681,不適合
SUUMO 賃貸 米子市,米子市,賃貸マンション,賃貸カテゴリ（掲載種別）,鳥取県米子市米原３,5.9,40.0,,5,—,—,,—,賃貸のため対象外,,2026-07-24,,https://suumo.jp/chintai/jnc_000014568989/?bc=100508927737,不適合
SUUMO 賃貸 米子市,米子市,賃貸マンション,賃貸カテゴリ（掲載種別）,鳥取県米子市米原３,5.9,40.0,,5,—,—,,—,賃貸のため対象外,,2026-07-24,,https://suumo.jp/chintai/jnc_000105669164/?bc=100495102905,不適合
SUUMO 賃貸 米子市,米子市,賃貸アパート,賃貸カテゴリ（掲載種別）,鳥取県米子市西福原４,4.9,56.0,,5,—,—,,—,賃貸のため対象外,,2026-07-24,,https://suumo.jp/chintai/jnc_000106406433/?bc=100480515667,適合
SUUMO 賃貸 米子市,米子市,賃貸アパート,賃貸カテゴリ（掲載種別）,鳥取県米子市西福原４,4.9,56.0,,5,—,—,,—,賃貸のため対象外,,2026-07-24,,https://suumo.jp/chintai/jnc_000106406435/?bc=100480421876,適合
SUUMO 賃貸 米子市,米子市,賃貸アパート,賃貸カテゴリ（掲載種別）,鳥取県米子市新開７,4.9,46.4,,5,—,—,,—,賃貸のため対象外,,2026-07-24,,https://suumo.jp/chintai/jnc_000106544444/?bc=100502681323,適合
SUUMO 賃貸 米子市,米子市,賃貸アパート,賃貸カテゴリ（掲載種別）,鳥取県米子市新開７,4.9,46.4,,5,—,—,,—,賃貸のため対象外,,2026-07-24,,https://suumo.jp/chintai/jnc_000106580748/?bc=100503842512,適合
SUUMO 賃貸 米子市,米子市,賃貸アパート,賃貸カテゴリ（掲載種別）,鳥取県米子市皆生新田３,5.5,47.3,,5,田,—,,—,賃貸のため対象外,,2026-07-24,,https://suumo.jp/chintai/jnc_000108164620/?bc=100514883306,不適合
SUUMO 賃貸 米子市,米子市,賃貸アパート,賃貸カテゴリ（掲載種別）,鳥取県米子市皆生新田３,5.5,47.3,,5,田,—,,—,賃貸のため対象外,,2026-07-24,,https://suumo.jp/chintai/jnc_000108187157/?bc=100514657197,不適合
SUUMO 賃貸 米子市,米子市,賃貸アパート,賃貸カテゴリ（掲載種別）,鳥取県米子市博労町３,4.9,19.9,,5,—,—,,—,賃貸のため対象外,,2026-07-24,,https://suumo.jp/chintai/jnc_000108404973/?bc=100420975716,適合
SUUMO 賃貸 米子市,米子市,賃貸アパート,賃貸カテゴリ（掲載種別）,鳥取県米子市博労町３,5.0,19.9,,5,—,—,,—,賃貸のため対象外,,2026-07-24,,https://suumo.jp/chintai/jnc_000108433953/?bc=100507884290,適合
SUUMO 賃貸 米子市,米子市,賃貸アパート,賃貸カテゴリ（掲載種別）,鳥取県米子市博労町３,5.1,19.9,,5,—,—,,—,賃貸のため対象外,,2026-07-24,,https://suumo.jp/chintai/jnc_000108622828/?bc=100503109040,不適合
SUUMO 賃貸 米子市,米子市,賃貸アパート,賃貸カテゴリ（掲載種別）,鳥取県米子市博労町３,5.2,19.9,,5,—,—,,—,賃貸のため対象外,,2026-07-24,,https://suumo.jp/chintai/jnc_000108622829/?bc=100496309592,不適合
SUUMO 賃貸 米子市,米子市,賃貸アパート,賃貸カテゴリ（掲載種別）,鳥取県米子市角盤町４,5.0,34.3,,5,—,—,,—,賃貸のため対象外,,2026-07-24,,https://suumo.jp/chintai/jnc_000017879126/?bc=100501808906,適合
SUUMO 賃貸 米子市,米子市,賃貸アパート,賃貸カテゴリ（掲載種別）,鳥取県米子市観音寺新町５,5.4,50.3,,5,—,—,,—,賃貸のため対象外,,2026-07-24,,https://suumo.jp/chintai/jnc_000085872942/?bc=100501391790,不適合
SUUMO 賃貸 米子市,米子市,賃貸マンション,賃貸カテゴリ（掲載種別）,鳥取県米子市旗ヶ崎６,5.7,44.6,,5,—,—,,—,賃貸のため対象外,,2026-07-24,,https://suumo.jp/chintai/jnc_000108087252/?bc=100513349035,不適合
SUUMO 賃貸 米子市,米子市,賃貸アパート,賃貸カテゴリ（掲載種別）,鳥取県米子市両三柳,4.5,23.2,,5,—,—,,—,賃貸のため対象外,,2026-07-24,,https://suumo.jp/chintai/jnc_000108307073/?bc=100179711728,適合
SUUMO 賃貸 米子市,米子市,賃貸アパート,賃貸カテゴリ（掲載種別）,鳥取県米子市両三柳,4.6,23.2,,5,—,—,,—,賃貸のため対象外,,2026-07-24,,https://suumo.jp/chintai/jnc_000108307075/?bc=100365049236,適合
SUUMO 賃貸 米子市,米子市,賃貸アパート,賃貸カテゴリ（掲載種別）,鳥取県米子市両三柳,4.9,23.2,,5,—,—,,—,賃貸のため対象外,,2026-07-24,,https://suumo.jp/chintai/jnc_000108404998/?bc=100499275779,適合
SUUMO 賃貸 米子市,米子市,賃貸アパート,賃貸カテゴリ（掲載種別）,鳥取県米子市両三柳,5.0,23.2,,5,—,—,,—,賃貸のため対象外,,2026-07-24,,https://suumo.jp/chintai/jnc_000108660984/?bc=100517362821,適合
SUUMO 賃貸 米子市,米子市,賃貸アパート,賃貸カテゴリ（掲載種別）,鳥取県米子市両三柳,5.1,23.2,,5,—,—,,—,賃貸のため対象外,,2026-07-24,,https://suumo.jp/chintai/jnc_000108404999/?bc=100498225575,不適合
SUUMO 賃貸 米子市,米子市,賃貸アパート,賃貸カテゴリ（掲載種別）,鳥取県米子市米原６,5.8,45.9,,5,—,—,,—,賃貸のため対象外,,2026-07-24,,https://suumo.jp/chintai/jnc_000107192189/?bc=100507009800,不適合
SUUMO 賃貸 米子市,米子市,賃貸アパート,賃貸カテゴリ（掲載種別）,鳥取県米子市米原６,5.8,45.9,,5,—,—,,—,賃貸のため対象外,,2026-07-24,,https://suumo.jp/chintai/jnc_000107186738/?bc=100506725226,不適合
SUUMO 賃貸 米子市,米子市,賃貸アパート,賃貸カテゴリ（掲載種別）,鳥取県米子市両三柳,3.2,23.2,,5,—,—,,—,賃貸のため対象外,,2026-07-24,,https://suumo.jp/chintai/jnc_000108492213/?bc=100406779458,適合
SUUMO 賃貸 米子市,米子市,賃貸アパート,賃貸カテゴリ（掲載種別）,鳥取県米子市両三柳,4.6,23.2,,5,—,—,,—,賃貸のため対象外,,2026-07-24,,https://suumo.jp/chintai/jnc_000108492212/?bc=100430371402,適合
SUUMO 賃貸 米子市,米子市,賃貸アパート,賃貸カテゴリ（掲載種別）,鳥取県米子市両三柳,4.6,23.2,,5,—,—,,—,賃貸のため対象外,,2026-07-24,,https://suumo.jp/chintai/jnc_000108492211/?bc=100516599718,適合
SUUMO 賃貸 米子市,米子市,賃貸アパート,賃貸カテゴリ（掲載種別）,鳥取県米子市両三柳,4.7,23.2,,5,—,—,,—,賃貸のため対象外,,2026-07-24,,https://suumo.jp/chintai/jnc_000099429818/?bc=100514683941,適合
SUUMO 賃貸 米子市,米子市,賃貸アパート,賃貸カテゴリ（掲載種別）,鳥取県米子市両三柳,4.7,23.2,,5,—,—,,—,賃貸のため対象外,,2026-07-24,,https://suumo.jp/chintai/jnc_000108492210/?bc=100496513202,適合
SUUMO 賃貸 米子市,米子市,賃貸アパート,賃貸カテゴリ（掲載種別）,鳥取県米子市両三柳,4.8,23.2,,5,—,—,,—,賃貸のため対象外,,2026-07-24,,https://suumo.jp/chintai/jnc_000108492216/?bc=100512205278,適合
SUUMO 賃貸 米子市,米子市,賃貸アパート,賃貸カテゴリ（掲載種別）,鳥取県米子市両三柳,4.8,23.2,,5,—,—,,—,賃貸のため対象外,,2026-07-24,,https://suumo.jp/chintai/jnc_000108492217/?bc=100407223319,適合
SUUMO 賃貸 米子市,米子市,賃貸アパート,賃貸カテゴリ（掲載種別）,鳥取県米子市両三柳,4.9,23.2,,5,—,—,,—,賃貸のため対象外,,2026-07-24,,https://suumo.jp/chintai/jnc_000108492215/?bc=100462751320,適合
SUUMO 賃貸 米子市,米子市,賃貸アパート,賃貸カテゴリ（掲載種別）,鳥取県米子市両三柳,4.9,23.2,,5,—,—,,—,賃貸のため対象外,,2026-07-24,,https://suumo.jp/chintai/jnc_000108646219/?bc=100369902182,適合
SUUMO 賃貸 米子市,米子市,賃貸アパート,賃貸カテゴリ（掲載種別）,鳥取県米子市両三柳,4.9,23.2,,5,—,—,,—,賃貸のため対象外,,2026-07-24,,https://suumo.jp/chintai/jnc_000108528699/?bc=100516931868,適合
SUUMO 賃貸 米子市,米子市,賃貸アパート,賃貸カテゴリ（掲載種別）,鳥取県米子市観音寺新町１,6.3,57.6,,5,—,—,,—,賃貸のため対象外,,2026-07-24,,https://suumo.jp/chintai/jnc_000085559618/?bc=100507009792,不適合
SUUMO 賃貸 米子市,米子市,賃貸アパート,賃貸カテゴリ（掲載種別）,鳥取県米子市観音寺新町１,6.3,57.6,,5,—,—,,—,賃貸のため対象外,,2026-07-24,,https://suumo.jp/chintai/jnc_000085553524/?bc=100506725228,不適合
SUUMO 賃貸 米子市,米子市,賃貸アパート,賃貸カテゴリ（掲載種別）,鳥取県米子市西福原９,5.7,43.0,,5,—,—,,—,賃貸のため対象外,,2026-07-24,,https://suumo.jp/chintai/jnc_000080966026/?bc=100516659322,不適合
SUUMO 賃貸 米子市,米子市,賃貸アパート,賃貸カテゴリ（掲載種別）,鳥取県米子市米原３,7.3,55.3,,5,—,—,,—,賃貸のため対象外,,2026-07-24,,https://suumo.jp/chintai/jnc_000107786952/?bc=100511460607,不適合
SUUMO 賃貸 米子市,米子市,賃貸アパート,賃貸カテゴリ（掲載種別）,鳥取県米子市両三柳,4.85,31.2,,5,—,—,,—,賃貸のため対象外,,2026-07-24,,https://suumo.jp/chintai/jnc_000108513404/?bc=100516774783,適合
SUUMO 賃貸 米子市,米子市,賃貸アパート,賃貸カテゴリ（掲載種別）,鳥取県米子市吉岡,4.85,50.9,,5,—,—,,—,賃貸のため対象外,,2026-07-24,,https://suumo.jp/chintai/jnc_000106983486/?bc=100506522051,適合
SUUMO 賃貸 米子市,米子市,賃貸アパート,賃貸カテゴリ（掲載種別）,鳥取県米子市吉岡,4.85,50.9,,5,—,—,,—,賃貸のため対象外,,2026-07-24,,https://suumo.jp/chintai/jnc_000107049695/?bc=100505902749,適合
SUUMO 賃貸 米子市,米子市,賃貸アパート,賃貸カテゴリ（掲載種別）,鳥取県米子市夜見町,5.3,50.7,,5,—,—,,—,賃貸のため対象外,,2026-07-24,,https://suumo.jp/chintai/jnc_000055910373/?bc=100500062439,不適合
SUUMO 賃貸 米子市,米子市,賃貸アパート,賃貸カテゴリ（掲載種別）,鳥取県米子市夜見町,6.2,65.7,,5,—,—,,—,賃貸のため対象外,,2026-07-24,,https://suumo.jp/chintai/jnc_000093353849/?bc=100511123342,不適合
SUUMO 賃貸 米子市,米子市,賃貸アパート,賃貸カテゴリ（掲載種別）,鳥取県米子市旗ヶ崎７,4.85,49.1,,5,—,—,,—,賃貸のため対象外,,2026-07-24,,https://suumo.jp/chintai/jnc_000108196107/?bc=100515389784,適合
SUUMO 賃貸 米子市,米子市,賃貸アパート,賃貸カテゴリ（掲載種別）,鳥取県米子市旗ヶ崎７,4.85,49.1,,5,—,—,,—,賃貸のため対象外,,2026-07-24,,https://suumo.jp/chintai/jnc_000108228432/?bc=100514899949,適合
SUUMO 賃貸 米子市,米子市,賃貸アパート,賃貸カテゴリ（掲載種別）,鳥取県米子市両三柳,6.5,47.9,,5,—,—,,—,賃貸のため対象外,,2026-07-24,,https://suumo.jp/chintai/jnc_000108034079/?bc=100513458300,不適合
SUUMO 賃貸 米子市,米子市,賃貸アパート,賃貸カテゴリ（掲載種別）,鳥取県米子市両三柳,6.5,47.9,,5,—,—,,—,賃貸のため対象外,,2026-07-24,,https://suumo.jp/chintai/jnc_000108068285/?bc=100513302903,不適合
SUUMO 賃貸 米子市,米子市,賃貸アパート,賃貸カテゴリ（掲載種別）,鳥取県米子市西福原５,5.7,54.0,,5,—,—,,—,賃貸のため対象外,,2026-07-24,,https://suumo.jp/chintai/jnc_000106892407/?bc=100504747252,不適合
SUUMO 賃貸 米子市,米子市,賃貸アパート,賃貸カテゴリ（掲載種別）,鳥取県米子市加茂町２,4.6,41.1,,5,—,—,,—,賃貸のため対象外,,2026-07-24,,https://suumo.jp/chintai/jnc_000033279311/?bc=100485146764,適合
SUUMO 賃貸 米子市,米子市,賃貸アパート,賃貸カテゴリ（掲載種別）,鳥取県米子市加茂町２,4.6,40.4,,5,—,—,,—,賃貸のため対象外,,2026-07-24,,https://suumo.jp/chintai/jnc_000033329271/?bc=100483642455,適合
SUUMO 賃貸 米子市,米子市,賃貸アパート,賃貸カテゴリ（掲載種別）,鳥取県米子市加茂町２,4.6,41.1,,5,—,—,,—,賃貸のため対象外,,2026-07-24,,https://suumo.jp/chintai/jnc_000104166662/?bc=100483346713,適合
SUUMO 賃貸 米子市,米子市,賃貸アパート,賃貸カテゴリ（掲載種別）,鳥取県米子市陽田町,5.6,48.7,,5,田,—,,—,賃貸のため対象外,,2026-07-24,,https://suumo.jp/chintai/jnc_000056373507/?bc=100502362841,不適合
SUUMO 賃貸 米子市,米子市,賃貸アパート,賃貸カテゴリ（掲載種別）,鳥取県米子市両三柳,5.5,56.3,,5,—,—,,—,賃貸のため対象外,,2026-07-24,,https://suumo.jp/chintai/jnc_000108118687/?bc=100508193224,不適合
SUUMO 賃貸 米子市,米子市,賃貸アパート,賃貸カテゴリ（掲載種別）,鳥取県米子市両三柳,5.5,56.3,,5,—,—,,—,賃貸のため対象外,,2026-07-24,,https://suumo.jp/chintai/jnc_000108132813/?bc=100507785983,不適合
SUUMO 賃貸 米子市,米子市,賃貸アパート,賃貸カテゴリ（掲載種別）,鳥取県米子市両三柳,5.8,56.3,,5,—,—,,—,賃貸のため対象外,,2026-07-24,,https://suumo.jp/chintai/jnc_000107326825/?bc=100508022796,不適合
SUUMO 賃貸 米子市,米子市,賃貸アパート,賃貸カテゴリ（掲載種別）,鳥取県米子市東福原,5.6,36.4,,5,—,—,,—,賃貸のため対象外,,2026-07-24,,https://suumo.jp/chintai/jnc_000108680731/?bc=100518096189,不適合
SUUMO 賃貸 米子市,米子市,賃貸アパート,賃貸カテゴリ（掲載種別）,鳥取県米子市東福原,5.6,36.4,,5,—,—,,—,賃貸のため対象外,,2026-07-24,,https://suumo.jp/chintai/jnc_000108680732/?bc=100518096182,不適合
SUUMO 賃貸 米子市,米子市,賃貸アパート,賃貸カテゴリ（掲載種別）,鳥取県米子市東福原,5.6,36.4,,5,—,—,,—,賃貸のため対象外,,2026-07-24,,https://suumo.jp/chintai/jnc_000108680729/?bc=100518096166,不適合
SUUMO 賃貸 米子市,米子市,賃貸アパート,賃貸カテゴリ（掲載種別）,鳥取県米子市東福原,5.6,36.4,,5,—,—,,—,賃貸のため対象外,,2026-07-24,,https://suumo.jp/chintai/jnc_000108680733/?bc=100518096180,不適合
SUUMO 賃貸 米子市,米子市,賃貸アパート,賃貸カテゴリ（掲載種別）,鳥取県米子市東福原,5.6,36.4,,5,—,—,,—,賃貸のため対象外,,2026-07-24,,https://suumo.jp/chintai/jnc_000108680730/?bc=100518096190,不適合
SUUMO 賃貸 米子市,米子市,賃貸アパート,賃貸カテゴリ（掲載種別）,鳥取県米子市東福原,5.75,36.4,,5,—,—,,—,賃貸のため対象外,,2026-07-24,,https://suumo.jp/chintai/jnc_000108680734/?bc=100518096183,不適合
SUUMO 賃貸 米子市,米子市,賃貸アパート,賃貸カテゴリ（掲載種別）,鳥取県米子市東福原,6.2,43.5,,5,—,—,,—,賃貸のため対象外,,2026-07-24,,https://suumo.jp/chintai/jnc_000108680736/?bc=100518096187,不適合
SUUMO 賃貸 米子市,米子市,賃貸アパート,賃貸カテゴリ（掲載種別）,鳥取県米子市東福原,6.2,43.5,,5,—,—,,—,賃貸のため対象外,,2026-07-24,,https://suumo.jp/chintai/jnc_000108680737/?bc=100518096185,不適合
SUUMO 賃貸 米子市,米子市,賃貸アパート,賃貸カテゴリ（掲載種別）,鳥取県米子市東福原,6.2,43.5,,5,—,—,,—,賃貸のため対象外,,2026-07-24,,https://suumo.jp/chintai/jnc_000108680739/?bc=100518096186,不適合
SUUMO 賃貸 米子市,米子市,賃貸アパート,賃貸カテゴリ（掲載種別）,鳥取県米子市東福原,6.2,43.5,,5,—,—,,—,賃貸のため対象外,,2026-07-24,,https://suumo.jp/chintai/jnc_000108680738/?bc=100518096188,不適合
SUUMO 賃貸 米子市,米子市,賃貸アパート,賃貸カテゴリ（掲載種別）,鳥取県米子市上福原２,5.2,54.6,,5,—,—,,—,賃貸のため対象外,,2026-07-24,,https://suumo.jp/chintai/jnc_000048174106/?bc=100487007637,不適合
SUUMO 賃貸 米子市,米子市,賃貸アパート,賃貸カテゴリ（掲載種別）,鳥取県米子市上福原２,5.4,54.6,,5,—,—,,—,賃貸のため対象外,,2026-07-24,,https://suumo.jp/chintai/jnc_000047233182/?bc=100485762858,不適合
SUUMO 賃貸 米子市,米子市,賃貸アパート,賃貸カテゴリ（掲載種別）,鳥取県米子市上福原２,5.6,59.4,,5,—,—,,—,賃貸のため対象外,,2026-07-24,,https://suumo.jp/chintai/jnc_000107349602/?bc=100470893450,不適合
SUUMO 賃貸 米子市,米子市,賃貸アパート,賃貸カテゴリ（掲載種別）,鳥取県米子市上福原２,5.2,54.6,,5,—,—,,—,賃貸のため対象外,,2026-07-24,,https://suumo.jp/chintai/jnc_000108631318/?bc=100485191608,不適合
SUUMO 賃貸 米子市,米子市,賃貸アパート,賃貸カテゴリ（掲載種別）,鳥取県米子市上福原２,5.4,54.6,,5,—,—,,—,賃貸のため対象外,,2026-07-24,,https://suumo.jp/chintai/jnc_000106955806/?bc=100485261912,不適合
SUUMO 賃貸 米子市,米子市,賃貸アパート,賃貸カテゴリ（掲載種別）,鳥取県米子市上福原２,5.6,59.4,,5,—,—,,—,賃貸のため対象外,,2026-07-24,,https://suumo.jp/chintai/jnc_000106955805/?bc=100471188211,不適合
SUUMO 賃貸 米子市,米子市,賃貸アパート,賃貸カテゴリ（掲載種別）,鳥取県米子市河崎,4.9,60.9,,5,—,—,,—,賃貸のため対象外,,2026-07-24,,https://suumo.jp/chintai/jnc_000108349880/?bc=100516272698,適合
SUUMO 賃貸 米子市,米子市,賃貸アパート,賃貸カテゴリ（掲載種別）,鳥取県米子市河崎,4.9,61.9,,5,—,—,,—,賃貸のため対象外,,2026-07-24,,https://suumo.jp/chintai/jnc_000108413606/?bc=100515867307,適合
SUUMO 賃貸 米子市,米子市,賃貸アパート,賃貸カテゴリ（掲載種別）,鳥取県米子市道笑町３,5.9,35.3,,5,—,—,,—,賃貸のため対象外,,2026-07-24,,https://suumo.jp/chintai/jnc_000107340324/?bc=100508318917,不適合
SUUMO 賃貸 米子市,米子市,賃貸アパート,賃貸カテゴリ（掲載種別）,鳥取県米子市道笑町３,6.0,35.3,,5,—,—,,—,賃貸のため対象外,,2026-07-24,,https://suumo.jp/chintai/jnc_000024042895/?bc=100507755382,不適合
SUUMO 賃貸 米子市,米子市,賃貸アパート,賃貸カテゴリ（掲載種別）,鳥取県米子市道笑町３,5.9,35.3,,5,—,—,,—,賃貸のため対象外,,2026-07-24,,https://suumo.jp/chintai/jnc_000107326823/?bc=100507785982,不適合
SUUMO 賃貸 米子市,米子市,賃貸アパート,賃貸カテゴリ（掲載種別）,鳥取県米子市道笑町３,6.0,35.3,,5,—,—,,—,賃貸のため対象外,,2026-07-24,,https://suumo.jp/chintai/jnc_000107319888/?bc=100507465844,不適合
SUUMO 賃貸 米子市,米子市,賃貸マンション,賃貸カテゴリ（掲載種別）,鳥取県米子市東福原１,5.0,58.0,,5,—,—,,—,賃貸のため対象外,,2026-07-24,,https://suumo.jp/chintai/jnc_000105974499/?bc=100491900433,適合
SUUMO 賃貸 米子市,米子市,賃貸マンション,賃貸カテゴリ（掲載種別）,鳥取県米子市東福原１,5.0,58.0,,5,—,—,,—,賃貸のため対象外,,2026-07-24,,https://suumo.jp/chintai/jnc_000102950412/?bc=100483623953,適合
SUUMO 賃貸 米子市,米子市,賃貸マンション,賃貸カテゴリ（掲載種別）,鳥取県米子市東福原１,6.0,58.0,,5,—,—,,—,賃貸のため対象外,,2026-07-24,,https://suumo.jp/chintai/jnc_000021881314/?bc=100497824105,不適合
SUUMO 賃貸 米子市,米子市,賃貸アパート,賃貸カテゴリ（掲載種別）,鳥取県米子市西福原４,5.0,55.5,,5,—,—,,—,賃貸のため対象外,,2026-07-24,,https://suumo.jp/chintai/jnc_000107428413/?bc=100512341014,適合
SUUMO 賃貸 米子市,米子市,賃貸アパート,賃貸カテゴリ（掲載種別）,鳥取県米子市西福原４,5.0,55.5,,5,—,—,,—,賃貸のため対象外,,2026-07-24,,https://suumo.jp/chintai/jnc_000107387613/?bc=100508309526,適合
SUUMO 賃貸 米子市,米子市,賃貸アパート,賃貸カテゴリ（掲載種別）,鳥取県米子市新開６,5.7,36.6,,5,—,—,,—,賃貸のため対象外,,2026-07-24,,https://suumo.jp/chintai/jnc_000107987159/?bc=100500724626,不適合
SUUMO 賃貸 米子市,米子市,賃貸アパート,賃貸カテゴリ（掲載種別）,鳥取県米子市新開６,5.7,36.6,,5,—,—,,—,賃貸のため対象外,,2026-07-24,,https://suumo.jp/chintai/jnc_000107987153/?bc=100500724628,不適合
SUUMO 賃貸 米子市,米子市,賃貸アパート,賃貸カテゴリ（掲載種別）,鳥取県米子市新開６,5.7,36.6,,5,—,—,,—,賃貸のため対象外,,2026-07-24,,https://suumo.jp/chintai/jnc_000107987157/?bc=100500724640,不適合
SUUMO 賃貸 米子市,米子市,賃貸アパート,賃貸カテゴリ（掲載種別）,鳥取県米子市新開６,5.7,36.6,,5,—,—,,—,賃貸のため対象外,,2026-07-24,,https://suumo.jp/chintai/jnc_000107987152/?bc=100500724639,不適合
SUUMO 賃貸 米子市,米子市,賃貸アパート,賃貸カテゴリ（掲載種別）,鳥取県米子市新開６,5.7,36.6,,5,—,—,,—,賃貸のため対象外,,2026-07-24,,https://suumo.jp/chintai/jnc_000107987155/?bc=100500724634,不適合
SUUMO 賃貸 米子市,米子市,賃貸アパート,賃貸カテゴリ（掲載種別）,鳥取県米子市新開６,5.7,36.6,,5,—,—,,—,賃貸のため対象外,,2026-07-24,,https://suumo.jp/chintai/jnc_000107987158/?bc=100500724613,不適合
SUUMO 賃貸 米子市,米子市,賃貸アパート,賃貸カテゴリ（掲載種別）,鳥取県米子市新開６,5.7,36.6,,5,—,—,,—,賃貸のため対象外,,2026-07-24,,https://suumo.jp/chintai/jnc_000107987154/?bc=100500724627,不適合
SUUMO 賃貸 米子市,米子市,賃貸アパート,賃貸カテゴリ（掲載種別）,鳥取県米子市新開６,5.7,36.6,,5,—,—,,—,賃貸のため対象外,,2026-07-24,,https://suumo.jp/chintai/jnc_000107987156/?bc=100500724655,不適合
SUUMO 賃貸 米子市,米子市,賃貸アパート,賃貸カテゴリ（掲載種別）,鳥取県米子市新開６,5.85,36.6,,5,—,—,,—,賃貸のため対象外,,2026-07-24,,https://suumo.jp/chintai/jnc_000107987151/?bc=100491900410,不適合
SUUMO 賃貸 米子市,米子市,賃貸アパート,賃貸カテゴリ（掲載種別）,鳥取県米子市新開６,5.85,36.6,,5,—,—,,—,賃貸のため対象外,,2026-07-24,,https://suumo.jp/chintai/jnc_000107987160/?bc=100500724638,不適合
SUUMO 賃貸 米子市,米子市,賃貸アパート,賃貸カテゴリ（掲載種別）,鳥取県米子市新開６,6.25,43.4,,5,—,—,,—,賃貸のため対象外,,2026-07-24,,https://suumo.jp/chintai/jnc_000107987167/?bc=100500724631,不適合
SUUMO 賃貸 米子市,米子市,賃貸アパート,賃貸カテゴリ（掲載種別）,鳥取県米子市新開６,6.25,43.4,,5,—,—,,—,賃貸のため対象外,,2026-07-24,,https://suumo.jp/chintai/jnc_000107987169/?bc=100500724666,不適合
SUUMO 賃貸 米子市,米子市,賃貸アパート,賃貸カテゴリ（掲載種別）,鳥取県米子市新開６,6.25,43.4,,5,—,—,,—,賃貸のため対象外,,2026-07-24,,https://suumo.jp/chintai/jnc_000107987165/?bc=100500724667,不適合
SUUMO 賃貸 米子市,米子市,賃貸アパート,賃貸カテゴリ（掲載種別）,鳥取県米子市新開６,6.25,43.4,,5,—,—,,—,賃貸のため対象外,,2026-07-24,,https://suumo.jp/chintai/jnc_000107987164/?bc=100500724653,不適合
SUUMO 賃貸 米子市,米子市,賃貸アパート,賃貸カテゴリ（掲載種別）,鳥取県米子市新開６,6.25,43.4,,5,—,—,,—,賃貸のため対象外,,2026-07-24,,https://suumo.jp/chintai/jnc_000107987166/?bc=100500724654,不適合
SUUMO 賃貸 米子市,米子市,賃貸アパート,賃貸カテゴリ（掲載種別）,鳥取県米子市新開６,6.25,43.4,,5,—,—,,—,賃貸のため対象外,,2026-07-24,,https://suumo.jp/chintai/jnc_000107987163/?bc=100500724669,不適合
SUUMO 賃貸 米子市,米子市,賃貸アパート,賃貸カテゴリ（掲載種別）,鳥取県米子市新開６,6.25,43.4,,5,—,—,,—,賃貸のため対象外,,2026-07-24,,https://suumo.jp/chintai/jnc_000107987162/?bc=100500724646,不適合
SUUMO 賃貸 米子市,米子市,賃貸アパート,賃貸カテゴリ（掲載種別）,鳥取県米子市新開６,6.25,43.4,,5,—,—,,—,賃貸のため対象外,,2026-07-24,,https://suumo.jp/chintai/jnc_000107987168/?bc=100500724645,不適合
SUUMO 賃貸 米子市,米子市,賃貸アパート,賃貸カテゴリ（掲載種別）,鳥取県米子市新開６,6.4,43.4,,5,—,—,,—,賃貸のため対象外,,2026-07-24,,https://suumo.jp/chintai/jnc_000107987161/?bc=100491912214,不適合
SUUMO 賃貸 米子市,米子市,賃貸アパート,賃貸カテゴリ（掲載種別）,鳥取県米子市新開６,6.4,43.4,,5,—,—,,—,賃貸のため対象外,,2026-07-24,,https://suumo.jp/chintai/jnc_000107987170/?bc=100500724643,不適合
SUUMO 賃貸 米子市,米子市,賃貸アパート,賃貸カテゴリ（掲載種別）,鳥取県米子市新開６,5.7,36.6,,5,—,—,,—,賃貸のため対象外,,2026-07-24,,https://suumo.jp/chintai/jnc_000107987176/?bc=100491347226,不適合
SUUMO 賃貸 米子市,米子市,賃貸アパート,賃貸カテゴリ（掲載種別）,鳥取県米子市新開６,5.7,36.6,,5,—,—,,—,賃貸のため対象外,,2026-07-24,,https://suumo.jp/chintai/jnc_000107987173/?bc=100491347259,不適合
SUUMO 賃貸 米子市,米子市,賃貸アパート,賃貸カテゴリ（掲載種別）,鳥取県米子市新開６,5.7,36.6,,5,—,—,,—,賃貸のため対象外,,2026-07-24,,https://suumo.jp/chintai/jnc_000107987177/?bc=100491347224,不適合
SUUMO 賃貸 米子市,米子市,賃貸アパート,賃貸カテゴリ（掲載種別）,鳥取県米子市新開６,5.7,36.6,,5,—,—,,—,賃貸のため対象外,,2026-07-24,,https://suumo.jp/chintai/jnc_000107987179/?bc=100491347227,不適合
SUUMO 賃貸 米子市,米子市,賃貸アパート,賃貸カテゴリ（掲載種別）,鳥取県米子市新開６,5.7,36.6,,5,—,—,,—,賃貸のため対象外,,2026-07-24,,https://suumo.jp/chintai/jnc_000107987174/?bc=100491347261,不適合
SUUMO 賃貸 米子市,米子市,賃貸アパート,賃貸カテゴリ（掲載種別）,鳥取県米子市新開６,5.7,36.6,,5,—,—,,—,賃貸のため対象外,,2026-07-24,,https://suumo.jp/chintai/jnc_000107987175/?bc=100491347260,不適合
SUUMO 賃貸 米子市,米子市,賃貸アパート,賃貸カテゴリ（掲載種別）,鳥取県米子市新開６,5.7,36.6,,5,—,—,,—,賃貸のため対象外,,2026-07-24,,https://suumo.jp/chintai/jnc_000107987172/?bc=100491347256,不適合
SUUMO 賃貸 米子市,米子市,賃貸アパート,賃貸カテゴリ（掲載種別）,鳥取県米子市新開６,5.7,36.6,,5,—,—,,—,賃貸のため対象外,,2026-07-24,,https://suumo.jp/chintai/jnc_000107987178/?bc=100491347228,不適合
SUUMO 賃貸 米子市,米子市,賃貸アパート,賃貸カテゴリ（掲載種別）,鳥取県米子市新開６,5.85,36.6,,5,—,—,,—,賃貸のため対象外,,2026-07-24,,https://suumo.jp/chintai/jnc_000107987171/?bc=100491347257,不適合
SUUMO 賃貸 米子市,米子市,賃貸アパート,賃貸カテゴリ（掲載種別）,鳥取県米子市新開６,5.85,36.6,,5,—,—,,—,賃貸のため対象外,,2026-07-24,,https://suumo.jp/chintai/jnc_000107987180/?bc=100491347232,不適合
SUUMO 賃貸 米子市,米子市,賃貸アパート,賃貸カテゴリ（掲載種別）,鳥取県米子市新開６,6.25,43.4,,5,—,—,,—,賃貸のため対象外,,2026-07-24,,https://suumo.jp/chintai/jnc_000107987189/?bc=100491347252,不適合
SUUMO 賃貸 米子市,米子市,賃貸アパート,賃貸カテゴリ（掲載種別）,鳥取県米子市新開６,6.25,43.4,,5,—,—,,—,賃貸のため対象外,,2026-07-24,,https://suumo.jp/chintai/jnc_000107987185/?bc=100491347243,不適合
SUUMO 賃貸 米子市,米子市,賃貸アパート,賃貸カテゴリ（掲載種別）,鳥取県米子市新開６,6.25,43.4,,5,—,—,,—,賃貸のため対象外,,2026-07-24,,https://suumo.jp/chintai/jnc_000107987184/?bc=100491347240,不適合
SUUMO 賃貸 米子市,米子市,賃貸アパート,賃貸カテゴリ（掲載種別）,鳥取県米子市新開６,6.25,43.4,,5,—,—,,—,賃貸のため対象外,,2026-07-24,,https://suumo.jp/chintai/jnc_000107987186/?bc=100491347242,不適合
SUUMO 賃貸 米子市,米子市,賃貸アパート,賃貸カテゴリ（掲載種別）,鳥取県米子市新開６,6.25,43.4,,5,—,—,,—,賃貸のため対象外,,2026-07-24,,https://suumo.jp/chintai/jnc_000107987182/?bc=100491347236,不適合
SUUMO 賃貸 米子市,米子市,賃貸アパート,賃貸カテゴリ（掲載種別）,鳥取県米子市新開６,6.25,43.4,,5,—,—,,—,賃貸のため対象外,,2026-07-24,,https://suumo.jp/chintai/jnc_000107987188/?bc=100491347244,不適合
SUUMO 賃貸 米子市,米子市,賃貸アパート,賃貸カテゴリ（掲載種別）,鳥取県米子市新開６,6.25,43.4,,5,—,—,,—,賃貸のため対象外,,2026-07-24,,https://suumo.jp/chintai/jnc_000107987183/?bc=100491347234,不適合
SUUMO 賃貸 米子市,米子市,賃貸アパート,賃貸カテゴリ（掲載種別）,鳥取県米子市新開６,6.25,43.4,,5,—,—,,—,賃貸のため対象外,,2026-07-24,,https://suumo.jp/chintai/jnc_000107987187/?bc=100491347246,不適合
SUUMO 賃貸 米子市,米子市,賃貸アパート,賃貸カテゴリ（掲載種別）,鳥取県米子市新開６,6.4,43.4,,5,—,—,,—,賃貸のため対象外,,2026-07-24,,https://suumo.jp/chintai/jnc_000107987190/?bc=100491347249,不適合
SUUMO 賃貸 米子市,米子市,賃貸アパート,賃貸カテゴリ（掲載種別）,鳥取県米子市新開６,6.4,43.4,,5,—,—,,—,賃貸のため対象外,,2026-07-24,,https://suumo.jp/chintai/jnc_000107987181/?bc=100491347230,不適合
SUUMO 賃貸 米子市,米子市,賃貸アパート,賃貸カテゴリ（掲載種別）,鳥取県米子市淀江町佐陀,4.8,42.2,,5,—,—,,—,賃貸のため対象外,,2026-07-24,,https://suumo.jp/chintai/jnc_000108381399/?bc=100516406307,適合
SUUMO 賃貸 米子市,米子市,賃貸アパート,賃貸カテゴリ（掲載種別）,鳥取県米子市淀江町佐陀,4.8,42.2,,5,—,—,,—,賃貸のため対象外,,2026-07-24,,https://suumo.jp/chintai/jnc_000108394681/?bc=100515867299,適合
SUUMO 賃貸 米子市,米子市,賃貸マンション,賃貸カテゴリ（掲載種別）,鳥取県米子市中町,5.7,41.1,,5,—,—,,—,賃貸のため対象外,,2026-07-24,,https://suumo.jp/chintai/jnc_000071944340/?bc=100501167736,不適合
SUUMO 賃貸 米子市,米子市,賃貸マンション,賃貸カテゴリ（掲載種別）,鳥取県米子市中町,5.7,40.0,,5,—,—,,—,賃貸のため対象外,,2026-07-24,,https://suumo.jp/chintai/jnc_000106454629/?bc=100501087001,不適合
SUUMO 賃貸 米子市,米子市,賃貸マンション,賃貸カテゴリ（掲載種別）,鳥取県米子市中町,5.7,41.0,,5,—,—,,—,賃貸のため対象外,,2026-07-24,,https://suumo.jp/chintai/jnc_000106454628/?bc=100501665420,不適合
SUUMO 賃貸 米子市,米子市,賃貸マンション,賃貸カテゴリ（掲載種別）,鳥取県米子市中町,5.7,40.0,,5,—,—,,—,賃貸のため対象外,,2026-07-24,,https://suumo.jp/chintai/jnc_000107349609/?bc=100501086996,不適合
SUUMO 賃貸 米子市,米子市,賃貸マンション,賃貸カテゴリ（掲載種別）,鳥取県米子市中町,5.7,37.2,,5,—,—,,—,賃貸のため対象外,,2026-07-24,,https://suumo.jp/chintai/jnc_000054675990/?bc=100501167734,不適合
SUUMO 土地 沼津市,沼津市,更地,土地カテゴリ（建物表記なし）,静岡県沼津市寿町943-2他,2280,155.7,48.4,1500,—,—,,不明,接道・区分情報なし、詳細/役場で要確認,,2026-06-17,,https://suumo.jp/tochi/shizuoka/sc_numazu/nc_76794185/,不適合
SUUMO 土地 沼津市,沼津市,更地,土地カテゴリ（建物表記なし）,静岡県沼津市岡宮,1400,166.0,27.9,1500,—,—,,不明,接道・区分情報なし、詳細/役場で要確認,,2026-07-24,,https://suumo.jp/tochi/shizuoka/sc_numazu/nc_77542585/,不適合
SUUMO 土地 沼津市,沼津市,更地,土地カテゴリ（建物表記なし）,静岡県沼津市岡宮,1690,152.6,36.6,1500,—,—,,不明,接道・区分情報なし、詳細/役場で要確認,,2026-07-24,,https://suumo.jp/tochi/shizuoka/sc_numazu/nc_76931185/,不適合
SUUMO 土地 沼津市,沼津市,更地,土地カテゴリ（建物表記なし）,静岡県沼津市岡宮,1740,173.7,33.1,1500,—,—,,不明,接道・区分情報なし、詳細/役場で要確認,,2026-06-17,,https://suumo.jp/tochi/shizuoka/sc_numazu/nc_78717051/,不適合
SUUMO 土地 沼津市,沼津市,更地,土地カテゴリ（建物表記なし）,静岡県沼津市西熊堂字久保３５３－１１,1980,167.3,39.1,1500,—,—,,不明,接道・区分情報なし、詳細/役場で要確認,,2026-06-17,,https://suumo.jp/tochi/shizuoka/sc_numazu/nc_20524045/,不適合
SUUMO 土地 沼津市,沼津市,更地,土地カテゴリ（建物表記なし）,静岡県沼津市本田町197-23他,2500,157.5,52.5,1500,田,—,,不明,接道・区分情報なし、詳細/役場で要確認,,2026-06-17,,https://suumo.jp/tochi/shizuoka/sc_numazu/nc_79036503/,不適合
SUUMO 土地 沼津市,沼津市,更地,土地カテゴリ（建物表記なし）,静岡県沼津市岡宮,1760,177.7,32.7,1500,宅地,—,,不明,接道・区分情報なし、詳細/役場で要確認,,2026-07-06,,https://suumo.jp/tochi/shizuoka/sc_numazu/nc_78859801/,不適合
SUUMO 土地 沼津市,沼津市,更地,土地カテゴリ（建物表記なし）,静岡県沼津市沼北町１-1-22,2080,132.6,51.9,1500,—,—,,不明,接道・区分情報なし、詳細/役場で要確認,,2026-07-02,,https://suumo.jp/tochi/shizuoka/sc_numazu/nc_21196681/,不適合
SUUMO 土地 沼津市,沼津市,更地,土地カテゴリ（建物表記なし）,静岡県沼津市平沼,840,448.7,6.2,1500,—,—,,不明,接道・区分情報なし、詳細/役場で要確認,,2026-07-17,,https://suumo.jp/tochi/shizuoka/sc_numazu/nc_21309960/,適合
SUUMO 土地 沼津市,沼津市,更地,土地カテゴリ（建物表記なし）,静岡県沼津市志下,1100,485.9,7.5,1500,宅地,—,,不明,接道・区分情報なし、詳細/役場で要確認,,2026-06-17,,https://suumo.jp/tochi/shizuoka/sc_numazu/nc_20671314/,適合
SUUMO 土地 沼津市,沼津市,更地,土地カテゴリ（建物表記なし）,静岡県沼津市西島町,1350,218.2,20.5,1500,—,—,,不明,接道・区分情報なし、詳細/役場で要確認,,2026-06-17,,https://suumo.jp/tochi/shizuoka/sc_numazu/nc_78937355/,不適合
SUUMO 土地 沼津市,沼津市,更地,土地カテゴリ（建物表記なし）,静岡県沼津市山王台,1600,162.6,32.5,1500,—,—,,不明,接道・区分情報なし、詳細/役場で要確認,,2026-06-17,,https://suumo.jp/tochi/shizuoka/sc_numazu/nc_78139490/,不適合
SUUMO 土地 沼津市,沼津市,更地,土地カテゴリ（建物表記なし）,静岡県沼津市下香貫前原,7180,1188.8,20.0,1500,—,—,,不明,接道・区分情報なし、詳細/役場で要確認,,2026-06-17,,https://suumo.jp/tochi/shizuoka/sc_numazu/nc_78937350/,不適合
SUUMO 土地 沼津市,沼津市,更地,土地カテゴリ（建物表記なし）,静岡県沼津市小諏訪,279,308.0,3.0,1500,—,—,,不明,接道・区分情報なし、詳細/役場で要確認,,2026-06-17,,https://suumo.jp/tochi/shizuoka/sc_numazu/nc_74310057/,不適合
SUUMO 土地 沼津市,沼津市,更地,土地カテゴリ（建物表記なし）,静岡県沼津市下香貫柿原,320,160.7,6.6,1500,—,—,,不明,接道・区分情報なし、詳細/役場で要確認,,2026-06-23,,https://suumo.jp/tochi/shizuoka/sc_numazu/nc_75867140/,不適合
SUUMO 土地 沼津市,沼津市,更地,土地カテゴリ（建物表記なし）,静岡県沼津市小諏訪,350,92.6,12.5,1500,—,—,,不明,接道・区分情報なし、詳細/役場で要確認,,2026-06-17,,https://suumo.jp/tochi/shizuoka/sc_numazu/nc_77793449/,不適合
SUUMO 土地 沼津市,沼津市,更地,土地カテゴリ（建物表記なし）,静岡県沼津市志下,380,251.0,5.0,1500,—,—,,不明,接道・区分情報なし、詳細/役場で要確認,,2026-06-17,,https://suumo.jp/tochi/shizuoka/sc_numazu/nc_75325373/,不適合
SUUMO 土地 沼津市,沼津市,更地,土地カテゴリ（建物表記なし）,静岡県沼津市市道町,390,112.0,11.5,1500,—,—,,不明,接道・区分情報なし、詳細/役場で要確認,,2026-06-17,,https://suumo.jp/tochi/shizuoka/sc_numazu/nc_79217136/,不適合
SUUMO 土地 沼津市,沼津市,更地,土地カテゴリ（建物表記なし）,静岡県沼津市大岡,398,56.0,23.5,1500,—,—,,不明,接道・区分情報なし、詳細/役場で要確認,,2026-07-23,,https://suumo.jp/tochi/shizuoka/sc_numazu/nc_21344037/,不適合
SUUMO 土地 沼津市,沼津市,更地,土地カテゴリ（建物表記なし）,静岡県沼津市西間門,400,64.1,20.6,1500,—,—,,不明,接道・区分情報なし、詳細/役場で要確認,,2026-07-13,,https://suumo.jp/tochi/shizuoka/sc_numazu/nc_21284384/,不適合
SUUMO 土地 沼津市,沼津市,更地,土地カテゴリ（建物表記なし）,静岡県沼津市高砂町,450,65.8,22.6,1500,—,—,,不明,接道・区分情報なし、詳細/役場で要確認,,2026-06-17,,https://suumo.jp/tochi/shizuoka/sc_numazu/nc_76747984/,不適合
SUUMO 土地 沼津市,沼津市,更地,土地カテゴリ（建物表記なし）,静岡県沼津市高砂町,450,65.8,22.6,1500,—,—,,不明,接道・区分情報なし、詳細/役場で要確認,,2026-06-17,,https://suumo.jp/tochi/shizuoka/sc_numazu/nc_97390221/,不適合
SUUMO 土地 沼津市,沼津市,更地,土地カテゴリ（建物表記なし）,静岡県沼津市大平,498,151.9,10.8,1500,田,—,,不明,接道・区分情報なし、詳細/役場で要確認,,2026-06-17,,https://suumo.jp/tochi/shizuoka/sc_numazu/nc_91502801/,不適合
SUUMO 土地 沼津市,沼津市,更地,土地カテゴリ（建物表記なし）,静岡県沼津市石川,500,309.6,5.3,1500,—,—,,不明,接道・区分情報なし、詳細/役場で要確認,,2026-06-17,,https://suumo.jp/tochi/shizuoka/sc_numazu/nc_96975964/,不適合
SUUMO 土地 沼津市,沼津市,更地,土地カテゴリ（建物表記なし）,静岡県沼津市石川,550,145.7,12.5,1500,—,—,,不明,接道・区分情報なし、詳細/役場で要確認,,2026-06-17,,https://suumo.jp/tochi/shizuoka/sc_numazu/nc_75839318/,不適合
SUUMO 土地 沼津市,沼津市,古家付き土地,土地＋古家/上物の表記,静岡県沼津市根古屋,550,148.8,12.2,1500,—,—,,不明,接道・区分情報なし。建物ありだが現行法での再建築可否は役場で要確認,,2026-06-17,,https://suumo.jp/tochi/shizuoka/sc_numazu/nc_97479775/,不適合
SUUMO 土地 沼津市,沼津市,更地,土地カテゴリ（建物表記なし）,静岡県沼津市下香貫宮原,580,113.1,17.0,1500,—,—,,不明,接道・区分情報なし、詳細/役場で要確認,,2026-06-17,,https://suumo.jp/tochi/shizuoka/sc_numazu/nc_79211058/,不適合
SUUMO 土地 沼津市,沼津市,更地,土地カテゴリ（建物表記なし）,静岡県沼津市下香貫大久保,580,197.0,9.7,1500,—,—,,不明,接道・区分情報なし、詳細/役場で要確認,,2026-06-17,,https://suumo.jp/tochi/shizuoka/sc_numazu/nc_20512806/,不適合
SUUMO 土地 沼津市,沼津市,更地,土地カテゴリ（建物表記なし）,静岡県沼津市寿町,600,56.0,35.4,1500,—,—,,不明,接道・区分情報なし、詳細/役場で要確認,,2026-06-17,,https://suumo.jp/tochi/shizuoka/sc_numazu/nc_70958807/,不適合
SUUMO 土地 沼津市,沼津市,更地,土地カテゴリ（建物表記なし）,静岡県沼津市戸田,600,156.1,12.7,1500,田,—,,不明,接道・区分情報なし、詳細/役場で要確認,,2026-06-17,,https://suumo.jp/tochi/shizuoka/sc_numazu/nc_20507899/,不適合
SUUMO 土地 沼津市,沼津市,更地,土地カテゴリ（建物表記なし）,静岡県沼津市寿町,600,56.0,35.4,1500,—,—,,不明,接道・区分情報なし、詳細/役場で要確認,,2026-06-17,,https://suumo.jp/tochi/shizuoka/sc_numazu/nc_71879235/,不適合
SUUMO 土地 沼津市,沼津市,更地,土地カテゴリ（建物表記なし）,静岡県沼津市東椎路,650,88.4,24.3,1500,—,—,,不明,接道・区分情報なし、詳細/役場で要確認,,2026-06-17,,https://suumo.jp/tochi/shizuoka/sc_numazu/nc_74456530/,不適合
SUUMO 土地 沼津市,沼津市,古家付き土地,土地＋古家/上物の表記,静岡県沼津市根古屋,650,200.3,10.7,1500,—,—,,不明,接道・区分情報なし。建物ありだが現行法での再建築可否は役場で要確認,,2026-07-04,,https://suumo.jp/tochi/shizuoka/sc_numazu/nc_20438778/,不適合
SUUMO 土地 沼津市,沼津市,更地,土地カテゴリ（建物表記なし）,静岡県沼津市大塚,650,226.4,9.5,1500,—,—,,不明,接道・区分情報なし、詳細/役場で要確認,,2026-06-17,,https://suumo.jp/tochi/shizuoka/sc_numazu/nc_78936988/,不適合
SUUMO 土地 沼津市,沼津市,古家付き土地,土地＋古家/上物の表記,静岡県沼津市根古屋,650,200.3,10.7,1500,—,—,,不明,接道・区分情報なし。建物ありだが現行法での再建築可否は役場で要確認,,2026-07-03,,https://suumo.jp/tochi/shizuoka/sc_numazu/nc_20431435/,不適合
SUUMO 土地 沼津市,沼津市,更地,土地カテゴリ（建物表記なし）,静岡県沼津市西間門,680,188.0,12.0,1500,—,—,,不明,接道・区分情報なし、詳細/役場で要確認,,2026-06-17,,https://suumo.jp/tochi/shizuoka/sc_numazu/nc_20897045/,不適合
SUUMO 土地 沼津市,沼津市,更地,土地カテゴリ（建物表記なし）,静岡県沼津市八幡町,680,80.3,28.0,1500,—,—,,不明,接道・区分情報なし、詳細/役場で要確認,,2026-06-17,,https://suumo.jp/tochi/shizuoka/sc_numazu/nc_75642328/,不適合
SUUMO 土地 沼津市,沼津市,更地,土地カテゴリ（建物表記なし）,静岡県沼津市大平1525-2,700,199.0,11.6,1500,—,—,,不明,接道・区分情報なし、詳細/役場で要確認,,2026-06-17,,https://suumo.jp/tochi/shizuoka/sc_numazu/nc_95748913/,不適合
SUUMO 土地 沼津市,沼津市,更地,土地カテゴリ（建物表記なし）,静岡県沼津市上香貫八重,700,105.8,21.9,1500,—,—,,不明,接道・区分情報なし、詳細/役場で要確認,,2026-07-04,,https://suumo.jp/tochi/shizuoka/sc_numazu/nc_21217304/,不適合
SUUMO 土地 沼津市,沼津市,更地,土地カテゴリ（建物表記なし）,静岡県沼津市常盤町２,700,115.0,20.1,1500,—,—,,不明,接道・区分情報なし、詳細/役場で要確認,,2026-06-17,,https://suumo.jp/tochi/shizuoka/sc_numazu/nc_20867731/,不適合
SUUMO 土地 沼津市,沼津市,更地,土地カテゴリ（建物表記なし）,静岡県沼津市大平2874-545,760,209.8,12.0,1500,田,—,,不明,接道・区分情報なし、詳細/役場で要確認,,2026-06-17,,https://suumo.jp/tochi/shizuoka/sc_numazu/nc_78392963/,不適合
SUUMO 土地 沼津市,沼津市,更地,土地カテゴリ（建物表記なし）,静岡県沼津市原,780,300.2,8.6,1500,—,—,,不明,接道・区分情報なし、詳細/役場で要確認,,2026-06-17,,https://suumo.jp/tochi/shizuoka/sc_numazu/nc_77154533/,不適合
SUUMO 土地 沼津市,沼津市,更地,土地カテゴリ（建物表記なし）,静岡県沼津市西間門,780,191.0,13.5,1500,—,—,,不明,接道・区分情報なし、詳細/役場で要確認,,2026-06-22,,https://suumo.jp/tochi/shizuoka/sc_numazu/nc_77750894/,不適合
SUUMO 土地 沼津市,沼津市,更地,土地カテゴリ（建物表記なし）,静岡県沼津市下香貫大久保,780,158.7,16.2,1500,宅地,—,,不明,接道・区分情報なし、詳細/役場で要確認,,2026-06-17,,https://suumo.jp/tochi/shizuoka/sc_numazu/nc_96721587/,不適合
SUUMO 土地 沼津市,沼津市,更地,土地カテゴリ（建物表記なし）,静岡県沼津市八幡町,800,72.6,36.4,1500,—,—,,不明,接道・区分情報なし、詳細/役場で要確認,,2026-06-17,,https://suumo.jp/tochi/shizuoka/sc_numazu/nc_77118002/,不適合
SUUMO 土地 沼津市,沼津市,更地,土地カテゴリ（建物表記なし）,静岡県沼津市内浦重寺,800,144.0,18.4,1500,—,—,,不明,接道・区分情報なし、詳細/役場で要確認,,2026-06-17,,https://suumo.jp/tochi/shizuoka/sc_numazu/nc_77117996/,不適合
SUUMO 土地 沼津市,沼津市,更地,土地カテゴリ（建物表記なし）,静岡県沼津市西間門,800,166.1,15.9,1500,—,—,,不明,接道・区分情報なし、詳細/役場で要確認,,2026-06-17,,https://suumo.jp/tochi/shizuoka/sc_numazu/nc_77866500/,不適合
SUUMO 土地 沼津市,沼津市,更地,土地カテゴリ（建物表記なし）,静岡県沼津市青野,800,251.1,10.5,1500,—,—,,不明,接道・区分情報なし、詳細/役場で要確認,,2026-06-17,,https://suumo.jp/tochi/shizuoka/sc_numazu/nc_20701652/,不適合
SUUMO 土地 沼津市,沼津市,古家付き土地,土地＋古家/上物の表記,静岡県沼津市根古屋,840,165.3,16.8,1500,—,—,,不明,接道・区分情報なし。建物ありだが現行法での再建築可否は役場で要確認,,2026-06-17,,https://suumo.jp/tochi/shizuoka/sc_numazu/nc_78409667/,不適合
SUUMO 土地 沼津市,沼津市,更地,土地カテゴリ（建物表記なし）,静岡県沼津市上香貫九十九洞,840,142.0,19.6,1500,—,—,,不明,接道・区分情報なし、詳細/役場で要確認,,2026-06-17,,https://suumo.jp/tochi/shizuoka/sc_numazu/nc_20069770/,不適合
SUUMO 土地 沼津市,沼津市,更地,土地カテゴリ（建物表記なし）,静岡県沼津市東椎路1303-37,850,115.7,24.3,1500,—,—,,不明,接道・区分情報なし、詳細/役場で要確認,,2026-07-23,,https://suumo.jp/tochi/shizuoka/sc_numazu/nc_73896964/,不適合
SUUMO 土地 沼津市,沼津市,更地,土地カテゴリ（建物表記なし）,静岡県沼津市足高,880,176.3,16.5,1500,—,—,,不明,接道・区分情報なし、詳細/役場で要確認,,2026-07-21,,https://suumo.jp/tochi/shizuoka/sc_numazu/nc_21334221/,不適合
SUUMO 土地 沼津市,沼津市,更地,土地カテゴリ（建物表記なし）,静岡県沼津市大岡,880,103.4,28.1,1500,—,—,,不明,接道・区分情報なし、詳細/役場で要確認,,2026-06-17,,https://suumo.jp/tochi/shizuoka/sc_numazu/nc_74720703/,不適合
SUUMO 土地 沼津市,沼津市,更地,土地カテゴリ（建物表記なし）,静岡県沼津市大岡,890,151.5,19.4,1500,—,—,,不明,接道・区分情報なし、詳細/役場で要確認,,2026-06-17,,https://suumo.jp/tochi/shizuoka/sc_numazu/nc_74388767/,不適合
SUUMO 土地 沼津市,沼津市,更地,土地カテゴリ（建物表記なし）,静岡県沼津市東椎路,900,152.2,19.5,1500,—,—,,不明,接道・区分情報なし、詳細/役場で要確認,,2026-07-13,,https://suumo.jp/tochi/shizuoka/sc_numazu/nc_21284385/,不適合
SUUMO 土地 沼津市,沼津市,更地,土地カテゴリ（建物表記なし）,静岡県沼津市下香貫八重50-25,930,165.0,18.6,1500,—,—,,不明,接道・区分情報なし、詳細/役場で要確認,,2026-06-28,,https://suumo.jp/tochi/shizuoka/sc_numazu/nc_21168094/,不適合
SUUMO 土地 沼津市,沼津市,更地,土地カテゴリ（建物表記なし）,静岡県沼津市大岡,950,132.3,23.7,1500,—,—,,不明,接道・区分情報なし、詳細/役場で要確認,,2026-06-17,,https://suumo.jp/tochi/shizuoka/sc_numazu/nc_74700206/,不適合
SUUMO 土地 沼津市,沼津市,更地,土地カテゴリ（建物表記なし）,静岡県沼津市東椎路116-11,950,158.7,19.8,1500,—,—,,不明,接道・区分情報なし、詳細/役場で要確認,,2026-06-17,,https://suumo.jp/tochi/shizuoka/sc_numazu/nc_75323271/,不適合
SUUMO 土地 沼津市,沼津市,更地,土地カテゴリ（建物表記なし）,静岡県沼津市原,980,227.0,14.3,1500,—,—,,不明,接道・区分情報なし、詳細/役場で要確認,,2026-06-17,,https://suumo.jp/tochi/shizuoka/sc_numazu/nc_93966743/,不適合
SUUMO 土地 沼津市,沼津市,更地,土地カテゴリ（建物表記なし）,静岡県沼津市今沢,980,554.0,5.8,1500,畑,—,,不明,接道・区分情報なし、詳細/役場で要確認,,2026-06-17,,https://suumo.jp/tochi/shizuoka/sc_numazu/nc_77088510/,適合
SUUMO 土地 沼津市,沼津市,更地,土地カテゴリ（建物表記なし）,静岡県沼津市東椎路,990,163.7,20.0,1500,—,—,,不明,接道・区分情報なし、詳細/役場で要確認,,2026-06-17,,https://suumo.jp/tochi/shizuoka/sc_numazu/nc_78123918/,不適合
SUUMO 土地 沼津市,沼津市,更地,土地カテゴリ（建物表記なし）,静岡県沼津市原字鳥澤６４７－１ノ一部,1060,159.2,22.0,1500,—,—,,不明,接道・区分情報なし、詳細/役場で要確認,,2026-06-29,,https://suumo.jp/tochi/shizuoka/sc_numazu/nc_91718724/,不適合
SUUMO 土地 沼津市,沼津市,更地,土地カテゴリ（建物表記なし）,静岡県沼津市足高,1080,207.8,17.2,1500,—,—,,不明,接道・区分情報なし、詳細/役場で要確認,,2026-06-17,,https://suumo.jp/tochi/shizuoka/sc_numazu/nc_21065417/,不適合
SUUMO 土地 沼津市,沼津市,更地,土地カテゴリ（建物表記なし）,静岡県沼津市大岡,1080,165.0,21.6,1500,—,—,,不明,接道・区分情報なし、詳細/役場で要確認,,2026-07-01,,https://suumo.jp/tochi/shizuoka/sc_numazu/nc_20374403/,不適合
SUUMO 土地 沼津市,沼津市,更地,土地カテゴリ（建物表記なし）,静岡県沼津市大岡263-6,1100,169.7,21.4,1500,—,—,,不明,接道・区分情報なし、詳細/役場で要確認,,2026-06-17,,https://suumo.jp/tochi/shizuoka/sc_numazu/nc_20359016/,不適合
SUUMO 土地 沼津市,沼津市,更地,土地カテゴリ（建物表記なし）,静岡県沼津市西島町,1100,158.4,23.0,1500,—,—,,不明,接道・区分情報なし、詳細/役場で要確認,,2026-06-17,,https://suumo.jp/tochi/shizuoka/sc_numazu/nc_21016503/,不適合
SUUMO 土地 沼津市,沼津市,更地,土地カテゴリ（建物表記なし）,静岡県沼津市東原,1100,182.4,19.9,1500,—,—,,不明,接道・区分情報なし、詳細/役場で要確認,,2026-06-17,,https://suumo.jp/tochi/shizuoka/sc_numazu/nc_91502848/,不適合
SUUMO 土地 沼津市,沼津市,更地,土地カテゴリ（建物表記なし）,静岡県沼津市下香貫八重,1180,163.8,23.8,1500,宅地,—,,不明,接道・区分情報なし、詳細/役場で要確認,,2026-06-17,,https://suumo.jp/tochi/shizuoka/sc_numazu/nc_94434597/,不適合
SUUMO 土地 沼津市,沼津市,更地,土地カテゴリ（建物表記なし）,静岡県沼津市内浦重寺,1200,183.9,21.6,1500,—,—,,不明,接道・区分情報なし、詳細/役場で要確認,,2026-06-17,,https://suumo.jp/tochi/shizuoka/sc_numazu/nc_77034008/,不適合
SUUMO 土地 沼津市,沼津市,更地,土地カテゴリ（建物表記なし）,静岡県沼津市錦町,1200,113.7,34.9,1500,—,—,,不明,接道・区分情報なし、詳細/役場で要確認,,2026-06-17,,https://suumo.jp/tochi/shizuoka/sc_numazu/nc_77584008/,不適合
SUUMO 土地 沼津市,沼津市,更地,土地カテゴリ（建物表記なし）,静岡県沼津市本郷町486-3,1200,137.5,28.9,1500,宅地,—,,不明,接道・区分情報なし、詳細/役場で要確認,,2026-06-17,,https://suumo.jp/tochi/shizuoka/sc_numazu/nc_78297832/,不適合
SUUMO 土地 沼津市,沼津市,更地,土地カテゴリ（建物表記なし）,静岡県沼津市本松下,1230,176.7,23.0,1500,—,—,,不明,接道・区分情報なし、詳細/役場で要確認,,2026-07-23,,https://suumo.jp/tochi/shizuoka/sc_numazu/nc_75920486/,不適合
SUUMO 土地 沼津市,沼津市,更地,土地カテゴリ（建物表記なし）,静岡県沼津市西間門,1250,221.5,18.7,1500,—,—,,不明,接道・区分情報なし、詳細/役場で要確認,,2026-06-17,,https://suumo.jp/tochi/shizuoka/sc_numazu/nc_20069819/,不適合
SUUMO 土地 沼津市,沼津市,更地,土地カテゴリ（建物表記なし）,静岡県沼津市青野,1270,258.6,16.2,1500,—,—,,不明,接道・区分情報なし、詳細/役場で要確認,,2026-06-17,,https://suumo.jp/tochi/shizuoka/sc_numazu/nc_78722787/,不適合
SUUMO 土地 沼津市,沼津市,更地,土地カテゴリ（建物表記なし）,静岡県沼津市大岡,1280,265.7,15.9,1500,—,—,,不明,接道・区分情報なし、詳細/役場で要確認,,2026-06-17,,https://suumo.jp/tochi/shizuoka/sc_numazu/nc_78965910/,不適合
SUUMO 土地 沼津市,沼津市,更地,土地カテゴリ（建物表記なし）,静岡県沼津市下香貫馬場465-1,1320,218.4,20.0,1500,—,—,,不明,接道・区分情報なし、詳細/役場で要確認,,2026-06-17,,https://suumo.jp/tochi/shizuoka/sc_numazu/nc_79218822/,不適合
SUUMO 土地 沼津市,沼津市,更地,土地カテゴリ（建物表記なし）,静岡県沼津市大岡,1360,167.0,26.9,1500,—,—,,不明,接道・区分情報なし、詳細/役場で要確認,,2026-06-18,,https://suumo.jp/tochi/shizuoka/sc_numazu/nc_21089076/,不適合
SUUMO 土地 沼津市,沼津市,更地,土地カテゴリ（建物表記なし）,静岡県沼津市東熊堂51番25他,1380,142.4,32.0,1500,—,—,,不明,接道・区分情報なし、詳細/役場で要確認,,2026-06-17,,https://suumo.jp/tochi/shizuoka/sc_numazu/nc_77120577/,不適合
SUUMO 土地 沼津市,沼津市,更地,土地カテゴリ（建物表記なし）,静岡県沼津市高沢町,1380,119.3,38.2,1500,—,—,,不明,接道・区分情報なし、詳細/役場で要確認,,2026-06-17,,https://suumo.jp/tochi/shizuoka/sc_numazu/nc_20834177/,不適合
SUUMO 土地 沼津市,沼津市,更地,土地カテゴリ（建物表記なし）,静岡県沼津市小諏訪,1380,226.2,20.2,1500,—,—,,不明,接道・区分情報なし、詳細/役場で要確認,,2026-06-17,,https://suumo.jp/tochi/shizuoka/sc_numazu/nc_20700855/,不適合
SUUMO 土地 沼津市,沼津市,更地,土地カテゴリ（建物表記なし）,静岡県沼津市玉江町,1380,198.5,23.0,1500,—,—,,不明,接道・区分情報なし、詳細/役場で要確認,,2026-07-19,,https://suumo.jp/tochi/shizuoka/sc_numazu/nc_21324544/,不適合
SUUMO 土地 沼津市,沼津市,更地,土地カテゴリ（建物表記なし）,静岡県沼津市東原,1400,265.7,17.4,1500,—,—,,不明,接道・区分情報なし、詳細/役場で要確認,,2026-06-17,,https://suumo.jp/tochi/shizuoka/sc_numazu/nc_76497992/,不適合
SUUMO 土地 沼津市,沼津市,更地,土地カテゴリ（建物表記なし）,静岡県沼津市戸田,1400,699.0,6.6,1500,田,—,,不明,接道・区分情報なし、詳細/役場で要確認,,2026-06-17,,https://suumo.jp/tochi/shizuoka/sc_numazu/nc_20816237/,適合
SUUMO 土地 沼津市,沼津市,更地,土地カテゴリ（建物表記なし）,静岡県沼津市原町中３-10-17,1420,194.2,24.2,1500,—,—,,不明,接道・区分情報なし、詳細/役場で要確認,,2026-07-23,,https://suumo.jp/tochi/shizuoka/sc_numazu/nc_78345343/,不適合
SUUMO 土地 沼津市,沼津市,更地,土地カテゴリ（建物表記なし）,静岡県沼津市大門町,1450,147.1,32.6,1500,—,—,,不明,接道・区分情報なし、詳細/役場で要確認,,2026-07-04,,https://suumo.jp/tochi/shizuoka/sc_numazu/nc_21217303/,不適合
SUUMO 土地 沼津市,沼津市,更地,土地カテゴリ（建物表記なし）,静岡県沼津市花園町,1480,143.3,34.1,1500,—,—,,不明,接道・区分情報なし、詳細/役場で要確認,,2026-06-17,,https://suumo.jp/tochi/shizuoka/sc_numazu/nc_79054947/,不適合
SUUMO 土地 沼津市,沼津市,更地,土地カテゴリ（建物表記なし）,静岡県沼津市東原,1490,248.6,19.8,1500,—,—,,不明,接道・区分情報なし、詳細/役場で要確認,,2026-06-17,,https://suumo.jp/tochi/shizuoka/sc_numazu/nc_75326134/,不適合
SUUMO 土地 沼津市,沼津市,更地,土地カテゴリ（建物表記なし）,静岡県沼津市大岡字池田3500-9、3449-24他,1490,191.5,25.7,1500,田,—,,不明,接道・区分情報なし、詳細/役場で要確認,,2026-06-17,,https://suumo.jp/tochi/shizuoka/sc_numazu/nc_77862360/,不適合
SUUMO 土地 沼津市,沼津市,更地,土地カテゴリ（建物表記なし）,静岡県沼津市下香貫楊原,1490,222.1,22.2,1500,—,—,,不明,接道・区分情報なし、詳細/役場で要確認,,2026-06-17,,https://suumo.jp/tochi/shizuoka/sc_numazu/nc_73243855/,不適合
SUUMO 土地 沼津市,沼津市,更地,土地カテゴリ（建物表記なし）,静岡県沼津市下香貫楊原,1490,222.1,22.2,1500,—,—,,不明,接道・区分情報なし、詳細/役場で要確認,,2026-06-17,,https://suumo.jp/tochi/shizuoka/sc_numazu/nc_20921291/,不適合
SUUMO 土地 沼津市,沼津市,更地,土地カテゴリ（建物表記なし）,静岡県沼津市松長,1500,397.0,12.5,1500,—,—,,不明,接道・区分情報なし、詳細/役場で要確認,,2026-06-23,,https://suumo.jp/tochi/shizuoka/sc_numazu/nc_21134778/,適合
SUUMO 土地 沼津市,沼津市,更地,土地カテゴリ（建物表記なし）,静岡県沼津市吉田町28-22,1550,193.3,26.5,1500,田,—,,不明,接道・区分情報なし、詳細/役場で要確認,,2026-07-23,,https://suumo.jp/tochi/shizuoka/sc_numazu/nc_73849716/,不適合
SUUMO 土地 沼津市,沼津市,更地,土地カテゴリ（建物表記なし）,静岡県沼津市中沢田,1580,221.5,23.6,1500,田,—,,不明,接道・区分情報なし、詳細/役場で要確認,,2026-06-30,,https://suumo.jp/tochi/shizuoka/sc_numazu/nc_20141116/,不適合
SUUMO 土地 沼津市,沼津市,更地,土地カテゴリ（建物表記なし）,静岡県沼津市三枚橋町,1580,102.5,51.0,1500,—,—,,不明,接道・区分情報なし、詳細/役場で要確認,,2026-06-17,,https://suumo.jp/tochi/shizuoka/sc_numazu/nc_79141507/,不適合
SUUMO 土地 沼津市,沼津市,更地,土地カテゴリ（建物表記なし）,静岡県沼津市原,1600,385.4,13.7,1500,—,—,,不明,接道・区分情報なし、詳細/役場で要確認,,2026-06-17,,https://suumo.jp/tochi/shizuoka/sc_numazu/nc_74398998/,不適合
SUUMO 土地 沼津市,沼津市,更地,土地カテゴリ（建物表記なし）,静岡県沼津市大岡,1650,223.7,24.4,1500,—,—,,不明,接道・区分情報なし、詳細/役場で要確認,,2026-06-17,,https://suumo.jp/tochi/shizuoka/sc_numazu/nc_20764833/,不適合
SUUMO 土地 沼津市,沼津市,更地,土地カテゴリ（建物表記なし）,静岡県沼津市大岡,1680,213.7,26.0,1500,—,—,,不明,接道・区分情報なし、詳細/役場で要確認,,2026-06-17,,https://suumo.jp/tochi/shizuoka/sc_numazu/nc_20522570/,不適合
SUUMO 土地 沼津市,沼津市,更地,土地カテゴリ（建物表記なし）,静岡県沼津市東椎路,1680,214.8,25.9,1500,—,—,,不明,接道・区分情報なし、詳細/役場で要確認,,2026-06-17,,https://suumo.jp/tochi/shizuoka/sc_numazu/nc_21079413/,不適合
SUUMO 土地 沼津市,沼津市,更地,土地カテゴリ（建物表記なし）,静岡県沼津市西条町,1700,124.2,45.2,1500,—,—,,不明,接道・区分情報なし、詳細/役場で要確認,,2026-06-17,,https://suumo.jp/tochi/shizuoka/sc_numazu/nc_77418622/,不適合
SUUMO 土地 沼津市,沼津市,更地,土地カテゴリ（建物表記なし）,静岡県沼津市大岡,1700,299.3,18.8,1500,—,—,,不明,接道・区分情報なし、詳細/役場で要確認,,2026-06-17,,https://suumo.jp/tochi/shizuoka/sc_numazu/nc_20975075/,不適合
SUUMO 土地 沼津市,沼津市,更地,土地カテゴリ（建物表記なし）,静岡県沼津市井出,1700,868.0,6.5,1500,宅地,—,,不明,接道・区分情報なし、詳細/役場で要確認,,2026-07-07,,https://suumo.jp/tochi/shizuoka/sc_numazu/nc_21237321/,不適合
SUUMO 土地 沼津市,沼津市,更地,土地カテゴリ（建物表記なし）,静岡県沼津市西条町,1700,124.2,45.2,1500,—,—,,不明,接道・区分情報なし、詳細/役場で要確認,,2026-06-22,,https://suumo.jp/tochi/shizuoka/sc_numazu/nc_20069720/,不適合
SUUMO 土地 沼津市,沼津市,更地,土地カテゴリ（建物表記なし）,静岡県沼津市白銀町,1780,146.6,40.1,1500,—,—,,不明,接道・区分情報なし、詳細/役場で要確認,,2026-06-17,,https://suumo.jp/tochi/shizuoka/sc_numazu/nc_78080334/,不適合
SUUMO 土地 沼津市,沼津市,更地,土地カテゴリ（建物表記なし）,静岡県沼津市松長792-2,1800,397.0,15.0,1500,—,—,,不明,接道・区分情報なし、詳細/役場で要確認,,2026-06-17,,https://suumo.jp/tochi/shizuoka/sc_numazu/nc_74237180/,不適合
SUUMO 土地 沼津市,沼津市,更地,土地カテゴリ（建物表記なし）,静岡県沼津市松長,1800,397.0,15.0,1500,—,—,,不明,接道・区分情報なし、詳細/役場で要確認,,2026-06-17,,https://suumo.jp/tochi/shizuoka/sc_numazu/nc_20599530/,不適合
SUUMO 土地 沼津市,沼津市,更地,土地カテゴリ（建物表記なし）,静岡県沼津市西熊堂,1830,169.5,35.7,1500,田,—,接道も交通量がそれほど多くな,不明,接道・区分情報なし、詳細/役場で要確認,,2026-06-17,,https://suumo.jp/tochi/shizuoka/sc_numazu/nc_79047272/,不適合
SUUMO 土地 沼津市,沼津市,更地,土地カテゴリ（建物表記なし）,静岡県沼津市大岡,1830,169.8,35.6,1500,—,—,,不明,接道・区分情報なし、詳細/役場で要確認,,2026-07-07,,https://suumo.jp/tochi/shizuoka/sc_numazu/nc_21237978/,不適合
SUUMO 土地 沼津市,沼津市,更地,土地カテゴリ（建物表記なし）,静岡県沼津市大岡,1830,169.8,35.6,1500,—,—,,不明,接道・区分情報なし、詳細/役場で要確認,,2026-07-07,,https://suumo.jp/tochi/shizuoka/sc_numazu/nc_21237977/,不適合
SUUMO 土地 沼津市,沼津市,更地,土地カテゴリ（建物表記なし）,静岡県沼津市真砂町,1835,174.3,34.8,1500,—,—,,不明,接道・区分情報なし、詳細/役場で要確認,,2026-07-07,,https://suumo.jp/tochi/shizuoka/sc_numazu/nc_21234704/,不適合
SUUMO 土地 沼津市,沼津市,更地,土地カテゴリ（建物表記なし）,静岡県沼津市大岡,1850,193.3,31.6,1500,—,—,,不明,接道・区分情報なし、詳細/役場で要確認,,2026-06-17,,https://suumo.jp/tochi/shizuoka/sc_numazu/nc_20764886/,不適合
SUUMO 土地 沼津市,沼津市,更地,土地カテゴリ（建物表記なし）,静岡県沼津市大岡,1880,187.5,33.1,1500,宅地,—,,不明,接道・区分情報なし、詳細/役場で要確認,,2026-07-20,,https://suumo.jp/tochi/shizuoka/sc_numazu/nc_21329574/,不適合
SUUMO 土地 沼津市,沼津市,更地,土地カテゴリ（建物表記なし）,静岡県沼津市大岡,1880,187.5,33.1,1500,—,—,,不明,接道・区分情報なし、詳細/役場で要確認,,2026-06-17,,https://suumo.jp/tochi/shizuoka/sc_numazu/nc_21065137/,不適合
SUUMO 土地 沼津市,沼津市,更地,土地カテゴリ（建物表記なし）,静岡県沼津市小諏訪483-2他,1890,258.1,24.2,1500,—,—,,不明,接道・区分情報なし、詳細/役場で要確認,,2026-06-17,,https://suumo.jp/tochi/shizuoka/sc_numazu/nc_77349395/,不適合
SUUMO 土地 沼津市,沼津市,更地,土地カテゴリ（建物表記なし）,静岡県沼津市東熊堂411-1,1900,159.0,39.5,1500,—,—,,不明,接道・区分情報なし、詳細/役場で要確認,,2026-06-17,,https://suumo.jp/tochi/shizuoka/sc_numazu/nc_97807318/,不適合
SUUMO 土地 沼津市,沼津市,更地,土地カテゴリ（建物表記なし）,静岡県沼津市若葉町,1950,165.4,39.0,1500,—,—,,不明,接道・区分情報なし、詳細/役場で要確認,,2026-06-17,,https://suumo.jp/tochi/shizuoka/sc_numazu/nc_79055341/,不適合
SUUMO 土地 沼津市,沼津市,更地,土地カテゴリ（建物表記なし）,静岡県沼津市岡宮６３８－３他,1950,165.5,39.0,1500,—,—,,不明,接道・区分情報なし、詳細/役場で要確認,,2026-06-29,,https://suumo.jp/tochi/shizuoka/sc_numazu/nc_74907487/,不適合
SUUMO 土地 沼津市,沼津市,更地,土地カテゴリ（建物表記なし）,静岡県沼津市三園町3-7,1970,220.7,29.5,1500,—,—,,不明,接道・区分情報なし、詳細/役場で要確認,,2026-06-17,,https://suumo.jp/tochi/shizuoka/sc_numazu/nc_20468090/,不適合
SUUMO 土地 沼津市,沼津市,更地,土地カテゴリ（建物表記なし）,静岡県沼津市三園町,1970,220.7,29.5,1500,—,—,,不明,接道・区分情報なし、詳細/役場で要確認,,2026-06-17,,https://suumo.jp/tochi/shizuoka/sc_numazu/nc_20389985/,不適合
SUUMO 土地 沼津市,沼津市,更地,土地カテゴリ（建物表記なし）,静岡県沼津市岡宮,1980,208.0,31.5,1500,—,—,,不明,接道・区分情報なし、詳細/役場で要確認,,2026-06-17,,https://suumo.jp/tochi/shizuoka/sc_numazu/nc_20755126/,不適合
SUUMO 土地 沼津市,沼津市,更地,土地カテゴリ（建物表記なし）,静岡県沼津市東熊堂,1980,487.0,13.4,1500,—,—,,不明,接道・区分情報なし、詳細/役場で要確認,,2026-06-17,,https://suumo.jp/tochi/shizuoka/sc_numazu/nc_74312427/,不適合
SUUMO 土地 沼津市,沼津市,更地,土地カテゴリ（建物表記なし）,静岡県沼津市西間門442,1990,330.6,19.9,1500,—,—,,不明,接道・区分情報なし、詳細/役場で要確認,,2026-07-01,,https://suumo.jp/tochi/shizuoka/sc_numazu/nc_20728680/,不適合
SUUMO 土地 沼津市,沼津市,更地,土地カテゴリ（建物表記なし）,静岡県沼津市住吉町,2050,167.3,40.5,1500,—,—,,不明,接道・区分情報なし、詳細/役場で要確認,,2026-06-17,,https://suumo.jp/tochi/shizuoka/sc_numazu/nc_20981557/,不適合
SUUMO 土地 沼津市,沼津市,更地,土地カテゴリ（建物表記なし）,静岡県沼津市駿河台,2060,228.8,29.8,1500,—,—,,不明,接道・区分情報なし、詳細/役場で要確認,,2026-06-22,,https://suumo.jp/tochi/shizuoka/sc_numazu/nc_21128421/,不適合
SUUMO 土地 沼津市,沼津市,更地,土地カテゴリ（建物表記なし）,静岡県沼津市沼北町１,2080,132.6,51.9,1500,宅地,—,,不明,接道・区分情報なし、詳細/役場で要確認,,2026-07-21,,https://suumo.jp/tochi/shizuoka/sc_numazu/nc_21329216/,不適合
SUUMO 土地 沼津市,沼津市,更地,土地カテゴリ（建物表記なし）,静岡県沼津市沼北町１,2080,166.1,41.4,1500,—,—,,不明,接道・区分情報なし、詳細/役場で要確認,,2026-06-17,,https://suumo.jp/tochi/shizuoka/sc_numazu/nc_21073600/,不適合
SUUMO 土地 沼津市,沼津市,更地,土地カテゴリ（建物表記なし）,静岡県沼津市岡宮,2080,215.0,32.0,1500,—,—,,不明,接道・区分情報なし、詳細/役場で要確認,,2026-06-17,,https://suumo.jp/tochi/shizuoka/sc_numazu/nc_78914954/,不適合
SUUMO 土地 沼津市,沼津市,更地,土地カテゴリ（建物表記なし）,静岡県沼津市沼北町１-1-22,2080,132.6,51.9,1500,宅地,—,,不明,接道・区分情報なし、詳細/役場で要確認,,2026-06-22,,https://suumo.jp/tochi/shizuoka/sc_numazu/nc_21127441/,不適合
SUUMO 土地 沼津市,沼津市,更地,土地カテゴリ（建物表記なし）,静岡県沼津市沼北町１,2080,166.1,41.4,1500,—,—,,不明,接道・区分情報なし、詳細/役場で要確認,,2026-06-17,,https://suumo.jp/tochi/shizuoka/sc_numazu/nc_21065138/,不適合
SUUMO 土地 沼津市,沼津市,更地,土地カテゴリ（建物表記なし）,静岡県沼津市沼北町１-1-22,2080,160.6,42.8,1500,—,—,,不明,接道・区分情報なし、詳細/役場で要確認,,2026-07-11,,https://suumo.jp/tochi/shizuoka/sc_numazu/nc_21264715/,不適合
SUUMO 土地 沼津市,沼津市,更地,土地カテゴリ（建物表記なし）,静岡県沼津市住吉町,2100,170.4,40.7,1500,—,—,,不明,接道・区分情報なし、詳細/役場で要確認,,2026-06-17,,https://suumo.jp/tochi/shizuoka/sc_numazu/nc_20981524/,不適合
SUUMO 土地 沼津市,沼津市,更地,土地カテゴリ（建物表記なし）,静岡県沼津市沼北町１,2180,131.9,54.6,1500,—,—,,不明,接道・区分情報なし、詳細/役場で要確認,,2026-06-17,,https://suumo.jp/tochi/shizuoka/sc_numazu/nc_20951244/,不適合
SUUMO 土地 沼津市,沼津市,更地,土地カテゴリ（建物表記なし）,静岡県沼津市原,2180,473.5,15.2,1500,—,—,,不明,接道・区分情報なし、詳細/役場で要確認,,2026-06-17,,https://suumo.jp/tochi/shizuoka/sc_numazu/nc_76754722/,不適合
SUUMO 土地 沼津市,沼津市,更地,土地カテゴリ（建物表記なし）,静岡県沼津市新沢田町,2200,160.0,45.5,1500,田,—,,不明,接道・区分情報なし、詳細/役場で要確認,,2026-06-17,,https://suumo.jp/tochi/shizuoka/sc_numazu/nc_78769404/,不適合
SUUMO 土地 沼津市,沼津市,更地,土地カテゴリ（建物表記なし）,静岡県沼津市大岡,2245,206.5,35.9,1500,—,—,,不明,接道・区分情報なし、詳細/役場で要確認,,2026-06-17,,https://suumo.jp/tochi/shizuoka/sc_numazu/nc_78020310/,不適合
SUUMO 土地 沼津市,沼津市,更地,土地カテゴリ（建物表記なし）,静岡県沼津市高沢町,2280,165.5,45.5,1500,—,—,,不明,接道・区分情報なし、詳細/役場で要確認,,2026-07-06,,https://suumo.jp/tochi/shizuoka/sc_numazu/nc_21229726/,不適合
SUUMO 土地 沼津市,沼津市,更地,土地カテゴリ（建物表記なし）,静岡県沼津市沼北町１-1-22,2280,132.6,56.8,1500,—,—,,不明,接道・区分情報なし、詳細/役場で要確認,,2026-07-11,,https://suumo.jp/tochi/shizuoka/sc_numazu/nc_21264571/,不適合
SUUMO 土地 沼津市,沼津市,更地,土地カテゴリ（建物表記なし）,静岡県沼津市五月町,2300,144.5,52.6,1500,—,—,,不明,接道・区分情報なし、詳細/役場で要確認,,2026-06-17,,https://suumo.jp/tochi/shizuoka/sc_numazu/nc_20459827/,不適合
SUUMO 土地 沼津市,沼津市,更地,土地カテゴリ（建物表記なし）,静岡県沼津市五月町,2300,144.5,52.6,1500,—,—,,不明,接道・区分情報なし、詳細/役場で要確認,,2026-06-17,,https://suumo.jp/tochi/shizuoka/sc_numazu/nc_20459147/,不適合
SUUMO 土地 沼津市,沼津市,更地,土地カテゴリ（建物表記なし）,静岡県沼津市原,2310,614.1,12.4,1500,—,—,,不明,接道・区分情報なし、詳細/役場で要確認,,2026-07-23,,https://suumo.jp/tochi/shizuoka/sc_numazu/nc_20905786/,不適合
SUUMO 土地 沼津市,沼津市,更地,土地カテゴリ（建物表記なし）,静岡県沼津市大岡,2400,304.4,26.1,1500,—,—,,不明,接道・区分情報なし、詳細/役場で要確認,,2026-06-17,,https://suumo.jp/tochi/shizuoka/sc_numazu/nc_20839214/,不適合
SUUMO 土地 沼津市,沼津市,更地,土地カテゴリ（建物表記なし）,静岡県沼津市宮町,2500,424.8,19.5,1500,—,—,,不明,接道・区分情報なし、詳細/役場で要確認,,2026-06-17,,https://suumo.jp/tochi/shizuoka/sc_numazu/nc_78724658/,不適合
SUUMO 土地 沼津市,沼津市,更地,土地カテゴリ（建物表記なし）,静岡県沼津市高沢町,2550,162.6,51.8,1500,—,—,,不明,接道・区分情報なし、詳細/役場で要確認,,2026-06-17,,https://suumo.jp/tochi/shizuoka/sc_numazu/nc_20089905/,不適合
SUUMO 土地 沼津市,沼津市,更地,土地カテゴリ（建物表記なし）,静岡県沼津市八幡町,2580,178.1,47.9,1500,—,—,,不明,接道・区分情報なし、詳細/役場で要確認,,2026-06-17,,https://suumo.jp/tochi/shizuoka/sc_numazu/nc_20783176/,不適合
SUUMO 土地 沼津市,沼津市,更地,土地カテゴリ（建物表記なし）,静岡県沼津市若葉町,2580,219.8,38.8,1500,—,—,,不明,接道・区分情報なし、詳細/役場で要確認,,2026-06-17,,https://suumo.jp/tochi/shizuoka/sc_numazu/nc_78950817/,不適合
SUUMO 土地 沼津市,沼津市,更地,土地カテゴリ（建物表記なし）,静岡県沼津市玉江町,2800,513.0,18.0,1500,—,—,,不明,接道・区分情報なし、詳細/役場で要確認,,2026-06-17,,https://suumo.jp/tochi/shizuoka/sc_numazu/nc_77154534/,不適合
SUUMO 土地 沼津市,沼津市,更地,土地カテゴリ（建物表記なし）,静岡県沼津市東原,2800,1543.0,6.0,1500,—,—,,不明,接道・区分情報なし、詳細/役場で要確認,,2026-06-17,,https://suumo.jp/tochi/shizuoka/sc_numazu/nc_79106776/,不適合
SUUMO 土地 沼津市,沼津市,更地,土地カテゴリ（建物表記なし）,静岡県沼津市上香貫二瀬川町,2900,327.1,29.3,1500,—,—,,不明,接道・区分情報なし、詳細/役場で要確認,,2026-07-02,,https://suumo.jp/tochi/shizuoka/sc_numazu/nc_21194907/,不適合
SUUMO 土地 沼津市,沼津市,更地,土地カテゴリ（建物表記なし）,静岡県沼津市大岡,3000,286.0,34.7,1500,—,—,,不明,接道・区分情報なし、詳細/役場で要確認,,2026-07-23,,https://suumo.jp/tochi/shizuoka/sc_numazu/nc_21346627/,不適合
SUUMO 土地 沼津市,沼津市,古家付き土地,土地＋古家/上物の表記,静岡県沼津市市場町,4000,267.7,49.4,1500,—,—,,不明,接道・区分情報なし。建物ありだが現行法での再建築可否は役場で要確認,,2026-07-07,,https://suumo.jp/tochi/shizuoka/sc_numazu/nc_21236075/,不適合
SUUMO 土地 沼津市,沼津市,更地,土地カテゴリ（建物表記なし）,静岡県沼津市下河原町２,4100,522.5,25.9,1500,—,—,,不明,接道・区分情報なし、詳細/役場で要確認,,2026-06-17,,https://suumo.jp/tochi/shizuoka/sc_numazu/nc_20113441/,不適合
SUUMO 土地 沼津市,沼津市,更地,土地カテゴリ（建物表記なし）,静岡県沼津市大岡,6000,765.3,25.9,1500,—,—,,不明,接道・区分情報なし、詳細/役場で要確認,,2026-06-17,,https://suumo.jp/tochi/shizuoka/sc_numazu/nc_20467040/,不適合
SUUMO 土地 沼津市,沼津市,更地,土地カテゴリ（建物表記なし）,静岡県沼津市大岡,6400,1065.0,19.9,1500,—,—,,不明,接道・区分情報なし、詳細/役場で要確認,,2026-06-17,,https://suumo.jp/tochi/shizuoka/sc_numazu/nc_78887700/,不適合
SUUMO 土地 沼津市,沼津市,更地,土地カテゴリ（建物表記なし）,静岡県沼津市下香貫前原,7180,1186.8,20.0,1500,—,—,,不明,接道・区分情報なし、詳細/役場で要確認,,2026-06-17,,https://suumo.jp/tochi/shizuoka/sc_numazu/nc_20069804/,不適合
SUUMO 土地 沼津市,沼津市,更地,土地カテゴリ（建物表記なし）,静岡県沼津市西椎路,8200,1358.1,20.0,1500,—,—,,不明,接道・区分情報なし、詳細/役場で要確認,,2026-06-17,,https://suumo.jp/tochi/shizuoka/sc_numazu/nc_20261321/,不適合
SUUMO 土地 沼津市,沼津市,更地,土地カテゴリ（建物表記なし）,静岡県沼津市東熊堂,11500,671.5,56.6,1500,—,—,,不明,接道・区分情報なし、詳細/役場で要確認,,2026-06-17,,https://suumo.jp/tochi/shizuoka/sc_numazu/nc_20069822/,不適合
LIFULL 土地 三島市,三島市,更地,土地カテゴリ（建物表記なし）,三島市幸原町,3220,136.5,78.0,1500,—,—,,不明,接道・区分情報なし、詳細/役場で要確認,,2026-06-19,,https://www.homes.co.jp/tochi/b-17083750000037/,不適合
LIFULL 土地 三島市,三島市,更地,土地カテゴリ（建物表記なし）,三島市大場分譲地,1880,173.2,35.9,1500,—,—,,不明,接道・区分情報なし、詳細/役場で要確認,,2026-07-21,,https://www.homes.co.jp/tochi/b-17069030000019/,不適合
LIFULL 土地 三島市,三島市,更地,土地カテゴリ（建物表記なし）,三島市谷田分譲地 4区画,1570,212.6,24.4,1500,田,—,,不明,接道・区分情報なし、詳細/役場で要確認,,2026-07-21,,https://www.homes.co.jp/tochi/b-17069030000013/,不適合
LIFULL 土地 三島市,三島市,更地,土地カテゴリ（建物表記なし）,三島市谷田 (三島駅),1500,,,1500,田,—,,不明,接道・区分情報なし、詳細/役場で要確認,,2026-07-23,,https://www.homes.co.jp/tochi/b-33329470000014/,数値不明
LIFULL 土地 三島市,三島市,古家付き土地,土地＋古家/上物の表記,三島市竹倉 (三島二日町駅),2700,,,1500,—,—,,不明,接道・区分情報なし。建物ありだが現行法での再建築可否は役場で要確認,,2026-07-23,,https://www.homes.co.jp/tochi/b-33329470000041/,数値不明
LIFULL 土地 三島市,三島市,更地,土地カテゴリ（建物表記なし）,三島市松本 (三島二日町駅),1880,,,1500,—,—,,不明,接道・区分情報なし、詳細/役場で要確認,,2026-07-23,,https://www.homes.co.jp/tochi/b-33328200001116/,数値不明
LIFULL 土地 三島市,三島市,更地,土地カテゴリ（建物表記なし）,三島市泉町 (三島広小路駅),5180,,,1500,—,—,,不明,接道・区分情報なし、詳細/役場で要確認,,2026-07-23,,https://www.homes.co.jp/tochi/b-33328200001064/,数値不明
LIFULL 土地 三島市,三島市,更地,土地カテゴリ（建物表記なし）,三島市谷田 (三島二日町駅),5500,,,1500,田,—,,不明,接道・区分情報なし、詳細/役場で要確認,,2026-07-20,,https://www.homes.co.jp/tochi/b-33317490000156/,数値不明
LIFULL 土地 三島市,三島市,更地,土地カテゴリ（建物表記なし）,三島市谷田 (三島二日町駅),1560,,,1500,田,—,,不明,接道・区分情報なし、詳細/役場で要確認,,2026-07-23,,https://www.homes.co.jp/tochi/b-33326400000196/,数値不明
LIFULL 土地 三島市,三島市,古家付き土地,土地＋古家/上物の表記,三島市谷田 (三島二日町駅),2500,,,1500,田,—,,不明,接道・区分情報なし。建物ありだが現行法での再建築可否は役場で要確認,,2026-07-23,,https://www.homes.co.jp/tochi/b-33332300000037/,数値不明
LIFULL 土地 三島市,三島市,更地,土地カテゴリ（建物表記なし）,三島市富士ビレッジ (三島駅),1180,,,1500,—,—,,不明,接道・区分情報なし、詳細/役場で要確認,,2026-07-23,,https://www.homes.co.jp/tochi/b-33326400000195/,数値不明
LIFULL 土地 三島市,三島市,更地,土地カテゴリ（建物表記なし）,三島市大場 (大場駅),1990,,,1500,—,—,,不明,接道・区分情報なし、詳細/役場で要確認,,2026-07-23,,https://www.homes.co.jp/tochi/b-33304960000029/,数値不明
LIFULL 土地 三島市,三島市,更地,土地カテゴリ（建物表記なし）,三島市大場 (大場駅),2080,,,1500,—,—,,不明,接道・区分情報なし、詳細/役場で要確認,,2026-07-23,,https://www.homes.co.jp/tochi/b-33304960000030/,数値不明
LIFULL 土地 三島市,三島市,更地,土地カテゴリ（建物表記なし）,三島市谷田 (三島二日町駅),1580,,,1500,田,—,,不明,接道・区分情報なし、詳細/役場で要確認,,2026-07-20,,https://www.homes.co.jp/tochi/b-33307660000198/,数値不明
LIFULL 土地 三島市,三島市,更地,土地カテゴリ（建物表記なし）,三島市大場 (大場駅),2180,,,1500,—,—,,不明,接道・区分情報なし、詳細/役場で要確認,,2026-07-23,,https://www.homes.co.jp/tochi/b-33304960000031/,数値不明
LIFULL 土地 三島市,三島市,更地,土地カテゴリ（建物表記なし）,三島市徳倉 (三島駅),300,,,1500,—,—,,不明,接道・区分情報なし、詳細/役場で要確認,,2026-07-17,,https://www.homes.co.jp/tochi/b-33329440000030/,数値不明
LIFULL 土地 三島市,三島市,更地,土地カテゴリ（建物表記なし）,三島市谷田 (三島二日町駅),1580,,,1500,宅地,—,,不明,接道・区分情報なし、詳細/役場で要確認,,2026-07-23,,https://www.homes.co.jp/tochi/b-33329440000028/,数値不明
LIFULL 土地 三島市,三島市,更地,土地カテゴリ（建物表記なし）,三島市萩 (長泉なめり駅),1680,,,1500,—,—,,不明,接道・区分情報なし、詳細/役場で要確認,,2026-07-23,,https://www.homes.co.jp/tochi/b-1529140000725/,数値不明
LIFULL 土地 三島市,三島市,更地,土地カテゴリ（建物表記なし）,三島市谷田 (三島駅),1530,,,1500,田,—,,不明,接道・区分情報なし、詳細/役場で要確認,,2026-07-23,,https://www.homes.co.jp/tochi/b-33301270000105/,数値不明
LIFULL 土地 三島市,三島市,更地,土地カテゴリ（建物表記なし）,三島市大場 (大場駅),100,,,1500,—,—,,不明,接道・区分情報なし、詳細/役場で要確認,,2026-07-23,,https://www.homes.co.jp/tochi/b-33333670000006/,数値不明
LIFULL 土地 三島市,三島市,更地,土地カテゴリ（建物表記なし）,三島市谷田 (三島二日町駅),998,,,1500,田,—,,不明,接道・区分情報なし、詳細/役場で要確認,,2026-07-23,,https://www.homes.co.jp/tochi/b-1569320000001/,数値不明
LIFULL 土地 三島市,三島市,古家付き土地,土地＋古家/上物の表記,三島市徳倉3丁目 (三島駅),780,,,1500,—,—,,不明,接道・区分情報なし。建物ありだが現行法での再建築可否は役場で要確認,,2026-07-23,,https://www.homes.co.jp/tochi/b-33301270000098/,数値不明
LIFULL 土地 三島市,三島市,更地,土地カテゴリ（建物表記なし）,三島市谷田 (三島二日町駅),480,,,1500,田,—,,不明,接道・区分情報なし、詳細/役場で要確認,,2026-07-20,,https://www.homes.co.jp/tochi/b-33333810000599/,数値不明
LIFULL 土地 三島市,三島市,更地,土地カテゴリ（建物表記なし）,三島市徳倉4丁目 (三島駅),780,,,1500,宅地,—,,不明,接道・区分情報なし、詳細/役場で要確認,,2026-07-17,,https://www.homes.co.jp/tochi/b-33300310000008/,数値不明
LIFULL 土地 三島市,三島市,更地,土地カテゴリ（建物表記なし）,三島市谷田 (三島駅),3500,,,1500,田,—,,不明,接道・区分情報なし、詳細/役場で要確認,,2026-07-23,,https://www.homes.co.jp/tochi/b-33316480000092/,数値不明
LIFULL 土地 三島市,三島市,古家付き土地,土地＋古家/上物の表記,三島市谷田 (三島二日町駅),400,,,1500,田,—,,不明,接道・区分情報なし。建物ありだが現行法での再建築可否は役場で要確認,,2026-07-24,,https://www.homes.co.jp/tochi/b-33309130000090/,数値不明
LIFULL 土地 三島市,三島市,更地,土地カテゴリ（建物表記なし）,三島市若松町 (三島駅),880,,,1500,—,—,,不明,接道・区分情報なし、詳細/役場で要確認,,2026-07-24,,https://www.homes.co.jp/tochi/b-33309130000091/,数値不明
LIFULL 土地 三島市,三島市,古家付き土地,土地＋古家/上物の表記,三島市東本町1丁目 (三島田町駅),4980,,,1500,田,—,,不明,接道・区分情報なし。建物ありだが現行法での再建築可否は役場で要確認,,2026-07-24,,https://www.homes.co.jp/tochi/b-33309130000094/,数値不明
LIFULL 土地 三島市,三島市,古家付き土地,土地＋古家/上物の表記,三島市中 (三島二日町駅),450,,,1500,—,—,,不明,接道・区分情報なし。建物ありだが現行法での再建築可否は役場で要確認,,2026-07-24,,https://www.homes.co.jp/tochi/b-33309130000095/,数値不明
LIFULL 土地 三島市,三島市,更地,土地カテゴリ（建物表記なし）,三島市東大場2丁目 (大場駅),1980,,,1500,—,—,,不明,接道・区分情報なし、詳細/役場で要確認,,2026-07-24,NG:東大場,https://www.homes.co.jp/tochi/b-33327580000004/,数値不明
空き家バンクしずおか 伊豆の国市,伊豆の国市,更地,土地カテゴリ（建物表記なし）,伊豆の国市長崎350-8,1180,201.5,19.4,1500,田,市街化調整区域,,△,市街化調整区域は原則新築不可・許可要件次第＝本命候補,,2026-06-14,関心:調整区域/無指定,https://akiya-bank.shizuoka.fudohsan.jp/%E7%89%A9%E4%BB%B6/132918/settle/1,不適合
空き家バンクしずおか 伊豆の国市,伊豆の国市,更地,土地カテゴリ（建物表記なし）,伊豆の国市長崎350-6,1150,201.0,18.9,1500,田,市街化調整区域,,△,市街化調整区域は原則新築不可・許可要件次第＝本命候補,,2026-06-14,関心:調整区域/無指定,https://akiya-bank.shizuoka.fudohsan.jp/%E7%89%A9%E4%BB%B6/132916/settle/1,不適合
空き家バンクしずおか 伊豆の国市,伊豆の国市,更地,土地カテゴリ（建物表記なし）,伊豆の国市長崎350-4,1380,205.0,22.3,1500,田,市街化調整区域,,△,市街化調整区域は原則新築不可・許可要件次第＝本命候補,,2026-06-14,関心:調整区域/無指定,https://akiya-bank.shizuoka.fudohsan.jp/%E7%89%A9%E4%BB%B6/132911/settle/1,不適合
空き家バンクしずおか 伊豆の国市,伊豆の国市,古家付き土地,土地＋古家/上物の表記,伊豆の国市天野,1080,363.0,9.8,1500,田,市街化調整区域,,△,調整区域の建替えは既存宅地要件等の確認が必要＝本命候補,,2026-07-23,関心:調整区域/無指定,https://akiya-bank.shizuoka.fudohsan.jp/%E7%89%A9%E4%BB%B6/175551/settle/1,適合
空き家バンクしずおか 伊豆の国市,伊豆の国市,更地,土地カテゴリ（建物表記なし）,伊豆の国市古奈,2480,355.6,23.1,1500,田,市街化区域,,△,市街化区域だが接道幅員が不明。新築可否は接道要確認,,2026-06-14,注意:温泉,https://akiya-bank.shizuoka.fudohsan.jp/%E7%89%A9%E4%BB%B6/156379/settle/1,不適合
空き家バンクしずおか 伊豆の国市,伊豆の国市,更地,土地カテゴリ（建物表記なし）,伊豆の国市古奈347-1,1866,247.7,24.9,1500,田,市街化区域,,△,市街化区域だが接道幅員が不明。新築可否は接道要確認,,2026-07-21,,https://akiya-bank.shizuoka.fudohsan.jp/%E7%89%A9%E4%BB%B6/175245/settle/1,不適合
空き家バンクしずおか 伊豆の国市,伊豆の国市,空き家,掲載に空き家表記,伊豆の国市長岡,1080,79.2,45.1,3000,田,—,,不明,接道・区分情報なし。建物ありだが現行法での再建築可否は役場で要確認,,2026-07-21,注意:管理費,https://akiya-bank.shizuoka.fudohsan.jp/%E7%89%A9%E4%BB%B6/175494/settle/1,不適合
空き家バンクしずおか 伊豆の国市,伊豆の国市,中古戸建,中古戸建/住宅カテゴリ,伊豆の国市奈古谷,580,358.0,5.4,3000,田,市街化区域,,不明,接道・区分情報なし。建物ありだが現行法での再建築可否は役場で要確認,,2026-06-14,関心:無指定 注意:別荘地,https://akiya-bank.shizuoka.fudohsan.jp/%E7%89%A9%E4%BB%B6/165205/settle/1,適合
空き家バンクしずおか 伊豆の国市,伊豆の国市,更地,土地カテゴリ（建物表記なし）,伊豆の国市三福,250,137.2,6.0,1500,宅地,市街化区域,,△,市街化区域だが接道幅員が不明。新築可否は接道要確認,,2026-06-14,,https://akiya-bank.shizuoka.fudohsan.jp/%E7%89%A9%E4%BB%B6/157921/settle/1,不適合
空き家バンクしずおか 伊豆の国市,伊豆の国市,更地,土地カテゴリ（建物表記なし）,伊豆の国市原木,980,165.1,19.6,1500,田,市街化区域,,△,市街化区域だが接道幅員が不明。新築可否は接道要確認,,2026-06-14,,https://akiya-bank.shizuoka.fudohsan.jp/%E7%89%A9%E4%BB%B6/173222/settle/1,不適合
空き家バンクしずおか 伊豆の国市,伊豆の国市,中古戸建,中古戸建/住宅カテゴリ,伊豆の国市奈古谷,1830,102.8,58.8,3000,田,—,,不明,接道・区分情報なし。建物ありだが現行法での再建築可否は役場で要確認,,2026-06-14,関心:無指定 注意:管理費,https://akiya-bank.shizuoka.fudohsan.jp/%E7%89%A9%E4%BB%B6/164972/settle/1,不適合
空き家バンクしずおか 伊豆の国市,伊豆の国市,古家付き土地,土地＋古家/上物の表記,伊豆の国市奈古谷,780,381.0,6.8,1500,田,市街化区域,,不明,接道・区分情報なし。建物ありだが現行法での再建築可否は役場で要確認,,2026-06-14,関心:無指定 注意:別荘地,https://akiya-bank.shizuoka.fudohsan.jp/%E7%89%A9%E4%BB%B6/171443/settle/1,適合
空き家バンクしずおか 伊豆の国市,伊豆の国市,空き家,掲載に空き家表記,伊豆の国市南條,980,63.3,51.2,3000,田,市街化区域,,不明,接道・区分情報なし。建物ありだが現行法での再建築可否は役場で要確認,,2026-07-13,,https://akiya-bank.shizuoka.fudohsan.jp/%E7%89%A9%E4%BB%B6/175226/settle/1,不適合
空き家バンクしずおか 伊豆の国市,伊豆の国市,更地,土地カテゴリ（建物表記なし）,伊豆の国市奈古谷小松ケ原2227-215,100,1032.0,0.3,1500,田,市街化調整区域,,△,市街化調整区域は原則新築不可・許可要件次第＝本命候補,,2026-06-14,関心:調整区域/無指定 注意:別荘地,https://akiya-bank.shizuoka.fudohsan.jp/%E7%89%A9%E4%BB%B6/111173/settle/1,適合
空き家バンクしずおか 伊豆の国市,伊豆の国市,更地,土地カテゴリ（建物表記なし）,伊豆の国市古奈221-2,3750,292.8,42.3,1500,田,市街化区域,,△,市街化区域だが接道幅員が不明。新築可否は接道要確認,,2026-06-14,,https://akiya-bank.shizuoka.fudohsan.jp/%E7%89%A9%E4%BB%B6/133411/settle/1,不適合
空き家バンクしずおか 伊豆の国市,伊豆の国市,更地,土地カテゴリ（建物表記なし）,伊豆の国市大仁858-2,1480,310.9,15.7,1500,田,市街化調整区域,,△,市街化調整区域は原則新築不可・許可要件次第＝本命候補,,2026-06-14,関心:調整区域/無指定,https://akiya-bank.shizuoka.fudohsan.jp/%E7%89%A9%E4%BB%B6/165628/settle/1,不適合
空き家バンクしずおか 伊豆の国市,伊豆の国市,空き家,掲載に空き家表記,伊豆の国市大仁,1980,404.0,16.2,3000,田,市街化区域,,不明,接道・区分情報なし。建物ありだが現行法での再建築可否は役場で要確認,,2026-06-14,,https://akiya-bank.shizuoka.fudohsan.jp/%E7%89%A9%E4%BB%B6/169525/settle/1,適合
空き家バンクしずおか 伊豆の国市,伊豆の国市,更地,土地カテゴリ（建物表記なし）,伊豆の国市奈古谷,1350,416.0,10.7,1500,田,市街化区域,,△,市街化区域だが接道幅員が不明。新築可否は接道要確認,,2026-06-14,関心:無指定,https://akiya-bank.shizuoka.fudohsan.jp/%E7%89%A9%E4%BB%B6/159577/settle/1,適合
空き家バンクしずおか 伊豆の国市,伊豆の国市,古家付き土地,土地＋古家/上物の表記,伊豆の国市南江間1930番38,750,199.1,12.5,1500,田,市街化調整区域,,△,調整区域の建替えは既存宅地要件等の確認が必要＝本命候補,,2026-06-14,関心:調整区域/無指定,https://akiya-bank.shizuoka.fudohsan.jp/%E7%89%A9%E4%BB%B6/165994/settle/1,不適合
空き家バンクしずおか 伊豆の国市,伊豆の国市,空き家,掲載に空き家表記,伊豆の国市長岡,2380,130.6,60.2,3000,田,—,,不明,接道・区分情報なし。建物ありだが現行法での再建築可否は役場で要確認,,2026-06-14,注意:管理費,https://akiya-bank.shizuoka.fudohsan.jp/%E7%89%A9%E4%BB%B6/170946/settle/1,不適合
空き家バンクしずおか 伊豆の国市,伊豆の国市,更地,土地カテゴリ（建物表記なし）,伊豆の国市原木38-1,1390,270.0,17.0,1500,田,市街化区域,,△,市街化区域だが接道幅員が不明。新築可否は接道要確認,,2026-06-14,,https://akiya-bank.shizuoka.fudohsan.jp/%E7%89%A9%E4%BB%B6/139291/settle/1,不適合
空き家バンクしずおか 伊豆の国市,伊豆の国市,中古戸建,中古戸建/住宅カテゴリ,伊豆の国市奈古谷,1380,225.1,20.3,3000,田,市街化区域,,不明,接道・区分情報なし。建物ありだが現行法での再建築可否は役場で要確認,,2026-06-14,関心:無指定 注意:別荘地,https://akiya-bank.shizuoka.fudohsan.jp/%E7%89%A9%E4%BB%B6/164344/settle/1,不適合
空き家バンクしずおか 伊豆の国市,伊豆の国市,更地,土地カテゴリ（建物表記なし）,伊豆の国市小坂,1180,257.9,15.1,1500,田,市街化調整区域,,△,市街化調整区域は原則新築不可・許可要件次第＝本命候補,,2026-06-14,関心:調整区域/無指定,https://akiya-bank.shizuoka.fudohsan.jp/%E7%89%A9%E4%BB%B6/163787/settle/1,不適合
空き家バンクしずおか 伊豆の国市,伊豆の国市,更地,土地カテゴリ（建物表記なし）,伊豆の国市長岡,1480,343.6,14.2,1500,田,市街化区域,,△,市街化区域だが接道幅員が不明。新築可否は接道要確認,,2026-06-14,,https://akiya-bank.shizuoka.fudohsan.jp/%E7%89%A9%E4%BB%B6/97610/settle/1,適合
空き家バンクしずおか 伊豆の国市,伊豆の国市,空き家,掲載に空き家表記,伊豆の国市長岡1334-4,288,43.0,22.1,3000,田,—,,不明,接道・区分情報なし。建物ありだが現行法での再建築可否は役場で要確認,,2026-06-14,注意:管理費,https://akiya-bank.shizuoka.fudohsan.jp/%E7%89%A9%E4%BB%B6/152585/settle/1,不適合
空き家バンクしずおか 伊豆の国市,伊豆の国市,更地,土地カテゴリ（建物表記なし）,伊豆の国市四日町1005-1,1300,190.1,22.6,1500,宅地,市街化区域,,△,市街化区域だが接道幅員が不明。新築可否は接道要確認,,2026-06-14,,https://akiya-bank.shizuoka.fudohsan.jp/%E7%89%A9%E4%BB%B6/143272/settle/1,不適合
空き家バンクしずおか 伊豆の国市,伊豆の国市,更地,土地カテゴリ（建物表記なし）,伊豆の国市奈古谷エメラルドタウン,1180,245.8,15.9,1500,田,市街化調整区域,,△,市街化調整区域は原則新築不可・許可要件次第＝本命候補,,2026-06-14,関心:調整区域/無指定 NG:エメラルドタウン,https://akiya-bank.shizuoka.fudohsan.jp/%E7%89%A9%E4%BB%B6/173766/settle/1,不適合
空き家バンクしずおか 伊豆の国市,伊豆の国市,更地,土地カテゴリ（建物表記なし）,伊豆の国市長崎350-7,1150,226.3,16.8,1500,田,市街化調整区域,,△,市街化調整区域は原則新築不可・許可要件次第＝本命候補,,2026-06-14,関心:調整区域/無指定,https://akiya-bank.shizuoka.fudohsan.jp/%E7%89%A9%E4%BB%B6/138640/settle/1,不適合
空き家バンクしずおか 伊豆の国市,伊豆の国市,更地,土地カテゴリ（建物表記なし）,伊豆の国市奈古谷小松ケ原2228-200,680,337.0,6.7,1500,畑,市街化調整区域,,△,市街化調整区域は原則新築不可・許可要件次第＝本命候補,,2026-06-14,関心:調整区域/無指定,https://akiya-bank.shizuoka.fudohsan.jp/%E7%89%A9%E4%BB%B6/111154/settle/1,適合
空き家バンクしずおか 伊豆の国市,伊豆の国市,更地,土地カテゴリ（建物表記なし）,伊豆の国市小坂,1180,257.9,15.1,1500,田,市街化調整区域,,△,市街化調整区域は原則新築不可・許可要件次第＝本命候補,,2026-06-14,関心:調整区域/無指定,https://akiya-bank.shizuoka.fudohsan.jp/%E7%89%A9%E4%BB%B6/154670/settle/1,不適合
空き家バンクしずおか 伊豆の国市,伊豆の国市,古家付き土地,土地＋古家/上物の表記,伊豆の国市田京,300,257.2,3.9,1500,田,市街化調整区域,,△,調整区域の建替えは既存宅地要件等の確認が必要＝本命候補,,2026-06-14,関心:調整区域/無指定,https://akiya-bank.shizuoka.fudohsan.jp/%E7%89%A9%E4%BB%B6/163205/settle/1,不適合
空き家バンクしずおか 伊豆の国市,伊豆の国市,更地,土地カテゴリ（建物表記なし）,伊豆の国市韮山山木1225-127,900,287.0,10.4,1500,田,市街化区域,,△,市街化区域だが接道幅員が不明。新築可否は接道要確認,,2026-06-14,関心:無指定,https://akiya-bank.shizuoka.fudohsan.jp/%E7%89%A9%E4%BB%B6/155384/settle/1,不適合
空き家バンクしずおか 伊豆の国市,伊豆の国市,更地,土地カテゴリ（建物表記なし）,伊豆の国市奈古谷2227-107,80,495.0,0.5,1500,田,市街化調整区域,,△,市街化調整区域は原則新築不可・許可要件次第＝本命候補,,2026-06-14,関心:調整区域/無指定,https://akiya-bank.shizuoka.fudohsan.jp/%E7%89%A9%E4%BB%B6/144639/settle/1,適合
空き家バンクしずおか 伊豆の国市,伊豆の国市,空き家,掲載に空き家表記,伊豆の国市長岡1334-4,450,64.7,23.0,3000,田,—,,不明,接道・区分情報なし。建物ありだが現行法での再建築可否は役場で要確認,,2026-06-14,注意:管理費,https://akiya-bank.shizuoka.fudohsan.jp/%E7%89%A9%E4%BB%B6/131233/settle/1,不適合
空き家バンクしずおか 伊豆の国市,伊豆の国市,空き家,掲載に空き家表記,伊豆の国市大仁,3200,160.6,65.9,3000,田,市街化区域,,不明,接道・区分情報なし。建物ありだが現行法での再建築可否は役場で要確認,,2026-06-14,,https://akiya-bank.shizuoka.fudohsan.jp/%E7%89%A9%E4%BB%B6/138202/settle/1,不適合
空き家バンクしずおか 伊豆の国市,伊豆の国市,空き家,掲載に空き家表記,伊豆の国市三福,250,137.2,6.0,3000,田,市街化区域,,不明,接道・区分情報なし。建物ありだが現行法での再建築可否は役場で要確認,,2026-06-14,,https://akiya-bank.shizuoka.fudohsan.jp/%E7%89%A9%E4%BB%B6/165654/settle/1,不適合
空き家バンクしずおか 伊豆の国市,伊豆の国市,古家付き土地,土地＋古家/上物の表記,伊豆の国市韮山金谷,1350,1941.6,2.3,1500,田,市街化調整区域,,△,調整区域の建替えは既存宅地要件等の確認が必要＝本命候補,,2026-06-14,関心:調整区域/無指定,https://akiya-bank.shizuoka.fudohsan.jp/%E7%89%A9%E4%BB%B6/172719/settle/1,適合
空き家バンクしずおか 伊豆の国市,伊豆の国市,空き家,掲載に空き家表記,伊豆の国市立花３丁目,75,57.7,4.3,3000,田,—,,不明,接道・区分情報なし。建物ありだが現行法での再建築可否は役場で要確認,,2026-06-14,関心:無指定 注意:管理費,https://akiya-bank.shizuoka.fudohsan.jp/%E7%89%A9%E4%BB%B6/161234/settle/1,不適合
空き家バンクしずおか 伊豆の国市,伊豆の国市,更地,土地カテゴリ（建物表記なし）,伊豆の国市天野,2200,393.0,18.5,1500,田,市街化区域,,△,市街化区域だが接道幅員が不明。新築可否は接道要確認,,2026-06-14,,https://akiya-bank.shizuoka.fudohsan.jp/%E7%89%A9%E4%BB%B6/166786/settle/1,不適合
家いちば 静岡県,函南町,更地,土地カテゴリ（建物表記なし）,静岡県函南町,222,,,1500,保安林,市街化調整区域,接道は長さ19. もっと見る,△,市街化調整区域は原則新築不可・許可要件次第＝本命候補,,2026-07-07,関心:市街化調整区域/調整区域 注意:別荘地/温泉,https://www.ieichiba.com/project/P202500691%E5%87%BD%E5%8D%97%E7%94%BA%E5%B9%B3%E4%BA%95A2,数値不明
家いちば 静岡県,伊豆の国市,更地,土地カテゴリ（建物表記なし）,静岡県伊豆の国市,2680,,,1500,—,—,,不明,接道・区分情報なし、詳細/役場で要確認,,2026-06-22,注意:別荘地,https://www.ieichiba.com/project/P202600509%E4%BC%8A%E8%B1%86%E3%81%AE%E5%9B%BD%E5%A5%88%E5%8F%A4%E8%B0%B7K,数値不明
家っち(新日本住建販売) 伊豆の国市 土地一覧,伊豆の国市,更地,土地カテゴリ（建物表記なし）,静岡県伊豆の国市長岡,1180,,,1500,—,—,,不明,接道・区分情報なし、詳細/役場で要確認,,2026-07-12,,https://www.snjhkk.com/s_r_59246/index.html,数値不明
家っち(新日本住建販売) 伊豆の国市 土地一覧,伊豆の国市,更地,土地カテゴリ（建物表記なし）,静岡県伊豆の国市長岡,1400,354.1,13.1,1500,—,—,,不明,接道・区分情報なし、詳細/役場で要確認,,2026-06-25,,https://www.snjhkk.com/s_r_59044/index.html,適合
家っち(新日本住建販売) 伊豆の国市 土地一覧,伊豆の国市,更地,土地カテゴリ（建物表記なし）,静岡県伊豆の国市北江間,800,3244.8,0.8,1500,宅地,—,,不明,接道・区分情報なし、詳細/役場で要確認,,2026-06-25,,https://www.snjhkk.com/s_r_58978/index.html,適合
家っち(新日本住建販売) 伊豆の国市 土地一覧,伊豆の国市,更地,土地カテゴリ（建物表記なし）,静岡県伊豆の国市原木,1500,173.3,28.6,1500,—,—,,不明,接道・区分情報なし、詳細/役場で要確認,,2026-06-25,,https://www.snjhkk.com/s_r_58976/index.html,不適合
家っち(新日本住建販売) 伊豆の国市 土地一覧,伊豆の国市,更地,土地カテゴリ（建物表記なし）,静岡県伊豆の国市吉田,1750,422.4,13.7,1500,田,—,,不明,接道・区分情報なし、詳細/役場で要確認,,2026-06-25,,https://www.snjhkk.com/s_r_58887/index.html,不適合
家っち(新日本住建販売) 伊豆の国市 土地一覧,伊豆の国市,更地,土地カテゴリ（建物表記なし）,静岡県伊豆の国市原木,750,117.3,21.1,1500,—,—,,不明,接道・区分情報なし、詳細/役場で要確認,,2026-06-25,,https://www.snjhkk.com/s_r_58599/index.html,不適合
家っち(新日本住建販売) 伊豆の国市 土地一覧,伊豆の国市,更地,土地カテゴリ（建物表記なし）,静岡県伊豆の国市長崎,990,200.7,16.3,1500,—,—,,不明,接道・区分情報なし、詳細/役場で要確認,,2026-06-25,,https://www.snjhkk.com/s_r_58594/index.html,不適合
家っち(新日本住建販売) 伊豆の国市 土地一覧,伊豆の国市,更地,土地カテゴリ（建物表記なし）,静岡県伊豆の国市古奈,2380,396.0,19.9,1500,—,—,,不明,接道・区分情報なし、詳細/役場で要確認,,2026-06-25,,https://www.snjhkk.com/s_r_58513/index.html,不適合
家っち(新日本住建販売) 伊豆の国市 土地一覧,伊豆の国市,更地,土地カテゴリ（建物表記なし）,静岡県伊豆の国市寺家,1290,241.0,17.7,1500,—,—,,不明,接道・区分情報なし、詳細/役場で要確認,,2026-06-25,,https://www.snjhkk.com/s_r_58164/index.html,不適合
家っち(新日本住建販売) 伊豆の国市 土地一覧,伊豆の国市,更地,土地カテゴリ（建物表記なし）,静岡県伊豆の国市長岡,2380,,,1500,—,—,,不明,接道・区分情報なし、詳細/役場で要確認,,2026-06-25,注意:温泉,https://www.snjhkk.com/s_r_57996/index.html,数値不明
SUUMO 中古戸建 沼津市,沼津市,更地,土地カテゴリ（建物表記なし）,静岡県沼津市下香貫牛臥,1390,527.3,8.7,1500,—,—,,不明,接道・区分情報なし、詳細/役場で要確認,,2026-06-17,,https://suumo.jp/chukoikkodate/shizuoka/sc_numazu/nc_74785946/,適合
SUUMO 中古戸建 沼津市,沼津市,更地,土地カテゴリ（建物表記なし）,静岡県沼津市青野,1690,165.4,33.8,1500,—,—,,不明,接道・区分情報なし、詳細/役場で要確認,,2026-06-17,,https://suumo.jp/chukoikkodate/shizuoka/sc_numazu/nc_76004739/,不適合
SUUMO 中古戸建 沼津市,沼津市,中古戸建,中古戸建/住宅カテゴリ,静岡県沼津市西沢田,2280,154.2,48.9,3000,田,—,,不明,接道・区分情報なし。建物ありだが現行法での再建築可否は役場で要確認,,2026-06-17,,https://suumo.jp/chukoikkodate/shizuoka/sc_numazu/nc_21025967/,不適合
SUUMO 中古戸建 沼津市,沼津市,更地,土地カテゴリ（建物表記なし）,静岡県沼津市大岡,2349,163.6,47.5,1500,—,—,,不明,接道・区分情報なし、詳細/役場で要確認,,2026-07-20,,https://suumo.jp/chukoikkodate/shizuoka/sc_numazu/nc_21330181/,不適合
SUUMO 中古戸建 沼津市,沼津市,更地,土地カテゴリ（建物表記なし）,静岡県沼津市大岡,2480,143.9,57.0,1500,—,—,,不明,接道・区分情報なし、詳細/役場で要確認,,2026-06-22,,https://suumo.jp/chukoikkodate/shizuoka/sc_numazu/nc_21123638/,不適合
SUUMO 中古戸建 沼津市,沼津市,更地,土地カテゴリ（建物表記なし）,静岡県沼津市大岡,2980,165.7,59.5,1500,—,—,,不明,接道・区分情報なし、詳細/役場で要確認,,2026-06-17,,https://suumo.jp/chukoikkodate/shizuoka/sc_numazu/nc_79233619/,不適合
SUUMO 中古戸建 沼津市,沼津市,更地,土地カテゴリ（建物表記なし）,静岡県沼津市下香貫大久保,2998,477.1,20.8,1500,宅地,—,,不明,接道・区分情報なし、詳細/役場で要確認,,2026-07-12,,https://suumo.jp/chukoikkodate/shizuoka/sc_numazu/nc_21270759/,不適合
SUUMO 中古戸建 沼津市,沼津市,更地,土地カテゴリ（建物表記なし）,静岡県沼津市原,3080,172.8,58.9,1500,—,—,,不明,接道・区分情報なし、詳細/役場で要確認,,2026-06-17,,https://suumo.jp/chukoikkodate/shizuoka/sc_numazu/nc_79055873/,不適合
SUUMO 中古戸建 沼津市,沼津市,更地,土地カテゴリ（建物表記なし）,静岡県沼津市大岡,3298,320.6,34.0,1500,—,—,,不明,接道・区分情報なし、詳細/役場で要確認,,2026-06-17,,https://suumo.jp/chukoikkodate/shizuoka/sc_numazu/nc_78801413/,不適合
SUUMO 中古戸建 沼津市,沼津市,更地,土地カテゴリ（建物表記なし）,静岡県沼津市大岡,3390,150.6,74.4,1500,—,—,,不明,接道・区分情報なし、詳細/役場で要確認,,2026-06-17,,https://suumo.jp/chukoikkodate/shizuoka/sc_numazu/nc_20814738/,不適合
SUUMO 中古戸建 沼津市,沼津市,中古戸建,中古戸建/住宅カテゴリ,静岡県沼津市青野,3850,503.2,25.3,3000,—,—,,不明,接道・区分情報なし。建物ありだが現行法での再建築可否は役場で要確認,,2026-06-17,,https://suumo.jp/chukoikkodate/shizuoka/sc_numazu/nc_78483496/,不適合
SUUMO 中古戸建 沼津市,沼津市,更地,土地カテゴリ（建物表記なし）,静岡県沼津市原,5200,188.2,91.3,1500,—,—,,不明,接道・区分情報なし、詳細/役場で要確認,,2026-06-17,,https://suumo.jp/chukoikkodate/shizuoka/sc_numazu/nc_20340171/,不適合
SUUMO 中古戸建 沼津市,沼津市,中古戸建,中古戸建/住宅カテゴリ,静岡県沼津市大岡,2349,163.6,47.5,3000,—,—,,不明,接道・区分情報なし。建物ありだが現行法での再建築可否は役場で要確認,,2026-07-21,,https://suumo.jp/chukoikkodate/shizuoka/sc_numazu/nc_21333723/,不適合
SUUMO 中古戸建 沼津市,沼津市,更地,土地カテゴリ（建物表記なし）,静岡県沼津市三芳町,2380,154.0,51.1,1500,—,—,,不明,接道・区分情報なし、詳細/役場で要確認,,2026-06-17,,https://suumo.jp/chukoikkodate/shizuoka/sc_numazu/nc_20969942/,不適合
SUUMO 中古戸建 沼津市,沼津市,更地,土地カテゴリ（建物表記なし）,静岡県沼津市本郷町1787-10,2499,138.1,59.8,1500,—,—,,不明,接道・区分情報なし、詳細/役場で要確認,,2026-07-20,,https://suumo.jp/chukoikkodate/shizuoka/sc_numazu/nc_20830611/,不適合
SUUMO 中古戸建 沼津市,沼津市,更地,土地カテゴリ（建物表記なし）,静岡県沼津市戸田,2500,2142.1,3.9,1500,田,—,,不明,接道・区分情報なし、詳細/役場で要確認,,2026-06-17,,https://suumo.jp/chukoikkodate/shizuoka/sc_numazu/nc_20712495/,不適合
SUUMO 中古戸建 沼津市,沼津市,中古戸建,中古戸建/住宅カテゴリ,静岡県沼津市下香貫西村,4480,269.5,55.0,3000,—,—,,不明,接道・区分情報なし。建物ありだが現行法での再建築可否は役場で要確認,,2026-06-17,,https://suumo.jp/chukoikkodate/shizuoka/sc_numazu/nc_78936722/,不適合
SUUMO 中古戸建 沼津市,沼津市,更地,土地カテゴリ（建物表記なし）,静岡県沼津市戸田,300,116.3,8.5,1500,田,—,,不明,接道・区分情報なし、詳細/役場で要確認,,2026-06-17,,https://suumo.jp/chukoikkodate/shizuoka/sc_numazu/nc_75291028/,不適合
SUUMO 中古戸建 沼津市,沼津市,更地,土地カテゴリ（建物表記なし）,静岡県沼津市大諏訪主要地,350,184.4,6.3,1500,—,—,,×,掲載に再建築不可の表記（新規建築不可）,,2026-06-17,注意:再建築不可,https://suumo.jp/chukoikkodate/shizuoka/sc_numazu/nc_20980141/,不適合
SUUMO 中古戸建 沼津市,沼津市,更地,土地カテゴリ（建物表記なし）,静岡県沼津市戸田,400,67.3,19.6,1500,田,—,,不明,接道・区分情報なし、詳細/役場で要確認,,2026-06-28,,https://suumo.jp/chukoikkodate/shizuoka/sc_numazu/nc_21168729/,不適合
SUUMO 中古戸建 沼津市,沼津市,更地,土地カテゴリ（建物表記なし）,静岡県沼津市東椎路,650,88.4,24.3,1500,—,—,,不明,接道・区分情報なし、詳細/役場で要確認,,2026-06-17,,https://suumo.jp/chukoikkodate/shizuoka/sc_numazu/nc_75024361/,不適合
SUUMO 中古戸建 沼津市,沼津市,更地,土地カテゴリ（建物表記なし）,静岡県沼津市大諏訪,798,79.2,33.3,1500,—,—,,不明,接道・区分情報なし、詳細/役場で要確認,,2026-06-17,,https://suumo.jp/chukoikkodate/shizuoka/sc_numazu/nc_20205621/,不適合
SUUMO 中古戸建 沼津市,沼津市,更地,土地カテゴリ（建物表記なし）,静岡県沼津市我入道江川,890,111.7,26.3,1500,—,—,,不明,接道・区分情報なし、詳細/役場で要確認,,2026-06-17,,https://suumo.jp/chukoikkodate/shizuoka/sc_numazu/nc_78483194/,不適合
SUUMO 中古戸建 沼津市,沼津市,更地,土地カテゴリ（建物表記なし）,静岡県沼津市駿河台2-2,970,115.1,27.9,1500,—,—,,不明,接道・区分情報なし、詳細/役場で要確認,,2026-06-17,,https://suumo.jp/chukoikkodate/shizuoka/sc_numazu/nc_20529537/,不適合
SUUMO 中古戸建 沼津市,沼津市,更地,土地カテゴリ（建物表記なし）,静岡県沼津市大岡,980,90.1,36.0,1500,—,—,,不明,接道・区分情報なし、詳細/役場で要確認,,2026-06-23,,https://suumo.jp/chukoikkodate/shizuoka/sc_numazu/nc_21068413/,不適合
SUUMO 中古戸建 沼津市,沼津市,更地,土地カテゴリ（建物表記なし）,静岡県沼津市原,1140,139.8,27.0,1500,—,—,,不明,接道・区分情報なし、詳細/役場で要確認,,2026-06-17,,https://suumo.jp/chukoikkodate/shizuoka/sc_numazu/nc_20772933/,不適合
SUUMO 中古戸建 沼津市,沼津市,更地,土地カテゴリ（建物表記なし）,静岡県沼津市大平,1200,287.7,13.8,1500,—,—,,不明,接道・区分情報なし、詳細/役場で要確認,,2026-06-17,,https://suumo.jp/chukoikkodate/shizuoka/sc_numazu/nc_75057063/,不適合
SUUMO 中古戸建 沼津市,沼津市,更地,土地カテゴリ（建物表記なし）,静岡県沼津市青野,1200,175.3,22.6,1500,—,—,,不明,接道・区分情報なし、詳細/役場で要確認,,2026-06-17,,https://suumo.jp/chukoikkodate/shizuoka/sc_numazu/nc_20512805/,不適合
SUUMO 中古戸建 沼津市,沼津市,更地,土地カテゴリ（建物表記なし）,静岡県沼津市大岡1102-13,1200,148.5,26.7,1500,—,—,,不明,接道・区分情報なし、詳細/役場で要確認,,2026-06-17,,https://suumo.jp/chukoikkodate/shizuoka/sc_numazu/nc_77187020/,不適合
SUUMO 中古戸建 沼津市,沼津市,古家付き土地,土地＋古家/上物の表記,静岡県沼津市根古屋,1330,199.5,22.0,1500,—,—,,不明,接道・区分情報なし。建物ありだが現行法での再建築可否は役場で要確認,,2026-07-21,,https://suumo.jp/chukoikkodate/shizuoka/sc_numazu/nc_21014961/,不適合
SUUMO 中古戸建 沼津市,沼津市,更地,土地カテゴリ（建物表記なし）,静岡県沼津市東椎路,1340,166.9,26.5,1500,—,—,,不明,接道・区分情報なし、詳細/役場で要確認,,2026-06-17,,https://suumo.jp/chukoikkodate/shizuoka/sc_numazu/nc_76886749/,不適合
SUUMO 中古戸建 沼津市,沼津市,更地,土地カテゴリ（建物表記なし）,静岡県沼津市東椎路,1340,188.0,23.6,1500,—,—,,不明,接道・区分情報なし、詳細/役場で要確認,,2026-06-17,,https://suumo.jp/chukoikkodate/shizuoka/sc_numazu/nc_20050142/,不適合
SUUMO 中古戸建 沼津市,沼津市,更地,土地カテゴリ（建物表記なし）,静岡県沼津市植田,1350,213.4,20.9,1500,田,—,,不明,接道・区分情報なし、詳細/役場で要確認,,2026-07-17,,https://suumo.jp/chukoikkodate/shizuoka/sc_numazu/nc_21297839/,不適合
SUUMO 中古戸建 沼津市,沼津市,更地,土地カテゴリ（建物表記なし）,静岡県沼津市大岡2587-6,1399,149.4,31.0,1500,宅地,—,,不明,接道・区分情報なし、詳細/役場で要確認,,2026-06-17,,https://suumo.jp/chukoikkodate/shizuoka/sc_numazu/nc_20898482/,不適合
SUUMO 中古戸建 沼津市,沼津市,更地,土地カテゴリ（建物表記なし）,静岡県沼津市西間門２,1400,107.3,43.1,1500,—,—,,不明,接道・区分情報なし、詳細/役場で要確認,,2026-06-17,,https://suumo.jp/chukoikkodate/shizuoka/sc_numazu/nc_75599152/,不適合
SUUMO 中古戸建 沼津市,沼津市,更地,土地カテゴリ（建物表記なし）,静岡県沼津市下香貫木ノ宮,1410,114.1,40.9,1500,宅地,—,,不明,接道・区分情報なし、詳細/役場で要確認,,2026-06-17,,https://suumo.jp/chukoikkodate/shizuoka/sc_numazu/nc_78285519/,不適合
SUUMO 中古戸建 沼津市,沼津市,更地,土地カテゴリ（建物表記なし）,静岡県沼津市今沢,1450,156.1,30.7,1500,—,—,,不明,接道・区分情報なし、詳細/役場で要確認,,2026-06-17,,https://suumo.jp/chukoikkodate/shizuoka/sc_numazu/nc_77897215/,不適合
SUUMO 中古戸建 沼津市,沼津市,更地,土地カテゴリ（建物表記なし）,静岡県沼津市原町中２,1495,122.8,40.2,1500,—,—,,不明,接道・区分情報なし、詳細/役場で要確認,,2026-06-17,,https://suumo.jp/chukoikkodate/shizuoka/sc_numazu/nc_20462612/,不適合
SUUMO 中古戸建 沼津市,沼津市,更地,土地カテゴリ（建物表記なし）,静岡県沼津市原町中２,1495,122.8,40.2,1500,—,—,,不明,接道・区分情報なし、詳細/役場で要確認,,2026-07-06,,https://suumo.jp/chukoikkodate/shizuoka/sc_numazu/nc_78824770/,不適合
SUUMO 中古戸建 沼津市,沼津市,更地,土地カテゴリ（建物表記なし）,静岡県沼津市戸田,1500,291.8,17.0,1500,田,—,,不明,接道・区分情報なし、詳細/役場で要確認,,2026-06-17,,https://suumo.jp/chukoikkodate/shizuoka/sc_numazu/nc_77555825/,不適合
SUUMO 中古戸建 沼津市,沼津市,更地,土地カテゴリ（建物表記なし）,静岡県沼津市大平2277-20,1599,165.7,31.9,1500,—,—,,不明,接道・区分情報なし、詳細/役場で要確認,,2026-07-20,,https://suumo.jp/chukoikkodate/shizuoka/sc_numazu/nc_20837360/,不適合
SUUMO 中古戸建 沼津市,沼津市,更地,土地カテゴリ（建物表記なし）,静岡県沼津市東間門,1630,131.0,41.1,1500,—,—,,不明,接道・区分情報なし、詳細/役場で要確認,,2026-06-17,,https://suumo.jp/chukoikkodate/shizuoka/sc_numazu/nc_20720546/,不適合
SUUMO 中古戸建 沼津市,沼津市,更地,土地カテゴリ（建物表記なし）,静岡県沼津市下香貫牛臥,1630,257.0,21.0,1500,田,—,,不明,接道・区分情報なし、詳細/役場で要確認,,2026-06-17,,https://suumo.jp/chukoikkodate/shizuoka/sc_numazu/nc_79070479/,不適合
SUUMO 中古戸建 沼津市,沼津市,更地,土地カテゴリ（建物表記なし）,静岡県沼津市東椎路,1680,214.8,25.9,1500,—,—,,不明,接道・区分情報なし、詳細/役場で要確認,,2026-06-17,,https://suumo.jp/chukoikkodate/shizuoka/sc_numazu/nc_20822228/,不適合
SUUMO 中古戸建 沼津市,沼津市,更地,土地カテゴリ（建物表記なし）,静岡県沼津市東椎路,1680,214.8,25.9,1500,—,—,,不明,接道・区分情報なし、詳細/役場で要確認,,2026-06-17,,https://suumo.jp/chukoikkodate/shizuoka/sc_numazu/nc_21079412/,不適合
SUUMO 中古戸建 沼津市,沼津市,更地,土地カテゴリ（建物表記なし）,静岡県沼津市東椎路,1680,214.8,25.9,1500,—,—,,不明,接道・区分情報なし、詳細/役場で要確認,,2026-06-17,,https://suumo.jp/chukoikkodate/shizuoka/sc_numazu/nc_21078619/,不適合
SUUMO 中古戸建 沼津市,沼津市,更地,土地カテゴリ（建物表記なし）,静岡県沼津市岡宮,1680,156.6,35.5,1500,—,—,,不明,接道・区分情報なし、詳細/役場で要確認,,2026-07-07,,https://suumo.jp/chukoikkodate/shizuoka/sc_numazu/nc_21236968/,不適合
SUUMO 中古戸建 沼津市,沼津市,更地,土地カテゴリ（建物表記なし）,静岡県沼津市東原638-20,1699,162.0,34.7,1500,—,—,,不明,接道・区分情報なし、詳細/役場で要確認,,2026-06-17,,https://suumo.jp/chukoikkodate/shizuoka/sc_numazu/nc_20831135/,不適合
SUUMO 中古戸建 沼津市,沼津市,古家付き土地,土地＋古家/上物の表記,静岡県沼津市根古屋,1749,183.5,31.5,1500,—,—,,不明,接道・区分情報なし。建物ありだが現行法での再建築可否は役場で要確認,,2026-06-22,,https://suumo.jp/chukoikkodate/shizuoka/sc_numazu/nc_21122850/,不適合
SUUMO 中古戸建 沼津市,沼津市,更地,土地カテゴリ（建物表記なし）,静岡県沼津市江浦,1750,111.2,52.0,1500,—,—,,不明,接道・区分情報なし、詳細/役場で要確認,,2026-06-17,,https://suumo.jp/chukoikkodate/shizuoka/sc_numazu/nc_72024223/,不適合
SUUMO 中古戸建 沼津市,沼津市,更地,土地カテゴリ（建物表記なし）,静岡県沼津市大塚415-4,1799,147.2,40.4,1500,—,—,,不明,接道・区分情報なし、詳細/役場で要確認,,2026-06-17,,https://suumo.jp/chukoikkodate/shizuoka/sc_numazu/nc_20904647/,不適合
SUUMO 中古戸建 沼津市,沼津市,更地,土地カテゴリ（建物表記なし）,静岡県沼津市今沢,1800,205.6,28.9,1500,—,—,,不明,接道・区分情報なし、詳細/役場で要確認,,2026-06-17,,https://suumo.jp/chukoikkodate/shizuoka/sc_numazu/nc_76096839/,不適合
SUUMO 中古戸建 沼津市,沼津市,更地,土地カテゴリ（建物表記なし）,静岡県沼津市西椎路,1890,157.4,39.7,1500,田,—,,不明,接道・区分情報なし、詳細/役場で要確認,,2026-06-17,,https://suumo.jp/chukoikkodate/shizuoka/sc_numazu/nc_78435984/,不適合
SUUMO 中古戸建 沼津市,沼津市,更地,土地カテゴリ（建物表記なし）,静岡県沼津市西椎路,1890,157.4,39.7,1500,—,—,,不明,接道・区分情報なし、詳細/役場で要確認,,2026-06-17,,https://suumo.jp/chukoikkodate/shizuoka/sc_numazu/nc_79172006/,不適合
SUUMO 中古戸建 沼津市,沼津市,更地,土地カテゴリ（建物表記なし）,静岡県沼津市西椎路,1890,157.4,39.7,1500,—,—,,不明,接道・区分情報なし、詳細/役場で要確認,,2026-06-17,,https://suumo.jp/chukoikkodate/shizuoka/sc_numazu/nc_20121290/,不適合
SUUMO 中古戸建 沼津市,沼津市,更地,土地カテゴリ（建物表記なし）,静岡県沼津市西熊堂,1980,303.7,21.6,1500,—,—,,不明,接道・区分情報なし、詳細/役場で要確認,,2026-07-13,,https://suumo.jp/chukoikkodate/shizuoka/sc_numazu/nc_21276339/,不適合
SUUMO 中古戸建 沼津市,沼津市,更地,土地カテゴリ（建物表記なし）,静岡県沼津市大岡,1995,164.1,40.2,1500,—,—,,不明,接道・区分情報なし、詳細/役場で要確認,,2026-07-22,,https://suumo.jp/chukoikkodate/shizuoka/sc_numazu/nc_78883367/,不適合
SUUMO 中古戸建 沼津市,沼津市,更地,土地カテゴリ（建物表記なし）,静岡県沼津市岡一色,2080,153.9,44.7,1500,—,—,,不明,接道・区分情報なし、詳細/役場で要確認,,2026-07-02,,https://suumo.jp/chukoikkodate/shizuoka/sc_numazu/nc_20651577/,不適合
SUUMO 中古戸建 沼津市,沼津市,更地,土地カテゴリ（建物表記なし）,静岡県沼津市岡一色,2080,153.9,44.7,1500,—,—,,不明,接道・区分情報なし、詳細/役場で要確認,,2026-06-28,,https://suumo.jp/chukoikkodate/shizuoka/sc_numazu/nc_21081411/,不適合
SUUMO 中古戸建 沼津市,沼津市,更地,土地カテゴリ（建物表記なし）,静岡県沼津市大岡,2100,167.3,41.5,1500,—,—,,不明,接道・区分情報なし、詳細/役場で要確認,,2026-06-17,,https://suumo.jp/chukoikkodate/shizuoka/sc_numazu/nc_20069917/,不適合
SUUMO 中古戸建 沼津市,沼津市,更地,土地カテゴリ（建物表記なし）,静岡県沼津市青野,2150,179.1,39.7,1500,—,—,,不明,接道・区分情報なし、詳細/役場で要確認,,2026-06-17,,https://suumo.jp/chukoikkodate/shizuoka/sc_numazu/nc_78732420/,不適合
SUUMO 中古戸建 沼津市,沼津市,更地,土地カテゴリ（建物表記なし）,静岡県沼津市小林台,2280,132.3,57.0,1500,—,—,,不明,接道・区分情報なし、詳細/役場で要確認,,2026-06-17,,https://suumo.jp/chukoikkodate/shizuoka/sc_numazu/nc_20580116/,不適合
SUUMO 中古戸建 沼津市,沼津市,更地,土地カテゴリ（建物表記なし）,静岡県沼津市小林台,2280,132.3,57.0,1500,—,—,,不明,接道・区分情報なし、詳細/役場で要確認,,2026-06-17,,https://suumo.jp/chukoikkodate/shizuoka/sc_numazu/nc_20637819/,不適合
SUUMO 中古戸建 沼津市,沼津市,更地,土地カテゴリ（建物表記なし）,静岡県沼津市東椎路,2280,141.0,53.5,1500,—,—,,不明,接道・区分情報なし、詳細/役場で要確認,,2026-06-17,,https://suumo.jp/chukoikkodate/shizuoka/sc_numazu/nc_20507900/,不適合
SUUMO 中古戸建 沼津市,沼津市,更地,土地カテゴリ（建物表記なし）,静岡県沼津市大岡3559-58,2349,163.6,47.5,1500,—,—,,不明,接道・区分情報なし、詳細/役場で要確認,,2026-06-17,,https://suumo.jp/chukoikkodate/shizuoka/sc_numazu/nc_20898518/,不適合
SUUMO 中古戸建 沼津市,沼津市,中古戸建,中古戸建/住宅カテゴリ,静岡県沼津市大岡3559-58,2349,163.6,47.5,3000,—,—,,不明,接道・区分情報なし。建物ありだが現行法での再建築可否は役場で要確認,,2026-07-18,,https://suumo.jp/chukoikkodate/shizuoka/sc_numazu/nc_21313771/,不適合
SUUMO 中古戸建 沼津市,沼津市,更地,土地カテゴリ（建物表記なし）,静岡県沼津市大岡,2349,163.6,47.5,1500,—,—,,不明,接道・区分情報なし、詳細/役場で要確認,,2026-07-01,,https://suumo.jp/chukoikkodate/shizuoka/sc_numazu/nc_20937638/,不適合
SUUMO 中古戸建 沼津市,沼津市,更地,土地カテゴリ（建物表記なし）,静岡県沼津市大岡,2349,163.6,47.5,1500,—,—,,不明,接道・区分情報なし、詳細/役場で要確認,,2026-07-23,,https://suumo.jp/chukoikkodate/shizuoka/sc_numazu/nc_21347035/,不適合
SUUMO 中古戸建 沼津市,沼津市,更地,土地カテゴリ（建物表記なし）,静岡県沼津市我入道一本松町,2350,148.8,52.2,1500,—,—,,不明,接道・区分情報なし、詳細/役場で要確認,,2026-06-17,,https://suumo.jp/chukoikkodate/shizuoka/sc_numazu/nc_20627981/,不適合
SUUMO 中古戸建 沼津市,沼津市,更地,土地カテゴリ（建物表記なし）,静岡県沼津市原町中３-14-22,2379,211.0,37.3,1500,—,—,,不明,接道・区分情報なし、詳細/役場で要確認,,2026-06-17,,https://suumo.jp/chukoikkodate/shizuoka/sc_numazu/nc_20898491/,不適合
SUUMO 中古戸建 沼津市,沼津市,更地,土地カテゴリ（建物表記なし）,静岡県沼津市我入道東町,2480,121.7,67.4,1500,—,—,,不明,接道・区分情報なし、詳細/役場で要確認,,2026-06-28,,https://suumo.jp/chukoikkodate/shizuoka/sc_numazu/nc_77639940/,不適合
SUUMO 中古戸建 沼津市,沼津市,更地,土地カテゴリ（建物表記なし）,静岡県沼津市西椎路,2480,181.8,45.1,1500,—,—,,不明,接道・区分情報なし、詳細/役場で要確認,,2026-06-17,,https://suumo.jp/chukoikkodate/shizuoka/sc_numazu/nc_20610370/,不適合
SUUMO 中古戸建 沼津市,沼津市,更地,土地カテゴリ（建物表記なし）,静岡県沼津市井出,2480,244.5,33.5,1500,—,—,,不明,接道・区分情報なし、詳細/役場で要確認,,2026-06-17,,https://suumo.jp/chukoikkodate/shizuoka/sc_numazu/nc_79222272/,不適合
SUUMO 中古戸建 沼津市,沼津市,更地,土地カテゴリ（建物表記なし）,静岡県沼津市新沢田町,2580,136.8,62.3,1500,田,—,,不明,接道・区分情報なし、詳細/役場で要確認,,2026-06-17,,https://suumo.jp/chukoikkodate/shizuoka/sc_numazu/nc_76057540/,不適合
SUUMO 中古戸建 沼津市,沼津市,更地,土地カテゴリ（建物表記なし）,静岡県沼津市高沢町16-13,2649,109.9,79.7,1500,—,—,,不明,接道・区分情報なし、詳細/役場で要確認,,2026-06-30,,https://suumo.jp/chukoikkodate/shizuoka/sc_numazu/nc_20898943/,不適合
SUUMO 中古戸建 沼津市,沼津市,更地,土地カテゴリ（建物表記なし）,静岡県沼津市大岡,2650,204.6,42.8,1500,—,—,,不明,接道・区分情報なし、詳細/役場で要確認,,2026-06-17,,https://suumo.jp/chukoikkodate/shizuoka/sc_numazu/nc_20152031/,不適合
SUUMO 中古戸建 沼津市,沼津市,更地,土地カテゴリ（建物表記なし）,静岡県沼津市大塚,2680,151.6,58.4,1500,—,—,,不明,接道・区分情報なし、詳細/役場で要確認,,2026-06-17,,https://suumo.jp/chukoikkodate/shizuoka/sc_numazu/nc_20739200/,不適合
SUUMO 中古戸建 沼津市,沼津市,更地,土地カテゴリ（建物表記なし）,静岡県沼津市大塚,2680,151.6,58.4,1500,—,—,,不明,接道・区分情報なし、詳細/役場で要確認,,2026-06-17,,https://suumo.jp/chukoikkodate/shizuoka/sc_numazu/nc_20873467/,不適合
SUUMO 中古戸建 沼津市,沼津市,更地,土地カテゴリ（建物表記なし）,静岡県沼津市下香貫藤井原,2750,148.1,61.4,1500,—,—,,不明,接道・区分情報なし、詳細/役場で要確認,,2026-06-17,,https://suumo.jp/chukoikkodate/shizuoka/sc_numazu/nc_21072577/,不適合
SUUMO 中古戸建 沼津市,沼津市,更地,土地カテゴリ（建物表記なし）,静岡県沼津市三枚橋竹ノ岬,2750,109.0,83.4,1500,—,—,,不明,接道・区分情報なし、詳細/役場で要確認,,2026-06-17,,https://suumo.jp/chukoikkodate/shizuoka/sc_numazu/nc_20681893/,不適合
SUUMO 中古戸建 沼津市,沼津市,更地,土地カテゴリ（建物表記なし）,静岡県沼津市大平,2780,200.3,45.9,1500,田,—,,不明,接道・区分情報なし、詳細/役場で要確認,,2026-06-17,,https://suumo.jp/chukoikkodate/shizuoka/sc_numazu/nc_20139133/,不適合
SUUMO 中古戸建 沼津市,沼津市,更地,土地カテゴリ（建物表記なし）,静岡県沼津市大諏訪,2874,456.2,20.8,1500,—,—,,不明,接道・区分情報なし、詳細/役場で要確認,,2026-06-17,,https://suumo.jp/chukoikkodate/shizuoka/sc_numazu/nc_20354275/,不適合
SUUMO 中古戸建 沼津市,沼津市,更地,土地カテゴリ（建物表記なし）,静岡県沼津市東間門２,2980,113.2,87.0,1500,—,—,,不明,接道・区分情報なし、詳細/役場で要確認,,2026-07-23,,https://suumo.jp/chukoikkodate/shizuoka/sc_numazu/nc_20905151/,不適合
SUUMO 中古戸建 沼津市,沼津市,更地,土地カテゴリ（建物表記なし）,静岡県沼津市大岡,2980,323.3,30.5,1500,—,—,,不明,接道・区分情報なし、詳細/役場で要確認,,2026-06-17,,https://suumo.jp/chukoikkodate/shizuoka/sc_numazu/nc_76257803/,不適合
SUUMO 中古戸建 沼津市,沼津市,更地,土地カテゴリ（建物表記なし）,静岡県沼津市足高,2980,706.6,13.9,1500,—,—,,不明,接道・区分情報なし、詳細/役場で要確認,,2026-06-17,,https://suumo.jp/chukoikkodate/shizuoka/sc_numazu/nc_78724665/,不適合
SUUMO 中古戸建 沼津市,沼津市,更地,土地カテゴリ（建物表記なし）,静岡県沼津市北今沢,2980,235.0,41.9,1500,—,—,,不明,接道・区分情報なし、詳細/役場で要確認,,2026-06-17,,https://suumo.jp/chukoikkodate/shizuoka/sc_numazu/nc_77497222/,不適合
SUUMO 中古戸建 沼津市,沼津市,更地,土地カテゴリ（建物表記なし）,静岡県沼津市大諏訪,2980,157.0,62.7,1500,—,—,,不明,接道・区分情報なし、詳細/役場で要確認,,2026-07-07,,https://suumo.jp/chukoikkodate/shizuoka/sc_numazu/nc_21237979/,不適合
SUUMO 中古戸建 沼津市,沼津市,更地,土地カテゴリ（建物表記なし）,静岡県沼津市東間門２,2980,113.2,87.0,1500,—,—,,不明,接道・区分情報なし、詳細/役場で要確認,,2026-06-17,,https://suumo.jp/chukoikkodate/shizuoka/sc_numazu/nc_20774329/,不適合
SUUMO 中古戸建 沼津市,沼津市,更地,土地カテゴリ（建物表記なし）,静岡県沼津市東間門２,2980,113.2,87.0,1500,—,—,,不明,接道・区分情報なし、詳細/役場で要確認,,2026-06-17,,https://suumo.jp/chukoikkodate/shizuoka/sc_numazu/nc_20734158/,不適合
SUUMO 中古戸建 沼津市,沼津市,更地,土地カテゴリ（建物表記なし）,静岡県沼津市大岡,2990,199.4,49.6,1500,—,—,,不明,接道・区分情報なし、詳細/役場で要確認,,2026-07-07,,https://suumo.jp/chukoikkodate/shizuoka/sc_numazu/nc_79143561/,不適合
SUUMO 中古戸建 沼津市,沼津市,更地,土地カテゴリ（建物表記なし）,静岡県沼津市西条町,3000,126.2,78.6,1500,—,—,,不明,接道・区分情報なし、詳細/役場で要確認,,2026-06-17,,https://suumo.jp/chukoikkodate/shizuoka/sc_numazu/nc_21058112/,不適合
SUUMO 中古戸建 沼津市,沼津市,更地,土地カテゴリ（建物表記なし）,静岡県沼津市岡一色588-5,3049,479.4,21.0,1500,—,—,,不明,接道・区分情報なし、詳細/役場で要確認,,2026-06-30,,https://suumo.jp/chukoikkodate/shizuoka/sc_numazu/nc_20899211/,不適合
SUUMO 中古戸建 沼津市,沼津市,更地,土地カテゴリ（建物表記なし）,静岡県沼津市戸田,3100,343.0,29.9,1500,田,—,,不明,接道・区分情報なし、詳細/役場で要確認,,2026-07-20,,https://suumo.jp/chukoikkodate/shizuoka/sc_numazu/nc_21331363/,不適合
SUUMO 中古戸建 沼津市,沼津市,更地,土地カテゴリ（建物表記なし）,静岡県沼津市西熊堂,3450,145.2,78.5,1500,—,—,,不明,接道・区分情報なし、詳細/役場で要確認,,2026-06-17,,https://suumo.jp/chukoikkodate/shizuoka/sc_numazu/nc_20590124/,不適合
SUUMO 中古戸建 沼津市,沼津市,更地,土地カテゴリ（建物表記なし）,静岡県沼津市大岡,3450,162.6,70.1,1500,—,—,,不明,接道・区分情報なし、詳細/役場で要確認,,2026-07-01,,https://suumo.jp/chukoikkodate/shizuoka/sc_numazu/nc_77674440/,不適合
SUUMO 中古戸建 沼津市,沼津市,更地,土地カテゴリ（建物表記なし）,静岡県沼津市高砂町,3480,156.4,73.6,1500,田,—,,不明,接道・区分情報なし、詳細/役場で要確認,,2026-06-17,,https://suumo.jp/chukoikkodate/shizuoka/sc_numazu/nc_78942505/,不適合
SUUMO 中古戸建 沼津市,沼津市,更地,土地カテゴリ（建物表記なし）,静岡県沼津市高砂町,3500,156.4,74.0,1500,—,—,,不明,接道・区分情報なし、詳細/役場で要確認,,2026-06-17,,https://suumo.jp/chukoikkodate/shizuoka/sc_numazu/nc_79184521/,不適合
SUUMO 中古戸建 沼津市,沼津市,更地,土地カテゴリ（建物表記なし）,静岡県沼津市大岡,3500,173.8,66.6,1500,—,—,,不明,接道・区分情報なし、詳細/役場で要確認,,2026-06-27,,https://suumo.jp/chukoikkodate/shizuoka/sc_numazu/nc_21156314/,不適合
SUUMO 中古戸建 沼津市,沼津市,更地,土地カテゴリ（建物表記なし）,静岡県沼津市大岡,3550,171.7,68.3,1500,—,—,,不明,接道・区分情報なし、詳細/役場で要確認,,2026-07-01,,https://suumo.jp/chukoikkodate/shizuoka/sc_numazu/nc_77235919/,不適合
SUUMO 中古戸建 沼津市,沼津市,更地,土地カテゴリ（建物表記なし）,静岡県沼津市岡一色,3880,141.2,90.8,1500,—,—,,不明,接道・区分情報なし、詳細/役場で要確認,,2026-06-17,,https://suumo.jp/chukoikkodate/shizuoka/sc_numazu/nc_20920566/,不適合
SUUMO 中古戸建 沼津市,沼津市,更地,土地カテゴリ（建物表記なし）,静岡県沼津市大岡,4000,130.2,101.6,1500,—,—,,不明,接道・区分情報なし、詳細/役場で要確認,,2026-06-17,,https://suumo.jp/chukoikkodate/shizuoka/sc_numazu/nc_20375685/,不適合
SUUMO 中古戸建 沼津市,沼津市,更地,土地カテゴリ（建物表記なし）,静岡県沼津市大岡,4000,150.1,88.1,1500,田,—,,不明,接道・区分情報なし、詳細/役場で要確認,,2026-06-30,,https://suumo.jp/chukoikkodate/shizuoka/sc_numazu/nc_21177388/,不適合
SUUMO 中古戸建 沼津市,沼津市,更地,土地カテゴリ（建物表記なし）,静岡県沼津市下河原町２,4100,522.5,25.9,1500,—,—,,不明,接道・区分情報なし、詳細/役場で要確認,,2026-06-17,,https://suumo.jp/chukoikkodate/shizuoka/sc_numazu/nc_20113753/,不適合
SUUMO 中古戸建 沼津市,沼津市,更地,土地カテゴリ（建物表記なし）,静岡県沼津市大岡,4150,121.5,112.9,1500,—,—,,不明,接道・区分情報なし、詳細/役場で要確認,,2026-06-17,,https://suumo.jp/chukoikkodate/shizuoka/sc_numazu/nc_79002293/,不適合
SUUMO 中古戸建 沼津市,沼津市,更地,土地カテゴリ（建物表記なし）,静岡県沼津市岡一色,4280,150.5,94.0,1500,—,—,,不明,接道・区分情報なし、詳細/役場で要確認,,2026-06-17,,https://suumo.jp/chukoikkodate/shizuoka/sc_numazu/nc_73562338/,不適合
SUUMO 中古戸建 沼津市,沼津市,更地,土地カテゴリ（建物表記なし）,静岡県沼津市柳町,4380,132.2,109.5,1500,—,—,,不明,接道・区分情報なし、詳細/役場で要確認,,2026-06-17,,https://suumo.jp/chukoikkodate/shizuoka/sc_numazu/nc_76466195/,不適合
SUUMO 中古戸建 沼津市,沼津市,更地,土地カテゴリ（建物表記なし）,静岡県沼津市下香貫西村,4480,269.5,55.0,1500,—,—,,不明,接道・区分情報なし、詳細/役場で要確認,,2026-06-17,,https://suumo.jp/chukoikkodate/shizuoka/sc_numazu/nc_78411723/,不適合
SUUMO 中古戸建 沼津市,沼津市,中古戸建,中古戸建/住宅カテゴリ,静岡県沼津市平沼,4500,335.0,44.4,3000,—,—,,不明,接道・区分情報なし。建物ありだが現行法での再建築可否は役場で要確認,,2026-07-06,,https://suumo.jp/chukoikkodate/shizuoka/sc_numazu/nc_78332942/,不適合
SUUMO 中古戸建 沼津市,沼津市,更地,土地カテゴリ（建物表記なし）,静岡県沼津市下香貫大久保,4500,824.8,18.0,1500,—,—,,不明,接道・区分情報なし、詳細/役場で要確認,,2026-06-17,,https://suumo.jp/chukoikkodate/shizuoka/sc_numazu/nc_20734157/,不適合
SUUMO 中古戸建 沼津市,沼津市,更地,土地カテゴリ（建物表記なし）,静岡県沼津市松沢町,4702,177.4,87.6,1500,—,—,,不明,接道・区分情報なし、詳細/役場で要確認,,2026-06-17,,https://suumo.jp/chukoikkodate/shizuoka/sc_numazu/nc_20352748/,不適合
SUUMO 中古戸建 沼津市,沼津市,更地,土地カテゴリ（建物表記なし）,静岡県沼津市大手町５,6000,188.9,105.0,1500,—,—,,不明,接道・区分情報なし、詳細/役場で要確認,,2026-06-17,,https://suumo.jp/chukoikkodate/shizuoka/sc_numazu/nc_76102489/,不適合
SUUMO 中古戸建 沼津市,沼津市,更地,土地カテゴリ（建物表記なし）,静岡県沼津市本松下842-2,6114,764.0,26.5,1500,—,—,,不明,接道・区分情報なし、詳細/役場で要確認,,2026-06-17,,https://suumo.jp/chukoikkodate/shizuoka/sc_numazu/nc_78422235/,不適合
SUUMO 中古戸建 沼津市,沼津市,更地,土地カテゴリ（建物表記なし）,静岡県沼津市足高,6500,1328.8,16.2,1500,—,—,,不明,接道・区分情報なし、詳細/役場で要確認,,2026-06-17,,https://suumo.jp/chukoikkodate/shizuoka/sc_numazu/nc_78186505/,不適合
SUUMO 中古戸建 沼津市,沼津市,更地,土地カテゴリ（建物表記なし）,静岡県沼津市江原町,6700,409.6,54.1,1500,—,—,,不明,接道・区分情報なし、詳細/役場で要確認,,2026-07-01,,https://suumo.jp/chukoikkodate/shizuoka/sc_numazu/nc_78375595/,不適合
SUUMO 中古戸建 沼津市,沼津市,更地,土地カテゴリ（建物表記なし）,静岡県沼津市杉崎町,11500,653.6,58.2,1500,—,—,,不明,接道・区分情報なし、詳細/役場で要確認,,2026-06-17,,https://suumo.jp/chukoikkodate/shizuoka/sc_numazu/nc_78396031/,不適合
SUUMO 中古戸建 沼津市,沼津市,更地,土地カテゴリ（建物表記なし）,静岡県沼津市新沢田町106-3,12000,575.2,69.0,1500,田,—,,不明,接道・区分情報なし、詳細/役場で要確認,,2026-06-17,,https://suumo.jp/chukoikkodate/shizuoka/sc_numazu/nc_78951503/,不適合
SUUMO 賃貸 倉吉市,倉吉市,賃貸アパート,賃貸カテゴリ（掲載種別）,鳥取県倉吉市清谷町１,6.1,51.5,,5,—,—,,—,賃貸のため対象外,,2026-07-24,,https://suumo.jp/chintai/jnc_000108737341/,不適合
SUUMO 賃貸 倉吉市,倉吉市,賃貸アパート,賃貸カテゴリ（掲載種別）,鳥取県倉吉市米田町２,4.9,41.8,,5,田,—,,—,賃貸のため対象外,,2026-07-24,,https://suumo.jp/chintai/jnc_000108737340/,適合
SUUMO 賃貸 倉吉市,倉吉市,賃貸アパート,賃貸カテゴリ（掲載種別）,鳥取県倉吉市福守町,5.4,59.1,,5,—,—,,—,賃貸のため対象外,,2026-07-24,,https://suumo.jp/chintai/jnc_000103590624/,不適合
SUUMO 賃貸 倉吉市,倉吉市,賃貸アパート,賃貸カテゴリ（掲載種別）,鳥取県倉吉市福守町,5.4,50.5,,5,—,—,,—,賃貸のため対象外,,2026-07-24,,https://suumo.jp/chintai/jnc_000108744478/,不適合
SUUMO 賃貸 倉吉市,倉吉市,賃貸アパート,賃貸カテゴリ（掲載種別）,鳥取県倉吉市福守町,6.0,59.1,,5,—,—,,—,賃貸のため対象外,,2026-07-24,,https://suumo.jp/chintai/jnc_000108413612/,不適合
SUUMO 賃貸 倉吉市,倉吉市,賃貸アパート,賃貸カテゴリ（掲載種別）,鳥取県倉吉市米田町２,6.0,60.2,,5,田,—,,—,賃貸のため対象外,,2026-07-24,,https://suumo.jp/chintai/jnc_000108728827/,不適合
SUUMO 賃貸 倉吉市,倉吉市,賃貸アパート,賃貸カテゴリ（掲載種別）,鳥取県倉吉市金森町,4.85,47.8,,5,—,—,,—,賃貸のため対象外,,2026-07-24,,https://suumo.jp/chintai/jnc_000108567047/,適合
SUUMO 賃貸 倉吉市,倉吉市,賃貸アパート,賃貸カテゴリ（掲載種別）,鳥取県倉吉市金森町,4.85,47.8,,5,—,—,,—,賃貸のため対象外,,2026-07-24,,https://suumo.jp/chintai/jnc_000108651392/,適合
SUUMO 賃貸 倉吉市,倉吉市,賃貸戸建,賃貸カテゴリ（掲載種別）,鳥取県倉吉市清谷町２,7.7,69.5,,5,—,—,,—,賃貸のため対象外,,2026-07-24,,https://suumo.jp/chintai/jnc_000108602264/,不適合
SUUMO 賃貸 倉吉市,倉吉市,賃貸戸建,賃貸カテゴリ（掲載種別）,鳥取県倉吉市清谷町２,7.7,69.5,,5,—,—,,—,賃貸のため対象外,,2026-07-24,,https://suumo.jp/chintai/jnc_000108610567/,不適合
SUUMO 賃貸 倉吉市,倉吉市,賃貸アパート,賃貸カテゴリ（掲載種別）,鳥取県倉吉市八屋,4.1,30.8,,5,—,—,,—,賃貸のため対象外,,2026-07-24,,https://suumo.jp/chintai/jnc_000108587822/,適合
SUUMO 賃貸 倉吉市,倉吉市,賃貸アパート,賃貸カテゴリ（掲載種別）,鳥取県倉吉市八屋,4.1,30.8,,5,—,—,,—,賃貸のため対象外,,2026-07-24,,https://suumo.jp/chintai/jnc_000108651394/,適合
SUUMO 賃貸 倉吉市,倉吉市,賃貸アパート,賃貸カテゴリ（掲載種別）,鳥取県倉吉市中江,3.9,43.7,,5,—,—,,—,賃貸のため対象外,,2026-07-24,,https://suumo.jp/chintai/jnc_000108001816/,適合
SUUMO 賃貸 倉吉市,倉吉市,賃貸アパート,賃貸カテゴリ（掲載種別）,鳥取県倉吉市中江,3.9,43.7,,5,—,—,,—,賃貸のため対象外,,2026-07-24,,https://suumo.jp/chintai/jnc_000108001817/,適合
SUUMO 賃貸 倉吉市,倉吉市,賃貸アパート,賃貸カテゴリ（掲載種別）,鳥取県倉吉市中江,3.9,43.7,,5,—,—,,—,賃貸のため対象外,,2026-07-24,,https://suumo.jp/chintai/jnc_000108651393/,適合
SUUMO 賃貸 倉吉市,倉吉市,賃貸マンション,賃貸カテゴリ（掲載種別）,鳥取県倉吉市米田町,3.14,33.5,,5,田,—,,—,賃貸のため対象外,,2026-07-24,,https://suumo.jp/chintai/jnc_000105067298/,適合
SUUMO 賃貸 倉吉市,倉吉市,賃貸マンション,賃貸カテゴリ（掲載種別）,鳥取県倉吉市米田町,3.36,33.5,,5,田,—,,—,賃貸のため対象外,,2026-07-24,,https://suumo.jp/chintai/jnc_000105214886/,適合
SUUMO 賃貸 倉吉市,倉吉市,賃貸マンション,賃貸カテゴリ（掲載種別）,鳥取県倉吉市米田町,3.37,33.5,,5,田,—,,—,賃貸のため対象外,,2026-07-24,,https://suumo.jp/chintai/jnc_000105067299/,適合
SUUMO 賃貸 倉吉市,倉吉市,賃貸アパート,賃貸カテゴリ（掲載種別）,鳥取県倉吉市生田,5.65,50.1,,5,田,—,,—,賃貸のため対象外,,2026-07-24,,https://suumo.jp/chintai/jnc_000108413611/,不適合
SUUMO 賃貸 倉吉市,倉吉市,賃貸アパート,賃貸カテゴリ（掲載種別）,鳥取県倉吉市生田,5.8,58.6,,5,田,—,,—,賃貸のため対象外,,2026-07-24,,https://suumo.jp/chintai/jnc_000106709941/,不適合
SUUMO 賃貸 倉吉市,倉吉市,賃貸アパート,賃貸カテゴリ（掲載種別）,鳥取県倉吉市生田,4.9,50.0,,5,田,—,,—,賃貸のため対象外,,2026-07-24,,https://suumo.jp/chintai/jnc_000108051418/,適合
SUUMO 賃貸 倉吉市,倉吉市,賃貸アパート,賃貸カテゴリ（掲載種別）,鳥取県倉吉市生田,5.7,59.6,,5,田,—,,—,賃貸のため対象外,,2026-07-24,,https://suumo.jp/chintai/jnc_000105010069/,不適合
SUUMO 賃貸 倉吉市,倉吉市,賃貸アパート,賃貸カテゴリ（掲載種別）,鳥取県倉吉市福守町,6.0,59.1,,5,—,—,,—,賃貸のため対象外,,2026-07-24,,https://suumo.jp/chintai/jnc_000108444779/,不適合
SUUMO 賃貸 倉吉市,倉吉市,賃貸アパート,賃貸カテゴリ（掲載種別）,鳥取県倉吉市旭田町,5.9,40.4,,5,田,—,,—,賃貸のため対象外,,2026-07-24,,https://suumo.jp/chintai/jnc_000107000936/,不適合
SUUMO 賃貸 倉吉市,倉吉市,賃貸アパート,賃貸カテゴリ（掲載種別）,鳥取県倉吉市旭田町,5.9,40.4,,5,田,—,,—,賃貸のため対象外,,2026-07-24,,https://suumo.jp/chintai/jnc_000105594348/,不適合
SUUMO 賃貸 倉吉市,倉吉市,賃貸アパート,賃貸カテゴリ（掲載種別）,鳥取県倉吉市鴨川町,5.6,58.4,,5,—,—,,—,賃貸のため対象外,,2026-07-24,,https://suumo.jp/chintai/jnc_000099032775/,不適合
SUUMO 賃貸 倉吉市,倉吉市,賃貸アパート,賃貸カテゴリ（掲載種別）,鳥取県倉吉市生田,5.65,50.1,,5,田,—,,—,賃貸のため対象外,,2026-07-24,,https://suumo.jp/chintai/jnc_000108444776/,不適合
SUUMO 賃貸 倉吉市,倉吉市,賃貸アパート,賃貸カテゴリ（掲載種別）,鳥取県倉吉市清谷町１,5.9,50.1,,5,—,—,,—,賃貸のため対象外,,2026-07-24,,https://suumo.jp/chintai/jnc_000105965648/,不適合
SUUMO 賃貸 倉吉市,倉吉市,賃貸アパート,賃貸カテゴリ（掲載種別）,鳥取県倉吉市福守町,5.45,50.4,,5,—,—,,—,賃貸のため対象外,,2026-07-24,,https://suumo.jp/chintai/jnc_000107513754/,不適合
SUUMO 賃貸 倉吉市,倉吉市,賃貸アパート,賃貸カテゴリ（掲載種別）,鳥取県倉吉市福守町,7.2,62.1,,5,—,—,,—,賃貸のため対象外,,2026-07-24,,https://suumo.jp/chintai/jnc_000108454136/,不適合
SUUMO 賃貸 倉吉市,倉吉市,賃貸アパート,賃貸カテゴリ（掲載種別）,鳥取県倉吉市東町,5.8,57.1,,5,—,—,,—,賃貸のため対象外,,2026-07-24,,https://suumo.jp/chintai/jnc_000108276122/?bc=100515230751,不適合
SUUMO 賃貸 倉吉市,倉吉市,賃貸アパート,賃貸カテゴリ（掲載種別）,鳥取県倉吉市上井,5.4,52.9,,5,—,—,,—,賃貸のため対象外,,2026-07-24,,https://suumo.jp/chintai/jnc_000107405593/?bc=100508428306,不適合
SUUMO 賃貸 倉吉市,倉吉市,賃貸アパート,賃貸カテゴリ（掲載種別）,鳥取県倉吉市上井,5.6,52.9,,5,—,—,,—,賃貸のため対象外,,2026-07-24,,https://suumo.jp/chintai/jnc_000108196117/?bc=100514674028,不適合
SUUMO 賃貸 倉吉市,倉吉市,賃貸アパート,賃貸カテゴリ（掲載種別）,鳥取県倉吉市八屋,5.45,50.0,,5,—,—,,—,賃貸のため対象外,,2026-07-24,,https://suumo.jp/chintai/jnc_000108587823/?bc=100492695639,不適合
SUUMO 賃貸 倉吉市,倉吉市,賃貸アパート,賃貸カテゴリ（掲載種別）,鳥取県倉吉市伊木,4.55,33.2,,5,—,—,,—,賃貸のため対象外,,2026-07-24,,https://suumo.jp/chintai/jnc_000107571559/?bc=100485996418,適合
SUUMO 賃貸 倉吉市,倉吉市,賃貸アパート,賃貸カテゴリ（掲載種別）,鳥取県倉吉市伊木,4.55,33.2,,5,—,—,,—,賃貸のため対象外,,2026-07-24,,https://suumo.jp/chintai/jnc_000107571558/?bc=100486072344,適合
SUUMO 賃貸 倉吉市,倉吉市,賃貸アパート,賃貸カテゴリ（掲載種別）,鳥取県倉吉市伊木,4.55,33.2,,5,—,—,,—,賃貸のため対象外,,2026-07-24,,https://suumo.jp/chintai/jnc_000107571561/?bc=100485996422,適合
SUUMO 賃貸 倉吉市,倉吉市,賃貸アパート,賃貸カテゴリ（掲載種別）,鳥取県倉吉市伊木,4.55,33.2,,5,—,—,,—,賃貸のため対象外,,2026-07-24,,https://suumo.jp/chintai/jnc_000107571560/?bc=100485996417,適合
SUUMO 賃貸 倉吉市,倉吉市,賃貸アパート,賃貸カテゴリ（掲載種別）,鳥取県倉吉市伊木,4.7,33.2,,5,—,—,,—,賃貸のため対象外,,2026-07-24,,https://suumo.jp/chintai/jnc_000107571562/?bc=100485996421,適合
SUUMO 賃貸 倉吉市,倉吉市,賃貸アパート,賃貸カテゴリ（掲載種別）,鳥取県倉吉市伊木,4.7,33.2,,5,—,—,,—,賃貸のため対象外,,2026-07-24,,https://suumo.jp/chintai/jnc_000107571557/?bc=100509403830,適合
SUUMO 賃貸 倉吉市,倉吉市,賃貸アパート,賃貸カテゴリ（掲載種別）,鳥取県倉吉市伊木,5.45,44.3,,5,—,—,,—,賃貸のため対象外,,2026-07-24,,https://suumo.jp/chintai/jnc_000107571566/?bc=100485996375,不適合
SUUMO 賃貸 倉吉市,倉吉市,賃貸アパート,賃貸カテゴリ（掲載種別）,鳥取県倉吉市伊木,5.45,44.3,,5,—,—,,—,賃貸のため対象外,,2026-07-24,,https://suumo.jp/chintai/jnc_000107571565/?bc=100485996379,不適合
SUUMO 賃貸 倉吉市,倉吉市,賃貸アパート,賃貸カテゴリ（掲載種別）,鳥取県倉吉市伊木,5.45,44.3,,5,—,—,,—,賃貸のため対象外,,2026-07-24,,https://suumo.jp/chintai/jnc_000107571567/?bc=100485996373,不適合
SUUMO 賃貸 倉吉市,倉吉市,賃貸アパート,賃貸カテゴリ（掲載種別）,鳥取県倉吉市伊木,5.45,44.3,,5,—,—,,—,賃貸のため対象外,,2026-07-24,,https://suumo.jp/chintai/jnc_000107571564/?bc=100485996368,不適合
SUUMO 賃貸 倉吉市,倉吉市,賃貸アパート,賃貸カテゴリ（掲載種別）,鳥取県倉吉市伊木,5.6,44.3,,5,—,—,,—,賃貸のため対象外,,2026-07-24,,https://suumo.jp/chintai/jnc_000107571568/?bc=100485996377,不適合
SUUMO 賃貸 倉吉市,倉吉市,賃貸アパート,賃貸カテゴリ（掲載種別）,鳥取県倉吉市福吉町,5.95,40.7,,5,—,—,,—,賃貸のため対象外,,2026-07-24,,https://suumo.jp/chintai/jnc_000107822548/?bc=100511577197,不適合
SUUMO 賃貸 倉吉市,倉吉市,賃貸アパート,賃貸カテゴリ（掲載種別）,鳥取県倉吉市福庭町２,5.5,53.7,,5,—,—,,—,賃貸のため対象外,,2026-07-24,,https://suumo.jp/chintai/jnc_000108051421/?bc=100512153609,不適合
SUUMO 賃貸 倉吉市,倉吉市,賃貸アパート,賃貸カテゴリ（掲載種別）,鳥取県倉吉市福庭町２,5.5,53.7,,5,—,—,,—,賃貸のため対象外,,2026-07-24,,https://suumo.jp/chintai/jnc_000106941887/?bc=100435531790,不適合
SUUMO 賃貸 倉吉市,倉吉市,賃貸アパート,賃貸カテゴリ（掲載種別）,鳥取県倉吉市福庭,5.4,50.2,,5,—,—,,—,賃貸のため対象外,,2026-07-24,,https://suumo.jp/chintai/jnc_000108016132/?bc=100511074359,不適合
SUUMO 賃貸 倉吉市,倉吉市,賃貸アパート,賃貸カテゴリ（掲載種別）,鳥取県倉吉市秋喜,5.35,50.2,,5,—,—,,—,賃貸のため対象外,,2026-07-24,,https://suumo.jp/chintai/jnc_000107917263/?bc=100512341007,不適合
SUUMO 賃貸 倉吉市,倉吉市,賃貸アパート,賃貸カテゴリ（掲載種別）,鳥取県倉吉市上井,6.5,40.3,,5,—,—,,—,賃貸のため対象外,,2026-07-24,,https://suumo.jp/chintai/jnc_000108118693/?bc=100515508598,不適合
SUUMO 賃貸 倉吉市,倉吉市,賃貸アパート,賃貸カテゴリ（掲載種別）,鳥取県倉吉市上井,5.4,52.9,,5,—,—,,—,賃貸のため対象外,,2026-07-24,,https://suumo.jp/chintai/jnc_000107935336/?bc=100512510204,不適合
SUUMO 賃貸 倉吉市,倉吉市,賃貸アパート,賃貸カテゴリ（掲載種別）,鳥取県倉吉市清谷町１,5.85,42.8,,5,—,—,,—,賃貸のため対象外,,2026-07-24,,https://suumo.jp/chintai/jnc_000108237751/?bc=100515013376,不適合
SUUMO 賃貸 倉吉市,倉吉市,賃貸アパート,賃貸カテゴリ（掲載種別）,鳥取県倉吉市清谷町１,5.85,42.8,,5,—,—,,—,賃貸のため対象外,,2026-07-24,,https://suumo.jp/chintai/jnc_000105367820/?bc=100444183505,不適合
SUUMO 賃貸 倉吉市,倉吉市,賃貸アパート,賃貸カテゴリ（掲載種別）,鳥取県倉吉市清谷町１,5.95,42.8,,5,—,—,,—,賃貸のため対象外,,2026-07-24,,https://suumo.jp/chintai/jnc_000105940697/?bc=100497376611,不適合
SUUMO 賃貸 倉吉市,倉吉市,賃貸アパート,賃貸カテゴリ（掲載種別）,鳥取県倉吉市清谷町１,5.85,42.8,,5,—,—,,—,賃貸のため対象外,,2026-07-24,,https://suumo.jp/chintai/jnc_000105367818/?bc=100493112986,不適合
SUUMO 賃貸 倉吉市,倉吉市,賃貸アパート,賃貸カテゴリ（掲載種別）,鳥取県倉吉市清谷町１,5.85,42.8,,5,—,—,,—,賃貸のため対象外,,2026-07-24,,https://suumo.jp/chintai/jnc_000108196120/?bc=100514678422,不適合
SUUMO 賃貸 倉吉市,倉吉市,賃貸アパート,賃貸カテゴリ（掲載種別）,鳥取県倉吉市清谷町１,5.85,42.8,,5,—,—,,—,賃貸のため対象外,,2026-07-24,,https://suumo.jp/chintai/jnc_000107520778/?bc=100492732973,不適合
SUUMO 賃貸 倉吉市,倉吉市,賃貸アパート,賃貸カテゴリ（掲載種別）,鳥取県倉吉市清谷町１,5.95,42.8,,5,—,—,,—,賃貸のため対象外,,2026-07-24,,https://suumo.jp/chintai/jnc_000105341025/?bc=100492648845,不適合
SUUMO 賃貸 倉吉市,倉吉市,賃貸アパート,賃貸カテゴリ（掲載種別）,鳥取県倉吉市米田町,5.1,32.7,,5,田,—,,—,賃貸のため対象外,,2026-07-24,,https://suumo.jp/chintai/jnc_000106941885/?bc=100492615941,不適合
SUUMO 賃貸 倉吉市,倉吉市,賃貸アパート,賃貸カテゴリ（掲載種別）,鳥取県倉吉市米田町,5.2,41.7,,5,田,—,,—,賃貸のため対象外,,2026-07-24,,https://suumo.jp/chintai/jnc_000106386842/?bc=100483576387,不適合
SUUMO 賃貸 倉吉市,倉吉市,賃貸アパート,賃貸カテゴリ（掲載種別）,鳥取県倉吉市米田町,5.4,41.7,,5,田,—,,—,賃貸のため対象外,,2026-07-24,,https://suumo.jp/chintai/jnc_000107370763/?bc=100498813587,不適合
SUUMO 賃貸 倉吉市,倉吉市,賃貸アパート,賃貸カテゴリ（掲載種別）,鳥取県倉吉市西倉吉町,4.9,57.2,,5,—,—,,—,賃貸のため対象外,,2026-07-24,,https://suumo.jp/chintai/jnc_000107567994/?bc=100514564763,適合
SUUMO 賃貸 倉吉市,倉吉市,賃貸アパート,賃貸カテゴリ（掲載種別）,鳥取県倉吉市山根,6.3,43.2,,5,—,—,,—,賃貸のため対象外,,2026-07-24,,https://suumo.jp/chintai/jnc_000108507684/?bc=100516775091,不適合
SUUMO 賃貸 倉吉市,倉吉市,賃貸アパート,賃貸カテゴリ（掲載種別）,鳥取県倉吉市見日町,5.35,42.8,,5,—,—,,—,賃貸のため対象外,,2026-07-24,,https://suumo.jp/chintai/jnc_000100524336/?bc=100447998486,不適合
SUUMO 賃貸 倉吉市,倉吉市,賃貸アパート,賃貸カテゴリ（掲載種別）,鳥取県倉吉市見日町,5.45,42.8,,5,—,—,,—,賃貸のため対象外,,2026-07-24,,https://suumo.jp/chintai/jnc_000100524330/?bc=100407562486,不適合
SUUMO 賃貸 倉吉市,倉吉市,賃貸アパート,賃貸カテゴリ（掲載種別）,鳥取県倉吉市見日町,5.75,42.8,,5,—,—,,—,賃貸のため対象外,,2026-07-24,,https://suumo.jp/chintai/jnc_000106475065/?bc=100504506938,不適合
SUUMO 賃貸 倉吉市,倉吉市,賃貸アパート,賃貸カテゴリ（掲載種別）,鳥取県倉吉市見日町,5.95,42.8,,5,—,—,,—,賃貸のため対象外,,2026-07-24,,https://suumo.jp/chintai/jnc_000105958656/?bc=100438506422,不適合
SUUMO 賃貸 倉吉市,倉吉市,賃貸アパート,賃貸カテゴリ（掲載種別）,鳥取県倉吉市福庭町１,5.3,50.0,,5,—,—,,—,賃貸のため対象外,,2026-07-24,,https://suumo.jp/chintai/jnc_000107840206/?bc=100494884878,不適合
SUUMO 賃貸 倉吉市,倉吉市,賃貸アパート,賃貸カテゴリ（掲載種別）,鳥取県倉吉市福庭町１,5.5,50.0,,5,—,—,,—,賃貸のため対象外,,2026-07-24,,https://suumo.jp/chintai/jnc_000107822549/?bc=100498590497,不適合
SUUMO 賃貸 倉吉市,倉吉市,賃貸アパート,賃貸カテゴリ（掲載種別）,鳥取県倉吉市福庭町１,6.2,59.6,,5,—,—,,—,賃貸のため対象外,,2026-07-24,,https://suumo.jp/chintai/jnc_000107332677/?bc=100494884866,不適合
SUUMO 賃貸 倉吉市,倉吉市,賃貸アパート,賃貸カテゴリ（掲載種別）,鳥取県倉吉市新陽町,5.1,50.0,,5,—,—,,—,賃貸のため対象外,,2026-07-24,,https://suumo.jp/chintai/jnc_000104307775/?bc=100451241144,不適合
SUUMO 賃貸 倉吉市,倉吉市,賃貸アパート,賃貸カテゴリ（掲載種別）,鳥取県倉吉市新陽町,5.1,50.0,,5,—,—,,—,賃貸のため対象外,,2026-07-24,,https://suumo.jp/chintai/jnc_000107273971/?bc=100457397997,不適合
SUUMO 賃貸 倉吉市,倉吉市,賃貸アパート,賃貸カテゴリ（掲載種別）,鳥取県倉吉市新陽町,5.25,50.0,,5,—,—,,—,賃貸のため対象外,,2026-07-24,,https://suumo.jp/chintai/jnc_000104307777/?bc=100451241133,不適合
SUUMO 賃貸 倉吉市,倉吉市,賃貸アパート,賃貸カテゴリ（掲載種別）,鳥取県倉吉市秋喜,5.0,50.1,,5,—,—,,—,賃貸のため対象外,,2026-07-24,,https://suumo.jp/chintai/jnc_000108132818/?bc=100462776041,適合
SUUMO 賃貸 倉吉市,倉吉市,賃貸アパート,賃貸カテゴリ（掲載種別）,鳥取県倉吉市福庭町１,5.5,50.0,,5,—,—,,—,賃貸のため対象外,,2026-07-24,,https://suumo.jp/chintai/jnc_000107152632/?bc=100494884869,不適合
SUUMO 賃貸 倉吉市,倉吉市,賃貸アパート,賃貸カテゴリ（掲載種別）,鳥取県倉吉市下余戸,6.2,62.5,,5,—,—,,—,賃貸のため対象外,,2026-07-24,,https://suumo.jp/chintai/jnc_000040573374/?bc=100499516603,不適合
SUUMO 賃貸 倉吉市,倉吉市,賃貸アパート,賃貸カテゴリ（掲載種別）,鳥取県倉吉市福光,5.3,57.6,,5,—,—,,—,賃貸のため対象外,,2026-07-24,,https://suumo.jp/chintai/jnc_000107623173/?bc=100490598695,不適合
SUUMO 賃貸 倉吉市,倉吉市,賃貸アパート,賃貸カテゴリ（掲載種別）,鳥取県倉吉市福光,5.3,57.6,,5,—,—,,—,賃貸のため対象外,,2026-07-24,,https://suumo.jp/chintai/jnc_000107623174/?bc=100497429338,不適合
SUUMO 賃貸 倉吉市,倉吉市,賃貸アパート,賃貸カテゴリ（掲載種別）,鳥取県倉吉市福光,5.3,57.6,,5,—,—,,—,賃貸のため対象外,,2026-07-24,,https://suumo.jp/chintai/jnc_000108658640/?bc=100497582166,不適合
SUUMO 賃貸 倉吉市,倉吉市,賃貸アパート,賃貸カテゴリ（掲載種別）,鳥取県倉吉市見日町,5.7,57.2,,5,—,—,,—,賃貸のため対象外,,2026-07-24,,https://suumo.jp/chintai/jnc_000107901747/?bc=100495370999,不適合
SUUMO 賃貸 倉吉市,倉吉市,賃貸アパート,賃貸カテゴリ（掲載種別）,鳥取県倉吉市福守町,6.55,58.6,,5,—,—,,—,賃貸のため対象外,,2026-07-24,,https://suumo.jp/chintai/jnc_000106874307/?bc=100492695499,不適合
SUUMO 賃貸 倉吉市,倉吉市,賃貸アパート,賃貸カテゴリ（掲載種別）,鳥取県倉吉市福守町,6.55,58.6,,5,—,—,,—,賃貸のため対象外,,2026-07-24,,https://suumo.jp/chintai/jnc_000105110124/?bc=100381745094,不適合
SUUMO 賃貸 倉吉市,倉吉市,賃貸アパート,賃貸カテゴリ（掲載種別）,鳥取県倉吉市福守町,5.05,50.1,,5,—,—,,—,賃貸のため対象外,,2026-07-24,,https://suumo.jp/chintai/jnc_000108001818/?bc=100513277925,不適合
SUUMO 賃貸 倉吉市,倉吉市,賃貸アパート,賃貸カテゴリ（掲載種別）,鳥取県倉吉市福守町,5.2,50.1,,5,—,—,,—,賃貸のため対象外,,2026-07-24,,https://suumo.jp/chintai/jnc_000108001819/?bc=100480891446,不適合
SUUMO 賃貸 倉吉市,倉吉市,賃貸アパート,賃貸カテゴリ（掲載種別）,鳥取県倉吉市八屋,6.35,50.0,,5,—,—,,—,賃貸のため対象外,,2026-07-24,,https://suumo.jp/chintai/jnc_000106351286/?bc=100500796002,不適合
SUUMO 賃貸 倉吉市,倉吉市,賃貸アパート,賃貸カテゴリ（掲載種別）,鳥取県倉吉市新陽町,5.1,50.0,,5,—,—,,—,賃貸のため対象外,,2026-07-24,,https://suumo.jp/chintai/jnc_000104571382/?bc=100451857604,不適合
SUUMO 賃貸 倉吉市,倉吉市,賃貸アパート,賃貸カテゴリ（掲載種別）,鳥取県倉吉市新陽町,5.1,50.0,,5,—,—,,—,賃貸のため対象外,,2026-07-24,,https://suumo.jp/chintai/jnc_000107690661/?bc=100512650504,不適合
SUUMO 賃貸 倉吉市,倉吉市,賃貸アパート,賃貸カテゴリ（掲載種別）,鳥取県倉吉市新陽町,5.25,50.0,,5,—,—,,—,賃貸のため対象外,,2026-07-24,,https://suumo.jp/chintai/jnc_000106867565/?bc=100451857603,不適合
SUUMO 賃貸 倉吉市,倉吉市,賃貸アパート,賃貸カテゴリ（掲載種別）,鳥取県倉吉市上余戸,5.1,50.2,,5,—,—,,—,賃貸のため対象外,,2026-07-24,,https://suumo.jp/chintai/jnc_000107012150/?bc=100505639711,不適合
SUUMO 賃貸 倉吉市,倉吉市,賃貸アパート,賃貸カテゴリ（掲載種別）,鳥取県倉吉市新田,5.3,53.7,,5,田,—,,—,賃貸のため対象外,,2026-07-24,,https://suumo.jp/chintai/jnc_000107750899/?bc=100511074344,不適合
SUUMO 賃貸 倉吉市,倉吉市,賃貸アパート,賃貸カテゴリ（掲載種別）,鳥取県倉吉市幸町,5.05,57.2,,5,—,—,,—,賃貸のため対象外,,2026-07-24,,https://suumo.jp/chintai/jnc_000107922569/?bc=100483335412,不適合
SUUMO 賃貸 倉吉市,倉吉市,賃貸アパート,賃貸カテゴリ（掲載種別）,鳥取県倉吉市米田町２,4.95,50.0,,5,田,—,,—,賃貸のため対象外,,2026-07-24,,https://suumo.jp/chintai/jnc_000107520775/?bc=100501306220,適合
SUUMO 賃貸 倉吉市,倉吉市,賃貸アパート,賃貸カテゴリ（掲載種別）,鳥取県倉吉市米田町２,4.95,50.0,,5,田,—,,—,賃貸のため対象外,,2026-07-24,,https://suumo.jp/chintai/jnc_000106188101/?bc=100443953482,適合
SUUMO 賃貸 倉吉市,倉吉市,賃貸アパート,賃貸カテゴリ（掲載種別）,鳥取県倉吉市伊木,5.7,45.5,,5,—,—,,—,賃貸のため対象外,,2026-07-24,,https://suumo.jp/chintai/jnc_000107000937/?bc=100491168576,不適合
SUUMO 賃貸 倉吉市,倉吉市,賃貸アパート,賃貸カテゴリ（掲載種別）,鳥取県倉吉市伊木,5.9,45.5,,5,—,—,,—,賃貸のため対象外,,2026-07-24,,https://suumo.jp/chintai/jnc_000108118694/?bc=100515508651,不適合
SUUMO 賃貸 倉吉市,倉吉市,賃貸アパート,賃貸カテゴリ（掲載種別）,鳥取県倉吉市伊木,6.5,60.4,,5,—,—,,—,賃貸のため対象外,,2026-07-24,,https://suumo.jp/chintai/jnc_000108237747/?bc=100514992019,不適合
SUUMO 賃貸 倉吉市,倉吉市,賃貸アパート,賃貸カテゴリ（掲載種別）,鳥取県倉吉市福庭,4.9,50.1,,5,—,—,,—,賃貸のため対象外,,2026-07-24,,https://suumo.jp/chintai/jnc_000107882724/?bc=100438951475,適合
SUUMO 賃貸 倉吉市,倉吉市,賃貸アパート,賃貸カテゴリ（掲載種別）,鳥取県倉吉市福吉町,5.4,40.6,,5,—,—,,—,賃貸のため対象外,,2026-07-24,,https://suumo.jp/chintai/jnc_000107007643/?bc=100487565057,不適合
SUUMO 賃貸 倉吉市,倉吉市,賃貸アパート,賃貸カテゴリ（掲載種別）,鳥取県倉吉市福吉町,5.4,40.6,,5,—,—,,—,賃貸のため対象外,,2026-07-24,,https://suumo.jp/chintai/jnc_000072682612/?bc=100487897028,不適合
SUUMO 賃貸 倉吉市,倉吉市,賃貸アパート,賃貸カテゴリ（掲載種別）,鳥取県倉吉市福吉町,5.5,40.6,,5,—,—,,—,賃貸のため対象外,,2026-07-24,,https://suumo.jp/chintai/jnc_000093368061/?bc=100506522174,不適合
SUUMO 賃貸 倉吉市,倉吉市,賃貸アパート,賃貸カテゴリ（掲載種別）,鳥取県倉吉市福吉町,5.5,40.6,,5,—,—,,—,賃貸のため対象外,,2026-07-24,,https://suumo.jp/chintai/jnc_000106963887/?bc=100505306244,不適合
SUUMO 賃貸 倉吉市,倉吉市,賃貸アパート,賃貸カテゴリ（掲載種別）,鳥取県倉吉市福吉町,5.9,52.4,,5,—,—,,—,賃貸のため対象外,,2026-07-24,,https://suumo.jp/chintai/jnc_000107007644/?bc=100501657857,不適合
SUUMO 賃貸 倉吉市,倉吉市,賃貸アパート,賃貸カテゴリ（掲載種別）,鳥取県倉吉市下余戸,6.2,55.8,,5,—,—,,—,賃貸のため対象外,,2026-07-24,,https://suumo.jp/chintai/jnc_000107684149/?bc=100510672460,不適合
SUUMO 賃貸 倉吉市,倉吉市,賃貸アパート,賃貸カテゴリ（掲載種別）,鳥取県倉吉市上井,4.5,20.5,,5,—,—,,—,賃貸のため対象外,,2026-07-24,,https://suumo.jp/chintai/jnc_000106653413/?bc=100503253504,適合
SUUMO 賃貸 倉吉市,倉吉市,賃貸アパート,賃貸カテゴリ（掲載種別）,鳥取県倉吉市上井,4.6,20.4,,5,—,—,,—,賃貸のため対象外,,2026-07-24,,https://suumo.jp/chintai/jnc_000107000935/?bc=100430989338,適合
SUUMO 賃貸 倉吉市,倉吉市,賃貸アパート,賃貸カテゴリ（掲載種別）,鳥取県倉吉市上井,4.9,20.5,,5,—,—,,—,賃貸のため対象外,,2026-07-24,,https://suumo.jp/chintai/jnc_000108554730/?bc=100476241477,適合
SUUMO 賃貸 倉吉市,倉吉市,賃貸アパート,賃貸カテゴリ（掲載種別）,鳥取県倉吉市上井,4.9,20.5,,5,—,—,,—,賃貸のため対象外,,2026-07-24,,https://suumo.jp/chintai/jnc_000108554729/?bc=100476766272,適合
SUUMO 賃貸 倉吉市,倉吉市,賃貸アパート,賃貸カテゴリ（掲載種別）,鳥取県倉吉市上井,4.9,20.4,,5,—,—,,—,賃貸のため対象外,,2026-07-24,,https://suumo.jp/chintai/jnc_000108276120/?bc=100515503093,適合
SUUMO 賃貸 倉吉市,倉吉市,賃貸アパート,賃貸カテゴリ（掲載種別）,鳥取県倉吉市上井,4.9,20.5,,5,—,—,,—,賃貸のため対象外,,2026-07-24,,https://suumo.jp/chintai/jnc_000103274487/?bc=100483152963,適合
SUUMO 賃貸 倉吉市,倉吉市,賃貸アパート,賃貸カテゴリ（掲載種別）,鳥取県倉吉市清谷町１,5.5,43.5,,5,—,—,,—,賃貸のため対象外,,2026-07-24,,https://suumo.jp/chintai/jnc_000089217705/?bc=100487855624,不適合
SUUMO 賃貸 倉吉市,倉吉市,賃貸マンション,賃貸カテゴリ（掲載種別）,鳥取県倉吉市上井町２,7.5,43.8,,5,—,—,,—,賃貸のため対象外,,2026-07-24,,https://suumo.jp/chintai/jnc_000107256082/?bc=100507355284,不適合
SUUMO 賃貸 倉吉市,倉吉市,賃貸アパート,賃貸カテゴリ（掲載種別）,鳥取県倉吉市伊木,6.5,60.4,,5,—,—,,—,賃貸のため対象外,,2026-07-24,,https://suumo.jp/chintai/jnc_000108237748/?bc=100515013367,不適合
SUUMO 賃貸 倉吉市,倉吉市,賃貸アパート,賃貸カテゴリ（掲載種別）,鳥取県倉吉市清谷町２,5.35,34.1,,5,—,—,,—,賃貸のため対象外,,2026-07-24,,https://suumo.jp/chintai/jnc_000107750905/?bc=100426131482,不適合
SUUMO 賃貸 倉吉市,倉吉市,賃貸アパート,賃貸カテゴリ（掲載種別）,鳥取県倉吉市下余戸,5.3,45.0,,5,—,—,,—,賃貸のため対象外,,2026-07-24,,https://suumo.jp/chintai/jnc_000105642146/?bc=100494884880,不適合
SUUMO 賃貸 倉吉市,倉吉市,賃貸アパート,賃貸カテゴリ（掲載種別）,鳥取県倉吉市下余戸,6.2,55.8,,5,—,—,,—,賃貸のため対象外,,2026-07-24,,https://suumo.jp/chintai/jnc_000067833813/?bc=100510591325,不適合
SUUMO 賃貸 倉吉市,倉吉市,賃貸アパート,賃貸カテゴリ（掲載種別）,鳥取県倉吉市米田町,7.4,58.6,,5,田,—,,—,賃貸のため対象外,,2026-07-24,,https://suumo.jp/chintai/jnc_000108454137/?bc=100516330410,不適合
SUUMO 賃貸 倉吉市,倉吉市,賃貸アパート,賃貸カテゴリ（掲載種別）,鳥取県倉吉市幸町,4.2,41.5,,5,—,—,,—,賃貸のため対象外,,2026-07-24,,https://suumo.jp/chintai/jnc_000107922570/?bc=100491900403,適合
SUUMO 賃貸 倉吉市,倉吉市,賃貸アパート,賃貸カテゴリ（掲載種別）,鳥取県倉吉市幸町,4.8,52.9,,5,—,—,,—,賃貸のため対象外,,2026-07-24,,https://suumo.jp/chintai/jnc_000107922571/?bc=100497582172,適合
SUUMO 賃貸 倉吉市,倉吉市,賃貸アパート,賃貸カテゴリ（掲載種別）,鳥取県倉吉市幸町,4.8,52.9,,5,—,—,,—,賃貸のため対象外,,2026-07-24,,https://suumo.jp/chintai/jnc_000108001814/?bc=100513277913,適合
SUUMO 賃貸 倉吉市,倉吉市,賃貸アパート,賃貸カテゴリ（掲載種別）,鳥取県倉吉市福吉町,5.4,40.6,,5,—,—,,—,賃貸のため対象外,,2026-07-24,,https://suumo.jp/chintai/jnc_000107012151/?bc=100447998518,不適合
SUUMO 賃貸 倉吉市,倉吉市,賃貸アパート,賃貸カテゴリ（掲載種別）,鳥取県倉吉市福吉町,5.5,40.6,,5,—,—,,—,賃貸のため対象外,,2026-07-24,,https://suumo.jp/chintai/jnc_000107571569/?bc=100505365709,不適合
SUUMO 賃貸 倉吉市,倉吉市,賃貸アパート,賃貸カテゴリ（掲載種別）,鳥取県倉吉市河北町,5.35,57.6,,5,—,—,,—,賃貸のため対象外,,2026-07-24,,https://suumo.jp/chintai/jnc_000106687140/?bc=100495371611,不適合
SUUMO 賃貸 倉吉市,倉吉市,賃貸アパート,賃貸カテゴリ（掲載種別）,鳥取県倉吉市福庭町１,5.5,50.0,,5,—,—,,—,賃貸のため対象外,,2026-07-24,,https://suumo.jp/chintai/jnc_000066421326/?bc=100498508204,不適合
SUUMO 賃貸 倉吉市,倉吉市,賃貸アパート,賃貸カテゴリ（掲載種別）,鳥取県倉吉市福庭町１,5.6,51.0,,5,—,—,,—,賃貸のため対象外,,2026-07-24,,https://suumo.jp/chintai/jnc_000074224202/?bc=100512684684,不適合
SUUMO 賃貸 倉吉市,倉吉市,賃貸アパート,賃貸カテゴリ（掲載種別）,鳥取県倉吉市福庭町１,5.7,35.0,,5,—,—,,—,賃貸のため対象外,,2026-07-24,,https://suumo.jp/chintai/jnc_000105624842/?bc=100447998693,不適合
SUUMO 賃貸 倉吉市,倉吉市,賃貸アパート,賃貸カテゴリ（掲載種別）,鳥取県倉吉市秋喜,5.15,45.4,,5,—,—,,—,賃貸のため対象外,,2026-07-24,,https://suumo.jp/chintai/jnc_000107567993/?bc=100514989215,不適合
SUUMO 賃貸 倉吉市,倉吉市,賃貸アパート,賃貸カテゴリ（掲載種別）,鳥取県倉吉市東町,4.45,45.9,,5,—,—,,—,賃貸のため対象外,,2026-07-24,,https://suumo.jp/chintai/jnc_000108587821/?bc=100492648790,適合
SUUMO 賃貸 倉吉市,倉吉市,賃貸アパート,賃貸カテゴリ（掲載種別）,鳥取県倉吉市東町,5.25,57.1,,5,—,—,,—,賃貸のため対象外,,2026-07-24,,https://suumo.jp/chintai/jnc_000108750863/?bc=100515508479,不適合
SUUMO 賃貸 倉吉市,倉吉市,賃貸アパート,賃貸カテゴリ（掲載種別）,鳥取県倉吉市東町,5.8,57.1,,5,—,—,,—,賃貸のため対象外,,2026-07-24,,https://suumo.jp/chintai/jnc_000108237750/?bc=100515316746,不適合
SUUMO 賃貸 倉吉市,倉吉市,賃貸アパート,賃貸カテゴリ（掲載種別）,鳥取県倉吉市新田,4.7,42.5,,5,田,—,,—,賃貸のため対象外,,2026-07-24,,https://suumo.jp/chintai/jnc_000107405594/?bc=100514526394,適合
SUUMO 賃貸 倉吉市,倉吉市,賃貸アパート,賃貸カテゴリ（掲載種別）,鳥取県倉吉市新田,4.8,53.7,,5,田,—,,—,賃貸のため対象外,,2026-07-24,,https://suumo.jp/chintai/jnc_000108750862/?bc=100510983176,適合
SUUMO 賃貸 倉吉市,倉吉市,賃貸アパート,賃貸カテゴリ（掲載種別）,鳥取県倉吉市新田,5.3,53.7,,5,田,—,,—,賃貸のため対象外,,2026-07-24,,https://suumo.jp/chintai/jnc_000107738079/?bc=100511063346,不適合
SUUMO 賃貸 倉吉市,倉吉市,賃貸アパート,賃貸カテゴリ（掲載種別）,鳥取県倉吉市福守町,5.65,58.9,,5,—,—,,—,賃貸のため対象外,,2026-07-24,,https://suumo.jp/chintai/jnc_000107584625/?bc=100510333846,不適合
SUUMO 賃貸 倉吉市,倉吉市,賃貸アパート,賃貸カテゴリ（掲載種別）,鳥取県倉吉市清谷町１,6.1,51.5,,5,—,—,,—,賃貸のため対象外,,2026-07-24,,https://suumo.jp/chintai/jnc_000108699923/?bc=100518234558,不適合
SUUMO 賃貸 倉吉市,倉吉市,賃貸アパート,賃貸カテゴリ（掲載種別）,鳥取県倉吉市福庭町１,5.4,54.0,,5,—,—,,—,賃貸のため対象外,,2026-07-24,,https://suumo.jp/chintai/jnc_000106791788/?bc=100503981348,不適合
SUUMO 賃貸 倉吉市,倉吉市,賃貸アパート,賃貸カテゴリ（掲載種別）,鳥取県倉吉市福庭町２,5.3,50.8,,5,—,—,,—,賃貸のため対象外,,2026-07-24,,https://suumo.jp/chintai/jnc_000057481095/?bc=100498508199,不適合
SUUMO 賃貸 倉吉市,倉吉市,賃貸アパート,賃貸カテゴリ（掲載種別）,鳥取県倉吉市福庭町２,6.8,50.8,,5,—,—,,—,賃貸のため対象外,,2026-07-24,,https://suumo.jp/chintai/jnc_000106815842/?bc=100498813758,不適合
SUUMO 賃貸 倉吉市,倉吉市,賃貸アパート,賃貸カテゴリ（掲載種別）,鳥取県倉吉市伊木,4.7,33.2,,5,—,—,,—,賃貸のため対象外,,2026-07-24,,https://suumo.jp/chintai/jnc_000107571553/?bc=100485996376,適合
SUUMO 賃貸 倉吉市,倉吉市,賃貸アパート,賃貸カテゴリ（掲載種別）,鳥取県倉吉市伊木,4.7,33.2,,5,—,—,,—,賃貸のため対象外,,2026-07-24,,https://suumo.jp/chintai/jnc_000107571554/?bc=100485996371,適合
SUUMO 賃貸 倉吉市,倉吉市,賃貸アパート,賃貸カテゴリ（掲載種別）,鳥取県倉吉市清谷町１,5.3,46.1,,5,—,—,,—,賃貸のため対象外,,2026-07-24,,https://suumo.jp/chintai/jnc_000070824241/?bc=100499430873,不適合
SUUMO 賃貸 倉吉市,倉吉市,賃貸アパート,賃貸カテゴリ（掲載種別）,鳥取県倉吉市生田,5.25,58.5,,5,田,—,,—,賃貸のため対象外,,2026-07-24,,https://suumo.jp/chintai/jnc_000108237749/?bc=100515013369,不適合
SUUMO 賃貸 倉吉市,倉吉市,賃貸アパート,賃貸カテゴリ（掲載種別）,鳥取県倉吉市河北町,4.65,30.8,,5,—,—,,—,賃貸のため対象外,,2026-07-24,,https://suumo.jp/chintai/jnc_000105674960/?bc=100495179164,適合
SUUMO 賃貸 倉吉市,倉吉市,賃貸アパート,賃貸カテゴリ（掲載種別）,鳥取県倉吉市下余戸,5.0,49.6,,5,—,—,,—,賃貸のため対象外,,2026-07-24,,https://suumo.jp/chintai/jnc_000107961592/?bc=100493112937,適合
SUUMO 賃貸 倉吉市,倉吉市,賃貸アパート,賃貸カテゴリ（掲載種別）,鳥取県倉吉市下余戸,5.1,49.6,,5,—,—,,—,賃貸のため対象外,,2026-07-24,,https://suumo.jp/chintai/jnc_000107961593/?bc=100447998346,不適合
SUUMO 賃貸 倉吉市,倉吉市,賃貸アパート,賃貸カテゴリ（掲載種別）,鳥取県倉吉市下余戸,5.1,49.6,,5,—,—,,—,賃貸のため対象外,,2026-07-24,,https://suumo.jp/chintai/jnc_000107961596/?bc=100447998662,不適合
SUUMO 賃貸 倉吉市,倉吉市,賃貸アパート,賃貸カテゴリ（掲載種別）,鳥取県倉吉市下余戸,5.3,49.6,,5,—,—,,—,賃貸のため対象外,,2026-07-24,,https://suumo.jp/chintai/jnc_000107961594/?bc=100463710120,不適合
SUUMO 賃貸 倉吉市,倉吉市,賃貸アパート,賃貸カテゴリ（掲載種別）,鳥取県倉吉市下余戸,5.4,49.6,,5,—,—,,—,賃貸のため対象外,,2026-07-24,,https://suumo.jp/chintai/jnc_000107961595/?bc=100499011463,不適合
SUUMO 賃貸 倉吉市,倉吉市,賃貸アパート,賃貸カテゴリ（掲載種別）,鳥取県倉吉市見日町,3.6,35.4,,5,—,—,,—,賃貸のため対象外,,2026-07-24,,https://suumo.jp/chintai/jnc_000074324103/?bc=100504502438,適合
SUUMO 賃貸 倉吉市,倉吉市,賃貸アパート,賃貸カテゴリ（掲載種別）,鳥取県倉吉市見日町,5.9,35.4,,5,—,—,,—,賃貸のため対象外,,2026-07-24,,https://suumo.jp/chintai/jnc_000105067301/?bc=100493934253,不適合
SUUMO 賃貸 倉吉市,倉吉市,賃貸アパート,賃貸カテゴリ（掲載種別）,鳥取県倉吉市福庭町２,6.1,35.4,,5,—,—,,—,賃貸のため対象外,,2026-07-24,,https://suumo.jp/chintai/jnc_000093026135/?bc=100505610373,不適合
SUUMO 賃貸 倉吉市,倉吉市,賃貸アパート,賃貸カテゴリ（掲載種別）,鳥取県倉吉市西福守町,5.1,56.3,,5,—,—,,—,賃貸のため対象外,,2026-07-24,,https://suumo.jp/chintai/jnc_000107567995/?bc=100514564761,不適合
SUUMO 賃貸 倉吉市,倉吉市,賃貸アパート,賃貸カテゴリ（掲載種別）,鳥取県倉吉市米田町２,4.9,41.8,,5,田,—,,—,賃貸のため対象外,,2026-07-24,,https://suumo.jp/chintai/jnc_000108728826/?bc=100518461064,適合
SUUMO 賃貸 倉吉市,倉吉市,賃貸アパート,賃貸カテゴリ（掲載種別）,鳥取県倉吉市福庭町１,5.4,54.0,,5,—,—,,—,賃貸のため対象外,,2026-07-24,,https://suumo.jp/chintai/jnc_000106841211/?bc=100504335187,不適合
SUUMO 賃貸 倉吉市,倉吉市,賃貸アパート,賃貸カテゴリ（掲載種別）,鳥取県倉吉市昭和町１,5.05,45.9,,5,—,—,,—,賃貸のため対象外,,2026-07-24,,https://suumo.jp/chintai/jnc_000106687141/?bc=100495447593,不適合
SUUMO 賃貸 倉吉市,倉吉市,賃貸アパート,賃貸カテゴリ（掲載種別）,鳥取県倉吉市丸山町,4.9,56.1,,5,—,—,,—,賃貸のため対象外,,2026-07-24,,https://suumo.jp/chintai/jnc_000104756313/?bc=100488383908,適合
SUUMO 賃貸 倉吉市,倉吉市,賃貸アパート,賃貸カテゴリ（掲載種別）,鳥取県倉吉市福庭町１,5.5,50.0,,5,—,—,,—,賃貸のため対象外,,2026-07-24,,https://suumo.jp/chintai/jnc_000050530572/?bc=100499706247,不適合
SUUMO 賃貸 倉吉市,倉吉市,賃貸アパート,賃貸カテゴリ（掲載種別）,鳥取県倉吉市福庭町１,5.6,51.0,,5,—,—,,—,賃貸のため対象外,,2026-07-24,,https://suumo.jp/chintai/jnc_000074218443/?bc=100513045518,不適合
SUUMO 賃貸 倉吉市,倉吉市,賃貸アパート,賃貸カテゴリ（掲載種別）,鳥取県倉吉市福守町,5.2,44.5,,5,—,—,,—,賃貸のため対象外,,2026-07-24,,https://suumo.jp/chintai/jnc_000073074043/?bc=100486850743,不適合
SUUMO 賃貸 倉吉市,倉吉市,賃貸アパート,賃貸カテゴリ（掲載種別）,鳥取県倉吉市福庭,4.85,46.5,,5,—,—,,—,賃貸のため対象外,,2026-07-24,,https://suumo.jp/chintai/jnc_000105684628/?bc=100495371188,適合
SUUMO 賃貸 倉吉市,倉吉市,賃貸アパート,賃貸カテゴリ（掲載種別）,鳥取県倉吉市福庭,5.05,58.9,,5,—,—,,—,賃貸のため対象外,,2026-07-24,,https://suumo.jp/chintai/jnc_000108545724/?bc=100438923975,不適合
SUUMO 賃貸 倉吉市,倉吉市,賃貸アパート,賃貸カテゴリ（掲載種別）,鳥取県倉吉市福庭,5.05,58.9,,5,—,—,,—,賃貸のため対象外,,2026-07-24,,https://suumo.jp/chintai/jnc_000108545723/?bc=100489206807,不適合
SUUMO 賃貸 倉吉市,倉吉市,賃貸アパート,賃貸カテゴリ（掲載種別）,鳥取県倉吉市福庭,5.25,58.9,,5,—,—,,—,賃貸のため対象外,,2026-07-24,,https://suumo.jp/chintai/jnc_000108545725/?bc=100435804997,不適合
SUUMO 賃貸 倉吉市,倉吉市,賃貸アパート,賃貸カテゴリ（掲載種別）,鳥取県倉吉市米田町２,6.4,62.2,,5,田,—,,—,賃貸のため対象外,,2026-07-24,,https://suumo.jp/chintai/jnc_000085839927/?bc=100493934238,不適合
SUUMO 賃貸 倉吉市,倉吉市,賃貸戸建,賃貸カテゴリ（掲載種別）,鳥取県倉吉市虹ケ丘町,7.0,64.0,,5,—,—,,—,賃貸のため対象外,,2026-07-24,,https://suumo.jp/chintai/jnc_000107795374/?bc=100511490009,不適合
SUUMO 賃貸 倉吉市,倉吉市,賃貸アパート,賃貸カテゴリ（掲載種別）,鳥取県倉吉市新田,4.4,43.1,,5,田,—,,—,賃貸のため対象外,,2026-07-24,,https://suumo.jp/chintai/jnc_000106024230/?bc=100498650552,適合
SUUMO 賃貸 倉吉市,倉吉市,賃貸アパート,賃貸カテゴリ（掲載種別）,鳥取県倉吉市新田,4.5,43.1,,5,田,—,,—,賃貸のため対象外,,2026-07-24,,https://suumo.jp/chintai/jnc_000105245026/?bc=100449773250,適合
SUUMO 賃貸 倉吉市,倉吉市,賃貸アパート,賃貸カテゴリ（掲載種別）,鳥取県倉吉市新田,5.2,54.8,,5,田,—,,—,賃貸のため対象外,,2026-07-24,,https://suumo.jp/chintai/jnc_000105657422/?bc=100495152395,不適合
SUUMO 賃貸 倉吉市,倉吉市,賃貸アパート,賃貸カテゴリ（掲載種別）,鳥取県倉吉市下余戸,5.5,58.0,,5,—,—,,—,賃貸のため対象外,,2026-07-24,,https://suumo.jp/chintai/jnc_000106928374/?bc=100504088986,不適合
SUUMO 賃貸 倉吉市,倉吉市,賃貸アパート,賃貸カテゴリ（掲載種別）,鳥取県倉吉市下余戸,5.5,58.0,,5,—,—,,—,賃貸のため対象外,,2026-07-24,,https://suumo.jp/chintai/jnc_000106811012/?bc=100504088817,不適合
SUUMO 賃貸 倉吉市,倉吉市,賃貸アパート,賃貸カテゴリ（掲載種別）,鳥取県倉吉市米田町２,4.5,43.1,,5,田,—,,—,賃貸のため対象外,,2026-07-24,,https://suumo.jp/chintai/jnc_000105550522/?bc=100449850332,適合
SUUMO 賃貸 倉吉市,倉吉市,賃貸アパート,賃貸カテゴリ（掲載種別）,鳥取県倉吉市米田町２,5.1,54.8,,5,田,—,,—,賃貸のため対象外,,2026-07-24,,https://suumo.jp/chintai/jnc_000105550523/?bc=100386122859,不適合
SUUMO 賃貸 倉吉市,倉吉市,賃貸アパート,賃貸カテゴリ（掲載種別）,鳥取県倉吉市米田町２,5.1,54.8,,5,田,—,,—,賃貸のため対象外,,2026-07-24,,https://suumo.jp/chintai/jnc_000108043842/?bc=100513524533,不適合
SUUMO 賃貸 倉吉市,倉吉市,賃貸アパート,賃貸カテゴリ（掲載種別）,鳥取県倉吉市福庭町２,5.3,50.8,,5,—,—,,—,賃貸のため対象外,,2026-07-24,,https://suumo.jp/chintai/jnc_000108196121/?bc=100510094658,不適合
SUUMO 賃貸 倉吉市,倉吉市,賃貸アパート,賃貸カテゴリ（掲載種別）,鳥取県倉吉市福庭町２,6.8,50.8,,5,—,—,,—,賃貸のため対象外,,2026-07-24,,https://suumo.jp/chintai/jnc_000107614602/?bc=100510094655,不適合
SUUMO 賃貸 倉吉市,倉吉市,賃貸アパート,賃貸カテゴリ（掲載種別）,鳥取県倉吉市福守町,5.0,48.2,,5,—,—,,—,賃貸のため対象外,,2026-07-24,,https://suumo.jp/chintai/jnc_000092898921/?bc=100499706323,適合
SUUMO 賃貸 倉吉市,倉吉市,賃貸アパート,賃貸カテゴリ（掲載種別）,鳥取県倉吉市米田町２,5.0,54.8,,5,田,—,,—,賃貸のため対象外,,2026-07-24,,https://suumo.jp/chintai/jnc_000107520776/?bc=100509406867,適合
SUUMO 賃貸 倉吉市,倉吉市,賃貸アパート,賃貸カテゴリ（掲載種別）,鳥取県倉吉市円谷町,4.6,58.0,,5,—,—,,—,賃貸のため対象外,,2026-07-24,,https://suumo.jp/chintai/jnc_000054651062/?bc=100469037666,適合
SUUMO 賃貸 倉吉市,倉吉市,賃貸アパート,賃貸カテゴリ（掲載種別）,鳥取県倉吉市中江,5.0,54.6,,5,—,—,,—,賃貸のため対象外,,2026-07-24,,https://suumo.jp/chintai/jnc_000088645343/?bc=100507138698,適合
SUUMO 賃貸 倉吉市,倉吉市,賃貸アパート,賃貸カテゴリ（掲載種別）,鳥取県倉吉市福庭町１,5.0,54.9,,5,—,—,,—,賃貸のため対象外,,2026-07-24,,https://suumo.jp/chintai/jnc_000083267790/?bc=100457385381,適合
SUUMO 賃貸 倉吉市,倉吉市,賃貸アパート,賃貸カテゴリ（掲載種別）,鳥取県倉吉市伊木,5.3,54.8,,5,—,—,,—,賃貸のため対象外,,2026-07-24,,https://suumo.jp/chintai/jnc_000105532456/?bc=100493974489,不適合
SUUMO 賃貸 倉吉市,倉吉市,賃貸戸建,賃貸カテゴリ（掲載種別）,鳥取県倉吉市虹ケ丘町,7.0,64.0,,5,—,—,,—,賃貸のため対象外,,2026-07-24,,https://suumo.jp/chintai/jnc_000107948875/?bc=100512620422,不適合
SUUMO 賃貸 倉吉市,倉吉市,賃貸アパート,賃貸カテゴリ（掲載種別）,鳥取県倉吉市下田中町,4.9,51.8,,5,田,—,,—,賃貸のため対象外,,2026-07-24,,https://suumo.jp/chintai/jnc_000107143606/?bc=100506087304,適合
SUUMO 賃貸 倉吉市,倉吉市,賃貸アパート,賃貸カテゴリ（掲載種別）,鳥取県倉吉市下余戸,4.1,46.5,,5,—,—,,—,賃貸のため対象外,,2026-07-24,,https://suumo.jp/chintai/jnc_000108750860/?bc=100514025586,適合
SUUMO 賃貸 倉吉市,倉吉市,賃貸アパート,賃貸カテゴリ（掲載種別）,鳥取県倉吉市下余戸,4.25,58.9,,5,—,—,,—,賃貸のため対象外,,2026-07-24,,https://suumo.jp/chintai/jnc_000107282167/?bc=100495182854,適合
SUUMO 賃貸 倉吉市,倉吉市,賃貸アパート,賃貸カテゴリ（掲載種別）,鳥取県倉吉市下余戸,4.25,58.9,,5,—,—,,—,賃貸のため対象外,,2026-07-24,,https://suumo.jp/chintai/jnc_000105085707/?bc=100457385622,適合
SUUMO 賃貸 倉吉市,倉吉市,賃貸アパート,賃貸カテゴリ（掲載種別）,鳥取県倉吉市下余戸,4.35,58.9,,5,—,—,,—,賃貸のため対象外,,2026-07-24,,https://suumo.jp/chintai/jnc_000108001815/?bc=100509248251,適合
SUUMO 賃貸 倉吉市,倉吉市,賃貸アパート,賃貸カテゴリ（掲載種別）,鳥取県倉吉市下余戸,4.55,46.5,,5,—,—,,—,賃貸のため対象外,,2026-07-24,,https://suumo.jp/chintai/jnc_000108059499/?bc=100513812992,適合
SUUMO 賃貸 倉吉市,倉吉市,賃貸アパート,賃貸カテゴリ（掲載種別）,鳥取県倉吉市秋喜西町,4.8,46.5,,5,—,—,,—,賃貸のため対象外,,2026-07-24,,https://suumo.jp/chintai/jnc_000107935338/?bc=100512510222,適合
SUUMO 賃貸 倉吉市,倉吉市,賃貸アパート,賃貸カテゴリ（掲載種別）,鳥取県倉吉市福庭町２,6.1,35.4,,5,—,—,,—,賃貸のため対象外,,2026-07-24,,https://suumo.jp/chintai/jnc_000095086154/?bc=100505365707,不適合
SUUMO 賃貸 倉吉市,倉吉市,賃貸アパート,賃貸カテゴリ（掲載種別）,鳥取県倉吉市新田,4.8,54.8,,5,田,—,,—,賃貸のため対象外,,2026-07-24,,https://suumo.jp/chintai/jnc_000105245025/?bc=100459394503,適合
SUUMO 賃貸 倉吉市,倉吉市,賃貸アパート,賃貸カテゴリ（掲載種別）,鳥取県倉吉市海田西町２,4.8,54.6,,5,田,—,,—,賃貸のため対象外,,2026-07-24,,https://suumo.jp/chintai/jnc_000098335055/?bc=100415898366,適合
SUUMO 賃貸 倉吉市,倉吉市,賃貸アパート,賃貸カテゴリ（掲載種別）,鳥取県倉吉市清谷町１,4.8,54.8,,5,—,—,,—,賃貸のため対象外,,2026-07-24,,https://suumo.jp/chintai/jnc_000108669312/?bc=100433253435,適合
SUUMO 賃貸 倉吉市,倉吉市,賃貸アパート,賃貸カテゴリ（掲載種別）,鳥取県倉吉市清谷町１,4.85,43.2,,5,—,—,,—,賃貸のため対象外,,2026-07-24,,https://suumo.jp/chintai/jnc_000108669311/?bc=100494359683,適合
SUUMO 賃貸 倉吉市,倉吉市,賃貸アパート,賃貸カテゴリ（掲載種別）,鳥取県倉吉市福守町,4.7,42.2,,5,—,—,,—,賃貸のため対象外,,2026-07-24,,https://suumo.jp/chintai/jnc_000108075786/?bc=100513964218,適合
SUUMO 賃貸 倉吉市,倉吉市,賃貸アパート,賃貸カテゴリ（掲載種別）,鳥取県倉吉市米田町２,4.9,45.3,,5,田,—,,—,賃貸のため対象外,,2026-07-24,,https://suumo.jp/chintai/jnc_000084688169/?bc=100438672843,適合
SUUMO 賃貸 倉吉市,倉吉市,賃貸アパート,賃貸カテゴリ（掲載種別）,鳥取県倉吉市米田町２,4.9,44.8,,5,田,—,,—,賃貸のため対象外,,2026-07-24,,https://suumo.jp/chintai/jnc_000104571378/?bc=100486829589,適合
SUUMO 賃貸 倉吉市,倉吉市,賃貸アパート,賃貸カテゴリ（掲載種別）,鳥取県倉吉市河北町,4.7,38.8,,5,—,—,,—,賃貸のため対象外,,2026-07-24,,https://suumo.jp/chintai/jnc_000093144177/?bc=100498622492,適合
SUUMO 賃貸 倉吉市,倉吉市,賃貸アパート,賃貸カテゴリ（掲載種別）,鳥取県倉吉市福庭町１,6.7,54.8,,5,—,—,,—,賃貸のため対象外,,2026-07-24,,https://suumo.jp/chintai/jnc_000106070029/?bc=100498650559,不適合
SUUMO 賃貸 倉吉市,倉吉市,賃貸アパート,賃貸カテゴリ（掲載種別）,鳥取県倉吉市下余戸,4.7,46.2,,5,—,—,,—,賃貸のため対象外,,2026-07-24,,https://suumo.jp/chintai/jnc_000106032090/?bc=100487554814,適合
SUUMO 賃貸 倉吉市,倉吉市,賃貸アパート,賃貸カテゴリ（掲載種別）,鳥取県倉吉市円谷町,4.6,58.0,,5,—,—,,—,賃貸のため対象外,,2026-07-24,,https://suumo.jp/chintai/jnc_000107967430/?bc=100467495683,適合
SUUMO 賃貸 倉吉市,倉吉市,賃貸アパート,賃貸カテゴリ（掲載種別）,鳥取県倉吉市米田町２,4.8,44.8,,5,田,—,,—,賃貸のため対象外,,2026-07-24,,https://suumo.jp/chintai/jnc_000108228443/?bc=100514953773,適合
SUUMO 賃貸 倉吉市,倉吉市,賃貸アパート,賃貸カテゴリ（掲載種別）,鳥取県倉吉市福庭町１,4.4,51.1,,5,—,—,,—,賃貸のため対象外,,2026-07-24,,https://suumo.jp/chintai/jnc_000107816429/?bc=100499011470,適合
SUUMO 賃貸 倉吉市,倉吉市,賃貸アパート,賃貸カテゴリ（掲載種別）,鳥取県倉吉市清谷町１,4.8,43.2,,5,—,—,,—,賃貸のため対象外,,2026-07-24,,https://suumo.jp/chintai/jnc_000107954031/?bc=100494359640,適合
SUUMO 賃貸 倉吉市,倉吉市,賃貸アパート,賃貸カテゴリ（掲載種別）,鳥取県倉吉市東巌城町,4.3,42.8,,5,—,—,,—,賃貸のため対象外,,2026-07-24,,https://suumo.jp/chintai/jnc_000106032097/?bc=100457385591,適合
SUUMO 賃貸 倉吉市,倉吉市,賃貸アパート,賃貸カテゴリ（掲載種別）,鳥取県倉吉市東巌城町,4.6,51.7,,5,—,—,,—,賃貸のため対象外,,2026-07-24,,https://suumo.jp/chintai/jnc_000106032098/?bc=100493112970,適合
SUUMO 賃貸 倉吉市,倉吉市,賃貸アパート,賃貸カテゴリ（掲載種別）,鳥取県倉吉市清谷町１,4.6,43.1,,5,—,—,,—,賃貸のため対象外,,2026-07-24,,https://suumo.jp/chintai/jnc_000082904657/?bc=100493073579,適合
SUUMO 賃貸 倉吉市,倉吉市,賃貸戸建,賃貸カテゴリ（掲載種別）,鳥取県倉吉市天神町,8.0,112.2,,5,—,—,,—,賃貸のため対象外,,2026-07-24,,https://suumo.jp/chintai/jnc_000105038857/?bc=100490156587,不適合
SUUMO 賃貸 倉吉市,倉吉市,賃貸アパート,賃貸カテゴリ（掲載種別）,鳥取県倉吉市福吉町,4.6,68.3,,5,—,—,,—,賃貸のため対象外,,2026-07-24,,https://suumo.jp/chintai/jnc_000102577592/?bc=100470755307,適合
SUUMO 賃貸 倉吉市,倉吉市,賃貸アパート,賃貸カテゴリ（掲載種別）,鳥取県倉吉市清谷町１,4.6,29.8,,5,—,—,,—,賃貸のため対象外,,2026-07-24,,https://suumo.jp/chintai/jnc_000047697508/?bc=100517785014,適合
SUUMO 賃貸 倉吉市,倉吉市,賃貸アパート,賃貸カテゴリ（掲載種別）,鳥取県倉吉市清谷町１,4.75,29.8,,5,—,—,,—,賃貸のため対象外,,2026-07-24,,https://suumo.jp/chintai/jnc_000065039208/?bc=100509898051,適合
SUUMO 賃貸 倉吉市,倉吉市,賃貸アパート,賃貸カテゴリ（掲載種別）,鳥取県倉吉市清谷町１,4.8,29.8,,5,—,—,,—,賃貸のため対象外,,2026-07-24,,https://suumo.jp/chintai/jnc_000106896285/?bc=100504501891,適合
SUUMO 賃貸 倉吉市,倉吉市,賃貸アパート,賃貸カテゴリ（掲載種別）,鳥取県倉吉市米田町２,4.5,43.1,,5,田,—,,—,賃貸のため対象外,,2026-07-24,,https://suumo.jp/chintai/jnc_000108051420/?bc=100513524536,適合
SUUMO 賃貸 倉吉市,倉吉市,賃貸アパート,賃貸カテゴリ（掲載種別）,鳥取県倉吉市米田町２,5.0,54.8,,5,田,—,,—,賃貸のため対象外,,2026-07-24,,https://suumo.jp/chintai/jnc_000107448604/?bc=100508724282,適合
SUUMO 賃貸 倉吉市,倉吉市,賃貸アパート,賃貸カテゴリ（掲載種別）,鳥取県倉吉市清谷町２,4.5,35.5,,5,—,—,,—,賃貸のため対象外,,2026-07-24,,https://suumo.jp/chintai/jnc_000065592213/?bc=100502516388,適合
SUUMO 賃貸 倉吉市,倉吉市,賃貸アパート,賃貸カテゴリ（掲載種別）,鳥取県倉吉市昭和町２,4.25,26.1,,5,—,—,,—,賃貸のため対象外,,2026-07-24,,https://suumo.jp/chintai/jnc_000107896468/?bc=100492615837,適合
SUUMO 賃貸 倉吉市,倉吉市,賃貸アパート,賃貸カテゴリ（掲載種別）,鳥取県倉吉市清谷町１,4.75,29.8,,5,—,—,,—,賃貸のため対象外,,2026-07-24,,https://suumo.jp/chintai/jnc_000107546808/?bc=100509604124,適合
SUUMO 賃貸 倉吉市,倉吉市,賃貸アパート,賃貸カテゴリ（掲載種別）,鳥取県倉吉市清谷町１,4.8,29.8,,5,—,—,,—,賃貸のため対象外,,2026-07-24,,https://suumo.jp/chintai/jnc_000107984164/?bc=100512940136,適合
SUUMO 賃貸 倉吉市,倉吉市,賃貸アパート,賃貸カテゴリ（掲載種別）,鳥取県倉吉市福庭町２,4.5,35.4,,5,—,—,,—,賃貸のため対象外,,2026-07-24,,https://suumo.jp/chintai/jnc_000108187158/?bc=100494359675,適合
SUUMO 賃貸 倉吉市,倉吉市,賃貸アパート,賃貸カテゴリ（掲載種別）,鳥取県倉吉市中江,4.2,44.7,,5,—,—,,—,賃貸のため対象外,,2026-07-24,,https://suumo.jp/chintai/jnc_000106841210/?bc=100504356038,適合
SUUMO 賃貸 倉吉市,倉吉市,賃貸アパート,賃貸カテゴリ（掲載種別）,鳥取県倉吉市東巌城町,4.3,45.3,,5,—,—,,—,賃貸のため対象外,,2026-07-24,,https://suumo.jp/chintai/jnc_000106032094/?bc=100475387963,適合
SUUMO 賃貸 倉吉市,倉吉市,賃貸アパート,賃貸カテゴリ（掲載種別）,鳥取県倉吉市清谷町２,4.0,35.5,,5,—,—,,—,賃貸のため対象外,,2026-07-24,,https://suumo.jp/chintai/jnc_000108178995/?bc=100487855619,適合
SUUMO 賃貸 倉吉市,倉吉市,賃貸アパート,賃貸カテゴリ（掲載種別）,鳥取県倉吉市清谷町２,4.5,35.5,,5,—,—,,—,賃貸のため対象外,,2026-07-24,,https://suumo.jp/chintai/jnc_000014569871/?bc=100500954890,適合
SUUMO 賃貸 倉吉市,倉吉市,賃貸マンション,賃貸カテゴリ（掲載種別）,鳥取県倉吉市上井,3.95,30.8,,5,—,—,,—,賃貸のため対象外,,2026-07-24,,https://suumo.jp/chintai/jnc_000105952718/?bc=100431723462,適合
SUUMO 賃貸 倉吉市,倉吉市,賃貸マンション,賃貸カテゴリ（掲載種別）,鳥取県倉吉市上井,3.95,30.8,,5,—,—,,—,賃貸のため対象外,,2026-07-24,,https://suumo.jp/chintai/jnc_000105952717/?bc=100491845904,適合
SUUMO 賃貸 倉吉市,倉吉市,賃貸アパート,賃貸カテゴリ（掲載種別）,鳥取県倉吉市清谷町２,4.5,35.5,,5,—,—,,—,賃貸のため対象外,,2026-07-24,,https://suumo.jp/chintai/jnc_000106709942/?bc=100503419988,適合
SUUMO 賃貸 倉吉市,倉吉市,賃貸アパート,賃貸カテゴリ（掲載種別）,鳥取県倉吉市清谷町２,4.3,42.8,,5,—,—,,—,賃貸のため対象外,,2026-07-24,,https://suumo.jp/chintai/jnc_000107120620/?bc=100495371613,適合
SUUMO 賃貸 倉吉市,倉吉市,賃貸アパート,賃貸カテゴリ（掲載種別）,鳥取県倉吉市清谷町２,4.4,42.8,,5,—,—,,—,賃貸のため対象外,,2026-07-24,,https://suumo.jp/chintai/jnc_000107120619/?bc=100446542229,適合
SUUMO 賃貸 倉吉市,倉吉市,賃貸アパート,賃貸カテゴリ（掲載種別）,鳥取県倉吉市清谷町２,4.4,42.8,,5,—,—,,—,賃貸のため対象外,,2026-07-24,,https://suumo.jp/chintai/jnc_000107120621/?bc=100434212445,適合
SUUMO 賃貸 倉吉市,倉吉市,賃貸アパート,賃貸カテゴリ（掲載種別）,鳥取県倉吉市東巌城町,3.4,28.2,,5,—,—,,—,賃貸のため対象外,,2026-07-24,,https://suumo.jp/chintai/jnc_000048137706/?bc=100495999098,適合
SUUMO 賃貸 倉吉市,倉吉市,賃貸アパート,賃貸カテゴリ（掲載種別）,鳥取県倉吉市東巌城町,3.5,28.2,,5,—,—,,—,賃貸のため対象外,,2026-07-24,,https://suumo.jp/chintai/jnc_000108178994/?bc=100498630059,適合
SUUMO 賃貸 倉吉市,倉吉市,賃貸アパート,賃貸カテゴリ（掲載種別）,鳥取県倉吉市東巌城町,3.8,28.2,,5,—,—,,—,賃貸のため対象外,,2026-07-24,,https://suumo.jp/chintai/jnc_000072124111/?bc=100498668833,適合
SUUMO 賃貸 倉吉市,倉吉市,賃貸アパート,賃貸カテゴリ（掲載種別）,鳥取県倉吉市福庭町１,4.4,42.8,,5,—,—,,—,賃貸のため対象外,,2026-07-24,,https://suumo.jp/chintai/jnc_000108719909/?bc=100489042890,適合
SUUMO 賃貸 倉吉市,倉吉市,賃貸アパート,賃貸カテゴリ（掲載種別）,鳥取県倉吉市福庭町１,4.7,42.8,,5,—,—,,—,賃貸のため対象外,,2026-07-24,,https://suumo.jp/chintai/jnc_000104900497/?bc=100501975184,適合
SUUMO 賃貸 倉吉市,倉吉市,賃貸マンション,賃貸カテゴリ（掲載種別）,鳥取県倉吉市秋喜西町,3.75,53.1,,5,—,—,,—,賃貸のため対象外,,2026-07-24,,https://suumo.jp/chintai/jnc_000108637598/?bc=100517776708,適合
SUUMO 賃貸 倉吉市,倉吉市,賃貸アパート,賃貸カテゴリ（掲載種別）,鳥取県倉吉市東巌城町,4.3,42.8,,5,—,—,,—,賃貸のため対象外,,2026-07-24,,https://suumo.jp/chintai/jnc_000106032095/?bc=100496601512,適合
SUUMO 賃貸 倉吉市,倉吉市,賃貸マンション,賃貸カテゴリ（掲載種別）,鳥取県倉吉市秋喜西町,3.53,53.1,,5,—,—,,—,賃貸のため対象外,,2026-07-24,,https://suumo.jp/chintai/jnc_000104833240/?bc=100508755965,適合
SUUMO 賃貸 倉吉市,倉吉市,賃貸マンション,賃貸カテゴリ（掲載種別）,鳥取県倉吉市秋喜西町,3.64,53.1,,5,—,—,,—,賃貸のため対象外,,2026-07-24,,https://suumo.jp/chintai/jnc_000104841137/?bc=100508755776,適合
SUUMO 賃貸 倉吉市,倉吉市,賃貸アパート,賃貸カテゴリ（掲載種別）,鳥取県倉吉市中江,4.2,43.4,,5,—,—,,—,賃貸のため対象外,,2026-07-24,,https://suumo.jp/chintai/jnc_000108051419/?bc=100513524508,適合
SUUMO 賃貸 倉吉市,倉吉市,賃貸アパート,賃貸カテゴリ（掲載種別）,鳥取県倉吉市中江,4.3,43.4,,5,—,—,,—,賃貸のため対象外,,2026-07-24,,https://suumo.jp/chintai/jnc_000104446819/?bc=100485670098,適合
SUUMO 賃貸 倉吉市,倉吉市,賃貸アパート,賃貸カテゴリ（掲載種別）,鳥取県倉吉市上井,3.6,30.4,,5,—,—,,—,賃貸のため対象外,,2026-07-24,,https://suumo.jp/chintai/jnc_000106258729/?bc=100500088634,適合
SUUMO 賃貸 倉吉市,倉吉市,賃貸アパート,賃貸カテゴリ（掲載種別）,鳥取県倉吉市上井,3.6,30.4,,5,—,—,,—,賃貸のため対象外,,2026-07-24,,https://suumo.jp/chintai/jnc_000108744477/?bc=100500089167,適合
SUUMO 賃貸 倉吉市,倉吉市,賃貸アパート,賃貸カテゴリ（掲載種別）,鳥取県倉吉市福庭町１,4.3,35.0,,5,—,—,,—,賃貸のため対象外,,2026-07-24,,https://suumo.jp/chintai/jnc_000108405023/?bc=100516512821,適合
SUUMO 賃貸 倉吉市,倉吉市,賃貸アパート,賃貸カテゴリ（掲載種別）,鳥取県倉吉市福庭町１,4.3,35.0,,5,—,—,,—,賃貸のため対象外,,2026-07-24,,https://suumo.jp/chintai/jnc_000108444780/?bc=100516267997,適合
SUUMO 賃貸 倉吉市,倉吉市,賃貸アパート,賃貸カテゴリ（掲載種別）,鳥取県倉吉市海田西町２,4.0,28.2,,5,田,—,,—,賃貸のため対象外,,2026-07-24,,https://suumo.jp/chintai/jnc_000080067629/?bc=100512684498,適合
SUUMO 賃貸 倉吉市,倉吉市,賃貸アパート,賃貸カテゴリ（掲載種別）,鳥取県倉吉市海田西町２,4.0,28.2,,5,田,—,,—,賃貸のため対象外,,2026-07-24,,https://suumo.jp/chintai/jnc_000107822547/?bc=100511577170,適合
SUUMO 賃貸 倉吉市,倉吉市,賃貸アパート,賃貸カテゴリ（掲載種別）,鳥取県倉吉市清谷町１,4.0,35.5,,5,—,—,,—,賃貸のため対象外,,2026-07-24,,https://suumo.jp/chintai/jnc_000108280393/?bc=100488319318,適合
SUUMO 賃貸 倉吉市,倉吉市,賃貸戸建,賃貸カテゴリ（掲載種別）,鳥取県倉吉市余戸谷町,4.3,92.8,,5,—,—,,—,賃貸のため対象外,,2026-07-24,,https://suumo.jp/chintai/jnc_000108196119/?bc=100341696033,適合
SUUMO 賃貸 倉吉市,倉吉市,賃貸アパート,賃貸カテゴリ（掲載種別）,鳥取県倉吉市昭和町１,3.95,26.8,,5,—,—,,—,賃貸のため対象外,,2026-07-24,,https://suumo.jp/chintai/jnc_000108444778/?bc=100516267999,適合
SUUMO 賃貸 倉吉市,倉吉市,賃貸マンション,賃貸カテゴリ（掲載種別）,鳥取県倉吉市馬場町,3.46,38.1,,5,—,—,,—,賃貸のため対象外,,2026-07-24,,https://suumo.jp/chintai/jnc_000105742851/?bc=100505664514,適合
SUUMO 賃貸 倉吉市,倉吉市,賃貸マンション,賃貸カテゴリ（掲載種別）,鳥取県倉吉市馬場町,3.05,38.1,,5,—,—,,—,賃貸のため対象外,,2026-07-24,,https://suumo.jp/chintai/jnc_000107017697/?bc=100506076244,適合
SUUMO 賃貸 倉吉市,倉吉市,賃貸マンション,賃貸カテゴリ（掲載種別）,鳥取県倉吉市馬場町,3.41,38.1,,5,—,—,,—,賃貸のため対象外,,2026-07-24,,https://suumo.jp/chintai/jnc_000107017696/?bc=100506076336,適合
SUUMO 賃貸 倉吉市,倉吉市,賃貸アパート,賃貸カテゴリ（掲載種別）,鳥取県倉吉市昭和町１,3.85,26.8,,5,—,—,,—,賃貸のため対象外,,2026-07-24,,https://suumo.jp/chintai/jnc_000108169117/?bc=100514989333,適合
SUUMO 賃貸 倉吉市,倉吉市,賃貸アパート,賃貸カテゴリ（掲載種別）,鳥取県倉吉市昭和町１,3.95,26.8,,5,—,—,,—,賃貸のため対象外,,2026-07-24,,https://suumo.jp/chintai/jnc_000108444777/?bc=100517337510,適合
SUUMO 賃貸 倉吉市,倉吉市,賃貸アパート,賃貸カテゴリ（掲載種別）,鳥取県倉吉市みどり町,3.6,36.3,,5,—,—,,—,賃貸のため対象外,,2026-07-24,,https://suumo.jp/chintai/jnc_000107197725/?bc=100507437905,適合
SUUMO 賃貸 倉吉市,倉吉市,賃貸アパート,賃貸カテゴリ（掲載種別）,鳥取県倉吉市宮川町,3.6,35.4,,5,—,—,,—,賃貸のため対象外,,2026-07-24,,https://suumo.jp/chintai/jnc_000074384277/?bc=100503976586,適合
SUUMO 賃貸 倉吉市,倉吉市,賃貸アパート,賃貸カテゴリ（掲載種別）,鳥取県倉吉市見日町,3.6,35.4,,5,—,—,,—,賃貸のため対象外,,2026-07-24,,https://suumo.jp/chintai/jnc_000106811015/?bc=100504102273,適合
SUUMO 賃貸 倉吉市,倉吉市,賃貸アパート,賃貸カテゴリ（掲載種別）,鳥取県倉吉市東巌城町,4.0,59.7,,5,—,—,,—,賃貸のため対象外,,2026-07-24,,https://suumo.jp/chintai/jnc_000100900948/?bc=100455247454,適合
SUUMO 賃貸 倉吉市,倉吉市,賃貸アパート,賃貸カテゴリ（掲載種別）,鳥取県倉吉市下田中町,3.4,25.2,,5,田,—,,—,賃貸のため対象外,,2026-07-24,,https://suumo.jp/chintai/jnc_000106643500/?bc=100385357875,適合
SUUMO 賃貸 倉吉市,倉吉市,賃貸マンション,賃貸カテゴリ（掲載種別）,鳥取県倉吉市米田町,3.44,33.5,,5,田,—,,—,賃貸のため対象外,,2026-07-24,,https://suumo.jp/chintai/jnc_000107078037/?bc=100509440729,適合
SUUMO 賃貸 倉吉市,倉吉市,賃貸マンション,賃貸カテゴリ（掲載種別）,鳥取県倉吉市米田町,3.77,33.5,,5,田,—,,—,賃貸のため対象外,,2026-07-24,,https://suumo.jp/chintai/jnc_000105067300/?bc=100488493666,適合
SUUMO 賃貸 倉吉市,倉吉市,賃貸アパート,賃貸カテゴリ（掲載種別）,鳥取県倉吉市海田西町２,3.0,25.0,,5,田,—,,—,賃貸のため対象外,,2026-07-24,,https://suumo.jp/chintai/jnc_000105394998/?bc=100267299981,適合
SUUMO 賃貸 倉吉市,倉吉市,賃貸アパート,賃貸カテゴリ（掲載種別）,鳥取県倉吉市海田西町２,2.8,17.0,,5,田,—,,—,賃貸のため対象外,,2026-07-24,,https://suumo.jp/chintai/jnc_000100000355/?bc=100447998544,適合
SUUMO 賃貸 倉吉市,倉吉市,賃貸アパート,賃貸カテゴリ（掲載種別）,鳥取県倉吉市福吉町,5.95,40.7,,5,—,—,,—,賃貸のため対象外,,2026-07-24,,https://suumo.jp/chintai/jnc_000107750900/?bc=100511288184,不適合
SUUMO 賃貸 倉吉市,倉吉市,賃貸アパート,賃貸カテゴリ（掲載種別）,鳥取県倉吉市清谷町１,6.0,58.6,,5,—,—,,—,賃貸のため対象外,,2026-07-24,,https://suumo.jp/chintai/jnc_000106941886/?bc=100495628951,不適合
SUUMO 賃貸 倉吉市,倉吉市,賃貸アパート,賃貸カテゴリ（掲載種別）,鳥取県倉吉市福守町,5.45,50.4,,5,—,—,,—,賃貸のため対象外,,2026-07-24,,https://suumo.jp/chintai/jnc_000107370759/?bc=100508722479,不適合
SUUMO 賃貸 倉吉市,倉吉市,賃貸アパート,賃貸カテゴリ（掲載種別）,鳥取県倉吉市福守町,7.2,62.1,,5,—,—,,—,賃貸のため対象外,,2026-07-24,,https://suumo.jp/chintai/jnc_000108363327/?bc=100515702792,不適合
SUUMO 賃貸 倉吉市,倉吉市,賃貸アパート,賃貸カテゴリ（掲載種別）,鳥取県倉吉市福庭町１,5.3,50.0,,5,—,—,,—,賃貸のため対象外,,2026-07-24,,https://suumo.jp/chintai/jnc_000107816431/?bc=100482048295,不適合
SUUMO 賃貸 倉吉市,倉吉市,賃貸アパート,賃貸カテゴリ（掲載種別）,鳥取県倉吉市福庭町１,5.3,50.0,,5,—,—,,—,賃貸のため対象外,,2026-07-24,,https://suumo.jp/chintai/jnc_000107816432/?bc=100517409284,不適合
SUUMO 賃貸 倉吉市,倉吉市,賃貸アパート,賃貸カテゴリ（掲載種別）,鳥取県倉吉市福庭町１,5.5,50.0,,5,—,—,,—,賃貸のため対象外,,2026-07-24,,https://suumo.jp/chintai/jnc_000107816430/?bc=100482048297,不適合
SUUMO 賃貸 倉吉市,倉吉市,賃貸アパート,賃貸カテゴリ（掲載種別）,鳥取県倉吉市福庭町１,6.2,59.6,,5,—,—,,—,賃貸のため対象外,,2026-07-24,,https://suumo.jp/chintai/jnc_000107063037/?bc=100480891432,不適合
SUUMO 賃貸 倉吉市,倉吉市,賃貸アパート,賃貸カテゴリ（掲載種別）,鳥取県倉吉市福庭町１,6.2,59.6,,5,—,—,,—,賃貸のため対象外,,2026-07-24,,https://suumo.jp/chintai/jnc_000107063035/?bc=100501305081,不適合
SUUMO 賃貸 倉吉市,倉吉市,賃貸アパート,賃貸カテゴリ（掲載種別）,鳥取県倉吉市福庭町１,5.5,50.0,,5,—,—,,—,賃貸のため対象外,,2026-07-24,,https://suumo.jp/chintai/jnc_000107063039/?bc=100480891443,不適合
SUUMO 賃貸 倉吉市,倉吉市,賃貸アパート,賃貸カテゴリ（掲載種別）,鳥取県倉吉市下余戸,2.65,49.6,,5,—,—,,—,賃貸のため対象外,,2026-07-24,,https://suumo.jp/chintai/jnc_000106253456/?bc=100500064210,適合
SUUMO 賃貸 倉吉市,倉吉市,賃貸アパート,賃貸カテゴリ（掲載種別）,鳥取県倉吉市下余戸,5.0,49.6,,5,—,—,,—,賃貸のため対象外,,2026-07-24,,https://suumo.jp/chintai/jnc_000107700413/?bc=100511721511,適合
SUUMO 賃貸 倉吉市,倉吉市,賃貸アパート,賃貸カテゴリ（掲載種別）,鳥取県倉吉市下余戸,5.1,49.6,,5,—,—,,—,賃貸のため対象外,,2026-07-24,,https://suumo.jp/chintai/jnc_000107700414/?bc=100501951378,不適合
SUUMO 賃貸 倉吉市,倉吉市,賃貸アパート,賃貸カテゴリ（掲載種別）,鳥取県倉吉市下余戸,5.1,49.6,,5,—,—,,—,賃貸のため対象外,,2026-07-24,,https://suumo.jp/chintai/jnc_000107700417/?bc=100501951404,不適合
SUUMO 賃貸 倉吉市,倉吉市,賃貸アパート,賃貸カテゴリ（掲載種別）,鳥取県倉吉市下余戸,5.3,49.6,,5,—,—,,—,賃貸のため対象外,,2026-07-24,,https://suumo.jp/chintai/jnc_000107700415/?bc=100475335110,不適合
SUUMO 賃貸 倉吉市,倉吉市,賃貸アパート,賃貸カテゴリ（掲載種別）,鳥取県倉吉市下余戸,5.3,49.6,,5,—,—,,—,賃貸のため対象外,,2026-07-24,,https://suumo.jp/chintai/jnc_000104166680/?bc=100497660144,不適合
SUUMO 賃貸 倉吉市,倉吉市,賃貸アパート,賃貸カテゴリ（掲載種別）,鳥取県倉吉市下余戸,5.4,49.6,,5,—,—,,—,賃貸のため対象外,,2026-07-24,,https://suumo.jp/chintai/jnc_000107700416/?bc=100499312192,不適合
SUUMO 賃貸 倉吉市,倉吉市,賃貸アパート,賃貸カテゴリ（掲載種別）,鳥取県倉吉市東巌城町,6.1,51.1,,5,—,—,,—,賃貸のため対象外,,2026-07-24,,https://suumo.jp/chintai/jnc_000107007645/?bc=100495620798,不適合
SUUMO 賃貸 倉吉市,倉吉市,賃貸アパート,賃貸カテゴリ（掲載種別）,鳥取県倉吉市米田町,6.7,58.6,,5,田,—,,—,賃貸のため対象外,,2026-07-24,,https://suumo.jp/chintai/jnc_000108750866/?bc=100517337562,不適合
SUUMO 賃貸 倉吉市,倉吉市,賃貸アパート,賃貸カテゴリ（掲載種別）,鳥取県倉吉市米田町,7.4,58.6,,5,田,—,,—,賃貸のため対象外,,2026-07-24,,https://suumo.jp/chintai/jnc_000108363328/?bc=100515811179,不適合
SUUMO 賃貸 倉吉市,倉吉市,賃貸アパート,賃貸カテゴリ（掲載種別）,鳥取県倉吉市福庭,4.9,50.2,,5,—,—,,—,賃貸のため対象外,,2026-07-24,,https://suumo.jp/chintai/jnc_000108750864/?bc=100512684282,適合
SUUMO 賃貸 倉吉市,倉吉市,賃貸アパート,賃貸カテゴリ（掲載種別）,鳥取県倉吉市福庭,5.4,50.2,,5,—,—,,—,賃貸のため対象外,,2026-07-24,,https://suumo.jp/chintai/jnc_000107738080/?bc=100511063401,不適合
SUUMO 賃貸 倉吉市,倉吉市,賃貸アパート,賃貸カテゴリ（掲載種別）,鳥取県倉吉市上井,6.5,40.3,,5,—,—,,—,賃貸のため対象外,,2026-07-24,,https://suumo.jp/chintai/jnc_000108105104/?bc=100514683922,不適合
SUUMO 賃貸 倉吉市,倉吉市,賃貸アパート,賃貸カテゴリ（掲載種別）,鳥取県倉吉市米田町２,4.95,50.0,,5,田,—,,—,賃貸のため対象外,,2026-07-24,,https://suumo.jp/chintai/jnc_000106225673/?bc=100499785534,適合
SUUMO 賃貸 倉吉市,倉吉市,賃貸アパート,賃貸カテゴリ（掲載種別）,鳥取県倉吉市不入岡,5.4,67.3,,5,—,—,,—,賃貸のため対象外,,2026-07-24,,https://suumo.jp/chintai/jnc_000108750865/?bc=100512234465,不適合
SUUMO 賃貸 倉吉市,倉吉市,賃貸アパート,賃貸カテゴリ（掲載種別）,鳥取県倉吉市不入岡,6.0,67.3,,5,—,—,,—,賃貸のため対象外,,2026-07-24,,https://suumo.jp/chintai/jnc_000107917264/?bc=100512606653,不適合
SUUMO 賃貸 倉吉市,倉吉市,賃貸アパート,賃貸カテゴリ（掲載種別）,鳥取県倉吉市山根,6.3,43.2,,5,—,—,,—,賃貸のため対象外,,2026-07-24,,https://suumo.jp/chintai/jnc_000108497426/?bc=100516636058,不適合
SUUMO 賃貸 倉吉市,倉吉市,賃貸アパート,賃貸カテゴリ（掲載種別）,鳥取県倉吉市幸町,6.0,59.9,,5,—,—,,—,賃貸のため対象外,,2026-07-24,,https://suumo.jp/chintai/jnc_000106050103/?bc=100499706218,不適合
SUUMO 賃貸 倉吉市,倉吉市,賃貸アパート,賃貸カテゴリ（掲載種別）,鳥取県倉吉市下余戸,5.3,48.6,,5,—,—,,—,賃貸のため対象外,,2026-07-24,,https://suumo.jp/chintai/jnc_000093527517/?bc=100503254711,不適合
SUUMO 賃貸 倉吉市,倉吉市,賃貸アパート,賃貸カテゴリ（掲載種別）,鳥取県倉吉市上余戸,5.1,50.2,,5,—,—,,—,賃貸のため対象外,,2026-07-24,,https://suumo.jp/chintai/jnc_000106886550/?bc=100504630351,不適合
SUUMO 賃貸 倉吉市,倉吉市,賃貸アパート,賃貸カテゴリ（掲載種別）,鳥取県倉吉市秋喜,4.85,50.2,,5,—,—,,—,賃貸のため対象外,,2026-07-24,,https://suumo.jp/chintai/jnc_000108750861/?bc=100512078059,適合
SUUMO 賃貸 倉吉市,倉吉市,賃貸アパート,賃貸カテゴリ（掲載種別）,鳥取県倉吉市秋喜,5.35,50.2,,5,—,—,,—,賃貸のため対象外,,2026-07-24,,https://suumo.jp/chintai/jnc_000107872847/?bc=100512606649,不適合
SUUMO 賃貸 倉吉市,倉吉市,賃貸アパート,賃貸カテゴリ（掲載種別）,鳥取県倉吉市上井,4.6,40.0,,5,—,—,,—,賃貸のため対象外,,2026-07-24,,https://suumo.jp/chintai/jnc_000106851335/?bc=100504413920,適合
SUUMO 賃貸 倉吉市,倉吉市,賃貸アパート,賃貸カテゴリ（掲載種別）,鳥取県倉吉市八屋,6.45,41.1,,5,—,—,,—,賃貸のため対象外,,2026-07-24,,https://suumo.jp/chintai/jnc_000107314497/?bc=100508724575,不適合
SUUMO 賃貸 倉吉市,倉吉市,賃貸アパート,賃貸カテゴリ（掲載種別）,鳥取県倉吉市八屋,6.45,41.1,,5,—,—,,—,賃貸のため対象外,,2026-07-24,,https://suumo.jp/chintai/jnc_000107314496/?bc=100508724573,不適合
SUUMO 賃貸 倉吉市,倉吉市,賃貸アパート,賃貸カテゴリ（掲載種別）,鳥取県倉吉市八屋,6.65,41.1,,5,—,—,,—,賃貸のため対象外,,2026-07-24,,https://suumo.jp/chintai/jnc_000107314495/?bc=100507755462,不適合
SUUMO 賃貸 倉吉市,倉吉市,賃貸アパート,賃貸カテゴリ（掲載種別）,鳥取県倉吉市八屋,6.65,41.1,,5,—,—,,—,賃貸のため対象外,,2026-07-24,,https://suumo.jp/chintai/jnc_000107314498/?bc=100508724577,不適合
SUUMO 賃貸 倉吉市,倉吉市,賃貸アパート,賃貸カテゴリ（掲載種別）,鳥取県倉吉市八屋,7.0,51.0,,5,—,—,,—,賃貸のため対象外,,2026-07-24,,https://suumo.jp/chintai/jnc_000107314501/?bc=100508724593,不適合
SUUMO 賃貸 倉吉市,倉吉市,賃貸アパート,賃貸カテゴリ（掲載種別）,鳥取県倉吉市八屋,7.0,51.0,,5,—,—,,—,賃貸のため対象外,,2026-07-24,,https://suumo.jp/chintai/jnc_000107314500/?bc=100508724585,不適合
SUUMO 賃貸 倉吉市,倉吉市,賃貸アパート,賃貸カテゴリ（掲載種別）,鳥取県倉吉市八屋,7.2,51.0,,5,—,—,,—,賃貸のため対象外,,2026-07-24,,https://suumo.jp/chintai/jnc_000107314499/?bc=100508724578,不適合
SUUMO 賃貸 倉吉市,倉吉市,賃貸アパート,賃貸カテゴリ（掲載種別）,鳥取県倉吉市八屋,7.2,51.0,,5,—,—,,—,賃貸のため対象外,,2026-07-24,,https://suumo.jp/chintai/jnc_000107314502/?bc=100507755459,不適合
SUUMO 賃貸 倉吉市,倉吉市,賃貸アパート,賃貸カテゴリ（掲載種別）,鳥取県倉吉市上井,4.9,24.6,,5,—,—,,—,賃貸のため対象外,,2026-07-24,,https://suumo.jp/chintai/jnc_000105262428/?bc=100491917405,適合
SUUMO 賃貸 倉吉市,倉吉市,賃貸アパート,賃貸カテゴリ（掲載種別）,鳥取県倉吉市不入岡,6.0,67.3,,5,—,—,,—,賃貸のため対象外,,2026-07-24,,https://suumo.jp/chintai/jnc_000107917265/?bc=100512276101,不適合
SUUMO 賃貸 倉吉市,倉吉市,賃貸アパート,賃貸カテゴリ（掲載種別）,鳥取県倉吉市清谷町１,5.3,46.1,,5,—,—,,—,賃貸のため対象外,,2026-07-24,,https://suumo.jp/chintai/jnc_000078423122/?bc=100499785725,不適合
SUUMO 賃貸 倉吉市,倉吉市,賃貸マンション,賃貸カテゴリ（掲載種別）,鳥取県倉吉市上井町１,3.5,23.6,,5,—,—,,—,賃貸のため対象外,,2026-07-24,,https://suumo.jp/chintai/jnc_000107134283/?bc=100505227667,適合
SUUMO 賃貸 倉吉市,倉吉市,賃貸マンション,賃貸カテゴリ（掲載種別）,鳥取県倉吉市上井町１,3.9,23.6,,5,—,—,,—,賃貸のため対象外,,2026-07-24,,https://suumo.jp/chintai/jnc_000107134284/?bc=100505225977,適合
SUUMO 賃貸 倉吉市,倉吉市,賃貸アパート,賃貸カテゴリ（掲載種別）,鳥取県倉吉市国府,4.1,43.7,,5,—,—,,—,賃貸のため対象外,,2026-07-24,,https://suumo.jp/chintai/jnc_000108699921/?bc=100500147294,適合
SUUMO 賃貸 倉吉市,倉吉市,賃貸アパート,賃貸カテゴリ（掲載種別）,鳥取県倉吉市国府,4.1,43.7,,5,—,—,,—,賃貸のため対象外,,2026-07-24,,https://suumo.jp/chintai/jnc_000108699922/?bc=100499785647,適合
SUUMO 賃貸 倉吉市,倉吉市,賃貸アパート,賃貸カテゴリ（掲載種別）,鳥取県倉吉市生田,5.25,58.5,,5,田,—,,—,賃貸のため対象外,,2026-07-24,,https://suumo.jp/chintai/jnc_000108218676/?bc=100514914418,不適合
SUUMO 賃貸 倉吉市,倉吉市,賃貸マンション,賃貸カテゴリ（掲載種別）,鳥取県倉吉市福庭町２,5.8,60.6,,5,—,—,,—,賃貸のため対象外,,2026-07-24,,https://suumo.jp/chintai/jnc_000105760535/?bc=100495778234,不適合
SUUMO 賃貸 倉吉市,倉吉市,賃貸アパート,賃貸カテゴリ（掲載種別）,鳥取県倉吉市山根,5.3,46.2,,5,—,—,,—,賃貸のため対象外,,2026-07-24,,https://suumo.jp/chintai/jnc_000108413613/?bc=100516024933,不適合
SUUMO 賃貸 倉吉市,倉吉市,賃貸戸建,賃貸カテゴリ（掲載種別）,鳥取県倉吉市清谷町２,7.7,69.5,,5,—,—,,—,賃貸のため対象外,,2026-07-24,,https://suumo.jp/chintai/jnc_000108567049/?bc=100517181489,不適合
SUUMO 賃貸 倉吉市,倉吉市,賃貸アパート,賃貸カテゴリ（掲載種別）,鳥取県倉吉市福庭,5.1,53.1,,5,—,—,,—,賃貸のため対象外,,2026-07-24,,https://suumo.jp/chintai/jnc_000062396191/?bc=100147768999,不適合
SUUMO 賃貸 倉吉市,倉吉市,賃貸アパート,賃貸カテゴリ（掲載種別）,鳥取県倉吉市福庭,5.3,69.4,,5,—,—,,—,賃貸のため対象外,,2026-07-24,,https://suumo.jp/chintai/jnc_000105286824/?bc=100167070219,不適合
SUUMO 賃貸 倉吉市,倉吉市,賃貸マンション,賃貸カテゴリ（掲載種別）,鳥取県倉吉市上井町１,4.6,29.2,,5,—,—,,—,賃貸のため対象外,,2026-07-24,,https://suumo.jp/chintai/jnc_000103860685/?bc=100215680773,適合
SUUMO 賃貸 倉吉市,倉吉市,賃貸マンション,賃貸カテゴリ（掲載種別）,鳥取県倉吉市上井町１,6.5,65.0,,5,—,—,,—,賃貸のため対象外,,2026-07-24,,https://suumo.jp/chintai/jnc_000106133597/?bc=100294393917,不適合
SUUMO 賃貸 倉吉市,倉吉市,賃貸アパート,賃貸カテゴリ（掲載種別）,鳥取県倉吉市山根,4.9,42.7,,5,—,—,,—,賃貸のため対象外,,2026-07-24,,https://suumo.jp/chintai/jnc_000106435588/?bc=100417479802,適合
SUUMO 賃貸 倉吉市,倉吉市,賃貸アパート,賃貸カテゴリ（掲載種別）,鳥取県倉吉市福守町,5.0,48.2,,5,—,—,,—,賃貸のため対象外,,2026-07-24,,https://suumo.jp/chintai/jnc_000106225672/?bc=100499785621,適合
SUUMO 賃貸 倉吉市,倉吉市,賃貸アパート,賃貸カテゴリ（掲載種別）,鳥取県倉吉市秋喜西町,4.8,46.5,,5,—,—,,—,賃貸のため対象外,,2026-07-24,,https://suumo.jp/chintai/jnc_000107917266/?bc=100512311245,適合
SUUMO 賃貸 倉吉市,倉吉市,賃貸マンション,賃貸カテゴリ（掲載種別）,鳥取県倉吉市見日町,6.3,59.4,,5,—,—,,—,賃貸のため対象外,,2026-07-24,,https://suumo.jp/chintai/jnc_000086374477/?bc=100346198726,不適合
SUUMO 賃貸 倉吉市,倉吉市,賃貸アパート,賃貸カテゴリ（掲載種別）,鳥取県倉吉市清谷町１,4.8,54.8,,5,—,—,,—,賃貸のため対象外,,2026-07-24,,https://suumo.jp/chintai/jnc_000103485427/?bc=100428390882,適合
SUUMO 賃貸 倉吉市,倉吉市,賃貸アパート,賃貸カテゴリ（掲載種別）,鳥取県倉吉市清谷町１,4.85,43.2,,5,—,—,,—,賃貸のため対象外,,2026-07-24,,https://suumo.jp/chintai/jnc_000092898923/?bc=100493978680,適合
SUUMO 賃貸 倉吉市,倉吉市,賃貸アパート,賃貸カテゴリ（掲載種別）,鳥取県倉吉市下田中町,4.9,51.8,,5,田,—,,—,賃貸のため対象外,,2026-07-24,,https://suumo.jp/chintai/jnc_000107078038/?bc=100506522420,適合
SUUMO 賃貸 倉吉市,倉吉市,賃貸マンション,賃貸カテゴリ（掲載種別）,鳥取県倉吉市西倉吉町,5.6,51.3,,5,—,—,,—,賃貸のため対象外,,2026-07-24,,https://suumo.jp/chintai/jnc_000107539965/?bc=100509509943,不適合
SUUMO 賃貸 倉吉市,倉吉市,賃貸アパート,賃貸カテゴリ（掲載種別）,鳥取県倉吉市下余戸,5.5,58.0,,5,—,—,,—,賃貸のため対象外,,2026-07-24,,https://suumo.jp/chintai/jnc_000106811011/?bc=100504088811,不適合
SUUMO 賃貸 倉吉市,倉吉市,賃貸アパート,賃貸カテゴリ（掲載種別）,鳥取県倉吉市福守町,4.7,42.2,,5,—,—,,—,賃貸のため対象外,,2026-07-24,,https://suumo.jp/chintai/jnc_000108009629/?bc=100514025675,適合
SUUMO 賃貸 倉吉市,倉吉市,賃貸アパート,賃貸カテゴリ（掲載種別）,鳥取県倉吉市清谷町１,4.0,35.0,,5,—,—,,—,賃貸のため対象外,,2026-07-24,,https://suumo.jp/chintai/jnc_000107795375/?bc=100511343527,適合
SUUMO 賃貸 倉吉市,倉吉市,賃貸アパート,賃貸カテゴリ（掲載種別）,鳥取県倉吉市清谷町１,5.2,51.4,,5,—,—,,—,賃貸のため対象外,,2026-07-24,,https://suumo.jp/chintai/jnc_000105965649/?bc=100497599630,不適合
SUUMO 賃貸 倉吉市,倉吉市,賃貸戸建,賃貸カテゴリ（掲載種別）,鳥取県倉吉市下田中町,5.4,74.7,,5,田,—,,—,賃貸のため対象外,,2026-07-24,,https://suumo.jp/chintai/jnc_000105810415/?bc=100496262481,不適合
SUUMO 賃貸 倉吉市,倉吉市,賃貸戸建,賃貸カテゴリ（掲載種別）,鳥取県倉吉市虹ケ丘町,7.0,64.0,,5,—,—,,—,賃貸のため対象外,,2026-07-24,,https://suumo.jp/chintai/jnc_000107700419/?bc=100510795043,不適合
SUUMO 賃貸 倉吉市,倉吉市,賃貸アパート,賃貸カテゴリ（掲載種別）,鳥取県倉吉市清谷町１,5.0,50.3,,5,—,—,,—,賃貸のため対象外,,2026-07-24,,https://suumo.jp/chintai/jnc_000106207701/?bc=100499652630,適合
SUUMO 賃貸 倉吉市,倉吉市,賃貸アパート,賃貸カテゴリ（掲載種別）,鳥取県倉吉市清谷町１,5.4,50.3,,5,—,—,,—,賃貸のため対象外,,2026-07-24,,https://suumo.jp/chintai/jnc_000105945923/?bc=100497416167,不適合
SUUMO 賃貸 倉吉市,倉吉市,賃貸マンション,賃貸カテゴリ（掲載種別）,鳥取県倉吉市山根,6.2,59.7,,5,—,—,,—,賃貸のため対象外,,2026-07-24,,https://suumo.jp/chintai/jnc_000046628261/?bc=100150289140,不適合
SUUMO 賃貸 倉吉市,倉吉市,賃貸アパート,賃貸カテゴリ（掲載種別）,鳥取県倉吉市山根,4.9,42.7,,5,—,—,,—,賃貸のため対象外,,2026-07-24,,https://suumo.jp/chintai/jnc_000106454633/?bc=100501658701,適合
SUUMO 賃貸 倉吉市,倉吉市,賃貸アパート,賃貸カテゴリ（掲載種別）,鳥取県倉吉市清谷町１,4.8,43.2,,5,—,—,,—,賃貸のため対象外,,2026-07-24,,https://suumo.jp/chintai/jnc_000094381396/?bc=100493604451,適合
SUUMO 賃貸 倉吉市,倉吉市,賃貸アパート,賃貸カテゴリ（掲載種別）,鳥取県倉吉市伊木,5.0,54.3,,5,—,—,,—,賃貸のため対象外,,2026-07-24,,https://suumo.jp/chintai/jnc_000087060788/?bc=100198969786,適合
SUUMO 賃貸 倉吉市,倉吉市,賃貸アパート,賃貸カテゴリ（掲載種別）,鳥取県倉吉市米田町２,4.8,44.8,,5,田,—,,—,賃貸のため対象外,,2026-07-24,,https://suumo.jp/chintai/jnc_000108228442/?bc=100515390013,適合
SUUMO 賃貸 倉吉市,倉吉市,賃貸アパート,賃貸カテゴリ（掲載種別）,鳥取県倉吉市海田西町１,5.0,50.4,,5,田,—,,—,賃貸のため対象外,,2026-07-24,,https://suumo.jp/chintai/jnc_000107180890/?bc=100506652167,適合
SUUMO 賃貸 倉吉市,倉吉市,賃貸アパート,賃貸カテゴリ（掲載種別）,鳥取県倉吉市上井町１,4.3,28.0,,5,—,—,,—,賃貸のため対象外,,2026-07-24,,https://suumo.jp/chintai/jnc_000108492219/?bc=100482996971,適合
SUUMO 賃貸 倉吉市,倉吉市,賃貸アパート,賃貸カテゴリ（掲載種別）,鳥取県倉吉市秋喜,4.8,50.0,,5,—,—,,—,賃貸のため対象外,,2026-07-24,,https://suumo.jp/chintai/jnc_000095164380/?bc=100497780823,適合
SUUMO 賃貸 倉吉市,倉吉市,賃貸マンション,賃貸カテゴリ（掲載種別）,鳥取県倉吉市上井町２,4.9,36.7,,5,—,—,,—,賃貸のため対象外,,2026-07-24,,https://suumo.jp/chintai/jnc_000105296738/?bc=100478588613,適合
SUUMO 賃貸 倉吉市,倉吉市,賃貸アパート,賃貸カテゴリ（掲載種別）,鳥取県倉吉市河北町,4.25,26.1,,5,—,—,,—,賃貸のため対象外,,2026-07-24,,https://suumo.jp/chintai/jnc_000108196118/?bc=100514673856,適合
SUUMO 賃貸 倉吉市,倉吉市,賃貸マンション,賃貸カテゴリ（掲載種別）,鳥取県倉吉市山根,4.7,37.0,,5,—,—,,—,賃貸のため対象外,,2026-07-24,,https://suumo.jp/chintai/jnc_000085481497/?bc=100346928680,適合
SUUMO 賃貸 倉吉市,倉吉市,賃貸マンション,賃貸カテゴリ（掲載種別）,鳥取県倉吉市山根,7.4,92.3,,5,—,—,,—,賃貸のため対象外,,2026-07-24,,https://suumo.jp/chintai/jnc_000101698069/?bc=100457036254,不適合
SUUMO 賃貸 倉吉市,倉吉市,賃貸アパート,賃貸カテゴリ（掲載種別）,鳥取県倉吉市中江,4.2,44.7,,5,—,—,,—,賃貸のため対象外,,2026-07-24,,https://suumo.jp/chintai/jnc_000106820832/?bc=100504155290,適合
SUUMO 賃貸 倉吉市,倉吉市,賃貸戸建,賃貸カテゴリ（掲載種別）,鳥取県倉吉市上井,7.0,148.1,,5,—,—,,—,賃貸のため対象外,,2026-07-24,,https://suumo.jp/chintai/jnc_000105932667/?bc=100497324766,不適合
SUUMO 賃貸 倉吉市,倉吉市,賃貸アパート,賃貸カテゴリ（掲載種別）,鳥取県倉吉市湊町,5.0,50.0,,5,—,—,,—,賃貸のため対象外,,2026-07-24,,https://suumo.jp/chintai/jnc_000101098005/?bc=100454398962,適合
SUUMO 賃貸 倉吉市,倉吉市,賃貸アパート,賃貸カテゴリ（掲載種別）,鳥取県倉吉市福庭町１,4.4,51.1,,5,—,—,,—,賃貸のため対象外,,2026-07-24,,https://suumo.jp/chintai/jnc_000106153732/?bc=100505311665,適合
SUUMO 賃貸 倉吉市,倉吉市,賃貸アパート,賃貸カテゴリ（掲載種別）,鳥取県倉吉市昭和町２,5.0,46.4,,5,—,—,,—,賃貸のため対象外,,2026-07-24,,https://suumo.jp/chintai/jnc_000095547946/?bc=100416118566,適合
SUUMO 賃貸 倉吉市,倉吉市,賃貸アパート,賃貸カテゴリ（掲載種別）,鳥取県倉吉市上灘町,4.6,46.8,,5,—,—,,—,賃貸のため対象外,,2026-07-24,,https://suumo.jp/chintai/jnc_000105810414/?bc=100496262489,適合
SUUMO 賃貸 倉吉市,倉吉市,賃貸マンション,賃貸カテゴリ（掲載種別）,鳥取県倉吉市大正町,4.7,46.4,,5,—,—,,—,賃貸のため対象外,,2026-07-24,,https://suumo.jp/chintai/jnc_000104611272/?bc=100442761681,適合
SUUMO 賃貸 倉吉市,倉吉市,賃貸マンション,賃貸カテゴリ（掲載種別）,鳥取県倉吉市大正町,4.7,46.4,,5,—,—,,—,賃貸のため対象外,,2026-07-24,,https://suumo.jp/chintai/jnc_000104611271/?bc=100442761599,適合
SUUMO 賃貸 倉吉市,倉吉市,賃貸マンション,賃貸カテゴリ（掲載種別）,鳥取県倉吉市大正町,4.7,46.4,,5,—,—,,—,賃貸のため対象外,,2026-07-24,,https://suumo.jp/chintai/jnc_000104611273/?bc=100442761683,適合
SUUMO 賃貸 倉吉市,倉吉市,賃貸マンション,賃貸カテゴリ（掲載種別）,鳥取県倉吉市大正町,8.5,83.4,,5,—,—,,—,賃貸のため対象外,,2026-07-24,,https://suumo.jp/chintai/jnc_000104611274/?bc=100442761686,不適合
SUUMO 賃貸 倉吉市,倉吉市,賃貸アパート,賃貸カテゴリ（掲載種別）,鳥取県倉吉市下余戸,4.6,42.7,,5,—,—,,—,賃貸のため対象外,,2026-07-24,,https://suumo.jp/chintai/jnc_000106207700/?bc=100499652629,適合
SUUMO 賃貸 倉吉市,倉吉市,賃貸アパート,賃貸カテゴリ（掲載種別）,鳥取県倉吉市伊木,4.2,29.0,,5,—,—,,—,賃貸のため対象外,,2026-07-24,,https://suumo.jp/chintai/jnc_000104714014/?bc=100487554861,適合
SUUMO 賃貸 倉吉市,倉吉市,賃貸アパート,賃貸カテゴリ（掲載種別）,鳥取県倉吉市伊木,4.3,29.0,,5,—,—,,—,賃貸のため対象外,,2026-07-24,,https://suumo.jp/chintai/jnc_000104269477/?bc=100484757396,適合
SUUMO 賃貸 倉吉市,倉吉市,賃貸アパート,賃貸カテゴリ（掲載種別）,鳥取県倉吉市清谷,3.0,23.7,,5,—,—,,—,賃貸のため対象外,,2026-07-24,,https://suumo.jp/chintai/jnc_000108492221/?bc=100321836801,適合
SUUMO 賃貸 倉吉市,倉吉市,賃貸アパート,賃貸カテゴリ（掲載種別）,鳥取県倉吉市清谷,3.3,26.5,,5,—,—,,—,賃貸のため対象外,,2026-07-24,,https://suumo.jp/chintai/jnc_000108492222/?bc=100413701617,適合
SUUMO 賃貸 倉吉市,倉吉市,賃貸アパート,賃貸カテゴリ（掲載種別）,鳥取県倉吉市清谷,3.3,23.7,,5,—,—,,—,賃貸のため対象外,,2026-07-24,,https://suumo.jp/chintai/jnc_000107439928/?bc=100369481511,適合
SUUMO 賃貸 倉吉市,倉吉市,賃貸アパート,賃貸カテゴリ（掲載種別）,鳥取県倉吉市清谷,4.1,23.7,,5,—,—,,—,賃貸のため対象外,,2026-07-24,,https://suumo.jp/chintai/jnc_000108692948/?bc=100518178518,適合
SUUMO 賃貸 倉吉市,倉吉市,賃貸アパート,賃貸カテゴリ（掲載種別）,鳥取県倉吉市清谷,4.2,23.7,,5,—,—,,—,賃貸のため対象外,,2026-07-24,,https://suumo.jp/chintai/jnc_000108307129/?bc=100502859796,適合
SUUMO 賃貸 倉吉市,倉吉市,賃貸アパート,賃貸カテゴリ（掲載種別）,鳥取県倉吉市清谷,4.3,26.5,,5,—,—,,—,賃貸のため対象外,,2026-07-24,,https://suumo.jp/chintai/jnc_000108307131/?bc=100339227613,適合
SUUMO 賃貸 倉吉市,倉吉市,賃貸アパート,賃貸カテゴリ（掲載種別）,鳥取県倉吉市清谷,4.3,26.5,,5,—,—,,—,賃貸のため対象外,,2026-07-24,,https://suumo.jp/chintai/jnc_000108307133/?bc=100493727672,適合
SUUMO 賃貸 倉吉市,倉吉市,賃貸アパート,賃貸カテゴリ（掲載種別）,鳥取県倉吉市清谷,4.3,26.5,,5,—,—,,—,賃貸のため対象外,,2026-07-24,,https://suumo.jp/chintai/jnc_000039225691/?bc=100505394977,適合
SUUMO 賃貸 倉吉市,倉吉市,賃貸アパート,賃貸カテゴリ（掲載種別）,鳥取県倉吉市清谷,4.3,26.5,,5,—,—,,—,賃貸のため対象外,,2026-07-24,,https://suumo.jp/chintai/jnc_000108307134/?bc=100425039854,適合
SUUMO 賃貸 倉吉市,倉吉市,賃貸アパート,賃貸カテゴリ（掲載種別）,鳥取県倉吉市清谷,4.4,26.5,,5,—,—,,—,賃貸のため対象外,,2026-07-24,,https://suumo.jp/chintai/jnc_000108307130/?bc=100270392220,適合
SUUMO 賃貸 倉吉市,倉吉市,賃貸アパート,賃貸カテゴリ（掲載種別）,鳥取県倉吉市海田西町２,4.5,50.5,,5,田,—,,—,賃貸のため対象外,,2026-07-24,,https://suumo.jp/chintai/jnc_000085323370/?bc=100345943474,適合
SUUMO 賃貸 倉吉市,倉吉市,賃貸戸建,賃貸カテゴリ（掲載種別）,鳥取県倉吉市山根,3.8,62.8,,5,—,—,,—,賃貸のため対象外,,2026-07-24,,https://suumo.jp/chintai/jnc_000107576043/?bc=100480126123,適合
SUUMO 賃貸 倉吉市,倉吉市,賃貸戸建,賃貸カテゴリ（掲載種別）,鳥取県倉吉市山根,4.5,62.8,,5,—,—,,—,賃貸のため対象外,,2026-07-24,,https://suumo.jp/chintai/jnc_000106727028/?bc=100331111660,適合
SUUMO 賃貸 倉吉市,倉吉市,賃貸アパート,賃貸カテゴリ（掲載種別）,鳥取県倉吉市上井町１,3.9,23.2,,5,—,—,,—,賃貸のため対象外,,2026-07-24,,https://suumo.jp/chintai/jnc_000108307105/?bc=100481161174,適合
SUUMO 賃貸 倉吉市,倉吉市,賃貸アパート,賃貸カテゴリ（掲載種別）,鳥取県倉吉市上井町１,3.9,23.2,,5,—,—,,—,賃貸のため対象外,,2026-07-24,,https://suumo.jp/chintai/jnc_000019338784/?bc=100492798984,適合
SUUMO 賃貸 倉吉市,倉吉市,賃貸アパート,賃貸カテゴリ（掲載種別）,鳥取県倉吉市上井町１,4.0,23.2,,5,—,—,,—,賃貸のため対象外,,2026-07-24,,https://suumo.jp/chintai/jnc_000053523090/?bc=100492303690,適合
SUUMO 賃貸 倉吉市,倉吉市,賃貸アパート,賃貸カテゴリ（掲載種別）,鳥取県倉吉市上井町１,4.0,23.2,,5,—,—,,—,賃貸のため対象外,,2026-07-24,,https://suumo.jp/chintai/jnc_000053523089/?bc=100514137431,適合
SUUMO 賃貸 倉吉市,倉吉市,賃貸アパート,賃貸カテゴリ（掲載種別）,鳥取県倉吉市上井町１,4.0,23.2,,5,—,—,,—,賃貸のため対象外,,2026-07-24,,https://suumo.jp/chintai/jnc_000108405013/?bc=100248321298,適合
SUUMO 賃貸 倉吉市,倉吉市,賃貸アパート,賃貸カテゴリ（掲載種別）,鳥取県倉吉市上井町１,4.0,23.2,,5,—,—,,—,賃貸のため対象外,,2026-07-24,,https://suumo.jp/chintai/jnc_000056064840/?bc=100368604254,適合
SUUMO 賃貸 倉吉市,倉吉市,賃貸アパート,賃貸カテゴリ（掲載種別）,鳥取県倉吉市上井町１,4.1,23.2,,5,—,—,,—,賃貸のため対象外,,2026-07-24,,https://suumo.jp/chintai/jnc_000108307106/?bc=100492303693,適合
SUUMO 賃貸 倉吉市,倉吉市,賃貸アパート,賃貸カテゴリ（掲載種別）,鳥取県倉吉市上井町１,4.1,23.2,,5,—,—,,—,賃貸のため対象外,,2026-07-24,,https://suumo.jp/chintai/jnc_000108405012/?bc=100266443905,適合
SUUMO 賃貸 倉吉市,倉吉市,賃貸戸建,賃貸カテゴリ（掲載種別）,鳥取県倉吉市駄経寺町,5.0,94.2,,5,—,—,,—,賃貸のため対象外,,2026-07-24,,https://suumo.jp/chintai/jnc_000100539301/?bc=100452185399,適合
SUUMO 賃貸 倉吉市,倉吉市,賃貸アパート,賃貸カテゴリ（掲載種別）,鳥取県倉吉市海田東町,3.4,23.2,,5,田,—,,—,賃貸のため対象外,,2026-07-24,,https://suumo.jp/chintai/jnc_000107557066/?bc=100423448041,適合
SUUMO 賃貸 倉吉市,倉吉市,賃貸アパート,賃貸カテゴリ（掲載種別）,鳥取県倉吉市海田東町,3.6,23.2,,5,田,—,,—,賃貸のため対象外,,2026-07-24,,https://suumo.jp/chintai/jnc_000100372482/?bc=100250606140,適合
SUUMO 賃貸 倉吉市,倉吉市,賃貸アパート,賃貸カテゴリ（掲載種別）,鳥取県倉吉市海田東町,3.6,23.2,,5,田,—,,—,賃貸のため対象外,,2026-07-24,,https://suumo.jp/chintai/jnc_000108550701/?bc=100426324883,適合
SUUMO 賃貸 倉吉市,倉吉市,賃貸アパート,賃貸カテゴリ（掲載種別）,鳥取県倉吉市海田東町,3.7,23.2,,5,田,—,,—,賃貸のため対象外,,2026-07-24,,https://suumo.jp/chintai/jnc_000108307109/?bc=100430740165,適合
SUUMO 賃貸 倉吉市,倉吉市,賃貸アパート,賃貸カテゴリ（掲載種別）,鳥取県倉吉市海田東町,3.8,23.2,,5,田,—,,—,賃貸のため対象外,,2026-07-24,,https://suumo.jp/chintai/jnc_000108307113/?bc=100448206914,適合
SUUMO 賃貸 倉吉市,倉吉市,賃貸アパート,賃貸カテゴリ（掲載種別）,鳥取県倉吉市海田東町,3.8,23.2,,5,田,—,,—,賃貸のため対象外,,2026-07-24,,https://suumo.jp/chintai/jnc_000108307115/?bc=100439417986,適合
SUUMO 賃貸 倉吉市,倉吉市,賃貸アパート,賃貸カテゴリ（掲載種別）,鳥取県倉吉市海田東町,3.8,23.2,,5,田,—,,—,賃貸のため対象外,,2026-07-24,,https://suumo.jp/chintai/jnc_000108307111/?bc=100423791087,適合
SUUMO 賃貸 倉吉市,倉吉市,賃貸アパート,賃貸カテゴリ（掲載種別）,鳥取県倉吉市海田東町,3.8,23.2,,5,田,—,,—,賃貸のため対象外,,2026-07-24,,https://suumo.jp/chintai/jnc_000108307112/?bc=100275393470,適合
SUUMO 賃貸 倉吉市,倉吉市,賃貸アパート,賃貸カテゴリ（掲載種別）,鳥取県倉吉市海田東町,3.8,23.2,,5,田,—,,—,賃貸のため対象外,,2026-07-24,,https://suumo.jp/chintai/jnc_000108307114/?bc=100273482408,適合
SUUMO 賃貸 倉吉市,倉吉市,賃貸アパート,賃貸カテゴリ（掲載種別）,鳥取県倉吉市海田東町,3.9,23.2,,5,田,—,,—,賃貸のため対象外,,2026-07-24,,https://suumo.jp/chintai/jnc_000108307110/?bc=100246978979,適合
SUUMO 賃貸 倉吉市,倉吉市,賃貸アパート,賃貸カテゴリ（掲載種別）,鳥取県倉吉市海田東町,3.9,23.2,,5,田,—,,—,賃貸のため対象外,,2026-07-24,,https://suumo.jp/chintai/jnc_000108550702/?bc=100282449842,適合
SUUMO 賃貸 倉吉市,倉吉市,賃貸アパート,賃貸カテゴリ（掲載種別）,鳥取県倉吉市山根,3.2,23.2,,5,—,—,,—,賃貸のため対象外,,2026-07-24,,https://suumo.jp/chintai/jnc_000106815838/?bc=100475536010,適合
SUUMO 賃貸 倉吉市,倉吉市,賃貸アパート,賃貸カテゴリ（掲載種別）,鳥取県倉吉市山根,3.4,23.2,,5,—,—,,—,賃貸のため対象外,,2026-07-24,,https://suumo.jp/chintai/jnc_000107078015/?bc=100312698938,適合
SUUMO 賃貸 倉吉市,倉吉市,賃貸アパート,賃貸カテゴリ（掲載種別）,鳥取県倉吉市山根,3.9,23.2,,5,—,—,,—,賃貸のため対象外,,2026-07-24,,https://suumo.jp/chintai/jnc_000108307139/?bc=100509672566,適合
SUUMO 賃貸 倉吉市,倉吉市,賃貸アパート,賃貸カテゴリ（掲載種別）,鳥取県倉吉市山根,4.0,23.2,,5,—,—,,—,賃貸のため対象外,,2026-07-24,,https://suumo.jp/chintai/jnc_000108307140/?bc=100418903870,適合
SUUMO 賃貸 倉吉市,倉吉市,賃貸アパート,賃貸カテゴリ（掲載種別）,鳥取県倉吉市山根,4.1,23.2,,5,—,—,,—,賃貸のため対象外,,2026-07-24,,https://suumo.jp/chintai/jnc_000059051398/?bc=100269011651,適合
SUUMO 賃貸 倉吉市,倉吉市,賃貸アパート,賃貸カテゴリ（掲載種別）,鳥取県倉吉市山根,4.1,23.2,,5,—,—,,—,賃貸のため対象外,,2026-07-24,,https://suumo.jp/chintai/jnc_000108307142/?bc=100491023866,適合
SUUMO 賃貸 倉吉市,倉吉市,賃貸アパート,賃貸カテゴリ（掲載種別）,鳥取県倉吉市山根,4.1,23.2,,5,—,—,,—,賃貸のため対象外,,2026-07-24,,https://suumo.jp/chintai/jnc_000108307145/?bc=100424010098,適合
SUUMO 賃貸 倉吉市,倉吉市,賃貸アパート,賃貸カテゴリ（掲載種別）,鳥取県倉吉市山根,4.1,23.2,,5,—,—,,—,賃貸のため対象外,,2026-07-24,,https://suumo.jp/chintai/jnc_000108307144/?bc=100425881458,適合
SUUMO 賃貸 倉吉市,倉吉市,賃貸アパート,賃貸カテゴリ（掲載種別）,鳥取県倉吉市山根,4.2,23.2,,5,—,—,,—,賃貸のため対象外,,2026-07-24,,https://suumo.jp/chintai/jnc_000108307143/?bc=100416385980,適合
SUUMO 賃貸 倉吉市,倉吉市,賃貸戸建,賃貸カテゴリ（掲載種別）,鳥取県倉吉市鴨川町,4.5,75.8,,5,—,—,,—,賃貸のため対象外,,2026-07-24,,https://suumo.jp/chintai/jnc_000065393497/?bc=100234146658,適合
SUUMO 賃貸 倉吉市,倉吉市,賃貸アパート,賃貸カテゴリ（掲載種別）,鳥取県倉吉市中河原,3.9,35.0,,5,—,—,,—,賃貸のため対象外,,2026-07-24,,https://suumo.jp/chintai/jnc_000107180891/?bc=100506652161,適合
SUUMO 賃貸 倉吉市,倉吉市,賃貸アパート,賃貸カテゴリ（掲載種別）,鳥取県倉吉市下余戸,4.2,48.4,,5,—,—,,—,賃貸のため対象外,,2026-07-24,,https://suumo.jp/chintai/jnc_000106811010/?bc=100504089190,適合
SUUMO 賃貸 倉吉市,倉吉市,賃貸アパート,賃貸カテゴリ（掲載種別）,鳥取県倉吉市下余戸,4.2,38.1,,5,—,—,,—,賃貸のため対象外,,2026-07-24,,https://suumo.jp/chintai/jnc_000107063033/?bc=100506037504,適合
SUUMO 賃貸 倉吉市,倉吉市,賃貸戸建,賃貸カテゴリ（掲載種別）,鳥取県倉吉市湊町,4.0,66.2,,5,—,—,,—,賃貸のため対象外,,2026-07-24,,https://suumo.jp/chintai/jnc_000100368482/?bc=100450711570,適合
SUUMO 賃貸 倉吉市,倉吉市,賃貸アパート,賃貸カテゴリ（掲載種別）,鳥取県倉吉市山根,3.4,21.8,,5,—,—,,—,賃貸のため対象外,,2026-07-24,,https://suumo.jp/chintai/jnc_000107078023/?bc=100417875390,適合
SUUMO 賃貸 倉吉市,倉吉市,賃貸アパート,賃貸カテゴリ（掲載種別）,鳥取県倉吉市山根,3.8,21.8,,5,—,—,,—,賃貸のため対象外,,2026-07-24,,https://suumo.jp/chintai/jnc_000108466452/?bc=100450431344,適合
SUUMO 賃貸 倉吉市,倉吉市,賃貸アパート,賃貸カテゴリ（掲載種別）,鳥取県倉吉市山根,3.8,21.8,,5,—,—,,—,賃貸のため対象外,,2026-07-24,,https://suumo.jp/chintai/jnc_000108466454/?bc=100253811039,適合
SUUMO 賃貸 倉吉市,倉吉市,賃貸アパート,賃貸カテゴリ（掲載種別）,鳥取県倉吉市山根,3.8,21.8,,5,—,—,,—,賃貸のため対象外,,2026-07-24,,https://suumo.jp/chintai/jnc_000108466455/?bc=100258643968,適合
SUUMO 賃貸 倉吉市,倉吉市,賃貸アパート,賃貸カテゴリ（掲載種別）,鳥取県倉吉市山根,3.8,21.8,,5,—,—,,—,賃貸のため対象外,,2026-07-24,,https://suumo.jp/chintai/jnc_000108466453/?bc=100377314125,適合
SUUMO 賃貸 倉吉市,倉吉市,賃貸アパート,賃貸カテゴリ（掲載種別）,鳥取県倉吉市山根,3.9,21.8,,5,—,—,,—,賃貸のため対象外,,2026-07-24,,https://suumo.jp/chintai/jnc_000061795907/?bc=100509476900,適合
SUUMO 賃貸 倉吉市,倉吉市,賃貸アパート,賃貸カテゴリ（掲載種別）,鳥取県倉吉市山根,4.0,21.8,,5,—,—,,—,賃貸のため対象外,,2026-07-24,,https://suumo.jp/chintai/jnc_000063447940/?bc=100428141304,適合
SUUMO 賃貸 倉吉市,倉吉市,賃貸アパート,賃貸カテゴリ（掲載種別）,鳥取県倉吉市山根,4.0,21.8,,5,—,—,,—,賃貸のため対象外,,2026-07-24,,https://suumo.jp/chintai/jnc_000108307147/?bc=100262166416,適合
SUUMO 賃貸 倉吉市,倉吉市,賃貸アパート,賃貸カテゴリ（掲載種別）,鳥取県倉吉市山根,4.0,21.8,,5,—,—,,—,賃貸のため対象外,,2026-07-24,,https://suumo.jp/chintai/jnc_000058888533/?bc=100333241646,適合
SUUMO 賃貸 倉吉市,倉吉市,賃貸アパート,賃貸カテゴリ（掲載種別）,鳥取県倉吉市山根,4.1,21.8,,5,—,—,,—,賃貸のため対象外,,2026-07-24,,https://suumo.jp/chintai/jnc_000108466456/?bc=100369275119,適合
SUUMO 賃貸 倉吉市,倉吉市,賃貸アパート,賃貸カテゴリ（掲載種別）,鳥取県倉吉市新陽町,4.3,38.5,,5,—,—,,—,賃貸のため対象外,,2026-07-24,,https://suumo.jp/chintai/jnc_000107180893/?bc=100506652164,適合
SUUMO 賃貸 倉吉市,倉吉市,賃貸アパート,賃貸カテゴリ（掲載種別）,鳥取県倉吉市宮川町,4.7,35.9,,5,—,—,,—,賃貸のため対象外,,2026-07-24,,https://suumo.jp/chintai/jnc_000104436137/?bc=100480704064,適合
SUUMO 賃貸 倉吉市,倉吉市,賃貸アパート,賃貸カテゴリ（掲載種別）,鳥取県倉吉市八屋,4.0,46.4,,5,—,—,,—,賃貸のため対象外,,2026-07-24,,https://suumo.jp/chintai/jnc_000105945922/?bc=100497416166,適合
SUUMO 賃貸 倉吉市,倉吉市,賃貸アパート,賃貸カテゴリ（掲載種別）,鳥取県倉吉市海田西町２,4.0,28.2,,5,田,—,,—,賃貸のため対象外,,2026-07-24,,https://suumo.jp/chintai/jnc_000107777439/?bc=100511264107,適合
SUUMO 賃貸 倉吉市,倉吉市,賃貸マンション,賃貸カテゴリ（掲載種別）,鳥取県倉吉市上井,9.0,73.5,,5,—,—,,—,賃貸のため対象外,,2026-07-24,,https://suumo.jp/chintai/jnc_000103880273/?bc=100481254285,不適合
SUUMO 賃貸 倉吉市,倉吉市,賃貸戸建,賃貸カテゴリ（掲載種別）,鳥取県倉吉市中江,7.8,104.9,,5,—,—,,—,賃貸のため対象外,,2026-07-24,,https://suumo.jp/chintai/jnc_000106600019/?bc=100502662265,不適合
SUUMO 賃貸 倉吉市,倉吉市,賃貸マンション,賃貸カテゴリ（掲載種別）,鳥取県倉吉市東巌城町,4.3,24.5,,5,—,—,,—,賃貸のため対象外,,2026-07-24,,https://suumo.jp/chintai/jnc_000092119135/?bc=100391364848,適合
SUUMO 賃貸 倉吉市,倉吉市,賃貸アパート,賃貸カテゴリ（掲載種別）,鳥取県倉吉市井手畑,3.6,45.5,,5,畑,—,,—,賃貸のため対象外,,2026-07-24,,https://suumo.jp/chintai/jnc_000104765952/?bc=100299195378,適合
SUUMO 賃貸 倉吉市,倉吉市,賃貸アパート,賃貸カテゴリ（掲載種別）,鳥取県倉吉市下田中町,4.0,25.8,,5,田,—,,—,賃貸のため対象外,,2026-07-24,,https://suumo.jp/chintai/jnc_000093144178/?bc=100512753319,適合
SUUMO 賃貸 倉吉市,倉吉市,賃貸アパート,賃貸カテゴリ（掲載種別）,鳥取県倉吉市福庭町２,4.0,39.7,,5,—,—,,—,賃貸のため対象外,,2026-07-24,,https://suumo.jp/chintai/jnc_000096942446/?bc=100205804202,適合
SUUMO 賃貸 倉吉市,倉吉市,賃貸アパート,賃貸カテゴリ（掲載種別）,鳥取県倉吉市伊木,4.3,25.4,,5,—,—,,—,賃貸のため対象外,,2026-07-24,,https://suumo.jp/chintai/jnc_000063343555/?bc=100223252885,適合
SUUMO 賃貸 倉吉市,倉吉市,賃貸アパート,賃貸カテゴリ（掲載種別）,鳥取県倉吉市円谷町,3.6,33.5,,5,—,—,,—,賃貸のため対象外,,2026-07-24,,https://suumo.jp/chintai/jnc_000050759355/?bc=100499652628,適合
SUUMO 賃貸 倉吉市,倉吉市,賃貸アパート,賃貸カテゴリ（掲載種別）,鳥取県倉吉市上井,3.7,33.0,,5,—,—,,—,賃貸のため対象外,,2026-07-24,,https://suumo.jp/chintai/jnc_000106681921/?bc=100503201276,適合
SUUMO 賃貸 倉吉市,倉吉市,賃貸アパート,賃貸カテゴリ（掲載種別）,鳥取県倉吉市上井,4.0,33.0,,5,—,—,,—,賃貸のため対象外,,2026-07-24,,https://suumo.jp/chintai/jnc_000048713743/?bc=100502770135,適合
SUUMO 賃貸 倉吉市,倉吉市,賃貸アパート,賃貸カテゴリ（掲載種別）,鳥取県倉吉市円谷町,3.4,35.5,,5,—,—,,—,賃貸のため対象外,,2026-07-24,,https://suumo.jp/chintai/jnc_000107180892/?bc=100506652163,適合
SUUMO 賃貸 倉吉市,倉吉市,賃貸アパート,賃貸カテゴリ（掲載種別）,鳥取県倉吉市円谷町,3.8,35.5,,5,—,—,,—,賃貸のため対象外,,2026-07-24,,https://suumo.jp/chintai/jnc_000107241993/?bc=100507161946,適合
SUUMO 賃貸 倉吉市,倉吉市,賃貸アパート,賃貸カテゴリ（掲載種別）,鳥取県倉吉市山根,3.1,22.4,,5,—,—,,—,賃貸のため対象外,,2026-07-24,,https://suumo.jp/chintai/jnc_000107557068/?bc=100492304798,適合
SUUMO 賃貸 倉吉市,倉吉市,賃貸アパート,賃貸カテゴリ（掲載種別）,鳥取県倉吉市山根,3.3,22.4,,5,—,—,,—,賃貸のため対象外,,2026-07-24,,https://suumo.jp/chintai/jnc_000107439929/?bc=100492304193,適合
SUUMO 賃貸 倉吉市,倉吉市,賃貸アパート,賃貸カテゴリ（掲載種別）,鳥取県倉吉市山根,4.2,22.4,,5,—,—,,—,賃貸のため対象外,,2026-07-24,,https://suumo.jp/chintai/jnc_000108307150/?bc=100442540135,適合
SUUMO 賃貸 倉吉市,倉吉市,賃貸アパート,賃貸カテゴリ（掲載種別）,鳥取県倉吉市山根,4.2,22.4,,5,—,—,,—,賃貸のため対象外,,2026-07-24,,https://suumo.jp/chintai/jnc_000108466457/?bc=100515666442,適合
SUUMO 賃貸 倉吉市,倉吉市,賃貸アパート,賃貸カテゴリ（掲載種別）,鳥取県倉吉市山根,4.2,22.4,,5,—,—,,—,賃貸のため対象外,,2026-07-24,,https://suumo.jp/chintai/jnc_000108307151/?bc=100492304788,適合
SUUMO 賃貸 倉吉市,倉吉市,賃貸アパート,賃貸カテゴリ（掲載種別）,鳥取県倉吉市山根,4.2,22.4,,5,—,—,,—,賃貸のため対象外,,2026-07-24,,https://suumo.jp/chintai/jnc_000108307149/?bc=100369043391,適合
SUUMO 賃貸 倉吉市,倉吉市,賃貸アパート,賃貸カテゴリ（掲載種別）,鳥取県倉吉市山根,4.3,22.4,,5,—,—,,—,賃貸のため対象外,,2026-07-24,,https://suumo.jp/chintai/jnc_000108307152/?bc=100320071403,適合
SUUMO 賃貸 倉吉市,倉吉市,賃貸アパート,賃貸カテゴリ（掲載種別）,鳥取県倉吉市山根,4.4,22.4,,5,—,—,,—,賃貸のため対象外,,2026-07-24,,https://suumo.jp/chintai/jnc_000108307156/?bc=100421560277,適合
SUUMO 賃貸 倉吉市,倉吉市,賃貸アパート,賃貸カテゴリ（掲載種別）,鳥取県倉吉市山根,4.4,22.4,,5,—,—,,—,賃貸のため対象外,,2026-07-24,,https://suumo.jp/chintai/jnc_000108307157/?bc=100492304201,適合
SUUMO 賃貸 倉吉市,倉吉市,賃貸アパート,賃貸カテゴリ（掲載種別）,鳥取県倉吉市山根,4.4,22.4,,5,—,—,,—,賃貸のため対象外,,2026-07-24,,https://suumo.jp/chintai/jnc_000108307155/?bc=100491011237,適合
SUUMO 賃貸 倉吉市,倉吉市,賃貸アパート,賃貸カテゴリ（掲載種別）,鳥取県倉吉市山根,4.5,22.4,,5,—,—,,—,賃貸のため対象外,,2026-07-24,,https://suumo.jp/chintai/jnc_000108307158/?bc=100255259206,適合
SUUMO 賃貸 倉吉市,倉吉市,賃貸アパート,賃貸カテゴリ（掲載種別）,鳥取県倉吉市上井町１,3.4,23.5,,5,—,—,,—,賃貸のため対象外,,2026-07-24,,https://suumo.jp/chintai/jnc_000106358868/?bc=100448325669,適合
SUUMO 賃貸 倉吉市,倉吉市,賃貸アパート,賃貸カテゴリ（掲載種別）,鳥取県倉吉市秋喜,4.0,35.5,,5,—,—,,—,賃貸のため対象外,,2026-07-24,,https://suumo.jp/chintai/jnc_000107827237/?bc=100511593714,適合
SUUMO 賃貸 倉吉市,倉吉市,賃貸アパート,賃貸カテゴリ（掲載種別）,鳥取県倉吉市伊木,3.4,26.5,,5,—,—,,—,賃貸のため対象外,,2026-07-24,,https://suumo.jp/chintai/jnc_000107180889/?bc=100506652171,適合
SUUMO 賃貸 倉吉市,倉吉市,賃貸アパート,賃貸カテゴリ（掲載種別）,鳥取県倉吉市円谷町,3.5,24.9,,5,—,—,,—,賃貸のため対象外,,2026-07-24,,https://suumo.jp/chintai/jnc_000053543236/?bc=100503328642,適合
SUUMO 賃貸 倉吉市,倉吉市,賃貸アパート,賃貸カテゴリ（掲載種別）,鳥取県倉吉市米田町２,3.5,33.4,,5,田,—,,—,賃貸のため対象外,,2026-07-24,,https://suumo.jp/chintai/jnc_000101098006/?bc=100456731969,適合
SUUMO 賃貸 倉吉市,倉吉市,賃貸アパート,賃貸カテゴリ（掲載種別）,鳥取県倉吉市下余戸,3.3,23.7,,5,—,—,,—,賃貸のため対象外,,2026-07-24,,https://suumo.jp/chintai/jnc_000096925141/?bc=100378496420,適合
SUUMO 賃貸 倉吉市,倉吉市,賃貸アパート,賃貸カテゴリ（掲載種別）,鳥取県倉吉市下余戸,3.5,26.1,,5,—,—,,—,賃貸のため対象外,,2026-07-24,,https://suumo.jp/chintai/jnc_000107077996/?bc=100444858911,適合
SUUMO 賃貸 倉吉市,倉吉市,賃貸アパート,賃貸カテゴリ（掲載種別）,鳥取県倉吉市下余戸,4.1,23.7,,5,—,—,,—,賃貸のため対象外,,2026-07-24,,https://suumo.jp/chintai/jnc_000108307120/?bc=100264521210,適合
SUUMO 賃貸 倉吉市,倉吉市,賃貸アパート,賃貸カテゴリ（掲載種別）,鳥取県倉吉市下余戸,4.1,23.7,,5,—,—,,—,賃貸のため対象外,,2026-07-24,,https://suumo.jp/chintai/jnc_000108307121/?bc=100365467585,適合
SUUMO 賃貸 倉吉市,倉吉市,賃貸アパート,賃貸カテゴリ（掲載種別）,鳥取県倉吉市下余戸,4.1,23.7,,5,—,—,,—,賃貸のため対象外,,2026-07-24,,https://suumo.jp/chintai/jnc_000108307118/?bc=100312840766,適合
SUUMO 賃貸 倉吉市,倉吉市,賃貸アパート,賃貸カテゴリ（掲載種別）,鳥取県倉吉市下余戸,4.1,23.7,,5,—,—,,—,賃貸のため対象外,,2026-07-24,,https://suumo.jp/chintai/jnc_000108307119/?bc=100455242617,適合
SUUMO 賃貸 倉吉市,倉吉市,賃貸アパート,賃貸カテゴリ（掲載種別）,鳥取県倉吉市下余戸,4.1,23.7,,5,—,—,,—,賃貸のため対象外,,2026-07-24,,https://suumo.jp/chintai/jnc_000108307117/?bc=100491583607,適合
SUUMO 賃貸 倉吉市,倉吉市,賃貸アパート,賃貸カテゴリ（掲載種別）,鳥取県倉吉市下余戸,4.2,23.7,,5,—,—,,—,賃貸のため対象外,,2026-07-24,,https://suumo.jp/chintai/jnc_000108307116/?bc=100456772158,適合
SUUMO 賃貸 倉吉市,倉吉市,賃貸アパート,賃貸カテゴリ（掲載種別）,鳥取県倉吉市下余戸,4.6,26.1,,5,—,—,,—,賃貸のため対象外,,2026-07-24,,https://suumo.jp/chintai/jnc_000108307126/?bc=100483841241,適合
SUUMO 賃貸 倉吉市,倉吉市,賃貸アパート,賃貸カテゴリ（掲載種別）,鳥取県倉吉市下余戸,4.6,26.1,,5,—,—,,—,賃貸のため対象外,,2026-07-24,,https://suumo.jp/chintai/jnc_000108307123/?bc=100482199870,適合
SUUMO 賃貸 倉吉市,倉吉市,賃貸アパート,賃貸カテゴリ（掲載種別）,鳥取県倉吉市下余戸,4.6,26.1,,5,—,—,,—,賃貸のため対象外,,2026-07-24,,https://suumo.jp/chintai/jnc_000108307127/?bc=100497702772,適合
SUUMO 賃貸 倉吉市,倉吉市,賃貸アパート,賃貸カテゴリ（掲載種別）,鳥取県倉吉市下余戸,4.6,26.1,,5,—,—,,—,賃貸のため対象外,,2026-07-24,,https://suumo.jp/chintai/jnc_000108307124/?bc=100374083326,適合
SUUMO 賃貸 倉吉市,倉吉市,賃貸マンション,賃貸カテゴリ（掲載種別）,鳥取県倉吉市見日町,3.3,26.0,,5,—,—,,—,賃貸のため対象外,,2026-07-24,,https://suumo.jp/chintai/jnc_000107795373/?bc=100350896776,適合
SUUMO 賃貸 倉吉市,倉吉市,賃貸マンション,賃貸カテゴリ（掲載種別）,鳥取県倉吉市見日町,3.3,26.0,,5,—,—,,—,賃貸のため対象外,,2026-07-24,,https://suumo.jp/chintai/jnc_000107707351/?bc=100510808223,適合
SUUMO 賃貸 倉吉市,倉吉市,賃貸アパート,賃貸カテゴリ（掲載種別）,鳥取県倉吉市湊町,3.5,30.0,,5,—,—,,—,賃貸のため対象外,,2026-07-24,,https://suumo.jp/chintai/jnc_000101098004/?bc=100456733895,適合
SUUMO 賃貸 倉吉市,倉吉市,賃貸アパート,賃貸カテゴリ（掲載種別）,鳥取県倉吉市東巌城町,3.1,23.2,,5,—,—,,—,賃貸のため対象外,,2026-07-24,,https://suumo.jp/chintai/jnc_000095481802/?bc=100492304342,適合
SUUMO 賃貸 倉吉市,倉吉市,賃貸アパート,賃貸カテゴリ（掲載種別）,鳥取県倉吉市東巌城町,3.3,23.2,,5,—,—,,—,賃貸のため対象外,,2026-07-24,,https://suumo.jp/chintai/jnc_000107439930/?bc=100482823505,適合
SUUMO 賃貸 倉吉市,倉吉市,賃貸アパート,賃貸カテゴリ（掲載種別）,鳥取県倉吉市東巌城町,4.1,23.2,,5,—,—,,—,賃貸のため対象外,,2026-07-24,,https://suumo.jp/chintai/jnc_000108307161/?bc=100497881467,適合
SUUMO 賃貸 倉吉市,倉吉市,賃貸アパート,賃貸カテゴリ（掲載種別）,鳥取県倉吉市東巌城町,4.2,23.2,,5,—,—,,—,賃貸のため対象外,,2026-07-24,,https://suumo.jp/chintai/jnc_000108307164/?bc=100264007623,適合
SUUMO 賃貸 倉吉市,倉吉市,賃貸アパート,賃貸カテゴリ（掲載種別）,鳥取県倉吉市東巌城町,4.2,23.2,,5,—,—,,—,賃貸のため対象外,,2026-07-24,,https://suumo.jp/chintai/jnc_000108307163/?bc=100491220790,適合
SUUMO 賃貸 倉吉市,倉吉市,賃貸アパート,賃貸カテゴリ（掲載種別）,鳥取県倉吉市東巌城町,4.2,23.2,,5,—,—,,—,賃貸のため対象外,,2026-07-24,,https://suumo.jp/chintai/jnc_000108307162/?bc=100497345443,適合
SUUMO 賃貸 倉吉市,倉吉市,賃貸アパート,賃貸カテゴリ（掲載種別）,鳥取県倉吉市東巌城町,4.3,23.2,,5,—,—,,—,賃貸のため対象外,,2026-07-24,,https://suumo.jp/chintai/jnc_000108307169/?bc=100263844875,適合
SUUMO 賃貸 倉吉市,倉吉市,賃貸アパート,賃貸カテゴリ（掲載種別）,鳥取県倉吉市東巌城町,4.3,23.2,,5,—,—,,—,賃貸のため対象外,,2026-07-24,,https://suumo.jp/chintai/jnc_000108307168/?bc=100485633540,適合
SUUMO 賃貸 倉吉市,倉吉市,賃貸アパート,賃貸カテゴリ（掲載種別）,鳥取県倉吉市東巌城町,4.4,23.2,,5,—,—,,—,賃貸のため対象外,,2026-07-24,,https://suumo.jp/chintai/jnc_000108307165/?bc=100492799066,適合
SUUMO 賃貸 倉吉市,倉吉市,賃貸アパート,賃貸カテゴリ（掲載種別）,鳥取県倉吉市東巌城町,4.4,23.2,,5,—,—,,—,賃貸のため対象外,,2026-07-24,,https://suumo.jp/chintai/jnc_000108307166/?bc=100492304815,適合
SUUMO 賃貸 倉吉市,倉吉市,賃貸アパート,賃貸カテゴリ（掲載種別）,鳥取県倉吉市東巌城町,4.4,23.2,,5,—,—,,—,賃貸のため対象外,,2026-07-24,,https://suumo.jp/chintai/jnc_000108307167/?bc=100498730049,適合
SUUMO 賃貸 倉吉市,倉吉市,賃貸戸建,賃貸カテゴリ（掲載種別）,鳥取県倉吉市大正町２,3.7,31.1,,5,—,—,,—,賃貸のため対象外,,2026-07-24,,https://suumo.jp/chintai/jnc_000102475284/?bc=100178661665,適合
SUUMO 賃貸 倉吉市,倉吉市,賃貸アパート,賃貸カテゴリ（掲載種別）,鳥取県倉吉市伊木,3.5,25.0,,5,—,—,,—,賃貸のため対象外,,2026-07-24,,https://suumo.jp/chintai/jnc_000101362277/?bc=100458823644,適合
SUUMO 賃貸 倉吉市,倉吉市,賃貸アパート,賃貸カテゴリ（掲載種別）,鳥取県倉吉市伊木,3.0,23.2,,5,—,—,,—,賃貸のため対象外,,2026-07-24,,https://suumo.jp/chintai/jnc_000108492220/?bc=100497881120,適合
SUUMO 賃貸 倉吉市,倉吉市,賃貸アパート,賃貸カテゴリ（掲載種別）,鳥取県倉吉市伊木,3.2,23.2,,5,—,—,,—,賃貸のため対象外,,2026-07-24,,https://suumo.jp/chintai/jnc_000108228441/?bc=100412247679,適合
SUUMO 賃貸 倉吉市,倉吉市,賃貸アパート,賃貸カテゴリ（掲載種別）,鳥取県倉吉市伊木,3.8,23.2,,5,—,—,,—,賃貸のため対象外,,2026-07-24,,https://suumo.jp/chintai/jnc_000058682639/?bc=100332883961,適合
SUUMO 賃貸 倉吉市,倉吉市,賃貸アパート,賃貸カテゴリ（掲載種別）,鳥取県倉吉市伊木,3.9,23.2,,5,—,—,,—,賃貸のため対象外,,2026-07-24,,https://suumo.jp/chintai/jnc_000108256567/?bc=100489953398,適合
SUUMO 賃貸 倉吉市,倉吉市,賃貸アパート,賃貸カテゴリ（掲載種別）,鳥取県倉吉市伊木,3.9,23.2,,5,—,—,,—,賃貸のため対象外,,2026-07-24,,https://suumo.jp/chintai/jnc_000014569723/?bc=100379119228,適合
SUUMO 賃貸 倉吉市,倉吉市,賃貸アパート,賃貸カテゴリ（掲載種別）,鳥取県倉吉市伊木,3.9,23.2,,5,—,—,,—,賃貸のため対象外,,2026-07-24,,https://suumo.jp/chintai/jnc_000108256566/?bc=100433699597,適合
SUUMO 賃貸 倉吉市,倉吉市,賃貸アパート,賃貸カテゴリ（掲載種別）,鳥取県倉吉市伊木,3.9,23.2,,5,—,—,,—,賃貸のため対象外,,2026-07-24,,https://suumo.jp/chintai/jnc_000108256565/?bc=100267829672,適合
SUUMO 賃貸 倉吉市,倉吉市,賃貸アパート,賃貸カテゴリ（掲載種別）,鳥取県倉吉市伊木,4.0,23.2,,5,—,—,,—,賃貸のため対象外,,2026-07-24,,https://suumo.jp/chintai/jnc_000108256564/?bc=100486023117,適合
SUUMO 賃貸 倉吉市,倉吉市,賃貸マンション,賃貸カテゴリ（掲載種別）,鳥取県倉吉市上井,11.0,91.2,,5,—,—,,—,賃貸のため対象外,,2026-07-24,,https://suumo.jp/chintai/jnc_000104338892/?bc=100437415053,不適合
SUUMO 賃貸 倉吉市,倉吉市,賃貸アパート,賃貸カテゴリ（掲載種別）,鳥取県倉吉市山根,5.4,48.4,,5,—,—,,—,賃貸のため対象外,,2026-07-24,,https://suumo.jp/chintai/jnc_000107887750/?bc=100359623134,不適合
SUUMO 賃貸 倉吉市,倉吉市,賃貸アパート,賃貸カテゴリ（掲載種別）,鳥取県倉吉市山根,5.4,48.4,,5,—,—,,—,賃貸のため対象外,,2026-07-24,,https://suumo.jp/chintai/jnc_000086898992/?bc=100323900664,不適合
SUUMO 賃貸 倉吉市,倉吉市,賃貸アパート,賃貸カテゴリ（掲載種別）,鳥取県倉吉市山根,5.8,48.4,,5,—,—,,—,賃貸のため対象外,,2026-07-24,,https://suumo.jp/chintai/jnc_000108405015/?bc=100512382119,不適合
SUUMO 賃貸 倉吉市,倉吉市,賃貸アパート,賃貸カテゴリ（掲載種別）,鳥取県倉吉市山根,5.8,48.4,,5,—,—,,—,賃貸のため対象外,,2026-07-24,,https://suumo.jp/chintai/jnc_000108405016/?bc=100473990628,不適合
SUUMO 賃貸 倉吉市,倉吉市,賃貸アパート,賃貸カテゴリ（掲載種別）,鳥取県倉吉市山根,5.9,48.4,,5,—,—,,—,賃貸のため対象外,,2026-07-24,,https://suumo.jp/chintai/jnc_000108405017/?bc=100394981156,不適合
SUUMO 賃貸 倉吉市,倉吉市,賃貸アパート,賃貸カテゴリ（掲載種別）,鳥取県倉吉市山根,6.1,48.4,,5,—,—,,—,賃貸のため対象外,,2026-07-24,,https://suumo.jp/chintai/jnc_000108405018/?bc=100421958346,不適合
SUUMO 賃貸 倉吉市,倉吉市,賃貸アパート,賃貸カテゴリ（掲載種別）,鳥取県倉吉市山根,6.1,48.4,,5,—,—,,—,賃貸のため対象外,,2026-07-24,,https://suumo.jp/chintai/jnc_000108405020/?bc=100371359078,不適合
SUUMO 賃貸 倉吉市,倉吉市,賃貸アパート,賃貸カテゴリ（掲載種別）,鳥取県倉吉市山根,6.1,48.4,,5,—,—,,—,賃貸のため対象外,,2026-07-24,,https://suumo.jp/chintai/jnc_000108405019/?bc=100473990542,不適合
SUUMO 賃貸 倉吉市,倉吉市,賃貸アパート,賃貸カテゴリ（掲載種別）,鳥取県倉吉市東巌城町,4.9,30.8,,5,—,—,,—,賃貸のため対象外,,2026-07-24,,https://suumo.jp/chintai/jnc_000108307159/?bc=100512746692,適合
SUUMO 賃貸 倉吉市,倉吉市,賃貸アパート,賃貸カテゴリ（掲載種別）,鳥取県倉吉市東巌城町,5.1,30.8,,5,—,—,,—,賃貸のため対象外,,2026-07-24,,https://suumo.jp/chintai/jnc_000108307160/?bc=100512381955,不適合
SUUMO 賃貸 倉吉市,倉吉市,賃貸アパート,賃貸カテゴリ（掲載種別）,鳥取県倉吉市天神町,4.2,23.6,,5,—,—,,—,賃貸のため対象外,,2026-07-24,,https://suumo.jp/chintai/jnc_000108593574/?bc=100489953460,適合
SUUMO 賃貸 倉吉市,倉吉市,賃貸アパート,賃貸カテゴリ（掲載種別）,鳥取県倉吉市秋喜西町,4.4,23.6,,5,—,—,,—,賃貸のため対象外,,2026-07-24,,https://suumo.jp/chintai/jnc_000108567048/?bc=100514137469,適合
SUUMO 賃貸 倉吉市,倉吉市,賃貸アパート,賃貸カテゴリ（掲載種別）,鳥取県倉吉市秋喜西町,4.4,23.6,,5,—,—,,—,賃貸のため対象外,,2026-07-24,,https://suumo.jp/chintai/jnc_000108307171/?bc=100435462023,適合
SUUMO 賃貸 倉吉市,倉吉市,賃貸アパート,賃貸カテゴリ（掲載種別）,鳥取県倉吉市秋喜西町,4.5,23.6,,5,—,—,,—,賃貸のため対象外,,2026-07-24,,https://suumo.jp/chintai/jnc_000108307172/?bc=100403955515,適合
SUUMO 賃貸 倉吉市,倉吉市,賃貸アパート,賃貸カテゴリ（掲載種別）,鳥取県倉吉市秋喜西町,4.6,28.0,,5,—,—,,—,賃貸のため対象外,,2026-07-24,,https://suumo.jp/chintai/jnc_000108307173/?bc=100392864015,適合
SUUMO 賃貸 倉吉市,倉吉市,賃貸アパート,賃貸カテゴリ（掲載種別）,鳥取県倉吉市福庭町１,3.5,28.0,,5,—,—,,—,賃貸のため対象外,,2026-07-24,,https://suumo.jp/chintai/jnc_000108728828/?bc=100368806480,適合
SUUMO 賃貸 倉吉市,倉吉市,賃貸アパート,賃貸カテゴリ（掲載種別）,鳥取県倉吉市福庭町１,4.3,23.6,,5,—,—,,—,賃貸のため対象外,,2026-07-24,,https://suumo.jp/chintai/jnc_000108381413/?bc=100491583469,適合
SUUMO 賃貸 倉吉市,倉吉市,賃貸アパート,賃貸カテゴリ（掲載種別）,鳥取県倉吉市福庭町１,4.3,23.6,,5,—,—,,—,賃貸のため対象外,,2026-07-24,,https://suumo.jp/chintai/jnc_000108567050/?bc=100515996375,適合
SUUMO 賃貸 倉吉市,倉吉市,賃貸アパート,賃貸カテゴリ（掲載種別）,鳥取県倉吉市福庭町１,4.4,28.0,,5,—,—,,—,賃貸のため対象外,,2026-07-24,,https://suumo.jp/chintai/jnc_000108550704/?bc=100419777725,適合
SUUMO 賃貸 倉吉市,倉吉市,賃貸アパート,賃貸カテゴリ（掲載種別）,鳥取県倉吉市福庭町１,4.4,28.0,,5,—,—,,—,賃貸のため対象外,,2026-07-24,,https://suumo.jp/chintai/jnc_000108405022/?bc=100425892282,適合
SUUMO 賃貸 倉吉市,倉吉市,賃貸アパート,賃貸カテゴリ（掲載種別）,鳥取県倉吉市天神町,4.0,23.7,,5,—,—,,—,賃貸のため対象外,,2026-07-24,,https://suumo.jp/chintai/jnc_000108433980/?bc=100276814230,適合
SUUMO 賃貸 倉吉市,倉吉市,賃貸アパート,賃貸カテゴリ（掲載種別）,鳥取県倉吉市天神町,4.0,23.7,,5,—,—,,—,賃貸のため対象外,,2026-07-24,,https://suumo.jp/chintai/jnc_000108433978/?bc=100275890361,適合
SUUMO 賃貸 倉吉市,倉吉市,賃貸アパート,賃貸カテゴリ（掲載種別）,鳥取県倉吉市天神町,4.0,23.7,,5,—,—,,—,賃貸のため対象外,,2026-07-24,,https://suumo.jp/chintai/jnc_000108433977/?bc=100260501330,適合
SUUMO 賃貸 倉吉市,倉吉市,賃貸アパート,賃貸カテゴリ（掲載種別）,鳥取県倉吉市天神町,4.0,23.7,,5,—,—,,—,賃貸のため対象外,,2026-07-24,,https://suumo.jp/chintai/jnc_000108433981/?bc=100276982743,適合
SUUMO 賃貸 倉吉市,倉吉市,賃貸アパート,賃貸カテゴリ（掲載種別）,鳥取県倉吉市天神町,4.0,23.7,,5,—,—,,—,賃貸のため対象外,,2026-07-24,,https://suumo.jp/chintai/jnc_000108433976/?bc=100272339258,適合
SUUMO 賃貸 倉吉市,倉吉市,賃貸アパート,賃貸カテゴリ（掲載種別）,鳥取県倉吉市天神町,4.0,23.7,,5,—,—,,—,賃貸のため対象外,,2026-07-24,,https://suumo.jp/chintai/jnc_000108433979/?bc=100354486372,適合
SUUMO 賃貸 倉吉市,倉吉市,賃貸アパート,賃貸カテゴリ（掲載種別）,鳥取県倉吉市天神町,4.1,23.7,,5,—,—,,—,賃貸のため対象外,,2026-07-24,,https://suumo.jp/chintai/jnc_000108307135/?bc=100372722349,適合
SUUMO 賃貸 倉吉市,倉吉市,賃貸アパート,賃貸カテゴリ（掲載種別）,鳥取県倉吉市天神町,4.2,26.1,,5,—,—,,—,賃貸のため対象外,,2026-07-24,,https://suumo.jp/chintai/jnc_000108307137/?bc=100357344955,適合
SUUMO 賃貸 倉吉市,倉吉市,賃貸アパート,賃貸カテゴリ（掲載種別）,鳥取県倉吉市天神町,4.2,26.1,,5,—,—,,—,賃貸のため対象外,,2026-07-24,,https://suumo.jp/chintai/jnc_000108307136/?bc=100363698391,適合
SUUMO 賃貸 倉吉市,倉吉市,賃貸アパート,賃貸カテゴリ（掲載種別）,鳥取県倉吉市天神町,4.2,26.1,,5,—,—,,—,賃貸のため対象外,,2026-07-24,,https://suumo.jp/chintai/jnc_000108433984/?bc=100408279879,適合
SUUMO 賃貸 倉吉市,倉吉市,賃貸アパート,賃貸カテゴリ（掲載種別）,鳥取県倉吉市天神町,4.2,26.1,,5,—,—,,—,賃貸のため対象外,,2026-07-24,,https://suumo.jp/chintai/jnc_000108433983/?bc=100395900552,適合
SUUMO 賃貸 倉吉市,倉吉市,賃貸アパート,賃貸カテゴリ（掲載種別）,鳥取県倉吉市天神町,4.3,26.1,,5,—,—,,—,賃貸のため対象外,,2026-07-24,,https://suumo.jp/chintai/jnc_000108433982/?bc=100514515209,適合
SUUMO 賃貸 倉吉市,倉吉市,賃貸アパート,賃貸カテゴリ（掲載種別）,鳥取県倉吉市秋喜西町,3.8,22.7,,5,—,—,,—,賃貸のため対象外,,2026-07-24,,https://suumo.jp/chintai/jnc_000107887751/?bc=100377008292,適合
SUUMO 賃貸 倉吉市,倉吉市,賃貸アパート,賃貸カテゴリ（掲載種別）,鳥取県倉吉市秋喜西町,3.9,22.7,,5,—,—,,—,賃貸のため対象外,,2026-07-24,,https://suumo.jp/chintai/jnc_000107887752/?bc=100374955657,適合
SUUMO 賃貸 倉吉市,倉吉市,賃貸アパート,賃貸カテゴリ（掲載種別）,鳥取県倉吉市秋喜西町,4.2,22.7,,5,—,—,,—,賃貸のため対象外,,2026-07-24,,https://suumo.jp/chintai/jnc_000106727038/?bc=100473711612,適合
SUUMO 賃貸 倉吉市,倉吉市,賃貸アパート,賃貸カテゴリ（掲載種別）,鳥取県倉吉市秋喜西町,4.2,22.7,,5,—,—,,—,賃貸のため対象外,,2026-07-24,,https://suumo.jp/chintai/jnc_000106727036/?bc=100423644711,適合
SUUMO 賃貸 倉吉市,倉吉市,賃貸アパート,賃貸カテゴリ（掲載種別）,鳥取県倉吉市秋喜西町,4.2,22.7,,5,—,—,,—,賃貸のため対象外,,2026-07-24,,https://suumo.jp/chintai/jnc_000106727039/?bc=100417317456,適合
SUUMO 賃貸 倉吉市,倉吉市,賃貸アパート,賃貸カテゴリ（掲載種別）,鳥取県倉吉市秋喜西町,4.2,22.7,,5,—,—,,—,賃貸のため対象外,,2026-07-24,,https://suumo.jp/chintai/jnc_000106727037/?bc=100474726625,適合
SUUMO 賃貸 倉吉市,倉吉市,賃貸アパート,賃貸カテゴリ（掲載種別）,鳥取県倉吉市秋喜西町,4.2,22.7,,5,—,—,,—,賃貸のため対象外,,2026-07-24,,https://suumo.jp/chintai/jnc_000106727040/?bc=100397682260,適合
SUUMO 賃貸 倉吉市,倉吉市,賃貸アパート,賃貸カテゴリ（掲載種別）,鳥取県倉吉市秋喜西町,4.4,22.7,,5,—,—,,—,賃貸のため対象外,,2026-07-24,,https://suumo.jp/chintai/jnc_000106727045/?bc=100299055056,適合
SUUMO 賃貸 倉吉市,倉吉市,賃貸アパート,賃貸カテゴリ（掲載種別）,鳥取県倉吉市秋喜西町,4.4,22.7,,5,—,—,,—,賃貸のため対象外,,2026-07-24,,https://suumo.jp/chintai/jnc_000106727042/?bc=100500657642,適合
SUUMO 賃貸 倉吉市,倉吉市,賃貸アパート,賃貸カテゴリ（掲載種別）,鳥取県倉吉市秋喜西町,4.4,22.7,,5,—,—,,—,賃貸のため対象外,,2026-07-24,,https://suumo.jp/chintai/jnc_000106727044/?bc=100476068741,適合
SUUMO 賃貸 倉吉市,倉吉市,賃貸アパート,賃貸カテゴリ（掲載種別）,鳥取県倉吉市秋喜西町,4.4,22.7,,5,—,—,,—,賃貸のため対象外,,2026-07-24,,https://suumo.jp/chintai/jnc_000106727043/?bc=100471913907,適合
SUUMO 賃貸 倉吉市,倉吉市,賃貸アパート,賃貸カテゴリ（掲載種別）,鳥取県倉吉市秋喜西町,4.4,22.7,,5,—,—,,—,賃貸のため対象外,,2026-07-24,,https://suumo.jp/chintai/jnc_000106727046/?bc=100351467166,適合
SUUMO 賃貸 倉吉市,倉吉市,賃貸アパート,賃貸カテゴリ（掲載種別）,鳥取県倉吉市秋喜西町,4.5,22.7,,5,—,—,,—,賃貸のため対象外,,2026-07-24,,https://suumo.jp/chintai/jnc_000106727041/?bc=100394915805,適合
SUUMO 賃貸 倉吉市,倉吉市,賃貸アパート,賃貸カテゴリ（掲載種別）,鳥取県倉吉市海田西町１,4.0,22.4,,5,田,—,,—,賃貸のため対象外,,2026-07-24,,https://suumo.jp/chintai/jnc_000108433973/?bc=100403955516,適合
SUUMO 賃貸 倉吉市,倉吉市,賃貸アパート,賃貸カテゴリ（掲載種別）,鳥取県倉吉市海田西町１,4.0,22.4,,5,田,—,,—,賃貸のため対象外,,2026-07-24,,https://suumo.jp/chintai/jnc_000108433974/?bc=100403955637,適合
SUUMO 賃貸 倉吉市,倉吉市,賃貸アパート,賃貸カテゴリ（掲載種別）,鳥取県倉吉市海田西町１,4.1,22.4,,5,田,—,,—,賃貸のため対象外,,2026-07-24,,https://suumo.jp/chintai/jnc_000108307107/?bc=100474031204,適合
SUUMO 賃貸 倉吉市,倉吉市,賃貸アパート,賃貸カテゴリ（掲載種別）,鳥取県倉吉市海田西町１,4.3,22.4,,5,田,—,,—,賃貸のため対象外,,2026-07-24,,https://suumo.jp/chintai/jnc_000108433975/?bc=100369274995,適合
SUUMO 賃貸 倉吉市,倉吉市,賃貸アパート,賃貸カテゴリ（掲載種別）,鳥取県倉吉市下田中町,3.9,23.2,,5,田,—,,—,賃貸のため対象外,,2026-07-24,,https://suumo.jp/chintai/jnc_000055871318/?bc=100485633499,適合
SUUMO 賃貸 倉吉市,倉吉市,賃貸アパート,賃貸カテゴリ（掲載種別）,鳥取県倉吉市下田中町,4.0,23.2,,5,田,—,,—,賃貸のため対象外,,2026-07-24,,https://suumo.jp/chintai/jnc_000108256569/?bc=100459221816,適合
SUUMO 賃貸 倉吉市,倉吉市,賃貸アパート,賃貸カテゴリ（掲載種別）,鳥取県倉吉市下田中町,4.1,23.2,,5,田,—,,—,賃貸のため対象外,,2026-07-24,,https://suumo.jp/chintai/jnc_000108356032/?bc=100489528870,適合
SUUMO 賃貸 倉吉市,倉吉市,賃貸アパート,賃貸カテゴリ（掲載種別）,鳥取県倉吉市伊木,3.2,23.2,,5,—,—,,—,賃貸のため対象外,,2026-07-24,,https://suumo.jp/chintai/jnc_000108322943/?bc=100512382123,適合
LIFULL 中古戸建 三島市,三島市,中古戸建,中古戸建/住宅カテゴリ,三島市梅名中古住宅,2980,124.4,79.2,3000,—,—,,不明,接道・区分情報なし。建物ありだが現行法での再建築可否は役場で要確認,,2026-06-21,,https://www.homes.co.jp/kodate/b-1265050002580/,不適合
LIFULL 中古戸建 三島市,三島市,空き家,掲載に空き家表記,三島市谷田中古住宅,3190,153.5,68.7,3000,宅地,—,,不明,接道・区分情報なし。建物ありだが現行法での再建築可否は役場で要確認,,2026-06-21,,https://www.homes.co.jp/kodate/b-1265050002529/,不適合
LIFULL 中古戸建 三島市,三島市,中古戸建,中古戸建/住宅カテゴリ,三島市大場中古住宅,3100,159.3,64.3,3000,—,—,,不明,接道・区分情報なし。建物ありだが現行法での再建築可否は役場で要確認,,2026-06-28,,https://www.homes.co.jp/kodate/b-1265050002650/,不適合
LIFULL 中古戸建 三島市,三島市,空き家,掲載に空き家表記,三島市東町　築12年　中古住宅,1780,120.5,48.8,3000,田,—,,不明,接道・区分情報なし。建物ありだが現行法での再建築可否は役場で要確認,,2026-07-04,,https://www.homes.co.jp/kodate/b-33333810000748/,不適合
LIFULL 中古戸建 三島市,三島市,空き家,掲載に空き家表記,中古戸建　三島市北沢,2780,184.8,49.7,3000,宅地,—,,不明,接道・区分情報なし。建物ありだが現行法での再建築可否は役場で要確認,,2026-07-12,,https://www.homes.co.jp/kodate/b-1540930000270/,不適合
LIFULL 中古戸建 三島市,三島市,中古戸建,中古戸建/住宅カテゴリ,売中古戸建　三島市富士ビレッジ,2200,103.6,70.2,3000,宅地,—,,不明,接道・区分情報なし。建物ありだが現行法での再建築可否は役場で要確認,,2026-06-21,,https://www.homes.co.jp/kodate/b-1500050000673/,不適合
LIFULL 中古戸建 三島市,三島市,空き家,掲載に空き家表記,三島市東大場二丁目中古住宅,2290,212.9,35.6,3000,—,—,,不明,接道・区分情報なし。建物ありだが現行法での再建築可否は役場で要確認,,2026-06-21,NG:東大場,https://www.homes.co.jp/kodate/b-1265050002139/,不適合
LIFULL 中古戸建 三島市,三島市,中古戸建,中古戸建/住宅カテゴリ,売中古戸建　三島市富士ビレッジ,4250,170.7,82.3,3000,宅地,—,,不明,接道・区分情報なし。建物ありだが現行法での再建築可否は役場で要確認,,2026-06-21,,https://www.homes.co.jp/kodate/b-1500050000625/,不適合
LIFULL 中古戸建 三島市,三島市,中古戸建,中古戸建/住宅カテゴリ,売中古戸建　三島市安久,3480,153.1,75.1,3000,—,—,接道があり、陽当たりや風通し,不明,接道・区分情報なし。建物ありだが現行法での再建築可否は役場で要確認,,2026-07-18,,https://www.homes.co.jp/kodate/b-1500050000683/,不適合
LIFULL 中古戸建 三島市,三島市,中古戸建,中古戸建/住宅カテゴリ,三島市徳倉中古住宅,3480,105.6,108.9,3000,—,—,,不明,接道・区分情報なし。建物ありだが現行法での再建築可否は役場で要確認,,2026-06-21,,https://www.homes.co.jp/kodate/b-1265050002560/,不適合
LIFULL 中古戸建 三島市,三島市,中古戸建,中古戸建/住宅カテゴリ,三島市富士ビレッジ　中古戸建,3499,178.0,65.0,3000,宅地,—,,不明,接道・区分情報なし。建物ありだが現行法での再建築可否は役場で要確認,,2026-06-21,,https://www.homes.co.jp/kodate/b-1490460002333/,不適合
LIFULL 中古戸建 三島市,三島市,中古戸建,中古戸建/住宅カテゴリ,売中古戸建　三島市御園,3280,201.1,53.9,3000,田,—,,不明,接道・区分情報なし。建物ありだが現行法での再建築可否は役場で要確認,,2026-06-21,,https://www.homes.co.jp/kodate/b-1500050000501/,不適合
LIFULL 中古戸建 三島市,三島市,中古戸建,中古戸建/住宅カテゴリ,三島市御園　中古戸建,3280,220.2,49.2,3000,田,—,,不明,接道・区分情報なし。建物ありだが現行法での再建築可否は役場で要確認,,2026-06-21,,https://www.homes.co.jp/kodate/b-1490460001877/,不適合
LIFULL 中古戸建 三島市,,中古戸建,中古戸建/住宅カテゴリ,JR東海道本線 三島駅 徒歩22分,3880,103.7,123.7,3000,田,—,,不明,接道・区分情報なし。建物ありだが現行法での再建築可否は役場で要確認,,2026-06-21,,https://www.homes.co.jp/kodate/b-33333630000001/,不適合
LIFULL 中古戸建 三島市,三島市,中古戸建,中古戸建/住宅カテゴリ,三島市佐野見晴台1丁目中古住宅,4700,252.3,61.6,3000,—,—,,不明,接道・区分情報なし。建物ありだが現行法での再建築可否は役場で要確認,,2026-06-21,,https://www.homes.co.jp/kodate/b-1265050002470/,不適合
LIFULL 中古戸建 三島市,三島市,空き家,掲載に空き家表記,三島市新谷中古住宅,2980,165.4,59.6,3000,—,—,,不明,接道・区分情報なし。建物ありだが現行法での再建築可否は役場で要確認,,2026-07-19,,https://www.homes.co.jp/kodate/b-1265050002679/,不適合
LIFULL 中古戸建 三島市,,空き家,掲載に空き家表記,伊豆箱根鉄道駿豆線 三島二日町駅 徒歩26分,3980,188.5,69.8,3000,宅地,—,,不明,接道・区分情報なし。建物ありだが現行法での再建築可否は役場で要確認,,2026-06-21,,https://www.homes.co.jp/kodate/b-33328200001056/,不適合
LIFULL 中古戸建 三島市,三島市,中古戸建,中古戸建/住宅カテゴリ,中古戸建　三島市富士ビレッジ,4998,170.7,96.8,3000,宅地,—,,不明,接道・区分情報なし。建物ありだが現行法での再建築可否は役場で要確認,,2026-06-21,,https://www.homes.co.jp/kodate/b-1540930000215/,不適合
LIFULL 中古戸建 三島市,三島市,空き家,掲載に空き家表記,三島市千枚原中古住宅,4780,208.1,75.9,3000,宅地,—,,不明,接道・区分情報なし。建物ありだが現行法での再建築可否は役場で要確認,,2026-06-21,,https://www.homes.co.jp/kodate/b-1265050001989/,不適合
LIFULL 中古戸建 三島市,三島市,空き家,掲載に空き家表記,三島市谷田中古住宅,1680,145.7,38.1,3000,宅地,—,,不明,接道・区分情報なし。建物ありだが現行法での再建築可否は役場で要確認,,2026-06-21,,https://www.homes.co.jp/kodate/b-1265050002448/,不適合
LIFULL 中古戸建 三島市,三島市,中古戸建,中古戸建/住宅カテゴリ,三島市東大場1丁目・2階建て,2980,209.7,47.0,3000,田,—,,不明,接道・区分情報なし。建物ありだが現行法での再建築可否は役場で要確認,,2026-06-21,NG:東大場,https://www.homes.co.jp/kodate/b-1540930000096/,不適合
LIFULL 中古戸建 三島市,三島市,空き家,掲載に空き家表記,三島市梅名戸建て,2980,216.2,45.6,3000,田,—,,不明,接道・区分情報なし。建物ありだが現行法での再建築可否は役場で要確認,,2026-06-21,,https://www.homes.co.jp/kodate/b-33334000000001/,不適合
LIFULL 中古戸建 三島市,三島市,中古戸建,中古戸建/住宅カテゴリ,売中古戸建　三島市徳倉3丁目,4500,200.8,74.1,3000,宅地,—,,不明,接道・区分情報なし。建物ありだが現行法での再建築可否は役場で要確認,,2026-06-21,,https://www.homes.co.jp/kodate/b-1500050000632/,不適合
LIFULL 中古戸建 三島市,三島市,中古戸建,中古戸建/住宅カテゴリ,中古戸建　三島市若松町,2980,250.1,39.4,3000,宅地,—,,不明,接道・区分情報なし。建物ありだが現行法での再建築可否は役場で要確認,,2026-06-21,,https://www.homes.co.jp/kodate/b-1540930000226/,不適合
LIFULL 中古戸建 三島市,三島市,空き家,掲載に空き家表記,三島市徳倉三丁目中古住宅,4600,190.8,79.7,3000,宅地,—,,不明,接道・区分情報なし。建物ありだが現行法での再建築可否は役場で要確認,,2026-06-27,,https://www.homes.co.jp/kodate/b-1265050002374/,不適合
LIFULL 中古戸建 三島市,三島市,中古戸建,中古戸建/住宅カテゴリ,売中古戸建　三島市徳倉3丁目,4600,190.8,79.7,3000,宅地,—,,不明,接道・区分情報なし。建物ありだが現行法での再建築可否は役場で要確認,,2026-07-20,,https://www.homes.co.jp/kodate/b-1500050000524/,不適合
LIFULL 中古戸建 三島市,三島市,空き家,掲載に空き家表記,三島市佐野見晴台中古住宅,1380,207.1,22.0,3000,—,—,,不明,接道・区分情報なし。建物ありだが現行法での再建築可否は役場で要確認,,2026-06-25,,https://www.homes.co.jp/kodate/b-1265050002639/,不適合
LIFULL 中古戸建 三島市,三島市,空き家,掲載に空き家表記,三島市川原ケ谷（三島駅）　木造二階建住宅,980,122.5,26.4,3000,—,—,,不明,接道・区分情報なし。建物ありだが現行法での再建築可否は役場で要確認,,2026-07-11,,https://www.homes.co.jp/kodate/b-1531160000030/,不適合
LIFULL 中古戸建 三島市,三島市,空き家,掲載に空き家表記,三島市錦が丘　中古一戸建て,2349,187.7,41.4,3000,—,—,,不明,接道・区分情報なし。建物ありだが現行法での再建築可否は役場で要確認,,2026-07-20,,https://www.homes.co.jp/kodate/b-1475010001832/,不適合
LIFULL 中古戸建 三島市,三島市,空き家,掲載に空き家表記,三島市錦が丘　中古戸建,2499,187.7,44.0,3000,—,—,,不明,接道・区分情報なし。建物ありだが現行法での再建築可否は役場で要確認,,2026-07-24,,https://www.homes.co.jp/kodate/b-1490460002433/,不適合
SUUMO 土地 裾野市,裾野市,更地,土地カテゴリ（建物表記なし）,静岡県裾野市伊豆島田,1750,141.3,40.9,1500,田,—,,不明,接道・区分情報なし、詳細/役場で要確認,,2026-07-24,,https://suumo.jp/tochi/shizuoka/sc_susono/nc_77114614/,不適合
SUUMO 土地 裾野市,裾野市,更地,土地カテゴリ（建物表記なし）,静岡県裾野市水窪,2830,200.7,46.6,1500,—,—,,不明,接道・区分情報なし、詳細/役場で要確認,,2026-07-24,,https://suumo.jp/tochi/shizuoka/sc_susono/nc_77533939/,不適合
SUUMO 土地 裾野市,裾野市,更地,土地カテゴリ（建物表記なし）,静岡県裾野市二ツ屋字盤若塚175番23外,1919,166.0,38.2,1500,—,—,,不明,接道・区分情報なし、詳細/役場で要確認,,2026-06-17,,https://suumo.jp/tochi/shizuoka/sc_susono/nc_76816352/,不適合
SUUMO 土地 裾野市,裾野市,更地,土地カテゴリ（建物表記なし）,静岡県裾野市須山主要地,50,551.0,0.3,1500,—,—,,不明,接道・区分情報なし、詳細/役場で要確認,,2026-06-17,,https://suumo.jp/tochi/shizuoka/sc_susono/nc_20887246/,適合
SUUMO 土地 裾野市,裾野市,更地,土地カテゴリ（建物表記なし）,静岡県裾野市茶畑1262,700,806.0,2.9,1500,畑,—,,不明,接道・区分情報なし、詳細/役場で要確認,,2026-06-17,,https://suumo.jp/tochi/shizuoka/sc_susono/nc_78451368/,適合
SUUMO 土地 裾野市,裾野市,更地,土地カテゴリ（建物表記なし）,静岡県裾野市今里,700,191.3,12.1,1500,—,—,,不明,接道・区分情報なし、詳細/役場で要確認,,2026-06-17,,https://suumo.jp/tochi/shizuoka/sc_susono/nc_75881056/,不適合
SUUMO 土地 裾野市,裾野市,更地,土地カテゴリ（建物表記なし）,静岡県裾野市金沢,780,187.5,13.8,1500,—,—,,不明,接道・区分情報なし、詳細/役場で要確認,,2026-06-17,,https://suumo.jp/tochi/shizuoka/sc_susono/nc_76336722/,不適合
SUUMO 土地 裾野市,裾野市,更地,土地カテゴリ（建物表記なし）,静岡県裾野市平松,890,100.7,29.2,1500,—,—,,不明,接道・区分情報なし、詳細/役場で要確認,,2026-06-17,,https://suumo.jp/tochi/shizuoka/sc_susono/nc_20763181/,不適合
SUUMO 土地 裾野市,裾野市,更地,土地カテゴリ（建物表記なし）,静岡県裾野市須山,1390,1149.0,4.0,1500,—,—,,不明,接道・区分情報なし、詳細/役場で要確認,,2026-07-23,,https://suumo.jp/tochi/shizuoka/sc_susono/nc_78216986/,適合
SUUMO 土地 裾野市,裾野市,更地,土地カテゴリ（建物表記なし）,静岡県裾野市深良440-1,1500,807.7,6.1,1500,—,—,,不明,接道・区分情報なし、詳細/役場で要確認,,2026-06-28,,https://suumo.jp/tochi/shizuoka/sc_susono/nc_79235167/,適合
SUUMO 土地 裾野市,裾野市,更地,土地カテゴリ（建物表記なし）,静岡県裾野市佐野,1570,157.2,33.0,1500,—,—,,不明,接道・区分情報なし、詳細/役場で要確認,,2026-06-17,,https://suumo.jp/tochi/shizuoka/sc_susono/nc_20935308/,不適合
SUUMO 土地 裾野市,裾野市,更地,土地カテゴリ（建物表記なし）,静岡県裾野市水窪,1580,165.6,31.5,1500,—,—,,不明,接道・区分情報なし、詳細/役場で要確認,,2026-06-17,,https://suumo.jp/tochi/shizuoka/sc_susono/nc_77714140/,不適合
SUUMO 土地 裾野市,裾野市,更地,土地カテゴリ（建物表記なし）,静岡県裾野市茶畑,1580,155.4,33.6,1500,畑,—,,不明,接道・区分情報なし、詳細/役場で要確認,,2026-06-30,,https://suumo.jp/tochi/shizuoka/sc_susono/nc_21183880/,不適合
SUUMO 土地 裾野市,裾野市,更地,土地カテゴリ（建物表記なし）,静岡県裾野市二ツ屋131,1615,140.5,38.0,1500,—,—,,不明,接道・区分情報なし、詳細/役場で要確認,,2026-06-17,,https://suumo.jp/tochi/shizuoka/sc_susono/nc_77736694/,不適合
SUUMO 土地 裾野市,裾野市,更地,土地カテゴリ（建物表記なし）,静岡県裾野市佐野,1650,155.5,35.1,1500,—,—,,不明,接道・区分情報なし、詳細/役場で要確認,,2026-06-17,,https://suumo.jp/tochi/shizuoka/sc_susono/nc_20935307/,不適合
SUUMO 土地 裾野市,裾野市,更地,土地カテゴリ（建物表記なし）,静岡県裾野市茶畑,1680,339.7,16.3,1500,畑,—,,不明,接道・区分情報なし、詳細/役場で要確認,,2026-06-17,,https://suumo.jp/tochi/shizuoka/sc_susono/nc_74416999/,不適合
SUUMO 土地 裾野市,裾野市,更地,土地カテゴリ（建物表記なし）,静岡県裾野市二ツ屋10-5,1680,304.0,18.3,1500,—,—,,不明,接道・区分情報なし、詳細/役場で要確認,,2026-07-12,,https://suumo.jp/tochi/shizuoka/sc_susono/nc_77407626/,不適合
SUUMO 土地 裾野市,裾野市,更地,土地カテゴリ（建物表記なし）,静岡県裾野市伊豆島田204-2他,1698,150.2,37.4,1500,田,—,,不明,接道・区分情報なし、詳細/役場で要確認,,2026-06-17,,https://suumo.jp/tochi/shizuoka/sc_susono/nc_77102757/,不適合
SUUMO 土地 裾野市,裾野市,更地,土地カテゴリ（建物表記なし）,静岡県裾野市茶畑,1698,201.7,27.8,1500,畑,—,,不明,接道・区分情報なし、詳細/役場で要確認,,2026-06-17,,https://suumo.jp/tochi/shizuoka/sc_susono/nc_78556148/,不適合
SUUMO 土地 裾野市,裾野市,更地,土地カテゴリ（建物表記なし）,静岡県裾野市伊豆島田,1750,133.8,43.2,1500,田,—,,不明,接道・区分情報なし、詳細/役場で要確認,,2026-06-17,,https://suumo.jp/tochi/shizuoka/sc_susono/nc_79060252/,不適合
SUUMO 土地 裾野市,裾野市,更地,土地カテゴリ（建物表記なし）,静岡県裾野市茶畑字中丸333番24外,1760,160.9,36.2,1500,畑,—,,不明,接道・区分情報なし、詳細/役場で要確認,,2026-07-04,,https://suumo.jp/tochi/shizuoka/sc_susono/nc_20047231/,不適合
SUUMO 土地 裾野市,裾野市,更地,土地カテゴリ（建物表記なし）,静岡県裾野市稲荷字稲荷後123番25、同番30の内,1790,160.0,37.0,1500,—,—,,不明,接道・区分情報なし、詳細/役場で要確認,,2026-06-17,,https://suumo.jp/tochi/shizuoka/sc_susono/nc_20495656/,不適合
SUUMO 土地 裾野市,裾野市,更地,土地カテゴリ（建物表記なし）,静岡県裾野市公文名,1850,251.4,24.3,1500,—,—,,不明,接道・区分情報なし、詳細/役場で要確認,,2026-06-17,,https://suumo.jp/tochi/shizuoka/sc_susono/nc_20303489/,不適合
SUUMO 土地 裾野市,裾野市,更地,土地カテゴリ（建物表記なし）,静岡県裾野市伊豆島田,3100,281.2,36.4,1500,田,—,,不明,接道・区分情報なし、詳細/役場で要確認,,2026-06-17,,https://suumo.jp/tochi/shizuoka/sc_susono/nc_20801996/,不適合
SUUMO 土地 裾野市,裾野市,更地,土地カテゴリ（建物表記なし）,静岡県裾野市金沢,3400,681.3,16.5,1500,—,—,,不明,接道・区分情報なし、詳細/役場で要確認,,2026-06-17,,https://suumo.jp/tochi/shizuoka/sc_susono/nc_75040828/,不適合
SUUMO 土地 裾野市,裾野市,更地,土地カテゴリ（建物表記なし）,静岡県裾野市佐野,4000,624.9,21.2,1500,—,—,,不明,接道・区分情報なし、詳細/役場で要確認,,2026-07-09,,https://suumo.jp/tochi/shizuoka/sc_susono/nc_21150692/,不適合
SUUMO 土地 裾野市,裾野市,更地,土地カテゴリ（建物表記なし）,静岡県裾野市金沢,5000,2353.0,7.0,1500,—,—,,不明,接道・区分情報なし、詳細/役場で要確認,,2026-07-14,,https://suumo.jp/tochi/shizuoka/sc_susono/nc_76414396/,不適合
SUUMO 中古戸建 裾野市,裾野市,更地,土地カテゴリ（建物表記なし）,静岡県裾野市御宿,1398,148.8,31.1,1500,—,—,,不明,接道・区分情報なし、詳細/役場で要確認,,2026-06-17,,https://suumo.jp/chukoikkodate/shizuoka/sc_susono/nc_75177920/,不適合
SUUMO 中古戸建 裾野市,裾野市,更地,土地カテゴリ（建物表記なし）,静岡県裾野市千福が丘１,1498,206.6,24.0,1500,—,—,,不明,接道・区分情報なし、詳細/役場で要確認,,2026-06-17,,https://suumo.jp/chukoikkodate/shizuoka/sc_susono/nc_20978405/,不適合
SUUMO 中古戸建 裾野市,裾野市,更地,土地カテゴリ（建物表記なし）,静岡県裾野市佐野,1780,122.3,48.1,1500,—,—,,不明,接道・区分情報なし、詳細/役場で要確認,,2026-06-17,,https://suumo.jp/chukoikkodate/shizuoka/sc_susono/nc_78746761/,不適合
SUUMO 中古戸建 裾野市,裾野市,更地,土地カテゴリ（建物表記なし）,静岡県裾野市千福が丘２,1880,376.3,16.5,1500,—,—,,不明,接道・区分情報なし、詳細/役場で要確認,,2026-06-17,,https://suumo.jp/chukoikkodate/shizuoka/sc_susono/nc_21017101/,不適合
SUUMO 中古戸建 裾野市,裾野市,更地,土地カテゴリ（建物表記なし）,静岡県裾野市公文名,2190,212.9,34.0,1500,—,—,,不明,接道・区分情報なし、詳細/役場で要確認,,2026-06-17,,https://suumo.jp/chukoikkodate/shizuoka/sc_susono/nc_20953444/,不適合
SUUMO 中古戸建 裾野市,裾野市,更地,土地カテゴリ（建物表記なし）,静岡県裾野市佐野,4498,177.7,83.7,1500,—,—,,不明,接道・区分情報なし、詳細/役場で要確認,,2026-07-17,,https://suumo.jp/chukoikkodate/shizuoka/sc_susono/nc_20940913/,不適合
SUUMO 中古戸建 裾野市,裾野市,更地,土地カテゴリ（建物表記なし）,静岡県裾野市茶畑2016-115,1579,194.3,26.9,1500,畑,—,,不明,接道・区分情報なし、詳細/役場で要確認,,2026-07-13,,https://suumo.jp/chukoikkodate/shizuoka/sc_susono/nc_21277025/,不適合
SUUMO 中古戸建 裾野市,裾野市,更地,土地カテゴリ（建物表記なし）,静岡県裾野市二ツ屋61-21,1949,133.8,48.2,1500,—,—,,不明,接道・区分情報なし、詳細/役場で要確認,,2026-06-17,,https://suumo.jp/chukoikkodate/shizuoka/sc_susono/nc_20830405/,不適合
SUUMO 中古戸建 裾野市,裾野市,更地,土地カテゴリ（建物表記なし）,静岡県裾野市須山,450,708.0,2.1,1500,—,—,,不明,接道・区分情報なし、詳細/役場で要確認,,2026-06-17,注意:別荘地,https://suumo.jp/chukoikkodate/shizuoka/sc_susono/nc_75123901/,適合
SUUMO 中古戸建 裾野市,裾野市,中古戸建,中古戸建/住宅カテゴリ,静岡県裾野市平松123-6,1130,193.1,19.3,3000,—,—,,不明,接道・区分情報なし。建物ありだが現行法での再建築可否は役場で要確認,,2026-06-17,,https://suumo.jp/chukoikkodate/shizuoka/sc_susono/nc_78078175/,不適合
SUUMO 中古戸建 裾野市,裾野市,更地,土地カテゴリ（建物表記なし）,静岡県裾野市茶畑,1180,201.4,19.4,1500,畑,—,,不明,接道・区分情報なし、詳細/役場で要確認,,2026-07-13,,https://suumo.jp/chukoikkodate/shizuoka/sc_susono/nc_21277983/,不適合
SUUMO 中古戸建 裾野市,裾野市,更地,土地カテゴリ（建物表記なし）,静岡県裾野市千福が丘２-12番地7,1199,199.7,19.8,1500,—,—,,不明,接道・区分情報なし、詳細/役場で要確認,,2026-07-24,,https://suumo.jp/chukoikkodate/shizuoka/sc_susono/nc_21351654/,不適合
SUUMO 中古戸建 裾野市,裾野市,更地,土地カテゴリ（建物表記なし）,静岡県裾野市佐野,1200,234.7,16.9,1500,—,—,,不明,接道・区分情報なし、詳細/役場で要確認,,2026-06-17,,https://suumo.jp/chukoikkodate/shizuoka/sc_susono/nc_79187645/,不適合
SUUMO 中古戸建 裾野市,裾野市,更地,土地カテゴリ（建物表記なし）,静岡県裾野市須山,1280,466.0,9.1,1500,—,—,,不明,接道・区分情報なし、詳細/役場で要確認,,2026-06-25,,https://suumo.jp/chukoikkodate/shizuoka/sc_susono/nc_78155321/,適合
SUUMO 中古戸建 裾野市,裾野市,更地,土地カテゴリ（建物表記なし）,静岡県裾野市千福が丘３,1380,395.7,11.5,1500,—,—,,不明,接道・区分情報なし、詳細/役場で要確認,,2026-07-09,,https://suumo.jp/chukoikkodate/shizuoka/sc_susono/nc_21244616/,適合
SUUMO 中古戸建 裾野市,裾野市,更地,土地カテゴリ（建物表記なし）,静岡県裾野市千福が丘２-9-3,1399,225.7,20.5,1500,—,—,,不明,接道・区分情報なし、詳細/役場で要確認,,2026-07-18,,https://suumo.jp/chukoikkodate/shizuoka/sc_susono/nc_21288008/,不適合
SUUMO 中古戸建 裾野市,裾野市,更地,土地カテゴリ（建物表記なし）,静岡県裾野市須山,1480,1175.4,4.2,1500,—,—,,不明,接道・区分情報なし、詳細/役場で要確認,,2026-06-17,注意:別荘地,https://suumo.jp/chukoikkodate/shizuoka/sc_susono/nc_79108110/,適合
SUUMO 中古戸建 裾野市,裾野市,更地,土地カテゴリ（建物表記なし）,静岡県裾野市千福が丘１,1498,206.6,24.0,1500,—,—,,不明,接道・区分情報なし、詳細/役場で要確認,,2026-06-21,,https://suumo.jp/chukoikkodate/shizuoka/sc_susono/nc_20181111/,不適合
SUUMO 中古戸建 裾野市,裾野市,更地,土地カテゴリ（建物表記なし）,静岡県裾野市千福が丘１-17-4,1500,235.5,21.1,1500,—,—,,不明,接道・区分情報なし、詳細/役場で要確認,,2026-06-30,,https://suumo.jp/chukoikkodate/shizuoka/sc_susono/nc_20899278/,不適合
SUUMO 中古戸建 裾野市,裾野市,更地,土地カテゴリ（建物表記なし）,静岡県裾野市千福が丘１,1548,206.6,24.8,1500,—,—,,不明,接道・区分情報なし、詳細/役場で要確認,,2026-06-21,,https://suumo.jp/chukoikkodate/shizuoka/sc_susono/nc_79095838/,不適合
SUUMO 中古戸建 裾野市,裾野市,更地,土地カテゴリ（建物表記なし）,静岡県裾野市千福が丘２-9-5,1599,225.0,23.5,1500,—,—,,不明,接道・区分情報なし、詳細/役場で要確認,,2026-06-21,,https://suumo.jp/chukoikkodate/shizuoka/sc_susono/nc_21083825/,不適合
SUUMO 中古戸建 裾野市,裾野市,更地,土地カテゴリ（建物表記なし）,静岡県裾野市公文名,1780,243.7,24.1,1500,—,—,,不明,接道・区分情報なし、詳細/役場で要確認,,2026-06-21,,https://suumo.jp/chukoikkodate/shizuoka/sc_susono/nc_20121299/,不適合
SUUMO 中古戸建 裾野市,裾野市,更地,土地カテゴリ（建物表記なし）,静岡県裾野市佐野660-10,1899,330.2,19.0,1500,—,—,,不明,接道・区分情報なし、詳細/役場で要確認,,2026-06-21,,https://suumo.jp/chukoikkodate/shizuoka/sc_susono/nc_21070337/,不適合
SUUMO 中古戸建 裾野市,裾野市,更地,土地カテゴリ（建物表記なし）,静岡県裾野市二ツ屋,1949,133.8,48.2,1500,—,—,,不明,接道・区分情報なし、詳細/役場で要確認,,2026-06-26,,https://suumo.jp/chukoikkodate/shizuoka/sc_susono/nc_78772407/,不適合
SUUMO 中古戸建 裾野市,裾野市,更地,土地カテゴリ（建物表記なし）,静岡県裾野市須山,1980,414.4,15.8,1500,—,—,,不明,接道・区分情報なし、詳細/役場で要確認,,2026-07-03,,https://suumo.jp/chukoikkodate/shizuoka/sc_susono/nc_20755149/,不適合
SUUMO 中古戸建 裾野市,裾野市,更地,土地カテゴリ（建物表記なし）,静岡県裾野市二ツ屋,2280,149.6,50.4,1500,—,—,,不明,接道・区分情報なし、詳細/役場で要確認,,2026-07-04,,https://suumo.jp/chukoikkodate/shizuoka/sc_susono/nc_21212623/,不適合
SUUMO 中古戸建 裾野市,裾野市,更地,土地カテゴリ（建物表記なし）,静岡県裾野市佐野,2380,144.4,54.5,1500,—,—,,不明,接道・区分情報なし、詳細/役場で要確認,,2026-06-21,,https://suumo.jp/chukoikkodate/shizuoka/sc_susono/nc_20986149/,不適合
SUUMO 中古戸建 裾野市,裾野市,更地,土地カテゴリ（建物表記なし）,静岡県裾野市石脇,2550,165.9,50.8,1500,—,—,,不明,接道・区分情報なし、詳細/役場で要確認,,2026-07-17,,https://suumo.jp/chukoikkodate/shizuoka/sc_susono/nc_77146733/,不適合
SUUMO 中古戸建 裾野市,裾野市,更地,土地カテゴリ（建物表記なし）,静岡県裾野市佐野,2800,156.7,59.1,1500,—,—,,不明,接道・区分情報なし、詳細/役場で要確認,,2026-06-21,,https://suumo.jp/chukoikkodate/shizuoka/sc_susono/nc_79137190/,不適合
SUUMO 中古戸建 裾野市,裾野市,更地,土地カテゴリ（建物表記なし）,静岡県裾野市佐野,2800,156.7,59.1,1500,—,—,,不明,接道・区分情報なし、詳細/役場で要確認,,2026-06-21,,https://suumo.jp/chukoikkodate/shizuoka/sc_susono/nc_20532492/,不適合
SUUMO 中古戸建 裾野市,裾野市,更地,土地カテゴリ（建物表記なし）,静岡県裾野市富沢,2890,160.2,59.6,1500,—,—,,不明,接道・区分情報なし、詳細/役場で要確認,,2026-06-21,,https://suumo.jp/chukoikkodate/shizuoka/sc_susono/nc_20532489/,不適合
SUUMO 中古戸建 裾野市,裾野市,更地,土地カテゴリ（建物表記なし）,静岡県裾野市石脇,2980,167.3,58.9,1500,—,—,,不明,接道・区分情報なし、詳細/役場で要確認,,2026-06-21,,https://suumo.jp/chukoikkodate/shizuoka/sc_susono/nc_78777273/,不適合
SUUMO 中古戸建 裾野市,裾野市,更地,土地カテゴリ（建物表記なし）,静岡県裾野市平松98-9,3380,169.3,66.0,1500,—,—,,不明,接道・区分情報なし、詳細/役場で要確認,,2026-07-10,,https://suumo.jp/chukoikkodate/shizuoka/sc_susono/nc_21034120/,不適合
SUUMO 中古戸建 裾野市,裾野市,更地,土地カテゴリ（建物表記なし）,静岡県裾野市平松,3398,144.1,78.0,1500,—,—,,不明,接道・区分情報なし、詳細/役場で要確認,,2026-06-21,,https://suumo.jp/chukoikkodate/shizuoka/sc_susono/nc_76635360/,不適合
SUUMO 中古戸建 裾野市,裾野市,更地,土地カテゴリ（建物表記なし）,静岡県裾野市平松,3398,144.1,78.0,1500,—,—,,不明,接道・区分情報なし、詳細/役場で要確認,,2026-06-21,,https://suumo.jp/chukoikkodate/shizuoka/sc_susono/nc_77543535/,不適合
SUUMO 中古戸建 裾野市,裾野市,更地,土地カテゴリ（建物表記なし）,静岡県裾野市平松,3398,144.1,78.0,1500,—,—,,不明,接道・区分情報なし、詳細/役場で要確認,,2026-06-21,,https://suumo.jp/chukoikkodate/shizuoka/sc_susono/nc_77531009/,不適合
SUUMO 中古戸建 裾野市,裾野市,更地,土地カテゴリ（建物表記なし）,静岡県裾野市富沢,3400,165.5,67.9,1500,田,—,,不明,接道・区分情報なし、詳細/役場で要確認,,2026-06-21,,https://suumo.jp/chukoikkodate/shizuoka/sc_susono/nc_20522890/,不適合
SUUMO 中古戸建 裾野市,裾野市,更地,土地カテゴリ（建物表記なし）,静岡県裾野市石脇,3480,176.3,65.3,1500,—,—,,不明,接道・区分情報なし、詳細/役場で要確認,,2026-07-13,,https://suumo.jp/chukoikkodate/shizuoka/sc_susono/nc_71434118/,不適合
SUUMO 中古戸建 裾野市,裾野市,更地,土地カテゴリ（建物表記なし）,静岡県裾野市富沢,3490,348.9,33.1,1500,—,—,,不明,接道・区分情報なし、詳細/役場で要確認,,2026-06-21,,https://suumo.jp/chukoikkodate/shizuoka/sc_susono/nc_21115270/,不適合
SUUMO 中古戸建 裾野市,裾野市,更地,土地カテゴリ（建物表記なし）,静岡県裾野市富沢,3650,173.7,69.5,1500,田,—,,不明,接道・区分情報なし、詳細/役場で要確認,,2026-06-21,,https://suumo.jp/chukoikkodate/shizuoka/sc_susono/nc_21037191/,不適合
SUUMO 中古戸建 裾野市,裾野市,更地,土地カテゴリ（建物表記なし）,静岡県裾野市千福が丘４主要地,3700,250.4,48.8,1500,—,—,,不明,接道・区分情報なし、詳細/役場で要確認,,2026-07-13,,https://suumo.jp/chukoikkodate/shizuoka/sc_susono/nc_21275704/,不適合
SUUMO 中古戸建 裾野市,裾野市,更地,土地カテゴリ（建物表記なし）,静岡県裾野市伊豆島田,4100,165.0,82.1,1500,田,—,,不明,接道・区分情報なし、詳細/役場で要確認,,2026-07-08,,https://suumo.jp/chukoikkodate/shizuoka/sc_susono/nc_20069910/,不適合
SUUMO 中古戸建 裾野市,裾野市,更地,土地カテゴリ（建物表記なし）,静岡県裾野市佐野,4480,251.2,59.0,1500,—,—,,不明,接道・区分情報なし、詳細/役場で要確認,,2026-07-19,,https://suumo.jp/chukoikkodate/shizuoka/sc_susono/nc_21322392/,不適合
SUUMO 中古戸建 裾野市,裾野市,更地,土地カテゴリ（建物表記なし）,静岡県裾野市須山2255-4750,4850,1809.6,8.9,1500,田,—,,不明,接道・区分情報なし、詳細/役場で要確認,,2026-06-21,,https://suumo.jp/chukoikkodate/shizuoka/sc_susono/nc_20839293/,不適合
SUUMO 中古戸建 裾野市,裾野市,更地,土地カテゴリ（建物表記なし）,静岡県裾野市須山,4850,1809.6,8.9,1500,—,—,,不明,接道・区分情報なし、詳細/役場で要確認,,2026-06-21,,https://suumo.jp/chukoikkodate/shizuoka/sc_susono/nc_74552854/,不適合
LIFULL 土地 沼津市,沼津市,更地,土地カテゴリ（建物表記なし）,【ミサワホーム】沼津市岡宮字西中荒狗,1740,173.7,33.1,1500,宅地,—,,不明,接道・区分情報なし、詳細/役場で要確認,,2026-06-19,,https://www.homes.co.jp/tochi/b-17083750000035/,不適合
LIFULL 土地 沼津市,沼津市,更地,土地カテゴリ（建物表記なし）,【ミサワホーム】沼津市岡宮字神谷久保,1400,166.0,27.9,1500,—,—,,不明,接道・区分情報なし、詳細/役場で要確認,,2026-06-19,,https://www.homes.co.jp/tochi/b-17083750000034/,不適合
LIFULL 土地 沼津市,沼津市,更地,土地カテゴリ（建物表記なし）,【ミサワホーム】沼津市岡宮字宮久保,1690,152.6,36.6,1500,畑,—,,不明,接道・区分情報なし、詳細/役場で要確認,,2026-06-19,,https://www.homes.co.jp/tochi/b-17083750000016/,不適合
LIFULL 土地 沼津市,,更地,土地カテゴリ（建物表記なし）,【ダイワハウス】セキュレア沼津南小林 (建築条件付宅地分譲),1490,191.5,25.7,1500,宅地,—,,不明,接道・区分情報なし、詳細/役場で要確認,,2026-06-19,,https://www.homes.co.jp/tochi/b-17000130015849/,不適合
LIFULL 土地 沼津市,沼津市,更地,土地カテゴリ（建物表記なし）,【三井ホーム建築条件付宅地】沼津市岡宮,1760,177.7,32.7,1500,宅地,—,,不明,接道・区分情報なし、詳細/役場で要確認,,2026-06-19,,https://www.homes.co.jp/tochi/b-17018530000282/,不適合
LIFULL 土地 沼津市,沼津市,更地,土地カテゴリ（建物表記なし）,沼津市山王台分譲地II,1720,154.7,36.8,1500,—,—,,不明,接道・区分情報なし、詳細/役場で要確認,,2026-07-21,,https://www.homes.co.jp/tochi/b-17069030000021/,不適合
LIFULL 土地 沼津市,沼津市,更地,土地カテゴリ（建物表記なし）,沼津市西島町 (沼津駅),1200,,,1500,—,—,,不明,接道・区分情報なし、詳細/役場で要確認,,2026-07-23,,https://www.homes.co.jp/tochi/b-33307620000022/,数値不明
LIFULL 土地 沼津市,沼津市,古家付き土地,土地＋古家/上物の表記,沼津市我入道東町,400,,,1500,—,—,,不明,接道・区分情報なし。建物ありだが現行法での再建築可否は役場で要確認,,2026-07-23,,https://www.homes.co.jp/tochi/b-33306620000125/,数値不明
LIFULL 土地 沼津市,沼津市,更地,土地カテゴリ（建物表記なし）,沼津市青野 (原駅),1400,,,1500,—,—,,不明,接道・区分情報なし、詳細/役場で要確認,,2026-07-23,,https://www.homes.co.jp/tochi/b-89420000417/,数値不明
LIFULL 土地 沼津市,沼津市,更地,土地カテゴリ（建物表記なし）,沼津市真砂町 (沼津駅),300,,,1500,—,—,,不明,接道・区分情報なし、詳細/役場で要確認,,2026-07-23,,https://www.homes.co.jp/tochi/b-33307620000031/,数値不明
LIFULL 土地 沼津市,沼津市,更地,土地カテゴリ（建物表記なし）,沼津市原 (原駅),950,,,1500,—,—,,不明,接道・区分情報なし、詳細/役場で要確認,,2026-07-20,,https://www.homes.co.jp/tochi/b-33324720000035/,数値不明
LIFULL 土地 沼津市,沼津市,更地,土地カテゴリ（建物表記なし）,沼津市吉田町 (沼津駅),1180,,,1500,田,—,,不明,接道・区分情報なし、詳細/役場で要確認,,2026-07-23,,https://www.homes.co.jp/tochi/b-33307620000035/,数値不明
LIFULL 土地 沼津市,沼津市,更地,土地カテゴリ（建物表記なし）,沼津市岡宮 (大岡駅),3070,,,1500,田,—,,不明,接道・区分情報なし、詳細/役場で要確認,,2026-07-23,,https://www.homes.co.jp/tochi/b-33328870000163/,数値不明
LIFULL 土地 沼津市,沼津市,更地,土地カテゴリ（建物表記なし）,沼津市下香貫八重 (沼津駅),990,,,1500,—,—,,不明,接道・区分情報なし、詳細/役場で要確認,,2026-07-23,,https://www.homes.co.jp/tochi/b-89420000381/,数値不明
LIFULL 土地 沼津市,沼津市,古家付き土地,土地＋古家/上物の表記,沼津市下香貫牛臥 (沼津駅),1230,,,1500,—,—,,不明,接道・区分情報なし。建物ありだが現行法での再建築可否は役場で要確認,,2026-07-23,,https://www.homes.co.jp/tochi/b-89290001443/,数値不明
LIFULL 土地 沼津市,沼津市,更地,土地カテゴリ（建物表記なし）,沼津市千本常盤町 (沼津駅),398,,,1500,—,—,,不明,接道・区分情報なし、詳細/役場で要確認,,2026-07-23,,https://www.homes.co.jp/tochi/b-33309400000045/,数値不明
LIFULL 土地 沼津市,沼津市,更地,土地カテゴリ（建物表記なし）,沼津市平町 (沼津駅),1800,,,1500,—,—,,不明,接道・区分情報なし、詳細/役場で要確認,,2026-07-23,,https://www.homes.co.jp/tochi/b-33309400000040/,数値不明
LIFULL 土地 沼津市,沼津市,古家付き土地,土地＋古家/上物の表記,沼津市東沢田 (沼津駅),999,,,1500,田,—,,不明,接道・区分情報なし。建物ありだが現行法での再建築可否は役場で要確認,,2026-07-23,,https://www.homes.co.jp/tochi/b-33309400000052/,数値不明
LIFULL 土地 沼津市,沼津市,更地,土地カテゴリ（建物表記なし）,沼津市若葉町 (沼津駅),2700,,,1500,—,—,,不明,接道・区分情報なし、詳細/役場で要確認,,2026-07-23,,https://www.homes.co.jp/tochi/b-33310000000088/,数値不明
LIFULL 土地 沼津市,沼津市,古家付き土地,土地＋古家/上物の表記,沼津市上香貫二瀬川町 (沼津駅),2000,,,1500,—,—,,不明,接道・区分情報なし。建物ありだが現行法での再建築可否は役場で要確認,,2026-07-20,,https://www.homes.co.jp/tochi/b-33317490000120/,数値不明
LIFULL 土地 沼津市,沼津市,古家付き土地,土地＋古家/上物の表記,沼津市白銀町 (沼津駅),1706,,,1500,—,—,,不明,接道・区分情報なし。建物ありだが現行法での再建築可否は役場で要確認,,2026-07-23,,https://www.homes.co.jp/tochi/b-33303690000077/,数値不明
LIFULL 土地 沼津市,沼津市,更地,土地カテゴリ（建物表記なし）,沼津市真砂町 (沼津駅),390,,,1500,—,—,,不明,接道・区分情報なし、詳細/役場で要確認,,2026-07-23,,https://www.homes.co.jp/tochi/b-33319390000039/,数値不明
LIFULL 土地 沼津市,沼津市,更地,土地カテゴリ（建物表記なし）,沼津市岡宮 (大岡駅),1580,,,1500,—,—,,不明,接道・区分情報なし、詳細/役場で要確認,,2026-07-24,,https://www.homes.co.jp/tochi/b-33334000000003/,数値不明
LIFULL 土地 沼津市,沼津市,古家付き土地,土地＋古家/上物の表記,沼津市下香貫木ノ宮 (沼津駅),895,,,1500,—,—,,不明,接道・区分情報なし。建物ありだが現行法での再建築可否は役場で要確認,,2026-07-24,,https://www.homes.co.jp/tochi/b-33317490000129/,数値不明
LIFULL 土地 沼津市,沼津市,更地,土地カテゴリ（建物表記なし）,沼津市市道町 (沼津駅),1500,,,1500,—,—,,不明,接道・区分情報なし、詳細/役場で要確認,,2026-07-24,,https://www.homes.co.jp/tochi/b-33317490000149/,数値不明
LIFULL 土地 沼津市,沼津市,古家付き土地,土地＋古家/上物の表記,沼津市市道町 (沼津駅),990,,,1500,—,—,,不明,接道・区分情報なし。建物ありだが現行法での再建築可否は役場で要確認,,2026-07-24,,https://www.homes.co.jp/tochi/b-33317490000150/,数値不明
LIFULL 土地 沼津市,沼津市,更地,土地カテゴリ（建物表記なし）,沼津市下河原町 (沼津駅),1500,,,1500,—,—,,不明,接道・区分情報なし、詳細/役場で要確認,,2026-07-24,,https://www.homes.co.jp/tochi/b-33319390000038/,数値不明
LIFULL 土地 沼津市,沼津市,古家付き土地,土地＋古家/上物の表記,沼津市常盤町3丁目 (沼津駅),850,,,1500,—,—,,不明,接道・区分情報なし。建物ありだが現行法での再建築可否は役場で要確認,,2026-07-24,,https://www.homes.co.jp/tochi/b-33320790000044/,数値不明
LIFULL 土地 沼津市,沼津市,古家付き土地,土地＋古家/上物の表記,沼津市下小路町 (沼津駅),980,,,1500,—,—,,不明,接道・区分情報なし。建物ありだが現行法での再建築可否は役場で要確認,,2026-07-24,,https://www.homes.co.jp/tochi/b-33319390000049/,数値不明
LIFULL 土地 沼津市,沼津市,古家付き土地,土地＋古家/上物の表記,沼津市千本常盤町 (沼津駅),900,,,1500,—,—,,不明,接道・区分情報なし。建物ありだが現行法での再建築可否は役場で要確認,,2026-07-24,,https://www.homes.co.jp/tochi/b-33309400000051/,数値不明
SUUMO 賃貸 境港市,境港市,賃貸アパート,賃貸カテゴリ（掲載種別）,鳥取県境港市芝町,6.55,59.6,,5,—,—,,—,賃貸のため対象外,,2026-07-24,,https://suumo.jp/chintai/jnc_000108719910/,不適合
SUUMO 賃貸 境港市,境港市,賃貸アパート,賃貸カテゴリ（掲載種別）,鳥取県境港市夕日ヶ丘１,5.6,59.6,,5,—,—,,—,賃貸のため対象外,,2026-07-24,,https://suumo.jp/chintai/jnc_000078092182/,不適合
SUUMO 賃貸 境港市,境港市,賃貸アパート,賃貸カテゴリ（掲載種別）,鳥取県境港市夕日ヶ丘１,5.9,59.6,,5,—,—,,—,賃貸のため対象外,,2026-07-24,,https://suumo.jp/chintai/jnc_000106295741/,不適合
SUUMO 賃貸 境港市,境港市,賃貸アパート,賃貸カテゴリ（掲載種別）,鳥取県境港市元町,4.65,55.4,,5,—,—,,—,賃貸のため対象外,,2026-07-24,,https://suumo.jp/chintai/jnc_000108394682/,適合
SUUMO 賃貸 境港市,境港市,賃貸アパート,賃貸カテゴリ（掲載種別）,鳥取県境港市外江町,4.85,50.0,,5,—,—,,—,賃貸のため対象外,,2026-07-24,,https://suumo.jp/chintai/jnc_000107634127/,適合
SUUMO 賃貸 境港市,境港市,賃貸アパート,賃貸カテゴリ（掲載種別）,鳥取県境港市芝町,6.4,50.0,,5,—,—,,—,賃貸のため対象外,,2026-07-24,,https://suumo.jp/chintai/jnc_000107408203/,不適合
SUUMO 賃貸 境港市,境港市,賃貸アパート,賃貸カテゴリ（掲載種別）,鳥取県境港市芝町,6.4,50.0,,5,—,—,,—,賃貸のため対象外,,2026-07-24,,https://suumo.jp/chintai/jnc_000107408205/,不適合
SUUMO 賃貸 境港市,境港市,賃貸アパート,賃貸カテゴリ（掲載種別）,鳥取県境港市芝町,6.4,50.0,,5,—,—,,—,賃貸のため対象外,,2026-07-24,,https://suumo.jp/chintai/jnc_000107408204/,不適合
SUUMO 賃貸 境港市,境港市,賃貸アパート,賃貸カテゴリ（掲載種別）,鳥取県境港市芝町,6.6,50.0,,5,—,—,,—,賃貸のため対象外,,2026-07-24,,https://suumo.jp/chintai/jnc_000107408206/,不適合
SUUMO 賃貸 境港市,境港市,賃貸アパート,賃貸カテゴリ（掲載種別）,鳥取県境港市芝町,6.6,50.0,,5,—,—,,—,賃貸のため対象外,,2026-07-24,,https://suumo.jp/chintai/jnc_000107408202/,不適合
SUUMO 賃貸 境港市,境港市,賃貸アパート,賃貸カテゴリ（掲載種別）,鳥取県境港市芝町,7.25,59.6,,5,—,—,,—,賃貸のため対象外,,2026-07-24,,https://suumo.jp/chintai/jnc_000107408209/,不適合
SUUMO 賃貸 境港市,境港市,賃貸アパート,賃貸カテゴリ（掲載種別）,鳥取県境港市芝町,7.25,59.6,,5,—,—,,—,賃貸のため対象外,,2026-07-24,,https://suumo.jp/chintai/jnc_000107408208/,不適合
SUUMO 賃貸 境港市,境港市,賃貸アパート,賃貸カテゴリ（掲載種別）,鳥取県境港市芝町,7.25,59.5,,5,—,—,,—,賃貸のため対象外,,2026-07-24,,https://suumo.jp/chintai/jnc_000107408210/,不適合
SUUMO 賃貸 境港市,境港市,賃貸アパート,賃貸カテゴリ（掲載種別）,鳥取県境港市芝町,7.45,59.5,,5,—,—,,—,賃貸のため対象外,,2026-07-24,,https://suumo.jp/chintai/jnc_000107408211/,不適合
SUUMO 賃貸 境港市,境港市,賃貸アパート,賃貸カテゴリ（掲載種別）,鳥取県境港市芝町,7.45,59.5,,5,—,—,,—,賃貸のため対象外,,2026-07-24,,https://suumo.jp/chintai/jnc_000107408207/,不適合
SUUMO 賃貸 境港市,境港市,賃貸アパート,賃貸カテゴリ（掲載種別）,鳥取県境港市外江町,6.0,44.9,,5,—,—,,—,賃貸のため対象外,,2026-07-24,,https://suumo.jp/chintai/jnc_000107468942/,不適合
SUUMO 賃貸 境港市,境港市,賃貸アパート,賃貸カテゴリ（掲載種別）,鳥取県境港市外江町,6.3,44.9,,5,—,—,,—,賃貸のため対象外,,2026-07-24,,https://suumo.jp/chintai/jnc_000104915341/,不適合
SUUMO 賃貸 境港市,境港市,賃貸アパート,賃貸カテゴリ（掲載種別）,鳥取県境港市三軒屋町,4.35,54.9,,5,—,—,,—,賃貸のため対象外,,2026-07-24,,https://suumo.jp/chintai/jnc_000108444781/,適合
SUUMO 賃貸 境港市,境港市,賃貸アパート,賃貸カテゴリ（掲載種別）,鳥取県境港市福定町,5.4,23.6,,5,—,—,,—,賃貸のため対象外,,2026-07-24,,https://suumo.jp/chintai/jnc_000108728829/,不適合
SUUMO 賃貸 境港市,境港市,賃貸アパート,賃貸カテゴリ（掲載種別）,鳥取県境港市福定町,5.7,28.0,,5,—,—,,—,賃貸のため対象外,,2026-07-24,,https://suumo.jp/chintai/jnc_000108593578/,不適合
SUUMO 賃貸 境港市,境港市,賃貸アパート,賃貸カテゴリ（掲載種別）,鳥取県境港市福定町,5.7,28.0,,5,—,—,,—,賃貸のため対象外,,2026-07-24,,https://suumo.jp/chintai/jnc_000108593577/,不適合
SUUMO 賃貸 境港市,清水町,賃貸アパート,賃貸カテゴリ（掲載種別）,鳥取県境港市清水町,3.7,40.5,,5,—,—,,—,賃貸のため対象外,,2026-07-24,,https://suumo.jp/chintai/jnc_000082583011/,適合
SUUMO 賃貸 境港市,境港市,賃貸アパート,賃貸カテゴリ（掲載種別）,鳥取県境港市夕日ヶ丘１,2.9,20.8,,5,—,—,,—,賃貸のため対象外,,2026-07-24,,https://suumo.jp/chintai/jnc_000108394683/,適合
SUUMO 賃貸 境港市,境港市,賃貸マンション,賃貸カテゴリ（掲載種別）,鳥取県境港市渡町,2.81,39.8,,5,—,—,,—,賃貸のため対象外,,2026-07-24,,https://suumo.jp/chintai/jnc_000108276124/,適合
SUUMO 賃貸 境港市,境港市,賃貸マンション,賃貸カテゴリ（掲載種別）,鳥取県境港市渡町,2.87,39.8,,5,—,—,,—,賃貸のため対象外,,2026-07-24,,https://suumo.jp/chintai/jnc_000108637599/,適合
SUUMO 賃貸 境港市,境港市,賃貸マンション,賃貸カテゴリ（掲載種別）,鳥取県境港市渡町,2.9,39.8,,5,—,—,,—,賃貸のため対象外,,2026-07-24,,https://suumo.jp/chintai/jnc_000108205259/,適合
SUUMO 賃貸 境港市,境港市,賃貸マンション,賃貸カテゴリ（掲載種別）,鳥取県境港市渡町,2.9,39.8,,5,—,—,,—,賃貸のため対象外,,2026-07-24,,https://suumo.jp/chintai/jnc_000108486308/,適合
SUUMO 賃貸 境港市,境港市,賃貸アパート,賃貸カテゴリ（掲載種別）,鳥取県境港市米川町,5.0,50.0,,5,—,—,,—,賃貸のため対象外,,2026-07-24,,https://suumo.jp/chintai/jnc_000108337559/,適合
SUUMO 賃貸 境港市,境港市,賃貸アパート,賃貸カテゴリ（掲載種別）,鳥取県境港市米川町,5.15,50.0,,5,—,—,,—,賃貸のため対象外,,2026-07-24,,https://suumo.jp/chintai/jnc_000108337560/,不適合
SUUMO 賃貸 境港市,境港市,賃貸アパート,賃貸カテゴリ（掲載種別）,鳥取県境港市米川町,5.0,50.0,,5,—,—,,—,賃貸のため対象外,,2026-07-24,,https://suumo.jp/chintai/jnc_000108363333/,適合
SUUMO 賃貸 境港市,境港市,賃貸アパート,賃貸カテゴリ（掲載種別）,鳥取県境港市米川町,5.15,50.0,,5,—,—,,—,賃貸のため対象外,,2026-07-24,,https://suumo.jp/chintai/jnc_000108363334/,不適合
SUUMO 賃貸 境港市,境港市,賃貸アパート,賃貸カテゴリ（掲載種別）,鳥取県境港市上道町,4.9,42.8,,5,—,—,,—,賃貸のため対象外,,2026-07-24,,https://suumo.jp/chintai/jnc_000057790811/,適合
SUUMO 賃貸 境港市,境港市,賃貸アパート,賃貸カテゴリ（掲載種別）,鳥取県境港市上道町,4.9,42.8,,5,—,—,,—,賃貸のため対象外,,2026-07-24,,https://suumo.jp/chintai/jnc_000058755212/,適合
SUUMO 賃貸 境港市,境港市,賃貸アパート,賃貸カテゴリ（掲載種別）,鳥取県境港市米川町,4.9,40.4,,5,—,—,,—,賃貸のため対象外,,2026-07-24,,https://suumo.jp/chintai/jnc_000107251631/,適合
SUUMO 賃貸 境港市,境港市,賃貸アパート,賃貸カテゴリ（掲載種別）,鳥取県境港市米川町,4.9,40.4,,5,—,—,,—,賃貸のため対象外,,2026-07-24,,https://suumo.jp/chintai/jnc_000107273972/,適合
SUUMO 賃貸 境港市,境港市,賃貸アパート,賃貸カテゴリ（掲載種別）,鳥取県境港市芝町,5.6,58.6,,5,—,—,,—,賃貸のため対象外,,2026-07-24,,https://suumo.jp/chintai/jnc_000106544452/,不適合
SUUMO 賃貸 境港市,境港市,賃貸アパート,賃貸カテゴリ（掲載種別）,鳥取県境港市元町,5.3,56.4,,5,—,—,,—,賃貸のため対象外,,2026-07-24,,https://suumo.jp/chintai/jnc_000099713575/,不適合
SUUMO 賃貸 境港市,境港市,賃貸アパート,賃貸カテゴリ（掲載種別）,鳥取県境港市財ノ木町,4.75,57.1,,5,—,—,,—,賃貸のため対象外,,2026-07-24,,https://suumo.jp/chintai/jnc_000108228444/?bc=100515390037,適合
SUUMO 賃貸 境港市,境港市,賃貸アパート,賃貸カテゴリ（掲載種別）,鳥取県境港市財ノ木町,4.75,57.1,,5,—,—,,—,賃貸のため対象外,,2026-07-24,,https://suumo.jp/chintai/jnc_000108228445/?bc=100514716184,適合
SUUMO 賃貸 境港市,境港市,賃貸アパート,賃貸カテゴリ（掲載種別）,鳥取県境港市上道町,4.9,47.6,,5,—,—,,—,賃貸のため対象外,,2026-07-24,,https://suumo.jp/chintai/jnc_000091288359/?bc=100513150381,適合
SUUMO 賃貸 境港市,境港市,賃貸アパート,賃貸カテゴリ（掲載種別）,鳥取県境港市上道町,4.9,47.6,,5,—,—,,—,賃貸のため対象外,,2026-07-24,,https://suumo.jp/chintai/jnc_000091326544/?bc=100513001418,適合
SUUMO 賃貸 境港市,境港市,賃貸アパート,賃貸カテゴリ（掲載種別）,鳥取県境港市芝町,5.6,58.6,,5,—,—,,—,賃貸のため対象外,,2026-07-24,,https://suumo.jp/chintai/jnc_000106580754/?bc=100502414678,不適合
SUUMO 賃貸 境港市,境港市,賃貸アパート,賃貸カテゴリ（掲載種別）,鳥取県境港市芝町,5.3,59.6,,5,—,—,,—,賃貸のため対象外,,2026-07-24,,https://suumo.jp/chintai/jnc_000104606034/?bc=100476003747,不適合
SUUMO 賃貸 境港市,境港市,賃貸アパート,賃貸カテゴリ（掲載種別）,鳥取県境港市芝町,5.3,59.5,,5,—,—,,—,賃貸のため対象外,,2026-07-24,,https://suumo.jp/chintai/jnc_000104606036/?bc=100474018457,不適合
SUUMO 賃貸 境港市,境港市,賃貸アパート,賃貸カテゴリ（掲載種別）,鳥取県境港市芝町,5.15,50.0,,5,—,—,,—,賃貸のため対象外,,2026-07-24,,https://suumo.jp/chintai/jnc_000107628942/?bc=100386459054,不適合
SUUMO 賃貸 境港市,境港市,賃貸アパート,賃貸カテゴリ（掲載種別）,鳥取県境港市芝町,5.8,59.6,,5,—,—,,—,賃貸のため対象外,,2026-07-24,,https://suumo.jp/chintai/jnc_000107628943/?bc=100506032426,不適合
SUUMO 賃貸 境港市,境港市,賃貸アパート,賃貸カテゴリ（掲載種別）,鳥取県境港市芝町,7.0,59.5,,5,—,—,,—,賃貸のため対象外,,2026-07-24,,https://suumo.jp/chintai/jnc_000107786958/?bc=100512684748,不適合
SUUMO 賃貸 境港市,境港市,賃貸アパート,賃貸カテゴリ（掲載種別）,鳥取県境港市芝町,5.35,50.0,,5,—,—,,—,賃貸のため対象外,,2026-07-24,,https://suumo.jp/chintai/jnc_000108689523/?bc=100514943574,不適合
SUUMO 賃貸 境港市,境港市,賃貸アパート,賃貸カテゴリ（掲載種別）,鳥取県境港市芝町,5.35,50.0,,5,—,—,,—,賃貸のため対象外,,2026-07-24,,https://suumo.jp/chintai/jnc_000108692949/?bc=100514542351,不適合
SUUMO 賃貸 境港市,境港市,賃貸アパート,賃貸カテゴリ（掲載種別）,鳥取県境港市元町,5.3,34.0,,5,—,—,,—,賃貸のため対象外,,2026-07-24,,https://suumo.jp/chintai/jnc_000107513755/?bc=100486449362,不適合
SUUMO 賃貸 境港市,境港市,賃貸アパート,賃貸カテゴリ（掲載種別）,鳥取県境港市元町,5.3,33.8,,5,—,—,,—,賃貸のため対象外,,2026-07-24,,https://suumo.jp/chintai/jnc_000107513756/?bc=100498811828,不適合
SUUMO 賃貸 境港市,境港市,賃貸アパート,賃貸カテゴリ（掲載種別）,鳥取県境港市元町,5.4,34.0,,5,—,—,,—,賃貸のため対象外,,2026-07-24,,https://suumo.jp/chintai/jnc_000106207702/?bc=100420501942,不適合
SUUMO 賃貸 境港市,境港市,賃貸アパート,賃貸カテゴリ（掲載種別）,鳥取県境港市元町,5.5,33.8,,5,—,—,,—,賃貸のため対象外,,2026-07-24,,https://suumo.jp/chintai/jnc_000106217013/?bc=100511829493,不適合
SUUMO 賃貸 境港市,境港市,賃貸アパート,賃貸カテゴリ（掲載種別）,鳥取県境港市元町,6.7,46.4,,5,—,—,,—,賃貸のため対象外,,2026-07-24,,https://suumo.jp/chintai/jnc_000107660566/?bc=100510473763,不適合
SUUMO 賃貸 境港市,境港市,賃貸アパート,賃貸カテゴリ（掲載種別）,鳥取県境港市芝町,5.5,50.0,,5,—,—,,—,賃貸のため対象外,,2026-07-24,,https://suumo.jp/chintai/jnc_000108040505/?bc=100508931264,不適合
SUUMO 賃貸 境港市,境港市,賃貸アパート,賃貸カテゴリ（掲載種別）,鳥取県境港市芝町,5.5,50.0,,5,—,—,,—,賃貸のため対象外,,2026-07-24,,https://suumo.jp/chintai/jnc_000107628941/?bc=100496761335,不適合
SUUMO 賃貸 境港市,境港市,賃貸アパート,賃貸カテゴリ（掲載種別）,鳥取県境港市芝町,5.15,50.0,,5,—,—,,—,賃貸のため対象外,,2026-07-24,,https://suumo.jp/chintai/jnc_000107634132/?bc=100503315084,不適合
SUUMO 賃貸 境港市,境港市,賃貸アパート,賃貸カテゴリ（掲載種別）,鳥取県境港市芝町,5.8,59.6,,5,—,—,,—,賃貸のため対象外,,2026-07-24,,https://suumo.jp/chintai/jnc_000107634133/?bc=100505902745,不適合
SUUMO 賃貸 境港市,境港市,賃貸アパート,賃貸カテゴリ（掲載種別）,鳥取県境港市芝町,7.0,59.5,,5,—,—,,—,賃貸のため対象外,,2026-07-24,,https://suumo.jp/chintai/jnc_000107816433/?bc=100511521634,不適合
SUUMO 賃貸 境港市,境港市,賃貸アパート,賃貸カテゴリ（掲載種別）,鳥取県境港市米川町,5.15,57.1,,5,—,—,,—,賃貸のため対象外,,2026-07-24,,https://suumo.jp/chintai/jnc_000108218679/?bc=100497908992,不適合
SUUMO 賃貸 境港市,境港市,賃貸アパート,賃貸カテゴリ（掲載種別）,鳥取県境港市米川町,5.15,57.1,,5,—,—,,—,賃貸のため対象外,,2026-07-24,,https://suumo.jp/chintai/jnc_000108196124/?bc=100498131056,不適合
SUUMO 賃貸 境港市,境港市,賃貸アパート,賃貸カテゴリ（掲載種別）,鳥取県境港市元町,5.3,34.0,,5,—,—,,—,賃貸のため対象外,,2026-07-24,,https://suumo.jp/chintai/jnc_000107513757/?bc=100420475467,不適合
SUUMO 賃貸 境港市,境港市,賃貸アパート,賃貸カテゴリ（掲載種別）,鳥取県境港市元町,5.3,33.8,,5,—,—,,—,賃貸のため対象外,,2026-07-24,,https://suumo.jp/chintai/jnc_000107513758/?bc=100498587073,不適合
SUUMO 賃貸 境港市,境港市,賃貸アパート,賃貸カテゴリ（掲載種別）,鳥取県境港市元町,6.7,46.4,,5,—,—,,—,賃貸のため対象外,,2026-07-24,,https://suumo.jp/chintai/jnc_000107614604/?bc=100510092541,不適合
SUUMO 賃貸 境港市,境港市,賃貸アパート,賃貸カテゴリ（掲載種別）,鳥取県境港市芝町,5.5,50.0,,5,—,—,,—,賃貸のため対象外,,2026-07-24,,https://suumo.jp/chintai/jnc_000108363335/?bc=100504432895,不適合
SUUMO 賃貸 境港市,境港市,賃貸アパート,賃貸カテゴリ（掲載種別）,鳥取県境港市芝町,5.5,50.0,,5,—,—,,—,賃貸のため対象外,,2026-07-24,,https://suumo.jp/chintai/jnc_000108068298/?bc=100508383463,不適合
SUUMO 賃貸 境港市,境港市,賃貸アパート,賃貸カテゴリ（掲載種別）,鳥取県境港市芝町,5.3,59.6,,5,—,—,,—,賃貸のため対象外,,2026-07-24,,https://suumo.jp/chintai/jnc_000104650758/?bc=100496323389,不適合
SUUMO 賃貸 境港市,境港市,賃貸アパート,賃貸カテゴリ（掲載種別）,鳥取県境港市芝町,5.3,59.5,,5,—,—,,—,賃貸のため対象外,,2026-07-24,,https://suumo.jp/chintai/jnc_000104650760/?bc=100476004355,不適合
SUUMO 賃貸 境港市,境港市,賃貸アパート,賃貸カテゴリ（掲載種別）,鳥取県境港市米川町,4.7,45.3,,5,—,—,,—,賃貸のため対象外,,2026-07-24,,https://suumo.jp/chintai/jnc_000108331417/?bc=100494007640,適合
SUUMO 賃貸 境港市,境港市,賃貸アパート,賃貸カテゴリ（掲載種別）,鳥取県境港市米川町,4.7,45.3,,5,—,—,,—,賃貸のため対象外,,2026-07-24,,https://suumo.jp/chintai/jnc_000107917270/?bc=100386459121,適合
SUUMO 賃貸 境港市,境港市,賃貸アパート,賃貸カテゴリ（掲載種別）,鳥取県境港市米川町,5.35,58.5,,5,—,—,,—,賃貸のため対象外,,2026-07-24,,https://suumo.jp/chintai/jnc_000107917271/?bc=100512723948,不適合
SUUMO 賃貸 境港市,境港市,賃貸アパート,賃貸カテゴリ（掲載種別）,鳥取県境港市米川町,4.7,45.3,,5,—,—,,—,賃貸のため対象外,,2026-07-24,,https://suumo.jp/chintai/jnc_000107961597/?bc=100512721405,適合
SUUMO 賃貸 境港市,境港市,賃貸アパート,賃貸カテゴリ（掲載種別）,鳥取県境港市米川町,5.35,58.5,,5,—,—,,—,賃貸のため対象外,,2026-07-24,,https://suumo.jp/chintai/jnc_000107961598/?bc=100512721396,不適合
SUUMO 賃貸 境港市,境港市,賃貸アパート,賃貸カテゴリ（掲載種別）,鳥取県境港市外江町,4.55,58.7,,5,—,—,,—,賃貸のため対象外,,2026-07-24,,https://suumo.jp/chintai/jnc_000108363329/?bc=100493051834,適合
SUUMO 賃貸 境港市,境港市,賃貸アパート,賃貸カテゴリ（掲載種別）,鳥取県境港市芝町,4.35,56.4,,5,—,—,,—,賃貸のため対象外,,2026-07-24,,https://suumo.jp/chintai/jnc_000108558599/?bc=100495371148,適合
SUUMO 賃貸 境港市,境港市,賃貸アパート,賃貸カテゴリ（掲載種別）,鳥取県境港市外江町,4.55,58.7,,5,—,—,,—,賃貸のため対象外,,2026-07-24,,https://suumo.jp/chintai/jnc_000108337555/?bc=100493978610,適合
SUUMO 賃貸 境港市,境港市,賃貸アパート,賃貸カテゴリ（掲載種別）,鳥取県境港市芝町,4.35,56.4,,5,—,—,,—,賃貸のため対象外,,2026-07-24,,https://suumo.jp/chintai/jnc_000108602269/?bc=100495152316,適合
SUUMO 賃貸 境港市,境港市,賃貸アパート,賃貸カテゴリ（掲載種別）,鳥取県境港市中野町,5.3,59.0,,5,—,—,,—,賃貸のため対象外,,2026-07-24,,https://suumo.jp/chintai/jnc_000104694893/?bc=100490319292,不適合
SUUMO 賃貸 境港市,境港市,賃貸アパート,賃貸カテゴリ（掲載種別）,鳥取県境港市中野町,5.4,59.0,,5,—,—,,—,賃貸のため対象外,,2026-07-24,,https://suumo.jp/chintai/jnc_000106681922/?bc=100507009672,不適合
SUUMO 賃貸 境港市,境港市,賃貸アパート,賃貸カテゴリ（掲載種別）,鳥取県境港市中野町,5.3,59.0,,5,—,—,,—,賃貸のため対象外,,2026-07-24,,https://suumo.jp/chintai/jnc_000104756317/?bc=100500970340,不適合
SUUMO 賃貸 境港市,境港市,賃貸アパート,賃貸カテゴリ（掲載種別）,鳥取県境港市中野町,5.4,59.0,,5,—,—,,—,賃貸のため対象外,,2026-07-24,,https://suumo.jp/chintai/jnc_000106701374/?bc=100503315091,不適合
SUUMO 賃貸 境港市,境港市,賃貸アパート,賃貸カテゴリ（掲載種別）,鳥取県境港市上道町,4.6,53.4,,5,—,—,,—,賃貸のため対象外,,2026-07-24,,https://suumo.jp/chintai/jnc_000108554731/?bc=100502652811,適合
SUUMO 賃貸 境港市,境港市,賃貸アパート,賃貸カテゴリ（掲載種別）,鳥取県境港市芝町,4.45,52.5,,5,—,—,,—,賃貸のため対象外,,2026-07-24,,https://suumo.jp/chintai/jnc_000108750869/?bc=100504447924,適合
SUUMO 賃貸 境港市,境港市,賃貸アパート,賃貸カテゴリ（掲載種別）,鳥取県境港市芝町,4.45,51.2,,5,—,—,,—,賃貸のため対象外,,2026-07-24,,https://suumo.jp/chintai/jnc_000106859295/?bc=100505950685,適合
SUUMO 賃貸 境港市,境港市,賃貸アパート,賃貸カテゴリ（掲載種別）,鳥取県境港市芝町,4.65,51.2,,5,—,—,,—,賃貸のため対象外,,2026-07-24,,https://suumo.jp/chintai/jnc_000108750868/?bc=100515877323,適合
SUUMO 賃貸 境港市,境港市,賃貸アパート,賃貸カテゴリ（掲載種別）,鳥取県境港市芝町,4.65,51.2,,5,—,—,,—,賃貸のため対象外,,2026-07-24,,https://suumo.jp/chintai/jnc_000108381415/?bc=100516272730,適合
SUUMO 賃貸 境港市,境港市,賃貸アパート,賃貸カテゴリ（掲載種別）,鳥取県境港市芝町,4.45,52.5,,5,—,—,,—,賃貸のため対象外,,2026-07-24,,https://suumo.jp/chintai/jnc_000106946655/?bc=100505213309,適合
SUUMO 賃貸 境港市,境港市,賃貸アパート,賃貸カテゴリ（掲載種別）,鳥取県境港市芝町,4.65,51.2,,5,—,—,,—,賃貸のため対象外,,2026-07-24,,https://suumo.jp/chintai/jnc_000108387419/?bc=100515867296,適合
SUUMO 賃貸 境港市,境港市,賃貸アパート,賃貸カテゴリ（掲載種別）,鳥取県境港市米川町,5.5,58.6,,5,—,—,,—,賃貸のため対象外,,2026-07-24,,https://suumo.jp/chintai/jnc_000038399212/?bc=100473313488,不適合
SUUMO 賃貸 境港市,境港市,賃貸アパート,賃貸カテゴリ（掲載種別）,鳥取県境港市米川町,5.8,58.6,,5,—,—,,—,賃貸のため対象外,,2026-07-24,,https://suumo.jp/chintai/jnc_000068803834/?bc=100477806003,不適合
SUUMO 賃貸 境港市,境港市,賃貸アパート,賃貸カテゴリ（掲載種別）,鳥取県境港市米川町,5.5,58.6,,5,—,—,,—,賃貸のため対象外,,2026-07-24,,https://suumo.jp/chintai/jnc_000102903844/?bc=100473314643,不適合
SUUMO 賃貸 境港市,境港市,賃貸アパート,賃貸カテゴリ（掲載種別）,鳥取県境港市米川町,5.8,58.6,,5,—,—,,—,賃貸のため対象外,,2026-07-24,,https://suumo.jp/chintai/jnc_000068947739/?bc=100477671853,不適合
SUUMO 賃貸 境港市,境港市,賃貸アパート,賃貸カテゴリ（掲載種別）,鳥取県境港市上道町,4.6,53.4,,5,—,—,,—,賃貸のため対象外,,2026-07-24,,https://suumo.jp/chintai/jnc_000108602265/?bc=100502414698,適合
SUUMO 賃貸 境港市,境港市,賃貸アパート,賃貸カテゴリ（掲載種別）,鳥取県境港市上道町,5.5,67.5,,5,—,—,,—,賃貸のため対象外,,2026-07-24,,https://suumo.jp/chintai/jnc_000106835009/?bc=100506396607,不適合
SUUMO 賃貸 境港市,境港市,賃貸アパート,賃貸カテゴリ（掲載種別）,鳥取県境港市元町,4.65,55.4,,5,—,—,,—,賃貸のため対象外,,2026-07-24,,https://suumo.jp/chintai/jnc_000108405024/?bc=100516012582,適合
SUUMO 賃貸 境港市,境港市,賃貸アパート,賃貸カテゴリ（掲載種別）,鳥取県境港市財ノ木町,4.3,42.5,,5,—,—,,—,賃貸のため対象外,,2026-07-24,,https://suumo.jp/chintai/jnc_000108554732/?bc=100501840351,適合
SUUMO 賃貸 境港市,境港市,賃貸アパート,賃貸カテゴリ（掲載種別）,鳥取県境港市財ノ木町,4.3,42.5,,5,—,—,,—,賃貸のため対象外,,2026-07-24,,https://suumo.jp/chintai/jnc_000108575083/?bc=100501716290,適合
SUUMO 賃貸 境港市,境港市,賃貸アパート,賃貸カテゴリ（掲載種別）,鳥取県境港市芝町,4.15,57.2,,5,—,—,,—,賃貸のため対象外,,2026-07-24,,https://suumo.jp/chintai/jnc_000108558600/?bc=100492618283,適合
SUUMO 賃貸 境港市,境港市,賃貸アパート,賃貸カテゴリ（掲載種別）,鳥取県境港市芝町,4.15,57.2,,5,—,—,,—,賃貸のため対象外,,2026-07-24,,https://suumo.jp/chintai/jnc_000108602270/?bc=100492411663,適合
SUUMO 賃貸 境港市,境港市,賃貸アパート,賃貸カテゴリ（掲載種別）,鳥取県境港市上道町,5.5,67.5,,5,—,—,,—,賃貸のため対象外,,2026-07-24,,https://suumo.jp/chintai/jnc_000106859292/?bc=100504432902,不適合
SUUMO 賃貸 境港市,境港市,賃貸アパート,賃貸カテゴリ（掲載種別）,鳥取県境港市外江町,4.5,46.1,,5,—,—,,—,賃貸のため対象外,,2026-07-24,,https://suumo.jp/chintai/jnc_000107786956/?bc=100511460506,適合
SUUMO 賃貸 境港市,境港市,賃貸アパート,賃貸カテゴリ（掲載種別）,鳥取県境港市米川町,4.25,45.3,,5,—,—,,—,賃貸のため対象外,,2026-07-24,,https://suumo.jp/chintai/jnc_000106835010/?bc=100505434333,適合
SUUMO 賃貸 境港市,境港市,賃貸アパート,賃貸カテゴリ（掲載種別）,鳥取県境港市米川町,4.25,45.3,,5,—,—,,—,賃貸のため対象外,,2026-07-24,,https://suumo.jp/chintai/jnc_000106859293/?bc=100504432898,適合
SUUMO 賃貸 境港市,境港市,賃貸アパート,賃貸カテゴリ（掲載種別）,鳥取県境港市外江町,4.85,50.0,,5,—,—,,—,賃貸のため対象外,,2026-07-24,,https://suumo.jp/chintai/jnc_000107628940/?bc=100503529609,適合
SUUMO 賃貸 境港市,境港市,賃貸アパート,賃貸カテゴリ（掲載種別）,鳥取県境港市外江町,4.95,50.0,,5,—,—,,—,賃貸のため対象外,,2026-07-24,,https://suumo.jp/chintai/jnc_000108178996/?bc=100506570865,適合
SUUMO 賃貸 境港市,境港市,賃貸アパート,賃貸カテゴリ（掲載種別）,鳥取県境港市外江町,4.95,50.0,,5,—,—,,—,賃貸のため対象外,,2026-07-24,,https://suumo.jp/chintai/jnc_000108218678/?bc=100506187765,適合
SUUMO 賃貸 境港市,境港市,賃貸アパート,賃貸カテゴリ（掲載種別）,鳥取県境港市外江町,5.6,62.6,,5,—,—,,—,賃貸のため対象外,,2026-07-24,,https://suumo.jp/chintai/jnc_000108750867/?bc=100513458248,不適合
SUUMO 賃貸 境港市,境港市,賃貸アパート,賃貸カテゴリ（掲載種別）,鳥取県境港市外江町,6.55,62.6,,5,—,—,,—,賃貸のため対象外,,2026-07-24,,https://suumo.jp/chintai/jnc_000108043843/?bc=100499600506,不適合
SUUMO 賃貸 境港市,境港市,賃貸アパート,賃貸カテゴリ（掲載種別）,鳥取県境港市外江町,6.9,62.6,,5,—,—,,—,賃貸のため対象外,,2026-07-24,,https://suumo.jp/chintai/jnc_000091962278/?bc=100515683409,不適合
SUUMO 賃貸 境港市,境港市,賃貸アパート,賃貸カテゴリ（掲載種別）,鳥取県境港市外江町,4.5,46.1,,5,—,—,,—,賃貸のため対象外,,2026-07-24,,https://suumo.jp/chintai/jnc_000107765863/?bc=100512684831,適合
SUUMO 賃貸 境港市,境港市,賃貸アパート,賃貸カテゴリ（掲載種別）,鳥取県境港市花町,4.0,50.1,,5,—,—,,—,賃貸のため対象外,,2026-07-24,,https://suumo.jp/chintai/jnc_000108337557/?bc=100491900457,適合
SUUMO 賃貸 境港市,境港市,賃貸アパート,賃貸カテゴリ（掲載種別）,鳥取県境港市花町,4.0,50.1,,5,—,—,,—,賃貸のため対象外,,2026-07-24,,https://suumo.jp/chintai/jnc_000108363331/?bc=100490338623,適合
SUUMO 賃貸 境港市,境港市,賃貸アパート,賃貸カテゴリ（掲載種別）,鳥取県境港市米川町,4.6,44.3,,5,—,—,,—,賃貸のため対象外,,2026-07-24,,https://suumo.jp/chintai/jnc_000058487210/?bc=100504941599,適合
SUUMO 賃貸 境港市,境港市,賃貸アパート,賃貸カテゴリ（掲載種別）,鳥取県境港市米川町,5.0,44.3,,5,—,—,,—,賃貸のため対象外,,2026-07-24,,https://suumo.jp/chintai/jnc_000066196795/?bc=100507353161,適合
SUUMO 賃貸 境港市,境港市,賃貸アパート,賃貸カテゴリ（掲載種別）,鳥取県境港市米川町,5.5,58.4,,5,—,—,,—,賃貸のため対象外,,2026-07-24,,https://suumo.jp/chintai/jnc_000037453306/?bc=100484426668,不適合
SUUMO 賃貸 境港市,境港市,賃貸アパート,賃貸カテゴリ（掲載種別）,鳥取県境港市米川町,4.6,44.3,,5,—,—,,—,賃貸のため対象外,,2026-07-24,,https://suumo.jp/chintai/jnc_000058487213/?bc=100504931397,適合
SUUMO 賃貸 境港市,境港市,賃貸アパート,賃貸カテゴリ（掲載種別）,鳥取県境港市米川町,5.0,44.3,,5,—,—,,—,賃貸のため対象外,,2026-07-24,,https://suumo.jp/chintai/jnc_000066280122/?bc=100507265755,適合
SUUMO 賃貸 境港市,境港市,賃貸アパート,賃貸カテゴリ（掲載種別）,鳥取県境港市米川町,5.5,58.4,,5,—,—,,—,賃貸のため対象外,,2026-07-24,,https://suumo.jp/chintai/jnc_000037641332/?bc=100474875147,不適合
SUUMO 賃貸 境港市,境港市,賃貸アパート,賃貸カテゴリ（掲載種別）,鳥取県境港市中野町,4.9,43.0,,5,—,—,,—,賃貸のため対象外,,2026-07-24,,https://suumo.jp/chintai/jnc_000094010062/?bc=100400741190,適合
SUUMO 賃貸 境港市,境港市,賃貸アパート,賃貸カテゴリ（掲載種別）,鳥取県境港市中野町,4.9,43.0,,5,—,—,,—,賃貸のため対象外,,2026-07-24,,https://suumo.jp/chintai/jnc_000088982888/?bc=100469080091,適合
SUUMO 賃貸 境港市,境港市,賃貸アパート,賃貸カテゴリ（掲載種別）,鳥取県境港市中野町,4.9,43.0,,5,—,—,,—,賃貸のため対象外,,2026-07-24,,https://suumo.jp/chintai/jnc_000044094010/?bc=100507679727,適合
SUUMO 賃貸 境港市,境港市,賃貸アパート,賃貸カテゴリ（掲載種別）,鳥取県境港市米川町,5.5,48.0,,5,—,—,,—,賃貸のため対象外,,2026-07-24,,https://suumo.jp/chintai/jnc_000047630923/?bc=100509268552,不適合
SUUMO 賃貸 境港市,境港市,賃貸アパート,賃貸カテゴリ（掲載種別）,鳥取県境港市米川町,5.5,48.0,,5,—,—,,—,賃貸のため対象外,,2026-07-24,,https://suumo.jp/chintai/jnc_000057228249/?bc=100508702041,不適合
SUUMO 賃貸 境港市,境港市,賃貸アパート,賃貸カテゴリ（掲載種別）,鳥取県境港市上道町,6.1,57.7,,5,—,—,,—,賃貸のため対象外,,2026-07-24,,https://suumo.jp/chintai/jnc_000092714169/?bc=100507679608,不適合
SUUMO 賃貸 境港市,境港市,賃貸アパート,賃貸カテゴリ（掲載種別）,鳥取県境港市外江町,5.4,50.9,,5,—,—,,—,賃貸のため対象外,,2026-07-24,,https://suumo.jp/chintai/jnc_000108040502/?bc=100512684509,不適合
SUUMO 賃貸 境港市,境港市,賃貸アパート,賃貸カテゴリ（掲載種別）,鳥取県境港市外江町,5.4,50.9,,5,—,—,,—,賃貸のため対象外,,2026-07-24,,https://suumo.jp/chintai/jnc_000108068295/?bc=100512221920,不適合
SUUMO 賃貸 境港市,境港市,賃貸アパート,賃貸カテゴリ（掲載種別）,鳥取県境港市三軒屋町,5.1,46.7,,5,—,—,,—,賃貸のため対象外,,2026-07-24,,https://suumo.jp/chintai/jnc_000067223938/?bc=100507375876,不適合
SUUMO 賃貸 境港市,境港市,賃貸アパート,賃貸カテゴリ（掲載種別）,鳥取県境港市上道町,6.1,57.7,,5,—,—,,—,賃貸のため対象外,,2026-07-24,,https://suumo.jp/chintai/jnc_000092723305/?bc=100485509974,不適合
SUUMO 賃貸 境港市,境港市,賃貸アパート,賃貸カテゴリ（掲載種別）,鳥取県境港市上道町,4.5,46.4,,5,—,—,,—,賃貸のため対象外,,2026-07-24,,https://suumo.jp/chintai/jnc_000105694208/?bc=100496761268,適合
SUUMO 賃貸 境港市,境港市,賃貸アパート,賃貸カテゴリ（掲載種別）,鳥取県境港市上道町,4.5,46.4,,5,—,—,,—,賃貸のため対象外,,2026-07-24,,https://suumo.jp/chintai/jnc_000105706772/?bc=100495152348,適合
SUUMO 賃貸 境港市,境港市,賃貸アパート,賃貸カテゴリ（掲載種別）,鳥取県境港市中野町,4.9,43.0,,5,—,—,,—,賃貸のため対象外,,2026-07-24,,https://suumo.jp/chintai/jnc_000089193363/?bc=100297975884,適合
SUUMO 賃貸 境港市,境港市,賃貸アパート,賃貸カテゴリ（掲載種別）,鳥取県境港市中野町,4.9,43.0,,5,—,—,,—,賃貸のため対象外,,2026-07-24,,https://suumo.jp/chintai/jnc_000102073636/?bc=100466241385,適合
SUUMO 賃貸 境港市,境港市,賃貸アパート,賃貸カテゴリ（掲載種別）,鳥取県境港市中野町,4.9,43.0,,5,—,—,,—,賃貸のため対象外,,2026-07-24,,https://suumo.jp/chintai/jnc_000094120265/?bc=100400385326,適合
SUUMO 賃貸 境港市,清水町,賃貸アパート,賃貸カテゴリ（掲載種別）,鳥取県境港市清水町,4.4,51.8,,5,—,—,,—,賃貸のため対象外,,2026-07-24,,https://suumo.jp/chintai/jnc_000105269491/?bc=100492009865,適合
SUUMO 賃貸 境港市,境港市,賃貸アパート,賃貸カテゴリ（掲載種別）,鳥取県境港市竹内町,4.9,43.1,,5,—,—,,—,賃貸のため対象外,,2026-07-24,,https://suumo.jp/chintai/jnc_000104103823/?bc=100507039191,適合
SUUMO 賃貸 境港市,境港市,賃貸アパート,賃貸カテゴリ（掲載種別）,鳥取県境港市中野町,4.45,46.5,,5,—,—,,—,賃貸のため対象外,,2026-07-24,,https://suumo.jp/chintai/jnc_000108582804/?bc=100495371205,適合
SUUMO 賃貸 境港市,境港市,賃貸アパート,賃貸カテゴリ（掲載種別）,鳥取県境港市外江町,6.0,44.9,,5,—,—,,—,賃貸のため対象外,,2026-07-24,,https://suumo.jp/chintai/jnc_000107483571/?bc=100489155365,不適合
SUUMO 賃貸 境港市,境港市,賃貸アパート,賃貸カテゴリ（掲載種別）,鳥取県境港市外江町,6.3,44.9,,5,—,—,,—,賃貸のため対象外,,2026-07-24,,https://suumo.jp/chintai/jnc_000104915342/?bc=100490329633,不適合
SUUMO 賃貸 境港市,境港市,賃貸アパート,賃貸カテゴリ（掲載種別）,鳥取県境港市三軒屋町,5.1,46.7,,5,—,—,,—,賃貸のため対象外,,2026-07-24,,https://suumo.jp/chintai/jnc_000067235309/?bc=100506962886,不適合
SUUMO 賃貸 境港市,境港市,賃貸アパート,賃貸カテゴリ（掲載種別）,鳥取県境港市中野町,4.45,46.5,,5,—,—,,—,賃貸のため対象外,,2026-07-24,,https://suumo.jp/chintai/jnc_000108349885/?bc=100516272696,適合
SUUMO 賃貸 境港市,境港市,賃貸アパート,賃貸カテゴリ（掲載種別）,鳥取県境港市中野町,4.45,46.5,,5,—,—,,—,賃貸のため対象外,,2026-07-24,,https://suumo.jp/chintai/jnc_000108582805/?bc=100493803728,適合
SUUMO 賃貸 境港市,境港市,賃貸アパート,賃貸カテゴリ（掲載種別）,鳥取県境港市中野町,4.45,46.5,,5,—,—,,—,賃貸のため対象外,,2026-07-24,,https://suumo.jp/chintai/jnc_000108602267/?bc=100495112999,適合
SUUMO 賃貸 境港市,境港市,賃貸アパート,賃貸カテゴリ（掲載種別）,鳥取県境港市中野町,4.45,46.5,,5,—,—,,—,賃貸のため対象外,,2026-07-24,,https://suumo.jp/chintai/jnc_000108602268/?bc=100493051828,適合
SUUMO 賃貸 境港市,境港市,賃貸アパート,賃貸カテゴリ（掲載種別）,鳥取県境港市中野町,4.45,46.5,,5,—,—,,—,賃貸のため対象外,,2026-07-24,,https://suumo.jp/chintai/jnc_000108444782/?bc=100515867308,適合
SUUMO 賃貸 境港市,境港市,賃貸アパート,賃貸カテゴリ（掲載種別）,鳥取県境港市芝町,6.4,50.0,,5,—,—,,—,賃貸のため対象外,,2026-07-24,,https://suumo.jp/chintai/jnc_000107408213/?bc=100516944245,不適合
SUUMO 賃貸 境港市,境港市,賃貸アパート,賃貸カテゴリ（掲載種別）,鳥取県境港市芝町,6.4,50.0,,5,—,—,,—,賃貸のため対象外,,2026-07-24,,https://suumo.jp/chintai/jnc_000107408214/?bc=100508383465,不適合
SUUMO 賃貸 境港市,境港市,賃貸アパート,賃貸カテゴリ（掲載種別）,鳥取県境港市芝町,6.4,50.0,,5,—,—,,—,賃貸のため対象外,,2026-07-24,,https://suumo.jp/chintai/jnc_000107408215/?bc=100508383472,不適合
SUUMO 賃貸 境港市,境港市,賃貸アパート,賃貸カテゴリ（掲載種別）,鳥取県境港市芝町,6.6,50.0,,5,—,—,,—,賃貸のため対象外,,2026-07-24,,https://suumo.jp/chintai/jnc_000107552390/?bc=100508383478,不適合
SUUMO 賃貸 境港市,境港市,賃貸アパート,賃貸カテゴリ（掲載種別）,鳥取県境港市芝町,6.6,50.0,,5,—,—,,—,賃貸のため対象外,,2026-07-24,,https://suumo.jp/chintai/jnc_000107408212/?bc=100508383461,不適合
SUUMO 賃貸 境港市,境港市,賃貸アパート,賃貸カテゴリ（掲載種別）,鳥取県境港市芝町,7.25,59.6,,5,—,—,,—,賃貸のため対象外,,2026-07-24,,https://suumo.jp/chintai/jnc_000107690662/?bc=100508383480,不適合
SUUMO 賃貸 境港市,境港市,賃貸アパート,賃貸カテゴリ（掲載種別）,鳥取県境港市芝町,7.25,59.6,,5,—,—,,—,賃貸のため対象外,,2026-07-24,,https://suumo.jp/chintai/jnc_000107408216/?bc=100508383482,不適合
SUUMO 賃貸 境港市,境港市,賃貸アパート,賃貸カテゴリ（掲載種別）,鳥取県境港市芝町,7.25,59.5,,5,—,—,,—,賃貸のため対象外,,2026-07-24,,https://suumo.jp/chintai/jnc_000107690663/?bc=100508383484,不適合
SUUMO 賃貸 境港市,境港市,賃貸アパート,賃貸カテゴリ（掲載種別）,鳥取県境港市芝町,7.45,59.5,,5,—,—,,—,賃貸のため対象外,,2026-07-24,,https://suumo.jp/chintai/jnc_000108534804/?bc=100516944243,不適合
SUUMO 賃貸 境港市,境港市,賃貸アパート,賃貸カテゴリ（掲載種別）,鳥取県境港市芝町,7.45,59.5,,5,—,—,,—,賃貸のため対象外,,2026-07-24,,https://suumo.jp/chintai/jnc_000107690664/?bc=100508383483,不適合
SUUMO 賃貸 境港市,清水町,賃貸アパート,賃貸カテゴリ（掲載種別）,鳥取県境港市清水町,4.4,51.8,,5,—,—,,—,賃貸のため対象外,,2026-07-24,,https://suumo.jp/chintai/jnc_000105275740/?bc=100491839197,適合
SUUMO 賃貸 境港市,境港市,賃貸アパート,賃貸カテゴリ（掲載種別）,鳥取県境港市外江町,4.5,46.7,,5,—,—,,—,賃貸のため対象外,,2026-07-24,,https://suumo.jp/chintai/jnc_000100783494/?bc=100507755367,適合
SUUMO 賃貸 境港市,境港市,賃貸アパート,賃貸カテゴリ（掲載種別）,鳥取県境港市外江町,4.5,46.7,,5,—,—,,—,賃貸のため対象外,,2026-07-24,,https://suumo.jp/chintai/jnc_000107103399/?bc=100507039193,適合
SUUMO 賃貸 境港市,境港市,賃貸アパート,賃貸カテゴリ（掲載種別）,鳥取県境港市外江町,5.6,61.6,,5,—,—,,—,賃貸のため対象外,,2026-07-24,,https://suumo.jp/chintai/jnc_000040752098/?bc=100491900449,不適合
SUUMO 賃貸 境港市,境港市,賃貸アパート,賃貸カテゴリ（掲載種別）,鳥取県境港市上道町,4.5,42.0,,5,—,—,,—,賃貸のため対象外,,2026-07-24,,https://suumo.jp/chintai/jnc_000105434514/?bc=100493604114,適合
SUUMO 賃貸 境港市,境港市,賃貸アパート,賃貸カテゴリ（掲載種別）,鳥取県境港市上道町,4.5,42.0,,5,—,—,,—,賃貸のため対象外,,2026-07-24,,https://suumo.jp/chintai/jnc_000105500638/?bc=100493287084,適合
SUUMO 賃貸 境港市,境港市,賃貸アパート,賃貸カテゴリ（掲載種別）,鳥取県境港市外江町,5.1,48.7,,5,—,—,,—,賃貸のため対象外,,2026-07-24,,https://suumo.jp/chintai/jnc_000033739895/?bc=100493595597,不適合
SUUMO 賃貸 境港市,境港市,賃貸アパート,賃貸カテゴリ（掲載種別）,鳥取県境港市外江町,5.1,44.3,,5,—,—,,—,賃貸のため対象外,,2026-07-24,,https://suumo.jp/chintai/jnc_000107439932/?bc=100400051474,不適合
SUUMO 賃貸 境港市,境港市,賃貸アパート,賃貸カテゴリ（掲載種別）,鳥取県境港市外江町,5.2,44.3,,5,—,—,,—,賃貸のため対象外,,2026-07-24,,https://suumo.jp/chintai/jnc_000037935676/?bc=100507755289,不適合
SUUMO 賃貸 境港市,境港市,賃貸アパート,賃貸カテゴリ（掲載種別）,鳥取県境港市外江町,5.3,48.7,,5,—,—,,—,賃貸のため対象外,,2026-07-24,,https://suumo.jp/chintai/jnc_000027409549/?bc=100507755356,不適合
SUUMO 賃貸 境港市,境港市,賃貸アパート,賃貸カテゴリ（掲載種別）,鳥取県境港市外江町,5.5,44.3,,5,—,—,,—,賃貸のため対象外,,2026-07-24,,https://suumo.jp/chintai/jnc_000107614603/?bc=100507039190,不適合
SUUMO 賃貸 境港市,境港市,賃貸アパート,賃貸カテゴリ（掲載種別）,鳥取県境港市上道町,4.3,42.0,,5,—,—,,—,賃貸のため対象外,,2026-07-24,,https://suumo.jp/chintai/jnc_000105716676/?bc=100496489565,適合
SUUMO 賃貸 境港市,境港市,賃貸アパート,賃貸カテゴリ（掲載種別）,鳥取県境港市上道町,4.4,42.0,,5,—,—,,—,賃貸のため対象外,,2026-07-24,,https://suumo.jp/chintai/jnc_000106846214/?bc=100506522600,適合
SUUMO 賃貸 境港市,境港市,賃貸アパート,賃貸カテゴリ（掲載種別）,鳥取県境港市上道町,4.3,42.0,,5,—,—,,—,賃貸のため対象外,,2026-07-24,,https://suumo.jp/chintai/jnc_000105822586/?bc=100496323386,適合
SUUMO 賃貸 境港市,境港市,賃貸アパート,賃貸カテゴリ（掲載種別）,鳥取県境港市上道町,4.4,42.0,,5,—,—,,—,賃貸のため対象外,,2026-07-24,,https://suumo.jp/chintai/jnc_000106886552/?bc=100504655588,適合
SUUMO 賃貸 境港市,境港市,賃貸アパート,賃貸カテゴリ（掲載種別）,鳥取県境港市米川町,3.85,41.2,,5,—,—,,—,賃貸のため対象外,,2026-07-24,,https://suumo.jp/chintai/jnc_000104523051/?bc=100513555828,適合
SUUMO 賃貸 境港市,境港市,賃貸アパート,賃貸カテゴリ（掲載種別）,鳥取県境港市米川町,4.05,41.2,,5,—,—,,—,賃貸のため対象外,,2026-07-24,,https://suumo.jp/chintai/jnc_000107901749/?bc=100423039702,適合
SUUMO 賃貸 境港市,境港市,賃貸アパート,賃貸カテゴリ（掲載種別）,鳥取県境港市米川町,3.85,41.2,,5,—,—,,—,賃貸のため対象外,,2026-07-24,,https://suumo.jp/chintai/jnc_000104528717/?bc=100513442002,適合
SUUMO 賃貸 境港市,境港市,賃貸アパート,賃貸カテゴリ（掲載種別）,鳥取県境港市米川町,4.05,41.2,,5,—,—,,—,賃貸のため対象外,,2026-07-24,,https://suumo.jp/chintai/jnc_000107917269/?bc=100512221914,適合
SUUMO 賃貸 境港市,境港市,賃貸アパート,賃貸カテゴリ（掲載種別）,鳥取県境港市外江町,6.8,72.9,,5,—,—,,—,賃貸のため対象外,,2026-07-24,,https://suumo.jp/chintai/jnc_000052029963/?bc=100497548642,不適合
SUUMO 賃貸 境港市,境港市,賃貸アパート,賃貸カテゴリ（掲載種別）,鳥取県境港市外江町,6.9,72.9,,5,—,—,,—,賃貸のため対象外,,2026-07-24,,https://suumo.jp/chintai/jnc_000108040503/?bc=100513766085,不適合
SUUMO 賃貸 境港市,境港市,賃貸アパート,賃貸カテゴリ（掲載種別）,鳥取県境港市外江町,6.9,72.9,,5,—,—,,—,賃貸のため対象外,,2026-07-24,,https://suumo.jp/chintai/jnc_000108122690/?bc=100514716651,不適合
SUUMO 賃貸 境港市,境港市,賃貸アパート,賃貸カテゴリ（掲載種別）,鳥取県境港市外江町,7.5,72.9,,5,—,—,,—,賃貸のため対象外,,2026-07-24,,https://suumo.jp/chintai/jnc_000105624843/?bc=100494743129,不適合
SUUMO 賃貸 境港市,境港市,賃貸アパート,賃貸カテゴリ（掲載種別）,鳥取県境港市外江町,6.55,62.6,,5,—,—,,—,賃貸のため対象外,,2026-07-24,,https://suumo.jp/chintai/jnc_000108051422/?bc=100513441999,不適合
SUUMO 賃貸 境港市,境港市,賃貸アパート,賃貸カテゴリ（掲載種別）,鳥取県境港市米川町,4.0,41.2,,5,—,—,,—,賃貸のため対象外,,2026-07-24,,https://suumo.jp/chintai/jnc_000103257657/?bc=100480665304,適合
SUUMO 賃貸 境港市,境港市,賃貸アパート,賃貸カテゴリ（掲載種別）,鳥取県境港市三軒屋町,4.35,54.9,,5,—,—,,—,賃貸のため対象外,,2026-07-24,,https://suumo.jp/chintai/jnc_000108475233/?bc=100516477815,適合
SUUMO 賃貸 境港市,境港市,賃貸マンション,賃貸カテゴリ（掲載種別）,鳥取県境港市東本町,4.5,52.2,,5,—,—,,—,賃貸のため対象外,,2026-07-24,,https://suumo.jp/chintai/jnc_000107349626/?bc=100471423495,適合
SUUMO 賃貸 境港市,境港市,賃貸マンション,賃貸カテゴリ（掲載種別）,鳥取県境港市東本町,4.5,52.2,,5,—,—,,—,賃貸のため対象外,,2026-07-24,,https://suumo.jp/chintai/jnc_000108034083/?bc=100513277920,適合
SUUMO 賃貸 境港市,境港市,賃貸アパート,賃貸カテゴリ（掲載種別）,鳥取県境港市外江町,5.7,48.7,,5,—,—,,—,賃貸のため対象外,,2026-07-24,,https://suumo.jp/chintai/jnc_000092197488/?bc=100495700704,不適合
SUUMO 賃貸 境港市,境港市,賃貸アパート,賃貸カテゴリ（掲載種別）,鳥取県境港市明治町,4.1,32.9,,5,—,—,,—,賃貸のため対象外,,2026-07-24,,https://suumo.jp/chintai/jnc_000101341835/?bc=100464036804,適合
SUUMO 賃貸 境港市,清水町,賃貸アパート,賃貸カテゴリ（掲載種別）,鳥取県境港市清水町,4.6,25.6,,5,—,—,,—,賃貸のため対象外,,2026-07-24,,https://suumo.jp/chintai/jnc_000106245975/?bc=100500003942,適合
SUUMO 賃貸 境港市,清水町,賃貸アパート,賃貸カテゴリ（掲載種別）,鳥取県境港市清水町,4.6,25.6,,5,—,—,,—,賃貸のため対象外,,2026-07-24,,https://suumo.jp/chintai/jnc_000106253457/?bc=100500000211,適合
SUUMO 賃貸 境港市,清水町,賃貸アパート,賃貸カテゴリ（掲載種別）,鳥取県境港市清水町,4.3,51.7,,5,—,—,,—,賃貸のため対象外,,2026-07-24,,https://suumo.jp/chintai/jnc_000106165940/?bc=100499329171,適合
SUUMO 賃貸 境港市,境港市,賃貸アパート,賃貸カテゴリ（掲載種別）,鳥取県境港市上道町,4.3,29.8,,5,—,—,,—,賃貸のため対象外,,2026-07-24,,https://suumo.jp/chintai/jnc_000107827238/?bc=100492562613,適合
SUUMO 賃貸 境港市,境港市,賃貸アパート,賃貸カテゴリ（掲載種別）,鳥取県境港市上道町,4.3,29.8,,5,—,—,,—,賃貸のため対象外,,2026-07-24,,https://suumo.jp/chintai/jnc_000107887753/?bc=100511704824,適合
SUUMO 賃貸 境港市,境港市,賃貸アパート,賃貸カテゴリ（掲載種別）,鳥取県境港市明治町,4.1,32.9,,5,—,—,,—,賃貸のため対象外,,2026-07-24,,https://suumo.jp/chintai/jnc_000102656745/?bc=100512221915,適合
SUUMO 賃貸 境港市,境港市,賃貸アパート,賃貸カテゴリ（掲載種別）,鳥取県境港市外江町,3.7,37.6,,5,—,—,,—,賃貸のため対象外,,2026-07-24,,https://suumo.jp/chintai/jnc_000108243556/?bc=100504052134,適合
SUUMO 賃貸 境港市,境港市,賃貸アパート,賃貸カテゴリ（掲載種別）,鳥取県境港市夕日ヶ丘２,4.4,46.7,,5,—,—,,—,賃貸のため対象外,,2026-07-24,,https://suumo.jp/chintai/jnc_000108444783/?bc=100516272721,適合
SUUMO 賃貸 境港市,境港市,賃貸アパート,賃貸カテゴリ（掲載種別）,鳥取県境港市夕日ヶ丘２,4.4,46.7,,5,—,—,,—,賃貸のため対象外,,2026-07-24,,https://suumo.jp/chintai/jnc_000108444784/?bc=100515867306,適合
SUUMO 賃貸 境港市,境港市,賃貸アパート,賃貸カテゴリ（掲載種別）,鳥取県境港市外江町,5.2,44.3,,5,—,—,,—,賃貸のため対象外,,2026-07-24,,https://suumo.jp/chintai/jnc_000079294543/?bc=100435385652,不適合
SUUMO 賃貸 境港市,境港市,賃貸アパート,賃貸カテゴリ（掲載種別）,鳥取県境港市外江町,5.3,48.7,,5,—,—,,—,賃貸のため対象外,,2026-07-24,,https://suumo.jp/chintai/jnc_000027952643/?bc=100493639673,不適合
SUUMO 賃貸 境港市,境港市,賃貸アパート,賃貸カテゴリ（掲載種別）,鳥取県境港市外江町,5.5,44.3,,5,—,—,,—,賃貸のため対象外,,2026-07-24,,https://suumo.jp/chintai/jnc_000107714459/?bc=100397783392,不適合
SUUMO 賃貸 境港市,境港市,賃貸アパート,賃貸カテゴリ（掲載種別）,鳥取県境港市米川町,5.3,23.7,,5,—,—,,—,賃貸のため対象外,,2026-07-24,,https://suumo.jp/chintai/jnc_000108433985/?bc=100325882788,不適合
SUUMO 賃貸 境港市,境港市,賃貸アパート,賃貸カテゴリ（掲載種別）,鳥取県境港市米川町,5.3,23.7,,5,—,—,,—,賃貸のため対象外,,2026-07-24,,https://suumo.jp/chintai/jnc_000108593579/?bc=100266849413,不適合
SUUMO 賃貸 境港市,境港市,賃貸アパート,賃貸カテゴリ（掲載種別）,鳥取県境港市米川町,5.4,23.7,,5,—,—,,—,賃貸のため対象外,,2026-07-24,,https://suumo.jp/chintai/jnc_000108307174/?bc=100414094665,不適合
SUUMO 賃貸 境港市,境港市,賃貸アパート,賃貸カテゴリ（掲載種別）,鳥取県境港市米川町,5.6,26.1,,5,—,—,,—,賃貸のため対象外,,2026-07-24,,https://suumo.jp/chintai/jnc_000108307176/?bc=100495671115,不適合
SUUMO 賃貸 境港市,境港市,賃貸アパート,賃貸カテゴリ（掲載種別）,鳥取県境港市米川町,5.6,26.1,,5,—,—,,—,賃貸のため対象外,,2026-07-24,,https://suumo.jp/chintai/jnc_000108307177/?bc=100324941310,不適合
SUUMO 賃貸 境港市,境港市,賃貸アパート,賃貸カテゴリ（掲載種別）,鳥取県境港市米川町,5.6,26.1,,5,—,—,,—,賃貸のため対象外,,2026-07-24,,https://suumo.jp/chintai/jnc_000108307175/?bc=100429322676,不適合
SUUMO 賃貸 境港市,境港市,賃貸アパート,賃貸カテゴリ（掲載種別）,鳥取県境港市米川町,5.6,26.1,,5,—,—,,—,賃貸のため対象外,,2026-07-24,,https://suumo.jp/chintai/jnc_000108646225/?bc=100408849639,不適合
SUUMO 賃貸 境港市,境港市,賃貸アパート,賃貸カテゴリ（掲載種別）,鳥取県境港市米川町,5.7,26.1,,5,—,—,,—,賃貸のため対象外,,2026-07-24,,https://suumo.jp/chintai/jnc_000108646224/?bc=100510955651,不適合
SUUMO 賃貸 境港市,境港市,賃貸アパート,賃貸カテゴリ（掲載種別）,鳥取県境港市外江町,4.5,46.7,,5,—,—,,—,賃貸のため対象外,,2026-07-24,,https://suumo.jp/chintai/jnc_000102656722/?bc=100304403874,適合
SUUMO 賃貸 境港市,境港市,賃貸アパート,賃貸カテゴリ（掲載種別）,鳥取県境港市外江町,4.5,46.7,,5,—,—,,—,賃貸のため対象外,,2026-07-24,,https://suumo.jp/chintai/jnc_000107134289/?bc=100506187761,適合
SUUMO 賃貸 境港市,境港市,賃貸アパート,賃貸カテゴリ（掲載種別）,鳥取県境港市外江町,5.6,61.6,,5,—,—,,—,賃貸のため対象外,,2026-07-24,,https://suumo.jp/chintai/jnc_000105067306/?bc=100490303128,不適合
SUUMO 賃貸 境港市,清水町,賃貸アパート,賃貸カテゴリ（掲載種別）,鳥取県境港市清水町,4.0,42.7,,5,—,—,,—,賃貸のため対象外,,2026-07-24,,https://suumo.jp/chintai/jnc_000105782684/?bc=100497682644,適合
SUUMO 賃貸 境港市,境港市,賃貸アパート,賃貸カテゴリ（掲載種別）,鳥取県境港市渡町,6.9,50.1,,5,—,—,,—,賃貸のため対象外,,2026-07-24,,https://suumo.jp/chintai/jnc_000103965812/?bc=100457385530,不適合
SUUMO 賃貸 境港市,境港市,賃貸アパート,賃貸カテゴリ（掲載種別）,鳥取県境港市渡町,6.9,50.1,,5,—,—,,—,賃貸のため対象外,,2026-07-24,,https://suumo.jp/chintai/jnc_000103965813/?bc=100457385532,不適合
SUUMO 賃貸 境港市,境港市,賃貸アパート,賃貸カテゴリ（掲載種別）,鳥取県境港市渡町,7.55,58.6,,5,—,—,,—,賃貸のため対象外,,2026-07-24,,https://suumo.jp/chintai/jnc_000105434522/?bc=100457385503,不適合
SUUMO 賃貸 境港市,境港市,賃貸アパート,賃貸カテゴリ（掲載種別）,鳥取県境港市渡町,7.55,58.6,,5,—,—,,—,賃貸のため対象外,,2026-07-24,,https://suumo.jp/chintai/jnc_000105434523/?bc=100457385504,不適合
SUUMO 賃貸 境港市,境港市,賃貸アパート,賃貸カテゴリ（掲載種別）,鳥取県境港市渡町,7.75,58.6,,5,—,—,,—,賃貸のため対象外,,2026-07-24,,https://suumo.jp/chintai/jnc_000105434521/?bc=100457385534,不適合
SUUMO 賃貸 境港市,境港市,賃貸アパート,賃貸カテゴリ（掲載種別）,鳥取県境港市渡町,6.9,50.1,,5,—,—,,—,賃貸のため対象外,,2026-07-24,,https://suumo.jp/chintai/jnc_000104113014/?bc=100482882587,不適合
SUUMO 賃貸 境港市,境港市,賃貸アパート,賃貸カテゴリ（掲載種別）,鳥取県境港市渡町,6.9,50.1,,5,—,—,,—,賃貸のため対象外,,2026-07-24,,https://suumo.jp/chintai/jnc_000104113013/?bc=100482882586,不適合
SUUMO 賃貸 境港市,境港市,賃貸アパート,賃貸カテゴリ（掲載種別）,鳥取県境港市渡町,7.55,58.6,,5,—,—,,—,賃貸のため対象外,,2026-07-24,,https://suumo.jp/chintai/jnc_000105500652/?bc=100493287078,不適合
SUUMO 賃貸 境港市,境港市,賃貸アパート,賃貸カテゴリ（掲載種別）,鳥取県境港市渡町,7.55,58.6,,5,—,—,,—,賃貸のため対象外,,2026-07-24,,https://suumo.jp/chintai/jnc_000105500651/?bc=100493287077,不適合
SUUMO 賃貸 境港市,境港市,賃貸アパート,賃貸カテゴリ（掲載種別）,鳥取県境港市渡町,7.75,58.6,,5,—,—,,—,賃貸のため対象外,,2026-07-24,,https://suumo.jp/chintai/jnc_000105500650/?bc=100493287096,不適合
SUUMO 賃貸 境港市,境港市,賃貸アパート,賃貸カテゴリ（掲載種別）,鳥取県境港市渡町,6.9,50.1,,5,—,—,,—,賃貸のため対象外,,2026-07-24,,https://suumo.jp/chintai/jnc_000105473620/?bc=100424188109,不適合
SUUMO 賃貸 境港市,境港市,賃貸アパート,賃貸カテゴリ（掲載種別）,鳥取県境港市渡町,6.9,50.1,,5,—,—,,—,賃貸のため対象外,,2026-07-24,,https://suumo.jp/chintai/jnc_000105473619/?bc=100424188146,不適合
SUUMO 賃貸 境港市,境港市,賃貸アパート,賃貸カテゴリ（掲載種別）,鳥取県境港市渡町,7.1,50.1,,5,—,—,,—,賃貸のため対象外,,2026-07-24,,https://suumo.jp/chintai/jnc_000103965811/?bc=100424188263,不適合
SUUMO 賃貸 境港市,境港市,賃貸アパート,賃貸カテゴリ（掲載種別）,鳥取県境港市渡町,6.9,50.1,,5,—,—,,—,賃貸のため対象外,,2026-07-24,,https://suumo.jp/chintai/jnc_000105539942/?bc=100493773227,不適合
SUUMO 賃貸 境港市,境港市,賃貸アパート,賃貸カテゴリ（掲載種別）,鳥取県境港市渡町,6.9,50.1,,5,—,—,,—,賃貸のため対象外,,2026-07-24,,https://suumo.jp/chintai/jnc_000105539943/?bc=100493773236,不適合
SUUMO 賃貸 境港市,境港市,賃貸アパート,賃貸カテゴリ（掲載種別）,鳥取県境港市渡町,7.1,50.1,,5,—,—,,—,賃貸のため対象外,,2026-07-24,,https://suumo.jp/chintai/jnc_000104113012/?bc=100482882585,不適合
SUUMO 賃貸 境港市,境港市,賃貸アパート,賃貸カテゴリ（掲載種別）,鳥取県境港市外江町,4.0,58.8,,5,—,—,,—,賃貸のため対象外,,2026-07-24,,https://suumo.jp/chintai/jnc_000108554734/?bc=100500314746,適合
SUUMO 賃貸 境港市,境港市,賃貸アパート,賃貸カテゴリ（掲載種別）,鳥取県境港市外江町,4.0,58.8,,5,—,—,,—,賃貸のため対象外,,2026-07-24,,https://suumo.jp/chintai/jnc_000108554733/?bc=100499922076,適合
SUUMO 賃貸 境港市,境港市,賃貸アパート,賃貸カテゴリ（掲載種別）,鳥取県境港市外江町,6.95,50.0,,5,—,—,,—,賃貸のため対象外,,2026-07-24,,https://suumo.jp/chintai/jnc_000103965809/?bc=100457385411,不適合
SUUMO 賃貸 境港市,境港市,賃貸アパート,賃貸カテゴリ（掲載種別）,鳥取県境港市外江町,6.95,50.0,,5,—,—,,—,賃貸のため対象外,,2026-07-24,,https://suumo.jp/chintai/jnc_000105434517/?bc=100457385413,不適合
SUUMO 賃貸 境港市,境港市,賃貸アパート,賃貸カテゴリ（掲載種別）,鳥取県境港市外江町,7.15,50.0,,5,—,—,,—,賃貸のため対象外,,2026-07-24,,https://suumo.jp/chintai/jnc_000106544447/?bc=100398689631,不適合
SUUMO 賃貸 境港市,境港市,賃貸アパート,賃貸カテゴリ（掲載種別）,鳥取県境港市外江町,7.9,59.5,,5,—,—,,—,賃貸のため対象外,,2026-07-24,,https://suumo.jp/chintai/jnc_000105434519/?bc=100398798841,不適合
SUUMO 賃貸 境港市,境港市,賃貸アパート,賃貸カテゴリ（掲載種別）,鳥取県境港市外江町,6.95,50.0,,5,—,—,,—,賃貸のため対象外,,2026-07-24,,https://suumo.jp/chintai/jnc_000103965806/?bc=100457385544,不適合
SUUMO 賃貸 境港市,境港市,賃貸アパート,賃貸カテゴリ（掲載種別）,鳥取県境港市外江町,6.95,50.0,,5,—,—,,—,賃貸のため対象外,,2026-07-24,,https://suumo.jp/chintai/jnc_000103965807/?bc=100398665434,不適合
SUUMO 賃貸 境港市,境港市,賃貸アパート,賃貸カテゴリ（掲載種別）,鳥取県境港市外江町,7.9,59.5,,5,—,—,,—,賃貸のため対象外,,2026-07-24,,https://suumo.jp/chintai/jnc_000105434516/?bc=100493638521,不適合
SUUMO 賃貸 境港市,境港市,賃貸アパート,賃貸カテゴリ（掲載種別）,鳥取県境港市外江町,6.95,50.0,,5,—,—,,—,賃貸のため対象外,,2026-07-24,,https://suumo.jp/chintai/jnc_000105500642/?bc=100493287103,不適合
SUUMO 賃貸 境港市,境港市,賃貸アパート,賃貸カテゴリ（掲載種別）,鳥取県境港市外江町,6.95,50.0,,5,—,—,,—,賃貸のため対象外,,2026-07-24,,https://suumo.jp/chintai/jnc_000104113009/?bc=100497717546,不適合
SUUMO 賃貸 境港市,境港市,賃貸アパート,賃貸カテゴリ（掲載種別）,鳥取県境港市外江町,7.15,50.0,,5,—,—,,—,賃貸のため対象外,,2026-07-24,,https://suumo.jp/chintai/jnc_000106580751/?bc=100502414683,不適合
SUUMO 賃貸 境港市,境港市,賃貸アパート,賃貸カテゴリ（掲載種別）,鳥取県境港市外江町,7.9,59.5,,5,—,—,,—,賃貸のため対象外,,2026-07-24,,https://suumo.jp/chintai/jnc_000105500644/?bc=100493287098,不適合
SUUMO 賃貸 境港市,境港市,賃貸アパート,賃貸カテゴリ（掲載種別）,鳥取県境港市外江町,6.95,50.0,,5,—,—,,—,賃貸のため対象外,,2026-07-24,,https://suumo.jp/chintai/jnc_000104175603/?bc=100482882576,不適合
SUUMO 賃貸 境港市,境港市,賃貸アパート,賃貸カテゴリ（掲載種別）,鳥取県境港市外江町,6.95,50.0,,5,—,—,,—,賃貸のため対象外,,2026-07-24,,https://suumo.jp/chintai/jnc_000104113007/?bc=100482882579,不適合
SUUMO 賃貸 境港市,境港市,賃貸アパート,賃貸カテゴリ（掲載種別）,鳥取県境港市外江町,7.9,59.5,,5,—,—,,—,賃貸のため対象外,,2026-07-24,,https://suumo.jp/chintai/jnc_000105500641/?bc=100493287105,不適合
SUUMO 賃貸 境港市,清水町,賃貸アパート,賃貸カテゴリ（掲載種別）,鳥取県境港市清水町,3.6,34.8,,5,—,—,,—,賃貸のため対象外,,2026-07-24,,https://suumo.jp/chintai/jnc_000107917273/?bc=100508595363,適合
SUUMO 賃貸 境港市,境港市,賃貸アパート,賃貸カテゴリ（掲載種別）,鳥取県境港市外江町,7.0,50.1,,5,—,—,,—,賃貸のため対象外,,2026-07-24,,https://suumo.jp/chintai/jnc_000103965804/?bc=100393430735,不適合
SUUMO 賃貸 境港市,境港市,賃貸アパート,賃貸カテゴリ（掲載種別）,鳥取県境港市外江町,7.0,50.1,,5,—,—,,—,賃貸のため対象外,,2026-07-24,,https://suumo.jp/chintai/jnc_000104113005/?bc=100482882574,不適合
SUUMO 賃貸 境港市,清水町,賃貸アパート,賃貸カテゴリ（掲載種別）,鳥取県境港市清水町,3.7,40.6,,5,—,—,,—,賃貸のため対象外,,2026-07-24,,https://suumo.jp/chintai/jnc_000107143608/?bc=100506898189,適合
SUUMO 賃貸 境港市,清水町,賃貸アパート,賃貸カテゴリ（掲載種別）,鳥取県境港市清水町,3.9,40.6,,5,—,—,,—,賃貸のため対象外,,2026-07-24,,https://suumo.jp/chintai/jnc_000107126271/?bc=100506898171,適合
SUUMO 賃貸 境港市,境港市,賃貸アパート,賃貸カテゴリ（掲載種別）,鳥取県境港市三軒屋町,4.0,35.3,,5,—,—,,—,賃貸のため対象外,,2026-07-24,,https://suumo.jp/chintai/jnc_000040752097/?bc=100507009703,適合
SUUMO 賃貸 境港市,清水町,賃貸アパート,賃貸カテゴリ（掲載種別）,鳥取県境港市清水町,3.7,40.6,,5,—,—,,—,賃貸のため対象外,,2026-07-24,,https://suumo.jp/chintai/jnc_000107192203/?bc=100506633554,適合
SUUMO 賃貸 境港市,清水町,賃貸アパート,賃貸カテゴリ（掲載種別）,鳥取県境港市清水町,3.9,40.6,,5,—,—,,—,賃貸のため対象外,,2026-07-24,,https://suumo.jp/chintai/jnc_000107143609/?bc=100506371659,適合
SUUMO 賃貸 境港市,境港市,賃貸アパート,賃貸カテゴリ（掲載種別）,鳥取県境港市上道町,7.1,46.9,,5,—,—,,—,賃貸のため対象外,,2026-07-24,,https://suumo.jp/chintai/jnc_000108646222/?bc=100426553790,不適合
SUUMO 賃貸 境港市,境港市,賃貸アパート,賃貸カテゴリ（掲載種別）,鳥取県境港市外江町,6.8,72.9,,5,—,—,,—,賃貸のため対象外,,2026-07-24,,https://suumo.jp/chintai/jnc_000052894786/?bc=100494811913,不適合
SUUMO 賃貸 境港市,境港市,賃貸アパート,賃貸カテゴリ（掲載種別）,鳥取県境港市外江町,6.9,72.9,,5,—,—,,—,賃貸のため対象外,,2026-07-24,,https://suumo.jp/chintai/jnc_000108098793/?bc=100513876549,不適合
SUUMO 賃貸 境港市,境港市,賃貸アパート,賃貸カテゴリ（掲載種別）,鳥取県境港市外江町,6.9,72.9,,5,—,—,,—,賃貸のため対象外,,2026-07-24,,https://suumo.jp/chintai/jnc_000108068296/?bc=100513419261,不適合
SUUMO 賃貸 境港市,境港市,賃貸アパート,賃貸カテゴリ（掲載種別）,鳥取県境港市外江町,3.7,37.6,,5,—,—,,—,賃貸のため対象外,,2026-07-24,,https://suumo.jp/chintai/jnc_000108256570/?bc=100503990365,適合
SUUMO 賃貸 境港市,境港市,賃貸アパート,賃貸カテゴリ（掲載種別）,鳥取県境港市芝町,3.6,46.9,,5,—,—,,—,賃貸のため対象外,,2026-07-24,,https://suumo.jp/chintai/jnc_000106378306/?bc=100501323344,適合
SUUMO 賃貸 境港市,境港市,賃貸アパート,賃貸カテゴリ（掲載種別）,鳥取県境港市芝町,3.6,46.9,,5,—,—,,—,賃貸のため対象外,,2026-07-24,,https://suumo.jp/chintai/jnc_000106398780/?bc=100500970338,適合
SUUMO 賃貸 境港市,清水町,賃貸アパート,賃貸カテゴリ（掲載種別）,鳥取県境港市清水町,3.7,40.5,,5,—,—,,—,賃貸のため対象外,,2026-07-24,,https://suumo.jp/chintai/jnc_000082587326/?bc=100514842500,適合
SUUMO 賃貸 境港市,境港市,賃貸マンション,賃貸カテゴリ（掲載種別）,鳥取県境港市渡町,4.25,51.8,,5,—,—,,—,賃貸のため対象外,,2026-07-24,,https://suumo.jp/chintai/jnc_000108196125/?bc=100513655132,適合
SUUMO 賃貸 境港市,境港市,賃貸マンション,賃貸カテゴリ（掲載種別）,鳥取県境港市渡町,4.55,51.8,,5,—,—,,—,賃貸のため対象外,,2026-07-24,,https://suumo.jp/chintai/jnc_000108187159/?bc=100509813663,適合
SUUMO 賃貸 境港市,境港市,賃貸マンション,賃貸カテゴリ（掲載種別）,鳥取県境港市渡町,4.25,51.8,,5,—,—,,—,賃貸のため対象外,,2026-07-24,,https://suumo.jp/chintai/jnc_000108205257/?bc=100513926933,適合
SUUMO 賃貸 境港市,境港市,賃貸マンション,賃貸カテゴリ（掲載種別）,鳥取県境港市渡町,4.55,51.8,,5,—,—,,—,賃貸のため対象外,,2026-07-24,,https://suumo.jp/chintai/jnc_000108205256/?bc=100509406395,適合
SUUMO 賃貸 境港市,境港市,賃貸アパート,賃貸カテゴリ（掲載種別）,鳥取県境港市三軒屋町,4.0,35.3,,5,—,—,,—,賃貸のため対象外,,2026-07-24,,https://suumo.jp/chintai/jnc_000047561717/?bc=100502954072,適合
SUUMO 賃貸 境港市,境港市,賃貸アパート,賃貸カテゴリ（掲載種別）,鳥取県境港市外江町,5.7,48.7,,5,—,—,,—,賃貸のため対象外,,2026-07-24,,https://suumo.jp/chintai/jnc_000092221250/?bc=100493639680,不適合
SUUMO 賃貸 境港市,境港市,賃貸アパート,賃貸カテゴリ（掲載種別）,鳥取県境港市夕日ヶ丘１,4.05,35.2,,5,—,—,,—,賃貸のため対象外,,2026-07-24,,https://suumo.jp/chintai/jnc_000105878480/?bc=100497824093,適合
SUUMO 賃貸 境港市,境港市,賃貸アパート,賃貸カテゴリ（掲載種別）,鳥取県境港市夕日ヶ丘１,4.05,35.2,,5,—,—,,—,賃貸のため対象外,,2026-07-24,,https://suumo.jp/chintai/jnc_000105980959/?bc=100497717542,適合
SUUMO 賃貸 境港市,境港市,賃貸マンション,賃貸カテゴリ（掲載種別）,鳥取県境港市誠道町,2.95,33.6,,5,—,—,,—,賃貸のため対象外,,2026-07-24,,https://suumo.jp/chintai/jnc_000107666690/?bc=100510473896,適合
SUUMO 賃貸 境港市,境港市,賃貸マンション,賃貸カテゴリ（掲載種別）,鳥取県境港市誠道町,2.96,33.6,,5,—,—,,—,賃貸のため対象外,,2026-07-24,,https://suumo.jp/chintai/jnc_000108550705/?bc=100517398467,適合
SUUMO 賃貸 境港市,境港市,賃貸マンション,賃貸カテゴリ（掲載種別）,鳥取県境港市誠道町,3.23,33.6,,5,—,—,,—,賃貸のため対象外,,2026-07-24,,https://suumo.jp/chintai/jnc_000108228446/?bc=100515065850,適合
SUUMO 賃貸 境港市,境港市,賃貸マンション,賃貸カテゴリ（掲載種別）,鳥取県境港市誠道町,3.15,33.6,,5,—,—,,—,賃貸のため対象外,,2026-07-24,,https://suumo.jp/chintai/jnc_000108068293/?bc=100513636066,適合
SUUMO 賃貸 境港市,境港市,賃貸マンション,賃貸カテゴリ（掲載種別）,鳥取県境港市誠道町,3.37,33.6,,5,—,—,,—,賃貸のため対象外,,2026-07-24,,https://suumo.jp/chintai/jnc_000104833246/?bc=100510285339,適合
SUUMO 賃貸 境港市,境港市,賃貸マンション,賃貸カテゴリ（掲載種別）,鳥取県境港市誠道町,2.95,33.6,,5,—,—,,—,賃貸のため対象外,,2026-07-24,,https://suumo.jp/chintai/jnc_000107653623/?bc=100510402881,適合
SUUMO 賃貸 境港市,境港市,賃貸マンション,賃貸カテゴリ（掲載種別）,鳥取県境港市誠道町,2.96,33.6,,5,—,—,,—,賃貸のため対象外,,2026-07-24,,https://suumo.jp/chintai/jnc_000108602266/?bc=100517434587,適合
SUUMO 賃貸 境港市,境港市,賃貸マンション,賃貸カテゴリ（掲載種別）,鳥取県境港市誠道町,3.23,33.6,,5,—,—,,—,賃貸のため対象外,,2026-07-24,,https://suumo.jp/chintai/jnc_000108237752/?bc=100515015373,適合
SUUMO 賃貸 境港市,境港市,賃貸マンション,賃貸カテゴリ（掲載種別）,鳥取県境港市誠道町,3.15,33.6,,5,—,—,,—,賃貸のため対象外,,2026-07-24,,https://suumo.jp/chintai/jnc_000108105108/?bc=100513926929,適合
SUUMO 賃貸 境港市,境港市,賃貸マンション,賃貸カテゴリ（掲載種別）,鳥取県境港市渡町,2.81,39.8,,5,—,—,,—,賃貸のため対象外,,2026-07-24,,https://suumo.jp/chintai/jnc_000108218682/?bc=100514654937,適合
SUUMO 賃貸 境港市,境港市,賃貸マンション,賃貸カテゴリ（掲載種別）,鳥取県境港市渡町,2.87,39.8,,5,—,—,,—,賃貸のため対象外,,2026-07-24,,https://suumo.jp/chintai/jnc_000108218680/?bc=100517778514,適合
SUUMO 賃貸 境港市,境港市,賃貸マンション,賃貸カテゴリ（掲載種別）,鳥取県境港市渡町,2.9,39.8,,5,—,—,,—,賃貸のため対象外,,2026-07-24,,https://suumo.jp/chintai/jnc_000108187162/?bc=100512665155,適合
SUUMO 賃貸 境港市,境港市,賃貸マンション,賃貸カテゴリ（掲載種別）,鳥取県境港市渡町,2.9,39.8,,5,—,—,,—,賃貸のため対象外,,2026-07-24,,https://suumo.jp/chintai/jnc_000108466458/?bc=100514654935,適合
SUUMO 賃貸 境港市,境港市,賃貸アパート,賃貸カテゴリ（掲載種別）,鳥取県境港市芝町,2.45,20.8,,5,—,—,,—,賃貸のため対象外,,2026-07-24,,https://suumo.jp/chintai/jnc_000102975700/?bc=100439524398,適合
SUUMO 賃貸 境港市,境港市,賃貸アパート,賃貸カテゴリ（掲載種別）,鳥取県境港市芝町,2.45,20.8,,5,—,—,,—,賃貸のため対象外,,2026-07-24,,https://suumo.jp/chintai/jnc_000103235971/?bc=100493287083,適合
SUUMO 賃貸 境港市,境港市,賃貸アパート,賃貸カテゴリ（掲載種別）,鳥取県境港市夕日ヶ丘１,2.9,20.8,,5,—,—,,—,賃貸のため対象外,,2026-07-24,,https://suumo.jp/chintai/jnc_000108413616/?bc=100516012587,適合
SUUMO 賃貸 境港市,境港市,賃貸アパート,賃貸カテゴリ（掲載種別）,鳥取県境港市元町,5.3,56.4,,5,—,—,,—,賃貸のため対象外,,2026-07-24,,https://suumo.jp/chintai/jnc_000099672262/?bc=100481316071,不適合
SUUMO 賃貸 境港市,境港市,賃貸アパート,賃貸カテゴリ（掲載種別）,鳥取県境港市元町,5.5,56.4,,5,—,—,,—,賃貸のため対象外,,2026-07-24,,https://suumo.jp/chintai/jnc_000106617557/?bc=100464030873,不適合
SUUMO 賃貸 境港市,境港市,賃貸アパート,賃貸カテゴリ（掲載種別）,鳥取県境港市芝町,4.5,53.0,,5,—,—,,—,賃貸のため対象外,,2026-07-24,,https://suumo.jp/chintai/jnc_000107642285/?bc=100510268749,適合
SUUMO 賃貸 境港市,境港市,賃貸戸建,賃貸カテゴリ（掲載種別）,鳥取県境港市竹内町,4.0,104.5,,5,—,—,,—,賃貸のため対象外,,2026-07-24,,https://suumo.jp/chintai/jnc_000107758784/?bc=100510251885,適合
SUUMO 賃貸 境港市,境港市,賃貸マンション,賃貸カテゴリ（掲載種別）,鳥取県境港市中野町,5.5,59.4,,5,—,—,,—,賃貸のため対象外,,2026-07-24,,https://suumo.jp/chintai/jnc_000088877735/?bc=100494819339,不適合
SUUMO 賃貸 境港市,境港市,賃貸アパート,賃貸カテゴリ（掲載種別）,鳥取県境港市夕日ヶ丘２,5.2,52.6,,5,—,—,,—,賃貸のため対象外,,2026-07-24,,https://suumo.jp/chintai/jnc_000108051423/?bc=100513458321,不適合
SUUMO 賃貸 境港市,境港市,賃貸戸建,賃貸カテゴリ（掲載種別）,鳥取県境港市外江町,7.2,70.1,,5,—,—,,—,賃貸のため対象外,,2026-07-24,,https://suumo.jp/chintai/jnc_000108413614/?bc=100515385790,不適合
SUUMO 賃貸 境港市,境港市,賃貸アパート,賃貸カテゴリ（掲載種別）,鳥取県境港市渡町,4.0,33.3,,5,—,—,,—,賃貸のため対象外,,2026-07-24,,https://suumo.jp/chintai/jnc_000086010264/?bc=100510268875,適合
SUUMO 賃貸 境港市,境港市,賃貸アパート,賃貸カテゴリ（掲載種別）,鳥取県境港市米川町,5.3,23.7,,5,—,—,,—,賃貸のため対象外,,2026-07-24,,https://suumo.jp/chintai/jnc_000108593580/?bc=100317435345,不適合
SUUMO 賃貸 境港市,境港市,賃貸アパート,賃貸カテゴリ（掲載種別）,鳥取県境港市米川町,5.6,26.1,,5,—,—,,—,賃貸のため対象外,,2026-07-24,,https://suumo.jp/chintai/jnc_000108307178/?bc=100464646363,不適合
SUUMO 賃貸 境港市,境港市,賃貸アパート,賃貸カテゴリ（掲載種別）,鳥取県境港市米川町,5.6,26.1,,5,—,—,,—,賃貸のため対象外,,2026-07-24,,https://suumo.jp/chintai/jnc_000108433986/?bc=100397211746,不適合
SUUMO 賃貸 境港市,境港市,賃貸アパート,賃貸カテゴリ（掲載種別）,鳥取県境港市米川町,5.6,26.1,,5,—,—,,—,賃貸のため対象外,,2026-07-24,,https://suumo.jp/chintai/jnc_000108593581/?bc=100271901678,不適合
SUUMO 賃貸 境港市,境港市,賃貸アパート,賃貸カテゴリ（掲載種別）,鳥取県境港市米川町,5.7,26.1,,5,—,—,,—,賃貸のため対象外,,2026-07-24,,https://suumo.jp/chintai/jnc_000108492224/?bc=100480312459,不適合
SUUMO 賃貸 境港市,境港市,賃貸アパート,賃貸カテゴリ（掲載種別）,鳥取県境港市竹内町,5.6,23.6,,5,—,—,,—,賃貸のため対象外,,2026-07-24,,https://suumo.jp/chintai/jnc_000108492223/?bc=100508685046,不適合
SUUMO 賃貸 境港市,境港市,賃貸アパート,賃貸カテゴリ（掲載種別）,鳥取県境港市竹内町,5.9,28.0,,5,—,—,,—,賃貸のため対象外,,2026-07-24,,https://suumo.jp/chintai/jnc_000108567054/?bc=100366990837,不適合
SUUMO 賃貸 境港市,境港市,賃貸アパート,賃貸カテゴリ（掲載種別）,鳥取県境港市竹内町,5.9,28.0,,5,—,—,,—,賃貸のため対象外,,2026-07-24,,https://suumo.jp/chintai/jnc_000108567055/?bc=100413436024,不適合
SUUMO 賃貸 境港市,境港市,賃貸アパート,賃貸カテゴリ（掲載種別）,鳥取県境港市竹内町,5.9,28.0,,5,—,—,,—,賃貸のため対象外,,2026-07-24,,https://suumo.jp/chintai/jnc_000108567056/?bc=100353550120,不適合
SUUMO 賃貸 境港市,境港市,賃貸アパート,賃貸カテゴリ（掲載種別）,鳥取県境港市末広町,5.5,23.6,,5,—,—,,—,賃貸のため対象外,,2026-07-24,,https://suumo.jp/chintai/jnc_000108567051/?bc=100516398921,不適合
SUUMO 賃貸 境港市,境港市,賃貸アパート,賃貸カテゴリ（掲載種別）,鳥取県境港市末広町,5.9,28.0,,5,—,—,,—,賃貸のため対象外,,2026-07-24,,https://suumo.jp/chintai/jnc_000108646223/?bc=100468736131,不適合
SUUMO 賃貸 境港市,境港市,賃貸アパート,賃貸カテゴリ（掲載種別）,鳥取県境港市末広町,5.9,28.0,,5,—,—,,—,賃貸のため対象外,,2026-07-24,,https://suumo.jp/chintai/jnc_000108567053/?bc=100495671202,不適合
SUUMO 賃貸 境港市,境港市,賃貸アパート,賃貸カテゴリ（掲載種別）,鳥取県境港市末広町,6.0,28.0,,5,—,—,,—,賃貸のため対象外,,2026-07-24,,https://suumo.jp/chintai/jnc_000108567052/?bc=100252787490,不適合
SUUMO 賃貸 境港市,境港市,賃貸マンション,賃貸カテゴリ（掲載種別）,鳥取県境港市日ノ出町,4.0,28.2,,5,—,—,,—,賃貸のため対象外,,2026-07-24,,https://suumo.jp/chintai/jnc_000090609555/?bc=100484736970,適合
SUUMO 賃貸 境港市,境港市,賃貸マンション,賃貸カテゴリ（掲載種別）,鳥取県境港市日ノ出町,4.0,28.2,,5,—,—,,—,賃貸のため対象外,,2026-07-24,,https://suumo.jp/chintai/jnc_000017384897/?bc=100446302497,適合
SUUMO 賃貸 境港市,境港市,賃貸戸建,賃貸カテゴリ（掲載種別）,鳥取県境港市上道町,6.3,69.6,,5,—,—,,—,賃貸のため対象外,,2026-07-24,,https://suumo.jp/chintai/jnc_000108610568/?bc=100178299027,不適合
SUUMO 賃貸 境港市,境港市,賃貸マンション,賃貸カテゴリ（掲載種別）,鳥取県境港市栄町,4.0,28.2,,5,—,—,,—,賃貸のため対象外,,2026-07-24,,https://suumo.jp/chintai/jnc_000095547947/?bc=100416122324,適合
SUUMO 賃貸 境港市,境港市,賃貸マンション,賃貸カテゴリ（掲載種別）,鳥取県境港市栄町,4.0,28.2,,5,—,—,,—,賃貸のため対象外,,2026-07-24,,https://suumo.jp/chintai/jnc_000077433075/?bc=100483315165,適合
SUUMO 賃貸 境港市,境港市,賃貸アパート,賃貸カテゴリ（掲載種別）,鳥取県境港市外江町,4.1,51.8,,5,—,—,,—,賃貸のため対象外,,2026-07-24,,https://suumo.jp/chintai/jnc_000108087254/?bc=100468959481,適合
SUUMO 賃貸 境港市,境港市,賃貸アパート,賃貸カテゴリ（掲載種別）,鳥取県境港市外江町,3.7,39.7,,5,—,—,,—,賃貸のため対象外,,2026-07-24,,https://suumo.jp/chintai/jnc_000039529784/?bc=100490559160,適合
SUUMO 賃貸 境港市,境港市,賃貸アパート,賃貸カテゴリ（掲載種別）,鳥取県境港市日ノ出町,3.1,35.0,,5,—,—,,—,賃貸のため対象外,,2026-07-24,,https://suumo.jp/chintai/jnc_000108610569/?bc=100483933826,適合
SUUMO 賃貸 境港市,境港市,賃貸アパート,賃貸カテゴリ（掲載種別）,鳥取県境港市相生町,2.5,17.0,,5,—,—,,—,賃貸のため対象外,,2026-07-24,,https://suumo.jp/chintai/jnc_000105127625/?bc=100490731246,適合
SUUMO 賃貸 境港市,境港市,賃貸アパート,賃貸カテゴリ（掲載種別）,鳥取県境港市相生町,3.2,33.1,,5,—,—,,—,賃貸のため対象外,,2026-07-24,,https://suumo.jp/chintai/jnc_000108098792/?bc=100446286175,適合
SUUMO 賃貸 境港市,境港市,賃貸アパート,賃貸カテゴリ（掲載種別）,鳥取県境港市相生町,3.5,35.9,,5,—,—,,—,賃貸のため対象外,,2026-07-24,,https://suumo.jp/chintai/jnc_000105127624/?bc=100490731244,適合
SUUMO 賃貸 境港市,境港市,賃貸アパート,賃貸カテゴリ（掲載種別）,鳥取県境港市米川町,3.2,21.1,,5,—,—,,—,賃貸のため対象外,,2026-07-24,,https://suumo.jp/chintai/jnc_000108610570/?bc=100217277024,適合
SUUMO 賃貸 境港市,境港市,賃貸マンション,賃貸カテゴリ（掲載種別）,鳥取県境港市上道町,2.38,17.7,,5,—,—,,—,賃貸のため対象外,,2026-07-24,,https://suumo.jp/chintai/jnc_000107213242/?bc=100506939932,適合
SUUMO 賃貸 境港市,境港市,賃貸マンション,賃貸カテゴリ（掲載種別）,鳥取県境港市上道町,2.38,17.7,,5,—,—,,—,賃貸のため対象外,,2026-07-24,,https://suumo.jp/chintai/jnc_000102291367/?bc=100468079488,適合
SUUMO 賃貸 境港市,境港市,賃貸マンション,賃貸カテゴリ（掲載種別）,鳥取県境港市上道町,2.38,17.7,,5,—,—,,—,賃貸のため対象外,,2026-07-24,,https://suumo.jp/chintai/jnc_000102737459/?bc=100471957793,適合
SUUMO 賃貸 境港市,境港市,賃貸マンション,賃貸カテゴリ（掲載種別）,鳥取県境港市上道町,2.38,17.7,,5,—,—,,—,賃貸のため対象外,,2026-07-24,,https://suumo.jp/chintai/jnc_000102229202/?bc=100467609523,適合
SUUMO 賃貸 境港市,境港市,賃貸マンション,賃貸カテゴリ（掲載種別）,鳥取県境港市上道町,2.38,17.7,,5,—,—,,—,賃貸のため対象外,,2026-07-24,,https://suumo.jp/chintai/jnc_000105428994/?bc=100476686116,適合
SUUMO 賃貸 境港市,境港市,賃貸マンション,賃貸カテゴリ（掲載種別）,鳥取県境港市上道町,2.38,17.7,,5,—,—,,—,賃貸のため対象外,,2026-07-24,,https://suumo.jp/chintai/jnc_000100470407/?bc=100451601983,適合
SUUMO 賃貸 境港市,境港市,賃貸マンション,賃貸カテゴリ（掲載種別）,鳥取県境港市上道町,2.38,17.7,,5,—,—,,—,賃貸のため対象外,,2026-07-24,,https://suumo.jp/chintai/jnc_000100467115/?bc=100451538848,適合
SUUMO 賃貸 境港市,境港市,賃貸マンション,賃貸カテゴリ（掲載種別）,鳥取県境港市上道町,2.38,17.7,,5,—,—,,—,賃貸のため対象外,,2026-07-24,,https://suumo.jp/chintai/jnc_000095313551/?bc=100493209294,適合
SUUMO 賃貸 境港市,境港市,賃貸マンション,賃貸カテゴリ（掲載種別）,鳥取県境港市上道町,2.38,17.7,,5,—,—,,—,賃貸のため対象外,,2026-07-24,,https://suumo.jp/chintai/jnc_000100470408/?bc=100451601980,適合
SUUMO 賃貸 境港市,境港市,賃貸マンション,賃貸カテゴリ（掲載種別）,鳥取県境港市上道町,2.38,17.7,,5,—,—,,—,賃貸のため対象外,,2026-07-24,,https://suumo.jp/chintai/jnc_000104505072/?bc=100486079900,適合
SUUMO 賃貸 境港市,境港市,賃貸マンション,賃貸カテゴリ（掲載種別）,鳥取県境港市上道町,2.38,17.7,,5,—,—,,—,賃貸のため対象外,,2026-07-24,,https://suumo.jp/chintai/jnc_000100467114/?bc=100451538847,適合
SUUMO 賃貸 境港市,境港市,賃貸マンション,賃貸カテゴリ（掲載種別）,鳥取県境港市上道町,2.38,17.7,,5,—,—,,—,賃貸のため対象外,,2026-07-24,,https://suumo.jp/chintai/jnc_000095313547/?bc=100502665725,適合
SUUMO 賃貸 境港市,境港市,賃貸アパート,賃貸カテゴリ（掲載種別）,鳥取県境港市花町,5.4,23.6,,5,—,—,,—,賃貸のため対象外,,2026-07-24,,https://suumo.jp/chintai/jnc_000108593575/?bc=100425383808,不適合
SUUMO 賃貸 境港市,境港市,賃貸アパート,賃貸カテゴリ（掲載種別）,鳥取県境港市花町,5.6,28.0,,5,—,—,,—,賃貸のため対象外,,2026-07-24,,https://suumo.jp/chintai/jnc_000108593576/?bc=100260191972,不適合
SUUMO 賃貸 境港市,境港市,賃貸アパート,賃貸カテゴリ（掲載種別）,鳥取県境港市花町,5.6,28.0,,5,—,—,,—,賃貸のため対象外,,2026-07-24,,https://suumo.jp/chintai/jnc_000108567057/?bc=100515666249,不適合
空き家バンクしずおか 三島市,三島市,空き家,掲載に空き家表記,"三島市青木381-16,15,14",1300,136.7,31.4,3000,田,市街化区域,,不明,接道・区分情報なし。建物ありだが現行法での再建築可否は役場で要確認,,2026-07-24,,https://akiya-bank.shizuoka.fudohsan.jp/%E7%89%A9%E4%BB%B6/172783/settle/1,不適合
空き家バンクしずおか 三島市,三島市,空き家,掲載に空き家表記,三島市若松町,1350,57.3,77.9,3000,田,—,,不明,接道・区分情報なし。建物ありだが現行法での再建築可否は役場で要確認,,2026-06-14,注意:管理費,https://akiya-bank.shizuoka.fudohsan.jp/%E7%89%A9%E4%BB%B6/172473/settle/1,不適合
空き家バンクしずおか 三島市,三島市,空き家,掲載に空き家表記,三島市長伏,1455,73.6,65.4,3000,田,—,,不明,接道・区分情報なし。建物ありだが現行法での再建築可否は役場で要確認,,2026-07-24,注意:管理費,https://akiya-bank.shizuoka.fudohsan.jp/%E7%89%A9%E4%BB%B6/175603/settle/1,不適合
空き家バンクしずおか 三島市,三島市,古家付き土地,土地＋古家/上物の表記,三島市萩,500,177.0,9.3,1500,宅地,市街化区域,,不明,接道・区分情報なし。建物ありだが現行法での再建築可否は役場で要確認,,2026-06-14,,https://akiya-bank.shizuoka.fudohsan.jp/%E7%89%A9%E4%BB%B6/165185/settle/1,不適合
空き家バンクしずおか 三島市,三島市,空き家,掲載に空き家表記,三島市富士ビレッジ,3380,121.2,92.2,3000,宅地,市街化区域,,不明,接道・区分情報なし。建物ありだが現行法での再建築可否は役場で要確認,,2026-07-22,,https://akiya-bank.shizuoka.fudohsan.jp/%E7%89%A9%E4%BB%B6/175543/settle/1,不適合
空き家バンクしずおか 三島市,三島市,空き家,掲載に空き家表記,三島市松が丘,2690,73.8,120.5,3000,田,—,,不明,接道・区分情報なし。建物ありだが現行法での再建築可否は役場で要確認,,2026-07-21,注意:管理費,https://akiya-bank.shizuoka.fudohsan.jp/%E7%89%A9%E4%BB%B6/175495/settle/1,不適合
空き家バンクしずおか 三島市,三島市,空き家,掲載に空き家表記,三島市加茂川町,2390,75.0,105.3,3000,田,—,,不明,接道・区分情報なし。建物ありだが現行法での再建築可否は役場で要確認,,2026-07-21,注意:管理費,https://akiya-bank.shizuoka.fudohsan.jp/%E7%89%A9%E4%BB%B6/175484/settle/1,不適合
空き家バンクしずおか 三島市,三島市,更地,土地カテゴリ（建物表記なし）,三島市徳倉１丁目,3698,151.1,80.9,1500,田,市街化区域,,△,市街化区域だが接道幅員が不明。新築可否は接道要確認,,2026-06-14,,https://akiya-bank.shizuoka.fudohsan.jp/%E7%89%A9%E4%BB%B6/172666/settle/1,不適合
空き家バンクしずおか 三島市,三島市,更地,土地カテゴリ（建物表記なし）,三島市泉町,5180,197.6,86.7,1500,田,市街化区域,,△,市街化区域だが接道幅員が不明。新築可否は接道要確認,,2026-06-14,,https://akiya-bank.shizuoka.fudohsan.jp/%E7%89%A9%E4%BB%B6/170325/settle/1,不適合
空き家バンクしずおか 三島市,三島市,更地,土地カテゴリ（建物表記なし）,三島市文教町２丁目,1800,170.1,35.0,1500,田,市街化区域,,△,市街化区域だが接道幅員が不明。新築可否は接道要確認,,2026-06-14,,https://akiya-bank.shizuoka.fudohsan.jp/%E7%89%A9%E4%BB%B6/156680/settle/1,不適合
空き家バンクしずおか 三島市,三島市,古家付き土地,土地＋古家/上物の表記,三島市旭ヶ丘,1480,166.7,29.3,1500,宅地,市街化区域,,不明,接道・区分情報なし。建物ありだが現行法での再建築可否は役場で要確認,,2026-06-14,,https://akiya-bank.shizuoka.fudohsan.jp/%E7%89%A9%E4%BB%B6/169641/settle/1,不適合
空き家バンクしずおか 三島市,三島市,更地,土地カテゴリ（建物表記なし）,三島市徳倉１丁目,4000,431.6,30.6,1500,田,市街化区域,,△,市街化区域だが接道幅員が不明。新築可否は接道要確認,,2026-06-14,,https://akiya-bank.shizuoka.fudohsan.jp/%E7%89%A9%E4%BB%B6/173838/settle/1,不適合
空き家バンクしずおか 三島市,三島市,更地,土地カテゴリ（建物表記なし）,三島市徳倉４丁目,1280,314.9,13.4,1500,田,市街化区域,,△,市街化区域だが接道幅員が不明。新築可否は接道要確認,,2026-06-14,,https://akiya-bank.shizuoka.fudohsan.jp/%E7%89%A9%E4%BB%B6/173520/settle/1,不適合
空き家バンクしずおか 三島市,三島市,古家付き土地,土地＋古家/上物の表記,三島市東本町１丁目,4980,264.5,62.2,1500,田,市街化区域,,不明,接道・区分情報なし。建物ありだが現行法での再建築可否は役場で要確認,,2026-07-16,,https://akiya-bank.shizuoka.fudohsan.jp/%E7%89%A9%E4%BB%B6/175311/settle/1,不適合
空き家バンクしずおか 三島市,三島市,空き家,掲載に空き家表記,三島市東本町１丁目,4980,264.5,62.2,3000,田,市街化区域,,不明,接道・区分情報なし。建物ありだが現行法での再建築可否は役場で要確認,,2026-07-16,,https://akiya-bank.shizuoka.fudohsan.jp/%E7%89%A9%E4%BB%B6/175310/settle/1,不適合
空き家バンクしずおか 三島市,三島市,更地,土地カテゴリ（建物表記なし）,三島市若松町4298-7,880,106.4,27.3,1500,宅地,市街化区域,,△,市街化区域だが接道幅員が不明。新築可否は接道要確認,,2026-07-16,,https://akiya-bank.shizuoka.fudohsan.jp/%E7%89%A9%E4%BB%B6/175308/settle/1,不適合
空き家バンクしずおか 三島市,三島市,更地,土地カテゴリ（建物表記なし）,三島市谷田1159-297,3500,490.1,23.6,1500,宅地,市街化区域,,△,市街化区域だが接道幅員が不明。新築可否は接道要確認,,2026-06-14,,https://akiya-bank.shizuoka.fudohsan.jp/%E7%89%A9%E4%BB%B6/171724/settle/1,不適合
空き家バンクしずおか 三島市,三島市,空き家,掲載に空き家表記,三島市若松町4624-1,1850,101.6,60.2,3000,宅地,—,,不明,接道・区分情報なし。建物ありだが現行法での再建築可否は役場で要確認,,2026-06-14,注意:管理費,https://akiya-bank.shizuoka.fudohsan.jp/%E7%89%A9%E4%BB%B6/165606/settle/1,不適合
空き家バンクしずおか 三島市,三島市,更地,土地カテゴリ（建物表記なし）,三島市東本町２丁目,3880,103.7,123.7,1500,田,市街化区域,,△,市街化区域だが接道幅員が不明。新築可否は接道要確認,,2026-06-14,,https://akiya-bank.shizuoka.fudohsan.jp/%E7%89%A9%E4%BB%B6/122539/settle/1,不適合
空き家バンクしずおか 三島市,三島市,更地,土地カテゴリ（建物表記なし）,三島市大場246-18,1990,172.4,38.2,1500,田,市街化区域,,△,市街化区域だが接道幅員が不明。新築可否は接道要確認,,2026-06-14,,https://akiya-bank.shizuoka.fudohsan.jp/%E7%89%A9%E4%BB%B6/168503/settle/1,不適合
空き家バンクしずおか 三島市,三島市,古家付き土地,土地＋古家/上物の表記,三島市幸原町２丁目,1980,103.0,63.5,1500,田,市街化区域,,不明,接道・区分情報なし。建物ありだが現行法での再建築可否は役場で要確認,,2026-07-09,,https://akiya-bank.shizuoka.fudohsan.jp/%E7%89%A9%E4%BB%B6/156884/settle/1,不適合
空き家バンクしずおか 三島市,三島市,古家付き土地,土地＋古家/上物の表記,三島市大場,1050,286.8,12.1,1500,田,市街化調整区域,,△,調整区域の建替えは既存宅地要件等の確認が必要＝本命候補,,2026-06-14,関心:調整区域/無指定,https://akiya-bank.shizuoka.fudohsan.jp/%E7%89%A9%E4%BB%B6/139588/settle/1,不適合
空き家バンクしずおか 三島市,三島市,更地,土地カテゴリ（建物表記なし）,三島市梅名608-4,8500,617.9,45.5,1500,宅地,市街化調整区域,,△,市街化調整区域は原則新築不可・許可要件次第＝本命候補,,2026-06-14,関心:調整区域,https://akiya-bank.shizuoka.fudohsan.jp/%E7%89%A9%E4%BB%B6/143019/settle/1,不適合
空き家バンクしずおか 三島市,三島市,古家付き土地,土地＋古家/上物の表記,三島市萩571,750,177.0,14.0,1500,宅地,市街化区域,,不明,接道・区分情報なし。建物ありだが現行法での再建築可否は役場で要確認,,2026-06-14,,https://akiya-bank.shizuoka.fudohsan.jp/%E7%89%A9%E4%BB%B6/148264/settle/1,不適合
空き家バンクしずおか 三島市,三島市,更地,土地カテゴリ（建物表記なし）,三島市佐野見晴台１丁目1-1,3800,680.5,18.5,1500,田,市街化調整区域,,△,市街化調整区域は原則新築不可・許可要件次第＝本命候補,,2026-06-14,関心:調整区域/無指定,https://akiya-bank.shizuoka.fudohsan.jp/%E7%89%A9%E4%BB%B6/56082/settle/1,不適合
空き家バンクしずおか 三島市,三島市,空き家,掲載に空き家表記,三島市藤代町3-8,2880,106.6,89.3,3000,田,市街化区域,,不明,接道・区分情報なし。建物ありだが現行法での再建築可否は役場で要確認,,2026-07-06,,https://akiya-bank.shizuoka.fudohsan.jp/%E7%89%A9%E4%BB%B6/174999/settle/1,不適合
空き家バンクしずおか 三島市,三島市,空き家,掲載に空き家表記,三島市東町7-34,1780,120.5,48.8,3000,田,市街化区域,,不明,接道・区分情報なし。建物ありだが現行法での再建築可否は役場で要確認,,2026-07-04,,https://akiya-bank.shizuoka.fudohsan.jp/%E7%89%A9%E4%BB%B6/174903/settle/1,不適合
空き家バンクしずおか 三島市,三島市,更地,土地カテゴリ（建物表記なし）,三島市大場,880,463.4,6.3,1500,田,市街化調整区域,,△,市街化調整区域は原則新築不可・許可要件次第＝本命候補,,2026-06-14,関心:調整区域/無指定,https://akiya-bank.shizuoka.fudohsan.jp/%E7%89%A9%E4%BB%B6/169694/settle/1,適合
空き家バンクしずおか 三島市,三島市,空き家,掲載に空き家表記,三島市川原ケ谷,750,129.6,19.1,3000,田,市街化調整区域,,△,調整区域の建替えは既存宅地要件等の確認が必要＝本命候補,,2026-06-14,関心:調整区域/無指定,https://akiya-bank.shizuoka.fudohsan.jp/%E7%89%A9%E4%BB%B6/167349/settle/1,不適合
空き家バンクしずおか 三島市,三島市,更地,土地カテゴリ（建物表記なし）,三島市芙蓉台１丁目,900,225.0,13.2,1500,宅地,市街化区域,,△,市街化区域だが接道幅員が不明。新築可否は接道要確認,,2026-06-14,,https://akiya-bank.shizuoka.fudohsan.jp/%E7%89%A9%E4%BB%B6/171928/settle/1,不適合
空き家バンクしずおか 三島市,三島市,更地,土地カテゴリ（建物表記なし）,三島市徳倉４丁目20-28,780,110.2,23.4,1500,田,市街化区域,,△,市街化区域だが接道幅員が不明。新築可否は接道要確認,,2026-06-14,,https://akiya-bank.shizuoka.fudohsan.jp/%E7%89%A9%E4%BB%B6/145097/settle/1,不適合
空き家バンクしずおか 三島市,三島市,空き家,掲載に空き家表記,三島市南二日町,1698,167.8,33.5,3000,田,市街化区域,,不明,接道・区分情報なし。建物ありだが現行法での再建築可否は役場で要確認,,2026-06-27,,https://akiya-bank.shizuoka.fudohsan.jp/%E7%89%A9%E4%BB%B6/174695/settle/1,不適合
空き家バンクしずおか 三島市,三島市,古家付き土地,土地＋古家/上物の表記,三島市若松町4402-1,11000,2855.2,12.7,1500,宅地,市街化区域,,不明,接道・区分情報なし。建物ありだが現行法での再建築可否は役場で要確認,,2026-06-14,,https://akiya-bank.shizuoka.fudohsan.jp/%E7%89%A9%E4%BB%B6/125787/settle/1,不適合
空き家バンクしずおか 三島市,三島市,更地,土地カテゴリ（建物表記なし）,三島市谷田1159-7,1580,243.5,21.5,1500,宅地,市街化区域,,△,市街化区域だが接道幅員が不明。新築可否は接道要確認,,2026-06-14,,https://akiya-bank.shizuoka.fudohsan.jp/%E7%89%A9%E4%BB%B6/163946/settle/1,不適合
空き家バンクしずおか 三島市,三島市,更地,土地カテゴリ（建物表記なし）,三島市中,5480,311.1,58.2,1500,田,市街化調整区域,,△,市街化調整区域は原則新築不可・許可要件次第＝本命候補,,2026-06-14,関心:調整区域/無指定,https://akiya-bank.shizuoka.fudohsan.jp/%E7%89%A9%E4%BB%B6/171479/settle/1,不適合
空き家バンクしずおか 三島市,三島市,更地,土地カテゴリ（建物表記なし）,三島市徳倉747-123,300,585.0,1.7,1500,宅地,市街化区域,,△,市街化区域だが接道幅員が不明。新築可否は接道要確認,,2026-06-14,,https://akiya-bank.shizuoka.fudohsan.jp/%E7%89%A9%E4%BB%B6/166629/settle/1,適合
空き家バンクしずおか 三島市,三島市,古家付き土地,土地＋古家/上物の表記,三島市芙蓉台１丁目7-2,1280,231.4,18.3,1500,宅地,市街化区域,,不明,接道・区分情報なし。建物ありだが現行法での再建築可否は役場で要確認,,2026-06-14,,https://akiya-bank.shizuoka.fudohsan.jp/%E7%89%A9%E4%BB%B6/99913/settle/1,不適合
空き家バンクしずおか 三島市,三島市,更地,土地カテゴリ（建物表記なし）,三島市谷田,480,104.1,15.2,1500,宅地,市街化区域,,△,市街化区域だが接道幅員が不明。新築可否は接道要確認,,2026-06-14,,https://akiya-bank.shizuoka.fudohsan.jp/%E7%89%A9%E4%BB%B6/171025/settle/1,不適合
空き家バンクしずおか 三島市,三島市,更地,土地カテゴリ（建物表記なし）,三島市大場1086-314,400,305.0,4.3,1500,田,市街化調整区域,,△,市街化調整区域は原則新築不可・許可要件次第＝本命候補,,2026-06-14,関心:調整区域/無指定,https://akiya-bank.shizuoka.fudohsan.jp/%E7%89%A9%E4%BB%B6/114936/settle/1,不適合
空き家バンクしずおか 三島市,三島市,更地,土地カテゴリ（建物表記なし）,三島市谷田1345-50,1500,299.1,16.6,1500,田,市街化区域,,△,市街化区域だが接道幅員が不明。新築可否は接道要確認,,2026-06-14,,https://akiya-bank.shizuoka.fudohsan.jp/%E7%89%A9%E4%BB%B6/93876/settle/1,不適合
空き家バンクしずおか 三島市,三島市,空き家,掲載に空き家表記,三島市芙蓉台２丁目6-7,2490,396.1,20.8,3000,宅地,市街化区域,,不明,接道・区分情報なし。建物ありだが現行法での再建築可否は役場で要確認,,2026-06-14,,https://akiya-bank.shizuoka.fudohsan.jp/%E7%89%A9%E4%BB%B6/144606/settle/1,適合
空き家バンクしずおか 三島市,三島市,空き家,掲載に空き家表記,三島市南二日町27-20,2280,63.1,119.4,3000,田,—,,不明,接道・区分情報なし。建物ありだが現行法での再建築可否は役場で要確認,,2026-06-14,注意:管理費,https://akiya-bank.shizuoka.fudohsan.jp/%E7%89%A9%E4%BB%B6/173544/settle/1,不適合
空き家バンクしずおか 三島市,三島市,更地,土地カテゴリ（建物表記なし）,三島市谷田251-17,1530,142.4,35.5,1500,宅地,市街化区域,,△,市街化区域だが接道幅員が不明。新築可否は接道要確認,,2026-06-14,,https://akiya-bank.shizuoka.fudohsan.jp/%E7%89%A9%E4%BB%B6/154213/settle/1,不適合
空き家バンクしずおか 三島市,三島市,古家付き土地,土地＋古家/上物の表記,三島市徳倉３丁目500－3,780,200.0,12.9,1500,田,市街化調整区域,,△,調整区域の建替えは既存宅地要件等の確認が必要＝本命候補,,2026-06-14,関心:調整区域/無指定,https://akiya-bank.shizuoka.fudohsan.jp/%E7%89%A9%E4%BB%B6/133995/settle/1,不適合
空き家バンクしずおか 三島市,三島市,更地,土地カテゴリ（建物表記なし）,三島市御園,3480,220.2,52.2,1500,田,市街化調整区域,,△,市街化調整区域は原則新築不可・許可要件次第＝本命候補,,2026-06-17,関心:調整区域/無指定,https://akiya-bank.shizuoka.fudohsan.jp/%E7%89%A9%E4%BB%B6/160683/settle/1,不適合
空き家バンクしずおか 三島市,三島市,更地,土地カテゴリ（建物表記なし）,三島市大場,1280,106.6,39.7,1500,田,市街化区域,,△,市街化区域だが接道幅員が不明。新築可否は接道要確認,,2026-06-17,,https://akiya-bank.shizuoka.fudohsan.jp/%E7%89%A9%E4%BB%B6/164209/settle/1,不適合
空き家バンクしずおか 三島市,三島市,更地,土地カテゴリ（建物表記なし）,三島市徳倉２丁目,1300,203.0,21.2,1500,田,市街化区域,,△,市街化区域だが接道幅員が不明。新築可否は接道要確認,,2026-06-17,,https://akiya-bank.shizuoka.fudohsan.jp/%E7%89%A9%E4%BB%B6/162576/settle/1,不適合
SUUMO 土地 駿東郡（清水/長泉）,清水町,更地,土地カテゴリ（建物表記なし）,静岡県駿東郡清水町伏見字堂之口850-1他,2780,151.2,60.8,1500,田,—,,不明,接道・区分情報なし、詳細/役場で要確認,,2026-06-17,,https://suumo.jp/tochi/shizuoka/sc_suntogun/nc_20479666/,不適合
SUUMO 土地 駿東郡（清水/長泉）,長泉町,更地,土地カテゴリ（建物表記なし）,静岡県駿東郡長泉町上土狩字上向395番4外,2403,141.9,56.0,1500,—,—,,不明,接道・区分情報なし、詳細/役場で要確認,,2026-06-17,,https://suumo.jp/tochi/shizuoka/sc_suntogun/nc_78453284/,不適合
SUUMO 土地 駿東郡（清水/長泉）,長泉町,更地,土地カテゴリ（建物表記なし）,静岡県駿東郡長泉町納米里字下屋敷添234-7、234-4、234-5、234-8、234-10,2480,145.4,56.4,1500,—,—,,不明,接道・区分情報なし、詳細/役場で要確認,,2026-06-17,,https://suumo.jp/tochi/shizuoka/sc_suntogun/nc_76592995/,不適合
SUUMO 土地 駿東郡（清水/長泉）,長泉町,更地,土地カテゴリ（建物表記なし）,静岡県駿東郡長泉町納米里字西耕地276番4,2680,165.5,53.5,1500,—,—,,不明,接道・区分情報なし、詳細/役場で要確認,,2026-06-17,,https://suumo.jp/tochi/shizuoka/sc_suntogun/nc_79044394/,不適合
SUUMO 土地 駿東郡（清水/長泉）,長泉町,更地,土地カテゴリ（建物表記なし）,静岡県駿東郡長泉町下土狩字荻素950-5、950-13、950-31、950-32,3180,176.3,59.6,1500,—,—,,不明,接道・区分情報なし、詳細/役場で要確認,,2026-06-17,,https://suumo.jp/tochi/shizuoka/sc_suntogun/nc_78909887/,不適合
SUUMO 土地 駿東郡（清水/長泉）,長泉町,更地,土地カテゴリ（建物表記なし）,静岡県駿東郡長泉町下土狩字焼原891-5、891-25,5980,311.4,63.5,1500,—,—,,不明,接道・区分情報なし、詳細/役場で要確認,,2026-06-17,,https://suumo.jp/tochi/shizuoka/sc_suntogun/nc_76475811/,不適合
SUUMO 土地 駿東郡（清水/長泉）,長泉町,更地,土地カテゴリ（建物表記なし）,静岡県駿東郡長泉町下土狩字宮脇476番9,5980,275.1,71.9,1500,—,—,,不明,接道・区分情報なし、詳細/役場で要確認,,2026-06-17,,https://suumo.jp/tochi/shizuoka/sc_suntogun/nc_74660221/,不適合
SUUMO 土地 駿東郡（清水/長泉）,長泉町,更地,土地カテゴリ（建物表記なし）,静岡県駿東郡長泉町上長窪,1380,155.0,29.4,1500,—,—,,不明,接道・区分情報なし、詳細/役場で要確認,,2026-06-17,,https://suumo.jp/tochi/shizuoka/sc_suntogun/nc_78719754/,不適合
SUUMO 土地 駿東郡（清水/長泉）,長泉町,更地,土地カテゴリ（建物表記なし）,静岡県駿東郡長泉町下土狩,2980,169.8,58.0,1500,—,—,,不明,接道・区分情報なし、詳細/役場で要確認,,2026-06-17,,https://suumo.jp/tochi/shizuoka/sc_suntogun/nc_20445599/,不適合
SUUMO 土地 駿東郡（清水/長泉）,清水町,更地,土地カテゴリ（建物表記なし）,静岡県駿東郡清水町長沢,700,83.9,27.6,1500,—,—,,不明,接道・区分情報なし、詳細/役場で要確認,,2026-06-17,,https://suumo.jp/tochi/shizuoka/sc_suntogun/nc_77344884/,不適合
SUUMO 土地 駿東郡（清水/長泉）,長泉町,更地,土地カテゴリ（建物表記なし）,静岡県駿東郡長泉町竹原179-20,800,91.5,28.9,1500,—,—,,不明,接道・区分情報なし、詳細/役場で要確認,,2026-06-17,,https://suumo.jp/tochi/shizuoka/sc_suntogun/nc_94285170/,不適合
SUUMO 土地 駿東郡（清水/長泉）,長泉町,更地,土地カテゴリ（建物表記なし）,静岡県駿東郡長泉町竹原,800,70.5,37.5,1500,田,—,,不明,接道・区分情報なし、詳細/役場で要確認,,2026-06-17,,https://suumo.jp/tochi/shizuoka/sc_suntogun/nc_79047271/,不適合
SUUMO 土地 駿東郡（清水/長泉）,長泉町,更地,土地カテゴリ（建物表記なし）,静岡県駿東郡長泉町竹原,800,91.5,28.9,1500,—,—,,不明,接道・区分情報なし、詳細/役場で要確認,,2026-06-17,,https://suumo.jp/tochi/shizuoka/sc_suntogun/nc_20635006/,不適合
SUUMO 土地 駿東郡（清水/長泉）,清水町,更地,土地カテゴリ（建物表記なし）,静岡県駿東郡清水町徳倉,1050,183.0,19.0,1500,—,—,,不明,接道・区分情報なし、詳細/役場で要確認,,2026-06-21,,https://suumo.jp/tochi/shizuoka/sc_suntogun/nc_76677460/,不適合
SUUMO 土地 駿東郡（清水/長泉）,長泉町,更地,土地カテゴリ（建物表記なし）,静岡県駿東郡長泉町東野,1100,1272.2,2.9,1500,宅地,—,,不明,接道・区分情報なし、詳細/役場で要確認,,2026-06-17,,https://suumo.jp/tochi/shizuoka/sc_suntogun/nc_79215406/,適合
SUUMO 土地 駿東郡（清水/長泉）,清水町,更地,土地カテゴリ（建物表記なし）,静岡県駿東郡清水町徳倉,1200,140.0,28.3,1500,—,—,,不明,接道・区分情報なし、詳細/役場で要確認,,2026-07-13,,https://suumo.jp/tochi/shizuoka/sc_suntogun/nc_20103659/,不適合
SUUMO 土地 駿東郡（清水/長泉）,清水町,更地,土地カテゴリ（建物表記なし）,静岡県駿東郡清水町徳倉854,1280,189.8,22.3,1500,—,—,,不明,接道・区分情報なし、詳細/役場で要確認,,2026-06-17,,https://suumo.jp/tochi/shizuoka/sc_suntogun/nc_77548585/,不適合
SUUMO 土地 駿東郡（清水/長泉）,清水町,更地,土地カテゴリ（建物表記なし）,静岡県駿東郡清水町徳倉,1390,254.0,18.1,1500,—,—,,不明,接道・区分情報なし、詳細/役場で要確認,,2026-06-17,,https://suumo.jp/tochi/shizuoka/sc_suntogun/nc_78716183/,不適合
SUUMO 土地 駿東郡（清水/長泉）,清水町,更地,土地カテゴリ（建物表記なし）,静岡県駿東郡清水町長沢,1400,160.2,28.9,1500,—,—,,不明,接道・区分情報なし、詳細/役場で要確認,,2026-06-17,,https://suumo.jp/tochi/shizuoka/sc_suntogun/nc_74409114/,不適合
SUUMO 土地 駿東郡（清水/長泉）,長泉町,更地,土地カテゴリ（建物表記なし）,静岡県駿東郡長泉町本宿642-1,1580,278.2,18.8,1500,—,—,,不明,接道・区分情報なし、詳細/役場で要確認,,2026-07-21,,https://suumo.jp/tochi/shizuoka/sc_suntogun/nc_21334346/,不適合
SUUMO 土地 駿東郡（清水/長泉）,清水町,更地,土地カテゴリ（建物表記なし）,静岡県駿東郡清水町徳倉,1580,367.5,14.2,1500,田,—,,不明,接道・区分情報なし、詳細/役場で要確認,,2026-07-09,,https://suumo.jp/tochi/shizuoka/sc_suntogun/nc_21249269/,不適合
SUUMO 土地 駿東郡（清水/長泉）,清水町,更地,土地カテゴリ（建物表記なし）,静岡県駿東郡清水町長沢,1600,160.6,32.9,1500,—,—,,不明,接道・区分情報なし、詳細/役場で要確認,,2026-06-17,,https://suumo.jp/tochi/shizuoka/sc_suntogun/nc_20699654/,不適合
SUUMO 土地 駿東郡（清水/長泉）,清水町,更地,土地カテゴリ（建物表記なし）,静岡県駿東郡清水町長沢,1680,185.3,30.0,1500,—,—,,不明,接道・区分情報なし、詳細/役場で要確認,,2026-06-17,,https://suumo.jp/tochi/shizuoka/sc_suntogun/nc_20582088/,不適合
SUUMO 土地 駿東郡（清水/長泉）,清水町,更地,土地カテゴリ（建物表記なし）,静岡県駿東郡清水町徳倉,1700,394.3,14.3,1500,—,—,,不明,接道・区分情報なし、詳細/役場で要確認,,2026-06-17,,https://suumo.jp/tochi/shizuoka/sc_suntogun/nc_75450316/,不適合
SUUMO 土地 駿東郡（清水/長泉）,清水町,更地,土地カテゴリ（建物表記なし）,静岡県駿東郡清水町柿田,1780,247.2,23.8,1500,田,—,,不明,接道・区分情報なし、詳細/役場で要確認,,2026-06-17,,https://suumo.jp/tochi/shizuoka/sc_suntogun/nc_20069626/,不適合
SUUMO 土地 駿東郡（清水/長泉）,清水町,更地,土地カテゴリ（建物表記なし）,静岡県駿東郡清水町湯川,1840,143.5,42.4,1500,—,—,,不明,接道・区分情報なし、詳細/役場で要確認,,2026-06-17,,https://suumo.jp/tochi/shizuoka/sc_suntogun/nc_20847413/,不適合
SUUMO 土地 駿東郡（清水/長泉）,長泉町,更地,土地カテゴリ（建物表記なし）,静岡県駿東郡長泉町下土狩,1980,103.3,63.4,1500,—,—,,不明,接道・区分情報なし、詳細/役場で要確認,,2026-06-25,,https://suumo.jp/tochi/shizuoka/sc_suntogun/nc_21139529/,不適合
SUUMO 土地 駿東郡（清水/長泉）,清水町,更地,土地カテゴリ（建物表記なし）,静岡県駿東郡清水町徳倉,1980,567.1,11.5,1500,—,—,,不明,接道・区分情報なし、詳細/役場で要確認,,2026-06-17,,https://suumo.jp/tochi/shizuoka/sc_suntogun/nc_20864087/,不適合
SUUMO 土地 駿東郡（清水/長泉）,清水町,更地,土地カテゴリ（建物表記なし）,静岡県駿東郡清水町玉川,1980,165.3,39.6,1500,—,—,,不明,接道・区分情報なし、詳細/役場で要確認,,2026-06-17,,https://suumo.jp/tochi/shizuoka/sc_suntogun/nc_78282556/,不適合
SUUMO 土地 駿東郡（清水/長泉）,長泉町,更地,土地カテゴリ（建物表記なし）,静岡県駿東郡長泉町中土狩,1990,169.6,38.8,1500,—,—,,不明,接道・区分情報なし、詳細/役場で要確認,,2026-07-23,,https://suumo.jp/tochi/shizuoka/sc_suntogun/nc_21346174/,不適合
SUUMO 土地 駿東郡（清水/長泉）,清水町,更地,土地カテゴリ（建物表記なし）,静岡県駿東郡清水町徳倉,2200,337.0,21.6,1500,—,—,,不明,接道・区分情報なし、詳細/役場で要確認,,2026-06-17,,https://suumo.jp/tochi/shizuoka/sc_suntogun/nc_75886069/,不適合
SUUMO 土地 駿東郡（清水/長泉）,長泉町,更地,土地カテゴリ（建物表記なし）,静岡県駿東郡長泉町南一色,2200,181.0,40.2,1500,—,—,,不明,接道・区分情報なし、詳細/役場で要確認,,2026-06-17,,https://suumo.jp/tochi/shizuoka/sc_suntogun/nc_78818854/,不適合
SUUMO 土地 駿東郡（清水/長泉）,清水町,更地,土地カテゴリ（建物表記なし）,静岡県駿東郡清水町堂庭字大宿54-1他,2680,165.6,53.5,1500,—,—,,不明,接道・区分情報なし、詳細/役場で要確認,,2026-06-17,,https://suumo.jp/tochi/shizuoka/sc_suntogun/nc_78760593/,不適合
SUUMO 土地 駿東郡（清水/長泉）,長泉町,更地,土地カテゴリ（建物表記なし）,静岡県駿東郡長泉町下長窪,2790,182.0,50.7,1500,—,—,,不明,接道・区分情報なし、詳細/役場で要確認,,2026-06-17,,https://suumo.jp/tochi/shizuoka/sc_suntogun/nc_79192212/,不適合
SUUMO 土地 駿東郡（清水/長泉）,長泉町,更地,土地カテゴリ（建物表記なし）,静岡県駿東郡長泉町下長窪,2850,173.5,54.3,1500,—,—,,不明,接道・区分情報なし、詳細/役場で要確認,,2026-06-17,,https://suumo.jp/tochi/shizuoka/sc_suntogun/nc_20700854/,不適合
SUUMO 土地 駿東郡（清水/長泉）,清水町,更地,土地カテゴリ（建物表記なし）,静岡県駿東郡清水町徳倉,3150,330.0,31.6,1500,—,—,,不明,接道・区分情報なし、詳細/役場で要確認,,2026-06-17,,https://suumo.jp/tochi/shizuoka/sc_suntogun/nc_20125614/,不適合
SUUMO 土地 駿東郡（清水/長泉）,長泉町,更地,土地カテゴリ（建物表記なし）,静岡県駿東郡長泉町桜堤３,3290,180.9,60.1,1500,—,—,,不明,接道・区分情報なし、詳細/役場で要確認,,2026-06-17,,https://suumo.jp/tochi/shizuoka/sc_suntogun/nc_20069912/,不適合
SUUMO 土地 駿東郡（清水/長泉）,長泉町,更地,土地カテゴリ（建物表記なし）,静岡県駿東郡長泉町下土狩1048-2、1048-24,3400,225.0,50.0,1500,—,—,,不明,接道・区分情報なし、詳細/役場で要確認,,2026-06-17,,https://suumo.jp/tochi/shizuoka/sc_suntogun/nc_20634919/,不適合
SUUMO 土地 駿東郡（清水/長泉）,長泉町,更地,土地カテゴリ（建物表記なし）,静岡県駿東郡長泉町桜堤３,3580,187.1,63.3,1500,—,—,,不明,接道・区分情報なし、詳細/役場で要確認,,2026-06-17,,https://suumo.jp/tochi/shizuoka/sc_suntogun/nc_20069918/,不適合
SUUMO 土地 駿東郡（清水/長泉）,長泉町,更地,土地カテゴリ（建物表記なし）,静岡県駿東郡長泉町桜堤３,3580,187.2,63.2,1500,—,—,,不明,接道・区分情報なし、詳細/役場で要確認,,2026-06-17,,https://suumo.jp/tochi/shizuoka/sc_suntogun/nc_20069865/,不適合
SUUMO 土地 駿東郡（清水/長泉）,長泉町,更地,土地カテゴリ（建物表記なし）,静岡県駿東郡長泉町東野,3900,846.6,15.2,1500,—,—,,不明,接道・区分情報なし、詳細/役場で要確認,,2026-07-20,,https://suumo.jp/tochi/shizuoka/sc_suntogun/nc_21332066/,不適合
SUUMO 土地 駿東郡（清水/長泉）,長泉町,更地,土地カテゴリ（建物表記なし）,静岡県駿東郡長泉町東野,4180,1678.2,8.2,1500,—,—,,不明,接道・区分情報なし、詳細/役場で要確認,,2026-06-17,,https://suumo.jp/tochi/shizuoka/sc_suntogun/nc_75329167/,不適合
SUUMO 土地 駿東郡（清水/長泉）,清水町,更地,土地カテゴリ（建物表記なし）,静岡県駿東郡清水町伏見756-1,11500,957.5,39.7,1500,田,—,,不明,接道・区分情報なし、詳細/役場で要確認,,2026-07-03,,https://suumo.jp/tochi/shizuoka/sc_suntogun/nc_21202260/,不適合
LIFULL 中古戸建 沼津市,沼津市,空き家,掲載に空き家表記,沼津市原　分譲住宅　1号棟,2590,153.7,55.7,3000,—,—,,不明,接道・区分情報なし。建物ありだが現行法での再建築可否は役場で要確認,,2026-07-24,,https://www.homes.co.jp/kodate/b-1475010001839/,不適合
LIFULL 中古戸建 沼津市,沼津市,空き家,掲載に空き家表記,新築戸建　沼津市寿町,2780,128.3,71.6,3000,田,—,,不明,接道・区分情報なし。建物ありだが現行法での再建築可否は役場で要確認,,2026-07-24,,https://www.homes.co.jp/kodate/b-1556780000005/,不適合
LIFULL 中古戸建 沼津市,沼津市,空き家,掲載に空き家表記,新築戸建　沼津市原II　Ａ棟,2780,130.0,70.7,3000,—,—,,不明,接道・区分情報なし。建物ありだが現行法での再建築可否は役場で要確認,,2026-07-24,,https://www.homes.co.jp/kodate/b-1556780000007/,不適合
LIFULL 中古戸建 沼津市,,中古戸建,中古戸建/住宅カテゴリ,JR御殿場線 下土狩駅 徒歩12分,3550,171.7,68.3,3000,—,—,,不明,接道・区分情報なし。建物ありだが現行法での再建築可否は役場で要確認,,2026-07-24,,https://www.homes.co.jp/kodate/b-1529140000507/,不適合
LIFULL 中古戸建 沼津市,沼津市,中古戸建,中古戸建/住宅カテゴリ,沼津市高尾台中古戸建,2700,155.2,57.5,3000,宅地,—,,不明,接道・区分情報なし。建物ありだが現行法での再建築可否は役場で要確認,,2026-07-24,,https://www.homes.co.jp/kodate/b-89420000415/,不適合
LIFULL 中古戸建 沼津市,沼津市,空き家,掲載に空き家表記,沼津市大岡　分譲住宅　西棟,3450,162.6,70.1,3000,—,—,,不明,接道・区分情報なし。建物ありだが現行法での再建築可否は役場で要確認,,2026-07-24,,https://www.homes.co.jp/kodate/b-1475010001571/,不適合
LIFULL 中古戸建 沼津市,,中古戸建,中古戸建/住宅カテゴリ,JR御殿場線 大岡駅 徒歩32分,2080,153.9,44.7,3000,—,—,,不明,接道・区分情報なし。建物ありだが現行法での再建築可否は役場で要確認,,2026-07-24,,https://www.homes.co.jp/kodate/b-1500050000672/,不適合
LIFULL 中古戸建 沼津市,沼津市,中古戸建,中古戸建/住宅カテゴリ,沼津市原中古住宅,3080,172.8,58.9,3000,—,—,,不明,接道・区分情報なし。建物ありだが現行法での再建築可否は役場で要確認,,2026-07-24,,https://www.homes.co.jp/kodate/b-1265050002501/,不適合
LIFULL 中古戸建 沼津市,沼津市,中古戸建,中古戸建/住宅カテゴリ,沼津市西沢田中古住宅,2280,154.2,48.9,3000,田,—,,不明,接道・区分情報なし。建物ありだが現行法での再建築可否は役場で要確認,,2026-07-24,,https://www.homes.co.jp/kodate/b-1265050002625/,不適合
LIFULL 中古戸建 沼津市,沼津市,空き家,掲載に空き家表記,沼津市大岡　分譲住宅　1号棟,3680,124.0,98.1,3000,—,—,,不明,接道・区分情報なし。建物ありだが現行法での再建築可否は役場で要確認,,2026-07-24,,https://www.homes.co.jp/kodate/b-1475010001247/,不適合
LIFULL 中古戸建 沼津市,,中古戸建,中古戸建/住宅カテゴリ,中古戸建　下香貫牛臥　オール電化住宅,2999,198.4,50.0,3000,—,—,,不明,接道・区分情報なし。建物ありだが現行法での再建築可否は役場で要確認,,2026-07-24,,https://www.homes.co.jp/kodate/b-1556780000135/,不適合
LIFULL 中古戸建 沼津市,沼津市,空き家,掲載に空き家表記,沼津市岡一色　分譲住宅　全1棟,3880,141.2,90.8,3000,—,—,,不明,接道・区分情報なし。建物ありだが現行法での再建築可否は役場で要確認,,2026-07-24,,https://www.homes.co.jp/kodate/b-1475010001372/,不適合
LIFULL 中古戸建 沼津市,沼津市,空き家,掲載に空き家表記,沼津市青野戸建住宅,3850,503.2,25.3,3000,宅地,—,,不明,接道・区分情報なし。建物ありだが現行法での再建築可否は役場で要確認,,2026-07-24,,https://www.homes.co.jp/kodate/b-1265050002426/,不適合
LIFULL 中古戸建 沼津市,沼津市,空き家,掲載に空き家表記,新築戸建  QUAD沼津市東熊堂,3980,127.0,103.6,3000,田,—,,不明,接道・区分情報なし。建物ありだが現行法での再建築可否は役場で要確認,,2026-07-24,,https://www.homes.co.jp/kodate/b-1540930000186/,不適合
LIFULL 中古戸建 沼津市,沼津市,空き家,掲載に空き家表記,沼津市西椎路　中古戸建,2480,181.8,45.1,3000,—,—,,不明,接道・区分情報なし。建物ありだが現行法での再建築可否は役場で要確認,,2026-07-24,,https://www.homes.co.jp/kodate/b-1436870001904/,不適合
LIFULL 中古戸建 沼津市,沼津市,空き家,掲載に空き家表記,沼津市原町中3丁目　中古戸建,3280,178.2,60.8,3000,—,—,,不明,接道・区分情報なし。建物ありだが現行法での再建築可否は役場で要確認,,2026-07-24,,https://www.homes.co.jp/kodate/b-1436870001877/,不適合
LIFULL 中古戸建 沼津市,,空き家,掲載に空き家表記,JR御殿場線 大岡駅 徒歩11分,3000,150.5,65.9,3000,—,—,,不明,接道・区分情報なし。建物ありだが現行法での再建築可否は役場で要確認,,2026-07-24,,https://www.homes.co.jp/kodate/b-33323360001147/,不適合
LIFULL 中古戸建 沼津市,沼津市,中古戸建,中古戸建/住宅カテゴリ,沼津市大岡中古住宅,2980,165.7,59.5,3000,宅地,—,,不明,接道・区分情報なし。建物ありだが現行法での再建築可否は役場で要確認,,2026-07-24,,https://www.homes.co.jp/kodate/b-1265050002520/,不適合
LIFULL 中古戸建 沼津市,沼津市,中古戸建,中古戸建/住宅カテゴリ,売中古戸建　沼津市北今沢,2980,235.0,41.9,3000,—,—,,不明,接道・区分情報なし。建物ありだが現行法での再建築可否は役場で要確認,,2026-07-24,,https://www.homes.co.jp/kodate/b-1500050000490/,不適合
LIFULL 中古戸建 沼津市,沼津市,中古戸建,中古戸建/住宅カテゴリ,沼津市小林台中古住宅,2280,132.3,57.0,3000,宅地,—,,不明,接道・区分情報なし。建物ありだが現行法での再建築可否は役場で要確認,,2026-07-24,,https://www.homes.co.jp/kodate/b-1265050002574/,不適合
LIFULL 中古戸建 沼津市,沼津市,中古戸建,中古戸建/住宅カテゴリ,沼津市大岡中古住宅,2480,143.9,57.0,3000,—,—,,不明,接道・区分情報なし。建物ありだが現行法での再建築可否は役場で要確認,,2026-07-24,,https://www.homes.co.jp/kodate/b-1265050002645/,不適合
LIFULL 中古戸建 沼津市,,空き家,掲載に空き家表記,中古築浅美邸,3980,176.8,74.4,3000,田,—,,不明,接道・区分情報なし。建物ありだが現行法での再建築可否は役場で要確認,,2026-07-24,,https://www.homes.co.jp/kodate/b-1490460001638/,不適合
LIFULL 中古戸建 沼津市,沼津市,中古戸建,中古戸建/住宅カテゴリ,中古戸建　沼津市三枚橋竹ノ岬,2750,109.0,83.4,3000,—,—,,不明,接道・区分情報なし。建物ありだが現行法での再建築可否は役場で要確認,,2026-07-24,,https://www.homes.co.jp/kodate/b-1556780000184/,不適合
LIFULL 中古戸建 沼津市,,空き家,掲載に空き家表記,JR東海道本線 沼津駅 5.4km,2880,165.8,57.4,3000,—,—,,不明,接道・区分情報なし。建物ありだが現行法での再建築可否は役場で要確認,,2026-07-24,,https://www.homes.co.jp/kodate/b-33323360001104/,不適合
LIFULL 中古戸建 沼津市,沼津市,空き家,掲載に空き家表記,沼津市大岡IX　分譲住宅　3号棟,4378,183.4,78.9,3000,—,—,,不明,接道・区分情報なし。建物ありだが現行法での再建築可否は役場で要確認,,2026-07-24,,https://www.homes.co.jp/kodate/b-1475010001726/,不適合
LIFULL 中古戸建 沼津市,,中古戸建,中古戸建/住宅カテゴリ,バス 富士急バス下車 徒歩1分,1680,109.0,51.0,3000,—,—,,不明,接道・区分情報なし。建物ありだが現行法での再建築可否は役場で要確認,,2026-07-24,,https://www.homes.co.jp/kodate/b-33331490000021/,不適合
LIFULL 中古戸建 沼津市,沼津市,空き家,掲載に空き家表記,沼津市高砂町　中古戸建,3480,156.4,73.6,3000,宅地,—,,不明,接道・区分情報なし。建物ありだが現行法での再建築可否は役場で要確認,,2026-07-24,,https://www.homes.co.jp/kodate/b-1490460002415/,不適合
LIFULL 中古戸建 沼津市,沼津市,中古戸建,中古戸建/住宅カテゴリ,沼津市新沢田町中古住宅,2580,136.8,62.3,3000,田,—,,不明,接道・区分情報なし。建物ありだが現行法での再建築可否は役場で要確認,,2026-07-24,,https://www.homes.co.jp/kodate/b-1265050002089/,不適合
LIFULL 中古戸建 沼津市,沼津市,空き家,掲載に空き家表記,沼津市本郷町　戸建て,2499,138.1,59.8,3000,宅地,—,,不明,接道・区分情報なし。建物ありだが現行法での再建築可否は役場で要確認,,2026-07-24,,https://www.homes.co.jp/kodate/b-1220300000687/,不適合
LIFULL 中古戸建 沼津市,沼津市,中古戸建,中古戸建/住宅カテゴリ,沼津市大岡中古住宅,3390,150.6,74.4,3000,—,—,,不明,接道・区分情報なし。建物ありだが現行法での再建築可否は役場で要確認,,2026-07-24,,https://www.homes.co.jp/kodate/b-1265050002596/,不適合
SUUMO 中古戸建 駿東郡（清水/長泉）,清水町,更地,土地カテゴリ（建物表記なし）,静岡県駿東郡清水町徳倉,1748,193.0,29.9,1500,—,—,,不明,接道・区分情報なし、詳細/役場で要確認,,2026-06-17,,https://suumo.jp/chukoikkodate/shizuoka/sc_suntogun/nc_20977891/,不適合
SUUMO 中古戸建 駿東郡（清水/長泉）,清水町,更地,土地カテゴリ（建物表記なし）,静岡県駿東郡清水町徳倉,2680,156.0,56.8,1500,—,—,,不明,接道・区分情報なし、詳細/役場で要確認,,2026-06-17,,https://suumo.jp/chukoikkodate/shizuoka/sc_suntogun/nc_74686385/,不適合
SUUMO 中古戸建 駿東郡（清水/長泉）,長泉町,更地,土地カテゴリ（建物表記なし）,静岡県駿東郡長泉町本宿,4180,196.9,70.2,1500,—,—,,不明,接道・区分情報なし、詳細/役場で要確認,,2026-06-17,,https://suumo.jp/chukoikkodate/shizuoka/sc_suntogun/nc_78273362/,不適合
SUUMO 中古戸建 駿東郡（清水/長泉）,長泉町,更地,土地カテゴリ（建物表記なし）,静岡県駿東郡長泉町上土狩,4180,219.6,62.9,1500,—,—,,不明,接道・区分情報なし、詳細/役場で要確認,,2026-06-21,,https://suumo.jp/chukoikkodate/shizuoka/sc_suntogun/nc_21106006/,不適合
SUUMO 中古戸建 駿東郡（清水/長泉）,長泉町,更地,土地カテゴリ（建物表記なし）,静岡県駿東郡長泉町東野,6890,1058.3,21.5,1500,—,—,,不明,接道・区分情報なし、詳細/役場で要確認,,2026-06-17,,https://suumo.jp/chukoikkodate/shizuoka/sc_suntogun/nc_79041993/,不適合
SUUMO 中古戸建 駿東郡（清水/長泉）,清水町,更地,土地カテゴリ（建物表記なし）,静岡県駿東郡清水町徳倉1221-83,1949,192.0,33.6,1500,—,—,,不明,接道・区分情報なし、詳細/役場で要確認,,2026-06-17,,https://suumo.jp/chukoikkodate/shizuoka/sc_suntogun/nc_20837323/,不適合
SUUMO 中古戸建 駿東郡（清水/長泉）,長泉町,更地,土地カテゴリ（建物表記なし）,静岡県駿東郡長泉町上長窪,2380,277.4,28.4,1500,—,—,,不明,接道・区分情報なし、詳細/役場で要確認,,2026-06-17,,https://suumo.jp/chukoikkodate/shizuoka/sc_suntogun/nc_20852200/,不適合
SUUMO 中古戸建 駿東郡（清水/長泉）,清水町,中古戸建,中古戸建/住宅カテゴリ,静岡県駿東郡清水町徳倉,2980,156.2,63.1,3000,—,—,,不明,接道・区分情報なし。建物ありだが現行法での再建築可否は役場で要確認,,2026-06-17,,https://suumo.jp/chukoikkodate/shizuoka/sc_suntogun/nc_20854137/,不適合
SUUMO 中古戸建 駿東郡（清水/長泉）,長泉町,更地,土地カテゴリ（建物表記なし）,静岡県駿東郡長泉町東野,3000,1236.3,8.0,1500,—,—,,不明,接道・区分情報なし、詳細/役場で要確認,,2026-06-17,,https://suumo.jp/chukoikkodate/shizuoka/sc_suntogun/nc_78707758/,不適合
SUUMO 中古戸建 駿東郡（清水/長泉）,長泉町,更地,土地カテゴリ（建物表記なし）,静岡県駿東郡長泉町竹原,4500,97.1,153.2,1500,—,—,,不明,接道・区分情報なし、詳細/役場で要確認,,2026-06-17,,https://suumo.jp/chukoikkodate/shizuoka/sc_suntogun/nc_78707683/,不適合
SUUMO 中古戸建 駿東郡（清水/長泉）,長泉町,更地,土地カテゴリ（建物表記なし）,静岡県駿東郡長泉町東野,350,307.6,3.8,1500,—,—,,不明,接道・区分情報なし、詳細/役場で要確認,,2026-06-17,,https://suumo.jp/chukoikkodate/shizuoka/sc_suntogun/nc_75031451/,不適合
SUUMO 中古戸建 駿東郡（清水/長泉）,長泉町,更地,土地カテゴリ（建物表記なし）,静岡県駿東郡長泉町元長窪,680,209.7,10.7,1500,—,—,,不明,接道・区分情報なし、詳細/役場で要確認,,2026-06-17,,https://suumo.jp/chukoikkodate/shizuoka/sc_suntogun/nc_76395208/,不適合
SUUMO 中古戸建 駿東郡（清水/長泉）,長泉町,更地,土地カテゴリ（建物表記なし）,静岡県駿東郡長泉町元長窪,1590,163.0,32.2,1500,—,—,,不明,接道・区分情報なし、詳細/役場で要確認,,2026-06-27,,https://suumo.jp/chukoikkodate/shizuoka/sc_suntogun/nc_79156787/,不適合
SUUMO 中古戸建 駿東郡（清水/長泉）,清水町,更地,土地カテゴリ（建物表記なし）,静岡県駿東郡清水町徳倉,1748,193.0,29.9,1500,—,—,,不明,接道・区分情報なし、詳細/役場で要確認,,2026-06-17,,https://suumo.jp/chukoikkodate/shizuoka/sc_suntogun/nc_20509290/,不適合
SUUMO 中古戸建 駿東郡（清水/長泉）,清水町,更地,土地カテゴリ（建物表記なし）,静岡県駿東郡清水町徳倉,1748,193.0,29.9,1500,—,—,,不明,接道・区分情報なし、詳細/役場で要確認,,2026-06-17,,https://suumo.jp/chukoikkodate/shizuoka/sc_suntogun/nc_20651578/,不適合
SUUMO 中古戸建 駿東郡（清水/長泉）,清水町,更地,土地カテゴリ（建物表記なし）,静岡県駿東郡清水町徳倉,1850,300.6,20.3,1500,—,—,,不明,接道・区分情報なし、詳細/役場で要確認,,2026-06-17,,https://suumo.jp/chukoikkodate/shizuoka/sc_suntogun/nc_73061917/,不適合
SUUMO 中古戸建 駿東郡（清水/長泉）,清水町,更地,土地カテゴリ（建物表記なし）,静岡県駿東郡清水町中徳倉,1980,164.8,39.7,1500,—,—,,不明,接道・区分情報なし、詳細/役場で要確認,,2026-06-17,,https://suumo.jp/chukoikkodate/shizuoka/sc_suntogun/nc_20303492/,不適合
SUUMO 中古戸建 駿東郡（清水/長泉）,清水町,更地,土地カテゴリ（建物表記なし）,静岡県駿東郡清水町伏見,1980,165.3,39.6,1500,—,—,,不明,接道・区分情報なし、詳細/役場で要確認,,2026-06-17,,https://suumo.jp/chukoikkodate/shizuoka/sc_suntogun/nc_20104560/,不適合
SUUMO 中古戸建 駿東郡（清水/長泉）,清水町,更地,土地カテゴリ（建物表記なし）,静岡県駿東郡清水町中徳倉,1980,164.8,39.7,1500,—,—,,不明,接道・区分情報なし、詳細/役場で要確認,,2026-07-03,,https://suumo.jp/chukoikkodate/shizuoka/sc_suntogun/nc_20755150/,不適合
SUUMO 中古戸建 駿東郡（清水/長泉）,清水町,更地,土地カテゴリ（建物表記なし）,静岡県駿東郡清水町中徳倉,1980,164.8,39.7,1500,—,—,,不明,接道・区分情報なし、詳細/役場で要確認,,2026-06-17,,https://suumo.jp/chukoikkodate/shizuoka/sc_suntogun/nc_21042775/,不適合
SUUMO 中古戸建 駿東郡（清水/長泉）,長泉町,更地,土地カテゴリ（建物表記なし）,静岡県駿東郡長泉町東野,1998,299.0,22.1,1500,—,—,,不明,接道・区分情報なし、詳細/役場で要確認,,2026-06-17,,https://suumo.jp/chukoikkodate/shizuoka/sc_suntogun/nc_73920042/,不適合
SUUMO 中古戸建 駿東郡（清水/長泉）,長泉町,更地,土地カテゴリ（建物表記なし）,静岡県駿東郡長泉町東野,1999,299.0,22.1,1500,—,—,,不明,接道・区分情報なし、詳細/役場で要確認,,2026-07-02,,https://suumo.jp/chukoikkodate/shizuoka/sc_suntogun/nc_20667797/,不適合
SUUMO 中古戸建 駿東郡（清水/長泉）,清水町,中古戸建,中古戸建/住宅カテゴリ,静岡県駿東郡清水町徳倉,2090,144.4,47.8,3000,—,—,,不明,接道・区分情報なし。建物ありだが現行法での再建築可否は役場で要確認,,2026-07-14,,https://suumo.jp/chukoikkodate/shizuoka/sc_suntogun/nc_21284838/,不適合
SUUMO 中古戸建 駿東郡（清水/長泉）,清水町,更地,土地カテゴリ（建物表記なし）,静岡県駿東郡清水町柿田,2400,268.0,29.6,1500,田,—,,不明,接道・区分情報なし、詳細/役場で要確認,,2026-06-23,,https://suumo.jp/chukoikkodate/shizuoka/sc_suntogun/nc_21129679/,不適合
SUUMO 中古戸建 駿東郡（清水/長泉）,清水町,更地,土地カテゴリ（建物表記なし）,静岡県駿東郡清水町徳倉,2480,118.7,69.1,1500,田,—,,不明,接道・区分情報なし、詳細/役場で要確認,,2026-06-17,,https://suumo.jp/chukoikkodate/shizuoka/sc_suntogun/nc_20914984/,不適合
SUUMO 中古戸建 駿東郡（清水/長泉）,清水町,更地,土地カテゴリ（建物表記なし）,静岡県駿東郡清水町中徳倉36-12,2729,232.5,38.8,1500,—,—,,不明,接道・区分情報なし、詳細/役場で要確認,,2026-06-17,,https://suumo.jp/chukoikkodate/shizuoka/sc_suntogun/nc_20830773/,不適合
SUUMO 中古戸建 駿東郡（清水/長泉）,長泉町,更地,土地カテゴリ（建物表記なし）,静岡県駿東郡長泉町東野,2780,835.8,11.0,1500,—,—,,不明,接道・区分情報なし、詳細/役場で要確認,,2026-06-17,,https://suumo.jp/chukoikkodate/shizuoka/sc_suntogun/nc_20436625/,不適合
SUUMO 中古戸建 駿東郡（清水/長泉）,清水町,更地,土地カテゴリ（建物表記なし）,静岡県駿東郡清水町長沢,3180,132.2,79.5,1500,—,—,,不明,接道・区分情報なし、詳細/役場で要確認,,2026-07-03,,https://suumo.jp/chukoikkodate/shizuoka/sc_suntogun/nc_21202905/,不適合
SUUMO 中古戸建 駿東郡（清水/長泉）,長泉町,更地,土地カテゴリ（建物表記なし）,静岡県駿東郡長泉町下土狩,3200,132.5,79.8,1500,—,—,,不明,接道・区分情報なし、詳細/役場で要確認,,2026-06-17,,https://suumo.jp/chukoikkodate/shizuoka/sc_suntogun/nc_76109949/,不適合
SUUMO 中古戸建 駿東郡（清水/長泉）,清水町,更地,土地カテゴリ（建物表記なし）,静岡県駿東郡清水町伏見,3200,257.4,41.1,1500,—,—,,不明,接道・区分情報なし、詳細/役場で要確認,,2026-06-17,,https://suumo.jp/chukoikkodate/shizuoka/sc_suntogun/nc_20651477/,不適合
SUUMO 中古戸建 駿東郡（清水/長泉）,清水町,更地,土地カテゴリ（建物表記なし）,静岡県駿東郡清水町長沢,3700,233.5,52.4,1500,—,—,,不明,接道・区分情報なし、詳細/役場で要確認,,2026-06-17,,https://suumo.jp/chukoikkodate/shizuoka/sc_suntogun/nc_20839222/,不適合
SUUMO 中古戸建 駿東郡（清水/長泉）,清水町,更地,土地カテゴリ（建物表記なし）,静岡県駿東郡清水町堂庭,3880,155.7,82.4,1500,田,—,,不明,接道・区分情報なし、詳細/役場で要確認,,2026-06-17,,https://suumo.jp/chukoikkodate/shizuoka/sc_suntogun/nc_20247574/,不適合
SUUMO 中古戸建 駿東郡（清水/長泉）,長泉町,更地,土地カテゴリ（建物表記なし）,静岡県駿東郡長泉町上長窪,3880,203.6,63.0,1500,—,—,,不明,接道・区分情報なし、詳細/役場で要確認,,2026-06-22,,https://suumo.jp/chukoikkodate/shizuoka/sc_suntogun/nc_20424710/,不適合
SUUMO 中古戸建 駿東郡（清水/長泉）,長泉町,更地,土地カテゴリ（建物表記なし）,静岡県駿東郡長泉町納米里,5500,266.7,68.2,1500,—,—,,不明,接道・区分情報なし、詳細/役場で要確認,,2026-07-14,,https://suumo.jp/chukoikkodate/shizuoka/sc_suntogun/nc_76630606/,不適合
SUUMO 中古戸建 駿東郡（清水/長泉）,長泉町,更地,土地カテゴリ（建物表記なし）,静岡県駿東郡長泉町東野,5800,830.6,23.1,1500,—,—,,不明,接道・区分情報なし、詳細/役場で要確認,,2026-06-17,,https://suumo.jp/chukoikkodate/shizuoka/sc_suntogun/nc_79062359/,不適合
SUUMO 中古戸建 駿東郡（清水/長泉）,長泉町,更地,土地カテゴリ（建物表記なし）,静岡県駿東郡長泉町東野,7480,1211.3,20.4,1500,—,—,,不明,接道・区分情報なし、詳細/役場で要確認,,2026-07-13,,https://suumo.jp/chukoikkodate/shizuoka/sc_suntogun/nc_20990760/,不適合
SUUMO 中古戸建 駿東郡（清水/長泉）,長泉町,更地,土地カテゴリ（建物表記なし）,静岡県駿東郡長泉町東野,12800,631.6,67.0,1500,—,—,,不明,接道・区分情報なし、詳細/役場で要確認,,2026-07-10,,https://suumo.jp/chukoikkodate/shizuoka/sc_suntogun/nc_20709828/,不適合
SUUMO 中古戸建 駿東郡（清水/長泉）,長泉町,更地,土地カテゴリ（建物表記なし）,静岡県駿東郡長泉町東野,12800,631.6,67.0,1500,—,—,,不明,接道・区分情報なし、詳細/役場で要確認,,2026-06-17,,https://suumo.jp/chukoikkodate/shizuoka/sc_suntogun/nc_20817399/,不適合
SUUMO 中古戸建 駿東郡（清水/長泉）,長泉町,更地,土地カテゴリ（建物表記なし）,静岡県駿東郡長泉町中土狩,12800,277.7,152.4,1500,—,—,,不明,接道・区分情報なし、詳細/役場で要確認,,2026-06-17,,https://suumo.jp/chukoikkodate/shizuoka/sc_suntogun/nc_20516724/,不適合
SUUMO 中古戸建 駿東郡（清水/長泉）,長泉町,更地,土地カテゴリ（建物表記なし）,静岡県駿東郡長泉町東野608-280,26000,4107.9,20.9,1500,田,—,,不明,接道・区分情報なし、詳細/役場で要確認,,2026-06-17,,https://suumo.jp/chukoikkodate/shizuoka/sc_suntogun/nc_78661703/,不適合
SUUMO 賃貸 岩美郡（岩美町）,岩美町,賃貸アパート,賃貸カテゴリ（掲載種別）,鳥取県岩美郡岩美町大字浦富,5.1,52.1,,5,—,—,,—,賃貸のため対象外,,2026-07-24,,https://suumo.jp/chintai/jnc_000108575084/,不適合
SUUMO 賃貸 岩美郡（岩美町）,岩美町,賃貸アパート,賃貸カテゴリ（掲載種別）,鳥取県岩美郡岩美町大字浦富,5.9,32.8,,5,—,—,,—,賃貸のため対象外,,2026-07-24,,https://suumo.jp/chintai/jnc_000106617560/,不適合
SUUMO 賃貸 岩美郡（岩美町）,岩美町,賃貸アパート,賃貸カテゴリ（掲載種別）,鳥取県岩美郡岩美町大字浦富,6.0,34.1,,5,—,—,,—,賃貸のため対象外,,2026-07-24,,https://suumo.jp/chintai/jnc_000106611175/,不適合
SUUMO 賃貸 岩美郡（岩美町）,岩美町,賃貸アパート,賃貸カテゴリ（掲載種別）,鳥取県岩美郡岩美町大字浦富,6.0,32.8,,5,—,—,,—,賃貸のため対象外,,2026-07-24,,https://suumo.jp/chintai/jnc_000106617564/,不適合
SUUMO 賃貸 岩美郡（岩美町）,岩美町,賃貸アパート,賃貸カテゴリ（掲載種別）,鳥取県岩美郡岩美町大字浦富,6.1,34.1,,5,—,—,,—,賃貸のため対象外,,2026-07-24,,https://suumo.jp/chintai/jnc_000106617559/,不適合
SUUMO 賃貸 岩美郡（岩美町）,岩美町,賃貸アパート,賃貸カテゴリ（掲載種別）,鳥取県岩美郡岩美町大字浦富,6.2,34.1,,5,—,—,,—,賃貸のため対象外,,2026-07-24,,https://suumo.jp/chintai/jnc_000106617563/,不適合
SUUMO 賃貸 岩美郡（岩美町）,岩美町,賃貸アパート,賃貸カテゴリ（掲載種別）,鳥取県岩美郡岩美町大字浦富,6.4,40.4,,5,—,—,,—,賃貸のため対象外,,2026-07-24,,https://suumo.jp/chintai/jnc_000106611174/,不適合
SUUMO 賃貸 岩美郡（岩美町）,岩美町,賃貸アパート,賃貸カテゴリ（掲載種別）,鳥取県岩美郡岩美町大字浦富,6.5,40.3,,5,—,—,,—,賃貸のため対象外,,2026-07-24,,https://suumo.jp/chintai/jnc_000106611177/,不適合
SUUMO 賃貸 岩美郡（岩美町）,岩美町,賃貸アパート,賃貸カテゴリ（掲載種別）,鳥取県岩美郡岩美町大字浦富,6.6,40.4,,5,—,—,,—,賃貸のため対象外,,2026-07-24,,https://suumo.jp/chintai/jnc_000106617562/,不適合
SUUMO 賃貸 岩美郡（岩美町）,岩美町,賃貸アパート,賃貸カテゴリ（掲載種別）,鳥取県岩美郡岩美町大字浦富,3.8,27.3,,5,—,—,,—,賃貸のため対象外,,2026-07-24,,https://suumo.jp/chintai/jnc_000106237292/,適合
真野開発 売買物件一覧,沼津市,更地,土地カテゴリ（建物表記なし）,沼津市東椎路1493-5,500,66.9,24.7,1500,用途地域,—,,不明,接道・区分情報なし、詳細/役場で要確認,,2026-06-22,,https://manokaihatsu.com/estate/post-1608/,不適合
真野開発 売買物件一覧,裾野市,更地,土地カテゴリ（建物表記なし）,裾野市金沢字中道251-1・他,1100,339.3,10.7,1500,用途地域,—,,不明,接道・区分情報なし、詳細/役場で要確認,,2026-06-22,関心:無指定,https://manokaihatsu.com/estate/post-1391/,適合
真野開発 売買物件一覧,長泉町,更地,土地カテゴリ（建物表記なし）,駿東郡長泉町中土狩,3480,190.0,60.5,1500,用途地域,—,,不明,接道・区分情報なし、詳細/役場で要確認,,2026-06-22,,https://manokaihatsu.com/estate/post-1184/,不適合
真野開発 売買物件一覧,沼津市,更地,土地カテゴリ（建物表記なし）,沼津市東原,580,175.7,10.9,1500,用途地域,—,,不明,接道・区分情報なし、詳細/役場で要確認,,2026-06-22,関心:無指定,https://manokaihatsu.com/estate/post-1177/,不適合
真野開発 売買物件一覧,函南町,更地,土地カテゴリ（建物表記なし）,田方郡函南町仁田10-13,2300,187.0,40.7,1500,用途地域,—,,不明,接道・区分情報なし、詳細/役場で要確認,,2026-06-22,,https://manokaihatsu.com/estate/post-1175/,不適合
伊豆総合企画 売買物件一覧,伊豆の国市,更地,土地カテゴリ（建物表記なし）,伊豆の国市長岡1334-4,288,43.0,22.1,1500,—,—,,不明,接道・区分情報なし、詳細/役場で要確認,,2026-06-22,注意:管理費,https://izu-s-k.fudohsan.jp/?post_type=fudo&menu=fudo&p=152585&shub=&shu=1&ros=&eki=&ken=&sik=&kalc=&kahc=&kalb=&kahb=&hof=&tik=&mel=&meh=,不適合
伊豆総合企画 売買物件一覧,沼津市,更地,土地カテゴリ（建物表記なし）,沼津市戸田907-5,1300,165.0,26.0,1500,田,—,,不明,接道・区分情報なし、詳細/役場で要確認,,2026-06-22,,https://izu-s-k.fudohsan.jp/?post_type=fudo&menu=fudo&p=21121&shub=&shu=1&ros=&eki=&ken=&sik=&kalc=&kahc=&kalb=&kahb=&hof=&tik=&mel=&meh=,不適合
伊豆総合企画 売買物件一覧,沼津市,更地,土地カテゴリ（建物表記なし）,沼津市高島町22－18,1350,117.2,38.1,1500,—,—,,不明,接道・区分情報なし、詳細/役場で要確認,,2026-06-22,,https://izu-s-k.fudohsan.jp/?post_type=fudo&menu=fudo&p=118917&shub=&shu=1&ros=&eki=&ken=&sik=&kalc=&kahc=&kalb=&kahb=&hof=&tik=&mel=&meh=,不適合
伊豆総合企画 売買物件一覧,三島市,更地,土地カテゴリ（建物表記なし）,三島市長伏,1455,73.6,65.4,1500,—,—,,不明,接道・区分情報なし、詳細/役場で要確認,,2026-07-24,注意:管理費,https://izu-s-k.fudohsan.jp/?post_type=fudo&menu=fudo&p=175603&shub=&shu=1&ros=&eki=&ken=&sik=&kalc=&kahc=&kalb=&kahb=&hof=&tik=&mel=&meh=,不適合
伊豆総合企画 売買物件一覧,沼津市,更地,土地カテゴリ（建物表記なし）,沼津市駿河台14-2,1480,155.0,31.6,1500,—,—,,不明,接道・区分情報なし、詳細/役場で要確認,,2026-06-22,,https://izu-s-k.fudohsan.jp/?post_type=fudo&menu=fudo&p=20796&shub=&shu=1&ros=&eki=&ken=&sik=&kalc=&kahc=&kalb=&kahb=&hof=&tik=&mel=&meh=,不適合
伊豆総合企画 売買物件一覧,清水町,更地,土地カテゴリ（建物表記なし）,駿東郡清水町徳倉,1520,165.3,30.4,1500,—,—,,不明,接道・区分情報なし、詳細/役場で要確認,,2026-06-22,,https://izu-s-k.fudohsan.jp/?post_type=fudo&menu=fudo&p=172442&shub=&shu=1&ros=&eki=&ken=&sik=&kalc=&kahc=&kalb=&kahb=&hof=&tik=&mel=&meh=,不適合
伊豆総合企画 売買物件一覧,伊豆の国市,更地,土地カテゴリ（建物表記なし）,伊豆の国市大仁,1980,49.6,132.0,1500,—,—,,不明,接道・区分情報なし、詳細/役場で要確認,,2026-06-22,,https://izu-s-k.fudohsan.jp/?post_type=fudo&menu=fudo&p=169525&shub=&shu=1&ros=&eki=&ken=&sik=&kalc=&kahc=&kalb=&kahb=&hof=&tik=&mel=&meh=,不適合
伊豆総合企画 売買物件一覧,函南町,更地,土地カテゴリ（建物表記なし）,田方郡函南町平井１２８４－１６、１２８４－２、,2100,321.5,21.6,1500,田,—,,不明,接道・区分情報なし、詳細/役場で要確認,,2026-06-22,,https://izu-s-k.fudohsan.jp/?post_type=fudo&menu=fudo&p=59401&shub=&shu=1&ros=&eki=&ken=&sik=&kalc=&kahc=&kalb=&kahb=&hof=&tik=&mel=&meh=,不適合
伊豆総合企画 売買物件一覧,伊豆の国市,更地,土地カテゴリ（建物表記なし）,伊豆の国市長岡,2380,130.6,60.2,1500,—,—,,不明,接道・区分情報なし、詳細/役場で要確認,,2026-06-22,注意:管理費,https://izu-s-k.fudohsan.jp/?post_type=fudo&menu=fudo&p=170946&shub=&shu=1&ros=&eki=&ken=&sik=&kalc=&kahc=&kalb=&kahb=&hof=&tik=&mel=&meh=,不適合
伊豆総合企画 売買物件一覧,三島市,更地,土地カテゴリ（建物表記なし）,三島市若松町4402-1,11000,2855.2,12.7,1500,—,—,,不明,接道・区分情報なし、詳細/役場で要確認,,2026-06-22,,https://izu-s-k.fudohsan.jp/?post_type=fudo&menu=fudo&p=125787&shub=&shu=1&ros=&eki=&ken=&sik=&kalc=&kahc=&kalb=&kahb=&hof=&tik=&mel=&meh=,不適合
U2JAPAN三島店 土地一覧,沼津市,更地,土地カテゴリ（建物表記なし）,沼津市 大門町,1450,147.1,32.6,1500,—,—,,不明,接道・区分情報なし、詳細/役場で要確認,,2026-07-04,,https://www.u2japan-mishima-k.com/bkndetail/562113537/room104563711/,不適合
U2JAPAN三島店 土地一覧,沼津市,更地,土地カテゴリ（建物表記なし）,沼津市 上香貫,700,105.8,21.9,1500,—,—,,不明,接道・区分情報なし、詳細/役場で要確認,,2026-07-04,,https://www.u2japan-mishima-k.com/bkndetail/2165914938/room105322727/,不適合
U2JAPAN三島店 土地一覧,沼津市,更地,土地カテゴリ（建物表記なし）,沼津市 西間門,400,64.1,20.6,1500,宅地,—,,不明,接道・区分情報なし、詳細/役場で要確認,,2026-07-13,,https://www.u2japan-mishima-k.com/bkndetail/2838322457/room105344638/,不適合
U2JAPAN三島店 土地一覧,伊豆の国市,更地,土地カテゴリ（建物表記なし）,伊豆の国市 中,980,1146.4,2.8,1500,田,—,,不明,接道・区分情報なし、詳細/役場で要確認,,2026-07-10,,https://www.u2japan-mishima-k.com/bkndetail/2194165148/room105516391/,適合
U2JAPAN三島店 土地一覧,清水町,更地,土地カテゴリ（建物表記なし）,駿東郡清水町 徳倉,1580,367.5,14.2,1500,田,—,,不明,接道・区分情報なし、詳細/役場で要確認,,2026-07-09,,https://www.u2japan-mishima-k.com/bkndetail/2331365299/room105546706/,不適合
U2JAPAN三島店 土地一覧,沼津市,更地,土地カテゴリ（建物表記なし）,沼津市 東椎路,900,152.2,19.5,1500,—,—,,不明,接道・区分情報なし、詳細/役場で要確認,,2026-07-12,,https://www.u2japan-mishima-k.com/bkndetail/66420967/room105723106/,不適合
U2JAPAN三島店 土地一覧,長泉町,更地,土地カテゴリ（建物表記なし）,駿東郡長泉町 下長窪,2850,173.5,54.3,1500,—,—,,不明,接道・区分情報なし、詳細/役場で要確認,,2026-06-30,,https://www.u2japan-mishima-k.com/bkndetail/1702591900/room103209614/,不適合
U2JAPAN三島店 土地一覧,沼津市,更地,土地カテゴリ（建物表記なし）,沼津市 小諏訪,1380,226.2,20.2,1500,—,—,接道のため隣地との間隔があり,不明,接道・区分情報なし、詳細/役場で要確認,,2026-06-30,,https://www.u2japan-mishima-k.com/bkndetail/300975445/room103370291/,不適合
U2JAPAN三島店 土地一覧,三島市,更地,土地カテゴリ（建物表記なし）,三島市 谷田,1080,136.1,26.2,1500,宅地,—,,不明,接道・区分情報なし、詳細/役場で要確認,,2026-06-30,,https://www.u2japan-mishima-k.com/bkndetail/1605391170/room92141885/,不適合
U2JAPAN三島店 土地一覧,函南町,更地,土地カテゴリ（建物表記なし）,田方郡函南町 柏谷,1100,161.9,22.5,1500,宅地,—,,不明,接道・区分情報なし、詳細/役場で要確認,,2026-06-30,注意:温泉,https://www.u2japan-mishima-k.com/bkndetail/68881733/room93610346/,不適合
U2JAPAN三島店 土地一覧,伊豆の国市,更地,土地カテゴリ（建物表記なし）,伊豆の国市 南條,300,300.7,3.3,1500,宅地,—,,不明,接道・区分情報なし、詳細/役場で要確認,,2026-06-30,,https://www.u2japan-mishima-k.com/bkndetail/3256582678/room93779866/,不適合
U2JAPAN三島店 土地一覧,清水町,更地,土地カテゴリ（建物表記なし）,駿東郡清水町 長沢,700,83.9,27.6,1500,宅地,—,,不明,接道・区分情報なし、詳細/役場で要確認,,2026-06-30,,https://www.u2japan-mishima-k.com/bkndetail/991262729/room93783660/,不適合
U2JAPAN三島店 土地一覧,函南町,更地,土地カテゴリ（建物表記なし）,田方郡函南町 平井,100,393.0,0.8,1500,宅地,—,,不明,接道・区分情報なし、詳細/役場で要確認,,2026-06-30,注意:別荘地 NG:南箱根ダイヤランド,https://www.u2japan-mishima-k.com/bkndetail/267708437/room93986949/,適合
U2JAPAN三島店 土地一覧,函南町,更地,土地カテゴリ（建物表記なし）,田方郡函南町 平井,498,260.0,6.3,1500,宅地,—,,不明,接道・区分情報なし、詳細/役場で要確認,,2026-06-30,注意:別荘地 NG:南箱根ダイヤランド,https://www.u2japan-mishima-k.com/bkndetail/267708437/room94300003/,不適合
U2JAPAN三島店 土地一覧,三島市,更地,土地カテゴリ（建物表記なし）,三島市 大場,150,231.0,2.1,1500,宅地,—,,不明,接道・区分情報なし、詳細/役場で要確認,,2026-06-30,,https://www.u2japan-mishima-k.com/bkndetail/762526979/room86010003/,不適合
U2JAPAN三島店 土地一覧,函南町,更地,土地カテゴリ（建物表記なし）,田方郡函南町 平井,185,312.0,2.0,1500,宅地,—,,不明,接道・区分情報なし、詳細/役場で要確認,,2026-06-30,注意:別荘地 NG:南箱根ダイヤランド,https://www.u2japan-mishima-k.com/bkndetail/267708437/room86406317/,不適合
U2JAPAN三島店 土地一覧,沼津市,更地,土地カテゴリ（建物表記なし）,沼津市 志下,1200,396.0,10.0,1500,宅地,—,,不明,接道・区分情報なし、詳細/役場で要確認,,2026-06-30,,https://www.u2japan-mishima-k.com/bkndetail/2069330560/room86433450/,適合
U2JAPAN三島店 土地一覧,伊豆の国市,更地,土地カテゴリ（建物表記なし）,伊豆の国市 韮山山木,400,461.0,2.9,1500,宅地,—,,不明,接道・区分情報なし、詳細/役場で要確認,,2026-06-30,NG:富士見ニュータウン,https://www.u2japan-mishima-k.com/bkndetail/229814317/room90573340/,適合
U2JAPAN三島店 土地一覧,沼津市,更地,土地カテゴリ（建物表記なし）,沼津市 内浦重寺,1200,183.9,21.6,1500,田,—,,不明,接道・区分情報なし、詳細/役場で要確認,,2026-06-30,,https://www.u2japan-mishima-k.com/bkndetail/1256505504/room92695731/,不適合
U2JAPAN三島店 土地一覧,沼津市,更地,土地カテゴリ（建物表記なし）,沼津市 八幡町,800,72.6,36.4,1500,—,—,,不明,接道・区分情報なし、詳細/役場で要確認,,2026-06-30,,https://www.u2japan-mishima-k.com/bkndetail/696483938/room92987928/,不適合
U2JAPAN三島店 土地一覧,沼津市,更地,土地カテゴリ（建物表記なし）,沼津市 原,780,300.2,8.6,1500,田,—,,不明,接道・区分情報なし、詳細/役場で要確認,,2026-06-30,,https://www.u2japan-mishima-k.com/bkndetail/128503996/room93107029/,不適合
U2JAPAN三島店 土地一覧,三島市,更地,土地カテゴリ（建物表記なし）,三島市 大場,2500,169.1,48.9,1500,宅地,—,,不明,接道・区分情報なし、詳細/役場で要確認,,2026-06-30,,https://www.u2japan-mishima-k.com/bkndetail/762526979/room93370233/,不適合
U2JAPAN三島店 土地一覧,三島市,更地,土地カテゴリ（建物表記なし）,三島市 光ケ丘,2100,255.3,27.2,1500,宅地,—,,不明,接道・区分情報なし、詳細/役場で要確認,,2026-06-30,,https://www.u2japan-mishima-k.com/bkndetail/1763406252/room79467355/,不適合
U2JAPAN三島店 土地一覧,三島市,更地,土地カテゴリ（建物表記なし）,三島市 大場,1180,84.3,46.3,1500,田,—,,不明,接道・区分情報なし、詳細/役場で要確認,,2026-06-30,,https://www.u2japan-mishima-k.com/bkndetail/762526979/room83078555/,不適合
U2JAPAN三島店 土地一覧,沼津市,更地,土地カテゴリ（建物表記なし）,沼津市 志下,380,251.0,5.0,1500,宅地,—,,不明,接道・区分情報なし、詳細/役場で要確認,,2026-06-30,,https://www.u2japan-mishima-k.com/bkndetail/2069330560/room86149706/,不適合
U2JAPAN三島店 土地一覧,三島市,更地,土地カテゴリ（建物表記なし）,三島市 山中新田,1900,472.6,13.3,1500,宅地,—,,不明,接道・区分情報なし、詳細/役場で要確認,,2026-06-30,,https://www.u2japan-mishima-k.com/bkndetail/3502672767/room86898736/,不適合
U2JAPAN三島店 土地一覧,伊豆の国市,更地,土地カテゴリ（建物表記なし）,伊豆の国市 大仁,1380,342.3,13.3,1500,田,—,,不明,接道・区分情報なし、詳細/役場で要確認,,2026-06-30,,https://www.u2japan-mishima-k.com/bkndetail/790035500/room91283580/,適合
U2JAPAN三島店 土地一覧,三島市,更地,土地カテゴリ（建物表記なし）,三島市 谷田,750,197.1,12.6,1500,宅地,—,,不明,接道・区分情報なし、詳細/役場で要確認,,2026-06-30,,https://www.u2japan-mishima-k.com/bkndetail/1327525760/room83900055/,不適合
U2JAPAN三島店 土地一覧,三島市,更地,土地カテゴリ（建物表記なし）,三島市 市山新田,650,172.4,12.5,1500,田,市街化調整区域,,△,市街化調整区域は原則新築不可・許可要件次第＝本命候補,,2026-06-30,関心:市街化調整区域/調整区域,https://www.u2japan-mishima-k.com/bkndetail/1008908065/room85178392/,不適合
U2JAPAN三島店 土地一覧,伊豆の国市,更地,土地カテゴリ（建物表記なし）,伊豆の国市 中,330,381.0,2.9,1500,田,—,,不明,接道・区分情報なし、詳細/役場で要確認,,2026-06-30,,https://www.u2japan-mishima-k.com/bkndetail/2194165148/room99406991/,適合
U2JAPAN三島店 土地一覧,沼津市,更地,土地カテゴリ（建物表記なし）,沼津市 下香貫,1490,222.1,22.2,1500,田,—,,不明,接道・区分情報なし、詳細/役場で要確認,,2026-06-30,,https://www.u2japan-mishima-k.com/bkndetail/1641170896/room104097358/,不適合
U2JAPAN三島店 土地一覧,三島市,更地,土地カテゴリ（建物表記なし）,三島市 光ケ丘,1880,241.3,25.8,1500,宅地,—,,不明,接道・区分情報なし、詳細/役場で要確認,,2026-06-30,,https://www.u2japan-mishima-k.com/bkndetail/1763406252/room104143840/,不適合
U2JAPAN三島店 土地一覧,沼津市,更地,土地カテゴリ（建物表記なし）,沼津市 西間門,680,188.0,12.0,1500,田,—,,不明,接道・区分情報なし、詳細/役場で要確認,,2026-06-30,,https://www.u2japan-mishima-k.com/bkndetail/2838322457/room104215615/,不適合
U2JAPAN三島店 土地一覧,沼津市,更地,土地カテゴリ（建物表記なし）,沼津市 西島町,1100,158.4,23.0,1500,—,—,,不明,接道・区分情報なし、詳細/役場で要確認,,2026-06-30,,https://www.u2japan-mishima-k.com/bkndetail/3770659752/room104551854/,不適合
U2JAPAN三島店 土地一覧,沼津市,更地,土地カテゴリ（建物表記なし）,沼津市 高沢町,1380,119.3,38.2,1500,—,—,,不明,接道・区分情報なし、詳細/役場で要確認,,2026-06-30,,https://www.u2japan-mishima-k.com/bkndetail/1986572144/room103948302/,不適合
U2JAPAN三島店 土地一覧,沼津市,更地,土地カテゴリ（建物表記なし）,沼津市 八幡町,2580,178.1,47.9,1500,宅地,—,,不明,接道・区分情報なし、詳細/役場で要確認,,2026-06-30,,https://www.u2japan-mishima-k.com/bkndetail/696483938/room99673878/,不適合
U2JAPAN三島店 土地一覧,沼津市,更地,土地カテゴリ（建物表記なし）,沼津市 戸田,1400,699.0,6.6,1500,田,—,,不明,接道・区分情報なし、詳細/役場で要確認,,2026-06-30,注意:温泉,https://www.u2japan-mishima-k.com/bkndetail/3691618925/room103892924/,適合
U2JAPAN三島店 土地一覧,三島市,更地,土地カテゴリ（建物表記なし）,三島市 谷田,800,206.0,12.8,1500,宅地,—,,不明,接道・区分情報なし、詳細/役場で要確認,,2026-06-30,,https://www.u2japan-mishima-k.com/bkndetail/1327525760/room97430628/,不適合
U2JAPAN三島店 土地一覧,函南町,更地,土地カテゴリ（建物表記なし）,田方郡函南町 平井,480,103.6,15.3,1500,宅地,—,,不明,接道・区分情報なし、詳細/役場で要確認,,2026-06-30,,https://www.u2japan-mishima-k.com/bkndetail/197037747/room98301047/,不適合
U2JAPAN三島店 土地一覧,三島市,更地,土地カテゴリ（建物表記なし）,三島市 大場,150,275.0,1.8,1500,宅地,—,,不明,接道・区分情報なし、詳細/役場で要確認,,2026-06-30,,https://www.u2japan-mishima-k.com/bkndetail/762526979/room90654435/,不適合
U2JAPAN三島店 土地一覧,三島市,更地,土地カテゴリ（建物表記なし）,三島市 中島,1980,177.0,37.0,1500,宅地,—,接道があります。 陽当たりや,不明,接道・区分情報なし、詳細/役場で要確認,,2026-06-30,,https://www.u2japan-mishima-k.com/bkndetail/469124714/room98301067/,不適合
U2JAPAN三島店 土地一覧,沼津市,更地,土地カテゴリ（建物表記なし）,沼津市 戸田,600,156.1,12.7,1500,田,—,,不明,接道・区分情報なし、詳細/役場で要確認,,2026-06-30,注意:温泉,https://www.u2japan-mishima-k.com/bkndetail/3691618925/room102463149/,不適合
U2JAPAN三島店 土地一覧,沼津市,更地,土地カテゴリ（建物表記なし）,沼津市 西椎路,8200,1358.1,20.0,1500,宅地,—,,不明,接道・区分情報なし、詳細/役場で要確認,,2026-06-30,,https://www.u2japan-mishima-k.com/bkndetail/2438754507/room101600146/,不適合
U2JAPAN三島店 土地一覧,三島市,更地,土地カテゴリ（建物表記なし）,三島市 沢地,2800,360.9,25.6,1500,宅地,—,,不明,接道・区分情報なし、詳細/役場で要確認,,2026-06-30,,https://www.u2japan-mishima-k.com/bkndetail/154205629/room102659940/,不適合
U2JAPAN三島店 土地一覧,沼津市,更地,土地カテゴリ（建物表記なし）,沼津市 下香貫,580,113.1,17.0,1500,—,—,接道３方向の土地です。 国道,不明,接道・区分情報なし、詳細/役場で要確認,,2026-06-30,,https://www.u2japan-mishima-k.com/bkndetail/2582121359/room100513447/,不適合
U2JAPAN三島店 土地一覧,三島市,更地,土地カテゴリ（建物表記なし）,三島市 徳倉,430,83.0,17.1,1500,—,—,,不明,接道・区分情報なし、詳細/役場で要確認,,2026-06-30,,https://www.u2japan-mishima-k.com/bkndetail/4004211584/room100684300/,不適合
U2JAPAN三島店 土地一覧,函南町,更地,土地カテゴリ（建物表記なし）,田方郡函南町 軽井沢,230,1413.2,0.5,1500,宅地,—,,不明,接道・区分情報なし、詳細/役場で要確認,,2026-06-30,,https://www.u2japan-mishima-k.com/bkndetail/254959881/room100854297/,適合
U2JAPAN三島店 土地一覧,函南町,更地,土地カテゴリ（建物表記なし）,田方郡函南町 柏谷,1500,327.8,15.1,1500,宅地,—,,不明,接道・区分情報なし、詳細/役場で要確認,,2026-06-30,注意:温泉,https://www.u2japan-mishima-k.com/bkndetail/3915497177/room103563489/,不適合
U2JAPAN三島店 土地一覧,長泉町,更地,土地カテゴリ（建物表記なし）,駿東郡長泉町 南一色,2200,181.0,40.2,1500,宅地,—,,不明,接道・区分情報なし、詳細/役場で要確認,,2026-06-30,,https://www.u2japan-mishima-k.com/bkndetail/2726648613/room99126052/,不適合
U2JAPAN三島店 土地一覧,伊豆の国市,更地,土地カテゴリ（建物表記なし）,伊豆の国市 韮山多田,148,720.0,0.7,1500,畑,—,,×,掲載に再建築不可の表記（新規建築不可）,,2026-06-30,,https://www.u2japan-mishima-k.com/bkndetail/192425462/room99880374/,適合
U2JAPAN三島店 土地一覧,伊豆の国市,更地,土地カテゴリ（建物表記なし）,伊豆の国市 南條,680,73.2,30.7,1500,宅地,—,,不明,接道・区分情報なし、詳細/役場で要確認,,2026-06-30,,https://www.u2japan-mishima-k.com/bkndetail/3256582678/room102264996/,不適合
U2JAPAN三島店 土地一覧,函南町,更地,土地カテゴリ（建物表記なし）,田方郡函南町 上沢,2500,1920.4,4.3,1500,田,—,,不明,接道・区分情報なし、詳細/役場で要確認,,2026-06-30,,https://www.u2japan-mishima-k.com/bkndetail/2909601199/room103900228/,不適合
U2JAPAN三島店 土地一覧,清水町,更地,土地カテゴリ（建物表記なし）,駿東郡清水町 徳倉,1390,254.0,18.1,1500,宅地,—,,不明,接道・区分情報なし、詳細/役場で要確認,,2026-06-30,,https://www.u2japan-mishima-k.com/bkndetail/213390949/room91582348/,不適合
U2JAPAN三島店 土地一覧,沼津市,更地,土地カテゴリ（建物表記なし）,沼津市 内浦重寺,800,144.0,18.4,1500,田,—,,不明,接道・区分情報なし、詳細/役場で要確認,,2026-06-30,,https://www.u2japan-mishima-k.com/bkndetail/296510614/room92985568/,不適合
U2JAPAN三島店 土地一覧,沼津市,更地,土地カテゴリ（建物表記なし）,沼津市 玉江町,2800,513.0,18.0,1500,—,—,,不明,接道・区分情報なし、詳細/役場で要確認,,2026-06-30,,https://www.u2japan-mishima-k.com/bkndetail/104149097/room93107031/,不適合
U2JAPAN三島店 土地一覧,三島市,古家付き土地,土地＋古家/上物の表記,三島市 青木,1200,113.9,34.8,1500,宅地,—,,不明,接道・区分情報なし。建物ありだが現行法での再建築可否は役場で要確認,,2026-06-30,,https://www.u2japan-mishima-k.com/bkndetail/923994357/room104140949/,不適合
U2JAPAN三島店 土地一覧,長泉町,更地,土地カテゴリ（建物表記なし）,駿東郡長泉町 東野,3900,846.6,15.2,1500,—,—,,不明,接道・区分情報なし、詳細/役場で要確認,,2026-07-23,,https://www.u2japan-mishima-k.com/bkndetail/4211645214/room105699639/,不適合
U2JAPAN三島店 土地一覧,三島市,更地,土地カテゴリ（建物表記なし）,三島市 谷田,1780,177.6,33.1,1500,宅地,—,,不明,接道・区分情報なし、詳細/役場で要確認,,2026-06-30,,https://www.u2japan-mishima-k.com/bkndetail/1327525760/room97050871/,不適合
U2JAPAN三島店 土地一覧,沼津市,更地,土地カテゴリ（建物表記なし）,沼津市 玉江町,1380,198.5,23.0,1500,—,—,,不明,接道・区分情報なし、詳細/役場で要確認,,2026-07-19,,https://www.u2japan-mishima-k.com/bkndetail/104149097/room105912652/,不適合
U2JAPAN三島店 土地一覧,三島市,更地,土地カテゴリ（建物表記なし）,三島市 谷田,998,130.4,25.3,1500,田,—,,不明,接道・区分情報なし、詳細/役場で要確認,,2026-07-23,,https://www.u2japan-mishima-k.com/bkndetail/1327525760/room105892209/,不適合
山いちば 静岡県 山林物件,熱海市,更地,土地カテゴリ（建物表記なし）,静岡県熱海市伊豆山,,28500.0,,3000,山林,—,接道条件 公道に面する。 都,不明,接道・区分情報なし、詳細/役場で要確認,,2026-07-15,,https://yamaichiba.com/shizuoka-atamishi-izusan372/,数値不明
日本マウント 静岡県 リゾート・田舎物件,裾野市,中古戸建,中古戸建/住宅カテゴリ,静岡県裾野市須山「愛鷹つつじの咲く別荘地,900,,,3000,—,—,,不明,接道・区分情報なし。建物ありだが現行法での再建築可否は役場で要確認,,2026-07-03,注意:別荘地,https://resort-estate.com/detail/1820,数値不明
日本マウント 静岡県 リゾート・田舎物件,裾野市,中古戸建,中古戸建/住宅カテゴリ,静岡県裾野市「十里木高原別荘地」,1380,,,3000,—,—,,不明,接道・区分情報なし。建物ありだが現行法での再建築可否は役場で要確認,,2026-07-03,注意:別荘地,https://resort-estate.com/detail/1892,数値不明
日本マウント 静岡県 リゾート・田舎物件,裾野市,中古戸建,中古戸建/住宅カテゴリ,静岡県裾野市「愛鷹つつじの咲く別荘地,650,,,3000,—,—,,不明,接道・区分情報なし。建物ありだが現行法での再建築可否は役場で要確認,,2026-07-03,注意:別荘地,https://resort-estate.com/detail/1544,数値不明
日本マウント 静岡県 リゾート・田舎物件,伊東市,更地,土地カテゴリ（建物表記なし）,静岡県伊東市富戸「大室高原別荘地」,60,,,3000,—,—,,不明,接道・区分情報なし、詳細/役場で要確認,,2026-07-03,注意:別荘地,https://resort-estate.com/detail/3505,数値不明
日本マウント 静岡県 リゾート・田舎物件,伊豆市,中古戸建,中古戸建/住宅カテゴリ,静岡県伊豆市「伊豆スカイライン別荘地」,,,,3000,—,—,,不明,接道・区分情報なし。建物ありだが現行法での再建築可否は役場で要確認,,2026-07-03,注意:別荘地,https://resort-estate.com/detail/1678,数値不明
日本マウント 静岡県 リゾート・田舎物件,裾野市,中古戸建,中古戸建/住宅カテゴリ,静岡県裾野市須山「愛鷹つつじの咲く別荘地,1480,,,3000,—,—,,不明,接道・区分情報なし。建物ありだが現行法での再建築可否は役場で要確認,,2026-07-03,注意:別荘地,https://resort-estate.com/detail/1346,数値不明
日本マウント 静岡県 リゾート・田舎物件,裾野市,中古戸建,中古戸建/住宅カテゴリ,静岡県裾野市「愛鷹つつじの咲く別荘地,6400,,,3000,—,—,,不明,接道・区分情報なし。建物ありだが現行法での再建築可否は役場で要確認,,2026-07-03,注意:別荘地,https://resort-estate.com/detail/1744,数値不明
日本マウント 静岡県 リゾート・田舎物件,伊豆の国市,中古戸建,中古戸建/住宅カテゴリ,静岡県伊豆の国市三福,3650,,,3000,—,—,,不明,接道・区分情報なし。建物ありだが現行法での再建築可否は役場で要確認,,2026-07-03,,https://resort-estate.com/detail/1861,数値不明
日本マウント 静岡県 リゾート・田舎物件,裾野市,中古戸建,中古戸建/住宅カテゴリ,静岡県裾野市,1280,,,3000,—,—,,不明,接道・区分情報なし。建物ありだが現行法での再建築可否は役場で要確認,,2026-07-03,注意:別荘地,https://resort-estate.com/detail/1449,数値不明
日本マウント 静岡県 リゾート・田舎物件,伊豆の国市,更地,土地カテゴリ（建物表記なし）,静岡県伊豆の国市「富士見ニュータウン」,300,,,3000,—,—,,不明,接道・区分情報なし、詳細/役場で要確認,,2026-07-03,注意:別荘地/温泉 NG:富士見ニュータウン,https://resort-estate.com/detail/3501,数値不明
日本マウント 静岡県 リゾート・田舎物件,裾野市,更地,土地カテゴリ（建物表記なし）,静岡県裾野市須山「愛鷹つつじの咲く別荘地,300,,,3000,—,—,接道は東側。ほぼ整形に近い形,不明,接道・区分情報なし、詳細/役場で要確認,,2026-07-03,注意:別荘地,https://resort-estate.com/detail/3460,数値不明
日本マウント 静岡県 リゾート・田舎物件,熱海市,中古戸建,中古戸建/住宅カテゴリ,静岡県熱海市西熱海町「西熱海別荘地」,28800,,,3000,—,—,,不明,接道・区分情報なし。建物ありだが現行法での再建築可否は役場で要確認,,2026-07-03,注意:別荘地,https://resort-estate.com/detail/1871,数値不明
日本マウント 静岡県 リゾート・田舎物件,伊東市,中古戸建,中古戸建/住宅カテゴリ,静岡県伊東市赤沢「あかざわ恒陽台別荘地」,1850,,,3000,—,—,,不明,接道・区分情報なし。建物ありだが現行法での再建築可否は役場で要確認,,2026-07-03,注意:別荘地/温泉,https://resort-estate.com/detail/1857,数値不明
日本マウント 静岡県 リゾート・田舎物件,伊東市,中古戸建,中古戸建/住宅カテゴリ,静岡県伊東市,2950,,,3000,—,—,,不明,接道・区分情報なし。建物ありだが現行法での再建築可否は役場で要確認,,2026-07-03,,https://resort-estate.com/detail/1112,数値不明
日本マウント 静岡県 リゾート・田舎物件,熱海市,中古戸建,中古戸建/住宅カテゴリ,静岡県熱海市桜木町,4450,,,3000,—,—,,不明,接道・区分情報なし。建物ありだが現行法での再建築可否は役場で要確認,,2026-07-03,,https://resort-estate.com/detail/1852,数値不明
日本マウント 静岡県 リゾート・田舎物件,伊東市,中古戸建,中古戸建/住宅カテゴリ,静岡県伊東市玖須美元和田,8580,,,3000,田,—,,不明,接道・区分情報なし。建物ありだが現行法での再建築可否は役場で要確認,,2026-07-03,,https://resort-estate.com/detail/1811,数値不明
日本マウント 静岡県 リゾート・田舎物件,伊東市,中古戸建,中古戸建/住宅カテゴリ,静岡県伊東市富戸「大室高原別荘地」,1580,,,3000,—,—,,不明,接道・区分情報なし。建物ありだが現行法での再建築可否は役場で要確認,,2026-07-03,注意:別荘地/温泉,https://resort-estate.com/detail/1908,数値不明
日本マウント 静岡県 リゾート・田舎物件,裾野市,更地,土地カテゴリ（建物表記なし）,静岡県裾野市「愛鷹つつじの咲く別荘地,300,,,3000,—,—,,不明,接道・区分情報なし、詳細/役場で要確認,,2026-07-03,注意:別荘地,https://resort-estate.com/detail/3436,数値不明
日本マウント 静岡県 リゾート・田舎物件,伊東市,更地,土地カテゴリ（建物表記なし）,静岡県伊東市八幡野,440,,,3000,—,—,,不明,接道・区分情報なし、詳細/役場で要確認,,2026-07-03,注意:温泉,https://resort-estate.com/detail/3354,数値不明
日本マウント 静岡県 リゾート・田舎物件,伊東市,中古戸建,中古戸建/住宅カテゴリ,静岡県伊東市「浮山温泉別荘地」,2980,,,3000,—,—,,不明,接道・区分情報なし。建物ありだが現行法での再建築可否は役場で要確認,,2026-07-03,注意:別荘地/温泉,https://resort-estate.com/detail/1797,数値不明
日本マウント 静岡県 リゾート・田舎物件,熱海市,中古戸建,中古戸建/住宅カテゴリ,静岡県熱海市「南箱根ダイヤランド」,4980,,,3000,—,—,,不明,接道・区分情報なし。建物ありだが現行法での再建築可否は役場で要確認,,2026-07-16,注意:温泉 NG:南箱根ダイヤランド,https://resort-estate.com/detail/1943,数値不明
日本マウント 静岡県 リゾート・田舎物件,伊東市,中古戸建,中古戸建/住宅カテゴリ,静岡県伊東市宇佐美「みのりの村別荘地」,1580,,,3000,—,—,,不明,接道・区分情報なし。建物ありだが現行法での再建築可否は役場で要確認,,2026-07-07,注意:別荘地/温泉,https://resort-estate.com/detail/1934,数値不明
日本マウント 静岡県 リゾート・田舎物件,裾野市,中古戸建,中古戸建/住宅カテゴリ,静岡県裾野市須山「十里木高原別荘地」,2080,,,3000,—,—,,不明,接道・区分情報なし。建物ありだが現行法での再建築可否は役場で要確認,,2026-07-03,注意:別荘地,https://resort-estate.com/detail/1794,数値不明
日本マウント 静岡県 リゾート・田舎物件,伊東市,中古戸建,中古戸建/住宅カテゴリ,静岡県伊東市赤沢「あかざわ恒陽台別荘」,980,,,3000,—,—,,不明,接道・区分情報なし。建物ありだが現行法での再建築可否は役場で要確認,,2026-07-03,注意:別荘地/温泉,https://resort-estate.com/detail/1884,数値不明
日本マウント 静岡県 リゾート・田舎物件,熱海市,中古戸建,中古戸建/住宅カテゴリ,静岡県熱海市泉,7500,,,3000,—,—,,不明,接道・区分情報なし。建物ありだが現行法での再建築可否は役場で要確認,,2026-07-03,,https://resort-estate.com/detail/1812,数値不明
日本マウント 静岡県 リゾート・田舎物件,伊東市,中古戸建,中古戸建/住宅カテゴリ,静岡県伊東市富戸・大室山,3980,,,3000,—,—,,不明,接道・区分情報なし。建物ありだが現行法での再建築可否は役場で要確認,,2026-07-03,,https://resort-estate.com/detail/1781,数値不明
日本マウント 静岡県 リゾート・田舎物件,函南町,中古戸建,中古戸建/住宅カテゴリ,静岡県田方郡函南町桑原,1980,,,3000,田,—,,不明,接道・区分情報なし。建物ありだが現行法での再建築可否は役場で要確認,,2026-07-03,注意:温泉,https://resort-estate.com/detail/1926,数値不明
日本マウント 静岡県 リゾート・田舎物件,裾野市,中古戸建,中古戸建/住宅カテゴリ,静岡県裾野市須山,1880,,,3000,—,—,,不明,接道・区分情報なし。建物ありだが現行法での再建築可否は役場で要確認,,2026-07-03,,https://resort-estate.com/detail/1925,数値不明
日本マウント 静岡県 リゾート・田舎物件,伊東市,更地,土地カテゴリ（建物表記なし）,物件No.1924 伊東市 八幡野 新築別荘 こちらの物件は、現在会員様のみ閲覧可能です,,,,3000,—,—,,不明,接道・区分情報なし、詳細/役場で要確認,,2026-07-03,,https://resort-estate.com/detail/1924,数値不明
日本マウント 静岡県 リゾート・田舎物件,伊東市,中古戸建,中古戸建/住宅カテゴリ,静岡県伊東市川奈「富士急川奈別荘地」,15800,,,3000,—,—,,不明,接道・区分情報なし。建物ありだが現行法での再建築可否は役場で要確認,,2026-07-03,注意:別荘地/温泉,https://resort-estate.com/detail/1923,数値不明
日本マウント 静岡県 リゾート・田舎物件,伊東市,中古戸建,中古戸建/住宅カテゴリ,静岡県伊東市八幡野「伊豆急伊豆高原分譲地」,7990,,,3000,—,—,,不明,接道・区分情報なし。建物ありだが現行法での再建築可否は役場で要確認,,2026-07-03,注意:温泉,https://resort-estate.com/detail/1750,数値不明
日本マウント 静岡県 リゾート・田舎物件,,中古戸建,中古戸建/住宅カテゴリ,静岡県「南箱根ダイヤランド」,3500,,,3000,—,—,,不明,接道・区分情報なし。建物ありだが現行法での再建築可否は役場で要確認,,2026-07-03,注意:温泉 NG:南箱根ダイヤランド,https://resort-estate.com/detail/1782,数値不明
日本マウント 静岡県 リゾート・田舎物件,熱海市,更地,土地カテゴリ（建物表記なし）,静岡県熱海市伊豆山,39000,,,3000,—,—,,不明,接道・区分情報なし、詳細/役場で要確認,,2026-07-03,注意:温泉,https://resort-estate.com/detail/1800,数値不明
日本マウント 静岡県 リゾート・田舎物件,伊東市,中古戸建,中古戸建/住宅カテゴリ,静岡県伊東市富戸「大室高原別荘地」,2300,,,3000,—,—,,不明,接道・区分情報なし。建物ありだが現行法での再建築可否は役場で要確認,,2026-07-03,注意:別荘地/温泉,https://resort-estate.com/detail/1886,数値不明
日本マウント 静岡県 リゾート・田舎物件,熱海市,中古戸建,中古戸建/住宅カテゴリ,静岡県熱海市「南熱海が丘別荘地」,6000,,,3000,—,—,,不明,接道・区分情報なし。建物ありだが現行法での再建築可否は役場で要確認,,2026-07-03,注意:別荘地,https://resort-estate.com/detail/1788,数値不明
日本マウント 静岡県 リゾート・田舎物件,函南町,中古戸建,中古戸建/住宅カテゴリ,静岡県田方郡函南町「伊豆エメラルドタウン」,3750,,,3000,田,—,,不明,接道・区分情報なし。建物ありだが現行法での再建築可否は役場で要確認,,2026-07-03,NG:エメラルドタウン,https://resort-estate.com/detail/1807,数値不明
日本マウント 静岡県 リゾート・田舎物件,熱海市,中古戸建,中古戸建/住宅カテゴリ,静岡県熱海市伊豆山,9200,,,3000,—,—,,不明,接道・区分情報なし。建物ありだが現行法での再建築可否は役場で要確認,,2026-07-03,,https://resort-estate.com/detail/1915,数値不明
日本マウント 静岡県 リゾート・田舎物件,伊東市,中古戸建,中古戸建/住宅カテゴリ,静岡県伊東市「大室高原別荘地」,2380,,,3000,—,—,,不明,接道・区分情報なし。建物ありだが現行法での再建築可否は役場で要確認,,2026-07-03,注意:別荘地/温泉,https://resort-estate.com/detail/1833,数値不明
日本マウント 静岡県 リゾート・田舎物件,熱海市,更地,土地カテゴリ（建物表記なし）,物件No.1919 熱海市 西山町 中古住宅 こちらの物件は、現在会員様のみ閲覧可能です,,,,3000,—,—,,不明,接道・区分情報なし、詳細/役場で要確認,,2026-07-03,,https://resort-estate.com/detail/1919,数値不明
日本マウント 静岡県 リゾート・田舎物件,伊東市,更地,土地カテゴリ（建物表記なし）,物件No.1912 伊東市 池 中古別荘 こちらの物件は、現在会員様のみ閲覧可能です,,,,3000,—,—,,不明,接道・区分情報なし、詳細/役場で要確認,,2026-07-03,,https://resort-estate.com/detail/1912,数値不明
日本マウント 静岡県 リゾート・田舎物件,熱海市,更地,土地カテゴリ（建物表記なし）,静岡県熱海市「熱海自然郷別荘地」,2580,,,3000,—,—,,不明,接道・区分情報なし、詳細/役場で要確認,,2026-07-03,注意:別荘地/温泉,https://resort-estate.com/detail/1823,数値不明
日本マウント 静岡県 リゾート・田舎物件,伊東市,中古戸建,中古戸建/住宅カテゴリ,静岡県伊東市赤沢「天城高原別荘地」,2180,,,3000,—,—,,不明,接道・区分情報なし。建物ありだが現行法での再建築可否は役場で要確認,,2026-07-03,注意:別荘地,https://resort-estate.com/detail/1909,数値不明
日本マウント 静岡県 リゾート・田舎物件,熱海市,中古戸建,中古戸建/住宅カテゴリ,静岡県熱海市上多賀,980,,,3000,—,—,,不明,接道・区分情報なし。建物ありだが現行法での再建築可否は役場で要確認,,2026-07-03,,https://resort-estate.com/detail/1914,数値不明
日本マウント 静岡県 リゾート・田舎物件,伊東市,中古戸建,中古戸建/住宅カテゴリ,静岡県伊東市吉田,4980,,,3000,田,—,,不明,接道・区分情報なし。建物ありだが現行法での再建築可否は役場で要確認,,2026-07-03,,https://resort-estate.com/detail/1913,数値不明
日本マウント 静岡県 リゾート・田舎物件,伊東市,更地,土地カテゴリ（建物表記なし）,物件No.1911 伊東市 湯川 中古住宅 こちらの物件は、現在会員様のみ閲覧可能です,,,,3000,—,—,,不明,接道・区分情報なし、詳細/役場で要確認,,2026-07-03,,https://resort-estate.com/detail/1911,数値不明
日本マウント 静岡県 リゾート・田舎物件,熱海市,中古戸建,中古戸建/住宅カテゴリ,静岡県熱海市西熱海町２丁目,4980,,,3000,—,—,,不明,接道・区分情報なし。建物ありだが現行法での再建築可否は役場で要確認,,2026-07-03,,https://resort-estate.com/detail/1910,数値不明
日本マウント 静岡県 リゾート・田舎物件,伊東市,中古戸建,中古戸建/住宅カテゴリ,静岡県伊東市「大室高原別荘地」,1570,,,3000,—,—,,不明,接道・区分情報なし。建物ありだが現行法での再建築可否は役場で要確認,,2026-07-03,注意:別荘地/温泉,https://resort-estate.com/detail/1906,数値不明
日本マウント 静岡県 リゾート・田舎物件,熱海市,中古戸建,中古戸建/住宅カテゴリ,静岡県熱海市綱代,13000,,,3000,—,—,,不明,接道・区分情報なし。建物ありだが現行法での再建築可否は役場で要確認,,2026-07-03,注意:温泉,https://resort-estate.com/detail/1868,数値不明
日本マウント 静岡県 リゾート・田舎物件,熱海市,中古戸建,中古戸建/住宅カテゴリ,静岡県熱海市「熱海自然郷」,1300,,,3000,—,—,,不明,接道・区分情報なし。建物ありだが現行法での再建築可否は役場で要確認,,2026-07-03,注意:別荘地/温泉,https://resort-estate.com/detail/1898,数値不明
日本マウント 静岡県 リゾート・田舎物件,熱海市,中古戸建,中古戸建/住宅カテゴリ,静岡県熱海市相の原町,1480,,,3000,—,—,,不明,接道・区分情報なし。建物ありだが現行法での再建築可否は役場で要確認,,2026-07-03,,https://resort-estate.com/detail/1893,数値不明
日本マウント 静岡県 リゾート・田舎物件,熱海市,中古戸建,中古戸建/住宅カテゴリ,静岡県熱海市「網代山別荘地」,1290,,,3000,—,—,,不明,接道・区分情報なし。建物ありだが現行法での再建築可否は役場で要確認,,2026-07-03,注意:別荘地,https://resort-estate.com/detail/1814,数値不明
日本マウント 静岡県 リゾート・田舎物件,伊東市,更地,土地カテゴリ（建物表記なし）,物件No.1805 伊東市 吉田 中古住宅 こちらの物件は、現在会員様のみ閲覧可能です,,,,3000,田,—,,不明,接道・区分情報なし、詳細/役場で要確認,,2026-07-03,,https://resort-estate.com/detail/1805,数値不明
日本マウント 静岡県 リゾート・田舎物件,伊東市,中古戸建,中古戸建/住宅カテゴリ,静岡県伊東市富戸大室高原「大室高原別荘地」,2300,,,3000,—,—,,不明,接道・区分情報なし。建物ありだが現行法での再建築可否は役場で要確認,,2026-07-03,注意:別荘地/温泉,https://resort-estate.com/detail/1891,数値不明
日本マウント 静岡県 リゾート・田舎物件,伊東市,中古戸建,中古戸建/住宅カテゴリ,静岡県伊東市富戸,3750,,,3000,—,—,,不明,接道・区分情報なし。建物ありだが現行法での再建築可否は役場で要確認,,2026-07-03,,https://resort-estate.com/detail/1890,数値不明
日本マウント 静岡県 リゾート・田舎物件,函南町,更地,土地カテゴリ（建物表記なし）,物件No.1889 田方郡函南町 平井南箱根ダイヤランド 中古別荘 こちらの物件は、現在会員様のみ閲覧可能です,,,,3000,田,—,,不明,接道・区分情報なし、詳細/役場で要確認,,2026-07-03,NG:南箱根ダイヤランド,https://resort-estate.com/detail/1889,数値不明
日本マウント 静岡県 リゾート・田舎物件,熱海市,中古戸建,中古戸建/住宅カテゴリ,静岡県熱海市泉,4480,,,3000,—,—,,不明,接道・区分情報なし。建物ありだが現行法での再建築可否は役場で要確認,,2026-07-03,,https://resort-estate.com/detail/1888,数値不明
日本マウント 静岡県 リゾート・田舎物件,伊東市,中古戸建,中古戸建/住宅カテゴリ,静岡県伊東市吉田「ゴルフガーデン別荘地」,1280,,,3000,田,—,,不明,接道・区分情報なし。建物ありだが現行法での再建築可否は役場で要確認,,2026-07-03,注意:別荘地,https://resort-estate.com/detail/1883,数値不明
日本マウント 静岡県 リゾート・田舎物件,伊東市,中古戸建,中古戸建/住宅カテゴリ,静岡県伊東市赤沢「あかざわ恒陽台別荘地」,1380,,,3000,—,—,,不明,接道・区分情報なし。建物ありだが現行法での再建築可否は役場で要確認,,2026-07-03,注意:別荘地/温泉,https://resort-estate.com/detail/1881,数値不明
日本マウント 静岡県 リゾート・田舎物件,伊東市,中古戸建,中古戸建/住宅カテゴリ,静岡県伊東市「Villike八幡野ESekiya～セキヤ～」,14800,,,3000,—,—,,不明,接道・区分情報なし。建物ありだが現行法での再建築可否は役場で要確認,,2026-07-03,注意:温泉,https://resort-estate.com/detail/1879,数値不明
日本マウント 静岡県 リゾート・田舎物件,伊東市,中古戸建,中古戸建/住宅カテゴリ,静岡県伊東市「Villike大室高原Koti～コティ～」,7800,,,3000,—,—,,不明,接道・区分情報なし。建物ありだが現行法での再建築可否は役場で要確認,,2026-07-03,注意:温泉,https://resort-estate.com/detail/1878,数値不明
日本マウント 静岡県 リゾート・田舎物件,伊東市,中古戸建,中古戸建/住宅カテゴリ,静岡県伊東市富戸,13800,,,3000,—,—,,不明,接道・区分情報なし。建物ありだが現行法での再建築可否は役場で要確認,,2026-07-03,注意:温泉,https://resort-estate.com/detail/1843,数値不明
日本マウント 静岡県 リゾート・田舎物件,伊東市,中古戸建,中古戸建/住宅カテゴリ,静岡県伊東市新井,2800,,,3000,—,—,,不明,接道・区分情報なし。建物ありだが現行法での再建築可否は役場で要確認,,2026-07-03,,https://resort-estate.com/detail/1826,数値不明
日本マウント 静岡県 リゾート・田舎物件,伊東市,中古戸建,中古戸建/住宅カテゴリ,静岡県伊東市富戸,7000,,,3000,—,—,,不明,接道・区分情報なし。建物ありだが現行法での再建築可否は役場で要確認,,2026-07-03,注意:別荘地/温泉,https://resort-estate.com/detail/1828,数値不明
日本マウント 静岡県 リゾート・田舎物件,函南町,中古戸建,中古戸建/住宅カテゴリ,静岡県田方郡函南町丹那「南箱根ダイヤランド」,3180,,,3000,田,—,,不明,接道・区分情報なし。建物ありだが現行法での再建築可否は役場で要確認,,2026-07-03,注意:温泉 NG:南箱根ダイヤランド,https://resort-estate.com/detail/1870,数値不明
日本マウント 静岡県 リゾート・田舎物件,伊東市,中古戸建,中古戸建/住宅カテゴリ,静岡県伊東市十足「イトーピア別荘地」,3280,,,3000,—,—,,不明,接道・区分情報なし。建物ありだが現行法での再建築可否は役場で要確認,,2026-07-03,注意:別荘地/温泉,https://resort-estate.com/detail/1875,数値不明
日本マウント 静岡県 リゾート・田舎物件,熱海市,中古戸建,中古戸建/住宅カテゴリ,静岡県熱海市下多賀「あじろ南熱海が丘」,1800,,,3000,—,—,,不明,接道・区分情報なし。建物ありだが現行法での再建築可否は役場で要確認,,2026-07-03,注意:温泉,https://resort-estate.com/detail/1874,数値不明
日本マウント 静岡県 リゾート・田舎物件,函南町,中古戸建,中古戸建/住宅カテゴリ,静岡県田方郡函南町畑,2980,,,3000,畑,—,,不明,接道・区分情報なし。建物ありだが現行法での再建築可否は役場で要確認,,2026-07-03,注意:温泉 NG:南箱根ダイヤランド,https://resort-estate.com/detail/1873,数値不明
日本マウント 静岡県 リゾート・田舎物件,熱海市,中古戸建,中古戸建/住宅カテゴリ,静岡県熱海市上多賀,3700,,,3000,—,—,,不明,接道・区分情報なし。建物ありだが現行法での再建築可否は役場で要確認,,2026-07-03,,https://resort-estate.com/detail/1869,数値不明
日本マウント 静岡県 リゾート・田舎物件,伊東市,中古戸建,中古戸建/住宅カテゴリ,静岡県伊東市吉田,5300,,,3000,田,—,,不明,接道・区分情報なし。建物ありだが現行法での再建築可否は役場で要確認,,2026-07-03,,https://resort-estate.com/detail/1867,数値不明
日本マウント 静岡県 リゾート・田舎物件,熱海市,中古戸建,中古戸建/住宅カテゴリ,静岡県熱海市上多賀「熱海自然郷」,1480,,,3000,—,—,,不明,接道・区分情報なし。建物ありだが現行法での再建築可否は役場で要確認,,2026-07-03,注意:温泉,https://resort-estate.com/detail/1862,数値不明
日本マウント 静岡県 リゾート・田舎物件,伊東市,更地,土地カテゴリ（建物表記なし）,物件No.1860 伊東市 十足 中古別荘 こちらの物件は、現在会員様のみ閲覧可能です,,,,3000,—,—,,不明,接道・区分情報なし、詳細/役場で要確認,,2026-07-03,,https://resort-estate.com/detail/1860,数値不明
日本マウント 静岡県 リゾート・田舎物件,伊東市,更地,土地カテゴリ（建物表記なし）,物件No.1859 伊東市 赤沢 中古別荘 こちらの物件は、現在会員様のみ閲覧可能です,,,,3000,—,—,,不明,接道・区分情報なし、詳細/役場で要確認,,2026-07-03,,https://resort-estate.com/detail/1859,数値不明
日本マウント 静岡県 リゾート・田舎物件,熱海市,中古戸建,中古戸建/住宅カテゴリ,静岡県熱海市網代,15000,,,3000,—,—,,不明,接道・区分情報なし。建物ありだが現行法での再建築可否は役場で要確認,,2026-07-03,注意:温泉,https://resort-estate.com/detail/1791,数値不明
日本マウント 静岡県 リゾート・田舎物件,伊豆市,中古戸建,中古戸建/住宅カテゴリ,静岡県伊豆市堀切,2380,,,3000,—,—,,不明,接道・区分情報なし。建物ありだが現行法での再建築可否は役場で要確認,,2026-07-03,注意:温泉,https://resort-estate.com/detail/1057,数値不明
日本マウント 静岡県 リゾート・田舎物件,伊東市,中古戸建,中古戸建/住宅カテゴリ,静岡県伊東市富戸,790,,,3000,—,—,,不明,接道・区分情報なし。建物ありだが現行法での再建築可否は役場で要確認,,2026-07-03,,https://resort-estate.com/detail/1858,数値不明
日本マウント 静岡県 リゾート・田舎物件,熱海市,中古戸建,中古戸建/住宅カテゴリ,静岡県熱海市網代,990,,,3000,—,—,,不明,接道・区分情報なし。建物ありだが現行法での再建築可否は役場で要確認,,2026-07-03,注意:温泉,https://resort-estate.com/detail/1853,数値不明
日本マウント 静岡県 リゾート・田舎物件,熱海市,中古戸建,中古戸建/住宅カテゴリ,静岡県熱海市緑ガ丘町,880,,,3000,宅地,—,,不明,接道・区分情報なし。建物ありだが現行法での再建築可否は役場で要確認,,2026-07-03,,https://resort-estate.com/detail/1851,数値不明
日本マウント 静岡県 リゾート・田舎物件,熱海市,更地,土地カテゴリ（建物表記なし）,物件No.1850 熱海市 上多賀 中古別荘 こちらの物件は、現在会員様のみ閲覧可能です,,,,3000,—,—,,不明,接道・区分情報なし、詳細/役場で要確認,,2026-07-03,,https://resort-estate.com/detail/1850,数値不明
日本マウント 静岡県 リゾート・田舎物件,伊東市,更地,土地カテゴリ（建物表記なし）,物件No.1849 伊東市 宇佐美 中古別荘 こちらの物件は、現在会員様のみ閲覧可能です,,,,3000,—,—,,不明,接道・区分情報なし、詳細/役場で要確認,,2026-07-03,,https://resort-estate.com/detail/1849,数値不明
日本マウント 静岡県 リゾート・田舎物件,函南町,更地,土地カテゴリ（建物表記なし）,物件No.1847 田方郡函南町 平井 中古別荘 こちらの物件は、現在会員様のみ閲覧可能です,,,,3000,田,—,,不明,接道・区分情報なし、詳細/役場で要確認,,2026-07-03,,https://resort-estate.com/detail/1847,数値不明
日本マウント 静岡県 リゾート・田舎物件,伊東市,中古戸建,中古戸建/住宅カテゴリ,静岡県伊東市富戸,1080,,,3000,—,—,,不明,接道・区分情報なし。建物ありだが現行法での再建築可否は役場で要確認,,2026-07-03,,https://resort-estate.com/detail/1845,数値不明
日本マウント 静岡県 リゾート・田舎物件,伊東市,中古戸建,中古戸建/住宅カテゴリ,静岡県伊東市「エンゼルフォレスト伊豆赤沢」,3980,,,3000,—,—,,不明,接道・区分情報なし。建物ありだが現行法での再建築可否は役場で要確認,,2026-07-03,注意:温泉,https://resort-estate.com/detail/1844,数値不明
日本マウント 静岡県 リゾート・田舎物件,伊東市,中古戸建,中古戸建/住宅カテゴリ,静岡県伊東市富戸大室高原1丁目,4100,,,3000,—,—,,不明,接道・区分情報なし。建物ありだが現行法での再建築可否は役場で要確認,,2026-07-03,注意:温泉,https://resort-estate.com/detail/1842,数値不明
日本マウント 静岡県 リゾート・田舎物件,伊東市,中古戸建,中古戸建/住宅カテゴリ,静岡県伊東市池南大室台別荘地,2580,,,3000,田,—,,不明,接道・区分情報なし。建物ありだが現行法での再建築可否は役場で要確認,,2026-07-03,注意:別荘地,https://resort-estate.com/detail/1821,数値不明
日本マウント 静岡県 リゾート・田舎物件,伊東市,中古戸建,中古戸建/住宅カテゴリ,静岡県伊東市「大室高原（伊豆シャボテン公園）温泉別荘地」,7000,,,3000,—,—,,不明,接道・区分情報なし。建物ありだが現行法での再建築可否は役場で要確認,,2026-07-03,注意:別荘地/温泉,https://resort-estate.com/detail/1834,数値不明
日本マウント 静岡県 リゾート・田舎物件,熱海市,中古戸建,中古戸建/住宅カテゴリ,静岡県熱海市上多賀,4180,,,3000,畑,—,,不明,接道・区分情報なし。建物ありだが現行法での再建築可否は役場で要確認,,2026-07-03,,https://resort-estate.com/detail/1836,数値不明
日本マウント 静岡県 リゾート・田舎物件,熱海市,中古戸建,中古戸建/住宅カテゴリ,静岡県熱海市西熱海町2丁目,2800,,,3000,宅地,—,,不明,接道・区分情報なし。建物ありだが現行法での再建築可否は役場で要確認,,2026-07-03,,https://resort-estate.com/detail/1838,数値不明
日本マウント 静岡県 リゾート・田舎物件,函南町,更地,土地カテゴリ（建物表記なし）,物件No.1835 田方郡函南町 平井南 中古別荘 こちらの物件は、現在会員様のみ閲覧可能です,,,,3000,田,—,,不明,接道・区分情報なし、詳細/役場で要確認,,2026-07-03,,https://resort-estate.com/detail/1835,数値不明
日本マウント 静岡県 リゾート・田舎物件,伊東市,中古戸建,中古戸建/住宅カテゴリ,静岡県伊東市「大室高原別荘地」,985,,,3000,—,—,,不明,接道・区分情報なし。建物ありだが現行法での再建築可否は役場で要確認,,2026-07-03,注意:別荘地,https://resort-estate.com/detail/1832,数値不明
日本マウント 静岡県 リゾート・田舎物件,熱海市,更地,土地カテゴリ（建物表記なし）,物件No.1831 熱海市 西山町 中古別荘 こちらの物件は、現在会員様のみ閲覧可能です,,,,3000,—,—,,不明,接道・区分情報なし、詳細/役場で要確認,,2026-07-03,,https://resort-estate.com/detail/1831,数値不明
日本マウント 静岡県 リゾート・田舎物件,熱海市,中古戸建,中古戸建/住宅カテゴリ,静岡県熱海市網代,29800,,,3000,—,—,,不明,接道・区分情報なし。建物ありだが現行法での再建築可否は役場で要確認,,2026-07-03,注意:温泉,https://resort-estate.com/detail/1825,数値不明
日本マウント 静岡県 リゾート・田舎物件,熱海市,中古戸建,中古戸建/住宅カテゴリ,静岡県熱海市下多賀,1750,,,3000,—,—,,不明,接道・区分情報なし。建物ありだが現行法での再建築可否は役場で要確認,,2026-07-03,,https://resort-estate.com/detail/1813,数値不明
日本マウント 静岡県 リゾート・田舎物件,函南町,中古戸建,中古戸建/住宅カテゴリ,静岡県田方郡函南町「南箱根ダイヤランド」,998,,,3000,田,—,,不明,接道・区分情報なし。建物ありだが現行法での再建築可否は役場で要確認,,2026-07-03,注意:温泉 NG:南箱根ダイヤランド,https://resort-estate.com/detail/1810,数値不明
日本マウント 静岡県 リゾート・田舎物件,熱海市,更地,土地カテゴリ（建物表記なし）,物件No.1806 熱海市 西熱海町1丁目 中古別荘 こちらの物件は、現在会員様のみ閲覧可能です,,,,3000,—,—,,不明,接道・区分情報なし、詳細/役場で要確認,,2026-07-03,,https://resort-estate.com/detail/1806,数値不明
日本マウント 静岡県 リゾート・田舎物件,熱海市,中古戸建,中古戸建/住宅カテゴリ,静岡県熱海市下多賀,2380,,,3000,—,—,,不明,接道・区分情報なし。建物ありだが現行法での再建築可否は役場で要確認,,2026-07-03,,https://resort-estate.com/detail/1804,数値不明
日本マウント 静岡県 リゾート・田舎物件,熱海市,中古戸建,中古戸建/住宅カテゴリ,静岡県熱海市桜木町「桜沢別荘地」,16600,,,3000,—,—,,不明,接道・区分情報なし。建物ありだが現行法での再建築可否は役場で要確認,,2026-07-03,注意:別荘地,https://resort-estate.com/detail/1803,数値不明
日本マウント 静岡県 リゾート・田舎物件,伊東市,中古戸建,中古戸建/住宅カテゴリ,静岡県伊東市宇佐美「宇佐美みのりの村別荘地」,1300,,,3000,—,—,,不明,接道・区分情報なし。建物ありだが現行法での再建築可否は役場で要確認,,2026-07-03,注意:別荘地,https://resort-estate.com/detail/1801,数値不明
日本マウント 静岡県 リゾート・田舎物件,伊東市,中古戸建,中古戸建/住宅カテゴリ,静岡県伊東市宇佐美「宇佐美みのりの村」うぐいすの丘,680,,,3000,—,—,,不明,接道・区分情報なし。建物ありだが現行法での再建築可否は役場で要確認,,2026-07-03,注意:別荘地/温泉,https://resort-estate.com/detail/1799,数値不明
日本マウント 静岡県 リゾート・田舎物件,伊東市,中古戸建,中古戸建/住宅カテゴリ,静岡県伊東市十足,980,,,3000,—,—,,不明,接道・区分情報なし。建物ありだが現行法での再建築可否は役場で要確認,,2026-07-03,,https://resort-estate.com/detail/1798,数値不明
日本マウント 静岡県 リゾート・田舎物件,函南町,中古戸建,中古戸建/住宅カテゴリ,静岡県田方郡函南町畑「南箱根ダイヤランド」,1500,,,3000,畑,—,,不明,接道・区分情報なし。建物ありだが現行法での再建築可否は役場で要確認,,2026-07-03,注意:温泉 NG:南箱根ダイヤランド,https://resort-estate.com/detail/1796,数値不明
日本マウント 静岡県 リゾート・田舎物件,伊東市,中古戸建,中古戸建/住宅カテゴリ,静岡県伊東市宇佐美「宇佐美みのりの村」別荘地,650,,,3000,—,—,,不明,接道・区分情報なし。建物ありだが現行法での再建築可否は役場で要確認,,2026-07-03,注意:別荘地/温泉,https://resort-estate.com/detail/1795,数値不明
日本マウント 静岡県 リゾート・田舎物件,函南町,中古戸建,中古戸建/住宅カテゴリ,静岡県田方郡函南町「,2300,,,3000,田,—,,不明,接道・区分情報なし。建物ありだが現行法での再建築可否は役場で要確認,,2026-07-03,NG:南箱根ダイヤランド,https://resort-estate.com/detail/1793,数値不明
日本マウント 静岡県 リゾート・田舎物件,伊東市,中古戸建,中古戸建/住宅カテゴリ,静岡県伊東市「,2800,,,3000,—,—,,不明,接道・区分情報なし。建物ありだが現行法での再建築可否は役場で要確認,,2026-07-03,注意:別荘地,https://resort-estate.com/detail/1790,数値不明
日本マウント 静岡県 リゾート・田舎物件,熱海市,中古戸建,中古戸建/住宅カテゴリ,静岡県熱海市「南熱海グリーンヒル」,2250,,,3000,—,—,,不明,接道・区分情報なし。建物ありだが現行法での再建築可否は役場で要確認,,2026-07-03,注意:別荘地,https://resort-estate.com/detail/1789,数値不明
日本マウント 静岡県 リゾート・田舎物件,裾野市,中古戸建,中古戸建/住宅カテゴリ,静岡県裾野市「十里木南富士別荘地」,3980,,,3000,—,—,,不明,接道・区分情報なし。建物ありだが現行法での再建築可否は役場で要確認,,2026-07-03,注意:別荘地,https://resort-estate.com/detail/1641,数値不明
東海ヤジマ 伊豆の物件一覧（土地・戸建）,下田市,更地,土地カテゴリ（建物表記なし）,静岡県下田市六丁目720番27,38,165.0,0.8,3000,田,—,,不明,接道・区分情報なし、詳細/役場で要確認,,2026-07-04,,https://tokaiyajima.com/fudo/7072?bk=&shu=&mid=&nor=,不適合
東海ヤジマ 伊豆の物件一覧（土地・戸建）,下田市,更地,土地カテゴリ（建物表記なし）,静岡県下田市白浜字女郎山2779番3,48,172.0,0.9,3000,田,—,,不明,接道・区分情報なし、詳細/役場で要確認,,2026-07-04,,https://tokaiyajima.com/fudo/10120?bk=&shu=&mid=&nor=,不適合
東海ヤジマ 伊豆の物件一覧（土地・戸建）,下田市,更地,土地カテゴリ（建物表記なし）,静岡県下田市白浜字女郎山2779番4,48,,,3000,田,—,,不明,接道・区分情報なし、詳細/役場で要確認,,2026-07-04,注意:別荘地,https://tokaiyajima.com/fudo/10556?bk=&shu=&mid=&nor=,数値不明
東海ヤジマ 伊豆の物件一覧（土地・戸建）,下田市,中古戸建,中古戸建/住宅カテゴリ,静岡県下田市五丁目290番地3,50,,,3000,田,—,,不明,接道・区分情報なし。建物ありだが現行法での再建築可否は役場で要確認,,2026-07-04,,https://tokaiyajima.com/fudo/8803?bk=&shu=&mid=&nor=,数値不明
東海ヤジマ 伊豆の物件一覧（土地・戸建）,下田市,更地,土地カテゴリ（建物表記なし）,静岡県下田市吉佐美字万千山2357番地156　太陽苑,60,250.0,0.8,3000,田,—,,不明,接道・区分情報なし、詳細/役場で要確認,,2026-07-04,,https://tokaiyajima.com/fudo/4437?bk=&shu=&mid=&nor=,不適合
東海ヤジマ 伊豆の物件一覧（土地・戸建）,下田市,更地,土地カテゴリ（建物表記なし）,"静岡県下田市吉佐美字万千山2357-18,19",68,,,3000,田,—,,不明,接道・区分情報なし、詳細/役場で要確認,,2026-07-04,,https://tokaiyajima.com/fudo/2649?bk=&shu=&mid=&nor=,数値不明
東海ヤジマ 伊豆の物件一覧（土地・戸建）,下田市,中古戸建,中古戸建/住宅カテゴリ,静岡県下田市宇土金293番地,115,,,3000,畑,—,,不明,接道・区分情報なし。建物ありだが現行法での再建築可否は役場で要確認,,2026-07-04,,https://tokaiyajima.com/fudo/10570?bk=&shu=&mid=&nor=,数値不明
東海ヤジマ 伊豆の物件一覧（土地・戸建）,東伊豆町,更地,土地カテゴリ（建物表記なし）,静岡県賀茂郡東伊豆町奈良本字仲道1067番,156,171.9,3.0,3000,宅地,—,,不明,接道・区分情報なし、詳細/役場で要確認,,2026-07-04,,https://tokaiyajima.com/fudo/3253?bk=&shu=&mid=&nor=,不適合
東海ヤジマ 伊豆の物件一覧（土地・戸建）,南伊豆町,更地,土地カテゴリ（建物表記なし）,静岡県賀茂郡南伊豆町妻良字根木藪2038番1,158,4263.8,0.1,3000,田,—,,不明,接道・区分情報なし、詳細/役場で要確認,,2026-07-04,,https://tokaiyajima.com/fudo/10281?bk=&shu=&mid=&nor=,適合
東海ヤジマ 伊豆の物件一覧（土地・戸建）,下田市,更地,土地カテゴリ（建物表記なし）,静岡県下田市５丁目３７番（808-2）,168,,,3000,田,—,,不明,接道・区分情報なし、詳細/役場で要確認,,2026-07-04,,https://tokaiyajima.com/fudo/1053?bk=&shu=&mid=&nor=,数値不明
東海ヤジマ 伊豆の物件一覧（土地・戸建）,南伊豆町,更地,土地カテゴリ（建物表記なし）,静岡県賀茂郡南伊豆町手石字湯坂1348-9他,198,,,3000,田,—,,不明,接道・区分情報なし、詳細/役場で要確認,,2026-07-04,注意:温泉,https://tokaiyajima.com/fudo/3971?bk=os2&shu=&mid=&nor=,数値不明
東海ヤジマ 伊豆の物件一覧（土地・戸建）,伊東市,更地,土地カテゴリ（建物表記なし）,静岡県伊東市荻字荻峰472番70,198,159.1,4.1,3000,—,—,,不明,接道・区分情報なし、詳細/役場で要確認,,2026-07-04,注意:管理費/温泉,https://tokaiyajima.com/fudo/5990?bk=os2&shu=&mid=&nor=,不適合
東海ヤジマ 伊豆の物件一覧（土地・戸建）,東伊豆町,中古戸建,中古戸建/住宅カテゴリ,静岡県賀茂郡東伊豆町奈良本字小マトウ1521番地149　大林熱川別荘,198,,,3000,—,—,,不明,接道・区分情報なし。建物ありだが現行法での再建築可否は役場で要確認,,2026-07-04,注意:別荘地,https://tokaiyajima.com/fudo/7728?bk=os2&shu=&mid=&nor=,数値不明
東海ヤジマ 伊豆の物件一覧（土地・戸建）,南伊豆町,更地,土地カテゴリ（建物表記なし）,静岡県賀茂郡南伊豆町石井字外畑289番地1,248,509.1,1.6,3000,畑,—,,不明,接道・区分情報なし、詳細/役場で要確認,,2026-07-04,,https://tokaiyajima.com/fudo/5475?bk=os2&shu=&mid=&nor=,不適合
東海ヤジマ 伊豆の物件一覧（土地・戸建）,伊東市,更地,土地カテゴリ（建物表記なし）,静岡県伊東市鎌田字宇佐美美畑1076-123、124,273,,,3000,畑,—,,不明,接道・区分情報なし、詳細/役場で要確認,,2026-07-04,,https://tokaiyajima.com/fudo/1816?bk=os2&shu=&mid=&nor=,数値不明
東海ヤジマ 伊豆の物件一覧（土地・戸建）,下田市,更地,土地カテゴリ（建物表記なし）,静岡県下田市加増野字稲ゴ田３８番２　他３筆,300,426.0,2.3,3000,田,—,,不明,接道・区分情報なし、詳細/役場で要確認,,2026-07-04,,https://tokaiyajima.com/fudo/4824?bk=os2&shu=&mid=&nor=,不適合
東海ヤジマ 伊豆の物件一覧（土地・戸建）,南伊豆町,更地,土地カテゴリ（建物表記なし）,静岡県賀茂郡南伊豆町伊浜字長野2722番41,306,2525.1,0.4,3000,田,—,,不明,接道・区分情報なし、詳細/役場で要確認,,2026-07-04,,https://tokaiyajima.com/fudo/7839?bk=os2&shu=&mid=&nor=,適合
東海ヤジマ 伊豆の物件一覧（土地・戸建）,下田市,更地,土地カテゴリ（建物表記なし）,静岡県下田市高馬70番1,325,123.4,8.7,3000,田,—,,不明,接道・区分情報なし、詳細/役場で要確認,,2026-07-04,,https://tokaiyajima.com/fudo/4382?bk=os2&shu=&mid=&nor=,不適合
東海ヤジマ 伊豆の物件一覧（土地・戸建）,南伊豆町,更地,土地カテゴリ（建物表記なし）,静岡県賀茂郡南伊豆町湊字前川955番3,330,,,3000,田,—,,不明,接道・区分情報なし、詳細/役場で要確認,,2026-07-04,,https://tokaiyajima.com/fudo/10344?bk=os2&shu=&mid=&nor=,数値不明
東海ヤジマ 伊豆の物件一覧（土地・戸建）,南伊豆町,中古戸建,中古戸建/住宅カテゴリ,静岡県賀茂郡南伊豆町妻良字東条518番地,350,,,3000,田,—,,不明,接道・区分情報なし。建物ありだが現行法での再建築可否は役場で要確認,,2026-07-04,,https://tokaiyajima.com/fudo/6927?bk=os2&shu=&mid=&nor=,数値不明
東海ヤジマ 伊豆の物件一覧（土地・戸建）,下田市,中古戸建,中古戸建/住宅カテゴリ,静岡県下田市須崎字尾竹山1190番地46,350,,,3000,田,—,,不明,接道・区分情報なし。建物ありだが現行法での再建築可否は役場で要確認,,2026-07-04,,https://tokaiyajima.com/fudo/8475?bk=os2&shu=&mid=&nor=,数値不明
東海ヤジマ 伊豆の物件一覧（土地・戸建）,南伊豆町,更地,土地カテゴリ（建物表記なし）,静岡県賀茂郡南伊豆町下賀茂字中崎602-4地,400,,,3000,田,—,,不明,接道・区分情報なし、詳細/役場で要確認,,2026-07-04,注意:温泉,https://tokaiyajima.com/fudo/1637?bk=os2&shu=&mid=&nor=,数値不明
東海ヤジマ 伊豆の物件一覧（土地・戸建）,下田市,更地,土地カテゴリ（建物表記なし）,静岡県下田市字金原原山2455-25,400,,,3000,田,—,,不明,接道・区分情報なし、詳細/役場で要確認,,2026-07-04,,https://tokaiyajima.com/fudo/1647?bk=os2&shu=&mid=&nor=,数値不明
東海ヤジマ 伊豆の物件一覧（土地・戸建）,南伊豆町,中古戸建,中古戸建/住宅カテゴリ,静岡県賀茂郡南伊豆町妻良字西谷747-1,420,,,3000,田,—,,不明,接道・区分情報なし。建物ありだが現行法での再建築可否は役場で要確認,,2026-07-04,,https://tokaiyajima.com/fudo/8200?bk=os2&shu=&mid=&nor=,数値不明
東海ヤジマ 伊豆の物件一覧（土地・戸建）,下田市,更地,土地カテゴリ（建物表記なし）,静岡県下田市須崎57-1　アーバンヒルズ下田リゾート,450,,,3000,田,—,,不明,接道・区分情報なし、詳細/役場で要確認,,2026-07-13,注意:管理費/温泉,https://tokaiyajima.com/fudo/7956?bk=os2&shu=&mid=&nor=,数値不明
東海ヤジマ 伊豆の物件一覧（土地・戸建）,下田市,更地,土地カテゴリ（建物表記なし）,静岡県下田市柿崎8-6,498,,,3000,宅地,—,,不明,接道・区分情報なし、詳細/役場で要確認,,2026-07-04,,https://tokaiyajima.com/fudo/11080?bk=os2&shu=&mid=&nor=,数値不明
東海ヤジマ 伊豆の物件一覧（土地・戸建）,伊豆市,更地,土地カテゴリ（建物表記なし）,静岡県伊豆市小下田字宮脇2307外4筆,498,,,3000,田,—,,不明,接道・区分情報なし、詳細/役場で要確認,,2026-07-11,,https://tokaiyajima.com/fudo/11237?bk=os2&shu=&mid=&nor=,数値不明
東海ヤジマ 伊豆の物件一覧（土地・戸建）,南伊豆町,更地,土地カテゴリ（建物表記なし）,静岡県賀茂郡南伊豆町伊浜字天神山2708番35,523,3457.2,0.5,3000,畑,—,,不明,接道・区分情報なし、詳細/役場で要確認,,2026-07-04,,https://tokaiyajima.com/fudo/7942?bk=os2&shu=&mid=&nor=,適合
東海ヤジマ 伊豆の物件一覧（土地・戸建）,下田市,更地,土地カテゴリ（建物表記なし）,静岡県下田市東中15-12、15,547,129.5,14.0,3000,宅地,—,,不明,接道・区分情報なし、詳細/役場で要確認,,2026-07-04,,https://tokaiyajima.com/fudo/10545?bk=os2&shu=&mid=&nor=,不適合
東海ヤジマ 伊豆の物件一覧（土地・戸建）,南伊豆町,更地,土地カテゴリ（建物表記なし）,静岡県賀茂郡南伊豆町湊字椎ヶ下286-20他,548,266.0,6.8,3000,田,—,,不明,接道・区分情報なし、詳細/役場で要確認,,2026-07-08,,https://tokaiyajima.com/fudo/11213?bk=os2&shu=&mid=&nor=,不適合
東海ヤジマ 伊豆の物件一覧（土地・戸建）,伊東市,更地,土地カテゴリ（建物表記なし）,静岡県伊東市富戸字水口1108番25,580,3701.5,0.5,3000,—,—,,不明,接道・区分情報なし、詳細/役場で要確認,,2026-07-04,,https://tokaiyajima.com/fudo/3887?bk=os2&shu=&mid=&nor=,適合
東海ヤジマ 伊豆の物件一覧（土地・戸建）,下田市,更地,土地カテゴリ（建物表記なし）,静岡県下田市須崎57-1　アーバンヒルズ下田リゾート,580,,,3000,田,—,,不明,接道・区分情報なし、詳細/役場で要確認,,2026-07-13,注意:管理費/温泉,https://tokaiyajima.com/fudo/10934?bk=os2&shu=&mid=&nor=,数値不明
東海ヤジマ 伊豆の物件一覧（土地・戸建）,南伊豆町,更地,土地カテゴリ（建物表記なし）,静岡県賀茂郡南伊豆町伊浜字里田837番1他2筆,600,420.0,4.7,3000,田,—,,不明,接道・区分情報なし、詳細/役場で要確認,,2026-07-13,,https://tokaiyajima.com/fudo/5312?bk=os2&shu=&mid=&nor=,不適合
東海ヤジマ 伊豆の物件一覧（土地・戸建）,南伊豆町,更地,土地カテゴリ（建物表記なし）,静岡県賀茂郡南伊豆町加納379番地21他,620,254.5,8.1,3000,田,—,,不明,接道・区分情報なし、詳細/役場で要確認,,2026-07-04,,https://tokaiyajima.com/fudo/10644?bk=os2&shu=&mid=&nor=,不適合
東海ヤジマ 伊豆の物件一覧（土地・戸建）,南伊豆町,更地,土地カテゴリ（建物表記なし）,静岡県賀茂郡南伊豆町上賀茂字本多537-1,652,,,3000,田,—,,不明,接道・区分情報なし、詳細/役場で要確認,,2026-07-04,,https://tokaiyajima.com/fudo/1451?bk=os2&shu=&mid=&nor=,数値不明
東海ヤジマ 伊豆の物件一覧（土地・戸建）,下田市,更地,土地カテゴリ（建物表記なし）,静岡県下田市六丁目,680,148.0,15.2,3000,田,—,,不明,接道・区分情報なし、詳細/役場で要確認,,2026-07-04,,https://tokaiyajima.com/fudo/5371?bk=os2&shu=&mid=&nor=,不適合
東海ヤジマ 伊豆の物件一覧（土地・戸建）,下田市,更地,土地カテゴリ（建物表記なし）,静岡県下田市敷根592番3,680,,,3000,田,—,,不明,接道・区分情報なし、詳細/役場で要確認,,2026-07-04,,https://tokaiyajima.com/fudo/2638?bk=os2&shu=&mid=&nor=,数値不明
東海ヤジマ 伊豆の物件一覧（土地・戸建）,南伊豆町,更地,土地カテゴリ（建物表記なし）,静岡県賀茂郡南伊豆町湊字椎ヶ下286-21他,682,363.0,6.2,3000,田,—,,不明,接道・区分情報なし、詳細/役場で要確認,,2026-07-08,,https://tokaiyajima.com/fudo/11234?bk=os2&shu=&mid=&nor=,不適合
東海ヤジマ 伊豆の物件一覧（土地・戸建）,西伊豆町,更地,土地カテゴリ（建物表記なし）,静岡県賀茂郡西伊豆町田子字浜田1033番4,750,,,3000,宅地,—,,不明,接道・区分情報なし、詳細/役場で要確認,,2026-07-04,,https://tokaiyajima.com/fudo/2862?bk=os2&shu=&mid=&nor=,数値不明
東海ヤジマ 伊豆の物件一覧（土地・戸建）,下田市,中古戸建,中古戸建/住宅カテゴリ,静岡県下田市吉佐美2112-39,750,,,3000,田,—,,不明,接道・区分情報なし。建物ありだが現行法での再建築可否は役場で要確認,,2026-07-04,,https://tokaiyajima.com/fudo/11058?bk=os2&shu=&mid=&nor=,数値不明
東海ヤジマ 伊豆の物件一覧（土地・戸建）,下田市,更地,土地カテゴリ（建物表記なし）,静岡県下田市大賀茂字元林146番31,795,268.4,9.8,3000,田,—,,不明,接道・区分情報なし、詳細/役場で要確認,,2026-07-04,,https://tokaiyajima.com/fudo/2720?bk=os2&shu=&mid=&nor=,不適合
東海ヤジマ 伊豆の物件一覧（土地・戸建）,伊東市,更地,土地カテゴリ（建物表記なし）,"静岡県伊東市八幡野字萩ヶ洞1077-2,5",798,1755.4,1.5,3000,—,—,,不明,接道・区分情報なし、詳細/役場で要確認,,2026-07-04,,https://tokaiyajima.com/fudo/1854?bk=os2&shu=&mid=&nor=,適合
東海ヤジマ 伊豆の物件一覧（土地・戸建）,下田市,更地,土地カテゴリ（建物表記なし）,静岡県下田市1丁目614番6,798,141.9,18.6,3000,田,—,,不明,接道・区分情報なし、詳細/役場で要確認,,2026-07-04,,https://tokaiyajima.com/fudo/4144?bk=os2&shu=&mid=&nor=,不適合
東海ヤジマ 伊豆の物件一覧（土地・戸建）,下田市,更地,土地カテゴリ（建物表記なし）,静岡県下田市河内字上湯原181番4　他3筆,880,250.6,11.6,3000,田,—,,不明,接道・区分情報なし、詳細/役場で要確認,,2026-07-04,,https://tokaiyajima.com/fudo/9385?bk=os2&shu=&mid=&nor=,不適合
東海ヤジマ 伊豆の物件一覧（土地・戸建）,下田市,更地,土地カテゴリ（建物表記なし）,"静岡県下田市5丁目1139-11,-12",980,362.0,8.9,3000,田,—,,不明,接道・区分情報なし、詳細/役場で要確認,,2026-07-04,,https://tokaiyajima.com/fudo/8851?bk=os2&shu=&mid=&nor=,不適合
東海ヤジマ 伊豆の物件一覧（土地・戸建）,下田市,更地,土地カテゴリ（建物表記なし）,静岡県下田市蓮台寺字山崎276番地2,980,,,3000,田,—,,不明,接道・区分情報なし、詳細/役場で要確認,,2026-07-04,注意:温泉,https://tokaiyajima.com/fudo/10613?bk=os2&shu=&mid=&nor=,数値不明
東海ヤジマ 伊豆の物件一覧（土地・戸建）,東伊豆町,更地,土地カテゴリ（建物表記なし）,静岡県賀茂郡東伊豆町稲取1939-6,980,318.4,10.2,3000,—,—,,不明,接道・区分情報なし、詳細/役場で要確認,,2026-07-04,,https://tokaiyajima.com/fudo/5775?bk=os2&shu=&mid=&nor=,不適合
東海ヤジマ 伊豆の物件一覧（土地・戸建）,伊東市,中古戸建,中古戸建/住宅カテゴリ,静岡県伊東市池字坂上５６９番地３,982,,,3000,—,—,,不明,接道・区分情報なし。建物ありだが現行法での再建築可否は役場で要確認,,2026-07-13,,https://tokaiyajima.com/fudo/8242?bk=os2&shu=&mid=&nor=,数値不明
東海ヤジマ 伊豆の物件一覧（土地・戸建）,南伊豆町,更地,土地カテゴリ（建物表記なし）,静岡県賀茂郡南伊豆町青市字蒲谷坪546番7,1050,990.0,3.5,3000,田,—,,不明,接道・区分情報なし、詳細/役場で要確認,,2026-07-04,,https://tokaiyajima.com/fudo/10412?bk=os2&shu=&mid=&nor=,不適合
東海ヤジマ 伊豆の物件一覧（土地・戸建）,下田市,更地,土地カテゴリ（建物表記なし）,静岡県下田市須崎字川上734番1他5筆,1080,275.5,13.0,3000,田,—,,不明,接道・区分情報なし、詳細/役場で要確認,,2026-07-04,,https://tokaiyajima.com/fudo/8581?bk=os2&shu=&mid=&nor=,不適合
東海ヤジマ 伊豆の物件一覧（土地・戸建）,下田市,更地,土地カテゴリ（建物表記なし）,静岡県下田市白浜字一色85番地1,1180,,,3000,田,—,,不明,接道・区分情報なし、詳細/役場で要確認,,2026-07-04,,https://tokaiyajima.com/fudo/8727?bk=os2&shu=&mid=&nor=,数値不明
東海ヤジマ 伊豆の物件一覧（土地・戸建）,下田市,更地,土地カテゴリ（建物表記なし）,静岡県下田市河内字松尾494番1 他5筆,1192,600.0,6.6,3000,田,—,,不明,接道・区分情報なし、詳細/役場で要確認,,2026-07-04,,https://tokaiyajima.com/fudo/10967?bk=os2&shu=&mid=&nor=,不適合
東海ヤジマ 伊豆の物件一覧（土地・戸建）,下田市,中古戸建,中古戸建/住宅カテゴリ,静岡県下田市白浜字浜302番地,1200,,,3000,田,—,,不明,接道・区分情報なし。建物ありだが現行法での再建築可否は役場で要確認,,2026-07-04,,https://tokaiyajima.com/fudo/10225?bk=os2&shu=&mid=&nor=,数値不明
東海ヤジマ 伊豆の物件一覧（土地・戸建）,南伊豆町,更地,土地カテゴリ（建物表記なし）,静岡県賀茂郡南伊豆町湊字小谷戸1709番12,1200,330.0,12.0,3000,田,—,,不明,接道・区分情報なし、詳細/役場で要確認,,2026-07-04,,https://tokaiyajima.com/fudo/7232?bk=os2&shu=&mid=&nor=,不適合
東海ヤジマ 伊豆の物件一覧（土地・戸建）,下田市,更地,土地カテゴリ（建物表記なし）,静岡県下田市吉佐美字亜相2750番地14　リゾート129碁石が浜P-Ⅱ,1280,,,3000,田,—,,不明,接道・区分情報なし、詳細/役場で要確認,,2026-07-04,注意:管理費,https://tokaiyajima.com/fudo/5040?bk=os2&shu=&mid=&nor=,数値不明
東海ヤジマ 伊豆の物件一覧（土地・戸建）,下田市,中古戸建,中古戸建/住宅カテゴリ,静岡県下田市田牛字奥之入350番地6,1280,,,3000,田,—,,不明,接道・区分情報なし。建物ありだが現行法での再建築可否は役場で要確認,,2026-07-04,,https://tokaiyajima.com/fudo/10824?bk=os2&shu=&mid=&nor=,数値不明
東海ヤジマ 伊豆の物件一覧（土地・戸建）,下田市,中古戸建,中古戸建/住宅カテゴリ,静岡県下田市吉佐美字裏畑山2113番地7他,1360,,,3000,畑,—,,不明,接道・区分情報なし。建物ありだが現行法での再建築可否は役場で要確認,,2026-07-22,,https://tokaiyajima.com/fudo/11364?bk=os2&shu=&mid=&nor=,数値不明
東海ヤジマ 伊豆の物件一覧（土地・戸建）,下田市,中古戸建,中古戸建/住宅カテゴリ,静岡県下田市河内字上湯原184-1他,1380,,,3000,田,—,,不明,接道・区分情報なし。建物ありだが現行法での再建築可否は役場で要確認,,2026-07-04,,https://tokaiyajima.com/fudo/9167?bk=os2&shu=&mid=&nor=,数値不明
東海ヤジマ 伊豆の物件一覧（土地・戸建）,下田市,更地,土地カテゴリ（建物表記なし）,静岡県下田市大賀茂字澗原810-1,1480,34382.0,0.1,3000,田,—,,不明,接道・区分情報なし、詳細/役場で要確認,,2026-07-04,,https://tokaiyajima.com/fudo/10293?bk=os2&shu=&mid=&nor=,適合
東海ヤジマ 伊豆の物件一覧（土地・戸建）,南伊豆町,更地,土地カテゴリ（建物表記なし）,静岡県賀茂郡南伊豆町湊字月間216番3,1580,667.8,7.8,3000,田,—,,不明,接道・区分情報なし、詳細/役場で要確認,,2026-07-04,,https://tokaiyajima.com/fudo/10434?bk=os2&shu=&mid=&nor=,不適合
東海ヤジマ 伊豆の物件一覧（土地・戸建）,下田市,中古戸建,中古戸建/住宅カテゴリ,静岡県下田市立野字中之瀬207番地1,1680,681.0,8.2,3000,田,—,,不明,接道・区分情報なし。建物ありだが現行法での再建築可否は役場で要確認,,2026-07-04,,https://tokaiyajima.com/fudo/10452?bk=os2&shu=&mid=&nor=,不適合
東海ヤジマ 伊豆の物件一覧（土地・戸建）,伊豆市,更地,土地カテゴリ（建物表記なし）,静岡県伊豆市土肥3492番地22,1680,,,3000,—,—,,不明,接道・区分情報なし、詳細/役場で要確認,,2026-07-13,,https://tokaiyajima.com/fudo/8275?bk=os2&shu=&mid=&nor=,数値不明
東海ヤジマ 伊豆の物件一覧（土地・戸建）,下田市,更地,土地カテゴリ（建物表記なし）,静岡県下田市白浜字先山2637番19他,1684,428.2,13.0,3000,田,—,,不明,接道・区分情報なし、詳細/役場で要確認,,2026-07-04,,https://tokaiyajima.com/fudo/3644?bk=os2&shu=&mid=&nor=,不適合
東海ヤジマ 伊豆の物件一覧（土地・戸建）,伊東市,更地,土地カテゴリ（建物表記なし）,静岡県伊東市広野四丁目4-2　小林電気工業　伊東支店ビル,1840,,,3000,—,—,,不明,接道・区分情報なし、詳細/役場で要確認,,2026-07-21,,https://tokaiyajima.com/fudo/11321?bk=os2&shu=&mid=&nor=,数値不明
東海ヤジマ 伊豆の物件一覧（土地・戸建）,東伊豆町,更地,土地カテゴリ（建物表記なし）,静岡県賀茂郡東伊豆町白田322番地10　他,1860,,,3000,田,—,,不明,接道・区分情報なし、詳細/役場で要確認,,2026-07-07,,https://tokaiyajima.com/fudo/11174?bk=os2&shu=&mid=&nor=,数値不明
東海ヤジマ 伊豆の物件一覧（土地・戸建）,下田市,更地,土地カテゴリ（建物表記なし）,静岡県下田市５丁目　下田市５丁目【土地・山林】,1980,4222.9,1.5,3000,田,—,,不明,接道・区分情報なし、詳細/役場で要確認,,2026-07-04,,https://tokaiyajima.com/fudo/976?bk=os2&shu=&mid=&nor=,適合
東海ヤジマ 伊豆の物件一覧（土地・戸建）,下田市,更地,土地カテゴリ（建物表記なし）,静岡県下田市吉佐美２３２５-１他,1980,3676.2,1.8,3000,田,—,,不明,接道・区分情報なし、詳細/役場で要確認,,2026-07-04,注意:温泉,https://tokaiyajima.com/fudo/1003?bk=os2&shu=&mid=&nor=,適合
東海ヤジマ 伊豆の物件一覧（土地・戸建）,伊東市,更地,土地カテゴリ（建物表記なし）,静岡県伊東市竹ノ内２丁目9-13,1980,535.5,12.2,3000,—,—,,不明,接道・区分情報なし、詳細/役場で要確認,,2026-07-04,,https://tokaiyajima.com/fudo/4200?bk=os2&shu=&mid=&nor=,不適合
東海ヤジマ 伊豆の物件一覧（土地・戸建）,下田市,更地,土地カテゴリ（建物表記なし）,静岡県下田市東中3番２,2005,368.2,18.0,3000,田,—,,不明,接道・区分情報なし、詳細/役場で要確認,,2026-07-04,,https://tokaiyajima.com/fudo/2784?bk=os2&shu=&mid=&nor=,不適合
東海ヤジマ 伊豆の物件一覧（土地・戸建）,下田市,中古戸建,中古戸建/住宅カテゴリ,静岡県下田市白浜字上平瀬2532-1他,2380,2783.5,2.8,3000,田,—,,不明,接道・区分情報なし。建物ありだが現行法での再建築可否は役場で要確認,,2026-07-04,,https://tokaiyajima.com/fudo/9907?bk=os2&shu=&mid=&nor=,適合
東海ヤジマ 伊豆の物件一覧（土地・戸建）,熱海市,更地,土地カテゴリ（建物表記なし）,静岡県熱海市上多賀字横山1087、1088,2500,2964.1,2.8,3000,—,—,,不明,接道・区分情報なし、詳細/役場で要確認,,2026-07-04,,https://tokaiyajima.com/fudo/10128?bk=os2&shu=&mid=&nor=,適合
東海ヤジマ 伊豆の物件一覧（土地・戸建）,下田市,中古戸建,中古戸建/住宅カテゴリ,"静岡県下田市吉佐美1448-9,1449-2",2700,,,3000,田,—,,不明,接道・区分情報なし。建物ありだが現行法での再建築可否は役場で要確認,,2026-07-04,,https://tokaiyajima.com/fudo/9755?bk=os2&shu=&mid=&nor=,数値不明
東海ヤジマ 伊豆の物件一覧（土地・戸建）,下田市,更地,土地カテゴリ（建物表記なし）,静岡県下田市田牛682-4　リゾート129 葛石が浜パートV,2700,,,3000,田,—,,不明,接道・区分情報なし、詳細/役場で要確認,,2026-07-04,注意:管理費,https://tokaiyajima.com/fudo/9763?bk=os2&shu=&mid=&nor=,数値不明
東海ヤジマ 伊豆の物件一覧（土地・戸建）,南伊豆町,中古戸建,中古戸建/住宅カテゴリ,静岡県賀茂郡南伊豆町一條字水平1063他,2980,21980.1,0.4,3000,田,—,,不明,接道・区分情報なし。建物ありだが現行法での再建築可否は役場で要確認,,2026-07-04,,https://tokaiyajima.com/fudo/9668?bk=os2&shu=&mid=&nor=,適合
東海ヤジマ 伊豆の物件一覧（土地・戸建）,下田市,更地,土地カテゴリ（建物表記なし）,静岡県下田市大賀茂字道下り1035-8　ホテル森のしずく,3800,,,3000,田,—,,不明,接道・区分情報なし、詳細/役場で要確認,,2026-07-04,,https://tokaiyajima.com/fudo/2463?bk=os2&shu=&mid=&nor=,数値不明
東海ヤジマ 伊豆の物件一覧（土地・戸建）,下田市,更地,土地カテゴリ（建物表記なし）,静岡県下田市吉佐美字多々戸45番2,3950,554.8,23.5,3000,田,—,,不明,接道・区分情報なし、詳細/役場で要確認,,2026-07-04,,https://tokaiyajima.com/fudo/5126?bk=os2&shu=&mid=&nor=,不適合
東海ヤジマ 伊豆の物件一覧（土地・戸建）,南伊豆町,中古戸建,中古戸建/住宅カテゴリ,静岡県賀茂郡南伊豆町湊480番地,3980,476.0,27.6,3000,田,—,,不明,接道・区分情報なし。建物ありだが現行法での再建築可否は役場で要確認,,2026-07-04,,https://tokaiyajima.com/fudo/11149?bk=os2&shu=&mid=&nor=,不適合
東海ヤジマ 伊豆の物件一覧（土地・戸建）,下田市,更地,土地カテゴリ（建物表記なし）,静岡県下田市須崎字釜ノ上1724番1　他1筆,4330,7964.2,1.8,3000,田,—,,不明,接道・区分情報なし、詳細/役場で要確認,,2026-07-04,,https://tokaiyajima.com/fudo/8829?bk=os2&shu=&mid=&nor=,不適合
東海ヤジマ 伊豆の物件一覧（土地・戸建）,下田市,更地,土地カテゴリ（建物表記なし）,静岡県下田市白浜字三保ヶ﨑2754番41他1筆,5500,,,3000,田,—,,不明,接道・区分情報なし、詳細/役場で要確認,,2026-07-04,,https://tokaiyajima.com/fudo/9403?bk=os2&shu=&mid=&nor=,数値不明
東海ヤジマ 伊豆の物件一覧（土地・戸建）,下田市,更地,土地カテゴリ（建物表記なし）,静岡県下田市西本郷1-3-7　エスパーダ西本郷,6000,,,3000,田,—,,不明,接道・区分情報なし、詳細/役場で要確認,,2026-07-04,,https://tokaiyajima.com/fudo/6546?bk=os2&shu=&mid=&nor=,数値不明
東海ヤジマ 伊豆の物件一覧（土地・戸建）,下田市,更地,土地カテゴリ（建物表記なし）,静岡県下田市白浜字浜409-1　漁師料理 ゑび満,6300,,,3000,田,—,,不明,接道・区分情報なし、詳細/役場で要確認,,2026-07-04,,https://tokaiyajima.com/fudo/6039?bk=os2&shu=&mid=&nor=,数値不明
東海ヤジマ 伊豆の物件一覧（土地・戸建）,下田市,更地,土地カテゴリ（建物表記なし）,静岡県下田市東中11-8　エスパーダ下田,7800,,,3000,田,—,,不明,接道・区分情報なし、詳細/役場で要確認,,2026-07-04,,https://tokaiyajima.com/fudo/6568?bk=os2&shu=&mid=&nor=,数値不明
東海ヤジマ 伊豆の物件一覧（土地・戸建）,下田市,更地,土地カテゴリ（建物表記なし）,静岡県下田市須崎字越瀬1634-1,7900,,,3000,田,—,,不明,接道・区分情報なし、詳細/役場で要確認,,2026-07-04,,https://tokaiyajima.com/fudo/6008?bk=os2&shu=&mid=&nor=,数値不明
東海ヤジマ 伊豆の物件一覧（土地・戸建）,下田市,更地,土地カテゴリ（建物表記なし）,静岡県下田市柿崎字矢合1092番地2他,7980,,,3000,田,—,,不明,接道・区分情報なし、詳細/役場で要確認,,2026-07-04,,https://tokaiyajima.com/fudo/8642?bk=os2&shu=&mid=&nor=,数値不明
東海ヤジマ 伊豆の物件一覧（土地・戸建）,南伊豆町,更地,土地カテゴリ（建物表記なし）,静岡県賀茂郡南伊豆町青市字折尾根下ノ久保1082番地1　エスパーダ青市,,,,3000,田,—,,不明,接道・区分情報なし、詳細/役場で要確認,,2026-07-04,,https://tokaiyajima.com/fudo/6554?bk=os2&shu=&mid=&nor=,数値不明
東海ヤジマ 伊豆の物件一覧（土地・戸建）,南伊豆町,更地,土地カテゴリ（建物表記なし）,静岡県賀茂郡南伊豆町石廊崎150,,,,3000,田,—,,不明,接道・区分情報なし、詳細/役場で要確認,,2026-07-04,,https://tokaiyajima.com/fudo/7397?bk=os2&shu=&mid=&nor=,数値不明
東海ヤジマ 伊豆の物件一覧（土地・戸建）,下田市,更地,土地カテゴリ（建物表記なし）,静岡県下田市5丁目,,42763.6,,3000,宅地,—,,不明,接道・区分情報なし、詳細/役場で要確認,,2026-07-04,,https://tokaiyajima.com/fudo/1241?bk=os2&shu=&mid=&nor=,数値不明
東海ヤジマ 伊豆の物件一覧（土地・戸建）,下田市,更地,土地カテゴリ（建物表記なし）,静岡県下田市柿崎25-36　ピニエール下田,,,,3000,田,—,,不明,接道・区分情報なし、詳細/役場で要確認,,2026-07-04,,https://tokaiyajima.com/fudo/6491?bk=os2&shu=&mid=&nor=,数値不明
東海ヤジマ 伊豆の物件一覧（土地・戸建）,下田市,更地,土地カテゴリ（建物表記なし）,静岡県下田市吉佐美字前磯697他,,,,3000,田,—,,不明,接道・区分情報なし、詳細/役場で要確認,,2026-07-04,注意:温泉,https://tokaiyajima.com/fudo/9855?bk=os2&shu=&mid=&nor=,数値不明
東海ヤジマ 伊豆の物件一覧（土地・戸建）,熱海市,中古戸建,中古戸建/住宅カテゴリ,静岡県熱海市網代547-21,,,,3000,—,—,,不明,接道・区分情報なし。建物ありだが現行法での再建築可否は役場で要確認,,2026-07-04,,https://tokaiyajima.com/fudo/8507?bk=os2&shu=&mid=&nor=,数値不明
田舎暮らし物件.com（いなかも家探し） 伊豆エリア,伊東市,更地,土地カテゴリ（建物表記なし）,伊東市 富戸,4500,,,3000,—,—,,不明,接道・区分情報なし、詳細/役場で要確認,,2026-07-04,注意:温泉,https://resort-bukken.com/detail/4803,数値不明
田舎暮らし物件.com（いなかも家探し） 伊豆エリア,伊東市,中古戸建,中古戸建/住宅カテゴリ,伊東市 宇佐美,400,,,3000,—,—,,不明,接道・区分情報なし。建物ありだが現行法での再建築可否は役場で要確認,,2026-07-04,,https://resort-bukken.com/detail/4794,数値不明
田舎暮らし物件.com（いなかも家探し） 伊豆エリア,東伊豆町,更地,土地カテゴリ（建物表記なし）,賀茂郡東伊豆町 白田,51,,,3000,田,—,,不明,接道・区分情報なし、詳細/役場で要確認,,2026-07-04,,https://resort-bukken.com/detail/4494,数値不明
田舎暮らし物件.com（いなかも家探し） 伊豆エリア,東伊豆町,更地,土地カテゴリ（建物表記なし）,賀茂郡東伊豆町 白田,95,,,3000,田,—,,不明,接道・区分情報なし、詳細/役場で要確認,,2026-07-04,注意:別荘地/温泉,https://resort-bukken.com/detail/4493,数値不明
田舎暮らし物件.com（いなかも家探し） 伊豆エリア,伊豆市,中古戸建,中古戸建/住宅カテゴリ,伊豆市 冷川,300,,,3000,—,—,,不明,接道・区分情報なし。建物ありだが現行法での再建築可否は役場で要確認,,2026-07-04,注意:別荘地,https://resort-bukken.com/detail/4198,数値不明
田舎暮らし物件.com（いなかも家探し） 伊豆エリア,伊東市,更地,土地カテゴリ（建物表記なし）,伊東市 富戸,60,,,3000,—,—,,不明,接道・区分情報なし、詳細/役場で要確認,,2026-07-04,注意:別荘地,https://resort-bukken.com/detail/5033,数値不明
田舎暮らし物件.com（いなかも家探し） 伊豆エリア,伊豆の国市,中古戸建,中古戸建/住宅カテゴリ,伊豆の国市 三福,3650,,,3000,—,—,,不明,接道・区分情報なし。建物ありだが現行法での再建築可否は役場で要確認,,2026-07-04,注意:温泉,https://resort-bukken.com/detail/4808,数値不明
田舎暮らし物件.com（いなかも家探し） 伊豆エリア,伊豆の国市,更地,土地カテゴリ（建物表記なし）,伊豆の国市 韮山山木,300,,,3000,—,—,,不明,接道・区分情報なし、詳細/役場で要確認,,2026-07-04,注意:別荘地/温泉 NG:富士見ニュータウン,https://resort-bukken.com/detail/4769,数値不明
田舎暮らし物件.com（いなかも家探し） 伊豆エリア,伊豆市,中古戸建,中古戸建/住宅カテゴリ,伊豆市 上白岩,,,,3000,田,—,,不明,接道・区分情報なし。建物ありだが現行法での再建築可否は役場で要確認,,2026-07-04,注意:別荘地,https://resort-bukken.com/detail/4331,数値不明
田舎暮らし物件.com（いなかも家探し） 伊豆エリア,東伊豆町,更地,土地カテゴリ（建物表記なし）,賀茂郡東伊豆町 大川,1350,,,3000,—,—,,不明,接道・区分情報なし、詳細/役場で要確認,,2026-07-04,,https://resort-bukken.com/detail/2998,数値不明
田舎暮らし物件.com（いなかも家探し） 伊豆エリア,伊東市,更地,土地カテゴリ（建物表記なし）,伊東市 赤沢,150,,,3000,—,—,,不明,接道・区分情報なし、詳細/役場で要確認,,2026-07-04,注意:別荘地/温泉,https://resort-bukken.com/detail/2711,数値不明
田舎暮らし物件.com（いなかも家探し） 伊豆エリア,伊東市,更地,土地カテゴリ（建物表記なし）,伊東市 八幡野,440,,,3000,—,—,,不明,接道・区分情報なし、詳細/役場で要確認,,2026-07-04,注意:温泉,https://resort-bukken.com/detail/1226,数値不明
田舎暮らし物件.com（いなかも家探し） 伊豆エリア,伊東市,中古戸建,中古戸建/住宅カテゴリ,伊東市 吉田,4980,,,3000,田,—,,不明,接道・区分情報なし。建物ありだが現行法での再建築可否は役場で要確認,,2026-07-04,,https://resort-bukken.com/detail/4933,数値不明
田舎暮らし物件.com（いなかも家探し） 伊豆エリア,伊東市,中古戸建,中古戸建/住宅カテゴリ,伊東市 富戸,1580,,,3000,—,—,,不明,接道・区分情報なし。建物ありだが現行法での再建築可否は役場で要確認,,2026-07-04,注意:別荘地,https://resort-bukken.com/detail/4922,数値不明
田舎暮らし物件.com（いなかも家探し） 伊豆エリア,伊東市,中古戸建,中古戸建/住宅カテゴリ,伊東市 富戸,2480,,,3000,—,—,,不明,接道・区分情報なし。建物ありだが現行法での再建築可否は役場で要確認,,2026-07-04,,https://resort-bukken.com/detail/4904,数値不明
田舎暮らし物件.com（いなかも家探し） 伊豆エリア,伊東市,中古戸建,中古戸建/住宅カテゴリ,伊東市 大室高原,2300,,,3000,—,—,,不明,接道・区分情報なし。建物ありだが現行法での再建築可否は役場で要確認,,2026-07-04,注意:別荘地,https://resort-bukken.com/detail/4873,数値不明
田舎暮らし物件.com（いなかも家探し） 伊豆エリア,伊東市,中古戸建,中古戸建/住宅カテゴリ,伊東市 大室高原,2300,,,3000,—,—,,不明,接道・区分情報なし。建物ありだが現行法での再建築可否は役場で要確認,,2026-07-04,注意:温泉,https://resort-bukken.com/detail/4853,数値不明
田舎暮らし物件.com（いなかも家探し） 伊豆エリア,伊東市,中古戸建,中古戸建/住宅カテゴリ,伊東市 赤沢,980,,,3000,—,—,,不明,接道・区分情報なし。建物ありだが現行法での再建築可否は役場で要確認,,2026-07-05,注意:別荘地/温泉,https://resort-bukken.com/detail/4850,数値不明
田舎暮らし物件.com（いなかも家探し） 伊豆エリア,伊東市,更地,土地カテゴリ（建物表記なし）,伊東市 富戸,1300,,,3000,—,—,,不明,接道・区分情報なし、詳細/役場で要確認,,2026-07-04,注意:温泉,https://resort-bukken.com/detail/4827,数値不明
田舎暮らし物件.com（いなかも家探し） 伊豆エリア,伊東市,中古戸建,中古戸建/住宅カテゴリ,伊東市 八幡野,14800,,,3000,—,—,,不明,接道・区分情報なし。建物ありだが現行法での再建築可否は役場で要確認,,2026-07-04,注意:温泉,https://resort-bukken.com/detail/4825,数値不明
田舎暮らし物件.com（いなかも家探し） 伊豆エリア,伊東市,中古戸建,中古戸建/住宅カテゴリ,伊東市 富戸,7800,,,3000,—,—,,不明,接道・区分情報なし。建物ありだが現行法での再建築可否は役場で要確認,,2026-07-04,注意:温泉,https://resort-bukken.com/detail/4821,数値不明
田舎暮らし物件.com（いなかも家探し） 伊豆エリア,伊東市,中古戸建,中古戸建/住宅カテゴリ,伊東市 吉田,5300,,,3000,田,—,,不明,接道・区分情報なし。建物ありだが現行法での再建築可否は役場で要確認,,2026-07-04,,https://resort-bukken.com/detail/4809,数値不明
田舎暮らし物件.com（いなかも家探し） 伊豆エリア,伊東市,中古戸建,中古戸建/住宅カテゴリ,伊東市 赤沢,3980,,,3000,—,—,,不明,接道・区分情報なし。建物ありだが現行法での再建築可否は役場で要確認,,2026-07-04,注意:温泉,https://resort-bukken.com/detail/4778,数値不明
田舎暮らし物件.com（いなかも家探し） 伊豆エリア,伊東市,中古戸建,中古戸建/住宅カテゴリ,伊東市 大室高原,4100,,,3000,—,—,,不明,接道・区分情報なし。建物ありだが現行法での再建築可否は役場で要確認,,2026-07-04,注意:温泉,https://resort-bukken.com/detail/4777,数値不明
田舎暮らし物件.com（いなかも家探し） 伊豆エリア,伊東市,中古戸建,中古戸建/住宅カテゴリ,伊東市 池,7000,,,3000,—,—,,不明,接道・区分情報なし。建物ありだが現行法での再建築可否は役場で要確認,,2026-07-11,注意:別荘地/温泉,https://resort-bukken.com/detail/4766,数値不明
田舎暮らし物件.com（いなかも家探し） 伊豆エリア,伊東市,中古戸建,中古戸建/住宅カテゴリ,伊東市 大室高原,2380,,,3000,—,—,,不明,接道・区分情報なし。建物ありだが現行法での再建築可否は役場で要確認,,2026-07-11,注意:別荘地/温泉,https://resort-bukken.com/detail/4765,数値不明
田舎暮らし物件.com（いなかも家探し） 伊豆エリア,伊東市,中古戸建,中古戸建/住宅カテゴリ,伊東市 大室高原,985,,,3000,—,—,,不明,接道・区分情報なし。建物ありだが現行法での再建築可否は役場で要確認,,2026-07-11,注意:別荘地,https://resort-bukken.com/detail/4764,数値不明
田舎暮らし物件.com（いなかも家探し） 伊豆エリア,伊東市,中古戸建,中古戸建/住宅カテゴリ,伊東市 富戸,7000,,,3000,—,—,,不明,接道・区分情報なし。建物ありだが現行法での再建築可否は役場で要確認,,2026-07-11,注意:別荘地/温泉,https://resort-bukken.com/detail/4759,数値不明
田舎暮らし物件.com（いなかも家探し） 伊豆エリア,伊東市,中古戸建,中古戸建/住宅カテゴリ,伊東市 池,2580,,,3000,田,—,,不明,接道・区分情報なし。建物ありだが現行法での再建築可否は役場で要確認,,2026-07-11,注意:別荘地,https://resort-bukken.com/detail/4753,数値不明
田舎暮らし物件.com（いなかも家探し） 伊豆エリア,伊東市,中古戸建,中古戸建/住宅カテゴリ,伊東市 十足,980,,,3000,—,—,,不明,接道・区分情報なし。建物ありだが現行法での再建築可否は役場で要確認,,2026-07-11,,https://resort-bukken.com/detail/4735,数値不明
田舎暮らし物件.com（いなかも家探し） 伊豆エリア,伊東市,中古戸建,中古戸建/住宅カテゴリ,伊東市 宇佐美,1300,,,3000,—,—,,不明,接道・区分情報なし。建物ありだが現行法での再建築可否は役場で要確認,,2026-07-11,注意:別荘地,https://resort-bukken.com/detail/4734,数値不明
田舎暮らし物件.com（いなかも家探し） 伊豆エリア,伊東市,中古戸建,中古戸建/住宅カテゴリ,伊東市 赤沢,2980,,,3000,—,—,,不明,接道・区分情報なし。建物ありだが現行法での再建築可否は役場で要確認,,2026-07-19,注意:別荘地/温泉,https://resort-bukken.com/detail/4732,数値不明
田舎暮らし物件.com（いなかも家探し） 伊豆エリア,伊東市,中古戸建,中古戸建/住宅カテゴリ,伊東市 宇佐美,650,,,3000,—,—,,不明,接道・区分情報なし。建物ありだが現行法での再建築可否は役場で要確認,,2026-07-11,注意:別荘地/温泉,https://resort-bukken.com/detail/4730,数値不明
田舎暮らし物件.com（いなかも家探し） 伊豆エリア,伊東市,更地,土地カテゴリ（建物表記なし）,伊東市 富戸,3980,,,3000,—,—,,不明,接道・区分情報なし、詳細/役場で要確認,,2026-07-11,,https://resort-bukken.com/detail/4716,数値不明
田舎暮らし物件.com（いなかも家探し） 伊豆エリア,伊東市,中古戸建,中古戸建/住宅カテゴリ,伊東市 八幡野,7990,,,3000,—,—,,不明,接道・区分情報なし。建物ありだが現行法での再建築可否は役場で要確認,,2026-07-11,注意:温泉,https://resort-bukken.com/detail/4623,数値不明
田舎暮らし物件.com（いなかも家探し） 伊豆エリア,伊東市,中古戸建,中古戸建/住宅カテゴリ,伊東市 富戸,6800,,,3000,—,—,,不明,接道・区分情報なし。建物ありだが現行法での再建築可否は役場で要確認,,2026-07-11,注意:別荘地/温泉,https://resort-bukken.com/detail/4421,数値不明
田舎暮らし物件.com（いなかも家探し） 伊豆エリア,伊豆市,更地,土地カテゴリ（建物表記なし）,伊豆市 矢熊,280,,,3000,—,—,,不明,接道・区分情報なし、詳細/役場で要確認,,2026-07-11,,https://resort-bukken.com/detail/3569,数値不明
田舎暮らし物件.com（いなかも家探し） 伊豆エリア,伊東市,更地,土地カテゴリ（建物表記なし）,伊東市 吉田,1000,,,3000,田,—,,不明,接道・区分情報なし、詳細/役場で要確認,,2026-07-11,,https://resort-bukken.com/detail/3490,数値不明
田舎暮らし物件.com（いなかも家探し） 伊豆エリア,伊豆市,更地,土地カテゴリ（建物表記なし）,伊豆市 上白岩,,,,3000,—,—,,不明,接道・区分情報なし、詳細/役場で要確認,,2026-07-11,注意:別荘地,https://resort-bukken.com/detail/2645,数値不明
田舎暮らし物件.com（いなかも家探し） 伊豆エリア,伊東市,中古戸建,中古戸建/住宅カテゴリ,伊東市 宇佐美,1500,,,3000,田,—,,不明,接道・区分情報なし。建物ありだが現行法での再建築可否は役場で要確認,,2026-07-11,注意:温泉,https://resort-bukken.com/detail/2297,数値不明
田舎暮らし物件.com（いなかも家探し） 伊豆エリア,伊東市,中古戸建,中古戸建/住宅カテゴリ,伊東市 富戸,2480,,,3000,—,—,,不明,接道・区分情報なし。建物ありだが現行法での再建築可否は役場で要確認,,2026-07-11,,https://resort-bukken.com/detail/2294,数値不明
田舎暮らし物件.com（いなかも家探し） 伊豆エリア,東伊豆町,更地,土地カテゴリ（建物表記なし）,賀茂郡東伊豆町 白田,4500,,,3000,田,—,,不明,接道・区分情報なし、詳細/役場で要確認,,2026-07-11,,https://resort-bukken.com/detail/1944,数値不明
田舎暮らし物件.com（いなかも家探し） 伊豆エリア,伊東市,中古戸建,中古戸建/住宅カテゴリ,伊東市 宇佐美,,,,3000,田,—,,不明,接道・区分情報なし。建物ありだが現行法での再建築可否は役場で要確認,,2026-07-11,,https://resort-bukken.com/detail/1809,数値不明
田舎暮らし物件.com（いなかも家探し） 伊豆エリア,伊東市,中古戸建,中古戸建/住宅カテゴリ,伊東市 八幡野,2950,,,3000,田,—,,不明,接道・区分情報なし。建物ありだが現行法での再建築可否は役場で要確認,,2026-07-11,,https://resort-bukken.com/detail/1010,数値不明
田舎暮らし物件.com（いなかも家探し） 伊豆エリア,伊豆市,更地,土地カテゴリ（建物表記なし）,伊豆市 堀切,2380,,,3000,—,—,,不明,接道・区分情報なし、詳細/役場で要確認,,2026-07-11,注意:温泉,https://resort-bukken.com/detail/728,数値不明
ふるさと情報館 静岡県,伊東市,更地,土地カテゴリ（建物表記なし）,静岡県 伊東市,2780,510.1,18.0,3000,—,—,,不明,接道・区分情報なし、詳細/役場で要確認,,2026-07-12,注意:温泉,https://furusato-net.co.jp/bukken/18396a,不適合
ふるさと情報館 静岡県,南伊豆町,更地,土地カテゴリ（建物表記なし）,静岡県 南伊豆町,,501.8,,3000,—,—,,不明,接道・区分情報なし、詳細/役場で要確認,,2026-07-12,,https://furusato-net.co.jp/bukken/18277a,数値不明
CHINTAI 鳥取市,鳥取市,賃貸アパート,賃貸カテゴリ（掲載種別）,鳥取県鳥取市賀露町北3丁目,5.3,48.3,,5,—,—,,—,賃貸のため対象外,,2026-07-24,,https://www.chintai.net/detail/bk-C030000200000000000009770002/,不適合
CHINTAI 鳥取市,鳥取市,賃貸アパート,賃貸カテゴリ（掲載種別）,鳥取県鳥取市湖山町南2丁目,6.6,54.4,,5,—,—,,—,賃貸のため対象外,,2026-07-24,,https://www.chintai.net/detail/bk-C030000200000000000011970002/,不適合
CHINTAI 鳥取市,鳥取市,賃貸アパート,賃貸カテゴリ（掲載種別）,鳥取県鳥取市湖山町南5丁目,4.5,30.0,,5,—,—,,—,賃貸のため対象外,,2026-07-24,,https://www.chintai.net/detail/bk-C030000200000000000009210002/,適合
CHINTAI 鳥取市,鳥取市,賃貸アパート,賃貸カテゴリ（掲載種別）,鳥取県鳥取市吉成南町2丁目,4.3,28.0,,5,—,—,,—,賃貸のため対象外,,2026-07-24,,https://www.chintai.net/detail/bk-C030000980000000000007020004/,適合
CHINTAI 鳥取市,鳥取市,賃貸アパート,賃貸カテゴリ（掲載種別）,鳥取県鳥取市秋里,6.1,52.5,,5,—,—,,—,賃貸のため対象外,,2026-07-24,,https://www.chintai.net/detail/bk-C030000980000000000012580001/,不適合
CHINTAI 鳥取市,鳥取市,賃貸アパート,賃貸カテゴリ（掲載種別）,鳥取県鳥取市江津,3.9,35.0,,5,—,—,,—,賃貸のため対象外,,2026-07-24,,https://www.chintai.net/detail/bk-C030000980000000000006450001/,適合
CHINTAI 鳥取市,鳥取市,賃貸アパート,賃貸カテゴリ（掲載種別）,鳥取県鳥取市江津,4.5,35.4,,5,—,—,,—,賃貸のため対象外,,2026-07-24,,https://www.chintai.net/detail/bk-C030000980000000000006450003/,適合
CHINTAI 鳥取市,鳥取市,賃貸アパート,賃貸カテゴリ（掲載種別）,鳥取県鳥取市江津,4.5,35.4,,5,—,—,,—,賃貸のため対象外,,2026-07-24,,https://www.chintai.net/detail/bk-C030000200000000000012900001/,適合
CHINTAI 鳥取市,鳥取市,賃貸アパート,賃貸カテゴリ（掲載種別）,鳥取県鳥取市正蓮寺,4.5,35.4,,5,—,—,,—,賃貸のため対象外,,2026-07-24,,https://www.chintai.net/detail/bk-C030000980000000000015930004/,適合
CHINTAI 鳥取市,鳥取市,賃貸アパート,賃貸カテゴリ（掲載種別）,鳥取県鳥取市正蓮寺,5.5,35.4,,5,—,—,,—,賃貸のため対象外,,2026-07-24,,https://www.chintai.net/detail/bk-C030000980000000000015930003/,不適合
CHINTAI 鳥取市,鳥取市,賃貸アパート,賃貸カテゴリ（掲載種別）,鳥取県鳥取市寿町,5.6,50.8,,5,—,—,,—,賃貸のため対象外,,2026-07-24,,https://www.chintai.net/detail/bk-C030000980000000000013340001/,不適合
CHINTAI 鳥取市,鳥取市,賃貸アパート,賃貸カテゴリ（掲載種別）,鳥取県鳥取市吉方,5.7,43.2,,5,—,—,,—,賃貸のため対象外,,2026-07-24,,https://www.chintai.net/detail/bk-C030000980000000000012130002/,不適合
CHINTAI 鳥取市,鳥取市,賃貸アパート,賃貸カテゴリ（掲載種別）,鳥取県鳥取市新,3.6,28.3,,5,—,—,,—,賃貸のため対象外,,2026-07-24,,https://www.chintai.net/detail/bk-C030000980000000000019820006/,適合
CHINTAI 鳥取市,鳥取市,賃貸アパート,賃貸カテゴリ（掲載種別）,鳥取県鳥取市卯垣1丁目,6.7,65.9,,5,—,—,,—,賃貸のため対象外,,2026-07-24,,https://www.chintai.net/detail/bk-C030000980000000000015890002/,不適合
CHINTAI 鳥取市,鳥取市,賃貸アパート,賃貸カテゴリ（掲載種別）,鳥取県鳥取市国府町稲葉丘3丁目,5.5,40.3,,5,—,—,,—,賃貸のため対象外,,2026-07-24,,https://www.chintai.net/detail/bk-C030000980000000000014180005/,不適合
CHINTAI 鳥取市,鳥取市,賃貸アパート,賃貸カテゴリ（掲載種別）,鳥取県鳥取市浜坂,5.6,45.0,,5,—,—,,—,賃貸のため対象外,,2026-07-24,,https://www.chintai.net/detail/bk-C030000200000000000012410003/,不適合
CHINTAI 鳥取市,鳥取市,賃貸アパート,賃貸カテゴリ（掲載種別）,鳥取県鳥取市浜坂,5.6,45.0,,5,—,—,,—,賃貸のため対象外,,2026-07-24,,https://www.chintai.net/detail/bk-C030000980000000000018880008/,不適合
CHINTAI 鳥取市,鳥取市,賃貸アパート,賃貸カテゴリ（掲載種別）,鳥取県鳥取市浜坂,5.7,45.0,,5,—,—,,—,賃貸のため対象外,,2026-07-24,,https://www.chintai.net/detail/bk-C030000980000000000018880009/,不適合
CHINTAI 鳥取市,鳥取市,賃貸アパート,賃貸カテゴリ（掲載種別）,鳥取県鳥取市浜坂3丁目,6.6,40.1,,5,—,—,,—,賃貸のため対象外,,2026-07-24,,https://www.chintai.net/detail/bk-C030000200000000000010310005/,不適合
CHINTAI 鳥取市,鳥取市,賃貸アパート,賃貸カテゴリ（掲載種別）,鳥取県鳥取市吉成,6.9,70.4,,5,—,—,,—,賃貸のため対象外,,2026-07-24,,https://www.chintai.net/detail/bk-C030000200000000000011150004/,不適合
CHINTAI 鳥取市,鳥取市,賃貸アパート,賃貸カテゴリ（掲載種別）,鳥取県鳥取市浜坂3丁目,5.45,40.1,,5,—,—,,—,賃貸のため対象外,,2026-07-24,,https://www.chintai.net/detail/bk-C030000200000000000007710008/,不適合
CHINTAI 鳥取市,鳥取市,賃貸アパート,賃貸カテゴリ（掲載種別）,鳥取県鳥取市浜坂3丁目,5.45,40.1,,5,—,—,,—,賃貸のため対象外,,2026-07-24,,https://www.chintai.net/detail/bk-C030000980000000000015490001/,不適合
CHINTAI 鳥取市,鳥取市,賃貸アパート,賃貸カテゴリ（掲載種別）,鳥取県鳥取市浜坂,5.35,59.6,,5,—,—,,—,賃貸のため対象外,,2026-07-24,,https://www.chintai.net/detail/bk-C030000980000000000020450005/,不適合
CHINTAI 鳥取市,鳥取市,賃貸アパート,賃貸カテゴリ（掲載種別）,鳥取県鳥取市的場2丁目,5.3,54.6,,5,—,—,,—,賃貸のため対象外,,2026-07-24,,https://www.chintai.net/detail/bk-C030000980000000000022130001/,不適合
CHINTAI 鳥取市,鳥取市,賃貸アパート,賃貸カテゴリ（掲載種別）,鳥取県鳥取市浜坂1丁目,6.6,40.1,,5,—,—,,—,賃貸のため対象外,,2026-07-24,,https://www.chintai.net/detail/bk-C030000980000000000020260001/,不適合
CHINTAI 鳥取市,鳥取市,賃貸アパート,賃貸カテゴリ（掲載種別）,鳥取県鳥取市浜坂3丁目,8.7,52.6,,5,—,—,,—,賃貸のため対象外,,2026-07-24,,https://www.chintai.net/detail/bk-C030000200000000000014890004/,不適合
CHINTAI 鳥取市,鳥取市,賃貸アパート,賃貸カテゴリ（掲載種別）,鳥取県鳥取市浜坂3丁目,8.9,52.6,,5,—,—,,—,賃貸のため対象外,,2026-07-24,,https://www.chintai.net/detail/bk-C030000200000000000014890003/,不適合
CHINTAI 鳥取市,鳥取市,賃貸アパート,賃貸カテゴリ（掲載種別）,鳥取県鳥取市浜坂3丁目,7.45,43.3,,5,—,—,,—,賃貸のため対象外,,2026-07-24,,https://www.chintai.net/detail/bk-C030000200000000000014890002/,不適合
CHINTAI 鳥取市,鳥取市,賃貸マンション,賃貸カテゴリ（掲載種別）,鳥取県鳥取市岩倉467-15,4.42,53.1,,5,—,—,,—,賃貸のため対象外,,2026-07-24,,https://www.chintai.net/detail/bk-C010099500000061620102060206/,適合
CHINTAI 鳥取市,鳥取市,賃貸アパート,賃貸カテゴリ（掲載種別）,鳥取県鳥取市桜谷,5.4,50.1,,5,—,—,,—,賃貸のため対象外,,2026-07-24,,https://www.chintai.net/detail/bk-C030000980000000000014040004/,不適合
CHINTAI 鳥取市,鳥取市,賃貸アパート,賃貸カテゴリ（掲載種別）,鳥取県鳥取市興南町,4.0,26.2,,5,—,—,,—,賃貸のため対象外,,2026-07-24,,https://www.chintai.net/detail/bk-C030000980000000000014880001/,適合
CHINTAI 鳥取市,鳥取市,賃貸アパート,賃貸カテゴリ（掲載種別）,鳥取県鳥取市興南町,4.1,26.2,,5,—,—,,—,賃貸のため対象外,,2026-07-24,,https://www.chintai.net/detail/bk-C030000980000000000014880024/,適合
CHINTAI 鳥取市,鳥取市,賃貸アパート,賃貸カテゴリ（掲載種別）,鳥取県鳥取市興南町,4.1,26.2,,5,—,—,,—,賃貸のため対象外,,2026-07-24,,https://www.chintai.net/detail/bk-C030000980000000000014880033/,適合
CHINTAI 鳥取市,鳥取市,賃貸マンション,賃貸カテゴリ（掲載種別）,鳥取県鳥取市岩倉,6.4,63.6,,5,—,—,,—,賃貸のため対象外,,2026-07-24,,https://www.chintai.net/detail/bk-C030000980000000000003250010/,不適合
CHINTAI 鳥取市,鳥取市,賃貸アパート,賃貸カテゴリ（掲載種別）,鳥取県鳥取市吉成,4.6,35.8,,5,—,—,,—,賃貸のため対象外,,2026-07-24,,https://www.chintai.net/detail/bk-C030000980000000000002210013/,適合
CHINTAI 鳥取市,鳥取市,賃貸アパート,賃貸カテゴリ（掲載種別）,鳥取県鳥取市覚寺,5.8,53.8,,5,—,—,,—,賃貸のため対象外,,2026-07-24,,https://www.chintai.net/detail/bk-C030000980000000000009850005/,不適合
CHINTAI 鳥取市,鳥取市,賃貸アパート,賃貸カテゴリ（掲載種別）,鳥取県鳥取市吉成,6.1,35.1,,5,—,—,,—,賃貸のため対象外,,2026-07-24,,https://www.chintai.net/detail/bk-C030000980000000000010230007/,不適合
CHINTAI 鳥取市,鳥取市,賃貸アパート,賃貸カテゴリ（掲載種別）,鳥取県鳥取市田島,6.2,55.4,,5,—,—,,—,賃貸のため対象外,,2026-07-24,,https://www.chintai.net/detail/bk-C030000980000000000015920004/,不適合
CHINTAI 鳥取市,鳥取市,賃貸アパート,賃貸カテゴリ（掲載種別）,鳥取県鳥取市田島,6.4,55.4,,5,—,—,,—,賃貸のため対象外,,2026-07-24,,https://www.chintai.net/detail/bk-C030000200000000000012210003/,不適合
CHINTAI 鳥取市,鳥取市,賃貸アパート,賃貸カテゴリ（掲載種別）,鳥取県鳥取市田島,6.4,55.4,,5,—,—,,—,賃貸のため対象外,,2026-07-24,,https://www.chintai.net/detail/bk-C030000980000000000015920005/,不適合
CHINTAI 鳥取市,鳥取市,賃貸マンション,賃貸カテゴリ（掲載種別）,鳥取県鳥取市天神町,4.2,25.2,,5,—,—,,—,賃貸のため対象外,,2026-07-24,,https://www.chintai.net/detail/bk-C030000980000000000018890018/,適合
CHINTAI 鳥取市,鳥取市,賃貸マンション,賃貸カテゴリ（掲載種別）,鳥取県鳥取市天神町,4.1,25.2,,5,—,—,,—,賃貸のため対象外,,2026-07-24,,https://www.chintai.net/detail/bk-C030000980000000000018890004/,適合
CHINTAI 鳥取市,鳥取市,賃貸マンション,賃貸カテゴリ（掲載種別）,鳥取県鳥取市天神町,4.2,25.2,,5,—,—,,—,賃貸のため対象外,,2026-07-24,,https://www.chintai.net/detail/bk-C030000980000000000018890042/,適合
CHINTAI 鳥取市,鳥取市,賃貸アパート,賃貸カテゴリ（掲載種別）,鳥取県鳥取市国府町新通り2丁目,6.8,89.4,,5,—,—,,—,賃貸のため対象外,,2026-07-24,,https://www.chintai.net/detail/bk-C030000980000000000006230003/,不適合
CHINTAI 鳥取市,鳥取市,賃貸アパート,賃貸カテゴリ（掲載種別）,鳥取県鳥取市国府町新通り2丁目,6.9,89.4,,5,—,—,,—,賃貸のため対象外,,2026-07-24,,https://www.chintai.net/detail/bk-C030000980000000000006230001/,不適合
CHINTAI 鳥取市,鳥取市,賃貸アパート,賃貸カテゴリ（掲載種別）,鳥取県鳥取市松並町2丁目,3.6,35.4,,5,田,—,,—,賃貸のため対象外,,2026-07-24,,https://www.chintai.net/detail/bk-C030000980000000000005060004/,適合
CHINTAI 鳥取市,鳥取市,賃貸アパート,賃貸カテゴリ（掲載種別）,鳥取県鳥取市寿町,4.0,32.0,,5,—,—,,—,賃貸のため対象外,,2026-07-24,,https://www.chintai.net/detail/bk-C030000980000000000004800004/,適合
CHINTAI 鳥取市,鳥取市,賃貸アパート,賃貸カテゴリ（掲載種別）,鳥取県鳥取市吉成,5.3,48.4,,5,—,—,,—,賃貸のため対象外,,2026-07-24,,https://www.chintai.net/detail/bk-C030000980000000000008680002/,不適合
CHINTAI 鳥取市,鳥取市,賃貸アパート,賃貸カテゴリ（掲載種別）,鳥取県鳥取市雲山,5.8,40.3,,5,—,—,,—,賃貸のため対象外,,2026-07-24,,https://www.chintai.net/detail/bk-C030000980000000000012560001/,不適合
CHINTAI 鳥取市,鳥取市,賃貸アパート,賃貸カテゴリ（掲載種別）,鳥取県鳥取市秋里,6.2,38.3,,5,—,—,,—,賃貸のため対象外,,2026-07-24,,https://www.chintai.net/detail/bk-C030000200000000000013250013/,不適合
CHINTAI 鳥取市,鳥取市,賃貸アパート,賃貸カテゴリ（掲載種別）,鳥取県鳥取市秋里,6.2,38.4,,5,—,—,,—,賃貸のため対象外,,2026-07-24,,https://www.chintai.net/detail/bk-C030000980000000000022590004/,不適合
CHINTAI 鳥取市,鳥取市,賃貸アパート,賃貸カテゴリ（掲載種別）,鳥取県鳥取市湖山町南3丁目,5.6,43.0,,5,—,—,,—,賃貸のため対象外,,2026-07-24,,https://www.chintai.net/detail/bk-C030000200000000000013000002/,不適合
CHINTAI 鳥取市,鳥取市,賃貸アパート,賃貸カテゴリ（掲載種別）,鳥取県鳥取市古市,5.15,32.4,,5,—,—,,—,賃貸のため対象外,,2026-07-24,,https://www.chintai.net/detail/bk-C030000200000000000012180007/,不適合
CHINTAI 鳥取市,鳥取市,賃貸アパート,賃貸カテゴリ（掲載種別）,鳥取県鳥取市安長,7.9,42.3,,5,—,—,,—,賃貸のため対象外,,2026-07-24,,https://www.chintai.net/detail/bk-C030000200000000000014880011/,不適合
CHINTAI 鳥取市,鳥取市,賃貸アパート,賃貸カテゴリ（掲載種別）,鳥取県鳥取市安長,7.7,42.3,,5,—,—,,—,賃貸のため対象外,,2026-07-24,,https://www.chintai.net/detail/bk-C030000200000000000014880010/,不適合
CHINTAI 鳥取市,鳥取市,賃貸アパート,賃貸カテゴリ（掲載種別）,鳥取県鳥取市安長,7.7,42.3,,5,—,—,,—,賃貸のため対象外,,2026-07-24,,https://www.chintai.net/detail/bk-C030000200000000000014880008/,不適合
CHINTAI 鳥取市,鳥取市,賃貸アパート,賃貸カテゴリ（掲載種別）,鳥取県鳥取市古海,6.15,32.7,,5,—,—,,—,賃貸のため対象外,,2026-07-24,,https://www.chintai.net/detail/bk-C030000980000000000021020004/,不適合
CHINTAI 鳥取市,鳥取市,賃貸アパート,賃貸カテゴリ（掲載種別）,鳥取県鳥取市古海,6.15,45.6,,5,—,—,,—,賃貸のため対象外,,2026-07-24,,https://www.chintai.net/detail/bk-C030000200000000000010580005/,不適合
CHINTAI 鳥取市,鳥取市,賃貸マンション,賃貸カテゴリ（掲載種別）,鳥取県鳥取市南安長2丁目,6.65,41.0,,5,—,—,,—,賃貸のため対象外,,2026-07-24,,https://www.chintai.net/detail/bk-C030000980000000000017800010/,不適合
CHINTAI 鳥取市,鳥取市,賃貸マンション,賃貸カテゴリ（掲載種別）,鳥取県鳥取市南安長2丁目,6.65,41.0,,5,—,—,,—,賃貸のため対象外,,2026-07-24,,https://www.chintai.net/detail/bk-C030000200000000000008920006/,不適合
CHINTAI 鳥取市,鳥取市,賃貸その他,賃貸カテゴリ（掲載種別）,鳥取県鳥取市商栄町,6.8,50.8,,5,—,—,,—,賃貸のため対象外,,2026-07-24,,https://www.chintai.net/detail/bk-C030000200000000000002180028/,不適合
CHINTAI 鳥取市,鳥取市,賃貸アパート,賃貸カテゴリ（掲載種別）,鳥取県鳥取市緑ケ丘2丁目,4.2,38.0,,5,—,—,,—,賃貸のため対象外,,2026-07-24,,https://www.chintai.net/detail/bk-C030000200000000000014200001/,適合
CHINTAI 鳥取市,鳥取市,賃貸アパート,賃貸カテゴリ（掲載種別）,鳥取県鳥取市緑ケ丘2丁目,3.6,35.4,,5,—,—,,—,賃貸のため対象外,,2026-07-24,,https://www.chintai.net/detail/bk-C030000200000000000008530008/,適合
CHINTAI 鳥取市,鳥取市,賃貸アパート,賃貸カテゴリ（掲載種別）,鳥取県鳥取市円護寺,4.6,43.8,,5,—,—,,—,賃貸のため対象外,,2026-07-24,,https://www.chintai.net/detail/bk-C030000200000000000014070002/,適合
CHINTAI 鳥取市,鳥取市,賃貸アパート,賃貸カテゴリ（掲載種別）,鳥取県鳥取市円護寺,4.6,43.8,,5,—,—,,—,賃貸のため対象外,,2026-07-24,,https://www.chintai.net/detail/bk-C030000980000000000013320004/,適合
CHINTAI 鳥取市,鳥取市,賃貸その他,賃貸カテゴリ（掲載種別）,鳥取県鳥取市湖山町南1丁目,2.5,24.9,,5,—,—,,—,賃貸のため対象外,,2026-07-24,,https://www.chintai.net/detail/bk-C030000200000000000009820004/,適合
CHINTAI 鳥取市,鳥取市,賃貸アパート,賃貸カテゴリ（掲載種別）,鳥取県鳥取市湖山町南2丁目,5.7,57.1,,5,—,—,,—,賃貸のため対象外,,2026-07-24,,https://www.chintai.net/detail/bk-C030000200000000000007140006/,不適合
CHINTAI 鳥取市,鳥取市,賃貸アパート,賃貸カテゴリ（掲載種別）,鳥取県鳥取市湖山町北2丁目,4.2,40.0,,5,—,—,,—,賃貸のため対象外,,2026-07-24,,https://www.chintai.net/detail/bk-C030000200000000000002330007/,適合
CHINTAI 鳥取市,鳥取市,賃貸マンション,賃貸カテゴリ（掲載種別）,鳥取県鳥取市的場4丁目,6.1,68.2,,5,—,—,,—,賃貸のため対象外,,2026-07-24,,https://www.chintai.net/detail/bk-C030000980000000000003320015/,不適合
CHINTAI 鳥取市,鳥取市,賃貸マンション,賃貸カテゴリ（掲載種別）,鳥取県鳥取市的場4丁目,5.6,68.0,,5,—,—,,—,賃貸のため対象外,,2026-07-24,,https://www.chintai.net/detail/bk-C030000980000000000003320008/,不適合
CHINTAI 鳥取市,鳥取市,賃貸マンション,賃貸カテゴリ（掲載種別）,鳥取県鳥取市的場4丁目,6.2,68.2,,5,—,—,,—,賃貸のため対象外,,2026-07-24,,https://www.chintai.net/detail/bk-C030000980000000000003320020/,不適合
CHINTAI 鳥取市,鳥取市,賃貸マンション,賃貸カテゴリ（掲載種別）,鳥取県鳥取市幸町,6.0,32.7,,5,—,—,,—,賃貸のため対象外,,2026-07-24,,https://www.chintai.net/detail/bk-C030000980000000000019990005/,不適合
CHINTAI 鳥取市,鳥取市,賃貸アパート,賃貸カテゴリ（掲載種別）,鳥取県鳥取市田島,6.4,35.4,,5,—,—,,—,賃貸のため対象外,,2026-07-24,,https://www.chintai.net/detail/bk-C030000980000000000008770004/,不適合
CHINTAI 鳥取市,鳥取市,賃貸アパート,賃貸カテゴリ（掲載種別）,鳥取県鳥取市東今在家,4.25,42.7,,5,—,—,,—,賃貸のため対象外,,2026-07-24,,https://www.chintai.net/detail/bk-C030000980000000000012980009/,適合
CHINTAI 鳥取市,鳥取市,賃貸アパート,賃貸カテゴリ（掲載種別）,鳥取県鳥取市湖山町南5丁目,6.1,45.3,,5,—,—,,—,賃貸のため対象外,,2026-07-24,,https://www.chintai.net/detail/bk-C030000200000000000008760012/,不適合
CHINTAI 鳥取市,鳥取市,賃貸アパート,賃貸カテゴリ（掲載種別）,鳥取県鳥取市湖山町南5丁目,5.1,32.7,,5,—,—,,—,賃貸のため対象外,,2026-07-24,,https://www.chintai.net/detail/bk-C030000200000000000008760008/,不適合
CHINTAI 鳥取市,鳥取市,賃貸アパート,賃貸カテゴリ（掲載種別）,鳥取県鳥取市円護寺,5.2,53.8,,5,—,—,,—,賃貸のため対象外,,2026-07-24,,https://www.chintai.net/detail/bk-C030000980000000000003160004/,不適合
CHINTAI 鳥取市,鳥取市,賃貸アパート,賃貸カテゴリ（掲載種別）,鳥取県鳥取市円護寺,5.2,55.7,,5,—,—,,—,賃貸のため対象外,,2026-07-24,,https://www.chintai.net/detail/bk-C030000980000000000003160001/,不適合
CHINTAI 鳥取市,鳥取市,賃貸アパート,賃貸カテゴリ（掲載種別）,鳥取県鳥取市円護寺,5.2,55.7,,5,—,—,,—,賃貸のため対象外,,2026-07-24,,https://www.chintai.net/detail/bk-C030000980000000000003160007/,不適合
CHINTAI 鳥取市,鳥取市,賃貸アパート,賃貸カテゴリ（掲載種別）,鳥取県鳥取市叶1丁目,5.0,35.9,,5,—,—,,—,賃貸のため対象外,,2026-07-24,,https://www.chintai.net/detail/bk-C030000980000000000000970002/,適合
CHINTAI 鳥取市,鳥取市,賃貸アパート,賃貸カテゴリ（掲載種別）,鳥取県鳥取市叶1丁目,4.95,35.9,,5,—,—,,—,賃貸のため対象外,,2026-07-24,,https://www.chintai.net/detail/bk-C030000980000000000000970007/,適合
CHINTAI 鳥取市,鳥取市,賃貸アパート,賃貸カテゴリ（掲載種別）,鳥取県鳥取市叶1丁目,5.0,35.9,,5,—,—,,—,賃貸のため対象外,,2026-07-24,,https://www.chintai.net/detail/bk-C030000200000000000000970002/,適合
CHINTAI 鳥取市,鳥取市,賃貸アパート,賃貸カテゴリ（掲載種別）,鳥取県鳥取市国府町宮下,7.6,63.2,,5,—,—,,—,賃貸のため対象外,,2026-07-24,,https://www.chintai.net/detail/bk-C030000980000000000018180004/,不適合
CHINTAI 鳥取市,鳥取市,賃貸アパート,賃貸カテゴリ（掲載種別）,鳥取県鳥取市大杙,7.1,42.7,,5,—,—,,—,賃貸のため対象外,,2026-07-24,,https://www.chintai.net/detail/bk-C030000980000000000018270002/,不適合
CHINTAI 鳥取市,鳥取市,賃貸アパート,賃貸カテゴリ（掲載種別）,鳥取県鳥取市秋里,6.1,57.0,,5,—,—,,—,賃貸のため対象外,,2026-07-24,,https://www.chintai.net/detail/bk-C030000200000000000012250001/,不適合
CHINTAI 鳥取市,鳥取市,賃貸アパート,賃貸カテゴリ（掲載種別）,鳥取県鳥取市吉成南町1丁目,5.45,52.2,,5,—,—,,—,賃貸のため対象外,,2026-07-24,,https://www.chintai.net/detail/bk-C030000200000000000014680002/,不適合
CHINTAI 鳥取市,鳥取市,賃貸アパート,賃貸カテゴリ（掲載種別）,鳥取県鳥取市吉成南町1丁目,5.45,52.2,,5,—,—,,—,賃貸のため対象外,,2026-07-24,,https://www.chintai.net/detail/bk-C030000980000000000016060004/,不適合
CHINTAI 鳥取市,鳥取市,賃貸アパート,賃貸カテゴリ（掲載種別）,鳥取県鳥取市円護寺,5.2,56.1,,5,—,—,,—,賃貸のため対象外,,2026-07-24,,https://www.chintai.net/detail/bk-C030000200000000000012370003/,不適合
CHINTAI 鳥取市,鳥取市,賃貸アパート,賃貸カテゴリ（掲載種別）,鳥取県鳥取市円護寺,5.2,56.1,,5,—,—,,—,賃貸のため対象外,,2026-07-24,,https://www.chintai.net/detail/bk-C030000200000000000012370002/,不適合
CHINTAI 鳥取市,鳥取市,賃貸アパート,賃貸カテゴリ（掲載種別）,鳥取県鳥取市円護寺,5.2,56.1,,5,—,—,,—,賃貸のため対象外,,2026-07-24,,https://www.chintai.net/detail/bk-C030000980000000000004350004/,不適合
CHINTAI 鳥取市,鳥取市,賃貸アパート,賃貸カテゴリ（掲載種別）,鳥取県鳥取市気高町北浜3丁目,4.7,46.4,,5,—,—,,—,賃貸のため対象外,,2026-07-24,,https://www.chintai.net/detail/bk-C030000200000000000012840001/,適合
CHINTAI 鳥取市,鳥取市,賃貸アパート,賃貸カテゴリ（掲載種別）,鳥取県鳥取市湖山町東2丁目,5.9,52.9,,5,—,—,,—,賃貸のため対象外,,2026-07-24,,https://www.chintai.net/detail/bk-C030000200000000000008740011/,不適合
CHINTAI 鳥取市,鳥取市,賃貸マンション,賃貸カテゴリ（掲載種別）,鳥取県鳥取市湖山町南1丁目,4.5,34.5,,5,—,—,,—,賃貸のため対象外,,2026-07-24,,https://www.chintai.net/detail/bk-C030000200000000000014850006/,適合
CHINTAI 鳥取市,鳥取市,賃貸マンション,賃貸カテゴリ（掲載種別）,鳥取県鳥取市湖山町南1丁目,4.6,34.5,,5,—,—,,—,賃貸のため対象外,,2026-07-24,,https://www.chintai.net/detail/bk-C030000200000000000014850004/,適合
CHINTAI 鳥取市,鳥取市,賃貸マンション,賃貸カテゴリ（掲載種別）,鳥取県鳥取市湖山町南1丁目,4.7,34.5,,5,—,—,,—,賃貸のため対象外,,2026-07-24,,https://www.chintai.net/detail/bk-C030000200000000000014850005/,適合
CHINTAI 鳥取市,鳥取市,賃貸マンション,賃貸カテゴリ（掲載種別）,鳥取県鳥取市吉方温泉3丁目,4.4,30.8,,5,—,—,,—,賃貸のため対象外,,2026-07-24,,https://www.chintai.net/detail/bk-C030000980000000000011860027/,適合
CHINTAI 鳥取市,鳥取市,賃貸アパート,賃貸カテゴリ（掲載種別）,鳥取県鳥取市南隈,7.4,56.6,,5,—,—,,—,賃貸のため対象外,,2026-07-24,,https://www.chintai.net/detail/bk-C030000200000000000012510004/,不適合
CHINTAI 鳥取市,鳥取市,賃貸マンション,賃貸カテゴリ（掲載種別）,鳥取県鳥取市浜坂3丁目,4.15,27.0,,5,—,—,,—,賃貸のため対象外,,2026-07-24,,https://www.chintai.net/detail/bk-C030000200000000000001400012/,適合
CHINTAI 鳥取市,鳥取市,賃貸マンション,賃貸カテゴリ（掲載種別）,鳥取県鳥取市浜坂3丁目,4.15,27.0,,5,—,—,,—,賃貸のため対象外,,2026-07-24,,https://www.chintai.net/detail/bk-C030000980000000000001400009/,適合
CHINTAI 鳥取市,鳥取市,賃貸マンション,賃貸カテゴリ（掲載種別）,鳥取県鳥取市浜坂3丁目,3.95,27.0,,5,—,—,,—,賃貸のため対象外,,2026-07-24,,https://www.chintai.net/detail/bk-C030000200000000000001400004/,適合
CHINTAI 鳥取市,鳥取市,賃貸アパート,賃貸カテゴリ（掲載種別）,鳥取県鳥取市雲山,5.1,45.3,,5,—,—,,—,賃貸のため対象外,,2026-07-24,,https://www.chintai.net/detail/bk-C030000980000000000002670004/,不適合
CHINTAI 鳥取市,鳥取市,賃貸マンション,賃貸カテゴリ（掲載種別）,鳥取県鳥取市田島,4.7,31.4,,5,—,—,,—,賃貸のため対象外,,2026-07-24,,https://www.chintai.net/detail/bk-C030000980000000000010810022/,適合
CHINTAI 鳥取市,鳥取市,賃貸アパート,賃貸カテゴリ（掲載種別）,鳥取県鳥取市安長,5.95,60.0,,5,—,—,,—,賃貸のため対象外,,2026-07-24,,https://www.chintai.net/detail/bk-C030000980000000000022040003/,不適合
CHINTAI 鳥取市,鳥取市,賃貸アパート,賃貸カテゴリ（掲載種別）,鳥取県鳥取市安長,5.95,45.0,,5,—,—,,—,賃貸のため対象外,,2026-07-24,,https://www.chintai.net/detail/bk-C030000200000000000011580003/,不適合
CHINTAI 鳥取市,鳥取市,賃貸アパート,賃貸カテゴリ（掲載種別）,鳥取県鳥取市雲山,7.2,42.8,,5,—,—,,—,賃貸のため対象外,,2026-07-24,,https://www.chintai.net/detail/bk-C030000980000000000023910004/,不適合
CHINTAI 鳥取市,鳥取市,賃貸アパート,賃貸カテゴリ（掲載種別）,鳥取県鳥取市雲山,7.2,42.8,,5,—,—,,—,賃貸のため対象外,,2026-07-24,,https://www.chintai.net/detail/bk-C030000980000000000023910002/,不適合
CHINTAI 鳥取市,鳥取市,賃貸アパート,賃貸カテゴリ（掲載種別）,鳥取県鳥取市雲山,6.2,33.6,,5,—,—,,—,賃貸のため対象外,,2026-07-24,,https://www.chintai.net/detail/bk-C030000980000000000023910001/,不適合
CHINTAI 鳥取市,鳥取市,賃貸アパート,賃貸カテゴリ（掲載種別）,鳥取県鳥取市古海,6.8,38.2,,5,—,—,,—,賃貸のため対象外,,2026-07-24,,https://www.chintai.net/detail/bk-C030000980000000000022870008/,不適合
CHINTAI 鳥取市,鳥取市,賃貸アパート,賃貸カテゴリ（掲載種別）,鳥取県鳥取市古海,6.8,38.2,,5,—,—,,—,賃貸のため対象外,,2026-07-24,,https://www.chintai.net/detail/bk-C030000200000000000012020016/,不適合
CHINTAI 鳥取市,鳥取市,賃貸アパート,賃貸カテゴリ（掲載種別）,鳥取県鳥取市浜坂,4.8,50.0,,5,—,—,,—,賃貸のため対象外,,2026-07-24,,https://www.chintai.net/detail/bk-C030000200000000000012390005/,適合
CHINTAI 鳥取市,鳥取市,賃貸アパート,賃貸カテゴリ（掲載種別）,鳥取県鳥取市本町4丁目,7.9,40.4,,5,—,—,,—,賃貸のため対象外,,2026-07-24,,https://www.chintai.net/detail/bk-C030000980000000000022620002/,不適合
CHINTAI 鳥取市,鳥取市,賃貸アパート,賃貸カテゴリ（掲載種別）,鳥取県鳥取市本町4丁目,8.2,40.3,,5,—,—,,—,賃貸のため対象外,,2026-07-24,,https://www.chintai.net/detail/bk-C030000980000000000022620007/,不適合
CHINTAI 鳥取市,鳥取市,賃貸アパート,賃貸カテゴリ（掲載種別）,鳥取県鳥取市本町4丁目,8.0,40.4,,5,—,—,,—,賃貸のため対象外,,2026-07-24,,https://www.chintai.net/detail/bk-C030000980000000000022620009/,不適合
CHINTAI 鳥取市,鳥取市,賃貸アパート,賃貸カテゴリ（掲載種別）,鳥取県鳥取市河原町長瀬,5.95,46.3,,5,—,—,,—,賃貸のため対象外,,2026-07-24,,https://www.chintai.net/detail/bk-C030000980000000000018860004/,不適合
CHINTAI 鳥取市,鳥取市,賃貸マンション,賃貸カテゴリ（掲載種別）,鳥取県鳥取市南安長3丁目,7.4,54.2,,5,—,—,,—,賃貸のため対象外,,2026-07-24,,https://www.chintai.net/detail/bk-C030000980000000000021080007/,不適合
CHINTAI 鳥取市,鳥取市,賃貸マンション,賃貸カテゴリ（掲載種別）,鳥取県鳥取市南安長3丁目,7.4,54.2,,5,—,—,,—,賃貸のため対象外,,2026-07-24,,https://www.chintai.net/detail/bk-C030000200000000000010330011/,不適合
CHINTAI 鳥取市,鳥取市,賃貸アパート,賃貸カテゴリ（掲載種別）,鳥取県鳥取市湖山町北4丁目,2.4,19.9,,5,—,—,,—,賃貸のため対象外,,2026-07-24,,https://www.chintai.net/detail/bk-C030000200000000000009310033/,適合
CHINTAI 鳥取市,鳥取市,賃貸アパート,賃貸カテゴリ（掲載種別）,鳥取県鳥取市湖山町北4丁目,2.4,19.9,,5,—,—,,—,賃貸のため対象外,,2026-07-24,,https://www.chintai.net/detail/bk-C030000200000000000009310037/,適合
CHINTAI 鳥取市,鳥取市,賃貸アパート,賃貸カテゴリ（掲載種別）,鳥取県鳥取市湖山町東1丁目,2.5,21.7,,5,—,—,,—,賃貸のため対象外,,2026-07-24,,https://www.chintai.net/detail/bk-C030000200000000000000400038/,適合
CHINTAI 鳥取市,鳥取市,賃貸アパート,賃貸カテゴリ（掲載種別）,鳥取県鳥取市湖山町東1丁目,2.7,24.0,,5,—,—,,—,賃貸のため対象外,,2026-07-24,,https://www.chintai.net/detail/bk-C030000200000000000000400035/,適合
CHINTAI 鳥取市,鳥取市,賃貸アパート,賃貸カテゴリ（掲載種別）,鳥取県鳥取市湖山町東1丁目,2.7,21.7,,5,—,—,,—,賃貸のため対象外,,2026-07-24,,https://www.chintai.net/detail/bk-C030000200000000000000400034/,適合
CHINTAI 鳥取市,鳥取市,賃貸アパート,賃貸カテゴリ（掲載種別）,鳥取県鳥取市寿町,3.7,24.5,,5,—,—,,—,賃貸のため対象外,,2026-07-24,,https://www.chintai.net/detail/bk-C030000980000000000004870006/,適合
CHINTAI 鳥取市,鳥取市,賃貸アパート,賃貸カテゴリ（掲載種別）,鳥取県鳥取市桂木,3.7,35.4,,5,—,—,,—,賃貸のため対象外,,2026-07-24,,https://www.chintai.net/detail/bk-C030000980000000000007490002/,適合
CHINTAI 鳥取市,鳥取市,賃貸アパート,賃貸カテゴリ（掲載種別）,鳥取県鳥取市三津,3.95,36.3,,5,—,—,,—,賃貸のため対象外,,2026-07-24,,https://www.chintai.net/detail/bk-C030000200000000000006290012/,適合
CHINTAI 鳥取市,鳥取市,賃貸アパート,賃貸カテゴリ（掲載種別）,鳥取県鳥取市三津,4.75,46.3,,5,—,—,,—,賃貸のため対象外,,2026-07-24,,https://www.chintai.net/detail/bk-C030000200000000000006290007/,適合
CHINTAI 鳥取市,鳥取市,賃貸アパート,賃貸カテゴリ（掲載種別）,鳥取県鳥取市円護寺,5.2,53.8,,5,—,—,,—,賃貸のため対象外,,2026-07-24,,https://www.chintai.net/detail/bk-C030000200000000000012610001/,不適合
CHINTAI 鳥取市,鳥取市,賃貸アパート,賃貸カテゴリ（掲載種別）,鳥取県鳥取市円護寺,5.2,55.7,,5,—,—,,—,賃貸のため対象外,,2026-07-24,,https://www.chintai.net/detail/bk-C030000200000000000012140002/,不適合
CHINTAI 鳥取市,鳥取市,賃貸アパート,賃貸カテゴリ（掲載種別）,鳥取県鳥取市円護寺,5.2,55.7,,5,—,—,,—,賃貸のため対象外,,2026-07-24,,https://www.chintai.net/detail/bk-C030000200000000000012140001/,不適合
CHINTAI 鳥取市,鳥取市,賃貸アパート,賃貸カテゴリ（掲載種別）,鳥取県鳥取市気高町新町1丁目,6.45,50.0,,5,—,—,,—,賃貸のため対象外,,2026-07-24,,https://www.chintai.net/detail/bk-C030000200000000000014000003/,不適合
CHINTAI 鳥取市,鳥取市,賃貸アパート,賃貸カテゴリ（掲載種別）,鳥取県鳥取市河原町長瀬,5.4,56.4,,5,—,—,,—,賃貸のため対象外,,2026-07-24,,https://www.chintai.net/detail/bk-C030000200000000000013060004/,不適合
CHINTAI 鳥取市,鳥取市,賃貸アパート,賃貸カテゴリ（掲載種別）,鳥取県鳥取市河原町長瀬,5.4,56.4,,5,—,—,,—,賃貸のため対象外,,2026-07-24,,https://www.chintai.net/detail/bk-C030000980000000000018420006/,不適合
CHINTAI 鳥取市,鳥取市,賃貸アパート,賃貸カテゴリ（掲載種別）,鳥取県鳥取市晩稲,5.5,49.2,,5,—,—,,—,賃貸のため対象外,,2026-07-24,,https://www.chintai.net/detail/bk-C030000200000000000011570001/,不適合
CHINTAI 鳥取市,鳥取市,賃貸アパート,賃貸カテゴリ（掲載種別）,鳥取県鳥取市国府町三代寺,4.1,44.7,,5,—,—,,—,賃貸のため対象外,,2026-07-24,,https://www.chintai.net/detail/bk-C030000980000000000016850003/,適合
CHINTAI 鳥取市,鳥取市,賃貸その他,賃貸カテゴリ（掲載種別）,鳥取県鳥取市湖山町南３丁目,6.0,68.7,,5,—,—,,—,賃貸のため対象外,,2026-07-24,,https://www.chintai.net/detail/bk-C030000200000000000005890002/,不適合
CHINTAI 鳥取市,鳥取市,賃貸アパート,賃貸カテゴリ（掲載種別）,鳥取県鳥取市湖山町北4丁目,4.8,44.4,,5,—,—,,—,賃貸のため対象外,,2026-07-24,,https://www.chintai.net/detail/bk-C030000200000000000012260004/,適合
CHINTAI 鳥取市,鳥取市,賃貸アパート,賃貸カテゴリ（掲載種別）,鳥取県鳥取市東今在家,3.55,28.0,,5,—,—,,—,賃貸のため対象外,,2026-07-24,,https://www.chintai.net/detail/bk-C030000980000000000001830008/,適合
CHINTAI 鳥取市,鳥取市,賃貸アパート,賃貸カテゴリ（掲載種別）,鳥取県鳥取市浜坂7丁目,5.95,44.6,,5,—,—,,—,賃貸のため対象外,,2026-07-24,,https://www.chintai.net/detail/bk-C030000980000000000022790003/,不適合
CHINTAI 鳥取市,鳥取市,賃貸アパート,賃貸カテゴリ（掲載種別）,鳥取県鳥取市桂木,5.0,48.5,,5,—,—,,—,賃貸のため対象外,,2026-07-24,,https://www.chintai.net/detail/bk-C030000980000000000017060001/,適合
CHINTAI 鳥取市,鳥取市,賃貸アパート,賃貸カテゴリ（掲載種別）,鳥取県鳥取市桂木,5.0,48.5,,5,—,—,,—,賃貸のため対象外,,2026-07-24,,https://www.chintai.net/detail/bk-C030000980000000000017060004/,適合
CHINTAI 鳥取市,鳥取市,賃貸アパート,賃貸カテゴリ（掲載種別）,鳥取県鳥取市大杙,6.25,42.8,,5,—,—,,—,賃貸のため対象外,,2026-07-24,,https://www.chintai.net/detail/bk-C030000980000000000022140006/,不適合
CHINTAI 鳥取市,鳥取市,賃貸アパート,賃貸カテゴリ（掲載種別）,鳥取県鳥取市湯所町1丁目,6.5,37.3,,5,—,—,,—,賃貸のため対象外,,2026-07-24,,https://www.chintai.net/detail/bk-C030000980000000000018370002/,不適合
CHINTAI 鳥取市,鳥取市,賃貸アパート,賃貸カテゴリ（掲載種別）,鳥取県鳥取市国府町宮下,4.2,45.8,,5,—,—,,—,賃貸のため対象外,,2026-07-24,,https://www.chintai.net/detail/bk-C030000980000000000002880002/,適合
CHINTAI 鳥取市,鳥取市,賃貸アパート,賃貸カテゴリ（掲載種別）,鳥取県鳥取市吉成1丁目,5.25,51.7,,5,—,—,,—,賃貸のため対象外,,2026-07-24,,https://www.chintai.net/detail/bk-C030000980000000000002200010/,不適合
CHINTAI 鳥取市,鳥取市,賃貸アパート,賃貸カテゴリ（掲載種別）,鳥取県鳥取市国府町宮下,5.0,49.0,,5,—,—,,—,賃貸のため対象外,,2026-07-24,,https://www.chintai.net/detail/bk-C030000980000000000013850002/,適合
CHINTAI 鳥取市,鳥取市,賃貸アパート,賃貸カテゴリ（掲載種別）,鳥取県鳥取市国府町奥谷3丁目,4.8,42.7,,5,—,—,,—,賃貸のため対象外,,2026-07-24,,https://www.chintai.net/detail/bk-C030000980000000000009970008/,適合
CHINTAI 鳥取市,鳥取市,賃貸アパート,賃貸カテゴリ（掲載種別）,鳥取県鳥取市雲山,5.0,60.2,,5,—,—,,—,賃貸のため対象外,,2026-07-24,,https://www.chintai.net/detail/bk-C030000980000000000001960007/,適合
CHINTAI 鳥取市,鳥取市,賃貸アパート,賃貸カテゴリ（掲載種別）,鳥取県鳥取市円護寺,4.15,47.7,,5,—,—,,—,賃貸のため対象外,,2026-07-24,,https://www.chintai.net/detail/bk-C030000200000000000013030004/,適合
CHINTAI 鳥取市,鳥取市,賃貸アパート,賃貸カテゴリ（掲載種別）,鳥取県鳥取市円護寺,4.15,47.7,,5,—,—,,—,賃貸のため対象外,,2026-07-24,,https://www.chintai.net/detail/bk-C030000980000000000010820002/,適合
CHINTAI 鳥取市,鳥取市,賃貸アパート,賃貸カテゴリ（掲載種別）,鳥取県鳥取市浜坂8丁目,4.7,44.8,,5,—,—,,—,賃貸のため対象外,,2026-07-24,,https://www.chintai.net/detail/bk-C030000200000000000012040004/,適合
CHINTAI 鳥取市,鳥取市,賃貸アパート,賃貸カテゴリ（掲載種別）,鳥取県鳥取市浜坂8丁目,4.7,44.8,,5,—,—,,—,賃貸のため対象外,,2026-07-24,,https://www.chintai.net/detail/bk-C030000980000000000001420001/,適合
CHINTAI 鳥取市,鳥取市,賃貸その他,賃貸カテゴリ（掲載種別）,鳥取県鳥取市湖山町西3丁目,5.5,57.2,,5,—,—,,—,賃貸のため対象外,,2026-07-24,,https://www.chintai.net/detail/bk-C030000200000000000002600015/,不適合
CHINTAI 鳥取市,鳥取市,賃貸その他,賃貸カテゴリ（掲載種別）,鳥取県鳥取市湖山町西3丁目,4.9,46.2,,5,—,—,,—,賃貸のため対象外,,2026-07-24,,https://www.chintai.net/detail/bk-C030000200000000000002600002/,適合
CHINTAI 鳥取市,鳥取市,賃貸アパート,賃貸カテゴリ（掲載種別）,鳥取県鳥取市秋里,5.2,46.3,,5,—,—,,—,賃貸のため対象外,,2026-07-24,,https://www.chintai.net/detail/bk-C030000200000000000013190002/,不適合
CHINTAI 鳥取市,鳥取市,賃貸アパート,賃貸カテゴリ（掲載種別）,鳥取県鳥取市秋里,5.2,46.3,,5,—,—,,—,賃貸のため対象外,,2026-07-24,,https://www.chintai.net/detail/bk-C030000980000000000010830004/,不適合
CHINTAI 鳥取市,鳥取市,賃貸アパート,賃貸カテゴリ（掲載種別）,鳥取県鳥取市国府町新町1丁目,4.9,52.8,,5,—,—,,—,賃貸のため対象外,,2026-07-24,,https://www.chintai.net/detail/bk-C030000980000000000022210001/,適合
CHINTAI 鳥取市,鳥取市,賃貸アパート,賃貸カテゴリ（掲載種別）,鳥取県鳥取市行徳2丁目,4.85,29.8,,5,—,—,,—,賃貸のため対象外,,2026-07-24,,https://www.chintai.net/detail/bk-C030000200000000000011740002/,適合
CHINTAI 鳥取市,鳥取市,賃貸アパート,賃貸カテゴリ（掲載種別）,鳥取県鳥取市行徳2丁目,4.85,29.8,,5,—,—,,—,賃貸のため対象外,,2026-07-24,,https://www.chintai.net/detail/bk-C030000980000000000018720005/,適合
CHINTAI 鳥取市,鳥取市,賃貸アパート,賃貸カテゴリ（掲載種別）,鳥取県鳥取市叶1丁目,7.5,52.5,,5,—,—,,—,賃貸のため対象外,,2026-07-24,,https://www.chintai.net/detail/bk-C030000200000000000013620002/,不適合
CHINTAI 鳥取市,鳥取市,賃貸アパート,賃貸カテゴリ（掲載種別）,鳥取県鳥取市叶1丁目,7.2,54.1,,5,—,—,,—,賃貸のため対象外,,2026-07-24,,https://www.chintai.net/detail/bk-C030000200000000000013820001/,不適合
CHINTAI 鳥取市,鳥取市,賃貸アパート,賃貸カテゴリ（掲載種別）,鳥取県鳥取市叶1丁目,7.2,54.1,,5,—,—,,—,賃貸のため対象外,,2026-07-24,,https://www.chintai.net/detail/bk-C030000980000000000013350003/,不適合
CHINTAI 鳥取市,鳥取市,賃貸アパート,賃貸カテゴリ（掲載種別）,鳥取県鳥取市河原町長瀬,6.15,59.5,,5,—,—,,—,賃貸のため対象外,,2026-07-24,,https://www.chintai.net/detail/bk-C030000200000000000011730002/,不適合
CHINTAI 鳥取市,鳥取市,賃貸アパート,賃貸カテゴリ（掲載種別）,鳥取県鳥取市覚寺,6.4,58.8,,5,—,—,,—,賃貸のため対象外,,2026-07-24,,https://www.chintai.net/detail/bk-C030000200000000000014460002/,不適合
CHINTAI 鳥取市,鳥取市,賃貸アパート,賃貸カテゴリ（掲載種別）,鳥取県鳥取市覚寺,6.4,58.8,,5,—,—,,—,賃貸のため対象外,,2026-07-24,,https://www.chintai.net/detail/bk-C030000980000000000006400004/,不適合
CHINTAI 鳥取市,鳥取市,賃貸アパート,賃貸カテゴリ（掲載種別）,鳥取県鳥取市覚寺,6.4,54.8,,5,—,—,,—,賃貸のため対象外,,2026-07-24,,https://www.chintai.net/detail/bk-C030000200000000000014870001/,不適合
CHINTAI 鳥取市,鳥取市,賃貸アパート,賃貸カテゴリ（掲載種別）,鳥取県鳥取市覚寺,6.4,54.8,,5,—,—,,—,賃貸のため対象外,,2026-07-24,,https://www.chintai.net/detail/bk-C030000980000000000008990005/,不適合
CHINTAI 鳥取市,鳥取市,賃貸アパート,賃貸カテゴリ（掲載種別）,鳥取県鳥取市浜坂,4.8,50.0,,5,—,—,,—,賃貸のため対象外,,2026-07-24,,https://www.chintai.net/detail/bk-C030000980000000000020460001/,適合
CHINTAI 鳥取市,鳥取市,賃貸アパート,賃貸カテゴリ（掲載種別）,鳥取県鳥取市南吉方1丁目,6.1,62.1,,5,—,—,,—,賃貸のため対象外,,2026-07-24,,https://www.chintai.net/detail/bk-C030000980000000000002000004/,不適合
CHINTAI 鳥取市,鳥取市,賃貸アパート,賃貸カテゴリ（掲載種別）,鳥取県鳥取市安長,5.7,33.8,,5,—,—,,—,賃貸のため対象外,,2026-07-24,,https://www.chintai.net/detail/bk-C030000200000000000013290006/,不適合
CHINTAI 鳥取市,鳥取市,賃貸アパート,賃貸カテゴリ（掲載種別）,鳥取県鳥取市桜谷,5.2,53.5,,5,—,—,,—,賃貸のため対象外,,2026-07-24,,https://www.chintai.net/detail/bk-C030000980000000000001790010/,不適合
CHINTAI 鳥取市,鳥取市,賃貸アパート,賃貸カテゴリ（掲載種別）,鳥取県鳥取市吉方,7.2,55.2,,5,—,—,,—,賃貸のため対象外,,2026-07-24,,https://www.chintai.net/detail/bk-C030000980000000000010330005/,不適合
CHINTAI 鳥取市,鳥取市,賃貸アパート,賃貸カテゴリ（掲載種別）,鳥取県鳥取市吉成,7.2,54.2,,5,—,—,,—,賃貸のため対象外,,2026-07-24,,https://www.chintai.net/detail/bk-C030000980000000000013370011/,不適合
CHINTAI 鳥取市,鳥取市,賃貸アパート,賃貸カテゴリ（掲載種別）,鳥取県鳥取市若葉台南1丁目,4.8,29.0,,5,—,—,,—,賃貸のため対象外,,2026-07-24,,https://www.chintai.net/detail/bk-C030000980000000000003410006/,適合
CHINTAI 鳥取市,鳥取市,賃貸アパート,賃貸カテゴリ（掲載種別）,鳥取県鳥取市南隈,7.6,61.6,,5,—,—,,—,賃貸のため対象外,,2026-07-24,,https://www.chintai.net/detail/bk-C030000200000000000008370006/,不適合
CHINTAI 鳥取市,鳥取市,賃貸アパート,賃貸カテゴリ（掲載種別）,鳥取県鳥取市古海,6.9,51.7,,5,—,—,,—,賃貸のため対象外,,2026-07-24,,https://www.chintai.net/detail/bk-C030000200000000000007940008/,不適合
CHINTAI 鳥取市,鳥取市,賃貸アパート,賃貸カテゴリ（掲載種別）,鳥取県鳥取市古海,6.9,51.7,,5,—,—,,—,賃貸のため対象外,,2026-07-24,,https://www.chintai.net/detail/bk-C030000200000000000007940007/,不適合
CHINTAI 鳥取市,鳥取市,賃貸アパート,賃貸カテゴリ（掲載種別）,鳥取県鳥取市安長,7.4,58.4,,5,—,—,,—,賃貸のため対象外,,2026-07-24,,https://www.chintai.net/detail/bk-C030000200000000000008010011/,不適合
CHINTAI 鳥取市,鳥取市,賃貸アパート,賃貸カテゴリ（掲載種別）,鳥取県鳥取市宮長,4.7,44.3,,5,—,—,,—,賃貸のため対象外,,2026-07-24,,https://www.chintai.net/detail/bk-C030000980000000000013130006/,適合
CHINTAI 鳥取市,鳥取市,賃貸アパート,賃貸カテゴリ（掲載種別）,鳥取県鳥取市江崎町,2.7,17.5,,5,—,—,,—,賃貸のため対象外,,2026-07-24,,https://www.chintai.net/detail/bk-C030000980000000000023930001/,適合
CHINTAI 鳥取市,鳥取市,賃貸アパート,賃貸カテゴリ（掲載種別）,鳥取県鳥取市賀露町南1丁目,6.2,59.5,,5,—,—,,—,賃貸のため対象外,,2026-07-24,,https://www.chintai.net/detail/bk-C030000200000000000010570006/,不適合
CHINTAI 鳥取市,鳥取市,賃貸アパート,賃貸カテゴリ（掲載種別）,鳥取県鳥取市湖山町北2丁目,4.8,31.6,,5,—,—,,—,賃貸のため対象外,,2026-07-24,,https://www.chintai.net/detail/bk-C030000200000000000009240007/,適合
CHINTAI 鳥取市,鳥取市,賃貸アパート,賃貸カテゴリ（掲載種別）,鳥取県鳥取市秋里,5.1,45.4,,5,—,—,,—,賃貸のため対象外,,2026-07-24,,https://www.chintai.net/detail/bk-C030000980000000000016970005/,不適合
CHINTAI 鳥取市,鳥取市,賃貸マンション,賃貸カテゴリ（掲載種別）,鳥取県鳥取市面影1丁目,3.2,24.6,,5,—,—,,—,賃貸のため対象外,,2026-07-24,,https://www.chintai.net/detail/bk-C030000980000000000019450008/,適合
CHINTAI 鳥取市,鳥取市,賃貸マンション,賃貸カテゴリ（掲載種別）,鳥取県鳥取市面影1丁目,3.1,24.6,,5,—,—,,—,賃貸のため対象外,,2026-07-24,,https://www.chintai.net/detail/bk-C030000980000000000021610005/,適合
CHINTAI 鳥取市,鳥取市,賃貸マンション,賃貸カテゴリ（掲載種別）,鳥取県鳥取市末広温泉町,4.4,23.6,,5,—,—,,—,賃貸のため対象外,,2026-07-24,,https://www.chintai.net/detail/bk-C030000980000000000018770046/,適合
CHINTAI 鳥取市,鳥取市,賃貸マンション,賃貸カテゴリ（掲載種別）,鳥取県鳥取市末広温泉町,4.2,23.6,,5,—,—,,—,賃貸のため対象外,,2026-07-24,,https://www.chintai.net/detail/bk-C030000980000000000018770026/,適合
CHINTAI 鳥取市,鳥取市,賃貸アパート,賃貸カテゴリ（掲載種別）,鳥取県鳥取市浜坂7丁目,5.95,44.6,,5,—,—,,—,賃貸のため対象外,,2026-07-24,,https://www.chintai.net/detail/bk-C030000200000000000011770006/,不適合
CHINTAI 鳥取市,鳥取市,賃貸アパート,賃貸カテゴリ（掲載種別）,鳥取県鳥取市中町,6.1,26.7,,5,—,—,,—,賃貸のため対象外,,2026-07-24,,https://www.chintai.net/detail/bk-C030000980000000000019650004/,不適合
CHINTAI 鳥取市,鳥取市,賃貸アパート,賃貸カテゴリ（掲載種別）,鳥取県鳥取市古市,5.6,56.0,,5,—,—,,—,賃貸のため対象外,,2026-07-24,,https://www.chintai.net/detail/bk-C030000980000000000012190001/,不適合
CHINTAI 鳥取市,鳥取市,賃貸アパート,賃貸カテゴリ（掲載種別）,鳥取県鳥取市宮長,4.0,26.5,,5,—,—,,—,賃貸のため対象外,,2026-07-24,,https://www.chintai.net/detail/bk-C030000980000000000014670018/,適合
CHINTAI 鳥取市,鳥取市,賃貸マンション,賃貸カテゴリ（掲載種別）,鳥取県鳥取市吉方温泉4丁目,4.8,30.1,,5,—,—,,—,賃貸のため対象外,,2026-07-24,,https://www.chintai.net/detail/bk-C030000980000000000004780014/,適合
CHINTAI 鳥取市,鳥取市,賃貸マンション,賃貸カテゴリ（掲載種別）,鳥取県鳥取市吉方温泉4丁目,4.8,30.1,,5,—,—,,—,賃貸のため対象外,,2026-07-24,,https://www.chintai.net/detail/bk-C030000980000000000004790016/,適合
CHINTAI 鳥取市,鳥取市,賃貸マンション,賃貸カテゴリ（掲載種別）,鳥取県鳥取市吉方温泉4丁目,7.3,61.0,,5,—,—,,—,賃貸のため対象外,,2026-07-24,,https://www.chintai.net/detail/bk-C030000980000000000004790034/,不適合
CHINTAI 鳥取市,鳥取市,賃貸アパート,賃貸カテゴリ（掲載種別）,鳥取県鳥取市大覚寺,3.7,24.8,,5,—,—,,—,賃貸のため対象外,,2026-07-24,,https://www.chintai.net/detail/bk-C030000980000000000008860001/,適合
CHINTAI 鳥取市,鳥取市,賃貸アパート,賃貸カテゴリ（掲載種別）,鳥取県鳥取市雲山,4.3,40.8,,5,—,—,,—,賃貸のため対象外,,2026-07-24,,https://www.chintai.net/detail/bk-C030000980000000000017260007/,適合
CHINTAI 鳥取市,鳥取市,賃貸アパート,賃貸カテゴリ（掲載種別）,鳥取県鳥取市青葉町1丁目,6.45,53.9,,5,—,—,,—,賃貸のため対象外,,2026-07-24,,https://www.chintai.net/detail/bk-C030000980000000000019180007/,不適合
CHINTAI 鳥取市,鳥取市,賃貸アパート,賃貸カテゴリ（掲載種別）,鳥取県鳥取市湖山町東1丁目,2.2,17.5,,5,—,—,,—,賃貸のため対象外,,2026-07-24,,https://www.chintai.net/detail/bk-C030000200000000000010650002/,適合
CHINTAI 鳥取市,鳥取市,賃貸アパート,賃貸カテゴリ（掲載種別）,鳥取県鳥取市湖山町東1丁目,2.1,17.5,,5,—,—,,—,賃貸のため対象外,,2026-07-24,,https://www.chintai.net/detail/bk-C030000200000000000010650005/,適合
CHINTAI 鳥取市,鳥取市,賃貸アパート,賃貸カテゴリ（掲載種別）,鳥取県鳥取市湖山町東1丁目,2.2,17.5,,5,—,—,,—,賃貸のため対象外,,2026-07-24,,https://www.chintai.net/detail/bk-C030000200000000000010650004/,適合
CHINTAI 鳥取市,鳥取市,賃貸アパート,賃貸カテゴリ（掲載種別）,鳥取県鳥取市湖山町西1丁目,5.5,57.1,,5,—,—,,—,賃貸のため対象外,,2026-07-24,,https://www.chintai.net/detail/bk-C030000200000000000008140003/,不適合
CHINTAI 鳥取市,鳥取市,賃貸アパート,賃貸カテゴリ（掲載種別）,鳥取県鳥取市吉成,4.2,26.7,,5,—,—,,—,賃貸のため対象外,,2026-07-24,,https://www.chintai.net/detail/bk-C030000980000000000011520005/,適合
CHINTAI 鳥取市,鳥取市,賃貸アパート,賃貸カテゴリ（掲載種別）,鳥取県鳥取市叶,5.6,45.2,,5,—,—,,—,賃貸のため対象外,,2026-07-24,,https://www.chintai.net/detail/bk-C030000980000000000014780003/,不適合
CHINTAI 鳥取市,鳥取市,賃貸アパート,賃貸カテゴリ（掲載種別）,鳥取県鳥取市行徳1丁目,6.2,26.7,,5,—,—,,—,賃貸のため対象外,,2026-07-24,,https://www.chintai.net/detail/bk-C030000980000000000022170008/,不適合
CHINTAI 鳥取市,鳥取市,賃貸アパート,賃貸カテゴリ（掲載種別）,鳥取県鳥取市行徳1丁目,6.3,26.7,,5,—,—,,—,賃貸のため対象外,,2026-07-24,,https://www.chintai.net/detail/bk-C030000980000000000022170012/,不適合
CHINTAI 鳥取市,鳥取市,賃貸アパート,賃貸カテゴリ（掲載種別）,鳥取県鳥取市江津,5.1,48.0,,5,—,—,,—,賃貸のため対象外,,2026-07-24,,https://www.chintai.net/detail/bk-C030000200000000000011000002/,不適合
CHINTAI 鳥取市,鳥取市,賃貸アパート,賃貸カテゴリ（掲載種別）,鳥取県鳥取市賀露町北2丁目,4.8,43.8,,5,—,—,,—,賃貸のため対象外,,2026-07-24,,https://www.chintai.net/detail/bk-C030000200000000000006100003/,適合
CHINTAI 鳥取市,鳥取市,賃貸その他,賃貸カテゴリ（掲載種別）,鳥取県鳥取市晩稲,3.8,24.5,,5,—,—,,—,賃貸のため対象外,,2026-07-24,,https://www.chintai.net/detail/bk-C030000200000000000001970003/,適合
CHINTAI 鳥取市,鳥取市,賃貸アパート,賃貸カテゴリ（掲載種別）,鳥取県鳥取市湖山町北2丁目,3.5,30.4,,5,—,—,,—,賃貸のため対象外,,2026-07-24,,https://www.chintai.net/detail/bk-C030000200000000000009960005/,適合
CHINTAI 鳥取市,鳥取市,賃貸その他,賃貸カテゴリ（掲載種別）,鳥取県鳥取市的場2丁目,7.0,73.2,,5,—,—,,—,賃貸のため対象外,,2026-07-24,,https://www.chintai.net/detail/bk-C030000980000000000023820001/,不適合
CHINTAI 鳥取市,鳥取市,賃貸アパート,賃貸カテゴリ（掲載種別）,鳥取県鳥取市湯所町2丁目,7.4,57.8,,5,—,—,,—,賃貸のため対象外,,2026-07-24,,https://www.chintai.net/detail/bk-C030000980000000000018110002/,不適合
CHINTAI 鳥取市,鳥取市,賃貸アパート,賃貸カテゴリ（掲載種別）,鳥取県鳥取市南隈,6.8,62.7,,5,—,—,,—,賃貸のため対象外,,2026-07-24,,https://www.chintai.net/detail/bk-C030000980000000000021450004/,不適合
CHINTAI 鳥取市,鳥取市,賃貸アパート,賃貸カテゴリ（掲載種別）,鳥取県鳥取市新,4.3,35.5,,5,—,—,,—,賃貸のため対象外,,2026-07-24,,https://www.chintai.net/detail/bk-C030000980000000000005950009/,適合
CHINTAI 鳥取市,鳥取市,賃貸マンション,賃貸カテゴリ（掲載種別）,鳥取県鳥取市湖山町北1丁目,4.0,24.0,,5,—,—,,—,賃貸のため対象外,,2026-07-24,,https://www.chintai.net/detail/bk-C030000200000000000006910075/,適合
CHINTAI 鳥取市,鳥取市,賃貸マンション,賃貸カテゴリ（掲載種別）,鳥取県鳥取市江津,4.6,33.1,,5,—,—,,—,賃貸のため対象外,,2026-07-24,,https://www.chintai.net/detail/bk-C030000980000000000003820002/,適合
CHINTAI 鳥取市,鳥取市,賃貸マンション,賃貸カテゴリ（掲載種別）,鳥取県鳥取市江津,4.4,33.1,,5,—,—,,—,賃貸のため対象外,,2026-07-24,,https://www.chintai.net/detail/bk-C030000980000000000003820022/,適合
CHINTAI 鳥取市,鳥取市,賃貸アパート,賃貸カテゴリ（掲載種別）,鳥取県鳥取市気高町北浜2丁目,6.45,50.2,,5,—,—,,—,賃貸のため対象外,,2026-07-24,,https://www.chintai.net/detail/bk-C030000200000000000014860001/,不適合
CHINTAI 鳥取市,鳥取市,賃貸戸建,賃貸カテゴリ（掲載種別）,鳥取県鳥取市桂木,13.0,104.0,,5,—,—,,—,賃貸のため対象外,,2026-07-24,,https://www.chintai.net/detail/bk-C030000980000000000022990001/,不適合
CHINTAI 鳥取市,鳥取市,賃貸アパート,賃貸カテゴリ（掲載種別）,鳥取県鳥取市江津,7.1,36.0,,5,—,—,,—,賃貸のため対象外,,2026-07-24,,https://www.chintai.net/detail/bk-C030000200000000000014790008/,不適合
CHINTAI 鳥取市,鳥取市,賃貸アパート,賃貸カテゴリ（掲載種別）,鳥取県鳥取市江津,7.3,36.0,,5,—,—,,—,賃貸のため対象外,,2026-07-24,,https://www.chintai.net/detail/bk-C030000200000000000014790007/,不適合
CHINTAI 鳥取市,鳥取市,賃貸アパート,賃貸カテゴリ（掲載種別）,鳥取県鳥取市江津,7.1,36.0,,5,—,—,,—,賃貸のため対象外,,2026-07-24,,https://www.chintai.net/detail/bk-C030000200000000000014790006/,不適合
CHINTAI 鳥取市,鳥取市,賃貸アパート,賃貸カテゴリ（掲載種別）,鳥取県鳥取市気高町勝見新町,5.5,60.0,,5,—,—,,—,賃貸のため対象外,,2026-07-24,,https://www.chintai.net/detail/bk-C030000200000000000011440002/,不適合
CHINTAI 鳥取市,鳥取市,賃貸アパート,賃貸カテゴリ（掲載種別）,鳥取県鳥取市吉成,5.5,53.3,,5,—,—,,—,賃貸のため対象外,,2026-07-24,,https://www.chintai.net/detail/bk-C030000980000000000018590001/,不適合
CHINTAI 鳥取市,鳥取市,賃貸その他,賃貸カテゴリ（掲載種別）,鳥取県鳥取市岩吉,4.9,48.8,,5,—,—,,—,賃貸のため対象外,,2026-07-24,,https://www.chintai.net/detail/bk-C030000200000000000005150004/,適合
CHINTAI 鳥取市,鳥取市,賃貸アパート,賃貸カテゴリ（掲載種別）,鳥取県鳥取市湖山町南2丁目,7.3,35.6,,5,—,—,,—,賃貸のため対象外,,2026-07-24,,https://www.chintai.net/detail/bk-C030000200000000000014760004/,不適合
CHINTAI 鳥取市,鳥取市,賃貸アパート,賃貸カテゴリ（掲載種別）,鳥取県鳥取市湖山町南2丁目,7.4,44.7,,5,—,—,,—,賃貸のため対象外,,2026-07-24,,https://www.chintai.net/detail/bk-C030000200000000000014760010/,不適合
CHINTAI 鳥取市,鳥取市,賃貸アパート,賃貸カテゴリ（掲載種別）,鳥取県鳥取市湖山町南2丁目,7.3,44.7,,5,—,—,,—,賃貸のため対象外,,2026-07-24,,https://www.chintai.net/detail/bk-C030000200000000000014760009/,不適合
CHINTAI 鳥取市,鳥取市,賃貸アパート,賃貸カテゴリ（掲載種別）,鳥取県鳥取市国府町宮下,4.7,48.4,,5,—,—,,—,賃貸のため対象外,,2026-07-24,,https://www.chintai.net/detail/bk-C030000980000000000020500004/,適合
CHINTAI 鳥取市,鳥取市,賃貸アパート,賃貸カテゴリ（掲載種別）,鳥取県鳥取市吉成,7.3,50.5,,5,—,—,,—,賃貸のため対象外,,2026-07-24,,https://www.chintai.net/detail/bk-C030000980000000000022050001/,不適合
CHINTAI 鳥取市,鳥取市,賃貸アパート,賃貸カテゴリ（掲載種別）,鳥取県鳥取市江津,5.7,43.0,,5,—,—,,—,賃貸のため対象外,,2026-07-24,,https://www.chintai.net/detail/bk-C030000200000000000013520004/,不適合
CHINTAI 鳥取市,鳥取市,賃貸アパート,賃貸カテゴリ（掲載種別）,鳥取県鳥取市湯所町2丁目,7.5,40.2,,5,—,—,,—,賃貸のため対象外,,2026-07-24,,https://www.chintai.net/detail/bk-C030000980000000000019550010/,不適合
CHINTAI 鳥取市,鳥取市,賃貸アパート,賃貸カテゴリ（掲載種別）,鳥取県鳥取市湖山町北4丁目,6.5,42.5,,5,—,—,,—,賃貸のため対象外,,2026-07-24,,https://www.chintai.net/detail/bk-C030000200000000000002190003/,不適合
CHINTAI 鳥取市,鳥取市,賃貸アパート,賃貸カテゴリ（掲載種別）,鳥取県鳥取市江津,4.9,34.0,,5,—,—,,—,賃貸のため対象外,,2026-07-24,,https://www.chintai.net/detail/bk-C030000200000000000006850001/,適合
CHINTAI 鳥取市,鳥取市,賃貸アパート,賃貸カテゴリ（掲載種別）,鳥取県鳥取市浜坂,5.9,45.0,,5,—,—,,—,賃貸のため対象外,,2026-07-24,,https://www.chintai.net/detail/bk-C030000200000000000012270001/,不適合
CHINTAI 鳥取市,鳥取市,賃貸アパート,賃貸カテゴリ（掲載種別）,鳥取県鳥取市吉成,7.2,55.5,,5,—,—,,—,賃貸のため対象外,,2026-07-24,,https://www.chintai.net/detail/bk-C030000980000000000021570002/,不適合
CHINTAI 鳥取市,鳥取市,賃貸アパート,賃貸カテゴリ（掲載種別）,鳥取県鳥取市西品治,6.8,55.3,,5,—,—,,—,賃貸のため対象外,,2026-07-24,,https://www.chintai.net/detail/bk-C030000200000000000013550001/,不適合
CHINTAI 鳥取市,鳥取市,賃貸アパート,賃貸カテゴリ（掲載種別）,鳥取県鳥取市西品治,6.8,58.8,,5,—,—,,—,賃貸のため対象外,,2026-07-24,,https://www.chintai.net/detail/bk-C030000980000000000007910005/,不適合
CHINTAI 鳥取市,鳥取市,賃貸その他,賃貸カテゴリ（掲載種別）,鳥取県鳥取市田島,5.8,56.1,,5,—,—,,—,賃貸のため対象外,,2026-07-24,,https://www.chintai.net/detail/bk-C030000200000000000014260003/,不適合
CHINTAI 鳥取市,鳥取市,賃貸その他,賃貸カテゴリ（掲載種別）,鳥取県鳥取市田島,5.8,56.1,,5,—,—,,—,賃貸のため対象外,,2026-07-24,,https://www.chintai.net/detail/bk-C030000980000000000011550003/,不適合
CHINTAI 鳥取市,鳥取市,賃貸その他,賃貸カテゴリ（掲載種別）,鳥取県鳥取市緑ケ丘3丁目,3.6,35.4,,5,—,—,,—,賃貸のため対象外,,2026-07-24,,https://www.chintai.net/detail/bk-C030000200000000000002120001/,適合
CHINTAI 鳥取市,鳥取市,賃貸アパート,賃貸カテゴリ（掲載種別）,鳥取県鳥取市湖山町北1丁目,2.8,21.3,,5,—,—,,—,賃貸のため対象外,,2026-07-24,,https://www.chintai.net/detail/bk-C030000200000000000008420007/,適合
CHINTAI 鳥取市,鳥取市,賃貸アパート,賃貸カテゴリ（掲載種別）,鳥取県鳥取市秋里,4.95,49.2,,5,—,—,,—,賃貸のため対象外,,2026-07-24,,https://www.chintai.net/detail/bk-C030000980000000000003070002/,適合
CHINTAI 鳥取市,鳥取市,賃貸アパート,賃貸カテゴリ（掲載種別）,鳥取県鳥取市秋里,4.95,49.2,,5,—,—,,—,賃貸のため対象外,,2026-07-24,,https://www.chintai.net/detail/bk-C030000200000000000014830001/,適合
CHINTAI 鳥取市,鳥取市,賃貸アパート,賃貸カテゴリ（掲載種別）,鳥取県鳥取市立川町5丁目,6.7,40.9,,5,—,—,,—,賃貸のため対象外,,2026-07-24,,https://www.chintai.net/detail/bk-C030000980000000000020380005/,不適合
CHINTAI 鳥取市,鳥取市,賃貸マンション,賃貸カテゴリ（掲載種別）,鳥取県鳥取市的場4丁目,4.3,30.1,,5,—,—,,—,賃貸のため対象外,,2026-07-24,,https://www.chintai.net/detail/bk-C030000980000000000003370016/,適合
CHINTAI 鳥取市,鳥取市,賃貸アパート,賃貸カテゴリ（掲載種別）,鳥取県鳥取市大覚寺,5.3,48.4,,5,—,—,,—,賃貸のため対象外,,2026-07-24,,https://www.chintai.net/detail/bk-C030000980000000000007710002/,不適合
CHINTAI 鳥取市,鳥取市,賃貸アパート,賃貸カテゴリ（掲載種別）,鳥取県鳥取市気高町北浜2丁目,6.5,50.1,,5,—,—,,—,賃貸のため対象外,,2026-07-24,,https://www.chintai.net/detail/bk-C030000200000000000014840006/,不適合
CHINTAI 鳥取市,鳥取市,賃貸アパート,賃貸カテゴリ（掲載種別）,鳥取県鳥取市気高町北浜2丁目,6.9,62.0,,5,—,—,,—,賃貸のため対象外,,2026-07-24,,https://www.chintai.net/detail/bk-C030000200000000000014840005/,不適合
CHINTAI 鳥取市,鳥取市,賃貸アパート,賃貸カテゴリ（掲載種別）,鳥取県鳥取市気高町北浜2丁目,6.9,62.0,,5,—,—,,—,賃貸のため対象外,,2026-07-24,,https://www.chintai.net/detail/bk-C030000200000000000014840004/,不適合
CHINTAI 鳥取市,鳥取市,賃貸アパート,賃貸カテゴリ（掲載種別）,鳥取県鳥取市気高町新町1丁目,6.25,59.6,,5,—,—,,—,賃貸のため対象外,,2026-07-24,,https://www.chintai.net/detail/bk-C030000200000000000013990005/,不適合
CHINTAI 鳥取市,鳥取市,賃貸アパート,賃貸カテゴリ（掲載種別）,鳥取県鳥取市三津,4.95,45.2,,5,—,—,,—,賃貸のため対象外,,2026-07-24,,https://www.chintai.net/detail/bk-C030000200000000000006280011/,適合
CHINTAI 鳥取市,鳥取市,賃貸アパート,賃貸カテゴリ（掲載種別）,鳥取県鳥取市三津,4.9,44.2,,5,—,—,,—,賃貸のため対象外,,2026-07-24,,https://www.chintai.net/detail/bk-C030000200000000000006280002/,適合
CHINTAI 鳥取市,鳥取市,賃貸マンション,賃貸カテゴリ（掲載種別）,鳥取県鳥取市元大工町,3.9,27.5,,5,—,—,,—,賃貸のため対象外,,2026-07-24,,https://www.chintai.net/detail/bk-C030000980000000000009990002/,適合
CHINTAI 鳥取市,鳥取市,賃貸アパート,賃貸カテゴリ（掲載種別）,鳥取県鳥取市晩稲,5.8,56.2,,5,—,—,,—,賃貸のため対象外,,2026-07-24,,https://www.chintai.net/detail/bk-C030000200000000000008310007/,不適合
CHINTAI 鳥取市,鳥取市,賃貸アパート,賃貸カテゴリ（掲載種別）,鳥取県鳥取市湖山町東1丁目,3.4,20.0,,5,—,—,,—,賃貸のため対象外,,2026-07-24,,https://www.chintai.net/detail/bk-C030000200000000000007520023/,適合
CHINTAI 鳥取市,鳥取市,賃貸アパート,賃貸カテゴリ（掲載種別）,鳥取県鳥取市湖山町東1丁目,3.4,20.0,,5,—,—,,—,賃貸のため対象外,,2026-07-24,,https://www.chintai.net/detail/bk-C030000200000000000007520019/,適合
CHINTAI 鳥取市,鳥取市,賃貸アパート,賃貸カテゴリ（掲載種別）,鳥取県鳥取市古海,3.7,31.0,,5,—,—,,—,賃貸のため対象外,,2026-07-24,,https://www.chintai.net/detail/bk-C030000200000000000011080004/,適合
CHINTAI 鳥取市,鳥取市,賃貸アパート,賃貸カテゴリ（掲載種別）,鳥取県鳥取市古海,3.7,29.9,,5,—,—,,—,賃貸のため対象外,,2026-07-24,,https://www.chintai.net/detail/bk-C030000200000000000011080002/,適合
CHINTAI 鳥取市,鳥取市,賃貸アパート,賃貸カテゴリ（掲載種別）,鳥取県鳥取市古海,3.7,29.9,,5,—,—,,—,賃貸のため対象外,,2026-07-24,,https://www.chintai.net/detail/bk-C030000200000000000011080007/,適合
CHINTAI 鳥取市,鳥取市,賃貸アパート,賃貸カテゴリ（掲載種別）,鳥取県鳥取市新,5.4,50.8,,5,—,—,,—,賃貸のため対象外,,2026-07-24,,https://www.chintai.net/detail/bk-C030000980000000000005960003/,不適合
CHINTAI 鳥取市,鳥取市,賃貸アパート,賃貸カテゴリ（掲載種別）,鳥取県鳥取市相生町1丁目,4.4,28.4,,5,—,—,,—,賃貸のため対象外,,2026-07-24,,https://www.chintai.net/detail/bk-C030000980000000000010850006/,適合
CHINTAI 鳥取市,鳥取市,賃貸マンション,賃貸カテゴリ（掲載種別）,鳥取県鳥取市田島,7.9,86.4,,5,—,—,,—,賃貸のため対象外,,2026-07-24,,https://www.chintai.net/detail/bk-C030000980000000000015060011/,不適合
CHINTAI 鳥取市,鳥取市,賃貸アパート,賃貸カテゴリ（掲載種別）,鳥取県鳥取市岩倉,5.4,46.7,,5,—,—,,—,賃貸のため対象外,,2026-07-24,,https://www.chintai.net/detail/bk-C030000980000000000020120002/,不適合
CHINTAI 鳥取市,鳥取市,賃貸アパート,賃貸カテゴリ（掲載種別）,鳥取県鳥取市気高町新町1丁目,5.5,46.8,,5,—,—,,—,賃貸のため対象外,,2026-07-24,,https://www.chintai.net/detail/bk-C030000980000000000023920001/,不適合
CHINTAI 鳥取市,鳥取市,賃貸アパート,賃貸カテゴリ（掲載種別）,鳥取県鳥取市徳尾,4.9,63.9,,5,—,—,,—,賃貸のため対象外,,2026-07-24,,https://www.chintai.net/detail/bk-C030000200000000000014800002/,適合
CHINTAI 鳥取市,鳥取市,賃貸アパート,賃貸カテゴリ（掲載種別）,鳥取県鳥取市田島,6.4,35.4,,5,—,—,,—,賃貸のため対象外,,2026-07-24,,https://www.chintai.net/detail/bk-C030000200000000000014090004/,不適合
CHINTAI 鳥取市,鳥取市,賃貸アパート,賃貸カテゴリ（掲載種別）,鳥取県鳥取市江津,6.1,54.8,,5,—,—,,—,賃貸のため対象外,,2026-07-24,,https://www.chintai.net/detail/bk-C030000200000000000011010001/,不適合
CHINTAI 鳥取市,鳥取市,賃貸アパート,賃貸カテゴリ（掲載種別）,鳥取県鳥取市江津,6.1,54.8,,5,—,—,,—,賃貸のため対象外,,2026-07-24,,https://www.chintai.net/detail/bk-C030000980000000000006390001/,不適合
CHINTAI 鳥取市,鳥取市,賃貸アパート,賃貸カテゴリ（掲載種別）,鳥取県鳥取市湖山町南1丁目,3.8,24.9,,5,—,—,,—,賃貸のため対象外,,2026-07-24,,https://www.chintai.net/detail/bk-C030000200000000000009900004/,適合
CHINTAI 鳥取市,鳥取市,賃貸アパート,賃貸カテゴリ（掲載種別）,鳥取県鳥取市吉成,4.8,36.0,,5,—,—,,—,賃貸のため対象外,,2026-07-24,,https://www.chintai.net/detail/bk-C030000200000000000014820001/,適合
CHINTAI 鳥取市,鳥取市,賃貸アパート,賃貸カテゴリ（掲載種別）,鳥取県鳥取市吉成,4.8,36.0,,5,—,—,,—,賃貸のため対象外,,2026-07-24,,https://www.chintai.net/detail/bk-C030000980000000000007520003/,適合
CHINTAI 鳥取市,鳥取市,賃貸アパート,賃貸カテゴリ（掲載種別）,鳥取県鳥取市秋里,4.5,35.4,,5,—,—,,—,賃貸のため対象外,,2026-07-24,,https://www.chintai.net/detail/bk-C030000200000000000011560002/,適合
CHINTAI 鳥取市,鳥取市,賃貸アパート,賃貸カテゴリ（掲載種別）,鳥取県鳥取市秋里,4.5,35.4,,5,—,—,,—,賃貸のため対象外,,2026-07-24,,https://www.chintai.net/detail/bk-C030000980000000000005030005/,適合
CHINTAI 鳥取市,鳥取市,賃貸アパート,賃貸カテゴリ（掲載種別）,鳥取県鳥取市緑ケ丘1丁目,3.3,30.4,,5,—,—,,—,賃貸のため対象外,,2026-07-24,,https://www.chintai.net/detail/bk-C030000200000000000009050005/,適合
CHINTAI 鳥取市,鳥取市,賃貸アパート,賃貸カテゴリ（掲載種別）,鳥取県鳥取市行徳3丁目,3.4,23.1,,5,—,—,,—,賃貸のため対象外,,2026-07-24,,https://www.chintai.net/detail/bk-C030000980000000000009720005/,適合
CHINTAI 鳥取市,鳥取市,賃貸アパート,賃貸カテゴリ（掲載種別）,鳥取県鳥取市面影2丁目,3.5,24.5,,5,—,—,,—,賃貸のため対象外,,2026-07-24,,https://www.chintai.net/detail/bk-C030000980000000000004880004/,適合
CHINTAI 鳥取市,鳥取市,賃貸アパート,賃貸カテゴリ（掲載種別）,鳥取県鳥取市的場2丁目,3.6,28.0,,5,—,—,,—,賃貸のため対象外,,2026-07-24,,https://www.chintai.net/detail/bk-C030000980000000000020650002/,適合
CHINTAI 鳥取市,鳥取市,賃貸アパート,賃貸カテゴリ（掲載種別）,鳥取県鳥取市国府町稲葉丘3丁目,3.9,35.4,,5,—,—,,—,賃貸のため対象外,,2026-07-24,,https://www.chintai.net/detail/bk-C030000980000000000006110001/,適合
CHINTAI 鳥取市,鳥取市,賃貸アパート,賃貸カテゴリ（掲載種別）,鳥取県鳥取市湖山町南3丁目,6.9,54.3,,5,—,—,,—,賃貸のため対象外,,2026-07-24,,https://www.chintai.net/detail/bk-C030000200000000000004440009/,不適合
CHINTAI 鳥取市,鳥取市,賃貸アパート,賃貸カテゴリ（掲載種別）,鳥取県鳥取市古海,8.5,67.5,,5,—,—,,—,賃貸のため対象外,,2026-07-24,,https://www.chintai.net/detail/bk-C030000200000000000009610017/,不適合
CHINTAI 鳥取市,鳥取市,賃貸アパート,賃貸カテゴリ（掲載種別）,鳥取県鳥取市商栄町,6.5,62.1,,5,—,—,,—,賃貸のため対象外,,2026-07-24,,https://www.chintai.net/detail/bk-C030000200000000000008710002/,不適合
CHINTAI 鳥取市,鳥取市,賃貸アパート,賃貸カテゴリ（掲載種別）,鳥取県鳥取市商栄町,6.5,62.1,,5,—,—,,—,賃貸のため対象外,,2026-07-24,,https://www.chintai.net/detail/bk-C030000200000000000008710005/,不適合
CHINTAI 鳥取市,鳥取市,賃貸マンション,賃貸カテゴリ（掲載種別）,鳥取県鳥取市興南町,5.6,58.1,,5,—,—,,—,賃貸のため対象外,,2026-07-24,,https://www.chintai.net/detail/bk-C030000980000000000005210003/,不適合
CHINTAI 鳥取市,鳥取市,賃貸アパート,賃貸カテゴリ（掲載種別）,鳥取県鳥取市宮長,4.8,46.8,,5,—,—,,—,賃貸のため対象外,,2026-07-24,,https://www.chintai.net/detail/bk-C030000980000000000023900006/,適合
CHINTAI 鳥取市,鳥取市,賃貸アパート,賃貸カテゴリ（掲載種別）,鳥取県鳥取市宮長,4.7,46.8,,5,—,—,,—,賃貸のため対象外,,2026-07-24,,https://www.chintai.net/detail/bk-C030000980000000000023900003/,適合
CHINTAI 鳥取市,鳥取市,賃貸アパート,賃貸カテゴリ（掲載種別）,鳥取県鳥取市晩稲,6.2,67.7,,5,—,—,,—,賃貸のため対象外,,2026-07-24,,https://www.chintai.net/detail/bk-C030000200000000000010170006/,不適合
CHINTAI 鳥取市,鳥取市,賃貸アパート,賃貸カテゴリ（掲載種別）,鳥取県鳥取市商栄町,6.1,68.7,,5,—,—,,—,賃貸のため対象外,,2026-07-24,,https://www.chintai.net/detail/bk-C030000200000000000010470002/,不適合
CHINTAI 鳥取市,鳥取市,賃貸アパート,賃貸カテゴリ（掲載種別）,鳥取県鳥取市南安長1丁目,5.4,59.8,,5,—,—,,—,賃貸のため対象外,,2026-07-24,,https://www.chintai.net/detail/bk-C030000200000000000008020001/,不適合
CHINTAI 鳥取市,鳥取市,賃貸マンション,賃貸カテゴリ（掲載種別）,鳥取県鳥取市浜坂,5.1,57.0,,5,—,—,,—,賃貸のため対象外,,2026-07-24,,https://www.chintai.net/detail/bk-C030000980000000000016270007/,不適合
CHINTAI 鳥取市,鳥取市,賃貸マンション,賃貸カテゴリ（掲載種別）,鳥取県鳥取市浜坂,5.1,57.0,,5,—,—,,—,賃貸のため対象外,,2026-07-24,,https://www.chintai.net/detail/bk-C030000980000000000016270005/,不適合
CHINTAI 鳥取市,鳥取市,賃貸マンション,賃貸カテゴリ（掲載種別）,鳥取県鳥取市浜坂,5.1,57.0,,5,—,—,,—,賃貸のため対象外,,2026-07-24,,https://www.chintai.net/detail/bk-C030000980000000000016270017/,不適合
CHINTAI 鳥取市,鳥取市,賃貸アパート,賃貸カテゴリ（掲載種別）,鳥取県鳥取市江津,4.9,34.0,,5,—,—,,—,賃貸のため対象外,,2026-07-24,,https://www.chintai.net/detail/bk-C030000980000000000014540004/,適合
CHINTAI 鳥取市,鳥取市,賃貸マンション,賃貸カテゴリ（掲載種別）,鳥取県鳥取市古市,5.6,56.9,,5,—,—,,—,賃貸のため対象外,,2026-07-24,,https://www.chintai.net/detail/bk-C030000980000000000017330001/,不適合
CHINTAI 鳥取市,鳥取市,賃貸マンション,賃貸カテゴリ（掲載種別）,鳥取県鳥取市古市,5.6,56.9,,5,—,—,,—,賃貸のため対象外,,2026-07-24,,https://www.chintai.net/detail/bk-C030000980000000000017330002/,不適合
CHINTAI 鳥取市,鳥取市,賃貸マンション,賃貸カテゴリ（掲載種別）,鳥取県鳥取市古市,5.6,56.9,,5,—,—,,—,賃貸のため対象外,,2026-07-24,,https://www.chintai.net/detail/bk-C030000980000000000017330003/,不適合
CHINTAI 鳥取市,鳥取市,賃貸アパート,賃貸カテゴリ（掲載種別）,鳥取県鳥取市吉成,5.5,50.1,,5,—,—,,—,賃貸のため対象外,,2026-07-24,,https://www.chintai.net/detail/bk-C030000980000000000011910003/,不適合
CHINTAI 鳥取市,鳥取市,賃貸アパート,賃貸カテゴリ（掲載種別）,鳥取県鳥取市国府町新通り3丁目,4.95,30.7,,5,—,—,,—,賃貸のため対象外,,2026-07-24,,https://www.chintai.net/detail/bk-C030000980000000000019340010/,適合
CHINTAI 鳥取市,鳥取市,賃貸アパート,賃貸カテゴリ（掲載種別）,鳥取県鳥取市湖山町南5丁目,3.5,22.5,,5,—,—,,—,賃貸のため対象外,,2026-07-24,,https://www.chintai.net/detail/bk-C030000200000000000007540012/,適合
CHINTAI 鳥取市,鳥取市,賃貸アパート,賃貸カテゴリ（掲載種別）,鳥取県鳥取市秋里,6.1,57.0,,5,—,—,,—,賃貸のため対象外,,2026-07-24,,https://www.chintai.net/detail/bk-C030000980000000000017190008/,不適合
CHINTAI 鳥取市,鳥取市,賃貸アパート,賃貸カテゴリ（掲載種別）,鳥取県鳥取市大覚寺,3.7,26.5,,5,—,—,,—,賃貸のため対象外,,2026-07-24,,https://www.chintai.net/detail/bk-C030000980000000000007540004/,適合
CHINTAI 鳥取市,鳥取市,賃貸アパート,賃貸カテゴリ（掲載種別）,鳥取県鳥取市桜谷,4.9,51.8,,5,—,—,,—,賃貸のため対象外,,2026-07-24,,https://www.chintai.net/detail/bk-C030000980000000000002800003/,適合
CHINTAI 鳥取市,鳥取市,賃貸アパート,賃貸カテゴリ（掲載種別）,鳥取県鳥取市国府町宮下,5.2,57.0,,5,—,—,,—,賃貸のため対象外,,2026-07-24,,https://www.chintai.net/detail/bk-C030000980000000000019370002/,不適合
CHINTAI 鳥取市,鳥取市,賃貸マンション,賃貸カテゴリ（掲載種別）,鳥取県鳥取市南吉方2丁目,4.2,30.0,,5,—,—,,—,賃貸のため対象外,,2026-07-24,,https://www.chintai.net/detail/bk-C030000980000000000004660012/,適合
CHINTAI 鳥取市,鳥取市,賃貸マンション,賃貸カテゴリ（掲載種別）,鳥取県鳥取市湖山町南3丁目,3.4,22.2,,5,—,—,,—,賃貸のため対象外,,2026-07-24,,https://www.chintai.net/detail/bk-C030000200000000000014810001/,適合
CHINTAI 鳥取市,鳥取市,賃貸アパート,賃貸カテゴリ（掲載種別）,鳥取県鳥取市古市,6.0,58.8,,5,—,—,,—,賃貸のため対象外,,2026-07-24,,https://www.chintai.net/detail/bk-C030000980000000000018960003/,不適合
CHINTAI 鳥取市,鳥取市,賃貸アパート,賃貸カテゴリ（掲載種別）,鳥取県鳥取市国府町宮下,7.5,68.8,,5,—,—,,—,賃貸のため対象外,,2026-07-24,,https://www.chintai.net/detail/bk-C030000980000000000009190003/,不適合
CHINTAI 鳥取市,鳥取市,賃貸マンション,賃貸カテゴリ（掲載種別）,鳥取県鳥取市南栄町36,3.65,54.0,,5,—,—,,—,賃貸のため対象外,,2026-07-24,,https://www.chintai.net/detail/bk-C010099500000061340204020402/,適合
CHINTAI 鳥取市,鳥取市,賃貸マンション,賃貸カテゴリ（掲載種別）,鳥取県鳥取市南安長2丁目,4.7,32.7,,5,—,—,,—,賃貸のため対象外,,2026-07-24,,https://www.chintai.net/detail/bk-C030000980000000000008430005/,適合
CHINTAI 鳥取市,鳥取市,賃貸マンション,賃貸カテゴリ（掲載種別）,鳥取県鳥取市南安長2丁目,4.7,32.7,,5,—,—,,—,賃貸のため対象外,,2026-07-24,,https://www.chintai.net/detail/bk-C030000980000000000008430014/,適合
CHINTAI 鳥取市,鳥取市,賃貸アパート,賃貸カテゴリ（掲載種別）,鳥取県鳥取市桂木,8.0,72.2,,5,—,—,,—,賃貸のため対象外,,2026-07-24,,https://www.chintai.net/detail/bk-C030000980000000000001820002/,不適合
CHINTAI 鳥取市,鳥取市,賃貸アパート,賃貸カテゴリ（掲載種別）,鳥取県鳥取市国府町宮下,8.5,79.4,,5,—,—,,—,賃貸のため対象外,,2026-07-24,,https://www.chintai.net/detail/bk-C030000980000000000022260001/,不適合
CHINTAI 鳥取市,鳥取市,賃貸アパート,賃貸カテゴリ（掲載種別）,鳥取県鳥取市気高町勝見,5.3,40.8,,5,—,—,,—,賃貸のため対象外,,2026-07-24,,https://www.chintai.net/detail/bk-C030000980000000000018450001/,不適合
CHINTAI 鳥取市,鳥取市,賃貸アパート,賃貸カテゴリ（掲載種別）,鳥取県鳥取市的場4丁目,4.6,24.8,,5,—,—,,—,賃貸のため対象外,,2026-07-24,,https://www.chintai.net/detail/bk-C030000980000000000020150001/,適合
CHINTAI 鳥取市,鳥取市,賃貸アパート,賃貸カテゴリ（掲載種別）,鳥取県鳥取市安長,5.1,55.0,,5,—,—,,—,賃貸のため対象外,,2026-07-24,,https://www.chintai.net/detail/bk-C030000200000000000009260004/,不適合
CHINTAI 鳥取市,鳥取市,賃貸アパート,賃貸カテゴリ（掲載種別）,鳥取県鳥取市布勢,5.85,26.7,,5,—,—,,—,賃貸のため対象外,,2026-07-24,,https://www.chintai.net/detail/bk-C030000980000000000022970002/,不適合
CHINTAI 鳥取市,鳥取市,賃貸アパート,賃貸カテゴリ（掲載種別）,鳥取県鳥取市大杙,4.9,30.4,,5,—,—,,—,賃貸のため対象外,,2026-07-24,,https://www.chintai.net/detail/bk-C030000980000000000007600008/,適合
CHINTAI 鳥取市,鳥取市,賃貸アパート,賃貸カテゴリ（掲載種別）,鳥取県鳥取市大杙,3.5,29.8,,5,—,—,,—,賃貸のため対象外,,2026-07-24,,https://www.chintai.net/detail/bk-C030000980000000000022180007/,適合
CHINTAI 鳥取市,鳥取市,賃貸アパート,賃貸カテゴリ（掲載種別）,鳥取県鳥取市吉成,5.3,53.3,,5,—,—,,—,賃貸のため対象外,,2026-07-24,,https://www.chintai.net/detail/bk-C030000980000000000019360001/,不適合
CHINTAI 鳥取市,鳥取市,賃貸アパート,賃貸カテゴリ（掲載種別）,鳥取県鳥取市国府町分上3丁目,5.8,42.1,,5,—,—,,—,賃貸のため対象外,,2026-07-24,,https://www.chintai.net/detail/bk-C030000980000000000015940002/,不適合
CHINTAI 鳥取市,鳥取市,賃貸アパート,賃貸カテゴリ（掲載種別）,鳥取県鳥取市宮長,5.2,50.8,,5,—,—,,—,賃貸のため対象外,,2026-07-24,,https://www.chintai.net/detail/bk-C030000980000000000005260003/,不適合
CHINTAI 鳥取市,鳥取市,賃貸アパート,賃貸カテゴリ（掲載種別）,鳥取県鳥取市宮長,4.8,50.8,,5,—,—,,—,賃貸のため対象外,,2026-07-24,,https://www.chintai.net/detail/bk-C030000980000000000005260004/,適合
CHINTAI 鳥取市,鳥取市,賃貸アパート,賃貸カテゴリ（掲載種別）,鳥取県鳥取市宮長,5.2,50.8,,5,—,—,,—,賃貸のため対象外,,2026-07-24,,https://www.chintai.net/detail/bk-C030000980000000000005260006/,不適合
CHINTAI 鳥取市,鳥取市,賃貸アパート,賃貸カテゴリ（掲載種別）,鳥取県鳥取市大覚寺,9.2,75.6,,5,—,—,,—,賃貸のため対象外,,2026-07-24,,https://www.chintai.net/detail/bk-C030000980000000000016220002/,不適合
CHINTAI 鳥取市,鳥取市,賃貸アパート,賃貸カテゴリ（掲載種別）,鳥取県鳥取市布勢,2.9,20.3,,5,—,—,,—,賃貸のため対象外,,2026-07-24,,https://www.chintai.net/detail/bk-C030000200000000000007190024/,適合
CHINTAI 鳥取市,鳥取市,賃貸アパート,賃貸カテゴリ（掲載種別）,鳥取県鳥取市浜坂,5.9,45.0,,5,—,—,,—,賃貸のため対象外,,2026-07-24,,https://www.chintai.net/detail/bk-C030000980000000000021040004/,不適合
CHINTAI 鳥取市,鳥取市,賃貸アパート,賃貸カテゴリ（掲載種別）,鳥取県鳥取市安長,5.0,34.8,,5,—,—,,—,賃貸のため対象外,,2026-07-24,,https://www.chintai.net/detail/bk-C030000200000000000009830011/,適合
CHINTAI 鳥取市,鳥取市,賃貸アパート,賃貸カテゴリ（掲載種別）,鳥取県鳥取市叶1丁目,5.8,45.1,,5,—,—,,—,賃貸のため対象外,,2026-07-24,,https://www.chintai.net/detail/bk-C030000200000000000010740004/,不適合
CHINTAI 鳥取市,鳥取市,賃貸アパート,賃貸カテゴリ（掲載種別）,鳥取県鳥取市吉成,6.9,40.4,,5,—,—,,—,賃貸のため対象外,,2026-07-24,,https://www.chintai.net/detail/bk-C030000200000000000014500004/,不適合
CHINTAI 鳥取市,鳥取市,賃貸アパート,賃貸カテゴリ（掲載種別）,鳥取県鳥取市吉成,6.9,40.4,,5,—,—,,—,賃貸のため対象外,,2026-07-24,,https://www.chintai.net/detail/bk-C030000980000000000022330007/,不適合
CHINTAI 鳥取市,鳥取市,賃貸アパート,賃貸カテゴリ（掲載種別）,鳥取県鳥取市賀露町北3丁目,3.5,26.8,,5,—,—,,—,賃貸のため対象外,,2026-07-24,,https://www.chintai.net/detail/bk-C030000200000000000008960009/,適合
CHINTAI 鳥取市,鳥取市,賃貸アパート,賃貸カテゴリ（掲載種別）,鳥取県鳥取市商栄町,5.3,51.9,,5,—,—,,—,賃貸のため対象外,,2026-07-24,,https://www.chintai.net/detail/bk-C030000200000000000004550002/,不適合
CHINTAI 鳥取市,鳥取市,賃貸アパート,賃貸カテゴリ（掲載種別）,鳥取県鳥取市吉成,5.3,53.3,,5,—,—,,—,賃貸のため対象外,,2026-07-24,,https://www.chintai.net/detail/bk-C030000980000000000018680003/,不適合
CHINTAI 鳥取市,鳥取市,賃貸アパート,賃貸カテゴリ（掲載種別）,鳥取県鳥取市吉成,5.3,53.3,,5,—,—,,—,賃貸のため対象外,,2026-07-24,,https://www.chintai.net/detail/bk-C030000980000000000018680005/,不適合
CHINTAI 鳥取市,鳥取市,賃貸アパート,賃貸カテゴリ（掲載種別）,鳥取県鳥取市安長,4.9,34.0,,5,—,—,,—,賃貸のため対象外,,2026-07-24,,https://www.chintai.net/detail/bk-C030000980000000000013690003/,適合
CHINTAI 鳥取市,鳥取市,賃貸アパート,賃貸カテゴリ（掲載種別）,鳥取県鳥取市安長,4.9,34.0,,5,—,—,,—,賃貸のため対象外,,2026-07-24,,https://www.chintai.net/detail/bk-C030000200000000000010410008/,適合
CHINTAI 鳥取市,鳥取市,賃貸アパート,賃貸カテゴリ（掲載種別）,鳥取県鳥取市古市,5.15,32.4,,5,—,—,,—,賃貸のため対象外,,2026-07-24,,https://www.chintai.net/detail/bk-C030000980000000000021280008/,不適合
CHINTAI 鳥取市,鳥取市,賃貸アパート,賃貸カテゴリ（掲載種別）,鳥取県鳥取市湖山町東1丁目,2.3,21.0,,5,—,—,,—,賃貸のため対象外,,2026-07-24,,https://www.chintai.net/detail/bk-C030000200000000000008100004/,適合
CHINTAI 鳥取市,鳥取市,賃貸アパート,賃貸カテゴリ（掲載種別）,鳥取県鳥取市湖山町東1丁目,2.4,21.0,,5,—,—,,—,賃貸のため対象外,,2026-07-24,,https://www.chintai.net/detail/bk-C030000200000000000008100003/,適合
CHINTAI 鳥取市,鳥取市,賃貸アパート,賃貸カテゴリ（掲載種別）,鳥取県鳥取市叶,4.9,43.4,,5,—,—,,—,賃貸のため対象外,,2026-07-24,,https://www.chintai.net/detail/bk-C030000980000000000021920007/,適合
CHINTAI 鳥取市,鳥取市,賃貸アパート,賃貸カテゴリ（掲載種別）,鳥取県鳥取市湖山町東1丁目,4.5,26.7,,5,—,—,,—,賃貸のため対象外,,2026-07-24,,https://www.chintai.net/detail/bk-C030000200000000000009080011/,適合
CHINTAI 鳥取市,鳥取市,賃貸アパート,賃貸カテゴリ（掲載種別）,鳥取県鳥取市安長,4.1,28.2,,5,—,—,,—,賃貸のため対象外,,2026-07-24,,https://www.chintai.net/detail/bk-C030000200000000000009100007/,適合
CHINTAI 鳥取市,鳥取市,賃貸アパート,賃貸カテゴリ（掲載種別）,鳥取県鳥取市南隈,1.5,12.0,,5,—,—,,—,賃貸のため対象外,,2026-07-24,,https://www.chintai.net/detail/bk-C030000200000000000009470007/,適合
CHINTAI 鳥取市,鳥取市,賃貸マンション,賃貸カテゴリ（掲載種別）,鳥取県鳥取市滝山422-6,2.55,29.0,,5,—,—,,—,賃貸のため対象外,,2026-07-24,,https://www.chintai.net/detail/bk-C010099500000060480102070207/,適合
CHINTAI 鳥取市,鳥取市,賃貸アパート,賃貸カテゴリ（掲載種別）,鳥取県鳥取市南隈,6.1,36.5,,5,—,—,,—,賃貸のため対象外,,2026-07-24,,https://www.chintai.net/detail/bk-C030000200000000000014430005/,不適合
CHINTAI 鳥取市,鳥取市,賃貸アパート,賃貸カテゴリ（掲載種別）,鳥取県鳥取市南隈,6.1,43.9,,5,—,—,,—,賃貸のため対象外,,2026-07-24,,https://www.chintai.net/detail/bk-C030000980000000000023450004/,不適合
CHINTAI 鳥取市,鳥取市,賃貸アパート,賃貸カテゴリ（掲載種別）,鳥取県鳥取市吉成南町1丁目,5.4,54.0,,5,—,—,,—,賃貸のため対象外,,2026-07-24,,https://www.chintai.net/detail/bk-C030000980000000000008170002/,不適合
CHINTAI 鳥取市,鳥取市,賃貸アパート,賃貸カテゴリ（掲載種別）,鳥取県鳥取市吉成南町1丁目,4.8,43.0,,5,—,—,,—,賃貸のため対象外,,2026-07-24,,https://www.chintai.net/detail/bk-C030000980000000000008170003/,適合
CHINTAI 鳥取市,鳥取市,賃貸アパート,賃貸カテゴリ（掲載種別）,鳥取県鳥取市吉成南町1丁目,5.4,54.0,,5,—,—,,—,賃貸のため対象外,,2026-07-24,,https://www.chintai.net/detail/bk-C030000980000000000008170004/,不適合
CHINTAI 鳥取市,鳥取市,賃貸アパート,賃貸カテゴリ（掲載種別）,鳥取県鳥取市面影2丁目,6.2,71.3,,5,—,—,,—,賃貸のため対象外,,2026-07-24,,https://www.chintai.net/detail/bk-C030000980000000000023550002/,不適合
CHINTAI 鳥取市,鳥取市,賃貸マンション,賃貸カテゴリ（掲載種別）,鳥取県鳥取市桂木,4.5,29.6,,5,—,—,,—,賃貸のため対象外,,2026-07-24,,https://www.chintai.net/detail/bk-C030000980000000000002890018/,適合
CHINTAI 鳥取市,鳥取市,賃貸アパート,賃貸カテゴリ（掲載種別）,鳥取県鳥取市江津,5.85,45.1,,5,—,—,,—,賃貸のため対象外,,2026-07-24,,https://www.chintai.net/detail/bk-C030000200000000000011590002/,不適合
CHINTAI 鳥取市,鳥取市,賃貸アパート,賃貸カテゴリ（掲載種別）,鳥取県鳥取市江津,5.85,45.1,,5,—,—,,—,賃貸のため対象外,,2026-07-24,,https://www.chintai.net/detail/bk-C030000980000000000017280003/,不適合
CHINTAI 鳥取市,鳥取市,賃貸マンション,賃貸カテゴリ（掲載種別）,鳥取県鳥取市滝山422-6,2.92,29.0,,5,—,—,,—,賃貸のため対象外,,2026-07-24,,https://www.chintai.net/detail/bk-C010099500000060480102060206/,適合
CHINTAI 鳥取市,鳥取市,賃貸マンション,賃貸カテゴリ（掲載種別）,鳥取県鳥取市湖山町東1丁目,2.6,25.8,,5,—,—,,—,賃貸のため対象外,,2026-07-24,,https://www.chintai.net/detail/bk-C030000200000000000013380014/,適合
CHINTAI 鳥取市,鳥取市,賃貸マンション,賃貸カテゴリ（掲載種別）,鳥取県鳥取市湖山町東1丁目,2.6,25.8,,5,—,—,,—,賃貸のため対象外,,2026-07-24,,https://www.chintai.net/detail/bk-C030000200000000000013380027/,適合
CHINTAI 鳥取市,鳥取市,賃貸マンション,賃貸カテゴリ（掲載種別）,鳥取県鳥取市湖山町東1丁目,2.6,25.8,,5,—,—,,—,賃貸のため対象外,,2026-07-24,,https://www.chintai.net/detail/bk-C030000200000000000013380025/,適合
CHINTAI 鳥取市,鳥取市,賃貸アパート,賃貸カテゴリ（掲載種別）,鳥取県鳥取市湖山町南４丁目,4.6,40.5,,5,—,—,,—,賃貸のため対象外,,2026-07-24,,https://www.chintai.net/detail/bk-C030000200000000000005880005/,適合
CHINTAI 鳥取市,鳥取市,賃貸マンション,賃貸カテゴリ（掲載種別）,鳥取県鳥取市元町,11.7,68.6,,5,—,—,,—,賃貸のため対象外,,2026-07-24,,https://www.chintai.net/detail/bk-C030000980000000000014270001/,不適合
CHINTAI 鳥取市,鳥取市,賃貸マンション,賃貸カテゴリ（掲載種別）,鳥取県鳥取市的場2丁目,3.8,27.0,,5,—,—,,—,賃貸のため対象外,,2026-07-24,,https://www.chintai.net/detail/bk-C030000980000000000001510017/,適合
CHINTAI 鳥取市,鳥取市,賃貸マンション,賃貸カテゴリ（掲載種別）,鳥取県鳥取市的場2丁目,3.8,27.0,,5,—,—,,—,賃貸のため対象外,,2026-07-24,,https://www.chintai.net/detail/bk-C030000980000000000001510008/,適合
CHINTAI 鳥取市,鳥取市,賃貸マンション,賃貸カテゴリ（掲載種別）,鳥取県鳥取市的場2丁目,3.8,27.0,,5,—,—,,—,賃貸のため対象外,,2026-07-24,,https://www.chintai.net/detail/bk-C030000980000000000001510012/,適合
CHINTAI 鳥取市,鳥取市,賃貸マンション,賃貸カテゴリ（掲載種別）,鳥取県鳥取市湖山町北5丁目,2.97,38.1,,5,—,—,,—,賃貸のため対象外,,2026-07-24,,https://www.chintai.net/detail/bk-C010099500000061080405030503/,適合
CHINTAI 鳥取市,鳥取市,賃貸戸建,賃貸カテゴリ（掲載種別）,鳥取県鳥取市湖山町東1丁目,8.0,169.2,,5,—,—,,—,賃貸のため対象外,,2026-07-24,,https://www.chintai.net/detail/bk-C030000200000000000014780001/,不適合
CHINTAI 鳥取市,鳥取市,賃貸アパート,賃貸カテゴリ（掲載種別）,鳥取県鳥取市田島,6.0,63.0,,5,田,—,,—,賃貸のため対象外,,2026-07-24,,https://www.chintai.net/detail/bk-C030000980000000000005110001/,不適合
CHINTAI 鳥取市,鳥取市,賃貸アパート,賃貸カテゴリ（掲載種別）,鳥取県鳥取市湖山町南1丁目,5.6,40.8,,5,—,—,,—,賃貸のため対象外,,2026-07-24,,https://www.chintai.net/detail/bk-C030000200000000000009620001/,不適合
CHINTAI 鳥取市,鳥取市,賃貸アパート,賃貸カテゴリ（掲載種別）,鳥取県鳥取市湖山町西1丁目,9.1,79.0,,5,—,—,,—,賃貸のため対象外,,2026-07-24,,https://www.chintai.net/detail/bk-C030000200000000000006640003/,不適合
CHINTAI 鳥取市,鳥取市,賃貸その他,賃貸カテゴリ（掲載種別）,鳥取県鳥取市古海,5.5,32.7,,5,—,—,,—,賃貸のため対象外,,2026-07-24,,https://www.chintai.net/detail/bk-C030000200000000000006980010/,不適合
CHINTAI 鳥取市,鳥取市,賃貸アパート,賃貸カテゴリ（掲載種別）,鳥取県鳥取市国府町宮下,4.6,43.4,,5,—,—,,—,賃貸のため対象外,,2026-07-24,,https://www.chintai.net/detail/bk-C030000980000000000004190006/,適合
CHINTAI 鳥取市,鳥取市,賃貸マンション,賃貸カテゴリ（掲載種別）,鳥取県鳥取市若葉台北６丁目,4.45,29.6,,5,—,—,,—,賃貸のため対象外,,2026-07-24,,https://www.chintai.net/detail/bk-C030000980000000000010500011/,適合
CHINTAI 鳥取市,鳥取市,賃貸アパート,賃貸カテゴリ（掲載種別）,鳥取県鳥取市新,3.1,23.2,,5,—,—,,—,賃貸のため対象外,,2026-07-24,,https://www.chintai.net/detail/bk-C030000980000000000007820001/,適合
CHINTAI 鳥取市,鳥取市,賃貸アパート,賃貸カテゴリ（掲載種別）,鳥取県鳥取市布勢,4.2,43.4,,5,—,—,,—,賃貸のため対象外,,2026-07-24,,https://www.chintai.net/detail/bk-C030000200000000000007400003/,適合
CHINTAI 鳥取市,鳥取市,賃貸アパート,賃貸カテゴリ（掲載種別）,鳥取県鳥取市南安長3丁目,3.3,23.3,,5,—,—,,—,賃貸のため対象外,,2026-07-24,,https://www.chintai.net/detail/bk-C030000200000000000007880004/,適合
CHINTAI 鳥取市,鳥取市,賃貸アパート,賃貸カテゴリ（掲載種別）,鳥取県鳥取市南安長3丁目,3.0,23.3,,5,—,—,,—,賃貸のため対象外,,2026-07-24,,https://www.chintai.net/detail/bk-C030000200000000000007880006/,適合
CHINTAI 鳥取市,鳥取市,賃貸アパート,賃貸カテゴリ（掲載種別）,鳥取県鳥取市南安長3丁目,3.0,23.3,,5,—,—,,—,賃貸のため対象外,,2026-07-24,,https://www.chintai.net/detail/bk-C030000200000000000007880005/,適合
CHINTAI 鳥取市,鳥取市,賃貸アパート,賃貸カテゴリ（掲載種別）,鳥取県鳥取市浜坂3丁目,5.0,59.8,,5,—,—,,—,賃貸のため対象外,,2026-07-24,,https://www.chintai.net/detail/bk-C030000200000000000010510003/,適合
CHINTAI 鳥取市,鳥取市,賃貸アパート,賃貸カテゴリ（掲載種別）,鳥取県鳥取市浜坂3丁目,5.0,59.8,,5,—,—,,—,賃貸のため対象外,,2026-07-24,,https://www.chintai.net/detail/bk-C030000980000000000017490004/,適合
CHINTAI 鳥取市,鳥取市,賃貸アパート,賃貸カテゴリ（掲載種別）,鳥取県鳥取市秋里,5.4,44.3,,5,—,—,,—,賃貸のため対象外,,2026-07-24,,https://www.chintai.net/detail/bk-C030000200000000000011890004/,不適合
CHINTAI 鳥取市,鳥取市,賃貸アパート,賃貸カテゴリ（掲載種別）,鳥取県鳥取市湖山町西1丁目,2.5,20.8,,5,—,—,,—,賃貸のため対象外,,2026-07-24,,https://www.chintai.net/detail/bk-C030000200000000000008500013/,適合
CHINTAI 鳥取市,鳥取市,賃貸アパート,賃貸カテゴリ（掲載種別）,鳥取県鳥取市湖山町西1丁目,2.5,20.8,,5,—,—,,—,賃貸のため対象外,,2026-07-24,,https://www.chintai.net/detail/bk-C030000200000000000008500003/,適合
CHINTAI 鳥取市,鳥取市,賃貸アパート,賃貸カテゴリ（掲載種別）,鳥取県鳥取市湖山町西1丁目,2.5,20.8,,5,—,—,,—,賃貸のため対象外,,2026-07-24,,https://www.chintai.net/detail/bk-C030000200000000000008500012/,適合
CHINTAI 鳥取市,鳥取市,賃貸アパート,賃貸カテゴリ（掲載種別）,鳥取県鳥取市湖山町北4丁目,2.6,22.4,,5,—,—,,—,賃貸のため対象外,,2026-07-24,,https://www.chintai.net/detail/bk-C030000200000000000013210006/,適合
CHINTAI 鳥取市,鳥取市,賃貸アパート,賃貸カテゴリ（掲載種別）,鳥取県鳥取市湖山町南4丁目,3.0,25.0,,5,—,—,,—,賃貸のため対象外,,2026-07-24,,https://www.chintai.net/detail/bk-C030000200000000000008220007/,適合
CHINTAI 鳥取市,鳥取市,賃貸アパート,賃貸カテゴリ（掲載種別）,鳥取県鳥取市湖山町南4丁目,3.0,25.0,,5,—,—,,—,賃貸のため対象外,,2026-07-24,,https://www.chintai.net/detail/bk-C030000200000000000008220006/,適合
CHINTAI 鳥取市,鳥取市,賃貸アパート,賃貸カテゴリ（掲載種別）,鳥取県鳥取市卯垣2丁目,6.6,43.7,,5,—,—,,—,賃貸のため対象外,,2026-07-24,,https://www.chintai.net/detail/bk-C030000980000000000022570001/,不適合
CHINTAI 鳥取市,鳥取市,賃貸アパート,賃貸カテゴリ（掲載種別）,鳥取県鳥取市緑ケ丘1丁目,3.2,30.4,,5,—,—,,—,賃貸のため対象外,,2026-07-24,,https://www.chintai.net/detail/bk-C030000200000000000004920001/,適合
CHINTAI 鳥取市,鳥取市,賃貸アパート,賃貸カテゴリ（掲載種別）,鳥取県鳥取市御弓町,6.5,27.4,,5,—,—,,—,賃貸のため対象外,,2026-07-24,,https://www.chintai.net/detail/bk-C030000980000000000023880008/,不適合
CHINTAI 鳥取市,鳥取市,賃貸アパート,賃貸カテゴリ（掲載種別）,鳥取県鳥取市御弓町,6.5,27.4,,5,—,—,,—,賃貸のため対象外,,2026-07-24,,https://www.chintai.net/detail/bk-C030000980000000000023880005/,不適合
CHINTAI 鳥取市,鳥取市,賃貸アパート,賃貸カテゴリ（掲載種別）,鳥取県鳥取市御弓町,6.4,27.4,,5,—,—,,—,賃貸のため対象外,,2026-07-24,,https://www.chintai.net/detail/bk-C030000980000000000023880004/,不適合
CHINTAI 鳥取市,鳥取市,賃貸その他,賃貸カテゴリ（掲載種別）,鳥取県鳥取市湖山町南5丁目,2.7,26.5,,5,—,—,,—,賃貸のため対象外,,2026-07-24,,https://www.chintai.net/detail/bk-C030000200000000000007780003/,適合
CHINTAI 鳥取市,鳥取市,賃貸その他,賃貸カテゴリ（掲載種別）,鳥取県鳥取市湖山町南5丁目,2.7,26.5,,5,—,—,,—,賃貸のため対象外,,2026-07-24,,https://www.chintai.net/detail/bk-C030000200000000000007780006/,適合
CHINTAI 鳥取市,鳥取市,賃貸その他,賃貸カテゴリ（掲載種別）,鳥取県鳥取市湖山町南5丁目,2.7,26.5,,5,—,—,,—,賃貸のため対象外,,2026-07-24,,https://www.chintai.net/detail/bk-C030000200000000000007780011/,適合
CHINTAI 鳥取市,鳥取市,賃貸マンション,賃貸カテゴリ（掲載種別）,鳥取県鳥取市湖山町北5丁目,3.07,38.1,,5,—,—,,—,賃貸のため対象外,,2026-07-24,,https://www.chintai.net/detail/bk-C010099500000061080204060406/,適合
CHINTAI 鳥取市,鳥取市,賃貸アパート,賃貸カテゴリ（掲載種別）,鳥取県鳥取市寺町,3.1,17.5,,5,—,—,,—,賃貸のため対象外,,2026-07-24,,https://www.chintai.net/detail/bk-C030000980000000000007990004/,適合
CHINTAI 鳥取市,鳥取市,賃貸アパート,賃貸カテゴリ（掲載種別）,鳥取県鳥取市宮長,4.0,49.7,,5,—,—,,—,賃貸のため対象外,,2026-07-24,,https://www.chintai.net/detail/bk-C030000980000000000023220002/,適合
CHINTAI 鳥取市,鳥取市,賃貸アパート,賃貸カテゴリ（掲載種別）,鳥取県鳥取市宮長,4.0,49.7,,5,—,—,,—,賃貸のため対象外,,2026-07-24,,https://www.chintai.net/detail/bk-C030000980000000000023220001/,適合
CHINTAI 鳥取市,鳥取市,賃貸その他,賃貸カテゴリ（掲載種別）,鳥取県鳥取市面影1丁目,5.5,57.3,,5,—,—,,—,賃貸のため対象外,,2026-07-24,,https://www.chintai.net/detail/bk-C030000980000000000017930017/,不適合
CHINTAI 鳥取市,鳥取市,賃貸その他,賃貸カテゴリ（掲載種別）,鳥取県鳥取市面影1丁目,5.5,57.3,,5,—,—,,—,賃貸のため対象外,,2026-07-24,,https://www.chintai.net/detail/bk-C030000980000000000017930019/,不適合
CHINTAI 鳥取市,鳥取市,賃貸アパート,賃貸カテゴリ（掲載種別）,鳥取県鳥取市新,6.0,47.6,,5,—,—,,—,賃貸のため対象外,,2026-07-24,,https://www.chintai.net/detail/bk-C030000980000000000010360003/,不適合
CHINTAI 鳥取市,鳥取市,賃貸アパート,賃貸カテゴリ（掲載種別）,鳥取県鳥取市国府町奥谷3丁目,4.9,48.8,,5,—,—,,—,賃貸のため対象外,,2026-07-24,,https://www.chintai.net/detail/bk-C030000980000000000019930002/,適合
CHINTAI 鳥取市,鳥取市,賃貸アパート,賃貸カテゴリ（掲載種別）,鳥取県鳥取市面影2丁目,5.0,60.2,,5,—,—,,—,賃貸のため対象外,,2026-07-24,,https://www.chintai.net/detail/bk-C030000980000000000002690001/,適合
CHINTAI 鳥取市,鳥取市,賃貸アパート,賃貸カテゴリ（掲載種別）,鳥取県鳥取市新,5.5,60.6,,5,—,—,,—,賃貸のため対象外,,2026-07-24,,https://www.chintai.net/detail/bk-C030000980000000000009210003/,不適合
CHINTAI 鳥取市,鳥取市,賃貸アパート,賃貸カテゴリ（掲載種別）,鳥取県鳥取市秋里,6.0,67.6,,5,—,—,,—,賃貸のため対象外,,2026-07-24,,https://www.chintai.net/detail/bk-C030000980000000000003060002/,不適合
CHINTAI 鳥取市,鳥取市,賃貸アパート,賃貸カテゴリ（掲載種別）,鳥取県鳥取市湖山町東1丁目,2.2,18.4,,5,—,—,,—,賃貸のため対象外,,2026-07-24,,https://www.chintai.net/detail/bk-C030000200000000000009410002/,適合
CHINTAI 鳥取市,鳥取市,賃貸アパート,賃貸カテゴリ（掲載種別）,鳥取県鳥取市湖山町東1丁目,2.2,18.4,,5,—,—,,—,賃貸のため対象外,,2026-07-24,,https://www.chintai.net/detail/bk-C030000200000000000009410006/,適合
CHINTAI 鳥取市,鳥取市,賃貸アパート,賃貸カテゴリ（掲載種別）,鳥取県鳥取市湖山町東1丁目,2.1,18.4,,5,—,—,,—,賃貸のため対象外,,2026-07-24,,https://www.chintai.net/detail/bk-C030000200000000000009410003/,適合
CHINTAI 鳥取市,鳥取市,賃貸アパート,賃貸カテゴリ（掲載種別）,鳥取県鳥取市湯所町2丁目,6.1,61.6,,5,—,—,,—,賃貸のため対象外,○,2026-07-24,属人性,https://www.chintai.net/detail/bk-C030000980000000000005050001/,不適合
CHINTAI 鳥取市,鳥取市,賃貸アパート,賃貸カテゴリ（掲載種別）,鳥取県鳥取市湖山町南1丁目,2.8,18.4,,5,—,—,,—,賃貸のため対象外,,2026-07-24,,https://www.chintai.net/detail/bk-C030000200000000000008600002/,適合
CHINTAI 鳥取市,鳥取市,賃貸アパート,賃貸カテゴリ（掲載種別）,鳥取県鳥取市南安長1丁目,3.6,42.8,,5,—,—,,—,賃貸のため対象外,,2026-07-24,,https://www.chintai.net/detail/bk-C030000200000000000007870005/,適合
CHINTAI 鳥取市,鳥取市,賃貸アパート,賃貸カテゴリ（掲載種別）,鳥取県鳥取市湖山町南1丁目,4.3,35.4,,5,—,—,,—,賃貸のため対象外,,2026-07-24,,https://www.chintai.net/detail/bk-C030000200000000000007110004/,適合
CHINTAI 鳥取市,鳥取市,賃貸アパート,賃貸カテゴリ（掲載種別）,鳥取県鳥取市浜坂4丁目,4.1,42.2,,5,—,—,,—,賃貸のため対象外,,2026-07-24,,https://www.chintai.net/detail/bk-C030000200000000000009930001/,適合
CHINTAI 鳥取市,鳥取市,賃貸アパート,賃貸カテゴリ（掲載種別）,鳥取県鳥取市浜坂4丁目,4.1,42.2,,5,—,—,,—,賃貸のため対象外,,2026-07-24,,https://www.chintai.net/detail/bk-C030000980000000000006500003/,適合
CHINTAI 鳥取市,鳥取市,賃貸アパート,賃貸カテゴリ（掲載種別）,鳥取県鳥取市湖山町東1丁目,3.3,36.5,,5,—,—,,—,賃貸のため対象外,,2026-07-24,,https://www.chintai.net/detail/bk-C030000200000000000007480003/,適合
CHINTAI 鳥取市,鳥取市,賃貸マンション,賃貸カテゴリ（掲載種別）,鳥取県鳥取市吉成3丁目,3.4,22.7,,5,—,—,,—,賃貸のため対象外,,2026-07-24,,https://www.chintai.net/detail/bk-C030000980000000000004670013/,適合
CHINTAI 鳥取市,鳥取市,賃貸マンション,賃貸カテゴリ（掲載種別）,鳥取県鳥取市大覚寺,4.9,52.8,,5,—,—,,—,賃貸のため対象外,,2026-07-24,,https://www.chintai.net/detail/bk-C030000980000000000009250004/,適合
CHINTAI 鳥取市,鳥取市,賃貸アパート,賃貸カテゴリ（掲載種別）,鳥取県鳥取市正蓮寺,4.5,35.5,,5,—,—,,—,賃貸のため対象外,,2026-07-24,,https://www.chintai.net/detail/bk-C030000980000000000006560004/,適合
CHINTAI 鳥取市,鳥取市,賃貸アパート,賃貸カテゴリ（掲載種別）,鳥取県鳥取市湯所町2丁目,6.6,57.8,,5,—,—,,—,賃貸のため対象外,,2026-07-24,,https://www.chintai.net/detail/bk-C030000980000000000014190001/,不適合
CHINTAI 鳥取市,鳥取市,賃貸アパート,賃貸カテゴリ（掲載種別）,鳥取県鳥取市江津,5.7,43.0,,5,—,—,,—,賃貸のため対象外,,2026-07-24,,https://www.chintai.net/detail/bk-C030000980000000000012650003/,不適合
CHINTAI 鳥取市,鳥取市,賃貸アパート,賃貸カテゴリ（掲載種別）,鳥取県鳥取市賀露町西3丁目,5.4,57.0,,5,—,—,,—,賃貸のため対象外,,2026-07-24,,https://www.chintai.net/detail/bk-C030000200000000000013860005/,不適合
CHINTAI 鳥取市,鳥取市,賃貸アパート,賃貸カテゴリ（掲載種別）,鳥取県鳥取市秋里,6.0,67.6,,5,—,—,,—,賃貸のため対象外,,2026-07-24,,https://www.chintai.net/detail/bk-C030000200000000000012380001/,不適合
CHINTAI 鳥取市,鳥取市,賃貸アパート,賃貸カテゴリ（掲載種別）,鳥取県鳥取市湖山町北4丁目,4.9,49.2,,5,—,—,,—,賃貸のため対象外,,2026-07-24,,https://www.chintai.net/detail/bk-C030000200000000000010160003/,適合
CHINTAI 鳥取市,鳥取市,賃貸アパート,賃貸カテゴリ（掲載種別）,鳥取県鳥取市商栄町,5.9,68.7,,5,—,—,,—,賃貸のため対象外,,2026-07-24,,https://www.chintai.net/detail/bk-C030000200000000000010140002/,不適合
CHINTAI 鳥取市,鳥取市,賃貸アパート,賃貸カテゴリ（掲載種別）,鳥取県鳥取市宮長,5.3,50.8,,5,—,—,,—,賃貸のため対象外,,2026-07-24,,https://www.chintai.net/detail/bk-C030000980000000000022490001/,不適合
CHINTAI 鳥取市,鳥取市,賃貸アパート,賃貸カテゴリ（掲載種別）,鳥取県鳥取市的場2丁目,4.6,44.3,,5,—,—,,—,賃貸のため対象外,,2026-07-24,,https://www.chintai.net/detail/bk-C030000980000000000009130017/,適合
CHINTAI 鳥取市,鳥取市,賃貸マンション,賃貸カテゴリ（掲載種別）,鳥取県鳥取市南吉方1丁目,5.4,61.8,,5,—,—,,—,賃貸のため対象外,,2026-07-24,,https://www.chintai.net/detail/bk-C030000980000000000002320003/,不適合
CHINTAI 鳥取市,鳥取市,賃貸アパート,賃貸カテゴリ（掲載種別）,鳥取県鳥取市国府町宮下,5.75,51.7,,5,—,—,,—,賃貸のため対象外,,2026-07-24,,https://www.chintai.net/detail/bk-C030000980000000000014570007/,不適合
CHINTAI 鳥取市,鳥取市,賃貸アパート,賃貸カテゴリ（掲載種別）,鳥取県鳥取市湖山町南1丁目,2.7,21.0,,5,—,—,,—,賃貸のため対象外,,2026-07-24,,https://www.chintai.net/detail/bk-C030000200000000000007330058/,適合
CHINTAI 鳥取市,鳥取市,賃貸その他,賃貸カテゴリ（掲載種別）,鳥取県鳥取市湖山町東2丁目,14.3,89.0,,5,—,—,,—,賃貸のため対象外,,2026-07-24,,https://www.chintai.net/detail/bk-C030000200000000000014740001/,不適合
CHINTAI 鳥取市,鳥取市,賃貸アパート,賃貸カテゴリ（掲載種別）,鳥取県鳥取市国府町宮下,4.8,50.8,,5,—,—,,—,賃貸のため対象外,,2026-07-24,,https://www.chintai.net/detail/bk-C030000980000000000006290001/,適合
CHINTAI 鳥取市,鳥取市,賃貸アパート,賃貸カテゴリ（掲載種別）,鳥取県鳥取市国府町宮下,4.9,35.0,,5,—,—,,—,賃貸のため対象外,,2026-07-24,,https://www.chintai.net/detail/bk-C030000980000000000006280002/,適合
CHINTAI 鳥取市,鳥取市,賃貸アパート,賃貸カテゴリ（掲載種別）,鳥取県鳥取市職人町,4.2,15.0,,5,—,—,,—,賃貸のため対象外,,2026-07-24,,https://www.chintai.net/detail/bk-C030000980000000000004810005/,適合
CHINTAI 鳥取市,鳥取市,賃貸アパート,賃貸カテゴリ（掲載種別）,鳥取県鳥取市職人町,2.7,15.0,,5,—,—,,—,賃貸のため対象外,,2026-07-24,,https://www.chintai.net/detail/bk-C030000980000000000004810004/,適合
CHINTAI 鳥取市,鳥取市,賃貸アパート,賃貸カテゴリ（掲載種別）,鳥取県鳥取市湖山町北2丁目,2.9,28.0,,5,—,—,,—,賃貸のため対象外,,2026-07-24,,https://www.chintai.net/detail/bk-C030000200000000000008580004/,適合
CHINTAI 鳥取市,鳥取市,賃貸アパート,賃貸カテゴリ（掲載種別）,鳥取県鳥取市晩稲,3.1,26.0,,5,—,—,,—,賃貸のため対象外,,2026-07-24,,https://www.chintai.net/detail/bk-C030000200000000000007970004/,適合
CHINTAI 鳥取市,鳥取市,賃貸アパート,賃貸カテゴリ（掲載種別）,鳥取県鳥取市湖山町南１丁目,2.5,24.2,,5,—,—,,—,賃貸のため対象外,,2026-07-24,,https://www.chintai.net/detail/bk-C030000200000000000008490016/,適合
CHINTAI 鳥取市,鳥取市,賃貸アパート,賃貸カテゴリ（掲載種別）,鳥取県鳥取市湖山町南１丁目,2.5,24.2,,5,—,—,,—,賃貸のため対象外,,2026-07-24,,https://www.chintai.net/detail/bk-C030000200000000000008490009/,適合
CHINTAI 鳥取市,鳥取市,賃貸アパート,賃貸カテゴリ（掲載種別）,鳥取県鳥取市湖山町北4丁目,2.95,26.5,,5,—,—,,—,賃貸のため対象外,,2026-07-24,,https://www.chintai.net/detail/bk-C030000200000000000013400001/,適合
CHINTAI 鳥取市,鳥取市,賃貸アパート,賃貸カテゴリ（掲載種別）,鳥取県鳥取市国府町新通り2丁目,2.6,30.0,,5,—,—,,—,賃貸のため対象外,,2026-07-24,,https://www.chintai.net/detail/bk-C030000980000000000006340004/,適合
CHINTAI 鳥取市,鳥取市,賃貸アパート,賃貸カテゴリ（掲載種別）,鳥取県鳥取市湖山町南5丁目,1.9,17.4,,5,—,—,,—,賃貸のため対象外,,2026-07-24,,https://www.chintai.net/detail/bk-C030000200000000000007840004/,適合
CHINTAI 鳥取市,鳥取市,賃貸戸建,賃貸カテゴリ（掲載種別）,鳥取県鳥取市立川町５丁目,5.6,76.0,,5,—,—,,—,賃貸のため対象外,,2026-07-24,,https://www.chintai.net/detail/bk-C030000980000000000018220001/,不適合
CHINTAI 鳥取市,鳥取市,賃貸アパート,賃貸カテゴリ（掲載種別）,鳥取県鳥取市江津,7.1,36.0,,5,—,—,,—,賃貸のため対象外,,2026-07-24,,https://www.chintai.net/detail/bk-C030000980000000000023840003/,不適合
CHINTAI 鳥取市,鳥取市,賃貸アパート,賃貸カテゴリ（掲載種別）,鳥取県鳥取市江津,6.7,36.0,,5,—,—,,—,賃貸のため対象外,,2026-07-24,,https://www.chintai.net/detail/bk-C030000980000000000023840002/,不適合
CHINTAI 鳥取市,鳥取市,賃貸アパート,賃貸カテゴリ（掲載種別）,鳥取県鳥取市江津,6.7,36.0,,5,—,—,,—,賃貸のため対象外,,2026-07-24,,https://www.chintai.net/detail/bk-C030000980000000000023840001/,不適合
CHINTAI 鳥取市,鳥取市,賃貸その他,賃貸カテゴリ（掲載種別）,鳥取県鳥取市的場4丁目,5.4,55.6,,5,—,—,,—,賃貸のため対象外,,2026-07-24,,https://www.chintai.net/detail/bk-C030000980000000000005320011/,不適合
CHINTAI 鳥取市,鳥取市,賃貸アパート,賃貸カテゴリ（掲載種別）,鳥取県鳥取市古市,5.0,48.0,,5,—,—,,—,賃貸のため対象外,,2026-07-24,,https://www.chintai.net/detail/bk-C030000980000000000021000003/,適合
CHINTAI 鳥取市,鳥取市,賃貸アパート,賃貸カテゴリ（掲載種別）,鳥取県鳥取市南吉方３丁目,3.5,28.4,,5,—,—,,—,賃貸のため対象外,,2026-07-24,,https://www.chintai.net/detail/bk-C030000980000000000011970003/,適合
CHINTAI 鳥取市,鳥取市,賃貸アパート,賃貸カテゴリ（掲載種別）,鳥取県鳥取市大覚寺,4.5,52.2,,5,—,—,,—,賃貸のため対象外,,2026-07-24,,https://www.chintai.net/detail/bk-C030000980000000000023100002/,適合
CHINTAI 鳥取市,鳥取市,賃貸マンション,賃貸カテゴリ（掲載種別）,鳥取県鳥取市湖山町北2丁目,6.2,45.0,,5,—,—,,—,賃貸のため対象外,,2026-07-24,,https://www.chintai.net/detail/bk-C030000200000000000008190005/,不適合
CHINTAI 鳥取市,鳥取市,賃貸マンション,賃貸カテゴリ（掲載種別）,鳥取県鳥取市岩倉467-15,3.95,53.1,,5,—,—,,—,賃貸のため対象外,,2026-07-24,,https://www.chintai.net/detail/bk-C010099500000061620204020402/,適合
CHINTAI 鳥取市,鳥取市,賃貸マンション,賃貸カテゴリ（掲載種別）,鳥取県鳥取市岩倉467-15,4.06,53.1,,5,—,—,,—,賃貸のため対象外,,2026-07-24,,https://www.chintai.net/detail/bk-C010099500000061620105060506/,適合
CHINTAI 鳥取市,鳥取市,賃貸アパート,賃貸カテゴリ（掲載種別）,鳥取県鳥取市雲山,5.2,50.3,,5,—,—,,—,賃貸のため対象外,,2026-07-24,,https://www.chintai.net/detail/bk-C030000980000000000014400004/,不適合
CHINTAI 鳥取市,鳥取市,賃貸その他,賃貸カテゴリ（掲載種別）,鳥取県鳥取市湖山町南1丁目,1.8,12.0,,5,—,—,,—,賃貸のため対象外,,2026-07-24,,https://www.chintai.net/detail/bk-C030000200000000000007860002/,適合
CHINTAI 鳥取市,鳥取市,賃貸アパート,賃貸カテゴリ（掲載種別）,鳥取県鳥取市湖山町北4丁目,3.0,21.0,,5,—,—,,—,賃貸のため対象外,,2026-07-24,,https://www.chintai.net/detail/bk-C030000200000000000001620018/,適合
CHINTAI 鳥取市,鳥取市,賃貸アパート,賃貸カテゴリ（掲載種別）,鳥取県鳥取市湖山町北4丁目,3.0,21.0,,5,—,—,,—,賃貸のため対象外,,2026-07-24,,https://www.chintai.net/detail/bk-C030000200000000000001620012/,適合
CHINTAI 鳥取市,鳥取市,賃貸マンション,賃貸カテゴリ（掲載種別）,鳥取県鳥取市湖山町北2丁目,1.7,17.4,,5,—,—,,—,賃貸のため対象外,,2026-07-24,,https://www.chintai.net/detail/bk-C030000200000000000010430013/,適合
CHINTAI 鳥取市,鳥取市,賃貸アパート,賃貸カテゴリ（掲載種別）,鳥取県鳥取市湖山町北5丁目,2.4,19.6,,5,—,—,,—,賃貸のため対象外,,2026-07-24,,https://www.chintai.net/detail/bk-C030000200000000000010550006/,適合
CHINTAI 鳥取市,鳥取市,賃貸アパート,賃貸カテゴリ（掲載種別）,鳥取県鳥取市湖山町北5丁目,2.4,19.6,,5,—,—,,—,賃貸のため対象外,,2026-07-24,,https://www.chintai.net/detail/bk-C030000200000000000010550003/,適合
CHINTAI 鳥取市,鳥取市,賃貸アパート,賃貸カテゴリ（掲載種別）,鳥取県鳥取市湖山町北6丁目,2.8,25.0,,5,—,—,,—,賃貸のため対象外,,2026-07-24,,https://www.chintai.net/detail/bk-C030000200000000000008130004/,適合
CHINTAI 鳥取市,鳥取市,賃貸アパート,賃貸カテゴリ（掲載種別）,鳥取県鳥取市湖山町北6丁目,2.7,25.0,,5,—,—,,—,賃貸のため対象外,,2026-07-24,,https://www.chintai.net/detail/bk-C030000200000000000008130002/,適合
CHINTAI 鳥取市,鳥取市,賃貸アパート,賃貸カテゴリ（掲載種別）,鳥取県鳥取市湖山町北4丁目,3.7,31.7,,5,—,—,,—,賃貸のため対象外,,2026-07-24,,https://www.chintai.net/detail/bk-C030000200000000000000360007/,適合
CHINTAI 鳥取市,鳥取市,賃貸アパート,賃貸カテゴリ（掲載種別）,鳥取県鳥取市湖山町南5丁目,3.1,21.7,,5,—,—,,—,賃貸のため対象外,,2026-07-24,,https://www.chintai.net/detail/bk-C030000200000000000007670042/,適合
CHINTAI 鳥取市,鳥取市,賃貸アパート,賃貸カテゴリ（掲載種別）,鳥取県鳥取市湖山町南5丁目,3.0,21.7,,5,—,—,,—,賃貸のため対象外,,2026-07-24,,https://www.chintai.net/detail/bk-C030000200000000000007670038/,適合
CHINTAI 鳥取市,鳥取市,賃貸アパート,賃貸カテゴリ（掲載種別）,鳥取県鳥取市湖山町南5丁目,3.0,21.7,,5,—,—,,—,賃貸のため対象外,,2026-07-24,,https://www.chintai.net/detail/bk-C030000200000000000007670039/,適合
CHINTAI 鳥取市,鳥取市,賃貸その他,賃貸カテゴリ（掲載種別）,鳥取県鳥取市興南町,5.2,49.3,,5,—,—,,—,賃貸のため対象外,,2026-07-24,,https://www.chintai.net/detail/bk-C030000980000000000014360010/,不適合
CHINTAI 鳥取市,鳥取市,賃貸マンション,賃貸カテゴリ（掲載種別）,鳥取県鳥取市正蓮寺,3.6,24.6,,5,—,—,,—,賃貸のため対象外,,2026-07-24,,https://www.chintai.net/detail/bk-C030000980000000000018780015/,適合
CHINTAI 鳥取市,鳥取市,賃貸マンション,賃貸カテゴリ（掲載種別）,鳥取県鳥取市正蓮寺,3.6,24.6,,5,—,—,,—,賃貸のため対象外,,2026-07-24,,https://www.chintai.net/detail/bk-C030000980000000000018780014/,適合
CHINTAI 鳥取市,鳥取市,賃貸アパート,賃貸カテゴリ（掲載種別）,鳥取県鳥取市湖山町南5丁目,2.3,20.0,,5,—,—,,—,賃貸のため対象外,,2026-07-24,,https://www.chintai.net/detail/bk-C030000200000000000006790001/,適合
CHINTAI 鳥取市,鳥取市,賃貸その他,賃貸カテゴリ（掲載種別）,鳥取県鳥取市面影1丁目,5.3,42.5,,5,—,—,,—,賃貸のため対象外,,2026-07-24,,https://www.chintai.net/detail/bk-C030000980000000000012080002/,不適合
CHINTAI 鳥取市,鳥取市,賃貸その他,賃貸カテゴリ（掲載種別）,鳥取県鳥取市吉方温泉4丁目,3.8,16.2,,5,—,—,,—,賃貸のため対象外,,2026-07-24,,https://www.chintai.net/detail/bk-C030000980000000000004860004/,適合
CHINTAI 鳥取市,鳥取市,賃貸その他,賃貸カテゴリ（掲載種別）,鳥取県鳥取市吉成2丁目,5.3,67.2,,5,—,—,,—,賃貸のため対象外,,2026-07-24,,https://www.chintai.net/detail/bk-C030000980000000000018550002/,不適合
CHINTAI 鳥取市,鳥取市,賃貸アパート,賃貸カテゴリ（掲載種別）,鳥取県鳥取市正蓮寺,4.8,41.6,,5,—,—,,—,賃貸のため対象外,,2026-07-24,,https://www.chintai.net/detail/bk-C030000980000000000006620013/,適合
CHINTAI 鳥取市,鳥取市,賃貸アパート,賃貸カテゴリ（掲載種別）,鳥取県鳥取市相生町2丁目,3.0,17.0,,5,—,—,,—,賃貸のため対象外,,2026-07-24,,https://www.chintai.net/detail/bk-C030000980000000000008800005/,適合
CHINTAI 鳥取市,鳥取市,賃貸戸建,賃貸カテゴリ（掲載種別）,鳥取県鳥取市二階町4丁目,5.0,45.0,,5,—,—,,—,賃貸のため対象外,,2026-07-24,,https://www.chintai.net/detail/bk-C030000980000000000022860001/,適合
SUUMO 土地 田方郡（函南）,函南町,古家付き土地,土地＋古家/上物の表記,静岡県田方郡函南町間宮字古屋敷817-1、817-4、818-1の内,2180,166.4,43.3,1500,田,—,,不明,接道・区分情報なし。建物ありだが現行法での再建築可否は役場で要確認,,2026-06-25,,https://suumo.jp/tochi/shizuoka/sc_tagatagun/nc_21143479/,不適合
SUUMO 土地 田方郡（函南）,函南町,更地,土地カテゴリ（建物表記なし）,静岡県田方郡函南町柏谷1327-91,599,189.7,10.4,1500,田,—,,不明,接道・区分情報なし、詳細/役場で要確認,,2026-06-17,,https://suumo.jp/tochi/shizuoka/sc_tagatagun/nc_20830428/,不適合
SUUMO 土地 田方郡（函南）,函南町,更地,土地カテゴリ（建物表記なし）,静岡県田方郡函南町平井,10,286.0,0.1,1500,田,—,,不明,接道・区分情報なし、詳細/役場で要確認,,2026-06-17,,https://suumo.jp/tochi/shizuoka/sc_tagatagun/nc_20324315/,不適合
SUUMO 土地 田方郡（函南）,函南町,更地,土地カテゴリ（建物表記なし）,静岡県田方郡函南町平井南箱根ダイヤランド,80,166.0,1.6,1500,田,—,,不明,接道・区分情報なし、詳細/役場で要確認,,2026-06-17,NG:南箱根ダイヤランド,https://suumo.jp/tochi/shizuoka/sc_tagatagun/nc_70693647/,不適合
SUUMO 土地 田方郡（函南）,函南町,更地,土地カテゴリ（建物表記なし）,静岡県田方郡函南町上沢,99,212.0,1.5,1500,田,—,,不明,接道・区分情報なし、詳細/役場で要確認,,2026-06-17,NG:パサディナタウン,https://suumo.jp/tochi/shizuoka/sc_tagatagun/nc_20529807/,不適合
SUUMO 土地 田方郡（函南）,函南町,更地,土地カテゴリ（建物表記なし）,静岡県田方郡函南町平井南箱根ダイヤランド区画№25-576,100,421.0,0.8,1500,田,—,,不明,接道・区分情報なし、詳細/役場で要確認,,2026-06-17,NG:南箱根ダイヤランド,https://suumo.jp/tochi/shizuoka/sc_tagatagun/nc_80752295/,適合
SUUMO 土地 田方郡（函南）,函南町,更地,土地カテゴリ（建物表記なし）,静岡県田方郡函南町平井南箱根ダイヤランド,200,304.0,2.2,1500,田,—,,不明,接道・区分情報なし、詳細/役場で要確認,,2026-06-17,NG:南箱根ダイヤランド,https://suumo.jp/tochi/shizuoka/sc_tagatagun/nc_20259168/,不適合
SUUMO 土地 田方郡（函南）,函南町,更地,土地カテゴリ（建物表記なし）,静岡県田方郡函南町平井南箱根ダイヤランド,200,283.0,2.3,1500,田,—,,不明,接道・区分情報なし、詳細/役場で要確認,,2026-06-17,NG:南箱根ダイヤランド,https://suumo.jp/tochi/shizuoka/sc_tagatagun/nc_86354000/,不適合
SUUMO 土地 田方郡（函南）,函南町,更地,土地カテゴリ（建物表記なし）,静岡県田方郡函南町畑南箱根ダイヤランド,300,268.0,3.7,1500,畑,—,,不明,接道・区分情報なし、詳細/役場で要確認,,2026-06-17,NG:南箱根ダイヤランド,https://suumo.jp/tochi/shizuoka/sc_tagatagun/nc_70153287/,不適合
SUUMO 土地 田方郡（函南）,函南町,更地,土地カテゴリ（建物表記なし）,静岡県田方郡函南町畑毛91-2,390,141.6,9.1,1500,畑,—,,不明,接道・区分情報なし、詳細/役場で要確認,,2026-07-21,,https://suumo.jp/tochi/shizuoka/sc_tagatagun/nc_21334372/,不適合
SUUMO 土地 田方郡（函南）,函南町,更地,土地カテゴリ（建物表記なし）,静岡県田方郡函南町平井,480,103.6,15.3,1500,田,—,,不明,接道・区分情報なし、詳細/役場で要確認,,2026-06-17,,https://suumo.jp/tochi/shizuoka/sc_tagatagun/nc_78608942/,不適合
SUUMO 土地 田方郡（函南）,函南町,更地,土地カテゴリ（建物表記なし）,静岡県田方郡函南町平井,498,260.0,6.3,1500,田,—,,不明,接道・区分情報なし、詳細/役場で要確認,,2026-06-17,,https://suumo.jp/tochi/shizuoka/sc_tagatagun/nc_77717582/,不適合
SUUMO 土地 田方郡（函南）,函南町,更地,土地カテゴリ（建物表記なし）,静岡県田方郡函南町平井,600,347.8,5.7,1500,田,—,,不明,接道・区分情報なし、詳細/役場で要確認,,2026-06-17,,https://suumo.jp/tochi/shizuoka/sc_tagatagun/nc_78349920/,適合
SUUMO 土地 田方郡（函南）,函南町,更地,土地カテゴリ（建物表記なし）,静岡県田方郡函南町畑毛,750,249.4,9.9,1500,畑,—,,不明,接道・区分情報なし、詳細/役場で要確認,,2026-06-17,,https://suumo.jp/tochi/shizuoka/sc_tagatagun/nc_20069793/,不適合
SUUMO 土地 田方郡（函南）,函南町,更地,土地カテゴリ（建物表記なし）,静岡県田方郡函南町肥田,780,252.6,10.2,1500,田,—,,不明,接道・区分情報なし、詳細/役場で要確認,,2026-06-17,,https://suumo.jp/tochi/shizuoka/sc_tagatagun/nc_21063252/,不適合
SUUMO 土地 田方郡（函南）,函南町,更地,土地カテゴリ（建物表記なし）,静岡県田方郡函南町平井,780,128.3,20.1,1500,田,—,,不明,接道・区分情報なし、詳細/役場で要確認,,2026-06-17,,https://suumo.jp/tochi/shizuoka/sc_tagatagun/nc_94438487/,不適合
SUUMO 土地 田方郡（函南）,函南町,更地,土地カテゴリ（建物表記なし）,静岡県田方郡函南町柏谷,890,163.1,18.0,1500,田,—,,不明,接道・区分情報なし、詳細/役場で要確認,,2026-06-17,,https://suumo.jp/tochi/shizuoka/sc_tagatagun/nc_75575308/,不適合
SUUMO 土地 田方郡（函南）,函南町,更地,土地カテゴリ（建物表記なし）,静岡県田方郡函南町新田,950,200.1,15.7,1500,田,—,,不明,接道・区分情報なし、詳細/役場で要確認,,2026-06-17,,https://suumo.jp/tochi/shizuoka/sc_tagatagun/nc_97535247/,不適合
SUUMO 土地 田方郡（函南）,函南町,更地,土地カテゴリ（建物表記なし）,静岡県田方郡函南町上沢,980,1161.5,2.8,1500,田,—,,不明,接道・区分情報なし、詳細/役場で要確認,,2026-07-07,,https://suumo.jp/tochi/shizuoka/sc_tagatagun/nc_78788297/,適合
SUUMO 土地 田方郡（函南）,函南町,更地,土地カテゴリ（建物表記なし）,静岡県田方郡函南町柏谷,1080,165.8,21.5,1500,田,—,,不明,接道・区分情報なし、詳細/役場で要確認,,2026-06-17,,https://suumo.jp/tochi/shizuoka/sc_tagatagun/nc_78717756/,不適合
SUUMO 土地 田方郡（函南）,函南町,更地,土地カテゴリ（建物表記なし）,静岡県田方郡函南町柏谷,1100,161.9,22.5,1500,田,—,,不明,接道・区分情報なし、詳細/役場で要確認,,2026-06-17,,https://suumo.jp/tochi/shizuoka/sc_tagatagun/nc_77309458/,不適合
SUUMO 土地 田方郡（函南）,函南町,更地,土地カテゴリ（建物表記なし）,静岡県田方郡函南町平井,1298,999.9,4.3,1500,田,—,,不明,接道・区分情報なし、詳細/役場で要確認,,2026-06-17,,https://suumo.jp/tochi/shizuoka/sc_tagatagun/nc_71936607/,適合
SUUMO 土地 田方郡（函南）,函南町,更地,土地カテゴリ（建物表記なし）,静岡県田方郡函南町柏谷,1500,327.8,15.1,1500,田,—,,不明,接道・区分情報なし、詳細/役場で要確認,,2026-06-17,,https://suumo.jp/tochi/shizuoka/sc_tagatagun/nc_20801823/,不適合
SUUMO 土地 田方郡（函南）,函南町,更地,土地カテゴリ（建物表記なし）,静岡県田方郡函南町平井,1590,189.5,27.7,1500,田,—,,不明,接道・区分情報なし、詳細/役場で要確認,,2026-07-01,,https://suumo.jp/tochi/shizuoka/sc_tagatagun/nc_78879715/,不適合
SUUMO 土地 田方郡（函南）,函南町,更地,土地カテゴリ（建物表記なし）,静岡県田方郡函南町大竹,1988,263.0,25.0,1500,田,—,,不明,接道・区分情報なし、詳細/役場で要確認,,2026-06-17,,https://suumo.jp/tochi/shizuoka/sc_tagatagun/nc_78328544/,不適合
SUUMO 土地 田方郡（函南）,函南町,更地,土地カテゴリ（建物表記なし）,静岡県田方郡函南町桑原,4800,1951.4,8.1,1500,田,—,,不明,接道・区分情報なし、詳細/役場で要確認,,2026-07-22,,https://suumo.jp/tochi/shizuoka/sc_tagatagun/nc_20069790/,不適合
SUUMO 土地 田方郡（函南）,函南町,更地,土地カテゴリ（建物表記なし）,静岡県田方郡函南町大土肥222-1,6800,946.3,23.8,1500,田,—,,不明,接道・区分情報なし、詳細/役場で要確認,,2026-06-17,,https://suumo.jp/tochi/shizuoka/sc_tagatagun/nc_74602978/,不適合
LIFULL 中古戸建 函南町,,中古戸建,中古戸建/住宅カテゴリ,南箱根ダイヤランド戸建,2780,356.0,25.8,3000,田,—,,不明,接道・区分情報なし。建物ありだが現行法での再建築可否は役場で要確認,,2026-07-03,注意:別荘地 NG:南箱根ダイヤランド,https://www.homes.co.jp/kodate/b-1111450005500/,適合
LIFULL 中古戸建 函南町,函南町,中古戸建,中古戸建/住宅カテゴリ,売中古戸建　田方郡函南町仁田,2100,114.1,60.8,3000,田,—,,不明,接道・区分情報なし。建物ありだが現行法での再建築可否は役場で要確認,,2026-07-03,,https://www.homes.co.jp/kodate/b-1500050000564/,不適合
LIFULL 中古戸建 函南町,,空き家,掲載に空き家表記,南箱根ダイヤランド,3550,308.0,38.1,3000,田,—,,不明,接道・区分情報なし。建物ありだが現行法での再建築可否は役場で要確認,,2026-07-03,注意:温泉 NG:南箱根ダイヤランド,https://www.homes.co.jp/kodate/b-1452060000052/,不適合
LIFULL 中古戸建 函南町,函南町,中古戸建,中古戸建/住宅カテゴリ,函南町上沢中古戸建,1900,132.3,47.5,3000,田,—,,不明,接道・区分情報なし。建物ありだが現行法での再建築可否は役場で要確認,,2026-07-03,,https://www.homes.co.jp/kodate/b-89420000413/,不適合
LIFULL 中古戸建 函南町,,中古戸建,中古戸建/住宅カテゴリ,南箱根ダイヤランド　売戸建,1980,374.0,17.5,3000,畑,—,,不明,接道・区分情報なし。建物ありだが現行法での再建築可否は役場で要確認,,2026-07-03,注意:別荘地 NG:南箱根ダイヤランド,https://www.homes.co.jp/kodate/b-1111450005068/,適合
LIFULL 中古戸建 函南町,函南町,中古戸建,中古戸建/住宅カテゴリ,桧家住宅の家　函南町畑毛中古住宅,3880,222.5,57.6,3000,畑,—,,不明,接道・区分情報なし。建物ありだが現行法での再建築可否は役場で要確認,,2026-07-03,,https://www.homes.co.jp/kodate/b-1265050001977/,不適合
LIFULL 中古戸建 函南町,,空き家,掲載に空き家表記,南箱根ダイヤランド　売戸建　ミサワホーム（株）施工,1650,365.7,14.9,3000,畑,—,,不明,接道・区分情報なし。建物ありだが現行法での再建築可否は役場で要確認,,2026-07-03,NG:南箱根ダイヤランド,https://www.homes.co.jp/kodate/b-1111450005580/,適合
LIFULL 中古戸建 函南町,函南町,空き家,掲載に空き家表記,函南町平井　中古戸建,3150,202.5,51.4,3000,田,—,,不明,接道・区分情報なし。建物ありだが現行法での再建築可否は役場で要確認,,2026-07-03,,https://www.homes.co.jp/kodate/b-1316560004601/,不適合
LIFULL 中古戸建 函南町,,中古戸建,中古戸建/住宅カテゴリ,南箱根ダイヤランド戸建,1900,480.0,13.1,3000,田,—,,不明,接道・区分情報なし。建物ありだが現行法での再建築可否は役場で要確認,,2026-07-03,注意:温泉 NG:南箱根ダイヤランド,https://www.homes.co.jp/kodate/b-1341600001838/,適合
LIFULL 中古戸建 函南町,,空き家,掲載に空き家表記,伊豆箱根鉄道駿豆線 大場駅 徒歩27分,4080,165.1,81.7,3000,田,—,,不明,接道・区分情報なし。建物ありだが現行法での再建築可否は役場で要確認,,2026-07-03,,https://www.homes.co.jp/kodate/b-33317990000182/,不適合
LIFULL 中古戸建 函南町,函南町,空き家,掲載に空き家表記,函南町柏谷中古住宅,1890,186.2,33.6,3000,宅地,—,接道の為、通常よりも広く建築,不明,接道・区分情報なし。建物ありだが現行法での再建築可否は役場で要確認,,2026-07-03,,https://www.homes.co.jp/kodate/b-1265050002525/,不適合
LIFULL 中古戸建 函南町,,中古戸建,中古戸建/住宅カテゴリ,南箱根ダイヤランド　売戸建,1580,316.0,16.5,3000,田,—,,不明,接道・区分情報なし。建物ありだが現行法での再建築可否は役場で要確認,,2026-07-03,NG:南箱根ダイヤランド,https://www.homes.co.jp/kodate/b-1111450005466/,不適合
LIFULL 中古戸建 函南町,,中古戸建,中古戸建/住宅カテゴリ,南箱根ダイヤランド戸建,3150,337.0,30.9,3000,田,—,,不明,接道・区分情報なし。建物ありだが現行法での再建築可否は役場で要確認,,2026-07-03,NG:南箱根ダイヤランド,https://www.homes.co.jp/kodate/b-1341600001772/,不適合
LIFULL 中古戸建 函南町,函南町,空き家,掲載に空き家表記,函南町間宮中古住宅,3880,166.8,76.9,3000,田,—,,不明,接道・区分情報なし。建物ありだが現行法での再建築可否は役場で要確認,,2026-07-03,,https://www.homes.co.jp/kodate/b-1265050002142/,不適合
LIFULL 中古戸建 函南町,函南町,中古戸建,中古戸建/住宅カテゴリ,函南町平井　中古戸建,1980,128.9,50.8,3000,宅地,—,,不明,接道・区分情報なし。建物ありだが現行法での再建築可否は役場で要確認,,2026-07-03,,https://www.homes.co.jp/kodate/b-1490460002405/,不適合
LIFULL 中古戸建 函南町,,空き家,掲載に空き家表記,バス 切透し下車 徒歩2分,965,241.4,13.2,3000,田,—,,不明,接道・区分情報なし。建物ありだが現行法での再建築可否は役場で要確認,,2026-07-03,,https://www.homes.co.jp/kodate/b-33313200000050/,不適合
LIFULL 中古戸建 函南町,,空き家,掲載に空き家表記,南箱根ダイヤランド戸建,2580,356.2,23.9,3000,田,—,,不明,接道・区分情報なし。建物ありだが現行法での再建築可否は役場で要確認,,2026-07-03,注意:温泉 NG:南箱根ダイヤランド,https://www.homes.co.jp/kodate/b-1341600001836/,適合
LIFULL 中古戸建 函南町,,空き家,掲載に空き家表記,ヒューマンヒルズ函南１２２号地,1970,307.7,21.2,3000,宅地,—,,不明,接道・区分情報なし。建物ありだが現行法での再建築可否は役場で要確認,,2026-07-11,,https://www.homes.co.jp/kodate/b-1508430000123/,不適合
LIFULL 中古戸建 函南町,函南町,中古戸建,中古戸建/住宅カテゴリ,函南町柏谷中古戸建,2490,292.0,28.2,3000,田,—,,不明,接道・区分情報なし。建物ありだが現行法での再建築可否は役場で要確認,,2026-07-03,,https://www.homes.co.jp/kodate/b-93060000056/,不適合
LIFULL 中古戸建 函南町,,空き家,掲載に空き家表記,ヒューマンヒルズ函南40号地,1780,276.0,21.3,3000,宅地,—,,不明,接道・区分情報なし。建物ありだが現行法での再建築可否は役場で要確認,,2026-07-11,,https://www.homes.co.jp/kodate/b-1508430000113/,不適合
LIFULL 中古戸建 函南町,,空き家,掲載に空き家表記,ヒューマンヒルズ函南,1980,253.9,25.8,3000,宅地,—,,不明,接道・区分情報なし。建物ありだが現行法での再建築可否は役場で要確認,,2026-07-03,注意:別荘地,https://www.homes.co.jp/kodate/b-39036990000092/,不適合
LIFULL 中古戸建 函南町,,空き家,掲載に空き家表記,南箱根ダイヤランド　戸建,980,408.0,7.9,3000,田,—,,不明,接道・区分情報なし。建物ありだが現行法での再建築可否は役場で要確認,,2026-07-03,注意:別荘地/温泉 NG:南箱根ダイヤランド,https://www.homes.co.jp/kodate/b-33303660001139/,適合
LIFULL 中古戸建 函南町,函南町,空き家,掲載に空き家表記,売中古戸建　函南町塚本,2200,173.7,41.9,3000,田,—,,不明,接道・区分情報なし。建物ありだが現行法での再建築可否は役場で要確認,,2026-07-03,,https://www.homes.co.jp/kodate/b-1500050000260/,不適合
LIFULL 中古戸建 函南町,,空き家,掲載に空き家表記,ヒューマンヒルズ函南77号地,2150,324.7,21.9,3000,宅地,—,,不明,接道・区分情報なし。建物ありだが現行法での再建築可否は役場で要確認,,2026-07-11,注意:借地/定期借地,https://www.homes.co.jp/kodate/b-1508430000083/,不適合
LIFULL 中古戸建 函南町,,中古戸建,中古戸建/住宅カテゴリ,南箱根ダイヤランド　売戸建,1680,437.0,12.7,3000,田,—,,不明,接道・区分情報なし。建物ありだが現行法での再建築可否は役場で要確認,,2026-07-03,注意:別荘地/温泉 NG:南箱根ダイヤランド,https://www.homes.co.jp/kodate/b-1111450005487/,適合
LIFULL 中古戸建 函南町,,中古戸建,中古戸建/住宅カテゴリ,南箱根ダイヤランド　売戸建,1600,307.5,17.2,3000,田,—,,不明,接道・区分情報なし。建物ありだが現行法での再建築可否は役場で要確認,,2026-07-03,NG:南箱根ダイヤランド,https://www.homes.co.jp/kodate/b-1111450004611/,不適合
LIFULL 中古戸建 函南町,函南町,空き家,掲載に空き家表記,函南町上沢中古住宅 離れ付,1080,238.0,15.0,3000,田,—,,不明,接道・区分情報なし。建物ありだが現行法での再建築可否は役場で要確認,,2026-07-03,,https://www.homes.co.jp/kodate/b-1265050002649/,不適合
LIFULL 中古戸建 函南町,函南町,空き家,掲載に空き家表記,函南町上沢中古住宅,954,258.0,12.2,3000,田,—,,不明,接道・区分情報なし。建物ありだが現行法での再建築可否は役場で要確認,,2026-07-13,NG:パサディナタウン,https://www.homes.co.jp/kodate/b-1265050002583/,不適合
LIFULL 中古戸建 函南町,,空き家,掲載に空き家表記,JR東海道本線 函南駅 徒歩35分,750,339.0,7.3,3000,田,—,,不明,接道・区分情報なし。建物ありだが現行法での再建築可否は役場で要確認,,2026-07-19,NG:パサディナタウン,https://www.homes.co.jp/kodate/b-33307660000173/,適合
LIFULL 中古戸建 函南町,,空き家,掲載に空き家表記,JR東海道本線 熱海駅 15km,380,246.0,5.1,3000,田,—,,不明,接道・区分情報なし。建物ありだが現行法での再建築可否は役場で要確認,,2026-07-03,注意:別荘地,https://www.homes.co.jp/kodate/b-33303660000933/,不適合
SUUMO 中古戸建 田方郡（函南）,函南町,更地,土地カテゴリ（建物表記なし）,静岡県田方郡函南町上沢,1080,238.0,15.0,1500,田,—,,不明,接道・区分情報なし、詳細/役場で要確認,,2026-06-27,,https://suumo.jp/chukoikkodate/shizuoka/sc_tagatagun/nc_21161207/,不適合
SUUMO 中古戸建 田方郡（函南）,函南町,更地,土地カテゴリ（建物表記なし）,静岡県田方郡函南町平井,1580,210.5,24.8,1500,田,—,,不明,接道・区分情報なし、詳細/役場で要確認,,2026-06-17,,https://suumo.jp/chukoikkodate/shizuoka/sc_tagatagun/nc_20575219/,不適合
SUUMO 中古戸建 田方郡（函南）,函南町,更地,土地カテゴリ（建物表記なし）,静岡県田方郡函南町柏谷,1680,198.1,28.0,1500,田,—,,不明,接道・区分情報なし、詳細/役場で要確認,,2026-06-17,,https://suumo.jp/chukoikkodate/shizuoka/sc_tagatagun/nc_75436913/,不適合
SUUMO 中古戸建 田方郡（函南）,函南町,中古戸建,中古戸建/住宅カテゴリ,静岡県田方郡函南町桑原,1850,262.0,23.3,3000,田,—,,不明,接道・区分情報なし。建物ありだが現行法での再建築可否は役場で要確認,,2026-06-17,注意:借地/定期借地,https://suumo.jp/chukoikkodate/shizuoka/sc_tagatagun/nc_78957840/,不適合
SUUMO 中古戸建 田方郡（函南）,函南町,更地,土地カテゴリ（建物表記なし）,静岡県田方郡函南町柏谷,1890,186.2,33.6,1500,田,—,,不明,接道・区分情報なし、詳細/役場で要確認,,2026-06-17,,https://suumo.jp/chukoikkodate/shizuoka/sc_tagatagun/nc_20035360/,不適合
SUUMO 中古戸建 田方郡（函南）,函南町,中古戸建,中古戸建/住宅カテゴリ,静岡県田方郡函南町桑原,2150,324.7,21.9,3000,田,—,,不明,接道・区分情報なし。建物ありだが現行法での再建築可否は役場で要確認,,2026-06-17,注意:借地/定期借地,https://suumo.jp/chukoikkodate/shizuoka/sc_tagatagun/nc_78958580/,不適合
SUUMO 中古戸建 田方郡（函南）,函南町,更地,土地カテゴリ（建物表記なし）,静岡県田方郡函南町間宮,3880,166.8,76.9,1500,田,—,,不明,接道・区分情報なし、詳細/役場で要確認,,2026-06-17,,https://suumo.jp/chukoikkodate/shizuoka/sc_tagatagun/nc_76546345/,不適合
SUUMO 中古戸建 田方郡（函南）,函南町,更地,土地カテゴリ（建物表記なし）,静岡県田方郡函南町畑毛,3880,222.5,57.6,1500,畑,—,,不明,接道・区分情報なし、詳細/役場で要確認,,2026-06-17,,https://suumo.jp/chukoikkodate/shizuoka/sc_tagatagun/nc_75010726/,不適合
SUUMO 中古戸建 田方郡（函南）,函南町,更地,土地カテゴリ（建物表記なし）,静岡県田方郡函南町上沢,900,291.0,10.2,1500,田,—,,不明,接道・区分情報なし、詳細/役場で要確認,,2026-06-17,,https://suumo.jp/chukoikkodate/shizuoka/sc_tagatagun/nc_78707691/,不適合
SUUMO 中古戸建 田方郡（函南）,函南町,更地,土地カテゴリ（建物表記なし）,静岡県田方郡函南町間宮,2480,200.4,40.9,1500,田,—,,不明,接道・区分情報なし、詳細/役場で要確認,,2026-06-17,,https://suumo.jp/chukoikkodate/shizuoka/sc_tagatagun/nc_78707768/,不適合
SUUMO 中古戸建 田方郡（函南）,函南町,更地,土地カテゴリ（建物表記なし）,静岡県田方郡函南町平井,290,378.0,2.5,1500,田,—,,不明,接道・区分情報なし、詳細/役場で要確認,,2026-07-03,,https://suumo.jp/chukoikkodate/shizuoka/sc_tagatagun/nc_21201886/,適合
SUUMO 中古戸建 田方郡（函南）,函南町,更地,土地カテゴリ（建物表記なし）,静岡県田方郡函南町上沢,350,172.2,6.7,1500,田,—,,不明,接道・区分情報なし、詳細/役場で要確認,,2026-07-23,,https://suumo.jp/chukoikkodate/shizuoka/sc_tagatagun/nc_21343751/,不適合
SUUMO 中古戸建 田方郡（函南）,函南町,更地,土地カテゴリ（建物表記なし）,静岡県田方郡函南町平井,360,310.0,3.8,1500,田,—,,不明,接道・区分情報なし、詳細/役場で要確認,,2026-06-17,,https://suumo.jp/chukoikkodate/shizuoka/sc_tagatagun/nc_72335463/,不適合
SUUMO 中古戸建 田方郡（函南）,函南町,更地,土地カテゴリ（建物表記なし）,静岡県田方郡函南町平井,380,290.0,4.3,1500,田,—,,不明,接道・区分情報なし、詳細/役場で要確認,,2026-06-17,,https://suumo.jp/chukoikkodate/shizuoka/sc_tagatagun/nc_76851685/,不適合
SUUMO 中古戸建 田方郡（函南）,函南町,更地,土地カテゴリ（建物表記なし）,静岡県田方郡函南町平井,380,302.0,4.2,1500,田,—,,不明,接道・区分情報なし、詳細/役場で要確認,,2026-07-18,,https://suumo.jp/chukoikkodate/shizuoka/sc_tagatagun/nc_21314005/,不適合
SUUMO 中古戸建 田方郡（函南）,函南町,更地,土地カテゴリ（建物表記なし）,静岡県田方郡函南町畑毛,390,141.6,9.1,1500,畑,—,,不明,接道・区分情報なし、詳細/役場で要確認,,2026-07-21,,https://suumo.jp/chukoikkodate/shizuoka/sc_tagatagun/nc_21334045/,不適合
SUUMO 中古戸建 田方郡（函南）,函南町,中古戸建,中古戸建/住宅カテゴリ,静岡県田方郡函南町平井南箱根ダイヤランド,480,379.0,4.2,3000,田,—,,不明,接道・区分情報なし。建物ありだが現行法での再建築可否は役場で要確認,,2026-07-17,NG:南箱根ダイヤランド,https://suumo.jp/chukoikkodate/shizuoka/sc_tagatagun/nc_75024707/,適合
SUUMO 中古戸建 田方郡（函南）,函南町,更地,土地カテゴリ（建物表記なし）,静岡県田方郡函南町畑,530,408.0,4.3,1500,畑,—,,不明,接道・区分情報なし、詳細/役場で要確認,,2026-07-04,,https://suumo.jp/chukoikkodate/shizuoka/sc_tagatagun/nc_75026688/,適合
SUUMO 中古戸建 田方郡（函南）,函南町,更地,土地カテゴリ（建物表記なし）,静岡県田方郡函南町平井,550,246.0,7.4,1500,田,—,,不明,接道・区分情報なし、詳細/役場で要確認,,2026-06-17,,https://suumo.jp/chukoikkodate/shizuoka/sc_tagatagun/nc_71259940/,不適合
SUUMO 中古戸建 田方郡（函南）,函南町,更地,土地カテゴリ（建物表記なし）,静岡県田方郡函南町平井,580,269.0,7.1,1500,田,—,,不明,接道・区分情報なし、詳細/役場で要確認,,2026-06-17,,https://suumo.jp/chukoikkodate/shizuoka/sc_tagatagun/nc_20935460/,不適合
SUUMO 中古戸建 田方郡（函南）,函南町,更地,土地カテゴリ（建物表記なし）,静岡県田方郡函南町平井,590,543.0,3.6,1500,田,—,,不明,接道・区分情報なし、詳細/役場で要確認,,2026-07-13,,https://suumo.jp/chukoikkodate/shizuoka/sc_tagatagun/nc_21283787/,適合
SUUMO 中古戸建 田方郡（函南）,函南町,更地,土地カテゴリ（建物表記なし）,静岡県田方郡函南町平井,600,302.7,6.6,1500,田,—,,不明,接道・区分情報なし、詳細/役場で要確認,,2026-06-17,,https://suumo.jp/chukoikkodate/shizuoka/sc_tagatagun/nc_77895218/,不適合
SUUMO 中古戸建 田方郡（函南）,函南町,更地,土地カテゴリ（建物表記なし）,静岡県田方郡函南町上沢,750,339.0,7.3,1500,田,—,,不明,接道・区分情報なし、詳細/役場で要確認,,2026-06-17,,https://suumo.jp/chukoikkodate/shizuoka/sc_tagatagun/nc_78377780/,適合
SUUMO 中古戸建 田方郡（函南）,函南町,更地,土地カテゴリ（建物表記なし）,静岡県田方郡函南町柏谷,750,194.0,12.8,1500,田,—,,不明,接道・区分情報なし、詳細/役場で要確認,,2026-06-17,,https://suumo.jp/chukoikkodate/shizuoka/sc_tagatagun/nc_20783172/,不適合
SUUMO 中古戸建 田方郡（函南）,函南町,更地,土地カテゴリ（建物表記なし）,静岡県田方郡函南町平井,780,240.3,10.7,1500,田,—,,不明,接道・区分情報なし、詳細/役場で要確認,,2026-06-17,,https://suumo.jp/chukoikkodate/shizuoka/sc_tagatagun/nc_96627575/,不適合
SUUMO 中古戸建 田方郡（函南）,函南町,更地,土地カテゴリ（建物表記なし）,静岡県田方郡函南町上沢,848,193.2,14.5,1500,宅地,—,,不明,接道・区分情報なし、詳細/役場で要確認,,2026-06-17,,https://suumo.jp/chukoikkodate/shizuoka/sc_tagatagun/nc_78873752/,不適合
SUUMO 中古戸建 田方郡（函南）,函南町,更地,土地カテゴリ（建物表記なし）,静岡県田方郡函南町上沢,954,258.0,12.2,1500,田,—,,不明,接道・区分情報なし、詳細/役場で要確認,,2026-06-17,NG:パサディナタウン,https://suumo.jp/chukoikkodate/shizuoka/sc_tagatagun/nc_20698932/,不適合
SUUMO 中古戸建 田方郡（函南）,函南町,更地,土地カテゴリ（建物表記なし）,静岡県田方郡函南町畑毛,970,647.4,5.0,1500,畑,—,,不明,接道・区分情報なし、詳細/役場で要確認,,2026-06-17,,https://suumo.jp/chukoikkodate/shizuoka/sc_tagatagun/nc_97678859/,適合
SUUMO 中古戸建 田方郡（函南）,函南町,更地,土地カテゴリ（建物表記なし）,静岡県田方郡函南町丹那,980,342.0,9.5,1500,田,—,,不明,接道・区分情報なし、詳細/役場で要確認,,2026-07-24,,https://suumo.jp/chukoikkodate/shizuoka/sc_tagatagun/nc_21001729/,適合
SUUMO 中古戸建 田方郡（函南）,函南町,更地,土地カテゴリ（建物表記なし）,静岡県田方郡函南町平井南箱根ダイヤランド,980,363.0,8.9,1500,田,—,,不明,接道・区分情報なし、詳細/役場で要確認,,2026-07-04,NG:南箱根ダイヤランド,https://suumo.jp/chukoikkodate/shizuoka/sc_tagatagun/nc_96943289/,適合
SUUMO 中古戸建 田方郡（函南）,函南町,更地,土地カテゴリ（建物表記なし）,静岡県田方郡函南町平井,990,199.9,16.4,1500,田,—,,不明,接道・区分情報なし、詳細/役場で要確認,,2026-06-17,,https://suumo.jp/chukoikkodate/shizuoka/sc_tagatagun/nc_74221259/,不適合
SUUMO 中古戸建 田方郡（函南）,函南町,更地,土地カテゴリ（建物表記なし）,静岡県田方郡函南町畑,998,298.0,11.1,1500,畑,—,,不明,接道・区分情報なし、詳細/役場で要確認,,2026-06-17,,https://suumo.jp/chukoikkodate/shizuoka/sc_tagatagun/nc_20367305/,不適合
SUUMO 中古戸建 田方郡（函南）,函南町,更地,土地カテゴリ（建物表記なし）,静岡県田方郡函南町畑毛,1000,354.0,9.3,1500,畑,—,,不明,接道・区分情報なし、詳細/役場で要確認,,2026-06-17,,https://suumo.jp/chukoikkodate/shizuoka/sc_tagatagun/nc_72843751/,適合
SUUMO 中古戸建 田方郡（函南）,函南町,更地,土地カテゴリ（建物表記なし）,静岡県田方郡函南町丹那,1180,231.5,16.9,1500,田,—,,不明,接道・区分情報なし、詳細/役場で要確認,,2026-06-17,,https://suumo.jp/chukoikkodate/shizuoka/sc_tagatagun/nc_20858324/,不適合
SUUMO 中古戸建 田方郡（函南）,函南町,更地,土地カテゴリ（建物表記なし）,静岡県田方郡函南町柏谷,1280,164.6,25.7,1500,田,—,,不明,接道・区分情報なし、詳細/役場で要確認,,2026-06-17,,https://suumo.jp/chukoikkodate/shizuoka/sc_tagatagun/nc_20831938/,不適合
SUUMO 中古戸建 田方郡（函南）,函南町,更地,土地カテゴリ（建物表記なし）,静岡県田方郡函南町平井,1480,495.9,9.9,1500,田,—,,不明,接道・区分情報なし、詳細/役場で要確認,,2026-06-17,,https://suumo.jp/chukoikkodate/shizuoka/sc_tagatagun/nc_20096019/,適合
SUUMO 中古戸建 田方郡（函南）,函南町,更地,土地カテゴリ（建物表記なし）,静岡県田方郡函南町畑毛,1500,585.4,8.5,1500,畑,—,,不明,接道・区分情報なし、詳細/役場で要確認,,2026-06-17,,https://suumo.jp/chukoikkodate/shizuoka/sc_tagatagun/nc_78433479/,適合
SUUMO 中古戸建 田方郡（函南）,函南町,更地,土地カテゴリ（建物表記なし）,静岡県田方郡函南町桑原,1560,216.5,23.8,1500,田,—,,不明,接道・区分情報なし、詳細/役場で要確認,,2026-06-17,,https://suumo.jp/chukoikkodate/shizuoka/sc_tagatagun/nc_74973577/,不適合
SUUMO 中古戸建 田方郡（函南）,函南町,更地,土地カテゴリ（建物表記なし）,静岡県田方郡函南町桑原,1560,219.5,23.5,1500,田,—,,不明,接道・区分情報なし、詳細/役場で要確認,,2026-07-05,,https://suumo.jp/chukoikkodate/shizuoka/sc_tagatagun/nc_73856522/,不適合
SUUMO 中古戸建 田方郡（函南）,函南町,更地,土地カテゴリ（建物表記なし）,静岡県田方郡函南町平井,1580,183.3,28.5,1500,田,—,,不明,接道・区分情報なし、詳細/役場で要確認,,2026-06-17,,https://suumo.jp/chukoikkodate/shizuoka/sc_tagatagun/nc_20121296/,不適合
SUUMO 中古戸建 田方郡（函南）,函南町,更地,土地カテゴリ（建物表記なし）,静岡県田方郡函南町畑,1650,365.7,14.9,1500,畑,—,,不明,接道・区分情報なし、詳細/役場で要確認,,2026-06-17,,https://suumo.jp/chukoikkodate/shizuoka/sc_tagatagun/nc_20878909/,不適合
SUUMO 中古戸建 田方郡（函南）,函南町,更地,土地カテゴリ（建物表記なし）,静岡県田方郡函南町上沢,1700,428.0,13.1,1500,田,—,,不明,接道・区分情報なし、詳細/役場で要確認,,2026-06-17,,https://suumo.jp/chukoikkodate/shizuoka/sc_tagatagun/nc_20069750/,不適合
SUUMO 中古戸建 田方郡（函南）,函南町,更地,土地カテゴリ（建物表記なし）,静岡県田方郡函南町平井1740-699,1780,429.5,13.7,1500,田,—,,不明,接道・区分情報なし、詳細/役場で要確認,,2026-06-17,,https://suumo.jp/chukoikkodate/shizuoka/sc_tagatagun/nc_76134646/,不適合
SUUMO 中古戸建 田方郡（函南）,函南町,更地,土地カテゴリ（建物表記なし）,静岡県田方郡函南町平井,1780,397.0,14.8,1500,田,—,,不明,接道・区分情報なし、詳細/役場で要確認,,2026-06-17,,https://suumo.jp/chukoikkodate/shizuoka/sc_tagatagun/nc_20929341/,不適合
SUUMO 中古戸建 田方郡（函南）,函南町,更地,土地カテゴリ（建物表記なし）,静岡県田方郡函南町桑原,1780,276.0,21.3,1500,田,—,,不明,接道・区分情報なし、詳細/役場で要確認,,2026-06-17,,https://suumo.jp/chukoikkodate/shizuoka/sc_tagatagun/nc_20523898/,不適合
SUUMO 中古戸建 田方郡（函南）,函南町,更地,土地カテゴリ（建物表記なし）,静岡県田方郡函南町丹那,1800,322.0,18.5,1500,田,—,,不明,接道・区分情報なし、詳細/役場で要確認,,2026-06-17,,https://suumo.jp/chukoikkodate/shizuoka/sc_tagatagun/nc_21058662/,不適合
SUUMO 中古戸建 田方郡（函南）,函南町,更地,土地カテゴリ（建物表記なし）,静岡県田方郡函南町丹那南箱根ダイヤランド,1880,320.0,19.4,1500,田,—,,不明,接道・区分情報なし、詳細/役場で要確認,,2026-07-16,注意:温泉 NG:南箱根ダイヤランド,https://suumo.jp/chukoikkodate/shizuoka/sc_tagatagun/nc_20755151/,不適合
SUUMO 中古戸建 田方郡（函南）,函南町,更地,土地カテゴリ（建物表記なし）,静岡県田方郡函南町桑原,1970,307.7,21.2,1500,田,—,,不明,接道・区分情報なし、詳細/役場で要確認,,2026-06-17,,https://suumo.jp/chukoikkodate/shizuoka/sc_tagatagun/nc_21074468/,不適合
SUUMO 中古戸建 田方郡（函南）,函南町,更地,土地カテゴリ（建物表記なし）,静岡県田方郡函南町平井,1980,264.6,24.7,1500,田,—,,不明,接道・区分情報なし、詳細/役場で要確認,,2026-06-17,,https://suumo.jp/chukoikkodate/shizuoka/sc_tagatagun/nc_78534508/,不適合
SUUMO 中古戸建 田方郡（函南）,函南町,更地,土地カテゴリ（建物表記なし）,静岡県田方郡函南町平井,1980,295.8,22.1,1500,田,—,,不明,接道・区分情報なし、詳細/役場で要確認,,2026-07-04,,https://suumo.jp/chukoikkodate/shizuoka/sc_tagatagun/nc_77685052/,不適合
SUUMO 中古戸建 田方郡（函南）,函南町,更地,土地カテゴリ（建物表記なし）,静岡県田方郡函南町平井,1980,295.8,22.1,1500,田,—,,不明,接道・区分情報なし、詳細/役場で要確認,,2026-06-17,,https://suumo.jp/chukoikkodate/shizuoka/sc_tagatagun/nc_20288594/,不適合
SUUMO 中古戸建 田方郡（函南）,函南町,更地,土地カテゴリ（建物表記なし）,静岡県田方郡函南町畑,1980,374.0,17.5,1500,畑,—,,不明,接道・区分情報なし、詳細/役場で要確認,,2026-06-21,,https://suumo.jp/chukoikkodate/shizuoka/sc_tagatagun/nc_75984601/,不適合
SUUMO 中古戸建 田方郡（函南）,函南町,更地,土地カテゴリ（建物表記なし）,静岡県田方郡函南町仁田,2100,114.1,60.8,1500,田,—,,不明,接道・区分情報なし、詳細/役場で要確認,,2026-06-17,,https://suumo.jp/chukoikkodate/shizuoka/sc_tagatagun/nc_78608943/,不適合
SUUMO 中古戸建 田方郡（函南）,函南町,更地,土地カテゴリ（建物表記なし）,静岡県田方郡函南町平井35,2149,207.7,34.2,1500,田,—,,不明,接道・区分情報なし、詳細/役場で要確認,,2026-07-15,,https://suumo.jp/chukoikkodate/shizuoka/sc_tagatagun/nc_21291529/,不適合
SUUMO 中古戸建 田方郡（函南）,函南町,更地,土地カテゴリ（建物表記なし）,静岡県田方郡函南町塚本,2200,173.7,41.9,1500,田,—,,不明,接道・区分情報なし、詳細/役場で要確認,,2026-06-17,,https://suumo.jp/chukoikkodate/shizuoka/sc_tagatagun/nc_74448743/,不適合
SUUMO 中古戸建 田方郡（函南）,函南町,更地,土地カテゴリ（建物表記なし）,静岡県田方郡函南町平井,2250,448.0,16.6,1500,田,—,,不明,接道・区分情報なし、詳細/役場で要確認,,2026-06-17,,https://suumo.jp/chukoikkodate/shizuoka/sc_tagatagun/nc_78449942/,不適合
SUUMO 中古戸建 田方郡（函南）,函南町,更地,土地カテゴリ（建物表記なし）,静岡県田方郡函南町間宮,2480,200.4,40.9,1500,田,—,,不明,接道・区分情報なし、詳細/役場で要確認,,2026-06-17,,https://suumo.jp/chukoikkodate/shizuoka/sc_tagatagun/nc_79023661/,不適合
SUUMO 中古戸建 田方郡（函南）,函南町,更地,土地カテゴリ（建物表記なし）,静岡県田方郡函南町柏谷,2500,317.1,26.1,1500,田,—,,不明,接道・区分情報なし、詳細/役場で要確認,,2026-06-17,,https://suumo.jp/chukoikkodate/shizuoka/sc_tagatagun/nc_20232638/,不適合
SUUMO 中古戸建 田方郡（函南）,函南町,更地,土地カテゴリ（建物表記なし）,静岡県田方郡函南町平井南箱根ダイヤランド,2580,356.2,23.9,1500,田,—,,不明,接道・区分情報なし、詳細/役場で要確認,,2026-07-04,NG:南箱根ダイヤランド,https://suumo.jp/chukoikkodate/shizuoka/sc_tagatagun/nc_20820491/,不適合
SUUMO 中古戸建 田方郡（函南）,函南町,更地,土地カテゴリ（建物表記なし）,静岡県田方郡函南町丹那,2650,370.5,23.6,1500,田,—,,不明,接道・区分情報なし、詳細/役場で要確認,,2026-07-04,,https://suumo.jp/chukoikkodate/shizuoka/sc_tagatagun/nc_77331650/,不適合
SUUMO 中古戸建 田方郡（函南）,函南町,中古戸建,中古戸建/住宅カテゴリ,静岡県田方郡函南町丹那,2650,370.5,23.6,3000,田,—,,不明,接道・区分情報なし。建物ありだが現行法での再建築可否は役場で要確認,,2026-06-17,,https://suumo.jp/chukoikkodate/shizuoka/sc_tagatagun/nc_77497223/,適合
SUUMO 中古戸建 田方郡（函南）,函南町,更地,土地カテゴリ（建物表記なし）,静岡県田方郡函南町平井,2980,336.6,29.3,1500,田,—,,不明,接道・区分情報なし、詳細/役場で要確認,,2026-06-17,,https://suumo.jp/chukoikkodate/shizuoka/sc_tagatagun/nc_20560462/,不適合
SUUMO 中古戸建 田方郡（函南）,函南町,更地,土地カテゴリ（建物表記なし）,静岡県田方郡函南町平井,3280,1715.8,6.3,1500,田,—,,不明,接道・区分情報なし、詳細/役場で要確認,,2026-06-17,,https://suumo.jp/chukoikkodate/shizuoka/sc_tagatagun/nc_78444298/,不適合
SUUMO 中古戸建 田方郡（函南）,函南町,更地,土地カテゴリ（建物表記なし）,静岡県田方郡函南町平井南箱根ダイヤランド,3500,355.4,32.6,1500,田,—,,不明,接道・区分情報なし、詳細/役場で要確認,,2026-07-13,NG:南箱根ダイヤランド,https://suumo.jp/chukoikkodate/shizuoka/sc_tagatagun/nc_21275560/,不適合
SUUMO 中古戸建 田方郡（函南）,函南町,更地,土地カテゴリ（建物表記なし）,静岡県田方郡函南町平井,3500,319.6,36.2,1500,田,—,,不明,接道・区分情報なし、詳細/役場で要確認,,2026-06-17,,https://suumo.jp/chukoikkodate/shizuoka/sc_tagatagun/nc_78444299/,不適合
SUUMO 中古戸建 田方郡（函南）,函南町,更地,土地カテゴリ（建物表記なし）,静岡県田方郡函南町平井,3550,308.0,38.1,1500,田,—,,不明,接道・区分情報なし、詳細/役場で要確認,,2026-07-06,,https://suumo.jp/chukoikkodate/shizuoka/sc_tagatagun/nc_21230712/,不適合
SUUMO 中古戸建 田方郡（函南）,函南町,更地,土地カテゴリ（建物表記なし）,静岡県田方郡函南町平井南箱根ダイヤランド1753-2116(55-361）,3748,341.0,36.3,1500,田,—,,不明,接道・区分情報なし、詳細/役場で要確認,,2026-06-17,NG:南箱根ダイヤランド,https://suumo.jp/chukoikkodate/shizuoka/sc_tagatagun/nc_73703252/,不適合
SUUMO 中古戸建 田方郡（函南）,函南町,更地,土地カテゴリ（建物表記なし）,静岡県田方郡函南町丹那南箱根ダイヤランド,4600,393.9,38.6,1500,田,—,,不明,接道・区分情報なし、詳細/役場で要確認,,2026-06-17,NG:南箱根ダイヤランド,https://suumo.jp/chukoikkodate/shizuoka/sc_tagatagun/nc_20732770/,不適合
SUUMO 中古戸建 田方郡（函南）,函南町,更地,土地カテゴリ（建物表記なし）,静岡県田方郡函南町丹那,4600,393.0,38.7,1500,田,—,,不明,接道・区分情報なし、詳細/役場で要確認,,2026-07-03,,https://suumo.jp/chukoikkodate/shizuoka/sc_tagatagun/nc_21190868/,不適合
SUUMO 中古戸建 田方郡（函南）,函南町,更地,土地カテゴリ（建物表記なし）,静岡県田方郡函南町丹那,4600,393.0,38.7,1500,田,—,,不明,接道・区分情報なし、詳細/役場で要確認,,2026-07-23,,https://suumo.jp/chukoikkodate/shizuoka/sc_tagatagun/nc_21347290/,不適合
空き家バンクしずおか 沼津市,沼津市,空き家,掲載に空き家表記,沼津市岡一色582-2,3880,141.2,90.8,3000,田,市街化区域,,不明,接道・区分情報なし。建物ありだが現行法での再建築可否は役場で要確認,,2026-07-24,,https://akiya-bank.shizuoka.fudohsan.jp/%E7%89%A9%E4%BB%B6/172532/settle/1,不適合
空き家バンクしずおか 沼津市,沼津市,更地,土地カテゴリ（建物表記なし）,沼津市下香貫2994番22,450,114.6,13.0,1500,田,市街化区域,,△,市街化区域だが接道幅員が不明。新築可否は接道要確認,,2026-07-24,,https://akiya-bank.shizuoka.fudohsan.jp/%E7%89%A9%E4%BB%B6/175580/settle/1,不適合
空き家バンクしずおか 沼津市,沼津市,空き家,掲載に空き家表記,沼津市下香貫,4280,626.9,22.6,3000,田,市街化区域,,不明,接道・区分情報なし。建物ありだが現行法での再建築可否は役場で要確認,,2026-06-21,,https://akiya-bank.shizuoka.fudohsan.jp/%E7%89%A9%E4%BB%B6/171958/settle/1,不適合
空き家バンクしずおか 沼津市,沼津市,更地,土地カテゴリ（建物表記なし）,沼津市東椎路1303-37,850,115.7,24.3,1500,宅地,市街化区域,,△,市街化区域だが接道幅員が不明。新築可否は接道要確認,,2026-06-14,,https://akiya-bank.shizuoka.fudohsan.jp/%E7%89%A9%E4%BB%B6/142640/settle/1,不適合
空き家バンクしずおか 沼津市,沼津市,更地,土地カテゴリ（建物表記なし）,沼津市吉田町28-22,1550,193.3,26.5,1500,田,市街化区域,,△,市街化区域だが接道幅員が不明。新築可否は接道要確認,,2026-06-14,,https://akiya-bank.shizuoka.fudohsan.jp/%E7%89%A9%E4%BB%B6/142450/settle/1,不適合
空き家バンクしずおか 沼津市,沼津市,更地,土地カテゴリ（建物表記なし）,沼津市東椎路,8000,1161.0,22.8,1500,田,市街化区域,,△,市街化区域だが接道幅員が不明。新築可否は接道要確認,,2026-06-14,,https://akiya-bank.shizuoka.fudohsan.jp/%E7%89%A9%E4%BB%B6/152187/settle/1,不適合
空き家バンクしずおか 沼津市,沼津市,更地,土地カテゴリ（建物表記なし）,沼津市原町中３丁目,1420,194.4,24.1,1500,田,市街化区域,,△,市街化区域だが接道幅員が不明。新築可否は接道要確認,,2026-06-14,,https://akiya-bank.shizuoka.fudohsan.jp/%E7%89%A9%E4%BB%B6/164627/settle/1,不適合
空き家バンクしずおか 沼津市,沼津市,古家付き土地,土地＋古家/上物の表記,沼津市上香貫二瀬川町,1220,254.2,15.9,1500,宅地,市街化区域,,不明,接道・区分情報なし。建物ありだが現行法での再建築可否は役場で要確認,,2026-06-21,,https://akiya-bank.shizuoka.fudohsan.jp/%E7%89%A9%E4%BB%B6/165414/settle/1,不適合
空き家バンクしずおか 沼津市,沼津市,更地,土地カテゴリ（建物表記なし）,沼津市青野68-27,650,168.1,12.8,1500,宅地,市街化区域,,△,市街化区域だが接道幅員が不明。新築可否は接道要確認,,2026-07-22,,https://akiya-bank.shizuoka.fudohsan.jp/%E7%89%A9%E4%BB%B6/157736/settle/1,不適合
空き家バンクしずおか 沼津市,沼津市,更地,土地カテゴリ（建物表記なし）,沼津市千本常盤町,398,92.4,14.2,1500,田,市街化区域,,△,市街化区域だが接道幅員が不明。新築可否は接道要確認,,2026-07-04,,https://akiya-bank.shizuoka.fudohsan.jp/%E7%89%A9%E4%BB%B6/166570/settle/1,不適合
空き家バンクしずおか 沼津市,沼津市,更地,土地カテゴリ（建物表記なし）,沼津市米山町,4080,126.9,106.3,1500,田,市街化区域,,△,市街化区域だが接道幅員が不明。新築可否は接道要確認,,2026-07-21,,https://akiya-bank.shizuoka.fudohsan.jp/%E7%89%A9%E4%BB%B6/175514/settle/1,不適合
空き家バンクしずおか 沼津市,沼津市,古家付き土地,土地＋古家/上物の表記,沼津市東沢田,1700,190.0,29.6,1500,田,市街化区域,,不明,接道・区分情報なし。建物ありだが現行法での再建築可否は役場で要確認,,2026-06-21,,https://akiya-bank.shizuoka.fudohsan.jp/%E7%89%A9%E4%BB%B6/158909/settle/1,不適合
空き家バンクしずおか 沼津市,沼津市,更地,土地カテゴリ（建物表記なし）,沼津市平町,1600,121.2,43.6,1500,田,市街化区域,,△,市街化区域だが接道幅員が不明。新築可否は接道要確認,,2026-06-14,,https://akiya-bank.shizuoka.fudohsan.jp/%E7%89%A9%E4%BB%B6/158796/settle/1,不適合
空き家バンクしずおか 沼津市,沼津市,空き家,掲載に空き家表記,沼津市三園町,2490,75.3,109.3,3000,田,—,,不明,接道・区分情報なし。建物ありだが現行法での再建築可否は役場で要確認,,2026-07-21,注意:管理費,https://akiya-bank.shizuoka.fudohsan.jp/%E7%89%A9%E4%BB%B6/175496/settle/1,不適合
空き家バンクしずおか 沼津市,沼津市,空き家,掲載に空き家表記,沼津市高島町,1550,83.0,61.7,3000,田,—,,不明,接道・区分情報なし。建物ありだが現行法での再建築可否は役場で要確認,,2026-07-21,注意:管理費,https://akiya-bank.shizuoka.fudohsan.jp/%E7%89%A9%E4%BB%B6/175490/settle/1,不適合
空き家バンクしずおか 沼津市,沼津市,空き家,掲載に空き家表記,沼津市大岡,2090,65.0,106.3,3000,田,—,,不明,接道・区分情報なし。建物ありだが現行法での再建築可否は役場で要確認,,2026-07-21,注意:管理費,https://akiya-bank.shizuoka.fudohsan.jp/%E7%89%A9%E4%BB%B6/175487/settle/1,不適合
空き家バンクしずおか 沼津市,沼津市,空き家,掲載に空き家表記,沼津市高沢町,3190,77.5,136.1,3000,田,—,,不明,接道・区分情報なし。建物ありだが現行法での再建築可否は役場で要確認,,2026-07-21,注意:管理費,https://akiya-bank.shizuoka.fudohsan.jp/%E7%89%A9%E4%BB%B6/175486/settle/1,不適合
空き家バンクしずおか 沼津市,沼津市,空き家,掲載に空き家表記,沼津市上土町,2590,77.4,110.6,3000,田,—,,不明,接道・区分情報なし。建物ありだが現行法での再建築可否は役場で要確認,,2026-07-21,注意:管理費,https://akiya-bank.shizuoka.fudohsan.jp/%E7%89%A9%E4%BB%B6/175480/settle/1,不適合
空き家バンクしずおか 沼津市,沼津市,古家付き土地,土地＋古家/上物の表記,"沼津市大岡1761-9,1761-10",950,132.2,23.8,1500,田,市街化区域,,不明,接道・区分情報なし。建物ありだが現行法での再建築可否は役場で要確認,,2026-06-21,,https://akiya-bank.shizuoka.fudohsan.jp/%E7%89%A9%E4%BB%B6/162793/settle/1,不適合
空き家バンクしずおか 沼津市,沼津市,空き家,掲載に空き家表記,沼津市岡宮,4080,165.7,81.4,3000,宅地,市街化区域,,不明,接道・区分情報なし。建物ありだが現行法での再建築可否は役場で要確認,,2026-06-14,,https://akiya-bank.shizuoka.fudohsan.jp/%E7%89%A9%E4%BB%B6/169399/settle/1,不適合
空き家バンクしずおか 沼津市,沼津市,更地,土地カテゴリ（建物表記なし）,沼津市大岡,4180,184.4,74.9,1500,田,市街化区域,,△,市街化区域だが接道幅員が不明。新築可否は接道要確認,,2026-06-14,,https://akiya-bank.shizuoka.fudohsan.jp/%E7%89%A9%E4%BB%B6/172791/settle/1,不適合
空き家バンクしずおか 沼津市,沼津市,更地,土地カテゴリ（建物表記なし）,沼津市大岡,3980,123.8,106.3,1500,田,市街化区域,,△,市街化区域だが接道幅員が不明。新築可否は接道要確認,,2026-06-14,,https://akiya-bank.shizuoka.fudohsan.jp/%E7%89%A9%E4%BB%B6/173552/settle/1,不適合
空き家バンクしずおか 沼津市,沼津市,更地,土地カテゴリ（建物表記なし）,沼津市大塚,2590,234.0,36.6,1500,田,市街化区域,,△,市街化区域だが接道幅員が不明。新築可否は接道要確認,,2026-07-13,,https://akiya-bank.shizuoka.fudohsan.jp/%E7%89%A9%E4%BB%B6/175204/settle/1,不適合
空き家バンクしずおか 沼津市,沼津市,古家付き土地,土地＋古家/上物の表記,沼津市下香貫藤井原,880,107.4,27.1,1500,田,市街化区域,,不明,接道・区分情報なし。建物ありだが現行法での再建築可否は役場で要確認,,2026-06-21,,https://akiya-bank.shizuoka.fudohsan.jp/%E7%89%A9%E4%BB%B6/159925/settle/1,不適合
空き家バンクしずおか 沼津市,沼津市,中古戸建,中古戸建/住宅カテゴリ,沼津市大岡,2500,71.2,116.1,3000,田,—,,不明,接道・区分情報なし。建物ありだが現行法での再建築可否は役場で要確認,,2026-07-11,注意:管理費,https://akiya-bank.shizuoka.fudohsan.jp/%E7%89%A9%E4%BB%B6/175155/settle/1,不適合
空き家バンクしずおか 沼津市,沼津市,古家付き土地,土地＋古家/上物の表記,沼津市市道町,1200,193.4,20.5,1500,田,市街化区域,,不明,接道・区分情報なし。建物ありだが現行法での再建築可否は役場で要確認,,2026-06-21,,https://akiya-bank.shizuoka.fudohsan.jp/%E7%89%A9%E4%BB%B6/169425/settle/1,不適合
空き家バンクしずおか 沼津市,沼津市,更地,土地カテゴリ（建物表記なし）,沼津市江浦,580,274.2,7.0,1500,田,市街化調整区域,,△,市街化調整区域は原則新築不可・許可要件次第＝本命候補,,2026-06-21,関心:調整区域/無指定,https://akiya-bank.shizuoka.fudohsan.jp/%E7%89%A9%E4%BB%B6/170104/settle/1,不適合
空き家バンクしずおか 沼津市,沼津市,更地,土地カテゴリ（建物表記なし）,沼津市岡宮129-13,1480,128.5,38.1,1500,田,市街化区域,,△,市街化区域だが接道幅員が不明。新築可否は接道要確認,,2026-06-21,,https://akiya-bank.shizuoka.fudohsan.jp/%E7%89%A9%E4%BB%B6/112700/settle/1,不適合
空き家バンクしずおか 沼津市,沼津市,更地,土地カテゴリ（建物表記なし）,沼津市岡宮129-13,1480,131.5,37.2,1500,田,市街化区域,,△,市街化区域だが接道幅員が不明。新築可否は接道要確認,,2026-06-21,,https://akiya-bank.shizuoka.fudohsan.jp/%E7%89%A9%E4%BB%B6/112701/settle/1,不適合
空き家バンクしずおか 沼津市,沼津市,空き家,掲載に空き家表記,沼津市岡宮,1500,155.4,31.9,3000,田,市街化区域,,不明,接道・区分情報なし。建物ありだが現行法での再建築可否は役場で要確認,,2026-07-18,,https://akiya-bank.shizuoka.fudohsan.jp/%E7%89%A9%E4%BB%B6/175405/settle/1,不適合
空き家バンクしずおか 沼津市,沼津市,古家付き土地,土地＋古家/上物の表記,沼津市千本常盤町,900,170.1,17.5,1500,田,市街化区域,,不明,接道・区分情報なし。建物ありだが現行法での再建築可否は役場で要確認,,2026-07-18,,https://akiya-bank.shizuoka.fudohsan.jp/%E7%89%A9%E4%BB%B6/169588/settle/1,不適合
空き家バンクしずおか 沼津市,沼津市,更地,土地カテゴリ（建物表記なし）,沼津市青野,5480,871.3,20.8,1500,田,市街化区域,,△,市街化区域だが接道幅員が不明。新築可否は接道要確認,,2026-06-21,,https://akiya-bank.shizuoka.fudohsan.jp/%E7%89%A9%E4%BB%B6/168100/settle/1,不適合
空き家バンクしずおか 沼津市,沼津市,古家付き土地,土地＋古家/上物の表記,沼津市西間門274-3,800,199.1,13.3,1500,田,市街化区域,,不明,接道・区分情報なし。建物ありだが現行法での再建築可否は役場で要確認,,2026-06-21,,https://akiya-bank.shizuoka.fudohsan.jp/%E7%89%A9%E4%BB%B6/159985/settle/1,不適合
空き家バンクしずおか 沼津市,沼津市,更地,土地カテゴリ（建物表記なし）,沼津市高砂町,5000,608.4,27.2,1500,宅地,市街化区域,,△,市街化区域だが接道幅員が不明。新築可否は接道要確認,,2026-06-21,,https://akiya-bank.shizuoka.fudohsan.jp/%E7%89%A9%E4%BB%B6/167323/settle/1,不適合
空き家バンクしずおか 沼津市,沼津市,空き家,掲載に空き家表記,沼津市下河原町２丁目,450,46.0,32.3,3000,田,—,,不明,接道・区分情報なし。建物ありだが現行法での再建築可否は役場で要確認,,2026-06-21,注意:管理費,https://akiya-bank.shizuoka.fudohsan.jp/%E7%89%A9%E4%BB%B6/169946/settle/1,不適合
空き家バンクしずおか 沼津市,沼津市,更地,土地カテゴリ（建物表記なし）,沼津市吉田町27-6,990,134.0,24.4,1500,田,市街化区域,,△,市街化区域だが接道幅員が不明。新築可否は接道要確認,,2026-06-21,,https://akiya-bank.shizuoka.fudohsan.jp/%E7%89%A9%E4%BB%B6/150430/settle/1,不適合
空き家バンクしずおか 沼津市,沼津市,更地,土地カテゴリ（建物表記なし）,沼津市我入道東町,350,106.4,10.9,1500,田,市街化区域,,△,市街化区域だが接道幅員が不明。新築可否は接道要確認,,2026-07-16,,https://akiya-bank.shizuoka.fudohsan.jp/%E7%89%A9%E4%BB%B6/175321/settle/1,不適合
空き家バンクしずおか 沼津市,沼津市,空き家,掲載に空き家表記,沼津市志下330-1,830,238.6,11.5,3000,田,市街化区域,,不明,接道・区分情報なし。建物ありだが現行法での再建築可否は役場で要確認,,2026-07-16,,https://akiya-bank.shizuoka.fudohsan.jp/%E7%89%A9%E4%BB%B6/175300/settle/1,不適合
空き家バンクしずおか 沼津市,沼津市,古家付き土地,土地＋古家/上物の表記,沼津市下小路町,980,111.0,29.2,1500,田,市街化区域,,不明,接道・区分情報なし。建物ありだが現行法での再建築可否は役場で要確認,,2026-06-21,,https://akiya-bank.shizuoka.fudohsan.jp/%E7%89%A9%E4%BB%B6/170091/settle/1,不適合
空き家バンクしずおか 沼津市,沼津市,空き家,掲載に空き家表記,沼津市西浦平沢,680,317.4,7.1,3000,田,市街化調整区域,,△,調整区域の建替えは既存宅地要件等の確認が必要＝本命候補,,2026-07-14,関心:調整区域/無指定,https://akiya-bank.shizuoka.fudohsan.jp/%E7%89%A9%E4%BB%B6/175269/settle/1,不適合
空き家バンクしずおか 沼津市,沼津市,更地,土地カテゴリ（建物表記なし）,沼津市江原町13-13,12000,527.4,75.2,1500,田,市街化区域,,△,市街化区域だが接道幅員が不明。新築可否は接道要確認,,2026-07-15,,https://akiya-bank.shizuoka.fudohsan.jp/%E7%89%A9%E4%BB%B6/117567/settle/1,不適合
空き家バンクしずおか 沼津市,沼津市,空き家,掲載に空き家表記,沼津市大岡,5820,328.6,58.6,3000,田,市街化区域,,不明,接道・区分情報なし。建物ありだが現行法での再建築可否は役場で要確認,,2026-06-21,,https://akiya-bank.shizuoka.fudohsan.jp/%E7%89%A9%E4%BB%B6/158384/settle/1,不適合
空き家バンクしずおか 沼津市,沼津市,更地,土地カテゴリ（建物表記なし）,沼津市真砂町19-8,480,58.5,27.1,1500,田,市街化区域,,△,市街化区域だが接道幅員が不明。新築可否は接道要確認,,2026-06-21,,https://akiya-bank.shizuoka.fudohsan.jp/%E7%89%A9%E4%BB%B6/169633/settle/1,不適合
空き家バンクしずおか 沼津市,沼津市,空き家,掲載に空き家表記,沼津市足高３２２番地２２１,3480,175.6,65.5,3000,田,市街化区域,,不明,接道・区分情報なし。建物ありだが現行法での再建築可否は役場で要確認,,2026-06-21,,https://akiya-bank.shizuoka.fudohsan.jp/%E7%89%A9%E4%BB%B6/48565/settle/1,不適合
空き家バンクしずおか 沼津市,沼津市,更地,土地カテゴリ（建物表記なし）,沼津市岡宮638-1,3070,392.1,25.9,1500,田,市街化区域,,△,市街化区域だが接道幅員が不明。新築可否は接道要確認,,2026-07-14,,https://akiya-bank.shizuoka.fudohsan.jp/%E7%89%A9%E4%BB%B6/174621/settle/1,不適合
空き家バンクしずおか 沼津市,沼津市,空き家,掲載に空き家表記,沼津市東椎路,950,66.2,47.4,3000,田,—,,不明,接道・区分情報なし。建物ありだが現行法での再建築可否は役場で要確認,,2026-07-14,関心:無指定 注意:管理費,https://akiya-bank.shizuoka.fudohsan.jp/%E7%89%A9%E4%BB%B6/175239/settle/1,不適合
空き家バンクしずおか 沼津市,沼津市,空き家,掲載に空き家表記,沼津市沢田町7-13,2590,160.3,53.4,3000,田,市街化区域,,不明,接道・区分情報なし。建物ありだが現行法での再建築可否は役場で要確認,,2026-06-14,,https://akiya-bank.shizuoka.fudohsan.jp/%E7%89%A9%E4%BB%B6/170110/settle/1,不適合
空き家バンクしずおか 沼津市,沼津市,空き家,掲載に空き家表記,沼津市沢田町7-13,2750,148.3,61.3,3000,田,市街化区域,,不明,接道・区分情報なし。建物ありだが現行法での再建築可否は役場で要確認,,2026-06-14,,https://akiya-bank.shizuoka.fudohsan.jp/%E7%89%A9%E4%BB%B6/170198/settle/1,不適合
空き家バンクしずおか 沼津市,沼津市,更地,土地カテゴリ（建物表記なし）,沼津市中瀬町190番,3588,339.0,35.0,1500,田,市街化区域,,△,市街化区域だが接道幅員が不明。新築可否は接道要確認,,2026-06-21,,https://akiya-bank.shizuoka.fudohsan.jp/%E7%89%A9%E4%BB%B6/162675/settle/1,不適合
空き家バンクしずおか 沼津市,沼津市,更地,土地カテゴリ（建物表記なし）,沼津市下香貫,1800,297.0,20.0,1500,田,市街化区域,,△,市街化区域だが接道幅員が不明。新築可否は接道要確認,,2026-06-21,,https://akiya-bank.shizuoka.fudohsan.jp/%E7%89%A9%E4%BB%B6/158447/settle/1,不適合
空き家バンクしずおか 沼津市,沼津市,更地,土地カテゴリ（建物表記なし）,沼津市西間門,630,446.0,4.7,1500,田,市街化区域,,△,市街化区域だが接道幅員が不明。新築可否は接道要確認,,2026-06-21,,https://akiya-bank.shizuoka.fudohsan.jp/%E7%89%A9%E4%BB%B6/172501/settle/1,適合
空き家バンクしずおか 沼津市,沼津市,空き家,掲載に空き家表記,沼津市新沢田町,1650,70.8,77.0,3000,田,—,,不明,接道・区分情報なし。建物ありだが現行法での再建築可否は役場で要確認,,2026-06-14,注意:管理費,https://akiya-bank.shizuoka.fudohsan.jp/%E7%89%A9%E4%BB%B6/171794/settle/1,不適合
空き家バンクしずおか 沼津市,沼津市,更地,土地カテゴリ（建物表記なし）,沼津市下香貫馬場465-1,1320,216.1,20.2,1500,宅地,市街化区域,,△,市街化区域だが接道幅員が不明。新築可否は接道要確認,,2026-06-21,,https://akiya-bank.shizuoka.fudohsan.jp/%E7%89%A9%E4%BB%B6/168184/settle/1,不適合
空き家バンクしずおか 沼津市,沼津市,古家付き土地,土地＋古家/上物の表記,沼津市松長,900,168.6,17.6,1500,田,市街化区域,,不明,接道・区分情報なし。建物ありだが現行法での再建築可否は役場で要確認,,2026-06-21,,https://akiya-bank.shizuoka.fudohsan.jp/%E7%89%A9%E4%BB%B6/169456/settle/1,不適合
空き家バンクしずおか 沼津市,沼津市,更地,土地カテゴリ（建物表記なし）,沼津市足高441-1759、-1760,1200,1850.3,2.1,1500,田,市街化調整区域,,△,市街化調整区域は原則新築不可・許可要件次第＝本命候補,,2026-07-11,関心:調整区域/無指定,https://akiya-bank.shizuoka.fudohsan.jp/%E7%89%A9%E4%BB%B6/153918/settle/1,適合
空き家バンクしずおか 沼津市,沼津市,空き家,掲載に空き家表記,沼津市本錦町648-1,190,26.2,24.0,3000,田,—,,不明,接道・区分情報なし。建物ありだが現行法での再建築可否は役場で要確認,,2026-06-14,注意:管理費,https://akiya-bank.shizuoka.fudohsan.jp/%E7%89%A9%E4%BB%B6/164375/settle/1,不適合
空き家バンクしずおか 沼津市,沼津市,中古戸建,中古戸建/住宅カテゴリ,沼津市下河原町131-18,150,25.8,19.2,3000,田,—,,不明,接道・区分情報なし。建物ありだが現行法での再建築可否は役場で要確認,,2026-06-21,注意:管理費,https://akiya-bank.shizuoka.fudohsan.jp/%E7%89%A9%E4%BB%B6/164428/settle/1,不適合
空き家バンクしずおか 沼津市,沼津市,空き家,掲載に空き家表記,沼津市我入道津島町291,2180,380.2,19.0,3000,田,市街化区域,,不明,接道・区分情報なし。建物ありだが現行法での再建築可否は役場で要確認,,2026-06-19,,https://akiya-bank.shizuoka.fudohsan.jp/%E7%89%A9%E4%BB%B6/174350/settle/1,適合
空き家バンクしずおか 沼津市,沼津市,中古戸建,中古戸建/住宅カテゴリ,沼津市高砂町16-1,1890,215.0,29.1,3000,宅地,市街化区域,,不明,接道・区分情報なし。建物ありだが現行法での再建築可否は役場で要確認,,2026-06-21,,https://akiya-bank.shizuoka.fudohsan.jp/%E7%89%A9%E4%BB%B6/155067/settle/1,不適合
空き家バンクしずおか 沼津市,沼津市,空き家,掲載に空き家表記,沼津市原2030-33,1980,218.0,30.0,3000,宅地,市街化区域,,不明,接道・区分情報なし。建物ありだが現行法での再建築可否は役場で要確認,,2026-06-21,,https://akiya-bank.shizuoka.fudohsan.jp/%E7%89%A9%E4%BB%B6/163582/settle/1,不適合
空き家バンクしずおか 沼津市,沼津市,空き家,掲載に空き家表記,沼津市南本郷町12-6-1,2880,241.3,39.5,3000,宅地,市街化区域,,不明,接道・区分情報なし。建物ありだが現行法での再建築可否は役場で要確認,,2026-06-21,,https://akiya-bank.shizuoka.fudohsan.jp/%E7%89%A9%E4%BB%B6/170276/settle/1,不適合
空き家バンクしずおか 沼津市,沼津市,更地,土地カテゴリ（建物表記なし）,沼津市本郷町8-12,1300,158.9,27.0,1500,宅地,市街化区域,,△,市街化区域だが接道幅員が不明。新築可否は接道要確認,,2026-06-21,,https://akiya-bank.shizuoka.fudohsan.jp/%E7%89%A9%E4%BB%B6/169766/settle/1,不適合
空き家バンクしずおか 沼津市,沼津市,更地,土地カテゴリ（建物表記なし）,沼津市下香貫藤井原,880,107.4,27.1,1500,田,市街化区域,,△,市街化区域だが接道幅員が不明。新築可否は接道要確認,,2026-06-21,,https://akiya-bank.shizuoka.fudohsan.jp/%E7%89%A9%E4%BB%B6/159903/settle/1,不適合
空き家バンクしずおか 沼津市,沼津市,更地,土地カテゴリ（建物表記なし）,沼津市本字下一丁田866-14,660,134.1,16.3,1500,田,市街化区域,,△,市街化区域だが接道幅員が不明。新築可否は接道要確認,,2026-06-21,,https://akiya-bank.shizuoka.fudohsan.jp/%E7%89%A9%E4%BB%B6/129160/settle/1,不適合
空き家バンクしずおか 沼津市,沼津市,更地,土地カテゴリ（建物表記なし）,沼津市原1548-1,5100,842.3,20.0,1500,田,市街化区域,,△,市街化区域だが接道幅員が不明。新築可否は接道要確認,,2026-06-21,,https://akiya-bank.shizuoka.fudohsan.jp/%E7%89%A9%E4%BB%B6/133077/settle/1,不適合
空き家バンクしずおか 沼津市,沼津市,更地,土地カテゴリ（建物表記なし）,沼津市下香貫牛臥3010-44,750,180.6,13.7,1500,田,市街化区域,,△,市街化区域だが接道幅員が不明。新築可否は接道要確認,,2026-06-21,,https://akiya-bank.shizuoka.fudohsan.jp/%E7%89%A9%E4%BB%B6/160848/settle/1,不適合
空き家バンクしずおか 沼津市,沼津市,古家付き土地,土地＋古家/上物の表記,沼津市下香貫馬場439-2,1000,165.3,20.0,1500,田,市街化区域,,不明,接道・区分情報なし。建物ありだが現行法での再建築可否は役場で要確認,,2026-06-21,,https://akiya-bank.shizuoka.fudohsan.jp/%E7%89%A9%E4%BB%B6/97393/settle/1,不適合
空き家バンクしずおか 沼津市,沼津市,更地,土地カテゴリ（建物表記なし）,沼津市本郷町23-24,1950,194.0,33.2,1500,宅地,市街化区域,,△,市街化区域だが接道幅員が不明。新築可否は接道要確認,,2026-06-21,,https://akiya-bank.shizuoka.fudohsan.jp/%E7%89%A9%E4%BB%B6/137887/settle/1,不適合
空き家バンクしずおか 沼津市,沼津市,更地,土地カテゴリ（建物表記なし）,沼津市御幸町23-6,3200,30.6,345.7,1500,田,市街化区域,,△,市街化区域だが接道幅員が不明。新築可否は接道要確認,,2026-06-21,,https://akiya-bank.shizuoka.fudohsan.jp/%E7%89%A9%E4%BB%B6/164107/settle/1,不適合
空き家バンクしずおか 沼津市,沼津市,更地,土地カテゴリ（建物表記なし）,沼津市中瀬町17-13,1490,164.2,30.0,1500,田,市街化区域,,△,市街化区域だが接道幅員が不明。新築可否は接道要確認,,2026-06-21,,https://akiya-bank.shizuoka.fudohsan.jp/%E7%89%A9%E4%BB%B6/153981/settle/1,不適合
空き家バンクしずおか 沼津市,沼津市,古家付き土地,土地＋古家/上物の表記,沼津市玉江町1-27,1999,220.3,30.0,1500,宅地,市街化区域,,不明,接道・区分情報なし。建物ありだが現行法での再建築可否は役場で要確認,,2026-06-21,,https://akiya-bank.shizuoka.fudohsan.jp/%E7%89%A9%E4%BB%B6/157705/settle/1,不適合
空き家バンクしずおか 沼津市,沼津市,空き家,掲載に空き家表記,沼津市内浦小海,740,51.0,48.0,3000,田,—,,不明,接道・区分情報なし。建物ありだが現行法での再建築可否は役場で要確認,,2026-07-10,関心:無指定 注意:管理費,https://akiya-bank.shizuoka.fudohsan.jp/%E7%89%A9%E4%BB%B6/175109/settle/1,不適合
空き家バンクしずおか 沼津市,沼津市,空き家,掲載に空き家表記,沼津市中沢田423-1,2590,132.4,64.7,3000,田,市街化区域,,不明,接道・区分情報なし。建物ありだが現行法での再建築可否は役場で要確認,,2026-06-21,,https://akiya-bank.shizuoka.fudohsan.jp/%E7%89%A9%E4%BB%B6/168971/settle/1,不適合
空き家バンクしずおか 沼津市,沼津市,空き家,掲載に空き家表記,沼津市中沢田423-1,2390,133.9,59.0,3000,田,市街化区域,,不明,接道・区分情報なし。建物ありだが現行法での再建築可否は役場で要確認,,2026-06-21,,https://akiya-bank.shizuoka.fudohsan.jp/%E7%89%A9%E4%BB%B6/168975/settle/1,不適合
空き家バンクしずおか 沼津市,沼津市,空き家,掲載に空き家表記,沼津市東熊堂362,2790,130.7,70.6,3000,田,市街化区域,,不明,接道・区分情報なし。建物ありだが現行法での再建築可否は役場で要確認,,2026-06-17,,https://akiya-bank.shizuoka.fudohsan.jp/%E7%89%A9%E4%BB%B6/170197/settle/1,不適合
空き家バンクしずおか 沼津市,沼津市,空き家,掲載に空き家表記,沼津市本松下845-3,2590,201.6,42.5,3000,田,市街化区域,,不明,接道・区分情報なし。建物ありだが現行法での再建築可否は役場で要確認,,2026-06-14,,https://akiya-bank.shizuoka.fudohsan.jp/%E7%89%A9%E4%BB%B6/174107/settle/1,不適合
空き家バンクしずおか 沼津市,沼津市,空き家,掲載に空き家表記,沼津市本松下845-3,2690,187.4,47.5,3000,田,市街化区域,,不明,接道・区分情報なし。建物ありだが現行法での再建築可否は役場で要確認,,2026-06-14,,https://akiya-bank.shizuoka.fudohsan.jp/%E7%89%A9%E4%BB%B6/174111/settle/1,不適合
空き家バンクしずおか 沼津市,沼津市,更地,土地カテゴリ（建物表記なし）,沼津市平沼３８３番３,380,168.3,7.5,1500,田,市街化調整区域,,△,市街化調整区域は原則新築不可・許可要件次第＝本命候補,,2026-07-09,関心:調整区域/無指定,https://akiya-bank.shizuoka.fudohsan.jp/%E7%89%A9%E4%BB%B6/124656/settle/1,不適合
空き家バンクしずおか 沼津市,沼津市,古家付き土地,土地＋古家/上物の表記,沼津市西椎路616番2,650,100.7,21.3,1500,田,市街化区域,,不明,接道・区分情報なし。建物ありだが現行法での再建築可否は役場で要確認,,2026-07-09,,https://akiya-bank.shizuoka.fudohsan.jp/%E7%89%A9%E4%BB%B6/134914/settle/1,不適合
空き家バンクしずおか 沼津市,沼津市,更地,土地カテゴリ（建物表記なし）,沼津市戸田3844-42,35,112.0,1.0,1500,田,—,,不明,接道・区分情報なし、詳細/役場で要確認,,2026-06-21,関心:無指定,https://akiya-bank.shizuoka.fudohsan.jp/%E7%89%A9%E4%BB%B6/133131/settle/1,不適合
空き家バンクしずおか 沼津市,沼津市,更地,土地カテゴリ（建物表記なし）,沼津市戸田1586-1,500,221.5,7.5,1500,田,—,,不明,接道・区分情報なし、詳細/役場で要確認,,2026-06-21,関心:無指定,https://akiya-bank.shizuoka.fudohsan.jp/%E7%89%A9%E4%BB%B6/137794/settle/1,不適合
空き家バンクしずおか 沼津市,沼津市,更地,土地カテゴリ（建物表記なし）,沼津市大岡1140-27,2480,172.6,47.5,1500,田,市街化区域,,△,市街化区域だが接道幅員が不明。新築可否は接道要確認,,2026-06-21,,https://akiya-bank.shizuoka.fudohsan.jp/%E7%89%A9%E4%BB%B6/144565/settle/1,不適合
空き家バンクしずおか 沼津市,沼津市,更地,土地カテゴリ（建物表記なし）,沼津市八幡町34,720,83.5,28.5,1500,田,市街化区域,,△,市街化区域だが接道幅員が不明。新築可否は接道要確認,,2026-06-21,,https://akiya-bank.shizuoka.fudohsan.jp/%E7%89%A9%E4%BB%B6/148208/settle/1,不適合
空き家バンクしずおか 沼津市,沼津市,古家付き土地,土地＋古家/上物の表記,沼津市大岡926-7,695,69.4,33.1,1500,田,市街化区域,,不明,接道・区分情報なし。建物ありだが現行法での再建築可否は役場で要確認,,2026-06-21,,https://akiya-bank.shizuoka.fudohsan.jp/%E7%89%A9%E4%BB%B6/148255/settle/1,不適合
空き家バンクしずおか 沼津市,沼津市,古家付き土地,土地＋古家/上物の表記,沼津市足高489-1,800,807.1,3.3,1500,田,市街化区域,,不明,接道・区分情報なし。建物ありだが現行法での再建築可否は役場で要確認,,2026-06-21,,https://akiya-bank.shizuoka.fudohsan.jp/%E7%89%A9%E4%BB%B6/150098/settle/1,適合
空き家バンクしずおか 沼津市,沼津市,空き家,掲載に空き家表記,沼津市上香貫,1100,56.3,64.6,3000,田,—,,不明,接道・区分情報なし。建物ありだが現行法での再建築可否は役場で要確認,,2026-06-21,注意:管理費,https://akiya-bank.shizuoka.fudohsan.jp/%E7%89%A9%E4%BB%B6/151516/settle/1,不適合
空き家バンクしずおか 沼津市,沼津市,更地,土地カテゴリ（建物表記なし）,沼津市下香貫2994-21,750,123.3,20.1,1500,田,市街化区域,,△,市街化区域だが接道幅員が不明。新築可否は接道要確認,,2026-06-21,,https://akiya-bank.shizuoka.fudohsan.jp/%E7%89%A9%E4%BB%B6/146197/settle/1,不適合
空き家バンクしずおか 沼津市,沼津市,更地,土地カテゴリ（建物表記なし）,沼津市今沢527-12,1590,152.0,34.6,1500,田,市街化区域,,△,市街化区域だが接道幅員が不明。新築可否は接道要確認,,2026-06-21,,https://akiya-bank.shizuoka.fudohsan.jp/%E7%89%A9%E4%BB%B6/125289/settle/1,不適合
空き家バンクしずおか 沼津市,沼津市,更地,土地カテゴリ（建物表記なし）,沼津市下香貫2994-22,880,117.4,24.8,1500,田,市街化区域,,△,市街化区域だが接道幅員が不明。新築可否は接道要確認,,2026-06-21,,https://akiya-bank.shizuoka.fudohsan.jp/%E7%89%A9%E4%BB%B6/146198/settle/1,不適合
空き家バンクしずおか 沼津市,沼津市,更地,土地カテゴリ（建物表記なし）,沼津市我入道秋葉町,1980,208.3,31.4,1500,田,市街化区域,,△,市街化区域だが接道幅員が不明。新築可否は接道要確認,,2026-06-21,,https://akiya-bank.shizuoka.fudohsan.jp/%E7%89%A9%E4%BB%B6/172561/settle/1,不適合
空き家バンクしずおか 沼津市,沼津市,更地,土地カテゴリ（建物表記なし）,沼津市東椎路,1456,178.2,27.0,1500,田,市街化区域,,△,市街化区域だが接道幅員が不明。新築可否は接道要確認,,2026-07-07,,https://akiya-bank.shizuoka.fudohsan.jp/%E7%89%A9%E4%BB%B6/175049/settle/1,不適合
空き家バンクしずおか 沼津市,沼津市,更地,土地カテゴリ（建物表記なし）,沼津市西沢田,880,126.1,23.1,1500,宅地,市街化区域,,△,市街化区域だが接道幅員が不明。新築可否は接道要確認,,2026-06-21,,https://akiya-bank.shizuoka.fudohsan.jp/%E7%89%A9%E4%BB%B6/172509/settle/1,不適合
空き家バンクしずおか 沼津市,沼津市,更地,土地カテゴリ（建物表記なし）,沼津市本郷町,1300,158.9,27.0,1500,宅地,市街化区域,,△,市街化区域だが接道幅員が不明。新築可否は接道要確認,,2026-06-21,,https://akiya-bank.shizuoka.fudohsan.jp/%E7%89%A9%E4%BB%B6/169715/settle/1,不適合
空き家バンクしずおか 沼津市,沼津市,更地,土地カテゴリ（建物表記なし）,沼津市下河原町10-6,1500,182.4,27.2,1500,田,市街化区域,,△,市街化区域だが接道幅員が不明。新築可否は接道要確認,,2026-06-21,,https://akiya-bank.shizuoka.fudohsan.jp/%E7%89%A9%E4%BB%B6/143010/settle/1,不適合
空き家バンクしずおか 沼津市,沼津市,古家付き土地,土地＋古家/上物の表記,沼津市上香貫宮原町1502-1,3980,707.4,18.6,1500,宅地,市街化区域,,不明,接道・区分情報なし。建物ありだが現行法での再建築可否は役場で要確認,,2026-06-21,,https://akiya-bank.shizuoka.fudohsan.jp/%E7%89%A9%E4%BB%B6/135222/settle/1,不適合
空き家バンクしずおか 沼津市,沼津市,更地,土地カテゴリ（建物表記なし）,沼津市真砂町27-9,390,51.4,25.1,1500,田,市街化区域,,△,市街化区域だが接道幅員が不明。新築可否は接道要確認,,2026-06-21,,https://akiya-bank.shizuoka.fudohsan.jp/%E7%89%A9%E4%BB%B6/144736/settle/1,不適合
空き家バンクしずおか 沼津市,沼津市,更地,土地カテゴリ（建物表記なし）,沼津市吉田町27-3,1180,144.6,27.0,1500,田,市街化区域,,△,市街化区域だが接道幅員が不明。新築可否は接道要確認,,2026-06-21,,https://akiya-bank.shizuoka.fudohsan.jp/%E7%89%A9%E4%BB%B6/49747/settle/1,不適合
空き家バンクしずおか 沼津市,沼津市,更地,土地カテゴリ（建物表記なし）,沼津市岡宮,1680,109.0,51.0,1500,田,市街化区域,,△,市街化区域だが接道幅員が不明。新築可否は接道要確認,,2026-06-21,,https://akiya-bank.shizuoka.fudohsan.jp/%E7%89%A9%E4%BB%B6/149174/settle/1,不適合
空き家バンクしずおか 沼津市,沼津市,更地,土地カテゴリ（建物表記なし）,沼津市平町21-11,600,81.0,24.5,1500,田,市街化区域,,△,市街化区域だが接道幅員が不明。新築可否は接道要確認,,2026-06-14,,https://akiya-bank.shizuoka.fudohsan.jp/%E7%89%A9%E4%BB%B6/151860/settle/1,不適合
空き家バンクしずおか 沼津市,沼津市,古家付き土地,土地＋古家/上物の表記,沼津市大岡,1180,123.8,31.5,1500,田,市街化区域,,不明,接道・区分情報なし。建物ありだが現行法での再建築可否は役場で要確認,,2026-07-04,,https://akiya-bank.shizuoka.fudohsan.jp/%E7%89%A9%E4%BB%B6/166669/settle/1,不適合
空き家バンクしずおか 沼津市,沼津市,更地,土地カテゴリ（建物表記なし）,沼津市平町１３番3,1800,137.1,43.4,1500,田,市街化区域,,△,市街化区域だが接道幅員が不明。新築可否は接道要確認,,2026-07-04,,https://akiya-bank.shizuoka.fudohsan.jp/%E7%89%A9%E4%BB%B6/154153/settle/1,不適合
空き家バンクしずおか 沼津市,沼津市,中古戸建,中古戸建/住宅カテゴリ,沼津市志下,1280,75.5,56.0,3000,田,—,,不明,接道・区分情報なし。建物ありだが現行法での再建築可否は役場で要確認,,2026-06-21,注意:管理費,https://akiya-bank.shizuoka.fudohsan.jp/%E7%89%A9%E4%BB%B6/170756/settle/1,不適合
空き家バンクしずおか 沼津市,沼津市,更地,土地カテゴリ（建物表記なし）,沼津市大岡,980,173.3,18.7,1500,田,市街化区域,,△,市街化区域だが接道幅員が不明。新築可否は接道要確認,,2026-06-21,,https://akiya-bank.shizuoka.fudohsan.jp/%E7%89%A9%E4%BB%B6/169479/settle/1,不適合
空き家バンクしずおか 沼津市,沼津市,中古戸建,中古戸建/住宅カテゴリ,沼津市江原町4番22,1650,72.0,75.8,3000,田,—,,不明,接道・区分情報なし。建物ありだが現行法での再建築可否は役場で要確認,,2026-06-21,注意:管理費,https://akiya-bank.shizuoka.fudohsan.jp/%E7%89%A9%E4%BB%B6/152120/settle/1,不適合
空き家バンクしずおか 沼津市,沼津市,更地,土地カテゴリ（建物表記なし）,沼津市上香貫1688-8,3690,317.9,38.4,1500,宅地,市街化区域,,△,市街化区域だが接道幅員が不明。新築可否は接道要確認,,2026-06-21,,https://akiya-bank.shizuoka.fudohsan.jp/%E7%89%A9%E4%BB%B6/80645/settle/1,不適合
空き家バンクしずおか 沼津市,沼津市,古家付き土地,土地＋古家/上物の表記,沼津市大岡,1480,151.7,32.3,1500,田,市街化区域,,不明,接道・区分情報なし。建物ありだが現行法での再建築可否は役場で要確認,,2026-06-21,,https://akiya-bank.shizuoka.fudohsan.jp/%E7%89%A9%E4%BB%B6/166677/settle/1,不適合
空き家バンクしずおか 沼津市,沼津市,更地,土地カテゴリ（建物表記なし）,沼津市市道町,1500,163.1,30.4,1500,田,市街化区域,,△,市街化区域だが接道幅員が不明。新築可否は接道要確認,,2026-06-21,,https://akiya-bank.shizuoka.fudohsan.jp/%E7%89%A9%E4%BB%B6/169210/settle/1,不適合
空き家バンクしずおか 沼津市,沼津市,古家付き土地,土地＋古家/上物の表記,沼津市上香貫二瀬川町1943番地の3,2000,360.3,18.4,1500,宅地,市街化区域,,不明,接道・区分情報なし。建物ありだが現行法での再建築可否は役場で要確認,,2026-06-21,,https://akiya-bank.shizuoka.fudohsan.jp/%E7%89%A9%E4%BB%B6/154467/settle/1,不適合
空き家バンクしずおか 沼津市,沼津市,更地,土地カテゴリ（建物表記なし）,沼津市志下84番6,520,156.0,11.0,1500,田,市街化区域,,△,市街化区域だが接道幅員が不明。新築可否は接道要確認,,2026-07-02,,https://akiya-bank.shizuoka.fudohsan.jp/%E7%89%A9%E4%BB%B6/103467/settle/1,不適合
空き家バンクしずおか 沼津市,沼津市,空き家,掲載に空き家表記,沼津市西熊堂353-1,2880,245.6,38.8,3000,田,市街化区域,,不明,接道・区分情報なし。建物ありだが現行法での再建築可否は役場で要確認,,2026-07-02,,https://akiya-bank.shizuoka.fudohsan.jp/%E7%89%A9%E4%BB%B6/174822/settle/1,不適合
空き家バンクしずおか 沼津市,沼津市,空き家,掲載に空き家表記,沼津市三枚橋705-26,3880,191.7,66.9,3000,田,市街化区域,,不明,接道・区分情報なし。建物ありだが現行法での再建築可否は役場で要確認,,2026-07-02,,https://akiya-bank.shizuoka.fudohsan.jp/%E7%89%A9%E4%BB%B6/174821/settle/1,不適合
空き家バンクしずおか 沼津市,沼津市,古家付き土地,土地＋古家/上物の表記,沼津市庄栄町,1400,164.8,28.1,1500,田,市街化区域,,不明,接道・区分情報なし。建物ありだが現行法での再建築可否は役場で要確認,,2026-06-21,,https://akiya-bank.shizuoka.fudohsan.jp/%E7%89%A9%E4%BB%B6/167096/settle/1,不適合
空き家バンクしずおか 沼津市,沼津市,空き家,掲載に空き家表記,沼津市北高島町,4480,140.4,105.5,3000,田,市街化区域,,不明,接道・区分情報なし。建物ありだが現行法での再建築可否は役場で要確認,,2026-06-29,,https://akiya-bank.shizuoka.fudohsan.jp/%E7%89%A9%E4%BB%B6/174758/settle/1,不適合
空き家バンクしずおか 沼津市,沼津市,更地,土地カテゴリ（建物表記なし）,沼津市今沢642-3,1560,467.7,11.0,1500,田,市街化区域,,△,市街化区域だが接道幅員が不明。新築可否は接道要確認,,2026-06-21,,https://akiya-bank.shizuoka.fudohsan.jp/%E7%89%A9%E4%BB%B6/112484/settle/1,不適合
空き家バンクしずおか 沼津市,沼津市,古家付き土地,土地＋古家/上物の表記,沼津市下香貫猪沼,380,148.2,8.5,1500,田,市街化区域,,不明,接道・区分情報なし。建物ありだが現行法での再建築可否は役場で要確認,,2026-06-14,,https://akiya-bank.shizuoka.fudohsan.jp/%E7%89%A9%E4%BB%B6/159153/settle/1,不適合
空き家バンクしずおか 沼津市,沼津市,空き家,掲載に空き家表記,沼津市大岡,2680,74.0,119.7,3000,田,—,,不明,接道・区分情報なし。建物ありだが現行法での再建築可否は役場で要確認,,2026-06-26,注意:管理費,https://akiya-bank.shizuoka.fudohsan.jp/%E7%89%A9%E4%BB%B6/174660/settle/1,不適合
空き家バンクしずおか 沼津市,沼津市,更地,土地カテゴリ（建物表記なし）,沼津市若葉町969番1,2700,194.0,46.0,1500,田,市街化区域,,△,市街化区域だが接道幅員が不明。新築可否は接道要確認,,2026-06-21,,https://akiya-bank.shizuoka.fudohsan.jp/%E7%89%A9%E4%BB%B6/145532/settle/1,不適合
空き家バンクしずおか 沼津市,沼津市,古家付き土地,土地＋古家/上物の表記,沼津市大平,980,436.8,7.4,1500,宅地,市街化調整区域,,△,調整区域の建替えは既存宅地要件等の確認が必要＝本命候補,,2026-06-22,関心:調整区域,https://akiya-bank.shizuoka.fudohsan.jp/%E7%89%A9%E4%BB%B6/159274/settle/1,適合
空き家バンクしずおか 沼津市,沼津市,更地,土地カテゴリ（建物表記なし）,沼津市足高56-52,150,170.0,2.9,1500,田,市街化調整区域,,△,市街化調整区域は原則新築不可・許可要件次第＝本命候補,,2026-06-21,関心:調整区域/無指定,https://akiya-bank.shizuoka.fudohsan.jp/%E7%89%A9%E4%BB%B6/94136/settle/1,不適合
空き家バンクしずおか 沼津市,沼津市,更地,土地カテゴリ（建物表記なし）,沼津市五月町,3800,305.6,41.1,1500,田,市街化区域,,△,市街化区域だが接道幅員が不明。新築可否は接道要確認,,2026-06-21,,https://akiya-bank.shizuoka.fudohsan.jp/%E7%89%A9%E4%BB%B6/163940/settle/1,不適合
空き家バンクしずおか 沼津市,沼津市,更地,土地カテゴリ（建物表記なし）,沼津市住吉町,1400,125.3,36.9,1500,宅地,市街化区域,,△,市街化区域だが接道幅員が不明。新築可否は接道要確認,,2026-06-21,,https://akiya-bank.shizuoka.fudohsan.jp/%E7%89%A9%E4%BB%B6/164361/settle/1,不適合
空き家バンクしずおか 沼津市,沼津市,更地,土地カテゴリ（建物表記なし）,沼津市西島町,1250,312.9,13.2,1500,田,市街化区域,,△,市街化区域だが接道幅員が不明。新築可否は接道要確認,,2026-06-14,,https://akiya-bank.shizuoka.fudohsan.jp/%E7%89%A9%E4%BB%B6/169111/settle/1,不適合
空き家バンクしずおか 沼津市,沼津市,空き家,掲載に空き家表記,沼津市足高287-21,2880,165.8,57.4,3000,田,市街化区域,,不明,接道・区分情報なし。建物ありだが現行法での再建築可否は役場で要確認,,2026-06-14,,https://akiya-bank.shizuoka.fudohsan.jp/%E7%89%A9%E4%BB%B6/169170/settle/1,不適合
空き家バンクしずおか 沼津市,沼津市,古家付き土地,土地＋古家/上物の表記,沼津市原293番2,1080,277.8,12.9,1500,田,市街化区域,,不明,接道・区分情報なし。建物ありだが現行法での再建築可否は役場で要確認,,2026-06-19,,https://akiya-bank.shizuoka.fudohsan.jp/%E7%89%A9%E4%BB%B6/174394/settle/1,不適合
空き家バンクしずおか 沼津市,沼津市,更地,土地カテゴリ（建物表記なし）,沼津市今沢110-1,1800,330.2,18.0,1500,田,市街化区域,,△,市街化区域だが接道幅員が不明。新築可否は接道要確認,,2026-06-14,,https://akiya-bank.shizuoka.fudohsan.jp/%E7%89%A9%E4%BB%B6/144010/settle/1,不適合
空き家バンクしずおか 沼津市,沼津市,空き家,掲載に空き家表記,沼津市大岡,1050,98.4,35.3,3000,田,市街化区域,,不明,接道・区分情報なし。建物ありだが現行法での再建築可否は役場で要確認,,2026-06-14,,https://akiya-bank.shizuoka.fudohsan.jp/%E7%89%A9%E4%BB%B6/165748/settle/1,不適合
空き家バンクしずおか 沼津市,沼津市,更地,土地カテゴリ（建物表記なし）,沼津市岡宮,1600,198.0,26.7,1500,田,市街化区域,,△,市街化区域だが接道幅員が不明。新築可否は接道要確認,,2026-06-14,,https://akiya-bank.shizuoka.fudohsan.jp/%E7%89%A9%E4%BB%B6/171541/settle/1,不適合
空き家バンクしずおか 沼津市,沼津市,古家付き土地,土地＋古家/上物の表記,沼津市下香貫上障子384-1,1150,230.0,16.5,1500,田,市街化区域,,不明,接道・区分情報なし。建物ありだが現行法での再建築可否は役場で要確認,,2026-06-14,,https://akiya-bank.shizuoka.fudohsan.jp/%E7%89%A9%E4%BB%B6/153490/settle/1,不適合
空き家バンクしずおか 沼津市,沼津市,更地,土地カテゴリ（建物表記なし）,沼津市志下551-1,1000,378.6,8.7,1500,田,市街化調整区域,,△,市街化調整区域は原則新築不可・許可要件次第＝本命候補,,2026-06-14,関心:調整区域/無指定,https://akiya-bank.shizuoka.fudohsan.jp/%E7%89%A9%E4%BB%B6/88488/settle/1,適合
空き家バンクしずおか 沼津市,沼津市,更地,土地カテゴリ（建物表記なし）,沼津市高島町22－18,1350,49.1,90.9,1500,田,市街化区域,,△,市街化区域だが接道幅員が不明。新築可否は接道要確認,,2026-06-14,,https://akiya-bank.shizuoka.fudohsan.jp/%E7%89%A9%E4%BB%B6/118917/settle/1,不適合
空き家バンクしずおか 沼津市,沼津市,古家付き土地,土地＋古家/上物の表記,沼津市下香貫,1480,281.8,17.4,1500,宅地,市街化区域,,不明,接道・区分情報なし。建物ありだが現行法での再建築可否は役場で要確認,,2026-06-14,,https://akiya-bank.shizuoka.fudohsan.jp/%E7%89%A9%E4%BB%B6/167912/settle/1,不適合
空き家バンクしずおか 沼津市,沼津市,空き家,掲載に空き家表記,沼津市下河原町１丁目,1380,58.4,78.1,3000,田,市街化区域,,不明,接道・区分情報なし。建物ありだが現行法での再建築可否は役場で要確認,,2026-06-21,,https://akiya-bank.shizuoka.fudohsan.jp/%E7%89%A9%E4%BB%B6/169093/settle/1,不適合
空き家バンクしずおか 沼津市,沼津市,古家付き土地,土地＋古家/上物の表記,沼津市鳥谷,1000,446.3,7.4,1500,田,市街化区域,,不明,接道・区分情報なし。建物ありだが現行法での再建築可否は役場で要確認,,2026-06-21,,https://akiya-bank.shizuoka.fudohsan.jp/%E7%89%A9%E4%BB%B6/170967/settle/1,適合
空き家バンクしずおか 沼津市,沼津市,更地,土地カテゴリ（建物表記なし）,沼津市足高,900,184.8,16.1,1500,田,市街化区域,,△,市街化区域だが接道幅員が不明。新築可否は接道要確認,,2026-06-21,,https://akiya-bank.shizuoka.fudohsan.jp/%E7%89%A9%E4%BB%B6/173984/settle/1,不適合
空き家バンクしずおか 沼津市,沼津市,更地,土地カテゴリ（建物表記なし）,沼津市原町中１丁目5-14,750,128.0,19.4,1500,田,市街化区域,,△,市街化区域だが接道幅員が不明。新築可否は接道要確認,,2026-06-21,,https://akiya-bank.shizuoka.fudohsan.jp/%E7%89%A9%E4%BB%B6/152698/settle/1,不適合
空き家バンクしずおか 沼津市,沼津市,更地,土地カテゴリ（建物表記なし）,沼津市今沢689-39,1100,193.2,18.8,1500,田,市街化区域,,△,市街化区域だが接道幅員が不明。新築可否は接道要確認,,2026-06-21,,https://akiya-bank.shizuoka.fudohsan.jp/%E7%89%A9%E4%BB%B6/153833/settle/1,不適合
空き家バンクしずおか 沼津市,沼津市,空き家,掲載に空き家表記,沼津市上土町,1980,71.2,91.9,3000,田,—,,不明,接道・区分情報なし。建物ありだが現行法での再建築可否は役場で要確認,,2026-06-21,注意:管理費,https://akiya-bank.shizuoka.fudohsan.jp/%E7%89%A9%E4%BB%B6/166745/settle/1,不適合
空き家バンクしずおか 沼津市,沼津市,古家付き土地,土地＋古家/上物の表記,沼津市下香貫藤井原,880,107.4,27.1,1500,田,市街化区域,,不明,接道・区分情報なし。建物ありだが現行法での再建築可否は役場で要確認,,2026-06-21,,https://akiya-bank.shizuoka.fudohsan.jp/%E7%89%A9%E4%BB%B6/159854/settle/1,不適合
空き家バンクしずおか 沼津市,沼津市,更地,土地カテゴリ（建物表記なし）,沼津市本郷町8-12　(1)号地,1300,158.9,27.0,1500,宅地,市街化区域,,△,市街化区域だが接道幅員が不明。新築可否は接道要確認,,2026-06-21,,https://akiya-bank.shizuoka.fudohsan.jp/%E7%89%A9%E4%BB%B6/169697/settle/1,不適合
空き家バンクしずおか 沼津市,沼津市,空き家,掲載に空き家表記,沼津市大岡,2180,240.5,30.0,3000,田,市街化区域,,不明,接道・区分情報なし。建物ありだが現行法での再建築可否は役場で要確認,,2026-06-21,,https://akiya-bank.shizuoka.fudohsan.jp/%E7%89%A9%E4%BB%B6/173874/settle/1,不適合
空き家バンクしずおか 沼津市,沼津市,古家付き土地,土地＋古家/上物の表記,沼津市下香貫八重,990,147.6,22.2,1500,宅地,市街化区域,,不明,接道・区分情報なし。建物ありだが現行法での再建築可否は役場で要確認,,2026-06-21,,https://akiya-bank.shizuoka.fudohsan.jp/%E7%89%A9%E4%BB%B6/173873/settle/1,不適合
空き家バンクしずおか 沼津市,沼津市,空き家,掲載に空き家表記,沼津市岡宮,1980,122.3,53.5,3000,田,市街化区域,,不明,接道・区分情報なし。建物ありだが現行法での再建築可否は役場で要確認,,2026-06-21,,https://akiya-bank.shizuoka.fudohsan.jp/%E7%89%A9%E4%BB%B6/173849/settle/1,不適合
空き家バンクしずおか 沼津市,沼津市,更地,土地カテゴリ（建物表記なし）,沼津市西熊堂,760,95.0,26.4,1500,田,市街化区域,,△,市街化区域だが接道幅員が不明。新築可否は接道要確認,,2026-06-21,,https://akiya-bank.shizuoka.fudohsan.jp/%E7%89%A9%E4%BB%B6/160049/settle/1,不適合
空き家バンクしずおか 沼津市,沼津市,古家付き土地,土地＋古家/上物の表記,沼津市大諏訪747-6,950,132.2,23.8,1500,田,市街化区域,,不明,接道・区分情報なし。建物ありだが現行法での再建築可否は役場で要確認,,2026-06-21,,https://akiya-bank.shizuoka.fudohsan.jp/%E7%89%A9%E4%BB%B6/148690/settle/1,不適合
空き家バンクしずおか 沼津市,沼津市,空き家,掲載に空き家表記,沼津市白銀町,4180,100.1,138.0,3000,田,市街化区域,,不明,接道・区分情報なし。建物ありだが現行法での再建築可否は役場で要確認,,2026-06-21,,https://akiya-bank.shizuoka.fudohsan.jp/%E7%89%A9%E4%BB%B6/168204/settle/1,不適合
空き家バンクしずおか 沼津市,沼津市,更地,土地カテゴリ（建物表記なし）,沼津市本字千本郷林,1330,284.8,15.4,1500,田,市街化区域,,△,市街化区域だが接道幅員が不明。新築可否は接道要確認,,2026-06-21,,https://akiya-bank.shizuoka.fudohsan.jp/%E7%89%A9%E4%BB%B6/171132/settle/1,不適合
空き家バンクしずおか 沼津市,沼津市,更地,土地カテゴリ（建物表記なし）,沼津市新沢田町8-22,2580,136.8,62.3,1500,田,市街化区域,,△,市街化区域だが接道幅員が不明。新築可否は接道要確認,,2026-06-21,,https://akiya-bank.shizuoka.fudohsan.jp/%E7%89%A9%E4%BB%B6/153203/settle/1,不適合
空き家バンクしずおか 沼津市,沼津市,古家付き土地,土地＋古家/上物の表記,沼津市住吉町1－8,1000,127.3,26.0,1500,宅地,市街化区域,,不明,接道・区分情報なし。建物ありだが現行法での再建築可否は役場で要確認,,2026-06-21,,https://akiya-bank.shizuoka.fudohsan.jp/%E7%89%A9%E4%BB%B6/146838/settle/1,不適合
空き家バンクしずおか 沼津市,沼津市,空き家,掲載に空き家表記,沼津市吉田町,650,66.8,32.2,3000,田,—,,不明,接道・区分情報なし。建物ありだが現行法での再建築可否は役場で要確認,,2026-06-21,注意:管理費,https://akiya-bank.shizuoka.fudohsan.jp/%E7%89%A9%E4%BB%B6/168539/settle/1,不適合
空き家バンクしずおか 沼津市,沼津市,更地,土地カテゴリ（建物表記なし）,沼津市上香貫宮原町1529-1,2308,399.9,19.1,1500,宅地,市街化区域,,△,市街化区域だが接道幅員が不明。新築可否は接道要確認,,2026-06-21,,https://akiya-bank.shizuoka.fudohsan.jp/%E7%89%A9%E4%BB%B6/139081/settle/1,不適合
空き家バンクしずおか 沼津市,沼津市,古家付き土地,土地＋古家/上物の表記,沼津市千本中町26,780,387.9,6.6,1500,田,市街化区域,,不明,接道・区分情報なし。建物ありだが現行法での再建築可否は役場で要確認,,2026-06-21,,https://akiya-bank.shizuoka.fudohsan.jp/%E7%89%A9%E4%BB%B6/165752/settle/1,適合
空き家バンクしずおか 沼津市,沼津市,古家付き土地,土地＋古家/上物の表記,沼津市戸田,180,84.6,7.0,1500,田,—,,不明,接道・区分情報なし。建物ありだが現行法での再建築可否は役場で要確認,,2026-06-21,関心:無指定,https://akiya-bank.shizuoka.fudohsan.jp/%E7%89%A9%E4%BB%B6/140937/settle/1,不適合
空き家バンクしずおか 沼津市,沼津市,古家付き土地,土地＋古家/上物の表記,沼津市五月町1-16,1250,138.0,29.9,1500,田,市街化区域,,不明,接道・区分情報なし。建物ありだが現行法での再建築可否は役場で要確認,,2026-06-21,,https://akiya-bank.shizuoka.fudohsan.jp/%E7%89%A9%E4%BB%B6/152722/settle/1,不適合
空き家バンクしずおか 沼津市,沼津市,空き家,掲載に空き家表記,沼津市平町,980,52.8,61.4,3000,田,—,,不明,接道・区分情報なし。建物ありだが現行法での再建築可否は役場で要確認,,2026-06-21,注意:管理費,https://akiya-bank.shizuoka.fudohsan.jp/%E7%89%A9%E4%BB%B6/173390/settle/1,不適合
空き家バンクしずおか 沼津市,沼津市,更地,土地カテゴリ（建物表記なし）,沼津市江原町,6700,409.6,54.1,1500,田,市街化区域,,△,市街化区域だが接道幅員が不明。新築可否は接道要確認,,2026-06-21,,https://akiya-bank.shizuoka.fudohsan.jp/%E7%89%A9%E4%BB%B6/160881/settle/1,不適合
空き家バンクしずおか 沼津市,沼津市,更地,土地カテゴリ（建物表記なし）,沼津市西島町1111-6,1200,184.0,21.6,1500,田,市街化区域,,△,市街化区域だが接道幅員が不明。新築可否は接道要確認,,2026-06-21,,https://akiya-bank.shizuoka.fudohsan.jp/%E7%89%A9%E4%BB%B6/34387/settle/1,不適合
空き家バンクしずおか 沼津市,沼津市,古家付き土地,土地＋古家/上物の表記,沼津市庄栄町,2300,164.8,46.1,1500,田,市街化区域,,不明,接道・区分情報なし。建物ありだが現行法での再建築可否は役場で要確認,,2026-06-21,,https://akiya-bank.shizuoka.fudohsan.jp/%E7%89%A9%E4%BB%B6/161703/settle/1,不適合
空き家バンクしずおか 沼津市,沼津市,更地,土地カテゴリ（建物表記なし）,沼津市若葉町,2800,219.8,42.1,1500,田,市街化区域,,△,市街化区域だが接道幅員が不明。新築可否は接道要確認,,2026-06-21,,https://akiya-bank.shizuoka.fudohsan.jp/%E7%89%A9%E4%BB%B6/157909/settle/1,不適合
空き家バンクしずおか 沼津市,沼津市,更地,土地カテゴリ（建物表記なし）,沼津市岡宮1307-6　他2筆,2022,180.7,37.0,1500,宅地,市街化区域,,△,市街化区域だが接道幅員が不明。新築可否は接道要確認,,2026-06-21,,https://akiya-bank.shizuoka.fudohsan.jp/%E7%89%A9%E4%BB%B6/168203/settle/1,不適合
空き家バンクしずおか 沼津市,沼津市,更地,土地カテゴリ（建物表記なし）,沼津市下河原町２丁目,900,139.6,21.3,1500,田,市街化区域,,△,市街化区域だが接道幅員が不明。新築可否は接道要確認,,2026-06-21,,https://akiya-bank.shizuoka.fudohsan.jp/%E7%89%A9%E4%BB%B6/173240/settle/1,不適合
空き家バンクしずおか 沼津市,沼津市,空き家,掲載に空き家表記,沼津市大岡,3000,150.5,65.9,3000,田,市街化区域,,不明,接道・区分情報なし。建物ありだが現行法での再建築可否は役場で要確認,,2026-06-21,,https://akiya-bank.shizuoka.fudohsan.jp/%E7%89%A9%E4%BB%B6/172723/settle/1,不適合
空き家バンクしずおか 沼津市,沼津市,空き家,掲載に空き家表記,沼津市口野,490,115.2,14.1,3000,田,市街化調整区域,,△,調整区域の建替えは既存宅地要件等の確認が必要＝本命候補,,2026-06-21,関心:調整区域/無指定,https://akiya-bank.shizuoka.fudohsan.jp/%E7%89%A9%E4%BB%B6/167921/settle/1,不適合
空き家バンクしずおか 沼津市,沼津市,更地,土地カテゴリ（建物表記なし）,沼津市大塚531-7,780,183.4,14.1,1500,田,市街化区域,,△,市街化区域だが接道幅員が不明。新築可否は接道要確認,,2026-06-21,,https://akiya-bank.shizuoka.fudohsan.jp/%E7%89%A9%E4%BB%B6/154950/settle/1,不適合
空き家バンクしずおか 沼津市,沼津市,更地,土地カテゴリ（建物表記なし）,沼津市真砂町1-5,300,39.2,25.3,1500,田,市街化区域,,△,市街化区域だが接道幅員が不明。新築可否は接道要確認,,2026-06-21,,https://akiya-bank.shizuoka.fudohsan.jp/%E7%89%A9%E4%BB%B6/141530/settle/1,不適合
空き家バンクしずおか 沼津市,沼津市,更地,土地カテゴリ（建物表記なし）,沼津市西島町,1100,218.0,16.7,1500,田,市街化区域,,△,市街化区域だが接道幅員が不明。新築可否は接道要確認,,2026-06-21,,https://akiya-bank.shizuoka.fudohsan.jp/%E7%89%A9%E4%BB%B6/165457/settle/1,不適合
空き家バンクしずおか 沼津市,沼津市,古家付き土地,土地＋古家/上物の表記,沼津市西椎路,1200,237.7,16.7,1500,田,市街化調整区域,,△,調整区域の建替えは既存宅地要件等の確認が必要＝本命候補,,2026-06-21,関心:調整区域/無指定,https://akiya-bank.shizuoka.fudohsan.jp/%E7%89%A9%E4%BB%B6/172100/settle/1,不適合
空き家バンクしずおか 沼津市,沼津市,更地,土地カテゴリ（建物表記なし）,沼津市山王台,6500,596.5,36.0,1500,田,市街化区域,,△,市街化区域だが接道幅員が不明。新築可否は接道要確認,,2026-07-11,,https://akiya-bank.shizuoka.fudohsan.jp/%E7%89%A9%E4%BB%B6/164213/settle/1,不適合
空き家バンクしずおか 沼津市,沼津市,更地,土地カテゴリ（建物表記なし）,沼津市原,3000,825.5,12.0,1500,田,市街化調整区域,,△,市街化調整区域は原則新築不可・許可要件次第＝本命候補,,2026-07-11,関心:調整区域/無指定,https://akiya-bank.shizuoka.fudohsan.jp/%E7%89%A9%E4%BB%B6/151021/settle/1,不適合
空き家バンクしずおか 沼津市,沼津市,空き家,掲載に空き家表記,沼津市青野,830,311.4,8.8,3000,田,市街化調整区域,,△,調整区域の建替えは既存宅地要件等の確認が必要＝本命候補,,2026-07-11,関心:調整区域/無指定,https://akiya-bank.shizuoka.fudohsan.jp/%E7%89%A9%E4%BB%B6/171325/settle/1,不適合
空き家バンクしずおか 沼津市,沼津市,空き家,掲載に空き家表記,沼津市大岡,5000,1600.2,10.3,3000,田,市街化区域,,不明,接道・区分情報なし。建物ありだが現行法での再建築可否は役場で要確認,,2026-06-21,,https://akiya-bank.shizuoka.fudohsan.jp/%E7%89%A9%E4%BB%B6/162589/settle/1,不適合
空き家バンクしずおか 沼津市,沼津市,更地,土地カテゴリ（建物表記なし）,沼津市西熊堂,1830,169.5,35.7,1500,田,市街化区域,,△,市街化区域だが接道幅員が不明。新築可否は接道要確認,,2026-06-21,,https://akiya-bank.shizuoka.fudohsan.jp/%E7%89%A9%E4%BB%B6/167217/settle/1,不適合
空き家バンクしずおか 沼津市,沼津市,古家付き土地,土地＋古家/上物の表記,沼津市本字松下七反田,1080,237.6,15.0,1500,田,市街化区域,,不明,接道・区分情報なし。建物ありだが現行法での再建築可否は役場で要確認,,2026-06-21,,https://akiya-bank.shizuoka.fudohsan.jp/%E7%89%A9%E4%BB%B6/152384/settle/1,不適合
SUUMO 賃貸 八頭郡（若桜/智頭/八頭）,八頭町,賃貸アパート,賃貸カテゴリ（掲載種別）,鳥取県八頭郡八頭町郡家,4.35,49.2,,5,—,—,,—,賃貸のため対象外,,2026-07-24,,https://suumo.jp/chintai/jnc_000108196126/,適合
SUUMO 賃貸 八頭郡（若桜/智頭/八頭）,智頭町,賃貸アパート,賃貸カテゴリ（掲載種別）,鳥取県八頭郡智頭町大字智頭,4.9,57.6,,5,—,—,,—,賃貸のため対象外,,2026-07-24,,https://suumo.jp/chintai/jnc_000108737342/,適合
SUUMO 賃貸 八頭郡（若桜/智頭/八頭）,八頭町,賃貸アパート,賃貸カテゴリ（掲載種別）,鳥取県八頭郡八頭町下門尾,4.5,51.7,,5,—,—,,—,賃貸のため対象外,,2026-07-24,,https://suumo.jp/chintai/jnc_000107352749/,適合
SUUMO 賃貸 八頭郡（若桜/智頭/八頭）,八頭町,賃貸アパート,賃貸カテゴリ（掲載種別）,鳥取県八頭郡八頭町郡家,4.0,40.3,,5,—,—,,—,賃貸のため対象外,,2026-07-24,,https://suumo.jp/chintai/jnc_000108122691/,適合
SUUMO 賃貸 八頭郡（若桜/智頭/八頭）,八頭町,賃貸マンション,賃貸カテゴリ（掲載種別）,鳥取県八頭郡八頭町稲荷,4.7,51.3,,5,—,—,,—,賃貸のため対象外,,2026-07-24,,https://suumo.jp/chintai/jnc_000047468104/,適合
SUUMO 賃貸 八頭郡（若桜/智頭/八頭）,八頭町,賃貸アパート,賃貸カテゴリ（掲載種別）,鳥取県八頭郡八頭町郡家,5.9,59.2,,5,—,—,,—,賃貸のため対象外,,2026-07-24,,https://suumo.jp/chintai/jnc_000089835681/,不適合
SUUMO 賃貸 八頭郡（若桜/智頭/八頭）,八頭町,賃貸アパート,賃貸カテゴリ（掲載種別）,鳥取県八頭郡八頭町郡家,4.0,40.3,,5,—,—,,—,賃貸のため対象外,,2026-07-24,,https://suumo.jp/chintai/jnc_000108068299/,適合
SUUMO 賃貸 八頭郡（若桜/智頭/八頭）,八頭町,賃貸アパート,賃貸カテゴリ（掲載種別）,鳥取県八頭郡八頭町下門尾,5.2,44.7,,5,—,—,,—,賃貸のため対象外,,2026-07-24,,https://suumo.jp/chintai/jnc_000107954033/,不適合
SUUMO 賃貸 八頭郡（若桜/智頭/八頭）,八頭町,賃貸マンション,賃貸カテゴリ（掲載種別）,鳥取県八頭郡八頭町宮谷,4.7,62.0,,5,—,—,,—,賃貸のため対象外,,2026-07-24,,https://suumo.jp/chintai/jnc_000021851833/,適合
LIFULL 土地 清水町,,更地,土地カテゴリ（建物表記なし）,【ダイワハウス】セキュレア清水堂庭(建築条件付宅地分譲),2680,165.6,53.5,1500,宅地,—,,不明,接道・区分情報なし、詳細/役場で要確認,,2026-06-19,,https://www.homes.co.jp/tochi/b-17000130016151/,不適合
LIFULL 土地 清水町,清水町,更地,土地カテゴリ（建物表記なし）,駿東郡清水町徳倉 (東海バス　徳倉),1709,,,1500,—,—,,不明,接道・区分情報なし、詳細/役場で要確認,,2026-06-19,,https://www.homes.co.jp/tochi/b-33330170000009/,数値不明
LIFULL 土地 清水町,清水町,更地,土地カテゴリ（建物表記なし）,駿東郡清水町徳倉 (沼津駅),1280,,,1500,—,—,,不明,接道・区分情報なし、詳細/役場で要確認,,2026-06-19,,https://www.homes.co.jp/tochi/b-33328200000946/,数値不明
LIFULL 土地 清水町,清水町,古家付き土地,土地＋古家/上物の表記,駿東郡清水町伏見 (三島広小路駅),1780,,,1500,—,—,,不明,接道・区分情報なし。建物ありだが現行法での再建築可否は役場で要確認,,2026-06-19,,https://www.homes.co.jp/tochi/b-33326400000175/,数値不明
LIFULL 土地 清水町,清水町,古家付き土地,土地＋古家/上物の表記,駿東郡清水町堂庭 (三島駅),3080,,,1500,—,—,,不明,接道・区分情報なし。建物ありだが現行法での再建築可否は役場で要確認,,2026-06-19,,https://www.homes.co.jp/tochi/b-33301270000111/,数値不明
LIFULL 土地 清水町,清水町,古家付き土地,土地＋古家/上物の表記,駿東郡清水町徳倉 (沼津駅),950,,,1500,—,—,,不明,接道・区分情報なし。建物ありだが現行法での再建築可否は役場で要確認,,2026-06-19,,https://www.homes.co.jp/tochi/b-1468010001080/,数値不明
LIFULL 土地 清水町,清水町,古家付き土地,土地＋古家/上物の表記,駿東郡清水町湯川 (三島駅),1840,,,1500,—,—,,不明,接道・区分情報なし。建物ありだが現行法での再建築可否は役場で要確認,,2026-06-19,,https://www.homes.co.jp/tochi/b-1265050002601/,数値不明
LIFULL 土地 清水町,清水町,更地,土地カテゴリ（建物表記なし）,駿東郡清水町徳倉 (沼津駅),540,,,1500,田,—,,×,掲載に再建築不可の表記（新規建築不可）,,2026-06-23,,https://www.homes.co.jp/tochi/b-33328870000162/,数値不明
LIFULL 土地 清水町,清水町,古家付き土地,土地＋古家/上物の表記,駿東郡清水町徳倉 (三島二日町駅),1390,,,1500,—,—,,不明,接道・区分情報なし。建物ありだが現行法での再建築可否は役場で要確認,,2026-06-19,,https://www.homes.co.jp/tochi/b-1265050002460/,数値不明
LIFULL 土地 清水町,清水町,古家付き土地,土地＋古家/上物の表記,駿東郡清水町長沢 (大岡駅),700,,,1500,—,—,,不明,接道・区分情報なし。建物ありだが現行法での再建築可否は役場で要確認,,2026-06-19,,https://www.homes.co.jp/tochi/b-1500050000474/,数値不明
LIFULL 土地 清水町,清水町,古家付き土地,土地＋古家/上物の表記,駿東郡清水町徳倉 (伊豆仁田駅),1580,,,1500,田,—,,不明,接道・区分情報なし。建物ありだが現行法での再建築可否は役場で要確認,,2026-07-10,,https://www.homes.co.jp/tochi/b-1500050000679/,数値不明
LIFULL 土地 清水町,清水町,古家付き土地,土地＋古家/上物の表記,駿東郡清水町徳倉 (大場駅),1390,,,1500,—,—,,不明,接道・区分情報なし。建物ありだが現行法での再建築可否は役場で要確認,,2026-06-19,,https://www.homes.co.jp/tochi/b-1500050000401/,数値不明
LIFULL 土地 清水町,清水町,古家付き土地,土地＋古家/上物の表記,駿東郡清水町徳倉 (三島駅),1980,,,1500,—,—,,不明,接道・区分情報なし。建物ありだが現行法での再建築可否は役場で要確認,,2026-06-19,,https://www.homes.co.jp/tochi/b-1265050002603/,数値不明
LIFULL 土地 清水町,清水町,更地,土地カテゴリ（建物表記なし）,駿東郡清水町玉川 (三島駅),1980,,,1500,田,—,,不明,接道・区分情報なし、詳細/役場で要確認,,2026-06-19,,https://www.homes.co.jp/tochi/b-1265050002393/,数値不明
LIFULL 土地 清水町,清水町,古家付き土地,土地＋古家/上物の表記,駿東郡清水町徳倉 (沼津駅),1320,,,1500,田,—,,不明,接道・区分情報なし。建物ありだが現行法での再建築可否は役場で要確認,,2026-06-19,,https://www.homes.co.jp/tochi/b-1540930000242/,数値不明
LIFULL 土地 清水町,清水町,更地,土地カテゴリ（建物表記なし）,駿東郡清水町長沢 (大岡駅),1400,,,1500,宅地,—,,不明,接道・区分情報なし、詳細/役場で要確認,,2026-06-19,,https://www.homes.co.jp/tochi/b-1540930000038/,数値不明
LIFULL 土地 清水町,清水町,更地,土地カテゴリ（建物表記なし）,駿東郡清水町徳倉 (沼津駅),1490,,,1500,宅地,—,,不明,接道・区分情報なし、詳細/役場で要確認,,2026-06-19,,https://www.homes.co.jp/tochi/b-1316560004612/,数値不明
LIFULL 土地 清水町,清水町,更地,土地カテゴリ（建物表記なし）,駿東郡清水町徳倉 (沼津駅),1490,,,1500,宅地,—,,不明,接道・区分情報なし、詳細/役場で要確認,,2026-06-19,,https://www.homes.co.jp/tochi/b-1316560004611/,数値不明
LIFULL 土地 清水町,清水町,更地,土地カテゴリ（建物表記なし）,駿東郡清水町長沢 (大岡駅),1680,,,1500,宅地,—,,不明,接道・区分情報なし、詳細/役場で要確認,,2026-06-19,,https://www.homes.co.jp/tochi/b-1540930000037/,数値不明
LIFULL 土地 清水町,清水町,更地,土地カテゴリ（建物表記なし）,駿東郡清水町徳倉 (沼津駅),2200,,,1500,田,—,,不明,接道・区分情報なし、詳細/役場で要確認,,2026-06-19,,https://www.homes.co.jp/tochi/b-1540930000262/,数値不明
LIFULL 土地 清水町,清水町,更地,土地カテゴリ（建物表記なし）,駿東郡清水町徳倉 (沼津駅),1490,,,1500,田,—,,不明,接道・区分情報なし、詳細/役場で要確認,,2026-06-19,,https://www.homes.co.jp/tochi/b-1540930000043/,数値不明
LIFULL 土地 清水町,清水町,更地,土地カテゴリ（建物表記なし）,駿東郡清水町新宿,4380,,,1500,—,—,,不明,接道・区分情報なし、詳細/役場で要確認,,2026-06-19,,https://www.homes.co.jp/tochi/b-1571200000005/,数値不明
LIFULL 土地 清水町,清水町,古家付き土地,土地＋古家/上物の表記,駿東郡清水町湯川 (三島駅),1980,,,1500,—,—,,不明,接道・区分情報なし。建物ありだが現行法での再建築可否は役場で要確認,,2026-06-19,,https://www.homes.co.jp/tochi/b-33323360000951/,数値不明
LIFULL 土地 清水町,清水町,古家付き土地,土地＋古家/上物の表記,駿東郡清水町徳倉 (沼津駅),1280,,,1500,—,—,,不明,接道・区分情報なし。建物ありだが現行法での再建築可否は役場で要確認,,2026-06-19,,https://www.homes.co.jp/tochi/b-33323360001067/,数値不明
LIFULL 土地 清水町,清水町,更地,土地カテゴリ（建物表記なし）,駿東郡清水町伏見 (三島広小路駅),2700,,,1500,—,—,,不明,接道・区分情報なし、詳細/役場で要確認,,2026-06-19,,https://www.homes.co.jp/tochi/b-33320560000011/,数値不明
LIFULL 土地 清水町,清水町,更地,土地カテゴリ（建物表記なし）,駿東郡清水町徳倉 (沼津駅),2400,,,1500,—,—,,不明,接道・区分情報なし、詳細/役場で要確認,,2026-06-19,,https://www.homes.co.jp/tochi/b-33323360000936/,数値不明
LIFULL 土地 清水町,清水町,更地,土地カテゴリ（建物表記なし）,駿東郡清水町伏見 (三島広小路駅),11500,,,1500,田,—,接道面広々♪ ☆買い物便利な,不明,接道・区分情報なし、詳細/役場で要確認,,2026-07-21,,https://www.homes.co.jp/tochi/b-33327210001565/,数値不明
LIFULL 土地 清水町,清水町,更地,土地カテゴリ（建物表記なし）,駿東郡清水町徳倉 (三島駅),8000,,,1500,—,—,,不明,接道・区分情報なし、詳細/役場で要確認,,2026-06-19,,https://www.homes.co.jp/tochi/b-33307030000212/,数値不明
SUUMO 土地 伊豆市,伊豆市,更地,土地カテゴリ（建物表記なし）,静岡県伊豆市湯ケ島,300,414.5,2.4,3000,—,—,,不明,接道・区分情報なし、詳細/役場で要確認,,2026-07-12,,https://suumo.jp/tochi/shizuoka/sc_izu/nc_20839983/,不適合
SUUMO 土地 伊豆市,伊豆市,更地,土地カテゴリ（建物表記なし）,静岡県伊豆市柏久保,730,153.4,15.7,3000,—,—,,不明,接道・区分情報なし、詳細/役場で要確認,,2026-07-12,,https://suumo.jp/tochi/shizuoka/sc_izu/nc_79002295/,不適合
SUUMO 土地 伊豆市,伊豆市,更地,土地カテゴリ（建物表記なし）,静岡県伊豆市柏久保,780,196.5,13.1,3000,—,—,,不明,接道・区分情報なし、詳細/役場で要確認,,2026-07-12,,https://suumo.jp/tochi/shizuoka/sc_izu/nc_78841131/,不適合
SUUMO 土地 伊豆市,伊豆市,更地,土地カテゴリ（建物表記なし）,静岡県伊豆市柏久保,900,257.2,11.6,3000,—,—,,不明,接道・区分情報なし、詳細/役場で要確認,,2026-07-12,,https://suumo.jp/tochi/shizuoka/sc_izu/nc_20069830/,不適合
SUUMO 土地 伊豆市,伊豆市,更地,土地カテゴリ（建物表記なし）,静岡県伊豆市牧之郷,970,188.2,17.0,3000,—,—,,不明,接道・区分情報なし、詳細/役場で要確認,,2026-07-12,,https://suumo.jp/tochi/shizuoka/sc_izu/nc_20748163/,不適合
SUUMO 土地 伊豆市,伊豆市,更地,土地カテゴリ（建物表記なし）,静岡県伊豆市修善寺,1080,217.0,16.5,3000,—,—,,不明,接道・区分情報なし、詳細/役場で要確認,,2026-07-12,,https://suumo.jp/tochi/shizuoka/sc_izu/nc_76312170/,不適合
SUUMO 土地 伊豆市,伊豆市,更地,土地カテゴリ（建物表記なし）,静岡県伊豆市下白岩,1200,670.4,5.9,3000,宅地,—,,不明,接道・区分情報なし、詳細/役場で要確認,,2026-07-12,注意:温泉,https://suumo.jp/tochi/shizuoka/sc_izu/nc_76850124/,不適合
SUUMO 土地 伊豆市,伊豆市,更地,土地カテゴリ（建物表記なし）,静岡県伊豆市熊坂,3685,1015.1,12.0,3000,—,—,,不明,接道・区分情報なし、詳細/役場で要確認,,2026-07-12,,https://suumo.jp/tochi/shizuoka/sc_izu/nc_21208604/,不適合
SUUMO 賃貸 東伯郡（三朝/湯梨浜/琴浦/北栄）,湯梨浜町,賃貸アパート,賃貸カテゴリ（掲載種別）,鳥取県東伯郡湯梨浜町大字久留,4.6,48.3,,5,—,—,,—,賃貸のため対象外,,2026-07-24,,https://suumo.jp/chintai/jnc_000108744479/,適合
SUUMO 賃貸 東伯郡（三朝/湯梨浜/琴浦/北栄）,湯梨浜町,賃貸アパート,賃貸カテゴリ（掲載種別）,鳥取県東伯郡湯梨浜町大字久留,5.2,59.6,,5,—,—,,—,賃貸のため対象外,,2026-07-24,,https://suumo.jp/chintai/jnc_000108719911/,不適合
SUUMO 賃貸 東伯郡（三朝/湯梨浜/琴浦/北栄）,湯梨浜町,賃貸アパート,賃貸カテゴリ（掲載種別）,鳥取県東伯郡湯梨浜町大字下浅津,6.2,50.0,,5,—,—,,—,賃貸のため対象外,,2026-07-24,,https://suumo.jp/chintai/jnc_000108737343/,不適合
SUUMO 賃貸 東伯郡（三朝/湯梨浜/琴浦/北栄）,琴浦町,賃貸アパート,賃貸カテゴリ（掲載種別）,鳥取県東伯郡琴浦町大字赤碕,5.1,44.5,,5,—,—,,—,賃貸のため対象外,,2026-07-24,,https://suumo.jp/chintai/jnc_000083196065/,不適合
SUUMO 賃貸 東伯郡（三朝/湯梨浜/琴浦/北栄）,琴浦町,賃貸アパート,賃貸カテゴリ（掲載種別）,鳥取県東伯郡琴浦町大字赤碕,5.2,44.5,,5,—,—,,—,賃貸のため対象外,,2026-07-24,,https://suumo.jp/chintai/jnc_000108153730/,不適合
SUUMO 賃貸 東伯郡（三朝/湯梨浜/琴浦/北栄）,湯梨浜町,賃貸アパート,賃貸カテゴリ（掲載種別）,鳥取県東伯郡湯梨浜町はわい長瀬,5.7,50.1,,5,—,—,,—,賃貸のため対象外,,2026-07-24,,https://suumo.jp/chintai/jnc_000107614605/,不適合
SUUMO 賃貸 東伯郡（三朝/湯梨浜/琴浦/北栄）,湯梨浜町,賃貸アパート,賃貸カテゴリ（掲載種別）,鳥取県東伯郡湯梨浜町はわい長瀬,5.7,50.1,,5,—,—,,—,賃貸のため対象外,,2026-07-24,,https://suumo.jp/chintai/jnc_000106886553/,不適合
SUUMO 賃貸 東伯郡（三朝/湯梨浜/琴浦/北栄）,湯梨浜町,賃貸アパート,賃貸カテゴリ（掲載種別）,鳥取県東伯郡湯梨浜町はわい長瀬,6.55,58.6,,5,—,—,,—,賃貸のため対象外,,2026-07-24,,https://suumo.jp/chintai/jnc_000108196128/,不適合
SUUMO 賃貸 東伯郡（三朝/湯梨浜/琴浦/北栄）,湯梨浜町,賃貸アパート,賃貸カテゴリ（掲載種別）,鳥取県東伯郡湯梨浜町大字下浅津,5.1,50.0,,5,—,—,,—,賃貸のため対象外,,2026-07-24,,https://suumo.jp/chintai/jnc_000108051424/,不適合
SUUMO 賃貸 東伯郡（三朝/湯梨浜/琴浦/北栄）,湯梨浜町,賃貸アパート,賃貸カテゴリ（掲載種別）,鳥取県東伯郡湯梨浜町はわい長瀬,5.9,50.6,,5,—,—,,—,賃貸のため対象外,,2026-07-24,,https://suumo.jp/chintai/jnc_000107684150/,不適合
SUUMO 賃貸 東伯郡（三朝/湯梨浜/琴浦/北栄）,湯梨浜町,賃貸アパート,賃貸カテゴリ（掲載種別）,鳥取県東伯郡湯梨浜町大字田後,6.3,63.2,,5,田,—,,—,賃貸のため対象外,,2026-07-24,,https://suumo.jp/chintai/jnc_000108187167/,不適合
SUUMO 賃貸 東伯郡（三朝/湯梨浜/琴浦/北栄）,湯梨浜町,賃貸アパート,賃貸カテゴリ（掲載種別）,鳥取県東伯郡湯梨浜町大字田後,5.0,57.2,,5,田,—,,—,賃貸のため対象外,,2026-07-24,,https://suumo.jp/chintai/jnc_000107085397/,適合
SUUMO 賃貸 東伯郡（三朝/湯梨浜/琴浦/北栄）,湯梨浜町,賃貸アパート,賃貸カテゴリ（掲載種別）,鳥取県東伯郡湯梨浜町大字田後,5.5,53.0,,5,田,—,,—,賃貸のため対象外,,2026-07-24,,https://suumo.jp/chintai/jnc_000083462834/,不適合
SUUMO 賃貸 東伯郡（三朝/湯梨浜/琴浦/北栄）,湯梨浜町,賃貸アパート,賃貸カテゴリ（掲載種別）,鳥取県東伯郡湯梨浜町大字田後,5.8,54.0,,5,田,—,,—,賃貸のため対象外,,2026-07-24,,https://suumo.jp/chintai/jnc_000104344480/,不適合
SUUMO 賃貸 東伯郡（三朝/湯梨浜/琴浦/北栄）,湯梨浜町,賃貸アパート,賃貸カテゴリ（掲載種別）,鳥取県東伯郡湯梨浜町大字田後,5.8,54.0,,5,田,—,,—,賃貸のため対象外,,2026-07-24,,https://suumo.jp/chintai/jnc_000104083912/,不適合
SUUMO 賃貸 東伯郡（三朝/湯梨浜/琴浦/北栄）,湯梨浜町,賃貸アパート,賃貸カテゴリ（掲載種別）,鳥取県東伯郡湯梨浜町大字田後,6.0,54.0,,5,田,—,,—,賃貸のため対象外,,2026-07-24,,https://suumo.jp/chintai/jnc_000081579606/,不適合
SUUMO 賃貸 東伯郡（三朝/湯梨浜/琴浦/北栄）,北栄町,賃貸アパート,賃貸カテゴリ（掲載種別）,鳥取県東伯郡北栄町由良宿,6.45,62.8,,5,—,—,,—,賃貸のため対象外,,2026-07-24,,https://suumo.jp/chintai/jnc_000108153731/,不適合
SUUMO 賃貸 東伯郡（三朝/湯梨浜/琴浦/北栄）,湯梨浜町,賃貸アパート,賃貸カテゴリ（掲載種別）,鳥取県東伯郡湯梨浜町大字久留,4.55,54.8,,5,—,—,,—,賃貸のため対象外,,2026-07-24,,https://suumo.jp/chintai/jnc_000102114171/,適合
SUUMO 賃貸 東伯郡（三朝/湯梨浜/琴浦/北栄）,湯梨浜町,賃貸アパート,賃貸カテゴリ（掲載種別）,鳥取県東伯郡湯梨浜町大字門田,4.7,35.3,,5,田,—,,—,賃貸のため対象外,,2026-07-24,,https://suumo.jp/chintai/jnc_000108178997/,適合
SUUMO 賃貸 東伯郡（三朝/湯梨浜/琴浦/北栄）,湯梨浜町,賃貸アパート,賃貸カテゴリ（掲載種別）,鳥取県東伯郡湯梨浜町大字門田,4.9,35.3,,5,田,—,,—,賃貸のため対象外,,2026-07-24,,https://suumo.jp/chintai/jnc_000089406161/,適合
SUUMO 賃貸 東伯郡（三朝/湯梨浜/琴浦/北栄）,湯梨浜町,賃貸アパート,賃貸カテゴリ（掲載種別）,鳥取県東伯郡湯梨浜町はわい長瀬,4.5,43.8,,5,—,—,,—,賃貸のため対象外,,2026-07-24,,https://suumo.jp/chintai/jnc_000039579957/,適合
SUUMO 賃貸 東伯郡（三朝/湯梨浜/琴浦/北栄）,湯梨浜町,賃貸戸建,賃貸カテゴリ（掲載種別）,鳥取県東伯郡湯梨浜町大字田後,7.0,63.0,,5,田,—,,—,賃貸のため対象外,,2026-07-24,,https://suumo.jp/chintai/jnc_000108696707/,不適合
SUUMO 賃貸 東伯郡（三朝/湯梨浜/琴浦/北栄）,北栄町,賃貸アパート,賃貸カテゴリ（掲載種別）,鳥取県東伯郡北栄町由良宿,4.2,29.1,,5,—,—,,—,賃貸のため対象外,,2026-07-24,,https://suumo.jp/chintai/jnc_000108672453/,適合
SUUMO 賃貸 東伯郡（三朝/湯梨浜/琴浦/北栄）,三朝町,賃貸アパート,賃貸カテゴリ（掲載種別）,鳥取県東伯郡三朝町大字大瀬,5.1,65.0,,5,—,—,,—,賃貸のため対象外,,2026-07-24,,https://suumo.jp/chintai/jnc_000108237753/,不適合
SUUMO 賃貸 東伯郡（三朝/湯梨浜/琴浦/北栄）,三朝町,賃貸アパート,賃貸カテゴリ（掲載種別）,鳥取県東伯郡三朝町大字大瀬,5.2,64.0,,5,—,—,,—,賃貸のため対象外,,2026-07-24,,https://suumo.jp/chintai/jnc_000108237754/,不適合
SUUMO 賃貸 東伯郡（三朝/湯梨浜/琴浦/北栄）,北栄町,賃貸アパート,賃貸カテゴリ（掲載種別）,鳥取県東伯郡北栄町江北,5.5,57.3,,5,—,—,,—,賃貸のため対象外,,2026-07-24,,https://suumo.jp/chintai/jnc_000107405603/,不適合
SUUMO 賃貸 東伯郡（三朝/湯梨浜/琴浦/北栄）,湯梨浜町,賃貸アパート,賃貸カテゴリ（掲載種別）,鳥取県東伯郡湯梨浜町大字久留,5.2,59.6,,5,—,—,,—,賃貸のため対象外,,2026-07-24,,https://suumo.jp/chintai/jnc_000108737344/,不適合
SUUMO 賃貸 東伯郡（三朝/湯梨浜/琴浦/北栄）,北栄町,賃貸アパート,賃貸カテゴリ（掲載種別）,鳥取県東伯郡北栄町由良宿,5.7,59.2,,5,—,—,,—,賃貸のため対象外,,2026-07-24,,https://suumo.jp/chintai/jnc_000106237294/,不適合
SUUMO 賃貸 東伯郡（三朝/湯梨浜/琴浦/北栄）,湯梨浜町,賃貸アパート,賃貸カテゴリ（掲載種別）,鳥取県東伯郡湯梨浜町はわい長瀬,5.9,50.6,,5,—,—,,—,賃貸のため対象外,,2026-07-24,,https://suumo.jp/chintai/jnc_000107642286/?bc=100510268611,不適合
SUUMO 賃貸 東伯郡（三朝/湯梨浜/琴浦/北栄）,三朝町,賃貸アパート,賃貸カテゴリ（掲載種別）,鳥取県東伯郡三朝町大字大瀬,4.55,50.9,,5,—,—,,—,賃貸のため対象外,,2026-07-24,,https://suumo.jp/chintai/jnc_000108344469/?bc=100435742006,適合
SUUMO 賃貸 東伯郡（三朝/湯梨浜/琴浦/北栄）,湯梨浜町,賃貸戸建,賃貸カテゴリ（掲載種別）,鳥取県東伯郡湯梨浜町大字橋津,5.5,176.4,,5,—,—,,—,賃貸のため対象外,,2026-07-24,,https://suumo.jp/chintai/jnc_000106358884/?bc=100460784379,不適合
SUUMO 賃貸 東伯郡（三朝/湯梨浜/琴浦/北栄）,三朝町,賃貸マンション,賃貸カテゴリ（掲載種別）,鳥取県東伯郡三朝町大字砂原,3.62,53.1,,5,—,—,,—,賃貸のため対象外,,2026-07-24,,https://suumo.jp/chintai/jnc_000108187166/?bc=100513346314,適合
SUUMO 賃貸 東伯郡（三朝/湯梨浜/琴浦/北栄）,三朝町,賃貸マンション,賃貸カテゴリ（掲載種別）,鳥取県東伯郡三朝町大字砂原,4.15,53.1,,5,—,—,,—,賃貸のため対象外,,2026-07-24,,https://suumo.jp/chintai/jnc_000108196127/?bc=100472252565,適合
SUUMO 賃貸 東伯郡（三朝/湯梨浜/琴浦/北栄）,三朝町,賃貸マンション,賃貸カテゴリ（掲載種別）,鳥取県東伯郡三朝町大字砂原,4.22,53.1,,5,—,—,,—,賃貸のため対象外,,2026-07-24,,https://suumo.jp/chintai/jnc_000108187164/?bc=100513346325,適合
SUUMO 賃貸 東伯郡（三朝/湯梨浜/琴浦/北栄）,三朝町,賃貸マンション,賃貸カテゴリ（掲載種別）,鳥取県東伯郡三朝町大字砂原,4.22,53.1,,5,—,—,,—,賃貸のため対象外,,2026-07-24,,https://suumo.jp/chintai/jnc_000108187165/?bc=100502446272,適合
SUUMO 賃貸 東伯郡（三朝/湯梨浜/琴浦/北栄）,湯梨浜町,賃貸アパート,賃貸カテゴリ（掲載種別）,鳥取県東伯郡湯梨浜町大字田後,4.95,50.1,,5,田,—,,—,賃貸のため対象外,,2026-07-24,,https://suumo.jp/chintai/jnc_000108098795/?bc=100513838117,適合
SUUMO 賃貸 東伯郡（三朝/湯梨浜/琴浦/北栄）,北栄町,賃貸アパート,賃貸カテゴリ（掲載種別）,鳥取県東伯郡北栄町国坂,4.2,44.7,,5,—,—,,—,賃貸のため対象外,,2026-07-24,,https://suumo.jp/chintai/jnc_000108228447/?bc=100514914412,適合
SUUMO 賃貸 東伯郡（三朝/湯梨浜/琴浦/北栄）,湯梨浜町,賃貸アパート,賃貸カテゴリ（掲載種別）,鳥取県東伯郡湯梨浜町大字上浅津,5.0,54.8,,5,—,—,,—,賃貸のため対象外,,2026-07-24,,https://suumo.jp/chintai/jnc_000101743050/?bc=100389240188,適合
SUUMO 賃貸 東伯郡（三朝/湯梨浜/琴浦/北栄）,湯梨浜町,賃貸アパート,賃貸カテゴリ（掲載種別）,鳥取県東伯郡湯梨浜町はわい長瀬,3.9,44.8,,5,—,—,,—,賃貸のため対象外,,2026-07-24,,https://suumo.jp/chintai/jnc_000108337565/?bc=100507968321,適合
SUUMO 賃貸 東伯郡（三朝/湯梨浜/琴浦/北栄）,北栄町,賃貸アパート,賃貸カテゴリ（掲載種別）,鳥取県東伯郡北栄町国坂,4.6,35.0,,5,—,—,,—,賃貸のため対象外,,2026-07-24,,https://suumo.jp/chintai/jnc_000038346824/?bc=100497080329,適合
SUUMO 賃貸 東伯郡（三朝/湯梨浜/琴浦/北栄）,湯梨浜町,賃貸アパート,賃貸カテゴリ（掲載種別）,鳥取県東伯郡湯梨浜町大字はわい温泉,5.3,34.0,,5,—,—,,—,賃貸のため対象外,,2026-07-24,注意:温泉,https://suumo.jp/chintai/jnc_000095500951/?bc=100383026475,不適合
SUUMO 賃貸 東伯郡（三朝/湯梨浜/琴浦/北栄）,湯梨浜町,賃貸アパート,賃貸カテゴリ（掲載種別）,鳥取県東伯郡湯梨浜町大字久留,4.0,46.4,,5,—,—,,—,賃貸のため対象外,,2026-07-24,,https://suumo.jp/chintai/jnc_000086374480/?bc=100353004570,適合
SUUMO 賃貸 東伯郡（三朝/湯梨浜/琴浦/北栄）,北栄町,賃貸戸建,賃貸カテゴリ（掲載種別）,鳥取県東伯郡北栄町由良宿,6.2,215.0,,5,—,—,,—,賃貸のため対象外,,2026-07-24,,https://suumo.jp/chintai/jnc_000105052387/?bc=100490221771,不適合
SUUMO 賃貸 東伯郡（三朝/湯梨浜/琴浦/北栄）,琴浦町,賃貸戸建,賃貸カテゴリ（掲載種別）,鳥取県東伯郡琴浦町大字八橋,4.0,90.8,,5,—,—,,—,賃貸のため対象外,,2026-07-24,,https://suumo.jp/chintai/jnc_000108685716/?bc=100518132722,適合
SUUMO 賃貸 東伯郡（三朝/湯梨浜/琴浦/北栄）,湯梨浜町,賃貸アパート,賃貸カテゴリ（掲載種別）,鳥取県東伯郡湯梨浜町大字門田,3.9,26.5,,5,田,—,,—,賃貸のため対象外,,2026-07-24,,https://suumo.jp/chintai/jnc_000105840893/?bc=100248758601,適合
SUUMO 賃貸 東伯郡（三朝/湯梨浜/琴浦/北栄）,湯梨浜町,賃貸アパート,賃貸カテゴリ（掲載種別）,鳥取県東伯郡湯梨浜町大字上浅津,3.6,60.8,,5,—,—,,—,賃貸のため対象外,,2026-07-24,,https://suumo.jp/chintai/jnc_000078513470/?bc=100438467692,適合
SUUMO 賃貸 東伯郡（三朝/湯梨浜/琴浦/北栄）,北栄町,賃貸戸建,賃貸カテゴリ（掲載種別）,鳥取県東伯郡北栄町江北,3.5,55.2,,5,—,—,,—,賃貸のため対象外,,2026-07-24,,https://suumo.jp/chintai/jnc_000108122692/?bc=100504010311,適合
SUUMO 賃貸 東伯郡（三朝/湯梨浜/琴浦/北栄）,北栄町,賃貸アパート,賃貸カテゴリ（掲載種別）,鳥取県東伯郡北栄町国坂,3.5,39.7,,5,—,—,,—,賃貸のため対象外,,2026-07-24,,https://suumo.jp/chintai/jnc_000108043844/?bc=100506687620,適合
SUUMO 賃貸 東伯郡（三朝/湯梨浜/琴浦/北栄）,湯梨浜町,賃貸戸建,賃貸カテゴリ（掲載種別）,鳥取県東伯郡湯梨浜町大字門田,3.9,184.5,,5,田,—,,—,賃貸のため対象外,,2026-07-24,,https://suumo.jp/chintai/jnc_000101130531/?bc=100456982322,適合
SUUMO 賃貸 東伯郡（三朝/湯梨浜/琴浦/北栄）,北栄町,賃貸戸建,賃貸カテゴリ（掲載種別）,鳥取県東伯郡北栄町江北,12.0,105.3,,5,—,—,,—,賃貸のため対象外,,2026-07-24,,https://suumo.jp/chintai/jnc_000107758785/?bc=100510645262,不適合
SUUMO 賃貸 東伯郡（三朝/湯梨浜/琴浦/北栄）,湯梨浜町,賃貸アパート,賃貸カテゴリ（掲載種別）,鳥取県東伯郡湯梨浜町大字田後,5.8,55.3,,5,田,—,,—,賃貸のため対象外,,2026-07-24,,https://suumo.jp/chintai/jnc_000104879242/?bc=100475335002,不適合
SUUMO 賃貸 東伯郡（三朝/湯梨浜/琴浦/北栄）,三朝町,賃貸アパート,賃貸カテゴリ（掲載種別）,鳥取県東伯郡三朝町大字三朝,2.8,32.0,,5,—,—,,—,賃貸のため対象外,,2026-07-24,,https://suumo.jp/chintai/jnc_000107483573/?bc=100491682181,適合
SUUMO 賃貸 東伯郡（三朝/湯梨浜/琴浦/北栄）,三朝町,賃貸アパート,賃貸カテゴリ（掲載種別）,鳥取県東伯郡三朝町大字三朝,3.7,52.0,,5,—,—,,—,賃貸のため対象外,,2026-07-24,,https://suumo.jp/chintai/jnc_000107434387/?bc=100437767936,適合
SUUMO 賃貸 東伯郡（三朝/湯梨浜/琴浦/北栄）,湯梨浜町,賃貸アパート,賃貸カテゴリ（掲載種別）,鳥取県東伯郡湯梨浜町はわい長瀬,4.0,34.8,,5,—,—,,—,賃貸のため対象外,,2026-07-24,,https://suumo.jp/chintai/jnc_000106990040/?bc=100505503758,適合
SUUMO 賃貸 東伯郡（三朝/湯梨浜/琴浦/北栄）,三朝町,賃貸アパート,賃貸カテゴリ（掲載種別）,鳥取県東伯郡三朝町大字山田,3.2,30.4,,5,田,—,,—,賃貸のため対象外,,2026-07-24,,https://suumo.jp/chintai/jnc_000087965416/?bc=100362962408,適合
LIFULL 中古戸建 清水町,清水町,空き家,掲載に空き家表記,新築戸建　清水町長沢　Ｂ棟,2780,109.9,83.6,3000,—,—,,不明,接道・区分情報なし。建物ありだが現行法での再建築可否は役場で要確認,,2026-06-22,,https://www.homes.co.jp/kodate/b-1556780000001/,不適合
LIFULL 中古戸建 清水町,清水町,空き家,掲載に空き家表記,新築戸建　清水町長沢　Ａ棟,2780,117.7,78.1,3000,—,—,,不明,接道・区分情報なし。建物ありだが現行法での再建築可否は役場で要確認,,2026-06-22,,https://www.homes.co.jp/kodate/b-1556780000003/,不適合
LIFULL 中古戸建 清水町,清水町,中古戸建,中古戸建/住宅カテゴリ,清水町徳倉　中古戸建,2480,118.7,69.1,3000,田,—,,不明,接道・区分情報なし。建物ありだが現行法での再建築可否は役場で要確認,,2026-06-22,,https://www.homes.co.jp/kodate/b-1540930000260/,不適合
LIFULL 中古戸建 清水町,清水町,空き家,掲載に空き家表記,清水町徳倉中古住宅,2680,156.0,56.8,3000,—,—,,不明,接道・区分情報なし。建物ありだが現行法での再建築可否は役場で要確認,,2026-06-22,,https://www.homes.co.jp/kodate/b-1265050001059/,不適合
LIFULL 中古戸建 清水町,,空き家,掲載に空き家表記,JR東海道本線 沼津駅 バス16分 徳倉下車 徒歩3分,2100,198.9,34.9,3000,—,—,,不明,接道・区分情報なし。建物ありだが現行法での再建築可否は役場で要確認,,2026-06-22,,https://www.homes.co.jp/kodate/b-33330170000005/,不適合
LIFULL 中古戸建 清水町,清水町,空き家,掲載に空き家表記,清水町徳倉　中古戸建,2090,144.4,47.8,3000,—,—,,不明,接道・区分情報なし。建物ありだが現行法での再建築可否は役場で要確認,,2026-07-13,,https://www.homes.co.jp/kodate/b-1316560004990/,不適合
LIFULL 中古戸建 清水町,清水町,空き家,掲載に空き家表記,売中古戸建　清水町伏見,1980,165.3,39.6,3000,—,—,,不明,接道・区分情報なし。建物ありだが現行法での再建築可否は役場で要確認,,2026-06-22,,https://www.homes.co.jp/kodate/b-1500050000615/,不適合
LIFULL 中古戸建 清水町,清水町,空き家,掲載に空き家表記,駿東郡清水町徳倉　戸建て,1949,192.0,33.6,3000,—,—,,不明,接道・区分情報なし。建物ありだが現行法での再建築可否は役場で要確認,,2026-06-22,,https://www.homes.co.jp/kodate/b-1220300000695/,不適合
LIFULL 中古戸建 清水町,清水町,空き家,掲載に空き家表記,駿東郡清水町長沢　中古戸建,2380,127.6,61.7,3000,—,—,,不明,接道・区分情報なし。建物ありだが現行法での再建築可否は役場で要確認,,2026-06-22,,https://www.homes.co.jp/kodate/b-1490460002359/,不適合
LIFULL 中古戸建 清水町,清水町,中古戸建,中古戸建/住宅カテゴリ,清水町中徳倉中古住宅,1980,164.8,39.7,3000,—,—,,不明,接道・区分情報なし。建物ありだが現行法での再建築可否は役場で要確認,,2026-06-22,,https://www.homes.co.jp/kodate/b-1265050002628/,不適合
LIFULL 中古戸建 清水町,清水町,空き家,掲載に空き家表記,清水町徳倉中古住宅,1850,300.6,20.3,3000,—,—,,不明,接道・区分情報なし。建物ありだが現行法での再建築可否は役場で要確認,,2026-06-22,,https://www.homes.co.jp/kodate/b-1265050001723/,不適合
LIFULL 中古戸建 清水町,清水町,空き家,掲載に空き家表記,駿東郡清水町徳倉　中古一戸建て,1748,193.0,29.9,3000,—,—,,不明,接道・区分情報なし。建物ありだが現行法での再建築可否は役場で要確認,,2026-06-22,,https://www.homes.co.jp/kodate/b-1475010001709/,不適合
LIFULL 中古戸建 清水町,,中古戸建,中古戸建/住宅カテゴリ,JR東海道本線 三島駅 徒歩31分,3200,257.4,41.1,3000,—,—,,不明,接道・区分情報なし。建物ありだが現行法での再建築可否は役場で要確認,,2026-07-21,,https://www.homes.co.jp/kodate/b-33318050000135/,不適合
LIFULL 中古戸建 清水町,清水町,空き家,掲載に空き家表記,中古戸建　駿東郡清水町柿田382番13,2400,268.0,29.6,3000,田,—,,不明,接道・区分情報なし。建物ありだが現行法での再建築可否は役場で要確認,,2026-06-22,,https://www.homes.co.jp/kodate/b-1540930000268/,不適合
LIFULL 中古戸建 清水町,清水町,空き家,掲載に空き家表記,駿東郡清水町中徳倉　戸建て,2729,232.5,38.8,3000,—,—,,不明,接道・区分情報なし。建物ありだが現行法での再建築可否は役場で要確認,,2026-06-22,,https://www.homes.co.jp/kodate/b-1220300000696/,不適合
LIFULL 中古戸建 清水町,清水町,中古戸建,中古戸建/住宅カテゴリ,中古戸建  駿東郡清水町徳倉(平屋),1350,210.9,21.2,3000,田,—,,不明,接道・区分情報なし。建物ありだが現行法での再建築可否は役場で要確認,,2026-06-22,,https://www.homes.co.jp/kodate/b-1540930000149/,不適合
LIFULL 中古戸建 清水町,,空き家,掲載に空き家表記,JR東海道本線 沼津駅 5.3km,1980,567.1,11.5,3000,—,—,,不明,接道・区分情報なし。建物ありだが現行法での再建築可否は役場で要確認,,2026-06-22,,https://www.homes.co.jp/kodate/b-33307660000197/,適合
LIFULL 中古戸建 清水町,清水町,空き家,掲載に空き家表記,中古戸建  駿東郡清水町徳倉,635,101.0,20.8,3000,田,—,,不明,接道・区分情報なし。建物ありだが現行法での再建築可否は役場で要確認,,2026-06-22,,https://www.homes.co.jp/kodate/b-1540930000051/,不適合
LIFULL 中古戸建 清水町,清水町,中古戸建,中古戸建/住宅カテゴリ,静岡県駿東郡清水町徳倉　中古戸建,950,167.8,18.7,3000,—,—,,不明,接道・区分情報なし。建物ありだが現行法での再建築可否は役場で要確認,,2026-06-22,,https://www.homes.co.jp/kodate/b-1468010001081/,不適合
SUUMO 土地 熱海市,熱海市,更地,土地カテゴリ（建物表記なし）,静岡県熱海市下多賀,1680,385.3,14.4,3000,—,—,,不明,接道・区分情報なし、詳細/役場で要確認,,2026-07-14,,https://suumo.jp/tochi/shizuoka/sc_atami/nc_78503963/,不適合
SUUMO 土地 熱海市,熱海市,更地,土地カテゴリ（建物表記なし）,静岡県熱海市上多賀1065-1275　熱海自然郷初島台288,100,198.6,1.7,3000,—,—,,不明,接道・区分情報なし、詳細/役場で要確認,,2026-07-12,,https://suumo.jp/tochi/shizuoka/sc_atami/nc_95816245/,不適合
SUUMO 土地 熱海市,熱海市,更地,土地カテゴリ（建物表記なし）,静岡県熱海市下多賀,180,117.3,5.1,3000,—,—,,不明,接道・区分情報なし、詳細/役場で要確認,,2026-07-12,,https://suumo.jp/tochi/shizuoka/sc_atami/nc_78771144/,不適合
SUUMO 土地 熱海市,熱海市,更地,土地カテゴリ（建物表記なし）,静岡県熱海市上多賀,190,508.0,1.2,3000,—,—,,不明,接道・区分情報なし、詳細/役場で要確認,,2026-07-12,,https://suumo.jp/tochi/shizuoka/sc_atami/nc_91529468/,不適合
SUUMO 土地 熱海市,熱海市,更地,土地カテゴリ（建物表記なし）,静岡県熱海市上多賀1065-1467　熱海自然郷初島台289,200,295.6,2.2,3000,—,—,,不明,接道・区分情報なし、詳細/役場で要確認,,2026-07-12,,https://suumo.jp/tochi/shizuoka/sc_atami/nc_95816312/,不適合
SUUMO 土地 熱海市,熱海市,更地,土地カテゴリ（建物表記なし）,静岡県熱海市泉元宮上分,250,185.0,4.5,3000,—,—,,不明,接道・区分情報なし、詳細/役場で要確認,,2026-07-12,,https://suumo.jp/tochi/shizuoka/sc_atami/nc_76712265/,不適合
SUUMO 土地 熱海市,熱海市,更地,土地カテゴリ（建物表記なし）,静岡県熱海市上多賀,300,500.0,2.0,3000,—,—,,不明,接道・区分情報なし、詳細/役場で要確認,,2026-07-12,,https://suumo.jp/tochi/shizuoka/sc_atami/nc_81706953/,不適合
SUUMO 土地 熱海市,熱海市,更地,土地カテゴリ（建物表記なし）,静岡県熱海市上多賀,300,233.0,4.3,3000,—,—,,不明,接道・区分情報なし、詳細/役場で要確認,,2026-07-12,,https://suumo.jp/tochi/shizuoka/sc_atami/nc_20482670/,不適合
SUUMO 土地 熱海市,熱海市,更地,土地カテゴリ（建物表記なし）,静岡県熱海市下多賀,300,854.0,1.2,3000,—,—,,不明,接道・区分情報なし、詳細/役場で要確認,,2026-07-12,,https://suumo.jp/tochi/shizuoka/sc_atami/nc_76658805/,不適合
SUUMO 土地 熱海市,熱海市,更地,土地カテゴリ（建物表記なし）,静岡県熱海市山手町,400,235.9,5.6,3000,—,—,,不明,接道・区分情報なし、詳細/役場で要確認,,2026-07-24,,https://suumo.jp/tochi/shizuoka/sc_atami/nc_21357428/,不適合
SUUMO 土地 熱海市,熱海市,更地,土地カテゴリ（建物表記なし）,静岡県熱海市上多賀1065-1468 熱海自然郷初島台290,400,289.0,4.6,3000,—,—,,不明,接道・区分情報なし、詳細/役場で要確認,,2026-07-12,,https://suumo.jp/tochi/shizuoka/sc_atami/nc_94876086/,不適合
SUUMO 土地 熱海市,熱海市,更地,土地カテゴリ（建物表記なし）,静岡県熱海市緑ガ丘町28-16,480,635.1,2.5,3000,—,—,,不明,接道・区分情報なし、詳細/役場で要確認,,2026-07-12,,https://suumo.jp/tochi/shizuoka/sc_atami/nc_97183027/,不適合
SUUMO 土地 熱海市,熱海市,更地,土地カテゴリ（建物表記なし）,静岡県熱海市緑ガ丘町10-14の一部,550,96.9,18.8,3000,—,—,,不明,接道・区分情報なし、詳細/役場で要確認,,2026-07-12,,https://suumo.jp/tochi/shizuoka/sc_atami/nc_72261491/,不適合
SUUMO 土地 熱海市,熱海市,更地,土地カテゴリ（建物表記なし）,静岡県熱海市下多賀295-1,550,184.9,9.8,3000,宅地,—,,不明,接道・区分情報なし、詳細/役場で要確認,,2026-07-12,,https://suumo.jp/tochi/shizuoka/sc_atami/nc_78998581/,不適合
SUUMO 土地 熱海市,熱海市,更地,土地カテゴリ（建物表記なし）,静岡県熱海市西熱海町２-33,577,477.0,4.0,3000,—,—,,不明,接道・区分情報なし、詳細/役場で要確認,,2026-07-12,,https://suumo.jp/tochi/shizuoka/sc_atami/nc_77835632/,不適合
SUUMO 土地 熱海市,熱海市,更地,土地カテゴリ（建物表記なし）,静岡県熱海市上多賀,600,327.0,6.1,3000,—,—,,不明,接道・区分情報なし、詳細/役場で要確認,,2026-07-12,,https://suumo.jp/tochi/shizuoka/sc_atami/nc_73667845/,不適合
SUUMO 土地 熱海市,熱海市,更地,土地カテゴリ（建物表記なし）,静岡県熱海市網代211-1,630,112.4,18.5,3000,—,—,,不明,接道・区分情報なし、詳細/役場で要確認,,2026-07-12,注意:温泉,https://suumo.jp/tochi/shizuoka/sc_atami/nc_78912513/,不適合
SUUMO 土地 熱海市,熱海市,更地,土地カテゴリ（建物表記なし）,静岡県熱海市梅園町,680,293.0,7.7,3000,—,—,,不明,接道・区分情報なし、詳細/役場で要確認,,2026-07-12,注意:温泉,https://suumo.jp/tochi/shizuoka/sc_atami/nc_20801086/,不適合
SUUMO 土地 熱海市,熱海市,更地,土地カテゴリ（建物表記なし）,静岡県熱海市日金町,680,755.0,3.0,3000,—,—,,不明,接道・区分情報なし、詳細/役場で要確認,,2026-07-12,,https://suumo.jp/tochi/shizuoka/sc_atami/nc_86280123/,不適合
SUUMO 土地 熱海市,熱海市,更地,土地カテゴリ（建物表記なし）,静岡県熱海市下多賀,680,300.0,7.5,3000,—,—,,不明,接道・区分情報なし、詳細/役場で要確認,,2026-07-12,,https://suumo.jp/tochi/shizuoka/sc_atami/nc_76453610/,不適合
SUUMO 土地 熱海市,熱海市,更地,土地カテゴリ（建物表記なし）,静岡県熱海市林ガ丘町,700,367.6,6.3,3000,—,—,,不明,接道・区分情報なし、詳細/役場で要確認,,2026-07-12,,https://suumo.jp/tochi/shizuoka/sc_atami/nc_83908094/,不適合
SUUMO 土地 熱海市,熱海市,更地,土地カテゴリ（建物表記なし）,静岡県熱海市上多賀1065-1468,700,782.0,3.0,3000,—,—,,不明,接道・区分情報なし、詳細/役場で要確認,,2026-07-12,,https://suumo.jp/tochi/shizuoka/sc_atami/nc_96369801/,不適合
SUUMO 土地 熱海市,熱海市,更地,土地カテゴリ（建物表記なし）,静岡県熱海市下多賀,850,249.0,11.3,3000,—,—,,不明,接道・区分情報なし、詳細/役場で要確認,,2026-07-12,,https://suumo.jp/tochi/shizuoka/sc_atami/nc_78519532/,不適合
SUUMO 土地 熱海市,熱海市,更地,土地カテゴリ（建物表記なし）,静岡県熱海市伊豆山,850,507.0,5.5,3000,—,—,,不明,接道・区分情報なし、詳細/役場で要確認,,2026-07-12,,https://suumo.jp/tochi/shizuoka/sc_atami/nc_77771118/,不適合
SUUMO 土地 熱海市,熱海市,更地,土地カテゴリ（建物表記なし）,静岡県熱海市伊豆山,880,410.0,7.1,3000,—,—,,不明,接道・区分情報なし、詳細/役場で要確認,,2026-07-12,,https://suumo.jp/tochi/shizuoka/sc_atami/nc_91191475/,不適合
SUUMO 土地 熱海市,熱海市,更地,土地カテゴリ（建物表記なし）,静岡県熱海市泉,880,229.6,12.7,3000,—,—,,不明,接道・区分情報なし、詳細/役場で要確認,,2026-07-12,,https://suumo.jp/tochi/shizuoka/sc_atami/nc_78377781/,不適合
SUUMO 土地 熱海市,熱海市,更地,土地カテゴリ（建物表記なし）,静岡県熱海市上多賀765-1,930,152.9,20.1,3000,—,—,,不明,接道・区分情報なし、詳細/役場で要確認,,2026-07-12,,https://suumo.jp/tochi/shizuoka/sc_atami/nc_91955874/,不適合
SUUMO 土地 熱海市,熱海市,更地,土地カテゴリ（建物表記なし）,静岡県熱海市網代,980,331.9,9.8,3000,—,—,,不明,接道・区分情報なし、詳細/役場で要確認,,2026-07-12,,https://suumo.jp/tochi/shizuoka/sc_atami/nc_82452757/,不適合
SUUMO 土地 熱海市,熱海市,古家付き土地,土地＋古家/上物の表記,静岡県熱海市水口町２,980,505.8,6.4,3000,—,—,,不明,接道・区分情報なし。建物ありだが現行法での再建築可否は役場で要確認,,2026-07-14,,https://suumo.jp/tochi/shizuoka/sc_atami/nc_76994429/,不適合
SUUMO 土地 熱海市,熱海市,更地,土地カテゴリ（建物表記なし）,静岡県熱海市上多賀,980,648.0,5.0,3000,—,—,,不明,接道・区分情報なし、詳細/役場で要確認,,2026-07-12,,https://suumo.jp/tochi/shizuoka/sc_atami/nc_77237376/,不適合
SUUMO 土地 熱海市,熱海市,更地,土地カテゴリ（建物表記なし）,静岡県熱海市下多賀1714-44,980,317.0,10.2,3000,—,—,,不明,接道・区分情報なし、詳細/役場で要確認,,2026-07-12,,https://suumo.jp/tochi/shizuoka/sc_atami/nc_21080821/,不適合
SUUMO 土地 熱海市,熱海市,更地,土地カテゴリ（建物表記なし）,静岡県熱海市泉,980,3175.8,1.0,3000,—,—,,不明,接道・区分情報なし、詳細/役場で要確認,,2026-07-12,,https://suumo.jp/tochi/shizuoka/sc_atami/nc_80945041/,適合
SUUMO 土地 熱海市,熱海市,更地,土地カテゴリ（建物表記なし）,静岡県熱海市伊豆山,980,906.0,3.6,3000,—,—,,不明,接道・区分情報なし、詳細/役場で要確認,,2026-07-12,,https://suumo.jp/tochi/shizuoka/sc_atami/nc_96028955/,不適合
SUUMO 土地 熱海市,熱海市,更地,土地カテゴリ（建物表記なし）,静岡県熱海市西熱海町１,1000,619.6,5.3,3000,—,—,,不明,接道・区分情報なし、詳細/役場で要確認,,2026-07-12,,https://suumo.jp/tochi/shizuoka/sc_atami/nc_73824414/,不適合
SUUMO 土地 熱海市,熱海市,更地,土地カテゴリ（建物表記なし）,静岡県熱海市下多賀300-20,1100,338.2,10.8,3000,宅地,—,,不明,接道・区分情報なし、詳細/役場で要確認,,2026-07-12,,https://suumo.jp/tochi/shizuoka/sc_atami/nc_92188646/,不適合
SUUMO 土地 熱海市,熱海市,更地,土地カテゴリ（建物表記なし）,静岡県熱海市梅園町14,1180,581.9,6.7,3000,—,—,,不明,接道・区分情報なし、詳細/役場で要確認,,2026-07-12,注意:温泉,https://suumo.jp/tochi/shizuoka/sc_atami/nc_20303815/,不適合
SUUMO 土地 熱海市,熱海市,更地,土地カテゴリ（建物表記なし）,静岡県熱海市下多賀,1200,491.8,8.1,3000,—,—,,不明,接道・区分情報なし、詳細/役場で要確認,,2026-07-12,,https://suumo.jp/tochi/shizuoka/sc_atami/nc_20797038/,不適合
SUUMO 土地 熱海市,熱海市,更地,土地カテゴリ（建物表記なし）,静岡県熱海市桜町,1280,235.0,18.0,3000,—,—,接道道路より一段下がった平坦,不明,接道・区分情報なし、詳細/役場で要確認,,2026-07-12,,https://suumo.jp/tochi/shizuoka/sc_atami/nc_74480516/,不適合
SUUMO 土地 熱海市,熱海市,更地,土地カテゴリ（建物表記なし）,静岡県熱海市上多賀,1300,338.6,12.7,3000,—,—,,不明,接道・区分情報なし、詳細/役場で要確認,,2026-07-12,,https://suumo.jp/tochi/shizuoka/sc_atami/nc_78398607/,不適合
SUUMO 土地 熱海市,熱海市,更地,土地カテゴリ（建物表記なし）,静岡県熱海市上多賀479-1,1300,330.0,13.0,3000,—,—,,不明,接道・区分情報なし、詳細/役場で要確認,,2026-07-12,,https://suumo.jp/tochi/shizuoka/sc_atami/nc_78527799/,不適合
SUUMO 土地 熱海市,熱海市,更地,土地カテゴリ（建物表記なし）,静岡県熱海市上多賀,1500,1775.0,2.8,3000,—,—,,不明,接道・区分情報なし、詳細/役場で要確認,,2026-07-12,,https://suumo.jp/tochi/shizuoka/sc_atami/nc_74429020/,適合
SUUMO 土地 熱海市,熱海市,更地,土地カテゴリ（建物表記なし）,静岡県熱海市上多賀,1500,1775.0,2.8,3000,—,—,,不明,接道・区分情報なし、詳細/役場で要確認,,2026-07-12,,https://suumo.jp/tochi/shizuoka/sc_atami/nc_75275505/,適合
SUUMO 土地 熱海市,熱海市,更地,土地カテゴリ（建物表記なし）,静岡県熱海市下多賀,1580,223.5,23.4,3000,—,—,,不明,接道・区分情報なし、詳細/役場で要確認,,2026-07-14,,https://suumo.jp/tochi/shizuoka/sc_atami/nc_78503826/,不適合
SUUMO 土地 熱海市,熱海市,更地,土地カテゴリ（建物表記なし）,静岡県熱海市伊豆山,1960,334.6,19.4,3000,—,—,,不明,接道・区分情報なし、詳細/役場で要確認,,2026-07-12,,https://suumo.jp/tochi/shizuoka/sc_atami/nc_82861687/,不適合
SUUMO 土地 熱海市,熱海市,更地,土地カテゴリ（建物表記なし）,静岡県熱海市伊豆山,1980,337.8,19.4,3000,—,—,,不明,接道・区分情報なし、詳細/役場で要確認,,2026-07-12,,https://suumo.jp/tochi/shizuoka/sc_atami/nc_82861722/,不適合
SUUMO 土地 熱海市,熱海市,更地,土地カテゴリ（建物表記なし）,静岡県熱海市水口町２,2000,498.1,13.3,3000,—,—,,不明,接道・区分情報なし、詳細/役場で要確認,,2026-07-12,,https://suumo.jp/tochi/shizuoka/sc_atami/nc_82949502/,不適合
SUUMO 土地 熱海市,熱海市,更地,土地カテゴリ（建物表記なし）,静岡県熱海市網代549-20他,2150,825.0,8.6,3000,宅地,—,,不明,接道・区分情報なし、詳細/役場で要確認,,2026-07-12,注意:温泉,https://suumo.jp/tochi/shizuoka/sc_atami/nc_72831929/,不適合
SUUMO 土地 熱海市,熱海市,更地,土地カテゴリ（建物表記なし）,静岡県熱海市熱海,2245,2024.0,3.7,3000,—,—,,不明,接道・区分情報なし、詳細/役場で要確認,,2026-07-12,,https://suumo.jp/tochi/shizuoka/sc_atami/nc_97789152/,適合
SUUMO 土地 熱海市,熱海市,更地,土地カテゴリ（建物表記なし）,静岡県熱海市桜木町,2380,222.2,35.4,3000,—,—,,不明,接道・区分情報なし、詳細/役場で要確認,,2026-07-24,,https://suumo.jp/tochi/shizuoka/sc_atami/nc_21108071/,不適合
SUUMO 土地 熱海市,熱海市,更地,土地カテゴリ（建物表記なし）,静岡県熱海市網代627-536他,2500,519.8,15.9,3000,—,—,,不明,接道・区分情報なし、詳細/役場で要確認,,2026-07-12,注意:温泉,https://suumo.jp/tochi/shizuoka/sc_atami/nc_21247043/,不適合
SUUMO 土地 熱海市,熱海市,更地,土地カテゴリ（建物表記なし）,静岡県熱海市熱海,2500,1184.0,7.0,3000,—,—,,不明,接道・区分情報なし、詳細/役場で要確認,,2026-07-12,,https://suumo.jp/tochi/shizuoka/sc_atami/nc_92167195/,適合
SUUMO 土地 熱海市,熱海市,更地,土地カテゴリ（建物表記なし）,静岡県熱海市西山町,2600,200.7,42.8,3000,—,—,,不明,接道・区分情報なし、詳細/役場で要確認,,2026-07-12,,https://suumo.jp/tochi/shizuoka/sc_atami/nc_78426443/,不適合
SUUMO 土地 熱海市,熱海市,更地,土地カテゴリ（建物表記なし）,静岡県熱海市伊豆山,3000,1973.0,5.0,3000,—,—,,不明,接道・区分情報なし、詳細/役場で要確認,,2026-07-12,,https://suumo.jp/tochi/shizuoka/sc_atami/nc_78488841/,適合
SUUMO 土地 熱海市,熱海市,更地,土地カテゴリ（建物表記なし）,静岡県熱海市西山町,3036,200.7,50.0,3000,—,—,,不明,接道・区分情報なし、詳細/役場で要確認,,2026-07-12,,https://suumo.jp/tochi/shizuoka/sc_atami/nc_77070765/,不適合
SUUMO 土地 熱海市,熱海市,更地,土地カテゴリ（建物表記なし）,静岡県熱海市梅花町,3280,545.0,19.9,3000,—,—,,不明,接道・区分情報なし、詳細/役場で要確認,,2026-07-12,,https://suumo.jp/tochi/shizuoka/sc_atami/nc_78348312/,不適合
SUUMO 土地 熱海市,熱海市,更地,土地カテゴリ（建物表記なし）,静岡県熱海市泉,3288,3337.4,3.3,3000,—,—,,不明,接道・区分情報なし、詳細/役場で要確認,,2026-07-12,,https://suumo.jp/tochi/shizuoka/sc_atami/nc_75127135/,不適合
SUUMO 土地 熱海市,熱海市,更地,土地カテゴリ（建物表記なし）,静岡県熱海市福道町,3500,276.7,41.8,3000,—,—,,不明,接道・区分情報なし、詳細/役場で要確認,,2026-07-12,,https://suumo.jp/tochi/shizuoka/sc_atami/nc_92974316/,不適合
SUUMO 土地 熱海市,熱海市,更地,土地カテゴリ（建物表記なし）,静岡県熱海市熱海,3880,269.0,47.7,3000,—,—,,不明,接道・区分情報なし、詳細/役場で要確認,,2026-07-12,,https://suumo.jp/tochi/shizuoka/sc_atami/nc_20956979/,不適合
SUUMO 土地 熱海市,熱海市,更地,土地カテゴリ（建物表記なし）,静岡県熱海市桜木町,4350,957.0,15.0,3000,—,—,,不明,接道・区分情報なし、詳細/役場で要確認,,2026-07-12,,https://suumo.jp/tochi/shizuoka/sc_atami/nc_20586625/,不適合
SUUMO 土地 熱海市,熱海市,更地,土地カテゴリ（建物表記なし）,静岡県熱海市伊豆山,4980,3547.0,4.6,3000,—,—,,不明,接道・区分情報なし、詳細/役場で要確認,,2026-07-12,,https://suumo.jp/tochi/shizuoka/sc_atami/nc_20683213/,不適合
SUUMO 土地 熱海市,熱海市,更地,土地カテゴリ（建物表記なし）,静岡県熱海市伊豆山,5800,825.7,23.2,3000,—,—,,不明,接道・区分情報なし、詳細/役場で要確認,,2026-07-12,,https://suumo.jp/tochi/shizuoka/sc_atami/nc_20407842/,不適合
SUUMO 土地 熱海市,熱海市,更地,土地カテゴリ（建物表記なし）,静岡県熱海市上宿町,6500,600.8,35.8,3000,—,—,,不明,接道・区分情報なし、詳細/役場で要確認,,2026-07-12,,https://suumo.jp/tochi/shizuoka/sc_atami/nc_95767601/,不適合
SUUMO 土地 熱海市,熱海市,更地,土地カテゴリ（建物表記なし）,静岡県熱海市西山町,6800,1669.4,13.5,3000,—,—,,不明,接道・区分情報なし、詳細/役場で要確認,,2026-07-12,,https://suumo.jp/tochi/shizuoka/sc_atami/nc_87588552/,不適合
SUUMO 土地 熱海市,熱海市,更地,土地カテゴリ（建物表記なし）,静岡県熱海市泉元門川分,18000,3304.5,18.0,3000,—,—,,不明,接道・区分情報なし、詳細/役場で要確認,,2026-07-12,,https://suumo.jp/tochi/shizuoka/sc_atami/nc_21266453/,不適合
SUUMO 賃貸 西伯郡（日吉津/大山/南部/伯耆）,大山町,賃貸アパート,賃貸カテゴリ（掲載種別）,鳥取県西伯郡大山町所子,5.4,57.6,,5,—,—,,—,賃貸のため対象外,,2026-07-24,,https://suumo.jp/chintai/jnc_000108651395/,不適合
SUUMO 賃貸 西伯郡（日吉津/大山/南部/伯耆）,大山町,賃貸アパート,賃貸カテゴリ（掲載種別）,鳥取県西伯郡大山町所子,5.4,57.6,,5,—,—,,—,賃貸のため対象外,,2026-07-24,,https://suumo.jp/chintai/jnc_000108706284/,不適合
SUUMO 賃貸 西伯郡（日吉津/大山/南部/伯耆）,南部町,賃貸アパート,賃貸カテゴリ（掲載種別）,鳥取県西伯郡南部町阿賀,5.0,57.2,,5,—,—,,—,賃貸のため対象外,,2026-07-24,,https://suumo.jp/chintai/jnc_000106859299/,適合
SUUMO 賃貸 西伯郡（日吉津/大山/南部/伯耆）,南部町,賃貸アパート,賃貸カテゴリ（掲載種別）,鳥取県西伯郡南部町阿賀,5.0,57.2,,5,—,—,,—,賃貸のため対象外,,2026-07-24,,https://suumo.jp/chintai/jnc_000106886554/,適合
SUUMO 賃貸 西伯郡（日吉津/大山/南部/伯耆）,南部町,賃貸アパート,賃貸カテゴリ（掲載種別）,鳥取県西伯郡南部町法勝寺,5.15,50.2,,5,—,—,,—,賃貸のため対象外,,2026-07-24,,https://suumo.jp/chintai/jnc_000107266727/,不適合
SUUMO 賃貸 西伯郡（日吉津/大山/南部/伯耆）,南部町,賃貸アパート,賃貸カテゴリ（掲載種別）,鳥取県西伯郡南部町法勝寺,5.95,58.6,,5,—,—,,—,賃貸のため対象外,,2026-07-24,,https://suumo.jp/chintai/jnc_000107462861/,不適合
SUUMO 賃貸 西伯郡（日吉津/大山/南部/伯耆）,南部町,賃貸アパート,賃貸カテゴリ（掲載種別）,鳥取県西伯郡南部町法勝寺,5.15,50.2,,5,—,—,,—,賃貸のため対象外,,2026-07-24,,https://suumo.jp/chintai/jnc_000107273974/,不適合
SUUMO 賃貸 西伯郡（日吉津/大山/南部/伯耆）,南部町,賃貸アパート,賃貸カテゴリ（掲載種別）,鳥取県西伯郡南部町法勝寺,5.95,58.6,,5,—,—,,—,賃貸のため対象外,,2026-07-24,,https://suumo.jp/chintai/jnc_000108016135/,不適合
SUUMO 賃貸 西伯郡（日吉津/大山/南部/伯耆）,日吉津村,賃貸アパート,賃貸カテゴリ（掲載種別）,鳥取県西伯郡日吉津村大字富吉,5.2,59.8,,5,—,—,,—,賃貸のため対象外,,2026-07-24,,https://suumo.jp/chintai/jnc_000108475234/,不適合
SUUMO 賃貸 西伯郡（日吉津/大山/南部/伯耆）,日吉津村,賃貸アパート,賃貸カテゴリ（掲載種別）,鳥取県西伯郡日吉津村大字日吉津,4.6,42.2,,5,—,—,,—,賃貸のため対象外,,2026-07-24,,https://suumo.jp/chintai/jnc_000108211181/,適合
SUUMO 賃貸 西伯郡（日吉津/大山/南部/伯耆）,日吉津村,賃貸アパート,賃貸カテゴリ（掲載種別）,鳥取県西伯郡日吉津村大字日吉津,4.8,46.4,,5,—,—,,—,賃貸のため対象外,,2026-07-24,,https://suumo.jp/chintai/jnc_000107260156/,適合
SUUMO 賃貸 西伯郡（日吉津/大山/南部/伯耆）,大山町,賃貸アパート,賃貸カテゴリ（掲載種別）,鳥取県西伯郡大山町所子,5.45,58.2,,5,—,—,,—,賃貸のため対象外,,2026-07-24,,https://suumo.jp/chintai/jnc_000107786961/,不適合
SUUMO 賃貸 西伯郡（日吉津/大山/南部/伯耆）,大山町,賃貸アパート,賃貸カテゴリ（掲載種別）,鳥取県西伯郡大山町所子,5.45,58.2,,5,—,—,,—,賃貸のため対象外,,2026-07-24,,https://suumo.jp/chintai/jnc_000107896470/,不適合
SUUMO 賃貸 西伯郡（日吉津/大山/南部/伯耆）,南部町,賃貸アパート,賃貸カテゴリ（掲載種別）,鳥取県西伯郡南部町法勝寺,4.7,50.2,,5,—,—,,—,賃貸のため対象外,,2026-07-24,,https://suumo.jp/chintai/jnc_000106231495/,適合
SUUMO 賃貸 西伯郡（日吉津/大山/南部/伯耆）,南部町,賃貸アパート,賃貸カテゴリ（掲載種別）,鳥取県西伯郡南部町法勝寺,5.45,51.0,,5,—,—,,—,賃貸のため対象外,,2026-07-24,,https://suumo.jp/chintai/jnc_000107576045/,不適合
SUUMO 賃貸 西伯郡（日吉津/大山/南部/伯耆）,南部町,賃貸アパート,賃貸カテゴリ（掲載種別）,鳥取県西伯郡南部町倭,6.3,59.5,,5,—,—,,—,賃貸のため対象外,,2026-07-24,,https://suumo.jp/chintai/jnc_000108075788/,不適合
SUUMO 賃貸 西伯郡（日吉津/大山/南部/伯耆）,南部町,賃貸アパート,賃貸カテゴリ（掲載種別）,鳥取県西伯郡南部町法勝寺,6.45,59.6,,5,—,—,,—,賃貸のため対象外,,2026-07-24,,https://suumo.jp/chintai/jnc_000108179000/,不適合
SUUMO 賃貸 西伯郡（日吉津/大山/南部/伯耆）,日吉津村,賃貸アパート,賃貸カテゴリ（掲載種別）,鳥取県西伯郡日吉津村大字日吉津,4.5,30.9,,5,—,—,,—,賃貸のため対象外,,2026-07-24,,https://suumo.jp/chintai/jnc_000105324367/,適合
SUUMO 賃貸 西伯郡（日吉津/大山/南部/伯耆）,日吉津村,賃貸アパート,賃貸カテゴリ（掲載種別）,鳥取県西伯郡日吉津村大字日吉津,4.9,30.9,,5,—,—,,—,賃貸のため対象外,,2026-07-24,,https://suumo.jp/chintai/jnc_000099009527/,適合
SUUMO 賃貸 西伯郡（日吉津/大山/南部/伯耆）,日吉津村,賃貸アパート,賃貸カテゴリ（掲載種別）,鳥取県西伯郡日吉津村大字日吉津,4.5,30.9,,5,—,—,,—,賃貸のため対象外,,2026-07-24,,https://suumo.jp/chintai/jnc_000105347653/,適合
SUUMO 賃貸 西伯郡（日吉津/大山/南部/伯耆）,日吉津村,賃貸アパート,賃貸カテゴリ（掲載種別）,鳥取県西伯郡日吉津村大字日吉津,4.9,30.9,,5,—,—,,—,賃貸のため対象外,,2026-07-24,,https://suumo.jp/chintai/jnc_000099018708/,適合
SUUMO 賃貸 西伯郡（日吉津/大山/南部/伯耆）,南部町,賃貸戸建,賃貸カテゴリ（掲載種別）,鳥取県西伯郡南部町東町,5.8,82.4,,5,—,—,,—,賃貸のため対象外,,2026-07-24,,https://suumo.jp/chintai/jnc_000098358031/,不適合
SUUMO 賃貸 西伯郡（日吉津/大山/南部/伯耆）,日吉津村,賃貸アパート,賃貸カテゴリ（掲載種別）,鳥取県西伯郡日吉津村大字日吉津,4.9,57.1,,5,—,—,,—,賃貸のため対象外,,2026-07-24,,https://suumo.jp/chintai/jnc_000107707354/,適合
SUUMO 賃貸 西伯郡（日吉津/大山/南部/伯耆）,日吉津村,賃貸アパート,賃貸カテゴリ（掲載種別）,鳥取県西伯郡日吉津村大字日吉津,4.9,57.1,,5,—,—,,—,賃貸のため対象外,,2026-07-24,,https://suumo.jp/chintai/jnc_000107731265/,適合
SUUMO 賃貸 西伯郡（日吉津/大山/南部/伯耆）,南部町,賃貸その他,賃貸カテゴリ（掲載種別）,鳥取県西伯郡南部町東町,4.5,50.0,,5,—,—,,—,賃貸のため対象外,,2026-07-24,,https://suumo.jp/chintai/jnc_000104396052/,適合
SUUMO 賃貸 西伯郡（日吉津/大山/南部/伯耆）,日吉津村,賃貸アパート,賃貸カテゴリ（掲載種別）,鳥取県西伯郡日吉津村大字日吉津,4.6,42.2,,5,—,—,,—,賃貸のため対象外,,2026-07-24,,https://suumo.jp/chintai/jnc_000108276125/?bc=100515178942,適合
SUUMO 賃貸 西伯郡（日吉津/大山/南部/伯耆）,日吉津村,賃貸アパート,賃貸カテゴリ（掲載種別）,鳥取県西伯郡日吉津村大字日吉津,4.8,46.4,,5,—,—,,—,賃貸のため対象外,,2026-07-24,,https://suumo.jp/chintai/jnc_000107816434/?bc=100510800090,適合
SUUMO 賃貸 西伯郡（日吉津/大山/南部/伯耆）,日吉津村,賃貸アパート,賃貸カテゴリ（掲載種別）,鳥取県西伯郡日吉津村大字富吉,5.2,59.8,,5,—,—,,—,賃貸のため対象外,,2026-07-24,,https://suumo.jp/chintai/jnc_000108582806/?bc=100516944249,不適合
SUUMO 賃貸 西伯郡（日吉津/大山/南部/伯耆）,日吉津村,賃貸アパート,賃貸カテゴリ（掲載種別）,鳥取県西伯郡日吉津村大字日吉津,5.2,50.1,,5,—,—,,—,賃貸のため対象外,,2026-07-24,,https://suumo.jp/chintai/jnc_000106983496/?bc=100505474636,不適合
SUUMO 賃貸 西伯郡（日吉津/大山/南部/伯耆）,日吉津村,賃貸アパート,賃貸カテゴリ（掲載種別）,鳥取県西伯郡日吉津村大字日吉津,5.2,50.1,,5,—,—,,—,賃貸のため対象外,,2026-07-24,,https://suumo.jp/chintai/jnc_000106955820/?bc=100505229774,不適合
SUUMO 賃貸 西伯郡（日吉津/大山/南部/伯耆）,日吉津村,賃貸アパート,賃貸カテゴリ（掲載種別）,鳥取県西伯郡日吉津村大字日吉津,5.75,54.0,,5,—,—,,—,賃貸のため対象外,,2026-07-24,,https://suumo.jp/chintai/jnc_000107492263/?bc=100509814553,不適合
SUUMO 賃貸 西伯郡（日吉津/大山/南部/伯耆）,日吉津村,賃貸アパート,賃貸カテゴリ（掲載種別）,鳥取県西伯郡日吉津村大字日吉津,5.75,54.0,,5,—,—,,—,賃貸のため対象外,,2026-07-24,,https://suumo.jp/chintai/jnc_000107660569/?bc=100504177122,不適合
SUUMO 賃貸 西伯郡（日吉津/大山/南部/伯耆）,日吉津村,賃貸アパート,賃貸カテゴリ（掲載種別）,鳥取県西伯郡日吉津村大字日吉津,5.75,54.0,,5,—,—,,—,賃貸のため対象外,,2026-07-24,,https://suumo.jp/chintai/jnc_000090431460/?bc=100506166963,不適合
SUUMO 賃貸 西伯郡（日吉津/大山/南部/伯耆）,日吉津村,賃貸アパート,賃貸カテゴリ（掲載種別）,鳥取県西伯郡日吉津村大字日吉津,5.75,54.0,,5,—,—,,—,賃貸のため対象外,,2026-07-24,,https://suumo.jp/chintai/jnc_000106898959/?bc=100505443321,不適合
SUUMO 賃貸 西伯郡（日吉津/大山/南部/伯耆）,日吉津村,賃貸アパート,賃貸カテゴリ（掲載種別）,鳥取県西伯郡日吉津村大字日吉津,6.0,54.0,,5,—,—,,—,賃貸のため対象外,,2026-07-24,,https://suumo.jp/chintai/jnc_000091770726/?bc=100503391772,不適合
SUUMO 賃貸 西伯郡（日吉津/大山/南部/伯耆）,日吉津村,賃貸アパート,賃貸カテゴリ（掲載種別）,鳥取県西伯郡日吉津村大字日吉津,5.2,45.6,,5,—,—,,—,賃貸のため対象外,,2026-07-24,,https://suumo.jp/chintai/jnc_000079097611/?bc=100496813520,不適合
SUUMO 賃貸 西伯郡（日吉津/大山/南部/伯耆）,日吉津村,賃貸アパート,賃貸カテゴリ（掲載種別）,鳥取県西伯郡日吉津村大字日吉津,5.3,45.6,,5,—,—,,—,賃貸のため対象外,,2026-07-24,,https://suumo.jp/chintai/jnc_000107989596/?bc=100513761139,不適合
SUUMO 賃貸 西伯郡（日吉津/大山/南部/伯耆）,日吉津村,賃貸アパート,賃貸カテゴリ（掲載種別）,鳥取県西伯郡日吉津村大字日吉津,5.3,51.6,,5,—,—,,—,賃貸のため対象外,,2026-07-24,,https://suumo.jp/chintai/jnc_000106041478/?bc=100464032979,不適合
SUUMO 賃貸 西伯郡（日吉津/大山/南部/伯耆）,南部町,賃貸その他,賃貸カテゴリ（掲載種別）,鳥取県西伯郡南部町東町,4.0,50.0,,5,—,—,,—,賃貸のため対象外,,2026-07-24,,https://suumo.jp/chintai/jnc_000098458814/?bc=100236287477,適合
SUUMO 賃貸 西伯郡（日吉津/大山/南部/伯耆）,日吉津村,賃貸アパート,賃貸カテゴリ（掲載種別）,鳥取県西伯郡日吉津村大字日吉津,5.2,45.6,,5,—,—,,—,賃貸のため対象外,,2026-07-24,,https://suumo.jp/chintai/jnc_000079117939/?bc=100496669940,不適合
SUUMO 賃貸 西伯郡（日吉津/大山/南部/伯耆）,日吉津村,賃貸アパート,賃貸カテゴリ（掲載種別）,鳥取県西伯郡日吉津村大字日吉津,5.3,45.6,,5,—,—,,—,賃貸のため対象外,,2026-07-24,,https://suumo.jp/chintai/jnc_000107995824/?bc=100513001419,不適合
SUUMO 賃貸 西伯郡（日吉津/大山/南部/伯耆）,日吉津村,賃貸アパート,賃貸カテゴリ（掲載種別）,鳥取県西伯郡日吉津村大字日吉津,5.3,45.6,,5,—,—,,—,賃貸のため対象外,,2026-07-24,,https://suumo.jp/chintai/jnc_000106095002/?bc=100498281795,不適合
SUUMO 賃貸 西伯郡（日吉津/大山/南部/伯耆）,日吉津村,賃貸アパート,賃貸カテゴリ（掲載種別）,鳥取県西伯郡日吉津村大字日吉津,4.8,43.4,,5,—,—,,—,賃貸のため対象外,,2026-07-24,,https://suumo.jp/chintai/jnc_000083873820/?bc=100507009815,適合
SUUMO 賃貸 西伯郡（日吉津/大山/南部/伯耆）,日吉津村,賃貸アパート,賃貸カテゴリ（掲載種別）,鳥取県西伯郡日吉津村大字日吉津,5.75,54.0,,5,—,—,,—,賃貸のため対象外,,2026-07-24,,https://suumo.jp/chintai/jnc_000107660570/?bc=100503315096,不適合
SUUMO 賃貸 西伯郡（日吉津/大山/南部/伯耆）,日吉津村,賃貸アパート,賃貸カテゴリ（掲載種別）,鳥取県西伯郡日吉津村大字日吉津,5.75,54.0,,5,—,—,,—,賃貸のため対象外,,2026-07-24,,https://suumo.jp/chintai/jnc_000090407847/?bc=100505035728,不適合
SUUMO 賃貸 西伯郡（日吉津/大山/南部/伯耆）,日吉津村,賃貸アパート,賃貸カテゴリ（掲載種別）,鳥取県西伯郡日吉津村大字日吉津,5.75,54.0,,5,—,—,,—,賃貸のため対象外,,2026-07-24,,https://suumo.jp/chintai/jnc_000107477256/?bc=100508998263,不適合
SUUMO 賃貸 西伯郡（日吉津/大山/南部/伯耆）,日吉津村,賃貸アパート,賃貸カテゴリ（掲載種別）,鳥取県西伯郡日吉津村大字日吉津,5.55,58.8,,5,—,—,,—,賃貸のため対象外,,2026-07-24,,https://suumo.jp/chintai/jnc_000107666693/?bc=100514989216,不適合
SUUMO 賃貸 西伯郡（日吉津/大山/南部/伯耆）,日吉津村,賃貸アパート,賃貸カテゴリ（掲載種別）,鳥取県西伯郡日吉津村大字日吉津,5.55,58.8,,5,—,—,,—,賃貸のため対象外,,2026-07-24,,https://suumo.jp/chintai/jnc_000108218685/?bc=100514542350,不適合
SUUMO 賃貸 西伯郡（日吉津/大山/南部/伯耆）,日吉津村,賃貸アパート,賃貸カテゴリ（掲載種別）,鳥取県西伯郡日吉津村大字日吉津,5.9,58.6,,5,—,—,,—,賃貸のため対象外,,2026-07-24,,https://suumo.jp/chintai/jnc_000100799515/?bc=100464189921,不適合
SUUMO 賃貸 西伯郡（日吉津/大山/南部/伯耆）,日吉津村,賃貸アパート,賃貸カテゴリ（掲載種別）,鳥取県西伯郡日吉津村大字日吉津,5.9,58.6,,5,—,—,,—,賃貸のため対象外,,2026-07-24,,https://suumo.jp/chintai/jnc_000068634597/?bc=100486550524,不適合
SUUMO 賃貸 西伯郡（日吉津/大山/南部/伯耆）,日吉津村,賃貸アパート,賃貸カテゴリ（掲載種別）,鳥取県西伯郡日吉津村大字今吉,6.75,59.6,,5,—,—,,—,賃貸のため対象外,,2026-07-24,,https://suumo.jp/chintai/jnc_000108344471/?bc=100499079221,不適合
SUUMO 賃貸 西伯郡（日吉津/大山/南部/伯耆）,日吉津村,賃貸アパート,賃貸カテゴリ（掲載種別）,鳥取県西伯郡日吉津村大字今吉,6.75,59.6,,5,—,—,,—,賃貸のため対象外,,2026-07-24,,https://suumo.jp/chintai/jnc_000108344470/?bc=100515316783,不適合
SUUMO 賃貸 西伯郡（日吉津/大山/南部/伯耆）,日吉津村,賃貸アパート,賃貸カテゴリ（掲載種別）,鳥取県西伯郡日吉津村大字今吉,6.75,59.6,,5,—,—,,—,賃貸のため対象外,,2026-07-24,,https://suumo.jp/chintai/jnc_000108344472/?bc=100499094182,不適合
SUUMO 賃貸 西伯郡（日吉津/大山/南部/伯耆）,日吉津村,賃貸アパート,賃貸カテゴリ（掲載種別）,鳥取県西伯郡日吉津村大字今吉,6.75,59.6,,5,—,—,,—,賃貸のため対象外,,2026-07-24,,https://suumo.jp/chintai/jnc_000108370334/?bc=100512721397,不適合
SUUMO 賃貸 西伯郡（日吉津/大山/南部/伯耆）,日吉津村,賃貸アパート,賃貸カテゴリ（掲載種別）,鳥取県西伯郡日吉津村大字日吉津,4.8,43.4,,5,—,—,,—,賃貸のため対象外,,2026-07-24,,https://suumo.jp/chintai/jnc_000083878959/?bc=100506962889,適合
SUUMO 賃貸 西伯郡（日吉津/大山/南部/伯耆）,南部町,賃貸アパート,賃貸カテゴリ（掲載種別）,鳥取県西伯郡南部町東町,3.0,30.5,,5,—,—,,—,賃貸のため対象外,,2026-07-24,,https://suumo.jp/chintai/jnc_000075157630/?bc=100286748204,適合
SUUMO 賃貸 西伯郡（日吉津/大山/南部/伯耆）,日吉津村,賃貸アパート,賃貸カテゴリ（掲載種別）,鳥取県西伯郡日吉津村大字日吉津,5.9,58.6,,5,—,—,,—,賃貸のため対象外,,2026-07-24,,https://suumo.jp/chintai/jnc_000061563592/?bc=100476153904,不適合
SUUMO 賃貸 西伯郡（日吉津/大山/南部/伯耆）,日吉津村,賃貸アパート,賃貸カテゴリ（掲載種別）,鳥取県西伯郡日吉津村大字日吉津,5.9,58.6,,5,—,—,,—,賃貸のため対象外,,2026-07-24,,https://suumo.jp/chintai/jnc_000101083174/?bc=100454382857,不適合
SUUMO 賃貸 西伯郡（日吉津/大山/南部/伯耆）,日吉津村,賃貸アパート,賃貸カテゴリ（掲載種別）,鳥取県西伯郡日吉津村大字富吉,4.9,43.2,,5,—,—,,—,賃貸のため対象外,,2026-07-24,,https://suumo.jp/chintai/jnc_000045934048/?bc=100473990578,適合
SUUMO 賃貸 西伯郡（日吉津/大山/南部/伯耆）,伯耆町,賃貸マンション,賃貸カテゴリ（掲載種別）,鳥取県西伯郡伯耆町溝口,5.0,53.1,,5,—,—,,—,賃貸のため対象外,,2026-07-24,,https://suumo.jp/chintai/jnc_000055910375/?bc=100431785505,適合
SUUMO 賃貸 西伯郡（日吉津/大山/南部/伯耆）,伯耆町,賃貸マンション,賃貸カテゴリ（掲載種別）,鳥取県西伯郡伯耆町溝口,5.0,53.1,,5,—,—,,—,賃貸のため対象外,,2026-07-24,,https://suumo.jp/chintai/jnc_000081067553/?bc=100495188102,適合
SUUMO 賃貸 西伯郡（日吉津/大山/南部/伯耆）,伯耆町,賃貸マンション,賃貸カテゴリ（掲載種別）,鳥取県西伯郡伯耆町溝口,5.0,53.1,,5,—,—,,—,賃貸のため対象外,,2026-07-24,,https://suumo.jp/chintai/jnc_000032648250/?bc=100516641298,適合
SUUMO 賃貸 西伯郡（日吉津/大山/南部/伯耆）,伯耆町,賃貸マンション,賃貸カテゴリ（掲載種別）,鳥取県西伯郡伯耆町溝口,5.0,53.1,,5,—,—,,—,賃貸のため対象外,,2026-07-24,,https://suumo.jp/chintai/jnc_000063637436/?bc=100506939934,適合
SUUMO 賃貸 西伯郡（日吉津/大山/南部/伯耆）,伯耆町,賃貸マンション,賃貸カテゴリ（掲載種別）,鳥取県西伯郡伯耆町溝口,5.0,53.1,,5,—,—,,—,賃貸のため対象外,,2026-07-24,,https://suumo.jp/chintai/jnc_000039079089/?bc=100396240058,適合
SUUMO 賃貸 西伯郡（日吉津/大山/南部/伯耆）,伯耆町,賃貸マンション,賃貸カテゴリ（掲載種別）,鳥取県西伯郡伯耆町溝口,5.0,53.1,,5,—,—,,—,賃貸のため対象外,,2026-07-24,,https://suumo.jp/chintai/jnc_000021376425/?bc=100471957794,適合
SUUMO 賃貸 西伯郡（日吉津/大山/南部/伯耆）,伯耆町,賃貸マンション,賃貸カテゴリ（掲載種別）,鳥取県西伯郡伯耆町溝口,5.0,53.1,,5,—,—,,—,賃貸のため対象外,,2026-07-24,,https://suumo.jp/chintai/jnc_000104322319/?bc=100484675241,適合
SUUMO 賃貸 西伯郡（日吉津/大山/南部/伯耆）,伯耆町,賃貸マンション,賃貸カテゴリ（掲載種別）,鳥取県西伯郡伯耆町溝口,5.0,53.1,,5,—,—,,—,賃貸のため対象外,,2026-07-24,,https://suumo.jp/chintai/jnc_000104322318/?bc=100484675239,適合
SUUMO 賃貸 西伯郡（日吉津/大山/南部/伯耆）,日吉津村,賃貸アパート,賃貸カテゴリ（掲載種別）,鳥取県西伯郡日吉津村大字富吉,4.6,46.5,,5,—,—,,—,賃貸のため対象外,,2026-07-24,,https://suumo.jp/chintai/jnc_000052496693/?bc=100509304279,適合
SUUMO 賃貸 西伯郡（日吉津/大山/南部/伯耆）,日吉津村,賃貸アパート,賃貸カテゴリ（掲載種別）,鳥取県西伯郡日吉津村大字富吉,4.6,46.5,,5,—,—,,—,賃貸のため対象外,,2026-07-24,,https://suumo.jp/chintai/jnc_000058639102/?bc=100509485955,適合
SUUMO 賃貸 西伯郡（日吉津/大山/南部/伯耆）,日吉津村,賃貸アパート,賃貸カテゴリ（掲載種別）,鳥取県西伯郡日吉津村大字富吉,4.5,44.2,,5,—,—,,—,賃貸のため対象外,,2026-07-24,,https://suumo.jp/chintai/jnc_000032496959/?bc=100421354922,適合
SUUMO 賃貸 西伯郡（日吉津/大山/南部/伯耆）,日吉津村,賃貸アパート,賃貸カテゴリ（掲載種別）,鳥取県西伯郡日吉津村大字日吉津,4.8,41.4,,5,—,—,,—,賃貸のため対象外,,2026-07-24,,https://suumo.jp/chintai/jnc_000103002732/?bc=100494584431,適合
SUUMO 賃貸 西伯郡（日吉津/大山/南部/伯耆）,日吉津村,賃貸アパート,賃貸カテゴリ（掲載種別）,鳥取県西伯郡日吉津村大字日吉津,4.8,41.4,,5,—,—,,—,賃貸のため対象外,,2026-07-24,,https://suumo.jp/chintai/jnc_000103246774/?bc=100296952028,適合
SUUMO 賃貸 西伯郡（日吉津/大山/南部/伯耆）,伯耆町,賃貸アパート,賃貸カテゴリ（掲載種別）,鳥取県西伯郡伯耆町大殿,3.9,27.7,,5,—,—,,—,賃貸のため対象外,,2026-07-24,,https://suumo.jp/chintai/jnc_000014570129/?bc=100497477761,適合
SUUMO 賃貸 西伯郡（日吉津/大山/南部/伯耆）,伯耆町,賃貸アパート,賃貸カテゴリ（掲載種別）,鳥取県西伯郡伯耆町大殿,3.9,27.7,,5,—,—,,—,賃貸のため対象外,,2026-07-24,,https://suumo.jp/chintai/jnc_000054150034/?bc=100497477791,適合
SUUMO 賃貸 西伯郡（日吉津/大山/南部/伯耆）,日吉津村,賃貸アパート,賃貸カテゴリ（掲載種別）,鳥取県西伯郡日吉津村大字富吉,6.0,21.8,,5,—,—,,—,賃貸のため対象外,,2026-07-24,,https://suumo.jp/chintai/jnc_000108307182/?bc=100464058376,不適合
SUUMO 賃貸 西伯郡（日吉津/大山/南部/伯耆）,日吉津村,賃貸アパート,賃貸カテゴリ（掲載種別）,鳥取県西伯郡日吉津村大字富吉,6.0,21.8,,5,—,—,,—,賃貸のため対象外,,2026-07-24,,https://suumo.jp/chintai/jnc_000108466460/?bc=100470401337,不適合
SUUMO 賃貸 西伯郡（日吉津/大山/南部/伯耆）,日吉津村,賃貸アパート,賃貸カテゴリ（掲載種別）,鳥取県西伯郡日吉津村大字富吉,6.0,21.8,,5,—,—,,—,賃貸のため対象外,,2026-07-24,,https://suumo.jp/chintai/jnc_000108307181/?bc=100425383748,不適合
SUUMO 賃貸 西伯郡（日吉津/大山/南部/伯耆）,日吉津村,賃貸アパート,賃貸カテゴリ（掲載種別）,鳥取県西伯郡日吉津村大字富吉,6.1,21.8,,5,—,—,,—,賃貸のため対象外,,2026-07-24,,https://suumo.jp/chintai/jnc_000108307183/?bc=100371603736,不適合
SUUMO 賃貸 西伯郡（日吉津/大山/南部/伯耆）,日吉津村,賃貸アパート,賃貸カテゴリ（掲載種別）,鳥取県西伯郡日吉津村大字富吉,6.1,21.8,,5,—,—,,—,賃貸のため対象外,,2026-07-24,,https://suumo.jp/chintai/jnc_000108466459/?bc=100514869639,不適合
SUUMO 賃貸 西伯郡（日吉津/大山/南部/伯耆）,伯耆町,賃貸戸建,賃貸カテゴリ（掲載種別）,鳥取県西伯郡伯耆町丸山,20.0,115.1,,5,—,—,,—,賃貸のため対象外,,2026-07-24,,https://suumo.jp/chintai/jnc_000106580758/?bc=100502435120,不適合
空き家バンクしずおか 清水町,清水町,更地,土地カテゴリ（建物表記なし）,駿東郡清水町伏見756-1,11500,957.5,39.7,1500,田,市街化区域,,△,市街化区域だが接道幅員が不明。新築可否は接道要確認,,2026-07-21,,https://akiya-bank.shizuoka.fudohsan.jp/%E7%89%A9%E4%BB%B6/175493/settle/1,不適合
空き家バンクしずおか 清水町,清水町,更地,土地カテゴリ（建物表記なし）,駿東郡清水町伏見,3200,257.4,41.1,1500,田,市街化区域,,△,市街化区域だが接道幅員が不明。新築可否は接道要確認,,2026-07-21,,https://akiya-bank.shizuoka.fudohsan.jp/%E7%89%A9%E4%BB%B6/175467/settle/1,不適合
空き家バンクしずおか 清水町,清水町,空き家,掲載に空き家表記,駿東郡清水町長沢,3390,175.5,63.9,3000,田,市街化区域,,不明,接道・区分情報なし。建物ありだが現行法での再建築可否は役場で要確認,,2026-06-14,,https://akiya-bank.shizuoka.fudohsan.jp/%E7%89%A9%E4%BB%B6/170890/settle/1,不適合
空き家バンクしずおか 清水町,清水町,更地,土地カテゴリ（建物表記なし）,駿東郡清水町柿田,3290,131.2,82.9,1500,田,市街化区域,,△,市街化区域だが接道幅員が不明。新築可否は接道要確認,,2026-07-13,,https://akiya-bank.shizuoka.fudohsan.jp/%E7%89%A9%E4%BB%B6/174490/settle/1,不適合
空き家バンクしずおか 清水町,清水町,古家付き土地,土地＋古家/上物の表記,駿東郡清水町堂庭,3080,198.4,51.3,1500,田,市街化区域,,不明,接道・区分情報なし。建物ありだが現行法での再建築可否は役場で要確認,,2026-06-14,,https://akiya-bank.shizuoka.fudohsan.jp/%E7%89%A9%E4%BB%B6/170814/settle/1,不適合
空き家バンクしずおか 清水町,清水町,空き家,掲載に空き家表記,駿東郡清水町徳倉67-10,2490,128.4,64.1,3000,田,市街化調整区域,,△,調整区域の建替えは既存宅地要件等の確認が必要＝本命候補,,2026-07-17,関心:調整区域/無指定,https://akiya-bank.shizuoka.fudohsan.jp/%E7%89%A9%E4%BB%B6/175366/settle/1,不適合
空き家バンクしずおか 清水町,清水町,更地,土地カテゴリ（建物表記なし）,駿東郡清水町徳倉891-1,1490,133.5,36.9,1500,田,市街化区域,,△,市街化区域だが接道幅員が不明。新築可否は接道要確認,,2026-06-14,,https://akiya-bank.shizuoka.fudohsan.jp/%E7%89%A9%E4%BB%B6/158257/settle/1,不適合
空き家バンクしずおか 清水町,清水町,更地,土地カテゴリ（建物表記なし）,駿東郡清水町徳倉891-1,1490,133.7,36.8,1500,田,市街化区域,,△,市街化区域だが接道幅員が不明。新築可否は接道要確認,,2026-06-14,,https://akiya-bank.shizuoka.fudohsan.jp/%E7%89%A9%E4%BB%B6/158258/settle/1,不適合
空き家バンクしずおか 清水町,清水町,空き家,掲載に空き家表記,駿東郡清水町長沢970-3,3650,118.3,102.0,3000,田,市街化区域,,不明,接道・区分情報なし。建物ありだが現行法での再建築可否は役場で要確認,,2026-06-14,,https://akiya-bank.shizuoka.fudohsan.jp/%E7%89%A9%E4%BB%B6/172933/settle/1,不適合
空き家バンクしずおか 清水町,清水町,更地,土地カテゴリ（建物表記なし）,駿東郡清水町徳倉80-12,540,592.0,3.0,1500,田,市街化調整区域,,△,市街化調整区域は原則新築不可・許可要件次第＝本命候補,,2026-06-23,関心:調整区域/無指定,https://akiya-bank.shizuoka.fudohsan.jp/%E7%89%A9%E4%BB%B6/174531/settle/1,適合
空き家バンクしずおか 清水町,清水町,更地,土地カテゴリ（建物表記なし）,駿東郡清水町徳倉,1520,165.3,30.4,1500,宅地,市街化区域,,△,市街化区域だが接道幅員が不明。新築可否は接道要確認,,2026-06-14,,https://akiya-bank.shizuoka.fudohsan.jp/%E7%89%A9%E4%BB%B6/172442/settle/1,不適合
空き家バンクしずおか 清水町,清水町,更地,土地カテゴリ（建物表記なし）,駿東郡清水町伏見,2700,205.3,43.5,1500,田,市街化区域,,△,市街化区域だが接道幅員が不明。新築可否は接道要確認,,2026-06-14,,https://akiya-bank.shizuoka.fudohsan.jp/%E7%89%A9%E4%BB%B6/149269/settle/1,不適合
空き家バンクしずおか 清水町,清水町,更地,土地カテゴリ（建物表記なし）,駿東郡清水町徳倉2403-1,2400,242.7,32.7,1500,田,市街化区域,,△,市街化区域だが接道幅員が不明。新築可否は接道要確認,,2026-06-14,,https://akiya-bank.shizuoka.fudohsan.jp/%E7%89%A9%E4%BB%B6/138257/settle/1,不適合
空き家バンクしずおか 清水町,清水町,古家付き土地,土地＋古家/上物の表記,駿東郡清水町徳倉,1280,132.0,32.1,1500,田,市街化区域,,不明,接道・区分情報なし。建物ありだが現行法での再建築可否は役場で要確認,,2026-06-14,,https://akiya-bank.shizuoka.fudohsan.jp/%E7%89%A9%E4%BB%B6/166499/settle/1,不適合
空き家バンクしずおか 清水町,清水町,更地,土地カテゴリ（建物表記なし）,駿東郡清水町徳倉,4800,668.5,23.7,1500,田,市街化区域,,△,市街化区域だが接道幅員が不明。新築可否は接道要確認,,2026-06-14,,https://akiya-bank.shizuoka.fudohsan.jp/%E7%89%A9%E4%BB%B6/171406/settle/1,不適合
空き家バンクしずおか 清水町,清水町,古家付き土地,土地＋古家/上物の表記,駿東郡清水町湯川,1980,171.6,38.1,1500,田,市街化区域,,不明,接道・区分情報なし。建物ありだが現行法での再建築可否は役場で要確認,,2026-06-14,,https://akiya-bank.shizuoka.fudohsan.jp/%E7%89%A9%E4%BB%B6/155355/settle/1,不適合
空き家バンクしずおか 清水町,清水町,空き家,掲載に空き家表記,駿東郡清水町堂庭,2250,165.3,45.0,3000,田,市街化区域,,不明,接道・区分情報なし。建物ありだが現行法での再建築可否は役場で要確認,,2026-06-14,,https://akiya-bank.shizuoka.fudohsan.jp/%E7%89%A9%E4%BB%B6/160910/settle/1,不適合
空き家バンクしずおか 清水町,清水町,古家付き土地,土地＋古家/上物の表記,駿東郡清水町伏見,1780,181.9,32.3,1500,田,市街化区域,,不明,接道・区分情報なし。建物ありだが現行法での再建築可否は役場で要確認,,2026-06-14,,https://akiya-bank.shizuoka.fudohsan.jp/%E7%89%A9%E4%BB%B6/163058/settle/1,不適合
空き家バンクしずおか 清水町,清水町,空き家,掲載に空き家表記,駿東郡清水町徳倉,1980,567.1,11.5,3000,畑,市街化区域,,不明,接道・区分情報なし。建物ありだが現行法での再建築可否は役場で要確認,,2026-06-14,,https://akiya-bank.shizuoka.fudohsan.jp/%E7%89%A9%E4%BB%B6/173391/settle/1,適合
家っち(新日本住建販売) 清水町 土地一覧,清水町,更地,土地カテゴリ（建物表記なし）,静岡県駿東郡清水町徳倉,2490,128.4,64.1,1500,—,—,,不明,接道・区分情報なし、詳細/役場で要確認,,2026-07-06,,https://www.snjhkk.com/s_r_59157/index.html,不適合
家っち(新日本住建販売) 清水町 土地一覧,清水町,更地,土地カテゴリ（建物表記なし）,静岡県駿東郡清水町中徳倉,1980,164.8,39.7,1500,—,—,,不明,接道・区分情報なし、詳細/役場で要確認,,2026-06-25,,https://www.snjhkk.com/s_r_58901/index.html,不適合
家っち(新日本住建販売) 清水町 土地一覧,清水町,更地,土地カテゴリ（建物表記なし）,静岡県駿東郡清水町長沢,2490,105.2,78.2,1500,—,—,,不明,接道・区分情報なし、詳細/役場で要確認,,2026-06-25,,https://www.snjhkk.com/s_r_58890/index.html,不適合
家っち(新日本住建販売) 清水町 土地一覧,清水町,更地,土地カテゴリ（建物表記なし）,静岡県駿東郡清水町徳倉,1980,567.1,11.5,1500,—,—,,不明,接道・区分情報なし、詳細/役場で要確認,,2026-06-25,,https://www.snjhkk.com/s_r_58687/index.html,不適合
家っち(新日本住建販売) 清水町 土地一覧,清水町,更地,土地カテゴリ（建物表記なし）,静岡県駿東郡清水町湯川,1840,143.5,42.4,1500,—,—,,不明,接道・区分情報なし、詳細/役場で要確認,,2026-06-25,,https://www.snjhkk.com/s_r_58601/index.html,不適合
家っち(新日本住建販売) 清水町 土地一覧,清水町,更地,土地カテゴリ（建物表記なし）,静岡県駿東郡清水町伏見,2790,120.0,76.9,1500,—,—,,不明,接道・区分情報なし、詳細/役場で要確認,,2026-06-25,,https://www.snjhkk.com/s_r_56054/index.html,不適合
家っち(新日本住建販売) 清水町 土地一覧,清水町,更地,土地カテゴリ（建物表記なし）,静岡県駿東郡清水町徳倉,1390,254.0,18.1,1500,—,—,,不明,接道・区分情報なし、詳細/役場で要確認,,2026-06-25,,https://www.snjhkk.com/s_r_55902/index.html,不適合
家っち(新日本住建販売) 清水町 土地一覧,清水町,更地,土地カテゴリ（建物表記なし）,静岡県駿東郡清水町玉川,1980,165.3,39.6,1500,田,—,,不明,接道・区分情報なし、詳細/役場で要確認,,2026-06-25,,https://www.snjhkk.com/s_r_54907/index.html,不適合
家っち(新日本住建販売) 清水町 土地一覧,清水町,更地,土地カテゴリ（建物表記なし）,静岡県駿東郡清水町伏見字谷口579-6,2998,99.3,99.8,1500,—,—,,不明,接道・区分情報なし、詳細/役場で要確認,,2026-06-25,,https://www.snjhkk.com/s_r_53046/index.html,不適合
家っち(新日本住建販売) 清水町 土地一覧,清水町,更地,土地カテゴリ（建物表記なし）,静岡県駿東郡清水町湯川字五反田9-16,3398,112.3,100.0,1500,田,—,,不明,接道・区分情報なし、詳細/役場で要確認,,2026-06-25,,https://www.snjhkk.com/s_r_53045/index.html,不適合
家っち(新日本住建販売) 清水町 土地一覧,清水町,更地,土地カテゴリ（建物表記なし）,静岡県駿東郡清水町湯川字五反田9-15,3298,111.0,98.2,1500,田,—,,不明,接道・区分情報なし、詳細/役場で要確認,,2026-06-25,,https://www.snjhkk.com/s_r_52860/index.html,不適合
家っち(新日本住建販売) 清水町 土地一覧,清水町,更地,土地カテゴリ（建物表記なし）,静岡県駿東郡清水町湯川字五反田9-14,3398,112.2,100.1,1500,田,—,,不明,接道・区分情報なし、詳細/役場で要確認,,2026-06-25,,https://www.snjhkk.com/s_r_52859/index.html,不適合
家っち(新日本住建販売) 清水町 土地一覧,清水町,更地,土地カテゴリ（建物表記なし）,静岡県駿東郡清水町湯川字五反田9-8,3498,111.5,103.7,1500,田,—,,不明,接道・区分情報なし、詳細/役場で要確認,,2026-06-25,,https://www.snjhkk.com/s_r_52852/index.html,不適合
家っち(新日本住建販売) 清水町 土地一覧,清水町,更地,土地カテゴリ（建物表記なし）,静岡県駿東郡清水町徳倉,1850,300.6,20.3,1500,—,—,,不明,接道・区分情報なし、詳細/役場で要確認,,2026-06-25,,https://www.snjhkk.com/s_r_40275/index.html,不適合
LIFULL 土地 長泉町,長泉町,更地,土地カテゴリ（建物表記なし）,長泉町竹原分譲地II　7区画,2240,165.5,44.7,1500,—,—,,不明,接道・区分情報なし、詳細/役場で要確認,,2026-06-19,,https://www.homes.co.jp/tochi/b-17069030000022/,不適合
LIFULL 土地 長泉町,長泉町,更地,土地カテゴリ（建物表記なし）,長泉町桜堤分譲地　6区画,2840,168.1,55.9,1500,—,—,,不明,接道・区分情報なし、詳細/役場で要確認,,2026-06-19,,https://www.homes.co.jp/tochi/b-17069030000016/,不適合
LIFULL 土地 長泉町,長泉町,更地,土地カテゴリ（建物表記なし）,長泉町竹原分譲地,2130,166.3,42.3,1500,—,—,,不明,接道・区分情報なし、詳細/役場で要確認,,2026-06-19,,https://www.homes.co.jp/tochi/b-17069030000018/,不適合
LIFULL 土地 長泉町,長泉町,更地,土地カテゴリ（建物表記なし）,駿東郡長泉町下土狩 (下土狩駅),2980,,,1500,—,—,,不明,接道・区分情報なし、詳細/役場で要確認,,2026-07-13,,https://www.homes.co.jp/tochi/b-1504400000779/,数値不明
LIFULL 土地 長泉町,長泉町,古家付き土地,土地＋古家/上物の表記,駿東郡長泉町下土狩 (下土狩駅),4000,,,1500,—,—,,不明,接道・区分情報なし。建物ありだが現行法での再建築可否は役場で要確認,,2026-07-02,,https://www.homes.co.jp/tochi/b-33320790000076/,数値不明
LIFULL 土地 長泉町,長泉町,古家付き土地,土地＋古家/上物の表記,駿東郡長泉町下土狩 (下土狩駅),3400,,,1500,—,—,,不明,接道・区分情報なし。建物ありだが現行法での再建築可否は役場で要確認,,2026-07-02,,https://www.homes.co.jp/tochi/b-33320790000075/,数値不明
LIFULL 土地 長泉町,長泉町,更地,土地カテゴリ（建物表記なし）,駿東郡長泉町元長窪 (三島駅),850,,,1500,—,—,,不明,接道・区分情報なし、詳細/役場で要確認,,2026-06-19,,https://www.homes.co.jp/tochi/b-33326400000177/,数値不明
LIFULL 土地 長泉町,長泉町,更地,土地カテゴリ（建物表記なし）,駿東郡長泉町竹原 (下土狩駅),800,,,1500,—,—,,不明,接道・区分情報なし、詳細/役場で要確認,,2026-06-19,,https://www.homes.co.jp/tochi/b-33334000000019/,数値不明
LIFULL 土地 長泉町,長泉町,更地,土地カテゴリ（建物表記なし）,駿東郡長泉町上土狩 (長泉なめり駅),2140,,,1500,—,—,,不明,接道・区分情報なし、詳細/役場で要確認,,2026-07-15,,https://www.homes.co.jp/tochi/b-33318160000128/,数値不明
LIFULL 土地 長泉町,長泉町,更地,土地カテゴリ（建物表記なし）,駿東郡長泉町本宿 (大岡駅),1580,,,1500,—,—,,不明,接道・区分情報なし、詳細/役場で要確認,,2026-07-21,,https://www.homes.co.jp/tochi/b-33327210001561/,数値不明
LIFULL 土地 長泉町,長泉町,古家付き土地,土地＋古家/上物の表記,駿東郡長泉町中土狩 (長泉なめり駅),1990,,,1500,—,—,,不明,接道・区分情報なし。建物ありだが現行法での再建築可否は役場で要確認,,2026-07-24,,https://www.homes.co.jp/tochi/b-1265050002682/,数値不明
LIFULL 土地 長泉町,長泉町,更地,土地カテゴリ（建物表記なし）,駿東郡長泉町南一色 (長泉なめり駅),2200,,,1500,—,—,,不明,接道・区分情報なし、詳細/役場で要確認,,2026-06-19,,https://www.homes.co.jp/tochi/b-1500050000587/,数値不明
LIFULL 土地 長泉町,長泉町,古家付き土地,土地＋古家/上物の表記,駿東郡長泉町下長窪 (長泉なめり駅),2850,,,1500,—,—,,不明,接道・区分情報なし。建物ありだが現行法での再建築可否は役場で要確認,,2026-06-19,注意:要相談,https://www.homes.co.jp/tochi/b-1500050000641/,数値不明
LIFULL 土地 長泉町,長泉町,更地,土地カテゴリ（建物表記なし）,駿東郡長泉町東野 (長泉なめり駅),3900,,,1500,—,—,,不明,接道・区分情報なし、詳細/役場で要確認,,2026-07-18,,https://www.homes.co.jp/tochi/b-1500050000684/,数値不明
LIFULL 土地 長泉町,長泉町,更地,土地カテゴリ（建物表記なし）,駿東郡長泉町上土狩 (長泉なめり駅),2580,,,1500,—,—,,不明,接道・区分情報なし、詳細/役場で要確認,,2026-07-15,,https://www.homes.co.jp/tochi/b-33318160000130/,数値不明
LIFULL 土地 長泉町,長泉町,更地,土地カテゴリ（建物表記なし）,駿東郡長泉町東野 (長泉なめり駅),1100,,,1500,宅地,—,,不明,接道・区分情報なし、詳細/役場で要確認,,2026-06-19,,https://www.homes.co.jp/tochi/b-1265050002513/,数値不明
LIFULL 土地 長泉町,長泉町,更地,土地カテゴリ（建物表記なし）,駿東郡長泉町納米里 (長泉なめり駅),2500,,,1500,田,—,,不明,接道・区分情報なし、詳細/役場で要確認,,2026-06-19,,https://www.homes.co.jp/tochi/b-1540930000250/,数値不明
LIFULL 土地 長泉町,長泉町,更地,土地カテゴリ（建物表記なし）,駿東郡長泉町東野 (裾野駅),700,,,1500,—,—,,不明,接道・区分情報なし、詳細/役場で要確認,,2026-06-19,,https://www.homes.co.jp/tochi/b-33323360001004/,数値不明
LIFULL 土地 長泉町,長泉町,古家付き土地,土地＋古家/上物の表記,駿東郡長泉町下土狩 (下土狩駅),530,,,1500,—,—,,不明,接道・区分情報なし。建物ありだが現行法での再建築可否は役場で要確認,,2026-07-14,,https://www.homes.co.jp/tochi/b-33300610000008/,数値不明
LIFULL 土地 長泉町,長泉町,古家付き土地,土地＋古家/上物の表記,駿東郡長泉町本宿 (大岡駅),1580,,,1500,—,—,,不明,接道・区分情報なし。建物ありだが現行法での再建築可否は役場で要確認,,2026-06-19,,https://www.homes.co.jp/tochi/b-33323360000767/,数値不明
LIFULL 土地 長泉町,長泉町,古家付き土地,土地＋古家/上物の表記,駿東郡長泉町東野 (裾野駅),2600,,,1500,—,—,,不明,接道・区分情報なし。建物ありだが現行法での再建築可否は役場で要確認,,2026-06-19,,https://www.homes.co.jp/tochi/b-33323360000908/,数値不明
LIFULL 土地 長泉町,長泉町,更地,土地カテゴリ（建物表記なし）,駿東郡長泉町竹原 (下土狩駅),800,,,1500,田,—,,不明,接道・区分情報なし、詳細/役場で要確認,,2026-06-19,,https://www.homes.co.jp/tochi/b-1540930000029/,数値不明
SUUMO 土地 伊東市,伊東市,更地,土地カテゴリ（建物表記なし）,静岡県伊東市富戸１３１７－１１０６,60,383.0,0.5,3000,—,—,,不明,接道・区分情報なし、詳細/役場で要確認,,2026-07-12,,https://suumo.jp/tochi/shizuoka/sc_ito/nc_20859225/,不適合
SUUMO 土地 伊東市,伊東市,更地,土地カテゴリ（建物表記なし）,静岡県伊東市富戸1317-1106,60,383.0,0.5,3000,—,—,,不明,接道・区分情報なし、詳細/役場で要確認,,2026-07-18,,https://suumo.jp/tochi/shizuoka/sc_ito/nc_20858161/,不適合
SUUMO 土地 伊東市,伊東市,更地,土地カテゴリ（建物表記なし）,静岡県伊東市荻,80,398.0,0.7,3000,—,—,,不明,接道・区分情報なし、詳細/役場で要確認,,2026-07-12,,https://suumo.jp/tochi/shizuoka/sc_ito/nc_20043703/,不適合
SUUMO 土地 伊東市,伊東市,古家付き土地,土地＋古家/上物の表記,静岡県伊東市富戸,100,433.0,0.8,3000,—,—,,不明,接道・区分情報なし。建物ありだが現行法での再建築可否は役場で要確認,,2026-07-12,注意:別荘地,https://suumo.jp/tochi/shizuoka/sc_ito/nc_79175938/,不適合
SUUMO 土地 伊東市,伊東市,更地,土地カテゴリ（建物表記なし）,静岡県伊東市池,100,1028.0,0.3,3000,—,—,,不明,接道・区分情報なし、詳細/役場で要確認,,2026-07-12,,https://suumo.jp/tochi/shizuoka/sc_ito/nc_20828181/,適合
SUUMO 土地 伊東市,伊東市,更地,土地カテゴリ（建物表記なし）,静岡県伊東市八幡野,100,647.0,0.5,3000,—,—,,不明,接道・区分情報なし、詳細/役場で要確認,,2026-07-12,,https://suumo.jp/tochi/shizuoka/sc_ito/nc_78771151/,不適合
SUUMO 土地 伊東市,伊東市,更地,土地カテゴリ（建物表記なし）,静岡県伊東市八幡野,100,495.0,0.7,3000,—,—,,不明,接道・区分情報なし、詳細/役場で要確認,,2026-07-12,,https://suumo.jp/tochi/shizuoka/sc_ito/nc_20874664/,不適合
SUUMO 土地 伊東市,伊東市,更地,土地カテゴリ（建物表記なし）,静岡県伊東市八幡野,100,589.0,0.6,3000,—,—,,不明,接道・区分情報なし、詳細/役場で要確認,,2026-07-12,,https://suumo.jp/tochi/shizuoka/sc_ito/nc_20752795/,不適合
SUUMO 土地 伊東市,伊東市,更地,土地カテゴリ（建物表記なし）,静岡県伊東市八幡野,140,576.0,0.8,3000,—,—,,不明,接道・区分情報なし、詳細/役場で要確認,,2026-07-12,,https://suumo.jp/tochi/shizuoka/sc_ito/nc_20944609/,不適合
SUUMO 土地 伊東市,伊東市,更地,土地カテゴリ（建物表記なし）,静岡県伊東市荻,150,398.0,1.2,3000,—,—,,不明,接道・区分情報なし、詳細/役場で要確認,,2026-07-12,,https://suumo.jp/tochi/shizuoka/sc_ito/nc_78771153/,不適合
SUUMO 土地 伊東市,伊東市,更地,土地カテゴリ（建物表記なし）,静岡県伊東市八幡野1588-34,180,343.0,1.7,3000,—,—,,不明,接道・区分情報なし、詳細/役場で要確認,,2026-07-12,注意:温泉,https://suumo.jp/tochi/shizuoka/sc_ito/nc_75422733/,不適合
SUUMO 土地 伊東市,伊東市,更地,土地カテゴリ（建物表記なし）,静岡県伊東市十足,180,595.0,1.0,3000,—,—,,不明,接道・区分情報なし、詳細/役場で要確認,,2026-07-12,,https://suumo.jp/tochi/shizuoka/sc_ito/nc_78771141/,不適合
SUUMO 土地 伊東市,伊東市,更地,土地カテゴリ（建物表記なし）,静岡県伊東市荻472番70,198,200.9,3.3,3000,—,—,,不明,接道・区分情報なし、詳細/役場で要確認,,2026-07-12,,https://suumo.jp/tochi/shizuoka/sc_ito/nc_78684923/,不適合
SUUMO 土地 伊東市,伊東市,更地,土地カテゴリ（建物表記なし）,静岡県伊東市池,200,505.0,1.3,3000,—,—,,不明,接道・区分情報なし、詳細/役場で要確認,,2026-07-12,,https://suumo.jp/tochi/shizuoka/sc_ito/nc_20752778/,不適合
SUUMO 土地 伊東市,伊東市,更地,土地カテゴリ（建物表記なし）,静岡県伊東市八幡野,200,429.0,1.5,3000,—,—,,不明,接道・区分情報なし、詳細/役場で要確認,,2026-07-12,,https://suumo.jp/tochi/shizuoka/sc_ito/nc_78771143/,不適合
SUUMO 土地 伊東市,伊東市,更地,土地カテゴリ（建物表記なし）,静岡県伊東市荻,200,235.0,2.8,3000,—,—,,不明,接道・区分情報なし、詳細/役場で要確認,,2026-07-12,,https://suumo.jp/tochi/shizuoka/sc_ito/nc_20752781/,不適合
SUUMO 土地 伊東市,伊東市,更地,土地カテゴリ（建物表記なし）,静岡県伊東市八幡野,250,219.0,3.8,3000,—,—,,不明,接道・区分情報なし、詳細/役場で要確認,,2026-07-13,,https://suumo.jp/tochi/shizuoka/sc_ito/nc_20752773/,不適合
SUUMO 土地 伊東市,伊東市,更地,土地カテゴリ（建物表記なし）,静岡県伊東市富戸,300,459.0,2.2,3000,—,—,,不明,接道・区分情報なし、詳細/役場で要確認,,2026-07-12,,https://suumo.jp/tochi/shizuoka/sc_ito/nc_77949274/,不適合
SUUMO 土地 伊東市,伊東市,更地,土地カテゴリ（建物表記なし）,静岡県伊東市鎌田,300,168.6,5.9,3000,田,—,,不明,接道・区分情報なし、詳細/役場で要確認,,2026-07-12,,https://suumo.jp/tochi/shizuoka/sc_ito/nc_96491569/,不適合
SUUMO 土地 伊東市,伊東市,更地,土地カテゴリ（建物表記なし）,静岡県伊東市富戸１３１７－４９１６,300,1090.0,0.9,3000,—,—,,不明,接道・区分情報なし、詳細/役場で要確認,,2026-07-13,,https://suumo.jp/tochi/shizuoka/sc_ito/nc_78683220/,適合
SUUMO 土地 伊東市,伊東市,更地,土地カテゴリ（建物表記なし）,静岡県伊東市十足,300,1315.0,0.8,3000,—,—,,不明,接道・区分情報なし、詳細/役場で要確認,,2026-07-12,,https://suumo.jp/tochi/shizuoka/sc_ito/nc_72490119/,適合
SUUMO 土地 伊東市,伊東市,更地,土地カテゴリ（建物表記なし）,静岡県伊東市富戸,300,1090.0,0.9,3000,—,—,,不明,接道・区分情報なし、詳細/役場で要確認,,2026-07-12,,https://suumo.jp/tochi/shizuoka/sc_ito/nc_78682886/,適合
SUUMO 土地 伊東市,伊東市,更地,土地カテゴリ（建物表記なし）,静岡県伊東市富戸,300,1167.8,0.8,3000,—,—,,不明,接道・区分情報なし、詳細/役場で要確認,,2026-07-12,,https://suumo.jp/tochi/shizuoka/sc_ito/nc_78665689/,適合
SUUMO 土地 伊東市,伊東市,更地,土地カテゴリ（建物表記なし）,静岡県伊東市宇佐美,350,119.7,9.7,3000,—,—,,不明,接道・区分情報なし、詳細/役場で要確認,,2026-07-12,,https://suumo.jp/tochi/shizuoka/sc_ito/nc_20346620/,不適合
SUUMO 土地 伊東市,伊東市,更地,土地カテゴリ（建物表記なし）,静岡県伊東市富戸,363,588.0,2.0,3000,—,—,,不明,接道・区分情報なし、詳細/役場で要確認,,2026-07-12,,https://suumo.jp/tochi/shizuoka/sc_ito/nc_20752794/,不適合
SUUMO 土地 伊東市,伊東市,更地,土地カテゴリ（建物表記なし）,静岡県伊東市富戸,400,416.0,3.2,3000,—,—,,不明,接道・区分情報なし、詳細/役場で要確認,,2026-07-12,,https://suumo.jp/tochi/shizuoka/sc_ito/nc_79052523/,不適合
SUUMO 土地 伊東市,伊東市,更地,土地カテゴリ（建物表記なし）,静岡県伊東市富戸,400,530.0,2.5,3000,—,—,,不明,接道・区分情報なし、詳細/役場で要確認,,2026-07-12,,https://suumo.jp/tochi/shizuoka/sc_ito/nc_73639440/,不適合
SUUMO 土地 伊東市,伊東市,更地,土地カテゴリ（建物表記なし）,静岡県伊東市荻,400,244.0,5.4,3000,—,—,,不明,接道・区分情報なし、詳細/役場で要確認,,2026-07-12,,https://suumo.jp/tochi/shizuoka/sc_ito/nc_20762543/,不適合
SUUMO 土地 伊東市,伊東市,更地,土地カテゴリ（建物表記なし）,静岡県伊東市池615-63,400,414.0,3.2,3000,—,—,,不明,接道・区分情報なし、詳細/役場で要確認,,2026-07-12,,https://suumo.jp/tochi/shizuoka/sc_ito/nc_76445688/,不適合
SUUMO 土地 伊東市,伊東市,更地,土地カテゴリ（建物表記なし）,静岡県伊東市富戸,400,745.0,1.8,3000,—,—,,不明,接道・区分情報なし、詳細/役場で要確認,,2026-07-12,,https://suumo.jp/tochi/shizuoka/sc_ito/nc_20752790/,不適合
SUUMO 土地 伊東市,伊東市,更地,土地カテゴリ（建物表記なし）,静岡県伊東市八幡野,400,430.1,3.1,3000,—,—,,不明,接道・区分情報なし、詳細/役場で要確認,,2026-07-12,,https://suumo.jp/tochi/shizuoka/sc_ito/nc_91647403/,不適合
SUUMO 土地 伊東市,伊東市,更地,土地カテゴリ（建物表記なし）,静岡県伊東市八幡野,400,621.0,2.1,3000,—,—,,不明,接道・区分情報なし、詳細/役場で要確認,,2026-07-12,,https://suumo.jp/tochi/shizuoka/sc_ito/nc_20877557/,不適合
SUUMO 土地 伊東市,伊東市,更地,土地カテゴリ（建物表記なし）,静岡県伊東市富戸,431,442.0,3.2,3000,—,—,,不明,接道・区分情報なし、詳細/役場で要確認,,2026-07-12,,https://suumo.jp/tochi/shizuoka/sc_ito/nc_79052525/,不適合
SUUMO 土地 伊東市,伊東市,更地,土地カテゴリ（建物表記なし）,静岡県伊東市池,450,481.0,3.1,3000,—,—,,不明,接道・区分情報なし、詳細/役場で要確認,,2026-07-12,,https://suumo.jp/tochi/shizuoka/sc_ito/nc_71910245/,不適合
SUUMO 土地 伊東市,伊東市,更地,土地カテゴリ（建物表記なし）,静岡県伊東市湯川,450,387.6,3.8,3000,—,—,,不明,接道・区分情報なし、詳細/役場で要確認,,2026-07-12,,https://suumo.jp/tochi/shizuoka/sc_ito/nc_78771152/,不適合
SUUMO 土地 伊東市,伊東市,更地,土地カテゴリ（建物表記なし）,静岡県伊東市鎌田194-1,450,454.1,3.3,3000,田,—,,不明,接道・区分情報なし、詳細/役場で要確認,,2026-07-18,,https://suumo.jp/tochi/shizuoka/sc_ito/nc_21317479/,不適合
SUUMO 土地 伊東市,伊東市,更地,土地カテゴリ（建物表記なし）,静岡県伊東市富戸,450,572.0,2.6,3000,—,—,,不明,接道・区分情報なし、詳細/役場で要確認,,2026-07-12,,https://suumo.jp/tochi/shizuoka/sc_ito/nc_20752760/,不適合
SUUMO 土地 伊東市,伊東市,更地,土地カテゴリ（建物表記なし）,静岡県伊東市鎌田,450,298.0,5.0,3000,田,—,,不明,接道・区分情報なし、詳細/役場で要確認,,2026-07-12,,https://suumo.jp/tochi/shizuoka/sc_ito/nc_20752788/,不適合
SUUMO 土地 伊東市,伊東市,更地,土地カテゴリ（建物表記なし）,静岡県伊東市十足,480,563.0,2.8,3000,—,—,,不明,接道・区分情報なし、詳細/役場で要確認,,2026-07-12,,https://suumo.jp/tochi/shizuoka/sc_ito/nc_74443374/,不適合
SUUMO 土地 伊東市,伊東市,更地,土地カテゴリ（建物表記なし）,静岡県伊東市宇佐美,480,208.3,7.6,3000,—,—,,不明,接道・区分情報なし、詳細/役場で要確認,,2026-07-12,,https://suumo.jp/tochi/shizuoka/sc_ito/nc_20438119/,不適合
SUUMO 土地 伊東市,伊東市,更地,土地カテゴリ（建物表記なし）,静岡県伊東市馬場町２,480,165.3,9.6,3000,—,—,,不明,接道・区分情報なし、詳細/役場で要確認,,2026-07-12,,https://suumo.jp/tochi/shizuoka/sc_ito/nc_21193733/,不適合
SUUMO 土地 伊東市,伊東市,更地,土地カテゴリ（建物表記なし）,静岡県伊東市荻,490,420.0,3.9,3000,—,—,,不明,接道・区分情報なし、詳細/役場で要確認,,2026-07-12,,https://suumo.jp/tochi/shizuoka/sc_ito/nc_73835740/,不適合
SUUMO 土地 伊東市,伊東市,更地,土地カテゴリ（建物表記なし）,静岡県伊東市富戸,500,1334.0,1.2,3000,—,—,,不明,接道・区分情報なし、詳細/役場で要確認,,2026-07-12,,https://suumo.jp/tochi/shizuoka/sc_ito/nc_20198016/,適合
SUUMO 土地 伊東市,伊東市,更地,土地カテゴリ（建物表記なし）,静岡県伊東市八幡野,500,115.7,14.3,3000,—,—,,不明,接道・区分情報なし、詳細/役場で要確認,,2026-07-12,,https://suumo.jp/tochi/shizuoka/sc_ito/nc_20063799/,不適合
SUUMO 土地 伊東市,伊東市,更地,土地カテゴリ（建物表記なし）,静岡県伊東市富戸,500,486.0,3.4,3000,—,—,,不明,接道・区分情報なし、詳細/役場で要確認,,2026-07-12,,https://suumo.jp/tochi/shizuoka/sc_ito/nc_74345425/,不適合
SUUMO 土地 伊東市,伊東市,更地,土地カテゴリ（建物表記なし）,静岡県伊東市十足,500,470.0,3.5,3000,—,—,,不明,接道・区分情報なし、詳細/役場で要確認,,2026-07-12,,https://suumo.jp/tochi/shizuoka/sc_ito/nc_76308290/,不適合
SUUMO 土地 伊東市,伊東市,更地,土地カテゴリ（建物表記なし）,静岡県伊東市静海町,500,101.0,16.4,3000,—,—,,不明,接道・区分情報なし、詳細/役場で要確認,,2026-07-12,,https://suumo.jp/tochi/shizuoka/sc_ito/nc_78771154/,不適合
SUUMO 土地 伊東市,伊東市,更地,土地カテゴリ（建物表記なし）,静岡県伊東市富戸,500,615.6,2.7,3000,—,—,,不明,接道・区分情報なし、詳細/役場で要確認,,2026-07-12,,https://suumo.jp/tochi/shizuoka/sc_ito/nc_20752894/,不適合
SUUMO 土地 伊東市,伊東市,更地,土地カテゴリ（建物表記なし）,静岡県伊東市八幡野,500,436.0,3.8,3000,—,—,,不明,接道・区分情報なし、詳細/役場で要確認,,2026-07-12,,https://suumo.jp/tochi/shizuoka/sc_ito/nc_84391595/,不適合
SUUMO 土地 伊東市,伊東市,更地,土地カテゴリ（建物表記なし）,静岡県伊東市鎌田,540,119.8,14.9,3000,田,—,,不明,接道・区分情報なし、詳細/役場で要確認,,2026-07-24,,https://suumo.jp/tochi/shizuoka/sc_ito/nc_79181624/,不適合
SUUMO 土地 伊東市,伊東市,更地,土地カテゴリ（建物表記なし）,静岡県伊東市川奈,555,662.0,2.8,3000,—,—,,不明,接道・区分情報なし、詳細/役場で要確認,,2026-07-12,注意:別荘地,https://suumo.jp/tochi/shizuoka/sc_ito/nc_20526938/,不適合
SUUMO 土地 伊東市,伊東市,更地,土地カテゴリ（建物表記なし）,静岡県伊東市池,600,667.0,3.0,3000,—,—,,不明,接道・区分情報なし、詳細/役場で要確認,,2026-07-12,,https://suumo.jp/tochi/shizuoka/sc_ito/nc_76393263/,不適合
SUUMO 土地 伊東市,伊東市,更地,土地カテゴリ（建物表記なし）,静岡県伊東市富戸,620,230.5,8.9,3000,—,—,,不明,接道・区分情報なし、詳細/役場で要確認,,2026-07-24,,https://suumo.jp/tochi/shizuoka/sc_ito/nc_79181443/,不適合
SUUMO 土地 伊東市,伊東市,更地,土地カテゴリ（建物表記なし）,静岡県伊東市大原３,680,122.0,18.4,3000,—,—,,不明,接道・区分情報なし、詳細/役場で要確認,,2026-07-12,,https://suumo.jp/tochi/shizuoka/sc_ito/nc_21260737/,不適合
SUUMO 土地 伊東市,伊東市,更地,土地カテゴリ（建物表記なし）,静岡県伊東市八幡野,680,291.4,7.7,3000,—,—,,不明,接道・区分情報なし、詳細/役場で要確認,,2026-07-12,,https://suumo.jp/tochi/shizuoka/sc_ito/nc_71082388/,不適合
SUUMO 土地 伊東市,伊東市,更地,土地カテゴリ（建物表記なし）,静岡県伊東市八幡野,700,314.0,7.4,3000,—,—,,不明,接道・区分情報なし、詳細/役場で要確認,,2026-07-12,,https://suumo.jp/tochi/shizuoka/sc_ito/nc_66521648/,不適合
SUUMO 土地 伊東市,伊東市,更地,土地カテゴリ（建物表記なし）,静岡県伊東市富戸,780,660.0,3.9,3000,—,—,,不明,接道・区分情報なし、詳細/役場で要確認,,2026-07-24,,https://suumo.jp/tochi/shizuoka/sc_ito/nc_74959047/,不適合
SUUMO 土地 伊東市,伊東市,更地,土地カテゴリ（建物表記なし）,静岡県伊東市八幡野,780,347.0,7.4,3000,—,—,,不明,接道・区分情報なし、詳細/役場で要確認,,2026-07-12,,https://suumo.jp/tochi/shizuoka/sc_ito/nc_20976084/,不適合
SUUMO 土地 伊東市,伊東市,更地,土地カテゴリ（建物表記なし）,静岡県伊東市川奈1315-9他,800,187.1,14.1,3000,—,—,,不明,接道・区分情報なし、詳細/役場で要確認,,2026-07-12,,https://suumo.jp/tochi/shizuoka/sc_ito/nc_71739867/,不適合
SUUMO 土地 伊東市,伊東市,更地,土地カテゴリ（建物表記なし）,静岡県伊東市鎌田,800,132.6,19.9,3000,田,—,,不明,接道・区分情報なし、詳細/役場で要確認,,2026-07-12,,https://suumo.jp/tochi/shizuoka/sc_ito/nc_82209132/,不適合
SUUMO 土地 伊東市,伊東市,更地,土地カテゴリ（建物表記なし）,静岡県伊東市八幡野,830,633.0,4.3,3000,—,—,,不明,接道・区分情報なし、詳細/役場で要確認,,2026-07-12,,https://suumo.jp/tochi/shizuoka/sc_ito/nc_76831760/,不適合
SUUMO 土地 伊東市,伊東市,更地,土地カテゴリ（建物表記なし）,静岡県伊東市猪戸１-6-20,850,79.3,35.4,3000,—,—,,不明,接道・区分情報なし、詳細/役場で要確認,,2026-07-12,,https://suumo.jp/tochi/shizuoka/sc_ito/nc_21121425/,不適合
SUUMO 土地 伊東市,伊東市,更地,土地カテゴリ（建物表記なし）,静岡県伊東市宇佐美,850,181.8,15.5,3000,—,—,,不明,接道・区分情報なし、詳細/役場で要確認,,2026-07-12,,https://suumo.jp/tochi/shizuoka/sc_ito/nc_20212854/,不適合
SUUMO 土地 伊東市,伊東市,更地,土地カテゴリ（建物表記なし）,静岡県伊東市宇佐美,880,166.0,17.5,3000,—,—,,不明,接道・区分情報なし、詳細/役場で要確認,,2026-07-12,注意:温泉,https://suumo.jp/tochi/shizuoka/sc_ito/nc_78771142/,不適合
SUUMO 土地 伊東市,伊東市,更地,土地カテゴリ（建物表記なし）,静岡県伊東市玖須美元和田,880,174.4,16.7,3000,田,—,,不明,接道・区分情報なし、詳細/役場で要確認,,2026-07-12,,https://suumo.jp/tochi/shizuoka/sc_ito/nc_78771149/,不適合
SUUMO 土地 伊東市,伊東市,更地,土地カテゴリ（建物表記なし）,静岡県伊東市八幡野,900,442.0,6.7,3000,—,—,,不明,接道・区分情報なし、詳細/役場で要確認,,2026-07-12,,https://suumo.jp/tochi/shizuoka/sc_ito/nc_78771157/,不適合
SUUMO 土地 伊東市,伊東市,更地,土地カテゴリ（建物表記なし）,静岡県伊東市八幡野,900,611.0,4.9,3000,—,—,,不明,接道・区分情報なし、詳細/役場で要確認,,2026-07-12,,https://suumo.jp/tochi/shizuoka/sc_ito/nc_20100259/,不適合
SUUMO 土地 伊東市,伊東市,更地,土地カテゴリ（建物表記なし）,静岡県伊東市玖須美元和田,930,166.6,18.5,3000,田,—,,不明,接道・区分情報なし、詳細/役場で要確認,,2026-07-12,,https://suumo.jp/tochi/shizuoka/sc_ito/nc_78771146/,不適合
SUUMO 土地 伊東市,伊東市,更地,土地カテゴリ（建物表記なし）,静岡県伊東市富戸,950,370.0,8.5,3000,—,—,,不明,接道・区分情報なし、詳細/役場で要確認,,2026-07-12,,https://suumo.jp/tochi/shizuoka/sc_ito/nc_78581075/,不適合
SUUMO 土地 伊東市,伊東市,更地,土地カテゴリ（建物表記なし）,静岡県伊東市玖須美元和田,950,166.6,18.9,3000,田,—,,不明,接道・区分情報なし、詳細/役場で要確認,,2026-07-12,,https://suumo.jp/tochi/shizuoka/sc_ito/nc_78771145/,不適合
SUUMO 土地 伊東市,伊東市,更地,土地カテゴリ（建物表記なし）,静岡県伊東市川奈,950,254.3,12.3,3000,—,—,,不明,接道・区分情報なし、詳細/役場で要確認,,2026-07-19,,https://suumo.jp/tochi/shizuoka/sc_ito/nc_21322989/,不適合
SUUMO 土地 伊東市,伊東市,更地,土地カテゴリ（建物表記なし）,静岡県伊東市富戸,950,486.0,6.5,3000,—,—,,不明,接道・区分情報なし、詳細/役場で要確認,,2026-07-23,,https://suumo.jp/tochi/shizuoka/sc_ito/nc_21341840/,不適合
SUUMO 土地 伊東市,伊東市,更地,土地カテゴリ（建物表記なし）,静岡県伊東市玖須美元和田,950,205.5,15.3,3000,田,—,,不明,接道・区分情報なし、詳細/役場で要確認,,2026-07-12,,https://suumo.jp/tochi/shizuoka/sc_ito/nc_78771150/,不適合
SUUMO 土地 伊東市,伊東市,更地,土地カテゴリ（建物表記なし）,静岡県伊東市宇佐美1661-21,980,159.9,20.3,3000,—,—,,不明,接道・区分情報なし、詳細/役場で要確認,,2026-07-12,,https://suumo.jp/tochi/shizuoka/sc_ito/nc_20607113/,不適合
SUUMO 土地 伊東市,伊東市,更地,土地カテゴリ（建物表記なし）,静岡県伊東市八幡野,980,9646.0,0.3,3000,—,—,接道の可能性があり、事業用地,不明,接道・区分情報なし、詳細/役場で要確認,,2026-07-12,,https://suumo.jp/tochi/shizuoka/sc_ito/nc_78778290/,適合
SUUMO 土地 伊東市,伊東市,更地,土地カテゴリ（建物表記なし）,静岡県伊東市八幡野,980,517.0,6.3,3000,—,—,,不明,接道・区分情報なし、詳細/役場で要確認,,2026-07-12,,https://suumo.jp/tochi/shizuoka/sc_ito/nc_66521755/,不適合
SUUMO 土地 伊東市,伊東市,更地,土地カテゴリ（建物表記なし）,静岡県伊東市玖須美元和田,980,188.8,17.2,3000,田,—,,不明,接道・区分情報なし、詳細/役場で要確認,,2026-07-12,,https://suumo.jp/tochi/shizuoka/sc_ito/nc_78771147/,不適合
SUUMO 土地 伊東市,伊東市,更地,土地カテゴリ（建物表記なし）,静岡県伊東市富戸,980,407.8,7.9,3000,—,—,,不明,接道・区分情報なし、詳細/役場で要確認,,2026-07-12,,https://suumo.jp/tochi/shizuoka/sc_ito/nc_97159100/,不適合
SUUMO 土地 伊東市,伊東市,更地,土地カテゴリ（建物表記なし）,静岡県伊東市玖須美元和田,980,198.2,16.3,3000,田,—,,不明,接道・区分情報なし、詳細/役場で要確認,,2026-07-12,,https://suumo.jp/tochi/shizuoka/sc_ito/nc_78771148/,不適合
SUUMO 土地 伊東市,伊東市,更地,土地カテゴリ（建物表記なし）,静岡県伊東市吉田,1000,659.2,5.0,3000,田,—,,不明,接道・区分情報なし、詳細/役場で要確認,,2026-07-12,,https://suumo.jp/tochi/shizuoka/sc_ito/nc_66521179/,不適合
SUUMO 土地 伊東市,伊東市,更地,土地カテゴリ（建物表記なし）,静岡県伊東市八幡野,1000,666.6,5.0,3000,—,—,,不明,接道・区分情報なし、詳細/役場で要確認,,2026-07-12,,https://suumo.jp/tochi/shizuoka/sc_ito/nc_20752792/,不適合
SUUMO 土地 伊東市,伊東市,更地,土地カテゴリ（建物表記なし）,静岡県伊東市富戸,1000,514.0,6.4,3000,—,—,,不明,接道・区分情報なし、詳細/役場で要確認,,2026-07-12,,https://suumo.jp/tochi/shizuoka/sc_ito/nc_72536148/,不適合
SUUMO 土地 伊東市,伊東市,更地,土地カテゴリ（建物表記なし）,静岡県伊東市八幡野,1000,218.0,15.2,3000,—,—,,不明,接道・区分情報なし、詳細/役場で要確認,,2026-07-12,,https://suumo.jp/tochi/shizuoka/sc_ito/nc_21002063/,不適合
SUUMO 土地 伊東市,伊東市,更地,土地カテゴリ（建物表記なし）,静岡県伊東市八幡野,1100,230.0,15.8,3000,—,—,,不明,接道・区分情報なし、詳細/役場で要確認,,2026-07-12,,https://suumo.jp/tochi/shizuoka/sc_ito/nc_21001998/,不適合
SUUMO 土地 伊東市,伊東市,更地,土地カテゴリ（建物表記なし）,静岡県伊東市八幡野,1200,940.0,4.2,3000,—,—,,不明,接道・区分情報なし、詳細/役場で要確認,,2026-07-12,,https://suumo.jp/tochi/shizuoka/sc_ito/nc_20752791/,不適合
SUUMO 土地 伊東市,伊東市,更地,土地カテゴリ（建物表記なし）,静岡県伊東市川奈,1240,534.0,7.7,3000,—,—,,不明,接道・区分情報なし、詳細/役場で要確認,,2026-07-12,,https://suumo.jp/tochi/shizuoka/sc_ito/nc_83505648/,不適合
SUUMO 土地 伊東市,伊東市,更地,土地カテゴリ（建物表記なし）,静岡県伊東市八幡野,1260,354.8,11.7,3000,—,—,,不明,接道・区分情報なし、詳細/役場で要確認,,2026-07-12,,https://suumo.jp/tochi/shizuoka/sc_ito/nc_74375259/,不適合
SUUMO 土地 伊東市,伊東市,更地,土地カテゴリ（建物表記なし）,静岡県伊東市鎌田,1320,481.6,9.1,3000,田,—,,不明,接道・区分情報なし、詳細/役場で要確認,,2026-07-18,,https://suumo.jp/tochi/shizuoka/sc_ito/nc_20900797/,不適合
SUUMO 土地 伊東市,伊東市,更地,土地カテゴリ（建物表記なし）,静岡県伊東市鎌田７７６－３、７７６－２,1320,481.6,9.1,3000,田,—,,不明,接道・区分情報なし、詳細/役場で要確認,,2026-07-12,,https://suumo.jp/tochi/shizuoka/sc_ito/nc_78521815/,不適合
SUUMO 土地 伊東市,伊東市,更地,土地カテゴリ（建物表記なし）,静岡県伊東市八幡野,1400,638.0,7.3,3000,—,—,,不明,接道・区分情報なし、詳細/役場で要確認,,2026-07-12,,https://suumo.jp/tochi/shizuoka/sc_ito/nc_20828165/,不適合
SUUMO 土地 伊東市,伊東市,更地,土地カテゴリ（建物表記なし）,静岡県伊東市大原１-１１３７－４,1440,198.4,24.0,3000,—,—,,不明,接道・区分情報なし、詳細/役場で要確認,,2026-07-12,,https://suumo.jp/tochi/shizuoka/sc_ito/nc_20865970/,不適合
SUUMO 土地 伊東市,伊東市,更地,土地カテゴリ（建物表記なし）,静岡県伊東市大原１-1137-4,1440,198.4,24.0,3000,田,—,,不明,接道・区分情報なし、詳細/役場で要確認,,2026-07-12,,https://suumo.jp/tochi/shizuoka/sc_ito/nc_20814503/,不適合
SUUMO 土地 伊東市,伊東市,更地,土地カテゴリ（建物表記なし）,静岡県伊東市富戸,1480,506.0,9.7,3000,—,—,,不明,接道・区分情報なし、詳細/役場で要確認,,2026-07-12,,https://suumo.jp/tochi/shizuoka/sc_ito/nc_20863197/,不適合
SUUMO 土地 伊東市,伊東市,更地,土地カテゴリ（建物表記なし）,静岡県伊東市吉田,1500,1150.9,4.3,3000,田,—,,不明,接道・区分情報なし、詳細/役場で要確認,,2026-07-12,,https://suumo.jp/tochi/shizuoka/sc_ito/nc_78240236/,適合
SUUMO 土地 伊東市,伊東市,更地,土地カテゴリ（建物表記なし）,静岡県伊東市川奈,1880,879.0,7.1,3000,—,—,,不明,接道・区分情報なし、詳細/役場で要確認,,2026-07-24,,https://suumo.jp/tochi/shizuoka/sc_ito/nc_71522480/,不適合
SUUMO 土地 伊東市,伊東市,更地,土地カテゴリ（建物表記なし）,静岡県伊東市岡,1980,728.0,9.0,3000,—,—,,不明,接道・区分情報なし、詳細/役場で要確認,,2026-07-12,,https://suumo.jp/tochi/shizuoka/sc_ito/nc_20042906/,不適合
SUUMO 土地 伊東市,伊東市,更地,土地カテゴリ（建物表記なし）,静岡県伊東市吉田,2000,1063.0,6.2,3000,田,—,,不明,接道・区分情報なし、詳細/役場で要確認,,2026-07-12,,https://suumo.jp/tochi/shizuoka/sc_ito/nc_73639699/,適合
SUUMO 土地 伊東市,伊東市,更地,土地カテゴリ（建物表記なし）,静岡県伊東市八幡野,2000,1064.0,6.2,3000,—,—,,不明,接道・区分情報なし、詳細/役場で要確認,,2026-07-12,,https://suumo.jp/tochi/shizuoka/sc_ito/nc_20802866/,適合
SUUMO 土地 伊東市,伊東市,更地,土地カテゴリ（建物表記なし）,静岡県伊東市宇佐美,2100,298.8,23.2,3000,—,—,,不明,接道・区分情報なし、詳細/役場で要確認,,2026-07-12,,https://suumo.jp/tochi/shizuoka/sc_ito/nc_20779375/,不適合
SUUMO 土地 伊東市,伊東市,更地,土地カテゴリ（建物表記なし）,静岡県伊東市岡,2500,728.0,11.4,3000,—,—,,不明,接道・区分情報なし、詳細/役場で要確認,,2026-07-12,注意:温泉,https://suumo.jp/tochi/shizuoka/sc_ito/nc_74640165/,不適合
SUUMO 土地 伊東市,伊東市,更地,土地カテゴリ（建物表記なし）,静岡県伊東市富戸,2800,1109.0,8.3,3000,—,—,,不明,接道・区分情報なし、詳細/役場で要確認,,2026-07-12,,https://suumo.jp/tochi/shizuoka/sc_ito/nc_20835992/,適合
SUUMO 土地 伊東市,伊東市,更地,土地カテゴリ（建物表記なし）,静岡県伊東市富戸,2800,1667.0,5.6,3000,—,—,,不明,接道・区分情報なし、詳細/役場で要確認,,2026-07-12,,https://suumo.jp/tochi/shizuoka/sc_ito/nc_78920700/,適合
SUUMO 土地 伊東市,伊東市,更地,土地カテゴリ（建物表記なし）,静岡県伊東市富戸,4800,6387.0,2.5,3000,—,—,,不明,接道・区分情報なし、詳細/役場で要確認,,2026-07-12,,https://suumo.jp/tochi/shizuoka/sc_ito/nc_78233025/,不適合
SUUMO 土地 伊東市,伊東市,更地,土地カテゴリ（建物表記なし）,静岡県伊東市玖須美元和田,6500,2265.0,9.5,3000,田,—,,不明,接道・区分情報なし、詳細/役場で要確認,,2026-07-12,,https://suumo.jp/tochi/shizuoka/sc_ito/nc_77713425/,不適合
SUUMO 土地 伊東市,伊東市,更地,土地カテゴリ（建物表記なし）,静岡県伊東市富戸,29500,6634.9,14.7,3000,—,—,,不明,接道・区分情報なし、詳細/役場で要確認,,2026-07-12,,https://suumo.jp/tochi/shizuoka/sc_ito/nc_21189774/,不適合
SUUMO 土地 伊東市,伊東市,更地,土地カテゴリ（建物表記なし）,静岡県伊東市富戸,29500,66341.9,1.5,3000,田,—,,不明,接道・区分情報なし、詳細/役場で要確認,,2026-07-13,,https://suumo.jp/tochi/shizuoka/sc_ito/nc_21214874/,不適合
SUUMO 土地 伊東市,伊東市,更地,土地カテゴリ（建物表記なし）,静岡県伊東市富戸,30000,9918.0,10.0,3000,田,—,,不明,接道・区分情報なし、詳細/役場で要確認,,2026-07-12,,https://suumo.jp/tochi/shizuoka/sc_ito/nc_75865708/,不適合
SUUMO 賃貸 日野郡（日南/日野/江府）,江府町,賃貸戸建,賃貸カテゴリ（掲載種別）,鳥取県日野郡江府町大字佐川,8.7,107.8,,5,—,—,,—,賃貸のため対象外,,2026-07-24,,https://suumo.jp/chintai/jnc_000086669135/,不適合
SUUMO 賃貸 日野郡（日南/日野/江府）,江府町,賃貸戸建,賃貸カテゴリ（掲載種別）,鳥取県日野郡江府町大字佐川,6.7,83.3,,5,—,—,,—,賃貸のため対象外,,2026-07-24,,https://suumo.jp/chintai/jnc_000086669133/,不適合
LIFULL 中古戸建 長泉町,,空き家,掲載に空き家表記,JR御殿場線 下土狩駅 徒歩10分,2400,224.0,35.4,3000,—,—,,不明,接道・区分情報なし。建物ありだが現行法での再建築可否は役場で要確認,,2026-07-04,,https://www.homes.co.jp/kodate/b-33307660000201/,不適合
LIFULL 中古戸建 長泉町,長泉町,中古戸建,中古戸建/住宅カテゴリ,長泉町本宿中古住宅,4180,196.9,70.2,3000,—,—,,不明,接道・区分情報なし。建物ありだが現行法での再建築可否は役場で要確認,,2026-07-04,,https://www.homes.co.jp/kodate/b-1265050002391/,不適合
LIFULL 中古戸建 長泉町,長泉町,中古戸建,中古戸建/住宅カテゴリ,長泉町上土狩中古戸建,3980,165.4,79.5,3000,—,—,,不明,接道・区分情報なし。建物ありだが現行法での再建築可否は役場で要確認,,2026-07-16,,https://www.homes.co.jp/kodate/b-93060000081/,不適合
LIFULL 中古戸建 長泉町,長泉町,中古戸建,中古戸建/住宅カテゴリ,売中古戸建　駿東郡長泉町下土狩,3200,132.5,79.8,3000,—,—,,不明,接道・区分情報なし。建物ありだが現行法での再建築可否は役場で要確認,,2026-07-04,,https://www.homes.co.jp/kodate/b-1500050000354/,不適合
LIFULL 中古戸建 長泉町,長泉町,空き家,掲載に空き家表記,長泉町東野中古住宅,1998,299.0,22.1,3000,—,—,,不明,接道・区分情報なし。建物ありだが現行法での再建築可否は役場で要確認,,2026-07-04,,https://www.homes.co.jp/kodate/b-1265050001830/,不適合
LIFULL 中古戸建 長泉町,長泉町,中古戸建,中古戸建/住宅カテゴリ,長泉町上土狩中古住宅,4180,219.6,62.9,3000,—,—,,不明,接道・区分情報なし。建物ありだが現行法での再建築可否は役場で要確認,,2026-07-04,,https://www.homes.co.jp/kodate/b-1265050002641/,不適合
LIFULL 中古戸建 長泉町,長泉町,中古戸建,中古戸建/住宅カテゴリ,長泉町東野中古戸建,2780,835.8,11.0,3000,—,—,,不明,接道・区分情報なし。建物ありだが現行法での再建築可否は役場で要確認,,2026-07-04,,https://www.homes.co.jp/kodate/b-89420000416/,適合
LIFULL 中古戸建 長泉町,長泉町,空き家,掲載に空き家表記,長泉町東野中古住宅,5800,830.6,23.1,3000,—,—,,不明,接道・区分情報なし。建物ありだが現行法での再建築可否は役場で要確認,,2026-07-04,,https://www.homes.co.jp/kodate/b-1265050002502/,不適合
LIFULL 中古戸建 長泉町,,空き家,掲載に空き家表記,JR御殿場線 下土狩駅 徒歩20分,1500,93.8,52.9,3000,宅地,—,,不明,接道・区分情報なし。建物ありだが現行法での再建築可否は役場で要確認,,2026-07-24,,https://www.homes.co.jp/kodate/b-33306250000019/,不適合
LIFULL 中古戸建 長泉町,長泉町,空き家,掲載に空き家表記,長泉町東野中古住宅,6890,1058.3,21.5,3000,—,—,,不明,接道・区分情報なし。建物ありだが現行法での再建築可否は役場で要確認,,2026-07-04,,https://www.homes.co.jp/kodate/b-1265050002500/,不適合
LIFULL 中古戸建 長泉町,長泉町,空き家,掲載に空き家表記,売中古戸建　駿東郡長泉町元長窪,680,209.7,10.7,3000,—,—,,不明,接道・区分情報なし。建物ありだが現行法での再建築可否は役場で要確認,,2026-07-04,,https://www.homes.co.jp/kodate/b-1500050000369/,不適合
LIFULL 中古戸建 長泉町,,中古戸建,中古戸建/住宅カテゴリ,スルガ平　戸建て,12800,631.6,67.0,3000,—,—,,不明,接道・区分情報なし。建物ありだが現行法での再建築可否は役場で要確認,,2026-07-04,,https://www.homes.co.jp/kodate/b-1292700001103/,不適合
LIFULL 中古戸建 長泉町,長泉町,中古戸建,中古戸建/住宅カテゴリ,長泉町東野中古住宅,12800,631.6,67.0,3000,—,—,,不明,接道・区分情報なし。建物ありだが現行法での再建築可否は役場で要確認,,2026-07-04,,https://www.homes.co.jp/kodate/b-1265050002597/,不適合
LIFULL 中古戸建 長泉町,長泉町,中古戸建,中古戸建/住宅カテゴリ,太陽工発電搭載デグチエステート駿東郡長泉町東野中古住宅,26000,4107.9,20.9,3000,—,—,,不明,接道・区分情報なし。建物ありだが現行法での再建築可否は役場で要確認,,2026-07-21,,https://www.homes.co.jp/kodate/b-1455260000537/,不適合
LIFULL 中古戸建 長泉町,長泉町,中古戸建,中古戸建/住宅カテゴリ,売中古戸建　駿東郡長泉町下長窪,24000,2000.2,39.7,3000,—,—,,不明,接道・区分情報なし。建物ありだが現行法での再建築可否は役場で要確認,,2026-07-11,,https://www.homes.co.jp/kodate/b-1500050000513/,不適合
SUUMO 土地 御殿場市,御殿場市,更地,土地カテゴリ（建物表記なし）,静岡県御殿場市二の岡１,1750,182.1,31.8,3000,—,—,,不明,接道・区分情報なし、詳細/役場で要確認,,2026-07-12,,https://suumo.jp/tochi/shizuoka/sc_gotemba/nc_73016982/,不適合
SUUMO 土地 御殿場市,御殿場市,更地,土地カテゴリ（建物表記なし）,静岡県御殿場市中畑,480,1156.4,1.4,3000,畑,—,,不明,接道・区分情報なし、詳細/役場で要確認,,2026-07-12,,https://suumo.jp/tochi/shizuoka/sc_gotemba/nc_77793448/,適合
SUUMO 土地 御殿場市,御殿場市,更地,土地カテゴリ（建物表記なし）,静岡県御殿場市中畑1384-34,680,240.0,9.4,3000,畑,—,,不明,接道・区分情報なし、詳細/役場で要確認,,2026-07-12,,https://suumo.jp/tochi/shizuoka/sc_gotemba/nc_76207702/,不適合
SUUMO 土地 御殿場市,御殿場市,更地,土地カテゴリ（建物表記なし）,静岡県御殿場市中畑1384番33,800,254.0,10.4,3000,畑,—,,不明,接道・区分情報なし、詳細/役場で要確認,,2026-07-12,,https://suumo.jp/tochi/shizuoka/sc_gotemba/nc_73371293/,不適合
SUUMO 土地 御殿場市,御殿場市,更地,土地カテゴリ（建物表記なし）,静岡県御殿場市萩原３３９－１,990,254.4,12.9,3000,—,—,,不明,接道・区分情報なし、詳細/役場で要確認,,2026-07-12,,https://suumo.jp/tochi/shizuoka/sc_gotemba/nc_21224497/,不適合
SUUMO 土地 御殿場市,御殿場市,更地,土地カテゴリ（建物表記なし）,静岡県御殿場市川島田,1580,254.8,20.5,3000,田,—,,不明,接道・区分情報なし、詳細/役場で要確認,,2026-07-12,,https://suumo.jp/tochi/shizuoka/sc_gotemba/nc_20745623/,不適合
SUUMO 土地 御殿場市,御殿場市,更地,土地カテゴリ（建物表記なし）,静岡県御殿場市御殿場４３９－２,1600,169.6,31.2,3000,—,—,,不明,接道・区分情報なし、詳細/役場で要確認,,2026-07-12,,https://suumo.jp/tochi/shizuoka/sc_gotemba/nc_20958950/,不適合
SUUMO 土地 御殿場市,御殿場市,更地,土地カテゴリ（建物表記なし）,静岡県御殿場市二の岡１,1780,185.6,31.7,3000,—,—,,不明,接道・区分情報なし、詳細/役場で要確認,,2026-07-12,,https://suumo.jp/tochi/shizuoka/sc_gotemba/nc_72332638/,不適合
SUUMO 土地 御殿場市,御殿場市,更地,土地カテゴリ（建物表記なし）,静岡県御殿場市新橋,1800,205.6,28.9,3000,—,—,,不明,接道・区分情報なし、詳細/役場で要確認,,2026-07-19,,https://suumo.jp/tochi/shizuoka/sc_gotemba/nc_21322168/,不適合
SUUMO 土地 御殿場市,御殿場市,更地,土地カテゴリ（建物表記なし）,静岡県御殿場市川島田,1800,206.0,28.9,3000,田,—,,不明,接道・区分情報なし、詳細/役場で要確認,,2026-07-12,,https://suumo.jp/tochi/shizuoka/sc_gotemba/nc_20594958/,不適合
SUUMO 土地 御殿場市,御殿場市,更地,土地カテゴリ（建物表記なし）,静岡県御殿場市萩原,2180,247.4,29.1,3000,—,—,,不明,接道・区分情報なし、詳細/役場で要確認,,2026-07-12,,https://suumo.jp/tochi/shizuoka/sc_gotemba/nc_20682350/,不適合
SUUMO 土地 御殿場市,御殿場市,更地,土地カテゴリ（建物表記なし）,静岡県御殿場市茱萸沢,6800,1003.2,22.4,3000,—,—,,不明,接道・区分情報なし、詳細/役場で要確認,,2026-07-12,,https://suumo.jp/tochi/shizuoka/sc_gotemba/nc_20730422/,不適合
SUUMO 土地 下田市,下田市,更地,土地カテゴリ（建物表記なし）,静岡県下田市高馬,325,223.6,4.8,3000,田,—,,不明,接道・区分情報なし、詳細/役場で要確認,,2026-07-12,,https://suumo.jp/tochi/shizuoka/sc_shimoda/nc_76806211/,不適合
SUUMO 土地 下田市,下田市,更地,土地カテゴリ（建物表記なし）,静岡県下田市蓮台寺,400,132.9,9.9,3000,田,—,,不明,接道・区分情報なし、詳細/役場で要確認,,2026-07-12,,https://suumo.jp/tochi/shizuoka/sc_shimoda/nc_79192897/,不適合
SUUMO 土地 下田市,下田市,更地,土地カテゴリ（建物表記なし）,静岡県下田市六丁目,680,148.0,15.2,3000,田,—,,不明,接道・区分情報なし、詳細/役場で要確認,,2026-07-22,,https://suumo.jp/tochi/shizuoka/sc_shimoda/nc_76546962/,不適合
SUUMO 土地 下田市,下田市,更地,土地カテゴリ（建物表記なし）,静岡県下田市河内,880,185.0,15.7,3000,田,—,,不明,接道・区分情報なし、詳細/役場で要確認,,2026-07-12,,https://suumo.jp/tochi/shizuoka/sc_shimoda/nc_21156185/,不適合
SUUMO 土地 下田市,下田市,更地,土地カテゴリ（建物表記なし）,静岡県下田市白浜,880,232.0,12.5,3000,田,—,,不明,接道・区分情報なし、詳細/役場で要確認,,2026-07-12,,https://suumo.jp/tochi/shizuoka/sc_shimoda/nc_78110857/,不適合
SUUMO 土地 下田市,下田市,更地,土地カテゴリ（建物表記なし）,静岡県下田市須崎,4330,8193.0,1.7,3000,田,—,,不明,接道・区分情報なし、詳細/役場で要確認,,2026-07-12,,https://suumo.jp/tochi/shizuoka/sc_shimoda/nc_78110858/,不適合
LIFULL 土地 裾野市,裾野市,更地,土地カテゴリ（建物表記なし）,裾野市須山 (御殿場駅),150,,,1500,—,—,,不明,接道・区分情報なし、詳細/役場で要確認,,2026-07-19,,https://www.homes.co.jp/tochi/b-37070020003429/,数値不明
LIFULL 土地 裾野市,裾野市,更地,土地カテゴリ（建物表記なし）,裾野市佐野 (裾野駅),1350,,,1500,—,—,,不明,接道・区分情報なし、詳細/役場で要確認,,2026-07-13,,https://www.homes.co.jp/tochi/b-1535190000003/,数値不明
LIFULL 土地 裾野市,裾野市,更地,土地カテゴリ（建物表記なし）,裾野市須山 (富士岡駅),150,,,1500,—,—,,不明,接道・区分情報なし、詳細/役場で要確認,,2026-07-11,注意:別荘地,https://www.homes.co.jp/tochi/b-1546940000033/,数値不明
LIFULL 土地 裾野市,裾野市,更地,土地カテゴリ（建物表記なし）,裾野市平松 (裾野駅),890,,,1500,—,—,,不明,接道・区分情報なし、詳細/役場で要確認,,2026-07-04,,https://www.homes.co.jp/tochi/b-33334000000023/,数値不明
LIFULL 土地 裾野市,裾野市,古家付き土地,土地＋古家/上物の表記,裾野市葛山,900,,,1500,—,—,,不明,接道・区分情報なし。建物ありだが現行法での再建築可否は役場で要確認,,2026-07-04,,https://www.homes.co.jp/tochi/b-33319390000040/,数値不明
LIFULL 土地 裾野市,裾野市,古家付き土地,土地＋古家/上物の表記,裾野市千福が丘2丁目 (裾野駅),1100,,,1500,—,—,,不明,接道・区分情報なし。建物ありだが現行法での再建築可否は役場で要確認,,2026-07-04,,https://www.homes.co.jp/tochi/b-33317990000176/,数値不明
LIFULL 土地 裾野市,裾野市,古家付き土地,土地＋古家/上物の表記,裾野市岩波 (岩波駅),1500,,,1500,—,—,,不明,接道・区分情報なし。建物ありだが現行法での再建築可否は役場で要確認,,2026-07-23,,https://www.homes.co.jp/tochi/b-33318160000123/,数値不明
LIFULL 土地 裾野市,裾野市,更地,土地カテゴリ（建物表記なし）,裾野市茶畑 (裾野駅),1750,,,1500,畑,—,幅員6m,不明,接道・区分情報なし、詳細/役場で要確認,,2026-07-23,,https://www.homes.co.jp/tochi/b-33318160000132/,数値不明
LIFULL 土地 裾野市,裾野市,古家付き土地,土地＋古家/上物の表記,裾野市佐野 (裾野駅),1300,,,1500,—,—,,不明,接道・区分情報なし。建物ありだが現行法での再建築可否は役場で要確認,,2026-07-04,,https://www.homes.co.jp/tochi/b-33312760000154/,数値不明
LIFULL 土地 裾野市,裾野市,古家付き土地,土地＋古家/上物の表記,裾野市佐野 (裾野駅),900,,,1500,—,—,,不明,接道・区分情報なし。建物ありだが現行法での再建築可否は役場で要確認,,2026-07-04,,https://www.homes.co.jp/tochi/b-33312760000148/,数値不明
LIFULL 土地 裾野市,裾野市,更地,土地カテゴリ（建物表記なし）,裾野市茶畑 (裾野駅),1300,,,1500,畑,—,,不明,接道・区分情報なし、詳細/役場で要確認,,2026-07-23,,https://www.homes.co.jp/tochi/b-33318160000076/,数値不明
LIFULL 土地 裾野市,裾野市,更地,土地カテゴリ（建物表記なし）,裾野市茶畑 (裾野駅),1790,,,1500,畑,—,幅員6m,不明,接道・区分情報なし、詳細/役場で要確認,,2026-07-23,,https://www.homes.co.jp/tochi/b-33318160000129/,数値不明
LIFULL 土地 裾野市,裾野市,更地,土地カテゴリ（建物表記なし）,裾野市茶畑 (裾野駅),1590,,,1500,畑,—,幅員6m,不明,接道・区分情報なし、詳細/役場で要確認,,2026-07-23,,https://www.homes.co.jp/tochi/b-33318160000131/,数値不明
LIFULL 土地 裾野市,裾野市,更地,土地カテゴリ（建物表記なし）,裾野市茶畑 (裾野駅),1690,,,1500,畑,—,幅員6m,不明,接道・区分情報なし、詳細/役場で要確認,,2026-07-17,,https://www.homes.co.jp/tochi/b-33318160000133/,数値不明
LIFULL 土地 裾野市,裾野市,更地,土地カテゴリ（建物表記なし）,裾野市茶畑 (裾野駅),700,,,1500,畑,—,,×,掲載に再建築不可の表記（新規建築不可）,,2026-07-22,,https://www.homes.co.jp/tochi/b-1468040000346/,数値不明
LIFULL 土地 裾野市,裾野市,古家付き土地,土地＋古家/上物の表記,裾野市平松 (裾野駅),1980,,,1500,—,—,,不明,接道・区分情報なし。建物ありだが現行法での再建築可否は役場で要確認,,2026-07-04,,https://www.homes.co.jp/tochi/b-33306040000370/,数値不明
LIFULL 土地 裾野市,裾野市,更地,土地カテゴリ（建物表記なし）,裾野市須山 (御殿場駅),100,,,1500,—,—,,不明,接道・区分情報なし、詳細/役場で要確認,,2026-07-18,,https://www.homes.co.jp/tochi/b-33310270000059/,数値不明
LIFULL 土地 裾野市,裾野市,古家付き土地,土地＋古家/上物の表記,裾野市公文名 (裾野駅),1390,,,1500,田,—,,不明,接道・区分情報なし。建物ありだが現行法での再建築可否は役場で要確認,,2026-07-16,,https://www.homes.co.jp/tochi/b-33310270000062/,数値不明
LIFULL 土地 裾野市,裾野市,更地,土地カテゴリ（建物表記なし）,裾野市須山 (岩波駅),90,,,1500,—,—,,不明,接道・区分情報なし、詳細/役場で要確認,,2026-07-18,注意:別荘地,https://www.homes.co.jp/tochi/b-33310270000068/,数値不明
LIFULL 土地 裾野市,裾野市,更地,土地カテゴリ（建物表記なし）,裾野市深良 (岩波駅),1420,,,1500,宅地,—,,不明,接道・区分情報なし、詳細/役場で要確認,,2026-07-04,,https://www.homes.co.jp/tochi/b-33310270000066/,数値不明
LIFULL 土地 裾野市,裾野市,更地,土地カテゴリ（建物表記なし）,裾野市平松 (裾野駅),1580,,,1500,—,—,,不明,接道・区分情報なし、詳細/役場で要確認,,2026-07-13,,https://www.homes.co.jp/tochi/b-1535190000011/,数値不明
LIFULL 土地 裾野市,裾野市,更地,土地カテゴリ（建物表記なし）,裾野市須山,330,,,1500,—,—,,不明,接道・区分情報なし、詳細/役場で要確認,,2026-07-04,注意:別荘地,https://www.homes.co.jp/tochi/b-33324280000002/,数値不明
LIFULL 土地 裾野市,裾野市,更地,土地カテゴリ（建物表記なし）,裾野市茶畑 (裾野駅),2288,,,1500,宅地,—,,不明,接道・区分情報なし、詳細/役場で要確認,,2026-07-04,,https://www.homes.co.jp/tochi/b-33324280000001/,数値不明
LIFULL 土地 裾野市,裾野市,更地,土地カテゴリ（建物表記なし）,裾野市須山 (十里木高原7丁目),280,,,1500,—,—,,不明,接道・区分情報なし、詳細/役場で要確認,,2026-07-07,,https://www.homes.co.jp/tochi/b-33328330000545/,数値不明
LIFULL 土地 裾野市,裾野市,更地,土地カテゴリ（建物表記なし）,裾野市須山 (岩波駅),30,,,1500,—,—,,不明,接道・区分情報なし、詳細/役場で要確認,,2026-07-04,,https://www.homes.co.jp/tochi/b-33310270000061/,数値不明
LIFULL 土地 裾野市,裾野市,古家付き土地,土地＋古家/上物の表記,裾野市須山 (御殿場駅),1390,,,1500,—,—,,不明,接道・区分情報なし。建物ありだが現行法での再建築可否は役場で要確認,,2026-07-24,注意:別荘地,https://www.homes.co.jp/tochi/b-33329030000130/,数値不明
LIFULL 土地 裾野市,裾野市,更地,土地カテゴリ（建物表記なし）,裾野市千福が丘3丁目,348,,,1500,—,—,,不明,接道・区分情報なし、詳細/役場で要確認,,2026-07-24,,https://www.homes.co.jp/tochi/b-1155020001875/,数値不明
LIFULL 土地 裾野市,裾野市,古家付き土地,土地＋古家/上物の表記,裾野市桃園 (裾野駅),580,,,1500,—,—,接道しております。駐車場あり,不明,接道・区分情報なし。建物ありだが現行法での再建築可否は役場で要確認,,2026-07-19,,https://www.homes.co.jp/tochi/b-1468010001208/,数値不明
LIFULL 土地 裾野市,裾野市,古家付き土地,土地＋古家/上物の表記,裾野市今里 (岩波駅),200,,,1500,—,—,,不明,接道・区分情報なし。建物ありだが現行法での再建築可否は役場で要確認,,2026-07-24,,https://www.homes.co.jp/tochi/b-33320560000008/,数値不明
LIFULL 土地 裾野市,裾野市,古家付き土地,土地＋古家/上物の表記,裾野市金沢 (岩波駅),3400,,,1500,—,—,,不明,接道・区分情報なし。建物ありだが現行法での再建築可否は役場で要確認,,2026-07-24,,https://www.homes.co.jp/tochi/b-1265050001981/,数値不明
SUUMO 土地 富士市,富士市,更地,土地カテゴリ（建物表記なし）,静岡県富士市柚木字中道下339番4,1290,129.0,33.1,3000,宅地,—,,不明,接道・区分情報なし、詳細/役場で要確認,,2026-07-12,,https://suumo.jp/tochi/shizuoka/sc_fuji/nc_77725735/,不適合
SUUMO 土地 富士市,富士市,更地,土地カテゴリ（建物表記なし）,静岡県富士市平垣字六反田160ー13他,1890,165.7,37.7,3000,田,—,,不明,接道・区分情報なし、詳細/役場で要確認,,2026-07-12,,https://suumo.jp/tochi/shizuoka/sc_fuji/nc_79026355/,不適合
SUUMO 土地 富士市,富士市,更地,土地カテゴリ（建物表記なし）,静岡県富士市本市場字北古新田45-3,1980,177.2,36.9,3000,田,—,,不明,接道・区分情報なし、詳細/役場で要確認,,2026-07-12,,https://suumo.jp/tochi/shizuoka/sc_fuji/nc_79044393/,不適合
SUUMO 土地 富士市,富士市,更地,土地カテゴリ（建物表記なし）,静岡県富士市本市場221-1外,1059,104.9,33.4,3000,田,—,,不明,接道・区分情報なし、詳細/役場で要確認,,2026-07-12,,https://suumo.jp/tochi/shizuoka/sc_fuji/nc_75338728/,不適合
SUUMO 土地 富士市,富士市,更地,土地カテゴリ（建物表記なし）,静岡県富士市今泉２-232番１　他,1172,167.0,23.2,3000,宅地,—,,不明,接道・区分情報なし、詳細/役場で要確認,,2026-07-12,,https://suumo.jp/tochi/shizuoka/sc_fuji/nc_79025312/,不適合
SUUMO 土地 富士市,富士市,更地,土地カテゴリ（建物表記なし）,静岡県富士市中島,1180,166.6,23.4,3000,—,—,,不明,接道・区分情報なし、詳細/役場で要確認,,2026-07-24,,https://suumo.jp/tochi/shizuoka/sc_fuji/nc_78433239/,不適合
SUUMO 土地 富士市,富士市,更地,土地カテゴリ（建物表記なし）,静岡県富士市伝法字中村3097番21 外,1187,153.9,25.5,3000,田,—,,不明,接道・区分情報なし、詳細/役場で要確認,,2026-07-12,,https://suumo.jp/tochi/shizuoka/sc_fuji/nc_79202078/,不適合
SUUMO 土地 富士市,富士市,更地,土地カテゴリ（建物表記なし）,静岡県富士市宮下４６０番５,1208,152.3,26.2,3000,宅地,—,,不明,接道・区分情報なし、詳細/役場で要確認,,2026-07-12,,https://suumo.jp/tochi/shizuoka/sc_fuji/nc_79025313/,不適合
SUUMO 土地 富士市,富士市,更地,土地カテゴリ（建物表記なし）,静岡県富士市国久保１-２番,1430,172.4,27.4,3000,—,—,,不明,接道・区分情報なし、詳細/役場で要確認,,2026-07-12,,https://suumo.jp/tochi/shizuoka/sc_fuji/nc_20532766/,不適合
SUUMO 土地 富士市,富士市,更地,土地カテゴリ（建物表記なし）,静岡県富士市元町376番1他,,132.4,,3000,—,—,,不明,接道・区分情報なし、詳細/役場で要確認,,2026-07-12,,https://suumo.jp/tochi/shizuoka/sc_fuji/nc_20777022/,数値不明
SUUMO 土地 富士市,富士市,更地,土地カテゴリ（建物表記なし）,静岡県富士市原田,338,243.0,4.6,3000,田,—,,不明,接道・区分情報なし、詳細/役場で要確認,,2026-07-12,,https://suumo.jp/tochi/shizuoka/sc_fuji/nc_78298141/,不適合
SUUMO 土地 富士市,富士市,更地,土地カテゴリ（建物表記なし）,静岡県富士市今泉,800,236.0,11.2,3000,田,—,,不明,接道・区分情報なし、詳細/役場で要確認,,2026-07-12,,https://suumo.jp/tochi/shizuoka/sc_fuji/nc_70774746/,不適合
SUUMO 土地 富士市,富士市,更地,土地カテゴリ（建物表記なし）,静岡県富士市今泉,800,236.0,11.2,3000,田,—,,不明,接道・区分情報なし、詳細/役場で要確認,,2026-07-18,,https://suumo.jp/tochi/shizuoka/sc_fuji/nc_21313006/,不適合
SUUMO 土地 富士市,富士市,更地,土地カテゴリ（建物表記なし）,静岡県富士市水戸島２,880,106.9,27.2,3000,—,—,,不明,接道・区分情報なし、詳細/役場で要確認,,2026-07-12,,https://suumo.jp/tochi/shizuoka/sc_fuji/nc_20675640/,不適合
SUUMO 土地 富士市,富士市,更地,土地カテゴリ（建物表記なし）,静岡県富士市今泉,980,171.4,18.9,3000,—,—,,不明,接道・区分情報なし、詳細/役場で要確認,,2026-07-12,,https://suumo.jp/tochi/shizuoka/sc_fuji/nc_77664144/,不適合
SUUMO 土地 富士市,富士市,更地,土地カテゴリ（建物表記なし）,静岡県富士市川成島,1250,165.8,24.9,3000,—,—,,不明,接道・区分情報なし、詳細/役場で要確認,,2026-07-12,,https://suumo.jp/tochi/shizuoka/sc_fuji/nc_21156019/,不適合
SUUMO 土地 富士市,富士市,更地,土地カテゴリ（建物表記なし）,静岡県富士市川成島,1433,166.3,28.5,3000,—,—,,不明,接道・区分情報なし、詳細/役場で要確認,,2026-07-12,,https://suumo.jp/tochi/shizuoka/sc_fuji/nc_21168972/,不適合
SUUMO 土地 富士市,富士市,更地,土地カテゴリ（建物表記なし）,静岡県富士市川成島,1433,165.4,28.6,3000,—,—,,不明,接道・区分情報なし、詳細/役場で要確認,,2026-07-12,,https://suumo.jp/tochi/shizuoka/sc_fuji/nc_21168973/,不適合
SUUMO 土地 富士市,富士市,更地,土地カテゴリ（建物表記なし）,静岡県富士市川成島,1458,165.5,29.1,3000,—,—,,不明,接道・区分情報なし、詳細/役場で要確認,,2026-07-12,,https://suumo.jp/tochi/shizuoka/sc_fuji/nc_21168974/,不適合
SUUMO 土地 富士市,富士市,更地,土地カテゴリ（建物表記なし）,静岡県富士市入山瀬２,1740,592.3,9.7,3000,—,—,,不明,接道・区分情報なし、詳細/役場で要確認,,2026-07-12,,https://suumo.jp/tochi/shizuoka/sc_fuji/nc_20130243/,不適合
SUUMO 土地 富士市,富士市,更地,土地カテゴリ（建物表記なし）,静岡県富士市横割２,2500,443.1,18.7,3000,—,—,,不明,接道・区分情報なし、詳細/役場で要確認,,2026-07-12,,https://suumo.jp/tochi/shizuoka/sc_fuji/nc_21261090/,不適合
SUUMO 土地 富士市,富士市,更地,土地カテゴリ（建物表記なし）,静岡県富士市本市場,2580,373.9,22.8,3000,—,—,,不明,接道・区分情報なし、詳細/役場で要確認,,2026-07-12,,https://suumo.jp/tochi/shizuoka/sc_fuji/nc_20814953/,不適合
SUUMO 土地 富士市,富士市,更地,土地カテゴリ（建物表記なし）,静岡県富士市横割４,11900,1131.2,34.8,3000,田,—,,不明,接道・区分情報なし、詳細/役場で要確認,,2026-07-12,,https://suumo.jp/tochi/shizuoka/sc_fuji/nc_77529295/,不適合
SUUMO 土地 富士市,富士市,更地,土地カテゴリ（建物表記なし）,静岡県富士市鈴川西町,130,207.0,2.1,3000,—,—,,不明,接道・区分情報なし、詳細/役場で要確認,,2026-07-12,,https://suumo.jp/tochi/shizuoka/sc_fuji/nc_78593109/,不適合
SUUMO 土地 富士市,富士市,更地,土地カテゴリ（建物表記なし）,静岡県富士市比奈,180,106.2,5.6,3000,—,—,,不明,接道・区分情報なし、詳細/役場で要確認,,2026-07-12,,https://suumo.jp/tochi/shizuoka/sc_fuji/nc_20440652/,不適合
SUUMO 土地 富士市,富士市,更地,土地カテゴリ（建物表記なし）,静岡県富士市今宮,200,192.0,3.4,3000,田,—,,不明,接道・区分情報なし、詳細/役場で要確認,,2026-07-23,,https://suumo.jp/tochi/shizuoka/sc_fuji/nc_77928896/,不適合
SUUMO 土地 富士市,富士市,更地,土地カテゴリ（建物表記なし）,静岡県富士市大淵,200,216.8,3.0,3000,—,—,,不明,接道・区分情報なし、詳細/役場で要確認,,2026-07-12,,https://suumo.jp/tochi/shizuoka/sc_fuji/nc_79108521/,不適合
SUUMO 土地 富士市,富士市,更地,土地カテゴリ（建物表記なし）,静岡県富士市今泉,200,166.0,4.0,3000,田,—,,不明,接道・区分情報なし、詳細/役場で要確認,,2026-07-12,,https://suumo.jp/tochi/shizuoka/sc_fuji/nc_77683068/,不適合
SUUMO 土地 富士市,富士市,更地,土地カテゴリ（建物表記なし）,静岡県富士市今泉９-1517-3,300,109.1,9.1,3000,—,—,,不明,接道・区分情報なし、詳細/役場で要確認,,2026-07-12,,https://suumo.jp/tochi/shizuoka/sc_fuji/nc_77862514/,不適合
SUUMO 土地 富士市,富士市,更地,土地カテゴリ（建物表記なし）,静岡県富士市増川,320,531.0,2.0,3000,田,—,,不明,接道・区分情報なし、詳細/役場で要確認,,2026-07-13,,https://suumo.jp/tochi/shizuoka/sc_fuji/nc_21274189/,不適合
SUUMO 土地 富士市,富士市,更地,土地カテゴリ（建物表記なし）,静岡県富士市中之郷,350,128.5,9.0,3000,—,—,,不明,接道・区分情報なし、詳細/役場で要確認,,2026-07-12,,https://suumo.jp/tochi/shizuoka/sc_fuji/nc_21064201/,不適合
SUUMO 土地 富士市,富士市,更地,土地カテゴリ（建物表記なし）,静岡県富士市桑崎299-6,380,186.0,6.8,3000,—,—,,不明,接道・区分情報なし、詳細/役場で要確認,,2026-07-12,,https://suumo.jp/tochi/shizuoka/sc_fuji/nc_94699215/,不適合
SUUMO 土地 富士市,富士市,更地,土地カテゴリ（建物表記なし）,静岡県富士市大淵,390,356.9,3.6,3000,—,—,,不明,接道・区分情報なし、詳細/役場で要確認,,2026-07-12,,https://suumo.jp/tochi/shizuoka/sc_fuji/nc_20223608/,不適合
SUUMO 土地 富士市,富士市,更地,土地カテゴリ（建物表記なし）,静岡県富士市富士岡,390,479.3,2.7,3000,—,—,,不明,接道・区分情報なし、詳細/役場で要確認,,2026-07-12,,https://suumo.jp/tochi/shizuoka/sc_fuji/nc_20110302/,不適合
SUUMO 土地 富士市,富士市,更地,土地カテゴリ（建物表記なし）,静岡県富士市木島,450,309.8,4.8,3000,—,—,,不明,接道・区分情報なし、詳細/役場で要確認,,2026-07-12,,https://suumo.jp/tochi/shizuoka/sc_fuji/nc_20867908/,不適合
SUUMO 土地 富士市,富士市,更地,土地カテゴリ（建物表記なし）,静岡県富士市中野,490,188.1,8.6,3000,—,—,,不明,接道・区分情報なし、詳細/役場で要確認,,2026-07-12,,https://suumo.jp/tochi/shizuoka/sc_fuji/nc_77598479/,不適合
SUUMO 土地 富士市,富士市,更地,土地カテゴリ（建物表記なし）,静岡県富士市天間,500,270.0,6.1,3000,—,—,,不明,接道・区分情報なし、詳細/役場で要確認,,2026-07-12,,https://suumo.jp/tochi/shizuoka/sc_fuji/nc_79053961/,不適合
SUUMO 土地 富士市,富士市,更地,土地カテゴリ（建物表記なし）,静岡県富士市富士岡,500,135.0,12.2,3000,—,—,,不明,接道・区分情報なし、詳細/役場で要確認,,2026-07-12,,https://suumo.jp/tochi/shizuoka/sc_fuji/nc_20508202/,不適合
SUUMO 土地 富士市,富士市,更地,土地カテゴリ（建物表記なし）,静岡県富士市中野,500,198.0,8.3,3000,—,—,,不明,接道・区分情報なし、詳細/役場で要確認,,2026-07-12,,https://suumo.jp/tochi/shizuoka/sc_fuji/nc_76108306/,不適合
SUUMO 土地 富士市,富士市,更地,土地カテゴリ（建物表記なし）,静岡県富士市富士岡,500,788.0,2.1,3000,—,—,,不明,接道・区分情報なし、詳細/役場で要確認,,2026-07-12,,https://suumo.jp/tochi/shizuoka/sc_fuji/nc_78121390/,不適合
SUUMO 土地 富士市,富士市,更地,土地カテゴリ（建物表記なし）,静岡県富士市浅間上町,600,113.9,17.4,3000,田,—,,不明,接道・区分情報なし、詳細/役場で要確認,,2026-07-12,,https://suumo.jp/tochi/shizuoka/sc_fuji/nc_20907852/,不適合
SUUMO 土地 富士市,富士市,更地,土地カテゴリ（建物表記なし）,静岡県富士市原田,600,185.1,10.7,3000,田,—,,不明,接道・区分情報なし、詳細/役場で要確認,,2026-07-12,,https://suumo.jp/tochi/shizuoka/sc_fuji/nc_79053967/,不適合
SUUMO 土地 富士市,富士市,更地,土地カテゴリ（建物表記なし）,静岡県富士市さんどまき,600,187.0,10.6,3000,—,—,,不明,接道・区分情報なし、詳細/役場で要確認,,2026-07-21,,https://suumo.jp/tochi/shizuoka/sc_fuji/nc_21335184/,不適合
SUUMO 土地 富士市,富士市,更地,土地カテゴリ（建物表記なし）,静岡県富士市大淵,600,214.0,9.3,3000,—,—,,不明,接道・区分情報なし、詳細/役場で要確認,,2026-07-23,,https://suumo.jp/tochi/shizuoka/sc_fuji/nc_21346400/,不適合
SUUMO 土地 富士市,富士市,古家付き土地,土地＋古家/上物の表記,静岡県富士市大淵,600,166.9,11.9,3000,—,—,,不明,接道・区分情報なし。建物ありだが現行法での再建築可否は役場で要確認,,2026-07-12,,https://suumo.jp/tochi/shizuoka/sc_fuji/nc_78514367/,不適合
SUUMO 土地 富士市,富士市,更地,土地カテゴリ（建物表記なし）,静岡県富士市宮島,630,179.8,11.6,3000,—,—,,不明,接道・区分情報なし、詳細/役場で要確認,,2026-07-12,,https://suumo.jp/tochi/shizuoka/sc_fuji/nc_78098236/,不適合
SUUMO 土地 富士市,富士市,古家付き土地,土地＋古家/上物の表記,静岡県富士市水戸島２,638,105.9,19.9,3000,宅地,—,,不明,接道・区分情報なし。建物ありだが現行法での再建築可否は役場で要確認,,2026-07-12,,https://suumo.jp/tochi/shizuoka/sc_fuji/nc_75778181/,不適合
SUUMO 土地 富士市,富士市,更地,土地カテゴリ（建物表記なし）,静岡県富士市今泉５,650,218.0,9.9,3000,—,—,,不明,接道・区分情報なし、詳細/役場で要確認,,2026-07-12,,https://suumo.jp/tochi/shizuoka/sc_fuji/nc_79053950/,不適合
SUUMO 土地 富士市,富士市,更地,土地カテゴリ（建物表記なし）,静岡県富士市今泉2663-8,660,126.9,17.2,3000,—,—,,不明,接道・区分情報なし、詳細/役場で要確認,,2026-07-12,,https://suumo.jp/tochi/shizuoka/sc_fuji/nc_77219479/,不適合
SUUMO 土地 富士市,富士市,更地,土地カテゴリ（建物表記なし）,静岡県富士市久沢,690,292.8,7.8,3000,—,—,,不明,接道・区分情報なし、詳細/役場で要確認,,2026-07-12,,https://suumo.jp/tochi/shizuoka/sc_fuji/nc_79053964/,不適合
SUUMO 土地 富士市,富士市,更地,土地カテゴリ（建物表記なし）,静岡県富士市東柏原新田135-3、135-4,720,472.0,5.0,3000,田,—,,不明,接道・区分情報なし、詳細/役場で要確認,,2026-07-12,,https://suumo.jp/tochi/shizuoka/sc_fuji/nc_20949309/,不適合
SUUMO 土地 富士市,富士市,更地,土地カテゴリ（建物表記なし）,静岡県富士市久沢,750,228.0,10.9,3000,—,—,,不明,接道・区分情報なし、詳細/役場で要確認,,2026-07-12,,https://suumo.jp/tochi/shizuoka/sc_fuji/nc_20069764/,不適合
SUUMO 土地 富士市,富士市,更地,土地カテゴリ（建物表記なし）,静岡県富士市今泉,800,181.5,14.6,3000,—,—,,不明,接道・区分情報なし、詳細/役場で要確認,,2026-07-12,,https://suumo.jp/tochi/shizuoka/sc_fuji/nc_21274962/,不適合
SUUMO 土地 富士市,富士市,更地,土地カテゴリ（建物表記なし）,静岡県富士市中里1029-6,800,132.2,20.0,3000,田,—,,不明,接道・区分情報なし、詳細/役場で要確認,,2026-07-12,,https://suumo.jp/tochi/shizuoka/sc_fuji/nc_79159159/,不適合
SUUMO 土地 富士市,富士市,更地,土地カテゴリ（建物表記なし）,静岡県富士市天間,819,324.1,8.4,3000,—,—,,不明,接道・区分情報なし、詳細/役場で要確認,,2026-07-12,,https://suumo.jp/tochi/shizuoka/sc_fuji/nc_79053957/,不適合
SUUMO 土地 富士市,富士市,更地,土地カテゴリ（建物表記なし）,静岡県富士市今泉,850,317.0,8.9,3000,田,—,,不明,接道・区分情報なし、詳細/役場で要確認,,2026-07-12,,https://suumo.jp/tochi/shizuoka/sc_fuji/nc_20826226/,不適合
SUUMO 土地 富士市,富士市,更地,土地カテゴリ（建物表記なし）,静岡県富士市神谷595-1,875,160.7,18.0,3000,—,—,,不明,接道・区分情報なし、詳細/役場で要確認,,2026-07-12,,https://suumo.jp/tochi/shizuoka/sc_fuji/nc_76242346/,不適合
SUUMO 土地 富士市,富士市,更地,土地カテゴリ（建物表記なし）,静岡県富士市三ツ沢,880,191.9,15.2,3000,田,—,,不明,接道・区分情報なし、詳細/役場で要確認,,2026-07-12,,https://suumo.jp/tochi/shizuoka/sc_fuji/nc_74147827/,不適合
SUUMO 土地 富士市,富士市,更地,土地カテゴリ（建物表記なし）,静岡県富士市岩本,890,202.5,14.5,3000,—,—,,不明,接道・区分情報なし、詳細/役場で要確認,,2026-07-12,,https://suumo.jp/tochi/shizuoka/sc_fuji/nc_20452071/,不適合
SUUMO 土地 富士市,富士市,更地,土地カテゴリ（建物表記なし）,静岡県富士市松岡,890,159.3,18.5,3000,—,—,,不明,接道・区分情報なし、詳細/役場で要確認,,2026-07-12,,https://suumo.jp/tochi/shizuoka/sc_fuji/nc_78658547/,不適合
SUUMO 土地 富士市,富士市,更地,土地カテゴリ（建物表記なし）,静岡県富士市中之郷,900,307.0,9.7,3000,—,—,,不明,接道・区分情報なし、詳細/役場で要確認,,2026-07-12,,https://suumo.jp/tochi/shizuoka/sc_fuji/nc_78092228/,不適合
SUUMO 土地 富士市,富士市,更地,土地カテゴリ（建物表記なし）,静岡県富士市富士岡,900,165.4,18.0,3000,—,—,,不明,接道・区分情報なし、詳細/役場で要確認,,2026-07-12,,https://suumo.jp/tochi/shizuoka/sc_fuji/nc_78643173/,不適合
SUUMO 土地 富士市,富士市,更地,土地カテゴリ（建物表記なし）,静岡県富士市中之郷,900,307.0,9.7,3000,—,—,,不明,接道・区分情報なし、詳細/役場で要確認,,2026-07-12,,https://suumo.jp/tochi/shizuoka/sc_fuji/nc_21129233/,不適合
SUUMO 土地 富士市,富士市,更地,土地カテゴリ（建物表記なし）,静岡県富士市今泉,930,186.2,16.5,3000,田,—,,不明,接道・区分情報なし、詳細/役場で要確認,,2026-07-18,,https://suumo.jp/tochi/shizuoka/sc_fuji/nc_20765333/,不適合
SUUMO 土地 富士市,富士市,更地,土地カテゴリ（建物表記なし）,静岡県富士市厚原1985,978,201.9,16.0,3000,—,—,,不明,接道・区分情報なし、詳細/役場で要確認,,2026-07-12,,https://suumo.jp/tochi/shizuoka/sc_fuji/nc_21237220/,不適合
SUUMO 土地 富士市,富士市,更地,土地カテゴリ（建物表記なし）,静岡県富士市伝法,980,258.1,12.6,3000,—,—,,不明,接道・区分情報なし、詳細/役場で要確認,,2026-07-24,,https://suumo.jp/tochi/shizuoka/sc_fuji/nc_21356833/,不適合
SUUMO 土地 富士市,富士市,更地,土地カテゴリ（建物表記なし）,静岡県富士市宇東川東町,980,168.0,19.3,3000,田,—,,不明,接道・区分情報なし、詳細/役場で要確認,,2026-07-21,,https://suumo.jp/tochi/shizuoka/sc_fuji/nc_21334445/,不適合
SUUMO 土地 富士市,富士市,更地,土地カテゴリ（建物表記なし）,静岡県富士市三ツ沢659-4　外,980,184.9,17.5,3000,畑,—,,不明,接道・区分情報なし、詳細/役場で要確認,,2026-07-12,,https://suumo.jp/tochi/shizuoka/sc_fuji/nc_20900793/,不適合
SUUMO 土地 富士市,富士市,更地,土地カテゴリ（建物表記なし）,静岡県富士市森島,980,170.7,19.0,3000,—,—,,不明,接道・区分情報なし、詳細/役場で要確認,,2026-07-12,,https://suumo.jp/tochi/shizuoka/sc_fuji/nc_20368129/,不適合
SUUMO 土地 富士市,富士市,更地,土地カテゴリ（建物表記なし）,静岡県富士市比奈1007-1,980,168.2,19.3,3000,—,—,,不明,接道・区分情報なし、詳細/役場で要確認,,2026-07-21,,https://suumo.jp/tochi/shizuoka/sc_fuji/nc_21334389/,不適合
SUUMO 土地 富士市,富士市,更地,土地カテゴリ（建物表記なし）,静岡県富士市天間,985,324.0,10.0,3000,田,—,,不明,接道・区分情報なし、詳細/役場で要確認,,2026-07-12,,https://suumo.jp/tochi/shizuoka/sc_fuji/nc_75378861/,不適合
SUUMO 土地 富士市,富士市,更地,土地カテゴリ（建物表記なし）,静岡県富士市中里,1000,212.1,15.6,3000,—,—,,不明,接道・区分情報なし、詳細/役場で要確認,,2026-07-12,,https://suumo.jp/tochi/shizuoka/sc_fuji/nc_21218669/,不適合
SUUMO 土地 富士市,富士市,更地,土地カテゴリ（建物表記なし）,静岡県富士市伝法,1000,165.0,20.0,3000,—,—,,不明,接道・区分情報なし、詳細/役場で要確認,,2026-07-12,,https://suumo.jp/tochi/shizuoka/sc_fuji/nc_76461227/,不適合
SUUMO 土地 富士市,富士市,更地,土地カテゴリ（建物表記なし）,静岡県富士市中之郷181-1,1034,190.0,18.0,3000,—,—,,不明,接道・区分情報なし、詳細/役場で要確認,,2026-07-12,,https://suumo.jp/tochi/shizuoka/sc_fuji/nc_20178329/,不適合
SUUMO 土地 富士市,富士市,更地,土地カテゴリ（建物表記なし）,静岡県富士市今泉１,1080,132.2,27.0,3000,—,—,幅員5.9m,不明,接道・区分情報なし、詳細/役場で要確認,,2026-07-12,,https://suumo.jp/tochi/shizuoka/sc_fuji/nc_21252082/,不適合
SUUMO 土地 富士市,富士市,更地,土地カテゴリ（建物表記なし）,静岡県富士市宮下字一ノ堤下 外,1080,177.6,20.1,3000,—,—,,不明,接道・区分情報なし、詳細/役場で要確認,,2026-07-12,,https://suumo.jp/tochi/shizuoka/sc_fuji/nc_78451814/,不適合
SUUMO 土地 富士市,富士市,更地,土地カテゴリ（建物表記なし）,静岡県富士市伝法,1100,186.4,19.5,3000,—,—,,不明,接道・区分情報なし、詳細/役場で要確認,,2026-07-12,,https://suumo.jp/tochi/shizuoka/sc_fuji/nc_20778071/,不適合
SUUMO 土地 富士市,富士市,更地,土地カテゴリ（建物表記なし）,静岡県富士市一色74-5,1120,203.2,18.2,3000,田,—,,不明,接道・区分情報なし、詳細/役場で要確認,,2026-07-16,,https://suumo.jp/tochi/shizuoka/sc_fuji/nc_90125671/,不適合
SUUMO 土地 富士市,富士市,更地,土地カテゴリ（建物表記なし）,静岡県富士市富士見台５-2-90,1120,173.3,21.4,3000,田,—,,不明,接道・区分情報なし、詳細/役場で要確認,,2026-07-16,,https://suumo.jp/tochi/shizuoka/sc_fuji/nc_93911241/,不適合
SUUMO 土地 富士市,富士市,更地,土地カテゴリ（建物表記なし）,静岡県富士市比奈1007-1,1130,175.7,21.3,3000,—,—,,不明,接道・区分情報なし、詳細/役場で要確認,,2026-07-21,,https://suumo.jp/tochi/shizuoka/sc_fuji/nc_21334412/,不適合
SUUMO 土地 富士市,富士市,更地,土地カテゴリ（建物表記なし）,静岡県富士市今泉,1140,214.6,17.6,3000,田,—,,不明,接道・区分情報なし、詳細/役場で要確認,,2026-07-12,,https://suumo.jp/tochi/shizuoka/sc_fuji/nc_78959177/,不適合
SUUMO 土地 富士市,富士市,更地,土地カテゴリ（建物表記なし）,静岡県富士市本市場221-1外,1146,114.7,33.0,3000,—,—,,不明,接道・区分情報なし、詳細/役場で要確認,,2026-07-12,,https://suumo.jp/tochi/shizuoka/sc_fuji/nc_76685204/,不適合
SUUMO 土地 富士市,富士市,更地,土地カテゴリ（建物表記なし）,静岡県富士市宮島,1150,185.1,20.5,3000,—,—,,不明,接道・区分情報なし、詳細/役場で要確認,,2026-07-12,,https://suumo.jp/tochi/shizuoka/sc_fuji/nc_20867909/,不適合
SUUMO 土地 富士市,富士市,更地,土地カテゴリ（建物表記なし）,静岡県富士市久沢,1180,213.2,18.3,3000,—,—,,不明,接道・区分情報なし、詳細/役場で要確認,,2026-07-12,,https://suumo.jp/tochi/shizuoka/sc_fuji/nc_21100559/,不適合
SUUMO 土地 富士市,富士市,更地,土地カテゴリ（建物表記なし）,静岡県富士市松岡,1190,160.0,24.6,3000,—,—,,不明,接道・区分情報なし、詳細/役場で要確認,,2026-07-12,,https://suumo.jp/tochi/shizuoka/sc_fuji/nc_20556703/,不適合
SUUMO 土地 富士市,富士市,更地,土地カテゴリ（建物表記なし）,静岡県富士市柚木字穴掘3-1 外,1198,172.1,23.0,3000,—,—,,不明,接道・区分情報なし、詳細/役場で要確認,,2026-07-12,,https://suumo.jp/tochi/shizuoka/sc_fuji/nc_78451350/,不適合
SUUMO 土地 富士市,富士市,更地,土地カテゴリ（建物表記なし）,静岡県富士市中之郷,1200,257.0,15.4,3000,—,—,,不明,接道・区分情報なし、詳細/役場で要確認,,2026-07-12,,https://suumo.jp/tochi/shizuoka/sc_fuji/nc_20767559/,不適合
SUUMO 土地 富士市,富士市,更地,土地カテゴリ（建物表記なし）,静岡県富士市東柏原新田,1200,462.0,8.6,3000,田,—,接道、二方向が接道しているで,不明,接道・区分情報なし、詳細/役場で要確認,,2026-07-12,,https://suumo.jp/tochi/shizuoka/sc_fuji/nc_79178912/,不適合
SUUMO 土地 富士市,富士市,更地,土地カテゴリ（建物表記なし）,静岡県富士市久沢,1200,347.9,11.4,3000,田,—,,不明,接道・区分情報なし、詳細/役場で要確認,,2026-07-12,,https://suumo.jp/tochi/shizuoka/sc_fuji/nc_78624294/,不適合
SUUMO 土地 富士市,富士市,更地,土地カテゴリ（建物表記なし）,静岡県富士市森島,1200,266.0,14.9,3000,—,—,,不明,接道・区分情報なし、詳細/役場で要確認,,2026-07-12,,https://suumo.jp/tochi/shizuoka/sc_fuji/nc_21215769/,不適合
SUUMO 土地 富士市,富士市,更地,土地カテゴリ（建物表記なし）,静岡県富士市石坂,1200,188.8,21.0,3000,田,—,,不明,接道・区分情報なし、詳細/役場で要確認,,2026-07-12,,https://suumo.jp/tochi/shizuoka/sc_fuji/nc_78236731/,不適合
SUUMO 土地 富士市,富士市,更地,土地カテゴリ（建物表記なし）,静岡県富士市松岡381-1,1240,178.2,23.0,3000,—,—,,不明,接道・区分情報なし、詳細/役場で要確認,,2026-07-12,,https://suumo.jp/tochi/shizuoka/sc_fuji/nc_78100655/,不適合
SUUMO 土地 富士市,富士市,更地,土地カテゴリ（建物表記なし）,静岡県富士市松岡381-1,1240,178.2,23.0,3000,—,—,,不明,接道・区分情報なし、詳細/役場で要確認,,2026-07-21,,https://suumo.jp/tochi/shizuoka/sc_fuji/nc_77108605/,不適合
SUUMO 土地 富士市,富士市,更地,土地カテゴリ（建物表記なし）,静岡県富士市中丸,1280,223.7,18.9,3000,田,—,,不明,接道・区分情報なし、詳細/役場で要確認,,2026-07-12,,https://suumo.jp/tochi/shizuoka/sc_fuji/nc_78914959/,不適合
SUUMO 土地 富士市,富士市,更地,土地カテゴリ（建物表記なし）,静岡県富士市厚原,1280,241.7,17.5,3000,田,—,,不明,接道・区分情報なし、詳細/役場で要確認,,2026-07-12,,https://suumo.jp/tochi/shizuoka/sc_fuji/nc_20213563/,不適合
SUUMO 土地 富士市,富士市,更地,土地カテゴリ（建物表記なし）,静岡県富士市吉原４,1285,168.5,25.2,3000,—,—,,不明,接道・区分情報なし、詳細/役場で要確認,,2026-07-12,,https://suumo.jp/tochi/shizuoka/sc_fuji/nc_20407304/,不適合
SUUMO 土地 富士市,富士市,更地,土地カテゴリ（建物表記なし）,静岡県富士市南松野2693-2,1298,274.1,15.7,3000,—,—,,不明,接道・区分情報なし、詳細/役場で要確認,,2026-07-12,,https://suumo.jp/tochi/shizuoka/sc_fuji/nc_79221838/,不適合
SUUMO 土地 富士市,富士市,更地,土地カテゴリ（建物表記なし）,静岡県富士市松本字砂田47番15他,1320,174.1,25.1,3000,田,—,,不明,接道・区分情報なし、詳細/役場で要確認,,2026-07-12,,https://suumo.jp/tochi/shizuoka/sc_fuji/nc_77427786/,不適合
SUUMO 土地 富士市,富士市,更地,土地カテゴリ（建物表記なし）,静岡県富士市今泉,1350,198.0,22.5,3000,—,—,,不明,接道・区分情報なし、詳細/役場で要確認,,2026-07-12,,https://suumo.jp/tochi/shizuoka/sc_fuji/nc_20508200/,不適合
SUUMO 土地 富士市,富士市,更地,土地カテゴリ（建物表記なし）,静岡県富士市天間,1380,507.3,9.0,3000,—,—,,不明,接道・区分情報なし、詳細/役場で要確認,,2026-07-12,,https://suumo.jp/tochi/shizuoka/sc_fuji/nc_77056740/,不適合
SUUMO 土地 富士市,富士市,更地,土地カテゴリ（建物表記なし）,静岡県富士市川成島,1398,165.5,27.9,3000,—,—,,不明,接道・区分情報なし、詳細/役場で要確認,,2026-07-12,,https://suumo.jp/tochi/shizuoka/sc_fuji/nc_20859263/,不適合
SUUMO 土地 富士市,富士市,更地,土地カテゴリ（建物表記なし）,静岡県富士市厚原,1400,369.0,12.5,3000,田,—,,不明,接道・区分情報なし、詳細/役場で要確認,,2026-07-12,,https://suumo.jp/tochi/shizuoka/sc_fuji/nc_21208610/,不適合
SUUMO 土地 富士市,富士市,更地,土地カテゴリ（建物表記なし）,静岡県富士市今泉,1400,253.3,18.3,3000,—,—,,不明,接道・区分情報なし、詳細/役場で要確認,,2026-07-12,,https://suumo.jp/tochi/shizuoka/sc_fuji/nc_20869443/,不適合
SUUMO 土地 富士市,富士市,更地,土地カテゴリ（建物表記なし）,静岡県富士市厚原,1430,200.9,23.5,3000,—,—,,不明,接道・区分情報なし、詳細/役場で要確認,,2026-07-12,,https://suumo.jp/tochi/shizuoka/sc_fuji/nc_21236947/,不適合
SUUMO 土地 富士市,富士市,更地,土地カテゴリ（建物表記なし）,静岡県富士市江尾,1450,381.2,12.6,3000,田,—,,不明,接道・区分情報なし、詳細/役場で要確認,,2026-07-12,,https://suumo.jp/tochi/shizuoka/sc_fuji/nc_79138853/,不適合
SUUMO 土地 富士市,富士市,更地,土地カテゴリ（建物表記なし）,静岡県富士市横割４,1480,162.0,30.2,3000,—,—,,不明,接道・区分情報なし、詳細/役場で要確認,,2026-07-12,,https://suumo.jp/tochi/shizuoka/sc_fuji/nc_77065565/,不適合
SUUMO 土地 富士市,富士市,更地,土地カテゴリ（建物表記なし）,静岡県富士市松岡1327-5,1480,219.5,22.3,3000,—,—,,不明,接道・区分情報なし、詳細/役場で要確認,,2026-07-16,,https://suumo.jp/tochi/shizuoka/sc_fuji/nc_20915048/,不適合
SUUMO 土地 富士市,富士市,更地,土地カテゴリ（建物表記なし）,静岡県富士市中島字北村35番13他,1490,165.3,29.8,3000,—,—,,不明,接道・区分情報なし、詳細/役場で要確認,,2026-07-12,,https://suumo.jp/tochi/shizuoka/sc_fuji/nc_21147391/,不適合
SUUMO 土地 富士市,富士市,更地,土地カテゴリ（建物表記なし）,静岡県富士市松岡,1500,148.0,33.5,3000,—,—,,不明,接道・区分情報なし、詳細/役場で要確認,,2026-07-12,,https://suumo.jp/tochi/shizuoka/sc_fuji/nc_20122649/,不適合
SUUMO 土地 富士市,富士市,更地,土地カテゴリ（建物表記なし）,静岡県富士市伝法759-1,1530,204.0,24.8,3000,田,—,,不明,接道・区分情報なし、詳細/役場で要確認,,2026-07-12,,https://suumo.jp/tochi/shizuoka/sc_fuji/nc_20512140/,不適合
SUUMO 土地 富士市,富士市,更地,土地カテゴリ（建物表記なし）,静岡県富士市中柏原新田,1530,670.4,7.5,3000,宅地,—,,不明,接道・区分情報なし、詳細/役場で要確認,,2026-07-12,,https://suumo.jp/tochi/shizuoka/sc_fuji/nc_20399080/,不適合
SUUMO 土地 富士市,富士市,更地,土地カテゴリ（建物表記なし）,静岡県富士市大淵201,1588,210.0,25.0,3000,—,—,,不明,接道・区分情報なし、詳細/役場で要確認,,2026-07-12,,https://suumo.jp/tochi/shizuoka/sc_fuji/nc_20617373/,不適合
SUUMO 土地 富士市,富士市,更地,土地カテゴリ（建物表記なし）,静岡県富士市大淵201-1,1588,210.0,25.0,3000,—,—,,不明,接道・区分情報なし、詳細/役場で要確認,,2026-07-12,,https://suumo.jp/tochi/shizuoka/sc_fuji/nc_20546741/,不適合
SUUMO 土地 富士市,富士市,古家付き土地,土地＋古家/上物の表記,静岡県富士市松岡33-8,1680,330.6,16.8,3000,—,—,,不明,接道・区分情報なし。建物ありだが現行法での再建築可否は役場で要確認,,2026-07-12,,https://suumo.jp/tochi/shizuoka/sc_fuji/nc_20671630/,不適合
SUUMO 土地 富士市,富士市,更地,土地カテゴリ（建物表記なし）,静岡県富士市今泉,1700,292.0,19.2,3000,—,—,,不明,接道・区分情報なし、詳細/役場で要確認,,2026-07-12,,https://suumo.jp/tochi/shizuoka/sc_fuji/nc_76634299/,不適合
SUUMO 土地 富士市,富士市,更地,土地カテゴリ（建物表記なし）,静岡県富士市天間1481-5、1481-8、1481-6、1481-12,1700,679.5,8.3,3000,—,—,,不明,接道・区分情報なし、詳細/役場で要確認,,2026-07-12,,https://suumo.jp/tochi/shizuoka/sc_fuji/nc_76732221/,不適合
SUUMO 土地 富士市,富士市,更地,土地カテゴリ（建物表記なし）,静岡県富士市平垣字天神河原152番3他,1700,150.0,37.5,3000,—,—,,不明,接道・区分情報なし、詳細/役場で要確認,,2026-07-12,,https://suumo.jp/tochi/shizuoka/sc_fuji/nc_78465292/,不適合
SUUMO 土地 富士市,富士市,更地,土地カテゴリ（建物表記なし）,静岡県富士市天間1481-5、1481-8、1481-6、1481-12,1700,679.5,8.3,3000,—,—,,不明,接道・区分情報なし、詳細/役場で要確認,,2026-07-12,,https://suumo.jp/tochi/shizuoka/sc_fuji/nc_76732156/,不適合
SUUMO 土地 富士市,富士市,更地,土地カテゴリ（建物表記なし）,静岡県富士市大淵,1750,1123.5,5.1,3000,—,—,,不明,接道・区分情報なし、詳細/役場で要確認,,2026-07-12,,https://suumo.jp/tochi/shizuoka/sc_fuji/nc_71060427/,適合
SUUMO 土地 富士市,富士市,更地,土地カテゴリ（建物表記なし）,静岡県富士市川成島,1780,223.6,26.3,3000,—,—,,不明,接道・区分情報なし、詳細/役場で要確認,,2026-07-12,,https://suumo.jp/tochi/shizuoka/sc_fuji/nc_20745873/,不適合
SUUMO 土地 富士市,富士市,更地,土地カテゴリ（建物表記なし）,静岡県富士市横割４,1800,134.5,44.2,3000,—,—,,不明,接道・区分情報なし、詳細/役場で要確認,,2026-07-12,,https://suumo.jp/tochi/shizuoka/sc_fuji/nc_20330559/,不適合
SUUMO 土地 富士市,富士市,更地,土地カテゴリ（建物表記なし）,静岡県富士市津田,1800,199.6,29.8,3000,田,—,,不明,接道・区分情報なし、詳細/役場で要確認,,2026-07-12,,https://suumo.jp/tochi/shizuoka/sc_fuji/nc_21237142/,不適合
SUUMO 土地 富士市,富士市,更地,土地カテゴリ（建物表記なし）,静岡県富士市八幡町84-8,1890,216.3,28.9,3000,—,—,,不明,接道・区分情報なし、詳細/役場で要確認,,2026-07-21,,https://suumo.jp/tochi/shizuoka/sc_fuji/nc_21334114/,不適合
SUUMO 土地 富士市,富士市,更地,土地カテゴリ（建物表記なし）,静岡県富士市中柏原新田,1900,493.2,12.7,3000,田,—,,不明,接道・区分情報なし、詳細/役場で要確認,,2026-07-12,,https://suumo.jp/tochi/shizuoka/sc_fuji/nc_73765297/,不適合
SUUMO 土地 富士市,富士市,更地,土地カテゴリ（建物表記なし）,静岡県富士市宮下,1900,267.5,23.5,3000,—,—,,不明,接道・区分情報なし、詳細/役場で要確認,,2026-07-12,,https://suumo.jp/tochi/shizuoka/sc_fuji/nc_20687559/,不適合
SUUMO 土地 富士市,富士市,更地,土地カテゴリ（建物表記なし）,静岡県富士市中里253-1,1900,798.4,7.9,3000,田,—,,不明,接道・区分情報なし、詳細/役場で要確認,,2026-07-12,,https://suumo.jp/tochi/shizuoka/sc_fuji/nc_78991762/,不適合
SUUMO 土地 富士市,富士市,更地,土地カテゴリ（建物表記なし）,静岡県富士市中島,1915,179.0,35.4,3000,—,—,,不明,接道・区分情報なし、詳細/役場で要確認,,2026-07-12,,https://suumo.jp/tochi/shizuoka/sc_fuji/nc_78705557/,不適合
SUUMO 土地 富士市,富士市,更地,土地カテゴリ（建物表記なし）,静岡県富士市今泉,1950,318.8,20.2,3000,田,—,,不明,接道・区分情報なし、詳細/役場で要確認,,2026-07-12,,https://suumo.jp/tochi/shizuoka/sc_fuji/nc_77775191/,不適合
SUUMO 土地 富士市,富士市,更地,土地カテゴリ（建物表記なし）,静岡県富士市今泉,1950,318.8,20.2,3000,—,—,,不明,接道・区分情報なし、詳細/役場で要確認,,2026-07-12,,https://suumo.jp/tochi/shizuoka/sc_fuji/nc_20400491/,不適合
SUUMO 土地 富士市,富士市,更地,土地カテゴリ（建物表記なし）,静岡県富士市大野新田,1980,571.0,11.5,3000,田,—,,不明,接道・区分情報なし、詳細/役場で要確認,,2026-07-12,,https://suumo.jp/tochi/shizuoka/sc_fuji/nc_97810106/,不適合
SUUMO 土地 富士市,富士市,更地,土地カテゴリ（建物表記なし）,静岡県富士市川成島,1990,235.5,27.9,3000,—,—,,不明,接道・区分情報なし、詳細/役場で要確認,,2026-07-12,,https://suumo.jp/tochi/shizuoka/sc_fuji/nc_20026978/,不適合
SUUMO 土地 富士市,富士市,更地,土地カテゴリ（建物表記なし）,静岡県富士市吉原１,2100,277.4,25.0,3000,—,—,,不明,接道・区分情報なし、詳細/役場で要確認,,2026-07-12,,https://suumo.jp/tochi/shizuoka/sc_fuji/nc_75541914/,不適合
SUUMO 土地 富士市,富士市,更地,土地カテゴリ（建物表記なし）,静岡県富士市横割５-196番19、-17,2124,234.1,30.0,3000,—,—,,不明,接道・区分情報なし、詳細/役場で要確認,,2026-07-12,,https://suumo.jp/tochi/shizuoka/sc_fuji/nc_20113498/,不適合
SUUMO 土地 富士市,富士市,更地,土地カテゴリ（建物表記なし）,静岡県富士市横割５,2124,234.1,30.0,3000,—,—,,不明,接道・区分情報なし、詳細/役場で要確認,,2026-07-12,,https://suumo.jp/tochi/shizuoka/sc_fuji/nc_20802540/,不適合
SUUMO 土地 富士市,富士市,更地,土地カテゴリ（建物表記なし）,静岡県富士市神谷新町75-1、75-2,2180,374.0,19.3,3000,田,—,,不明,接道・区分情報なし、詳細/役場で要確認,,2026-07-12,,https://suumo.jp/tochi/shizuoka/sc_fuji/nc_78139545/,不適合
SUUMO 土地 富士市,富士市,更地,土地カテゴリ（建物表記なし）,静岡県富士市吉原１,2350,290.1,26.8,3000,—,—,,不明,接道・区分情報なし、詳細/役場で要確認,,2026-07-12,,https://suumo.jp/tochi/shizuoka/sc_fuji/nc_20069996/,不適合
SUUMO 土地 富士市,富士市,更地,土地カテゴリ（建物表記なし）,静岡県富士市三ツ沢字片曽228-32他,2390,398.3,19.8,3000,田,—,,不明,接道・区分情報なし、詳細/役場で要確認,,2026-07-12,,https://suumo.jp/tochi/shizuoka/sc_fuji/nc_20474480/,不適合
SUUMO 土地 富士市,富士市,更地,土地カテゴリ（建物表記なし）,静岡県富士市横割４,2390,243.8,32.4,3000,—,—,,不明,接道・区分情報なし、詳細/役場で要確認,,2026-07-12,,https://suumo.jp/tochi/shizuoka/sc_fuji/nc_20935309/,不適合
SUUMO 土地 富士市,富士市,更地,土地カテゴリ（建物表記なし）,静岡県富士市御幸町11-34,2400,198.4,40.0,3000,—,—,,不明,接道・区分情報なし、詳細/役場で要確認,,2026-07-12,,https://suumo.jp/tochi/shizuoka/sc_fuji/nc_78807165/,不適合
SUUMO 土地 富士市,富士市,更地,土地カテゴリ（建物表記なし）,静岡県富士市中央町１,2410,199.2,40.0,3000,—,—,,不明,接道・区分情報なし、詳細/役場で要確認,,2026-07-12,,https://suumo.jp/tochi/shizuoka/sc_fuji/nc_77356435/,不適合
SUUMO 土地 富士市,富士市,更地,土地カテゴリ（建物表記なし）,静岡県富士市伝法,2485,522.3,15.7,3000,—,—,,不明,接道・区分情報なし、詳細/役場で要確認,,2026-07-12,,https://suumo.jp/tochi/shizuoka/sc_fuji/nc_20740900/,不適合
SUUMO 土地 富士市,富士市,更地,土地カテゴリ（建物表記なし）,静岡県富士市本町15-29,2580,235.8,36.2,3000,—,—,,不明,接道・区分情報なし、詳細/役場で要確認,,2026-07-16,,https://suumo.jp/tochi/shizuoka/sc_fuji/nc_21229832/,不適合
SUUMO 土地 富士市,富士市,更地,土地カテゴリ（建物表記なし）,静岡県富士市神谷571-1,2800,807.4,11.5,3000,—,—,,不明,接道・区分情報なし、詳細/役場で要確認,,2026-07-12,,https://suumo.jp/tochi/shizuoka/sc_fuji/nc_75584551/,不適合
SUUMO 土地 富士市,富士市,更地,土地カテゴリ（建物表記なし）,静岡県富士市今泉４,2900,624.8,15.3,3000,田,—,,不明,接道・区分情報なし、詳細/役場で要確認,,2026-07-12,,https://suumo.jp/tochi/shizuoka/sc_fuji/nc_20413588/,不適合
SUUMO 土地 富士市,富士市,更地,土地カテゴリ（建物表記なし）,静岡県富士市今泉８,2990,664.5,14.9,3000,—,—,,不明,接道・区分情報なし、詳細/役場で要確認,,2026-07-12,,https://suumo.jp/tochi/shizuoka/sc_fuji/nc_20814730/,不適合
SUUMO 土地 富士市,富士市,更地,土地カテゴリ（建物表記なし）,静岡県富士市吉原４,3000,214.5,46.2,3000,—,—,,不明,接道・区分情報なし、詳細/役場で要確認,,2026-07-12,,https://suumo.jp/tochi/shizuoka/sc_fuji/nc_76353923/,不適合
SUUMO 土地 富士市,富士市,更地,土地カテゴリ（建物表記なし）,静岡県富士市大淵,3100,3621.7,2.8,3000,—,—,,不明,接道・区分情報なし、詳細/役場で要確認,,2026-07-14,,https://suumo.jp/tochi/shizuoka/sc_fuji/nc_20899607/,不適合
SUUMO 土地 富士市,富士市,更地,土地カテゴリ（建物表記なし）,静岡県富士市今泉,3300,612.0,17.8,3000,田,—,,不明,接道・区分情報なし、詳細/役場で要確認,,2026-07-12,,https://suumo.jp/tochi/shizuoka/sc_fuji/nc_20978881/,不適合
SUUMO 土地 富士市,富士市,更地,土地カテゴリ（建物表記なし）,静岡県富士市下横割,3300,363.2,30.0,3000,—,—,,不明,接道・区分情報なし、詳細/役場で要確認,,2026-07-12,,https://suumo.jp/tochi/shizuoka/sc_fuji/nc_20364624/,不適合
SUUMO 土地 富士市,富士市,更地,土地カテゴリ（建物表記なし）,静岡県富士市石坂,3340,554.6,19.9,3000,—,—,,不明,接道・区分情報なし、詳細/役場で要確認,,2026-07-12,,https://suumo.jp/tochi/shizuoka/sc_fuji/nc_21103481/,不適合
SUUMO 土地 富士市,富士市,更地,土地カテゴリ（建物表記なし）,静岡県富士市青葉町,3850,231.5,55.0,3000,—,—,,不明,接道・区分情報なし、詳細/役場で要確認,,2026-07-12,,https://suumo.jp/tochi/shizuoka/sc_fuji/nc_78665845/,不適合
SUUMO 土地 富士市,富士市,更地,土地カテゴリ（建物表記なし）,静岡県富士市青葉町,3890,214.7,59.9,3000,田,—,,不明,接道・区分情報なし、詳細/役場で要確認,,2026-07-12,,https://suumo.jp/tochi/shizuoka/sc_fuji/nc_21030844/,不適合
SUUMO 土地 富士市,富士市,更地,土地カテゴリ（建物表記なし）,静岡県富士市青葉町507,3890,214.6,59.9,3000,田,—,,不明,接道・区分情報なし、詳細/役場で要確認,,2026-07-12,,https://suumo.jp/tochi/shizuoka/sc_fuji/nc_78286380/,不適合
SUUMO 土地 富士市,富士市,更地,土地カテゴリ（建物表記なし）,静岡県富士市今泉８,3900,727.3,17.7,3000,—,—,,不明,接道・区分情報なし、詳細/役場で要確認,,2026-07-12,,https://suumo.jp/tochi/shizuoka/sc_fuji/nc_20682560/,不適合
SUUMO 土地 富士市,富士市,更地,土地カテゴリ（建物表記なし）,静岡県富士市中丸,3980,2636.1,5.0,3000,—,—,,不明,接道・区分情報なし、詳細/役場で要確認,,2026-07-14,,https://suumo.jp/tochi/shizuoka/sc_fuji/nc_78857078/,不適合
SUUMO 土地 富士市,富士市,更地,土地カテゴリ（建物表記なし）,静岡県富士市青葉町,4390,264.4,54.9,3000,—,—,,不明,接道・区分情報なし、詳細/役場で要確認,,2026-07-12,,https://suumo.jp/tochi/shizuoka/sc_fuji/nc_78666821/,不適合
SUUMO 土地 富士市,富士市,更地,土地カテゴリ（建物表記なし）,静岡県富士市米之宮町,7486,465.0,53.2,3000,田,—,,不明,接道・区分情報なし、詳細/役場で要確認,,2026-07-12,,https://suumo.jp/tochi/shizuoka/sc_fuji/nc_21007955/,不適合
SUUMO 土地 富士市,富士市,更地,土地カテゴリ（建物表記なし）,静岡県富士市青葉町,8240,495.9,54.9,3000,—,—,,不明,接道・区分情報なし、詳細/役場で要確認,,2026-07-12,,https://suumo.jp/tochi/shizuoka/sc_fuji/nc_78713037/,不適合
SUUMO 土地 富士市,富士市,更地,土地カテゴリ（建物表記なし）,静岡県富士市横割４,11900,1131.2,34.8,3000,—,—,,不明,接道・区分情報なし、詳細/役場で要確認,,2026-07-17,,https://suumo.jp/tochi/shizuoka/sc_fuji/nc_21309965/,不適合
SUUMO 土地 富士市,富士市,更地,土地カテゴリ（建物表記なし）,静岡県富士市本市場,,157.9,,3000,—,—,,不明,接道・区分情報なし、詳細/役場で要確認,,2026-07-16,,https://suumo.jp/tochi/shizuoka/sc_fuji/nc_21190931/,数値不明
空き家バンクしずおか 長泉町,長泉町,更地,土地カテゴリ（建物表記なし）,駿東郡長泉町上土狩,2580,213.4,40.0,1500,田,市街化区域,,△,市街化区域だが接道幅員が不明。新築可否は接道要確認,,2026-07-15,,https://akiya-bank.shizuoka.fudohsan.jp/%E7%89%A9%E4%BB%B6/175290/settle/1,不適合
空き家バンクしずおか 長泉町,長泉町,更地,土地カテゴリ（建物表記なし）,駿東郡長泉町上土狩,2140,186.6,37.9,1500,田,市街化区域,,△,市街化区域だが接道幅員が不明。新築可否は接道要確認,,2026-06-14,,https://akiya-bank.shizuoka.fudohsan.jp/%E7%89%A9%E4%BB%B6/169624/settle/1,不適合
空き家バンクしずおか 長泉町,長泉町,空き家,掲載に空き家表記,駿東郡長泉町下土狩,2190,72.0,100.6,3000,田,—,,不明,接道・区分情報なし。建物ありだが現行法での再建築可否は役場で要確認,,2026-07-21,注意:管理費,https://akiya-bank.shizuoka.fudohsan.jp/%E7%89%A9%E4%BB%B6/175482/settle/1,不適合
空き家バンクしずおか 長泉町,長泉町,空き家,掲載に空き家表記,駿東郡長泉町下土狩,2480,75.3,108.9,3000,田,—,,不明,接道・区分情報なし。建物ありだが現行法での再建築可否は役場で要確認,,2026-07-21,注意:管理費,https://akiya-bank.shizuoka.fudohsan.jp/%E7%89%A9%E4%BB%B6/175481/settle/1,不適合
空き家バンクしずおか 長泉町,長泉町,空き家,掲載に空き家表記,駿東郡長泉町竹原,1650,72.4,75.3,3000,田,—,,不明,接道・区分情報なし。建物ありだが現行法での再建築可否は役場で要確認,,2026-07-21,注意:管理費,https://akiya-bank.shizuoka.fudohsan.jp/%E7%89%A9%E4%BB%B6/175470/settle/1,不適合
空き家バンクしずおか 長泉町,長泉町,空き家,掲載に空き家表記,駿東郡長泉町竹原,4780,183.9,85.9,3000,田,市街化区域,,不明,接道・区分情報なし。建物ありだが現行法での再建築可否は役場で要確認,,2026-06-14,,https://akiya-bank.shizuoka.fudohsan.jp/%E7%89%A9%E4%BB%B6/166983/settle/1,不適合
空き家バンクしずおか 長泉町,長泉町,空き家,掲載に空き家表記,駿東郡長泉町下土狩,4390,125.9,115.3,3000,田,市街化区域,,不明,接道・区分情報なし。建物ありだが現行法での再建築可否は役場で要確認,,2026-06-17,,https://akiya-bank.shizuoka.fudohsan.jp/%E7%89%A9%E4%BB%B6/170062/settle/1,不適合
空き家バンクしずおか 長泉町,長泉町,古家付き土地,土地＋古家/上物の表記,駿東郡長泉町本宿,1580,138.5,37.7,1500,田,市街化区域,,不明,接道・区分情報なし。建物ありだが現行法での再建築可否は役場で要確認,,2026-06-14,,https://akiya-bank.shizuoka.fudohsan.jp/%E7%89%A9%E4%BB%B6/139461/settle/1,不適合
空き家バンクしずおか 長泉町,長泉町,更地,土地カテゴリ（建物表記なし）,駿東郡長泉町東野,700,818.0,2.8,1500,田,市街化調整区域,,△,市街化調整区域は原則新築不可・許可要件次第＝本命候補,,2026-06-14,関心:調整区域/無指定,https://akiya-bank.shizuoka.fudohsan.jp/%E7%89%A9%E4%BB%B6/160566/settle/1,適合
空き家バンクしずおか 長泉町,長泉町,空き家,掲載に空き家表記,駿東郡長泉町中土狩370-17,5250,91.1,190.5,3000,田,—,,不明,接道・区分情報なし。建物ありだが現行法での再建築可否は役場で要確認,,2026-06-14,注意:管理費,https://akiya-bank.shizuoka.fudohsan.jp/%E7%89%A9%E4%BB%B6/164962/settle/1,不適合
空き家バンクしずおか 長泉町,長泉町,空き家,掲載に空き家表記,駿東郡長泉町下土狩,2250,70.8,105.1,3000,田,—,,不明,接道・区分情報なし。建物ありだが現行法での再建築可否は役場で要確認,,2026-06-14,注意:管理費,https://akiya-bank.shizuoka.fudohsan.jp/%E7%89%A9%E4%BB%B6/167157/settle/1,不適合
空き家バンクしずおか 長泉町,長泉町,空き家,掲載に空き家表記,駿東郡長泉町下土狩,2400,224.0,35.4,3000,田,市街化区域,,不明,接道・区分情報なし。建物ありだが現行法での再建築可否は役場で要確認,,2026-06-14,,https://akiya-bank.shizuoka.fudohsan.jp/%E7%89%A9%E4%BB%B6/163134/settle/1,不適合
空き家バンクしずおか 長泉町,長泉町,空き家,掲載に空き家表記,駿東郡長泉町下土狩,4500,55.5,268.0,3000,田,—,,不明,接道・区分情報なし。建物ありだが現行法での再建築可否は役場で要確認,,2026-06-14,注意:管理費,https://akiya-bank.shizuoka.fudohsan.jp/%E7%89%A9%E4%BB%B6/173457/settle/1,不適合
空き家バンクしずおか 長泉町,長泉町,更地,土地カテゴリ（建物表記なし）,駿東郡長泉町南一色,15000,1041.1,47.6,1500,田,市街化区域,,△,市街化区域だが接道幅員が不明。新築可否は接道要確認,,2026-07-13,,https://akiya-bank.shizuoka.fudohsan.jp/%E7%89%A9%E4%BB%B6/175219/settle/1,不適合
家っち(新日本住建販売) 長泉町 土地一覧,長泉町,更地,土地カテゴリ（建物表記なし）,静岡県駿東郡長泉町中土狩,1990,169.6,38.8,1500,—,—,,不明,接道・区分情報なし、詳細/役場で要確認,,2026-07-23,,https://www.snjhkk.com/s_r_59264/index.html,不適合
家っち(新日本住建販売) 長泉町 土地一覧,長泉町,更地,土地カテゴリ（建物表記なし）,静岡県駿東郡長泉町下土狩,2980,,,1500,—,—,,不明,接道・区分情報なし、詳細/役場で要確認,,2026-07-18,,https://www.snjhkk.com/s_r_59260/index.html,数値不明
家っち(新日本住建販売) 長泉町 土地一覧,長泉町,更地,土地カテゴリ（建物表記なし）,静岡県駿東郡長泉町下土狩,2430,,,1500,—,—,,不明,接道・区分情報なし、詳細/役場で要確認,,2026-07-12,,https://www.snjhkk.com/s_r_59244/index.html,数値不明
家っち(新日本住建販売) 長泉町 土地一覧,長泉町,更地,土地カテゴリ（建物表記なし）,静岡県駿東郡長泉町上土狩,4180,219.6,62.9,1500,—,—,,不明,接道・区分情報なし、詳細/役場で要確認,,2026-06-25,,https://www.snjhkk.com/s_r_59038/index.html,不適合
家っち(新日本住建販売) 長泉町 土地一覧,長泉町,更地,土地カテゴリ（建物表記なし）,静岡県駿東郡長泉町下土狩,1498,,,1500,—,—,,不明,接道・区分情報なし、詳細/役場で要確認,,2026-06-25,,https://www.snjhkk.com/s_r_58973/index.html,数値不明
家っち(新日本住建販売) 長泉町 土地一覧,長泉町,更地,土地カテゴリ（建物表記なし）,静岡県駿東郡長泉町下土狩,4690,,,1500,—,—,,不明,接道・区分情報なし、詳細/役場で要確認,,2026-06-25,,https://www.snjhkk.com/s_r_58895/index.html,数値不明
家っち(新日本住建販売) 長泉町 土地一覧,長泉町,更地,土地カテゴリ（建物表記なし）,静岡県駿東郡長泉町下土狩,3680,,,1500,—,—,,不明,接道・区分情報なし、詳細/役場で要確認,,2026-06-25,,https://www.snjhkk.com/s_r_58810/index.html,数値不明
家っち(新日本住建販売) 長泉町 土地一覧,長泉町,更地,土地カテゴリ（建物表記なし）,静岡県駿東郡長泉町下土狩,3780,,,1500,—,—,,不明,接道・区分情報なし、詳細/役場で要確認,,2026-06-25,,https://www.snjhkk.com/s_r_58743/index.html,数値不明
家っち(新日本住建販売) 長泉町 土地一覧,長泉町,更地,土地カテゴリ（建物表記なし）,静岡県駿東郡長泉町竹原,4780,183.9,85.9,1500,—,—,,不明,接道・区分情報なし、詳細/役場で要確認,,2026-06-25,,https://www.snjhkk.com/s_r_58689/index.html,不適合
SUUMO 土地 賀茂郡（西伊豆/東伊豆/南伊豆/河津/松崎）,南伊豆町,更地,土地カテゴリ（建物表記なし）,静岡県賀茂郡南伊豆町下賀茂600番21,480,248.2,6.4,3000,田,—,,不明,接道・区分情報なし、詳細/役場で要確認,,2026-07-16,,https://suumo.jp/tochi/shizuoka/sc_kamogun/nc_21279944/,不適合
SUUMO 土地 賀茂郡（西伊豆/東伊豆/南伊豆/河津/松崎）,南伊豆町,更地,土地カテゴリ（建物表記なし）,静岡県賀茂郡南伊豆町加納,620,256.0,8.0,3000,田,—,,不明,接道・区分情報なし、詳細/役場で要確認,,2026-07-12,,https://suumo.jp/tochi/shizuoka/sc_kamogun/nc_77740246/,不適合
SUUMO 土地 賀茂郡（西伊豆/東伊豆/南伊豆/河津/松崎）,松崎町,更地,土地カテゴリ（建物表記なし）,静岡県賀茂郡松崎町櫻田,990,548.7,6.0,3000,田,—,,不明,接道・区分情報なし、詳細/役場で要確認,,2026-07-12,,https://suumo.jp/tochi/shizuoka/sc_kamogun/nc_79108111/,不適合
SUUMO 土地 賀茂郡（西伊豆/東伊豆/南伊豆/河津/松崎）,河津町,更地,土地カテゴリ（建物表記なし）,静岡県賀茂郡河津町川津筏場,2500,811.0,10.2,3000,—,—,,不明,接道・区分情報なし、詳細/役場で要確認,,2026-07-12,,https://suumo.jp/tochi/shizuoka/sc_kamogun/nc_66521056/,不適合
SUUMO 土地 賀茂郡（西伊豆/東伊豆/南伊豆/河津/松崎）,東伊豆町,更地,土地カテゴリ（建物表記なし）,静岡県賀茂郡東伊豆町稲取,10800,36898.3,1.0,3000,—,—,,不明,接道・区分情報なし、詳細/役場で要確認,,2026-07-12,,https://suumo.jp/tochi/shizuoka/sc_kamogun/nc_72755666/,不適合
SUUMO 土地 賀茂郡（西伊豆/東伊豆/南伊豆/河津/松崎）,西伊豆町,更地,土地カテゴリ（建物表記なし）,静岡県賀茂郡西伊豆町仁科,11000,6593.3,5.5,3000,—,—,,不明,接道・区分情報なし、詳細/役場で要確認,,2026-07-12,,https://suumo.jp/tochi/shizuoka/sc_kamogun/nc_20783171/,不適合
