サイト,市町,種別,種別根拠,所在地,価格(万円),土地面積(㎡),坪単価(万円/坪),種別上限(万円),地目,都市計画,接道,建築可否,建築可否理由,属人性,検出日,フラグ,詳細URL,判定
SUUMO 土地 伊豆の国市,伊豆の国市,更地,土地カテゴリ（建物表記なし）,静岡県伊豆の国市三福171-10他,1600,172.1,30.7,1500,宅地,—,,不明,接道・区分情報なし、詳細/役場で要確認,,2026-07-27,,https://suumo.jp/tochi/shizuoka/sc_izunokuni/nc_75550290/,不適合
SUUMO 土地 伊豆の国市,伊豆の国市,更地,土地カテゴリ（建物表記なし）,静岡県伊豆の国市寺家,1400,201.8,22.9,1500,—,—,,不明,接道・区分情報なし、詳細/役場で要確認,,2026-06-17,,https://suumo.jp/tochi/shizuoka/sc_izunokuni/nc_78731421/,不適合
SUUMO 土地 伊豆の国市,伊豆の国市,更地,土地カテゴリ（建物表記なし）,静岡県伊豆の国市韮山多田富士見ニュータウン,150,311.0,1.6,1500,田,—,,不明,接道・区分情報なし、詳細/役場で要確認,,2026-07-24,NG:富士見ニュータウン,https://suumo.jp/tochi/shizuoka/sc_izunokuni/nc_21348721/,不適合
SUUMO 土地 伊豆の国市,伊豆の国市,更地,土地カテゴリ（建物表記なし）,静岡県伊豆の国市奈古谷エメラルドタウン,170,283.0,2.0,1500,—,—,,不明,接道・区分情報なし、詳細/役場で要確認,,2026-06-17,NG:エメラルドタウン,https://suumo.jp/tochi/shizuoka/sc_izunokuni/nc_82693663/,不適合
SUUMO 土地 伊豆の国市,伊豆の国市,更地,土地カテゴリ（建物表記なし）,静岡県伊豆の国市中,270,381.5,2.3,1500,畑,—,,×,掲載に再建築不可の表記（新規建築不可）,,2026-06-17,,https://suumo.jp/tochi/shizuoka/sc_izunokuni/nc_78937214/,適合
SUUMO 土地 伊豆の国市,伊豆の国市,更地,土地カテゴリ（建物表記なし）,静岡県伊豆の国市韮山山木,300,616.0,1.6,1500,—,—,,不明,接道・区分情報なし、詳細/役場で要確認,,2026-06-17,,https://suumo.jp/tochi/shizuoka/sc_izunokuni/nc_20083376/,適合
SUUMO 土地 伊豆の国市,伊豆の国市,更地,土地カテゴリ（建物表記なし）,静岡県伊豆の国市韮山山木,400,461.0,2.9,1500,—,—,,不明,接道・区分情報なし、詳細/役場で要確認,,2026-06-17,,https://suumo.jp/tochi/shizuoka/sc_izunokuni/nc_76404904/,適合
SUUMO 土地 伊豆の国市,伊豆の国市,更地,土地カテゴリ（建物表記なし）,静岡県伊豆の国市長岡,600,180.9,11.0,1500,—,—,,不明,接道・区分情報なし、詳細/役場で要確認,,2026-08-09,,https://suumo.jp/tochi/shizuoka/sc_izunokuni/nc_21471080/,不適合
SUUMO 土地 伊豆の国市,伊豆の国市,更地,土地カテゴリ（建物表記なし）,静岡県伊豆の国市南條,680,73.2,30.7,1500,—,—,,不明,接道・区分情報なし、詳細/役場で要確認,,2026-06-17,,https://suumo.jp/tochi/shizuoka/sc_izunokuni/nc_20572842/,不適合
SUUMO 土地 伊豆の国市,伊豆の国市,更地,土地カテゴリ（建物表記なし）,静岡県伊豆の国市奈古谷,795,525.0,5.0,1500,—,—,,不明,接道・区分情報なし、詳細/役場で要確認,,2026-08-01,,https://suumo.jp/tochi/shizuoka/sc_izunokuni/nc_21411851/,適合
SUUMO 土地 伊豆の国市,伊豆の国市,更地,土地カテゴリ（建物表記なし）,静岡県伊豆の国市北江間,800,3244.8,0.8,1500,宅地,—,,不明,接道・区分情報なし、詳細/役場で要確認,,2026-06-17,,https://suumo.jp/tochi/shizuoka/sc_izunokuni/nc_21078648/,適合
SUUMO 土地 伊豆の国市,伊豆の国市,更地,土地カテゴリ（建物表記なし）,静岡県伊豆の国市三福69-3他,820,109.9,24.7,1500,田,—,,不明,接道・区分情報なし、詳細/役場で要確認,,2026-06-17,,https://suumo.jp/tochi/shizuoka/sc_izunokuni/nc_20504718/,不適合
SUUMO 土地 伊豆の国市,伊豆の国市,更地,土地カテゴリ（建物表記なし）,静岡県伊豆の国市中,980,1146.4,2.8,1500,—,—,,不明,接道・区分情報なし、詳細/役場で要確認,,2026-07-10,,https://suumo.jp/tochi/shizuoka/sc_izunokuni/nc_21261527/,適合
SUUMO 土地 伊豆の国市,伊豆の国市,更地,土地カテゴリ（建物表記なし）,静岡県伊豆の国市長崎,990,200.7,16.3,1500,—,—,,不明,接道・区分情報なし、詳細/役場で要確認,,2026-06-17,,https://suumo.jp/tochi/shizuoka/sc_izunokuni/nc_20818984/,不適合
SUUMO 土地 伊豆の国市,伊豆の国市,更地,土地カテゴリ（建物表記なし）,静岡県伊豆の国市大仁,1080,172.0,20.8,1500,—,—,,不明,接道・区分情報なし、詳細/役場で要確認,,2026-06-17,,https://suumo.jp/tochi/shizuoka/sc_izunokuni/nc_20346154/,不適合
SUUMO 土地 伊豆の国市,伊豆の国市,更地,土地カテゴリ（建物表記なし）,静岡県伊豆の国市北江間,1080,168.8,21.2,1500,宅地,—,,不明,接道・区分情報なし、詳細/役場で要確認,,2026-07-27,,https://suumo.jp/tochi/shizuoka/sc_izunokuni/nc_94832790/,不適合
SUUMO 土地 伊豆の国市,伊豆の国市,更地,土地カテゴリ（建物表記なし）,静岡県伊豆の国市長崎350-6,1150,201.0,18.9,1500,—,—,,不明,接道・区分情報なし、詳細/役場で要確認,,2026-08-29,,https://suumo.jp/tochi/shizuoka/sc_izunokuni/nc_75640261/,不適合
SUUMO 土地 伊豆の国市,伊豆の国市,更地,土地カテゴリ（建物表記なし）,静岡県伊豆の国市長崎350-4,1150,201.0,18.9,1500,—,—,,不明,接道・区分情報なし、詳細/役場で要確認,,2026-08-29,,https://suumo.jp/tochi/shizuoka/sc_izunokuni/nc_72034398/,不適合
SUUMO 土地 伊豆の国市,伊豆の国市,更地,土地カテゴリ（建物表記なし）,静岡県伊豆の国市長崎350-8,1180,201.5,19.4,1500,—,—,,不明,接道・区分情報なし、詳細/役場で要確認,,2026-08-29,,https://suumo.jp/tochi/shizuoka/sc_izunokuni/nc_75042663/,不適合
SUUMO 土地 伊豆の国市,伊豆の国市,更地,土地カテゴリ（建物表記なし）,静岡県伊豆の国市三福,1200,201.8,19.7,1500,—,—,,不明,接道・区分情報なし、詳細/役場で要確認,,2026-06-17,,https://suumo.jp/tochi/shizuoka/sc_izunokuni/nc_71633187/,不適合
SUUMO 土地 伊豆の国市,伊豆の国市,更地,土地カテゴリ（建物表記なし）,静岡県伊豆の国市長岡,1280,282.1,15.0,1500,—,—,,不明,接道・区分情報なし、詳細/役場で要確認,,2026-06-17,,https://suumo.jp/tochi/shizuoka/sc_izunokuni/nc_96501493/,不適合
SUUMO 土地 伊豆の国市,伊豆の国市,更地,土地カテゴリ（建物表記なし）,静岡県伊豆の国市寺家,1290,241.0,17.7,1500,—,—,,不明,接道・区分情報なし、詳細/役場で要確認,,2026-06-17,,https://suumo.jp/tochi/shizuoka/sc_izunokuni/nc_20315660/,不適合
SUUMO 土地 伊豆の国市,伊豆の国市,更地,土地カテゴリ（建物表記なし）,静岡県伊豆の国市長崎350-4,1380,205.0,22.3,1500,—,—,,不明,接道・区分情報なし、詳細/役場で要確認,,2026-08-28,,https://suumo.jp/tochi/shizuoka/sc_izunokuni/nc_75042521/,不適合
SUUMO 土地 伊豆の国市,伊豆の国市,更地,土地カテゴリ（建物表記なし）,静岡県伊豆の国市大仁,1380,342.3,13.3,1500,—,—,,不明,接道・区分情報なし、詳細/役場で要確認,,2026-06-17,,https://suumo.jp/tochi/shizuoka/sc_izunokuni/nc_76627283/,適合
SUUMO 土地 伊豆の国市,伊豆の国市,更地,土地カテゴリ（建物表記なし）,静岡県伊豆の国市長岡,1400,354.1,13.1,1500,—,—,,不明,接道・区分情報なし、詳細/役場で要確認,,2026-06-25,,https://suumo.jp/tochi/shizuoka/sc_izunokuni/nc_21145042/,適合
SUUMO 土地 伊豆の国市,伊豆の国市,更地,土地カテゴリ（建物表記なし）,静岡県伊豆の国市三福69-4,1468,165.5,29.3,1500,田,—,,不明,接道・区分情報なし、詳細/役場で要確認,,2026-06-17,,https://suumo.jp/tochi/shizuoka/sc_izunokuni/nc_20609438/,不適合
SUUMO 土地 伊豆の国市,伊豆の国市,更地,土地カテゴリ（建物表記なし）,静岡県伊豆の国市原木,1500,173.3,28.6,1500,—,—,,不明,接道・区分情報なし、詳細/役場で要確認,,2026-06-17,,https://suumo.jp/tochi/shizuoka/sc_izunokuni/nc_21068965/,不適合
SUUMO 土地 伊豆の国市,伊豆の国市,更地,土地カテゴリ（建物表記なし）,静岡県伊豆の国市四日町,1680,185.1,30.0,1500,—,—,,不明,接道・区分情報なし、詳細/役場で要確認,,2026-08-09,,https://suumo.jp/tochi/shizuoka/sc_izunokuni/nc_21469043/,不適合
SUUMO 土地 伊豆の国市,伊豆の国市,更地,土地カテゴリ（建物表記なし）,静岡県伊豆の国市中條400-1,2100,366.3,19.0,1500,—,—,,不明,接道・区分情報なし、詳細/役場で要確認,,2026-06-17,,https://suumo.jp/tochi/shizuoka/sc_izunokuni/nc_84674278/,不適合
SUUMO 土地 伊豆の国市,伊豆の国市,更地,土地カテゴリ（建物表記なし）,静岡県伊豆の国市古奈,2380,396.0,19.9,1500,—,—,,不明,接道・区分情報なし、詳細/役場で要確認,,2026-06-17,,https://suumo.jp/tochi/shizuoka/sc_izunokuni/nc_20764232/,不適合
SUUMO 土地 伊豆の国市,伊豆の国市,更地,土地カテゴリ（建物表記なし）,静岡県伊豆の国市長岡,2480,1316.0,6.2,1500,—,—,,不明,接道・区分情報なし、詳細/役場で要確認,,2026-08-10,,https://suumo.jp/tochi/shizuoka/sc_izunokuni/nc_20869771/,不適合
SUUMO 土地 伊豆の国市,伊豆の国市,更地,土地カテゴリ（建物表記なし）,静岡県伊豆の国市天野110,2480,653.0,12.6,1500,—,—,,不明,接道・区分情報なし、詳細/役場で要確認,,2026-06-17,,https://suumo.jp/tochi/shizuoka/sc_izunokuni/nc_72137058/,不適合
SUUMO 土地 伊豆の国市,伊豆の国市,更地,土地カテゴリ（建物表記なし）,静岡県伊豆の国市中,2730,1350.5,6.7,1500,—,—,,不明,接道・区分情報なし、詳細/役場で要確認,,2026-06-17,,https://suumo.jp/tochi/shizuoka/sc_izunokuni/nc_71149502/,不適合
SUUMO 土地 伊豆の国市,伊豆の国市,更地,土地カテゴリ（建物表記なし）,静岡県伊豆の国市四日町897-1,2800,961.8,9.6,1500,—,—,,不明,接道・区分情報なし、詳細/役場で要確認,,2026-06-17,,https://suumo.jp/tochi/shizuoka/sc_izunokuni/nc_74062654/,不適合
SUUMO 土地 伊豆の国市,伊豆の国市,更地,土地カテゴリ（建物表記なし）,静岡県伊豆の国市富士見,3000,850.9,11.7,1500,—,—,,不明,接道・区分情報なし、詳細/役場で要確認,,2026-06-17,,https://suumo.jp/tochi/shizuoka/sc_izunokuni/nc_70162419/,不適合
SUUMO 土地 伊豆の国市,伊豆の国市,更地,土地カテゴリ（建物表記なし）,静岡県伊豆の国市奈古谷,4450,3652.0,4.0,1500,—,—,,不明,接道・区分情報なし、詳細/役場で要確認,,2026-08-01,,https://suumo.jp/tochi/shizuoka/sc_izunokuni/nc_21411852/,不適合
SUUMO 土地 伊豆の国市,伊豆の国市,更地,土地カテゴリ（建物表記なし）,静岡県伊豆の国市田京,4990,1152.9,14.3,1500,田,—,,不明,接道・区分情報なし、詳細/役場で要確認,,2026-06-17,,https://suumo.jp/tochi/shizuoka/sc_izunokuni/nc_71292657/,不適合
SUUMO 土地 伊豆の国市,伊豆の国市,更地,土地カテゴリ（建物表記なし）,静岡県伊豆の国市南江間,10000,2228.0,14.8,1500,—,—,,不明,接道・区分情報なし、詳細/役場で要確認,,2026-06-17,,https://suumo.jp/tochi/shizuoka/sc_izunokuni/nc_20069747/,不適合
LIFULL 土地 伊豆の国市,伊豆の国市,更地,土地カテゴリ（建物表記なし）,伊豆の国市奈古谷 (熱海駅),80,,,1500,—,—,,不明,接道・区分情報なし、詳細/役場で要確認,,2026-08-04,,https://www.homes.co.jp/tochi/b-33303660000840/,数値不明
LIFULL 土地 伊豆の国市,伊豆の国市,更地,土地カテゴリ（建物表記なし）,伊豆の国市四日町 (韮山駅),1300,,,1500,—,—,,不明,接道・区分情報なし、詳細/役場で要確認,,2026-08-18,,https://www.homes.co.jp/tochi/b-33319390000005/,数値不明
LIFULL 土地 伊豆の国市,伊豆の国市,更地,土地カテゴリ（建物表記なし）,伊豆の国市韮山多田富士見ニュータウン (韮山駅),100,,,1500,田,—,,不明,接道・区分情報なし、詳細/役場で要確認,,2026-08-13,注意:別荘地 NG:富士見ニュータウン,https://www.homes.co.jp/tochi/b-1546940000015/,数値不明
LIFULL 土地 伊豆の国市,伊豆の国市,更地,土地カテゴリ（建物表記なし）,伊豆の国市奈古谷 (函南駅),50,,,1500,—,—,,不明,接道・区分情報なし、詳細/役場で要確認,,2026-08-19,,https://www.homes.co.jp/tochi/b-1546940000043/,数値不明
LIFULL 土地 伊豆の国市,伊豆の国市,更地,土地カテゴリ（建物表記なし）,伊豆の国市古奈 (伊豆長岡駅),780,,,1500,—,—,,不明,接道・区分情報なし、詳細/役場で要確認,,2026-08-16,,https://www.homes.co.jp/tochi/b-33317490000154/,数値不明
LIFULL 土地 伊豆の国市,伊豆の国市,古家付き土地,土地＋古家/上物の表記,伊豆の国市大仁 (大仁駅),1350,,,1500,—,—,,不明,接道・区分情報なし。建物ありだが現行法での再建築可否は役場で要確認,,2026-08-14,,https://www.homes.co.jp/tochi/b-33313200000024/,数値不明
LIFULL 土地 伊豆の国市,伊豆の国市,更地,土地カテゴリ（建物表記なし）,伊豆の国市四日町 (韮山駅),1300,,,1500,—,—,,不明,接道・区分情報なし、詳細/役場で要確認,,2026-08-13,,https://www.homes.co.jp/tochi/b-33329470000034/,数値不明
LIFULL 土地 伊豆の国市,伊豆の国市,更地,土地カテゴリ（建物表記なし）,伊豆の国市古奈 (伊豆長岡駅),2480,,,1500,—,—,,不明,接道・区分情報なし、詳細/役場で要確認,,2026-08-20,注意:温泉,https://www.homes.co.jp/tochi/b-33301530000065/,数値不明
LIFULL 土地 伊豆の国市,伊豆の国市,更地,土地カテゴリ（建物表記なし）,伊豆の国市古奈 (伊豆長岡駅),1866,,,1500,—,—,,不明,接道・区分情報なし、詳細/役場で要確認,,2026-08-20,,https://www.homes.co.jp/tochi/b-33309130000096/,数値不明
LIFULL 土地 伊豆の国市,伊豆の国市,古家付き土地,土地＋古家/上物の表記,伊豆の国市大仁 (大仁駅),1400,,,1500,—,—,,不明,接道・区分情報なし。建物ありだが現行法での再建築可否は役場で要確認,,2026-08-22,,https://www.homes.co.jp/tochi/b-33318410000009/,数値不明
LIFULL 土地 伊豆の国市,伊豆の国市,更地,土地カテゴリ（建物表記なし）,伊豆の国市大仁 (大仁駅),1480,,,1500,—,—,,不明,接道・区分情報なし、詳細/役場で要確認,,2026-08-22,,https://www.homes.co.jp/tochi/b-33318410000042/,数値不明
LIFULL 土地 伊豆の国市,伊豆の国市,古家付き土地,土地＋古家/上物の表記,伊豆の国市天野 (伊豆長岡駅),1080,,,1500,—,—,,不明,接道・区分情報なし。建物ありだが現行法での再建築可否は役場で要確認,,2026-08-23,,https://www.homes.co.jp/tochi/b-33315810000619/,数値不明
LIFULL 土地 伊豆の国市,伊豆の国市,更地,土地カテゴリ（建物表記なし）,伊豆の国市北江間 (伊豆箱根バス),850,,,1500,—,—,,不明,接道・区分情報なし、詳細/役場で要確認,,2026-08-23,,https://www.homes.co.jp/tochi/b-33332300000036/,数値不明
LIFULL 土地 伊豆の国市,伊豆の国市,更地,土地カテゴリ（建物表記なし）,伊豆の国市原木 (韮山駅),750,,,1500,—,—,,不明,接道・区分情報なし、詳細/役場で要確認,,2026-08-23,,https://www.homes.co.jp/tochi/b-33303690000049/,数値不明
LIFULL 土地 伊豆の国市,伊豆の国市,更地,土地カテゴリ（建物表記なし）,伊豆の国市古奈 (伊豆長岡駅),800,,,1500,—,—,,不明,接道・区分情報なし、詳細/役場で要確認,,2026-08-23,,https://www.homes.co.jp/tochi/b-33303690000038/,数値不明
LIFULL 土地 伊豆の国市,伊豆の国市,更地,土地カテゴリ（建物表記なし）,伊豆の国市奈古谷小松ケ原,680,,,1500,—,—,,不明,接道・区分情報なし、詳細/役場で要確認,,2026-08-23,,https://www.homes.co.jp/tochi/b-33311850000189/,数値不明
LIFULL 土地 伊豆の国市,伊豆の国市,更地,土地カテゴリ（建物表記なし）,伊豆の国市原木 (原木駅),980,,,1500,—,—,,不明,接道・区分情報なし、詳細/役場で要確認,,2026-08-23,,https://www.homes.co.jp/tochi/b-33316480000096/,数値不明
LIFULL 土地 伊豆の国市,伊豆の国市,更地,土地カテゴリ（建物表記なし）,伊豆の国市原木 (原木駅),1390,,,1500,—,—,,不明,接道・区分情報なし、詳細/役場で要確認,,2026-08-28,,https://www.homes.co.jp/tochi/b-33327580000087/,数値不明
LIFULL 土地 伊豆の国市,伊豆の国市,古家付き土地,土地＋古家/上物の表記,伊豆の国市南條 (伊豆長岡駅),680,,,1500,—,—,,不明,接道・区分情報なし。建物ありだが現行法での再建築可否は役場で要確認,,2026-08-29,,https://www.homes.co.jp/tochi/b-1500050000639/,数値不明
LIFULL 土地 伊豆の国市,伊豆の国市,更地,土地カテゴリ（建物表記なし）,伊豆の国市長岡 (伊豆長岡駅),1480,,,1500,—,—,,不明,接道・区分情報なし、詳細/役場で要確認,,2026-08-28,注意:温泉,https://www.homes.co.jp/tochi/b-33315810000245/,数値不明
LIFULL 土地 伊豆の国市,伊豆の国市,古家付き土地,土地＋古家/上物の表記,伊豆の国市奈古谷 (熱海駅),780,,,1500,—,—,,不明,接道・区分情報なし。建物ありだが現行法での再建築可否は役場で要確認,,2026-08-28,,https://www.homes.co.jp/tochi/b-33303660001124/,数値不明
LIFULL 土地 伊豆の国市,伊豆の国市,古家付き土地,土地＋古家/上物の表記,伊豆の国市韮山韮山 (韮山駅),1850,,,1500,—,—,,不明,接道・区分情報なし。建物ありだが現行法での再建築可否は役場で要確認,,2026-08-29,,https://www.homes.co.jp/tochi/b-33317490000142/,数値不明
LIFULL 土地 伊豆の国市,伊豆の国市,古家付き土地,土地＋古家/上物の表記,伊豆の国市南江間 (韮山駅),750,,,1500,—,市街化調整区域,,△,調整区域の建替えは既存宅地要件等の確認が必要＝本命候補,,2026-08-29,関心:市街化調整区域/調整区域,https://www.homes.co.jp/tochi/b-33317490000136/,数値不明
LIFULL 土地 伊豆の国市,伊豆の国市,更地,土地カテゴリ（建物表記なし）,伊豆の国市奈古谷 (熱海駅),50,,,1500,—,—,,不明,接道・区分情報なし、詳細/役場で要確認,,2026-08-28,,https://www.homes.co.jp/tochi/b-37070020003430/,数値不明
LIFULL 土地 伊豆の国市,伊豆の国市,更地,土地カテゴリ（建物表記なし）,伊豆の国市寺家 (伊豆長岡駅),2200,,,1500,—,—,,不明,接道・区分情報なし、詳細/役場で要確認,,2026-08-28,,https://www.homes.co.jp/tochi/b-37004730000066/,数値不明
LIFULL 土地 伊豆の国市,伊豆の国市,更地,土地カテゴリ（建物表記なし）,伊豆の国市韮山山木 (熱海駅),250,,,1500,—,—,,不明,接道・区分情報なし、詳細/役場で要確認,,2026-08-28,注意:別荘地,https://www.homes.co.jp/tochi/b-33303660001115/,数値不明
LIFULL 土地 伊豆の国市,伊豆の国市,更地,土地カテゴリ（建物表記なし）,伊豆の国市奈古谷小松ケ原,100,,,1500,—,—,,不明,接道・区分情報なし、詳細/役場で要確認,,2026-08-29,注意:別荘地,https://www.homes.co.jp/tochi/b-33303660000686/,数値不明
LIFULL 土地 伊豆の国市,伊豆の国市,更地,土地カテゴリ（建物表記なし）,伊豆の国市長岡 (伊豆長岡駅),1150,,,1500,—,—,,不明,接道・区分情報なし、詳細/役場で要確認,,2026-08-29,注意:温泉,https://www.homes.co.jp/tochi/b-39046610000078/,数値不明
LIFULL 土地 伊豆の国市,伊豆の国市,更地,土地カテゴリ（建物表記なし）,伊豆の国市御門 (田京駅),1280,,,1500,田,—,,不明,接道・区分情報なし、詳細/役場で要確認,,2026-08-29,,https://www.homes.co.jp/tochi/b-39046610000081/,数値不明
LIFULL 土地 伊豆の国市,伊豆の国市,更地,土地カテゴリ（建物表記なし）,伊豆の国市中 (伊豆長岡駅),330,,,1500,—,—,,不明,接道・区分情報なし、詳細/役場で要確認,,2026-08-29,,https://www.homes.co.jp/tochi/b-1500050000601/,数値不明
SUUMO 中古戸建 伊豆の国市,伊豆の国市,更地,土地カテゴリ（建物表記なし）,静岡県伊豆の国市吉田,1750,422.4,13.7,1500,田,—,,不明,接道・区分情報なし、詳細/役場で要確認,,2026-06-14,,https://suumo.jp/chukoikkodate/shizuoka/sc_izunokuni/nc_21007309/,不適合
SUUMO 中古戸建 伊豆の国市,伊豆の国市,更地,土地カテゴリ（建物表記なし）,静岡県伊豆の国市富士見,3000,850.9,11.7,1500,—,—,,不明,接道・区分情報なし、詳細/役場で要確認,,2026-06-14,,https://suumo.jp/chukoikkodate/shizuoka/sc_izunokuni/nc_70162439/,不適合
SUUMO 中古戸建 伊豆の国市,伊豆の国市,更地,土地カテゴリ（建物表記なし）,静岡県伊豆の国市中島,3980,239.0,55.1,1500,—,—,,不明,接道・区分情報なし、詳細/役場で要確認,,2026-07-30,,https://suumo.jp/chukoikkodate/shizuoka/sc_izunokuni/nc_21389329/,不適合
SUUMO 中古戸建 伊豆の国市,伊豆の国市,更地,土地カテゴリ（建物表記なし）,静岡県伊豆の国市宗光寺662-25,1529,264.3,19.1,1500,—,—,,不明,接道・区分情報なし、詳細/役場で要確認,,2026-06-14,,https://suumo.jp/chukoikkodate/shizuoka/sc_izunokuni/nc_20831265/,不適合
SUUMO 中古戸建 伊豆の国市,伊豆の国市,更地,土地カテゴリ（建物表記なし）,静岡県伊豆の国市立花２,1980,392.6,16.7,1500,田,—,,不明,接道・区分情報なし、詳細/役場で要確認,,2026-06-21,注意:要相談,https://suumo.jp/chukoikkodate/shizuoka/sc_izunokuni/nc_78708755/,不適合
SUUMO 中古戸建 伊豆の国市,伊豆の国市,更地,土地カテゴリ（建物表記なし）,静岡県伊豆の国市奈古谷,400,229.0,5.8,1500,—,—,,不明,接道・区分情報なし、詳細/役場で要確認,,2026-07-04,,https://suumo.jp/chukoikkodate/shizuoka/sc_izunokuni/nc_72355796/,不適合
SUUMO 中古戸建 伊豆の国市,伊豆の国市,更地,土地カテゴリ（建物表記なし）,静岡県伊豆の国市韮山多田,400,296.0,4.5,1500,田,—,,不明,接道・区分情報なし、詳細/役場で要確認,,2026-07-04,,https://suumo.jp/chukoikkodate/shizuoka/sc_izunokuni/nc_75426668/,不適合
SUUMO 中古戸建 伊豆の国市,伊豆の国市,更地,土地カテゴリ（建物表記なし）,静岡県伊豆の国市韮山山木,498,380.0,4.3,1500,—,—,,不明,接道・区分情報なし、詳細/役場で要確認,,2026-06-14,,https://suumo.jp/chukoikkodate/shizuoka/sc_izunokuni/nc_20766895/,適合
SUUMO 中古戸建 伊豆の国市,伊豆の国市,更地,土地カテゴリ（建物表記なし）,静岡県伊豆の国市奈古谷,500,393.0,4.2,1500,—,—,,不明,接道・区分情報なし、詳細/役場で要確認,,2026-06-14,,https://suumo.jp/chukoikkodate/shizuoka/sc_izunokuni/nc_97860466/,適合
SUUMO 中古戸建 伊豆の国市,伊豆の国市,更地,土地カテゴリ（建物表記なし）,静岡県伊豆の国市立花３,500,346.0,4.8,1500,田,—,,不明,接道・区分情報なし、詳細/役場で要確認,,2026-08-11,,https://suumo.jp/chukoikkodate/shizuoka/sc_izunokuni/nc_20609633/,適合
SUUMO 中古戸建 伊豆の国市,伊豆の国市,更地,土地カテゴリ（建物表記なし）,静岡県伊豆の国市奈古谷,520,290.0,5.9,1500,—,—,,不明,接道・区分情報なし、詳細/役場で要確認,,2026-06-14,,https://suumo.jp/chukoikkodate/shizuoka/sc_izunokuni/nc_20504430/,不適合
SUUMO 中古戸建 伊豆の国市,伊豆の国市,更地,土地カテゴリ（建物表記なし）,静岡県伊豆の国市奈古谷小松ケ原,580,358.0,5.4,1500,—,—,,不明,接道・区分情報なし、詳細/役場で要確認,,2026-06-14,,https://suumo.jp/chukoikkodate/shizuoka/sc_izunokuni/nc_78892714/,適合
SUUMO 中古戸建 伊豆の国市,伊豆の国市,中古戸建,中古戸建/住宅カテゴリ,静岡県伊豆の国市韮山多田,750,396.7,6.2,3000,田,—,,不明,接道・区分情報なし。建物ありだが現行法での再建築可否は役場で要確認,,2026-06-14,注意:別荘地 NG:富士見ニュータウン,https://suumo.jp/chukoikkodate/shizuoka/sc_izunokuni/nc_79112253/,適合
SUUMO 中古戸建 伊豆の国市,伊豆の国市,更地,土地カテゴリ（建物表記なし）,静岡県伊豆の国市原木,750,117.3,21.1,1500,—,—,,不明,接道・区分情報なし、詳細/役場で要確認,,2026-06-14,,https://suumo.jp/chukoikkodate/shizuoka/sc_izunokuni/nc_20827752/,不適合
SUUMO 中古戸建 伊豆の国市,伊豆の国市,更地,土地カテゴリ（建物表記なし）,静岡県伊豆の国市御門,750,141.0,17.6,1500,田,—,,不明,接道・区分情報なし、詳細/役場で要確認,,2026-06-14,,https://suumo.jp/chukoikkodate/shizuoka/sc_izunokuni/nc_74752544/,不適合
SUUMO 中古戸建 伊豆の国市,伊豆の国市,更地,土地カテゴリ（建物表記なし）,静岡県伊豆の国市大仁,800,136.9,19.3,1500,—,—,,不明,接道・区分情報なし、詳細/役場で要確認,,2026-06-14,,https://suumo.jp/chukoikkodate/shizuoka/sc_izunokuni/nc_20280636/,不適合
SUUMO 中古戸建 伊豆の国市,伊豆の国市,更地,土地カテゴリ（建物表記なし）,静岡県伊豆の国市南條,900,199.5,14.9,1500,—,—,,不明,接道・区分情報なし、詳細/役場で要確認,,2026-06-14,,https://suumo.jp/chukoikkodate/shizuoka/sc_izunokuni/nc_20113184/,不適合
SUUMO 中古戸建 伊豆の国市,伊豆の国市,更地,土地カテゴリ（建物表記なし）,静岡県伊豆の国市韮山山木,900,287.0,10.4,1500,—,—,,不明,接道・区分情報なし、詳細/役場で要確認,,2026-08-17,,https://suumo.jp/chukoikkodate/shizuoka/sc_izunokuni/nc_78110815/,不適合
SUUMO 中古戸建 伊豆の国市,伊豆の国市,更地,土地カテゴリ（建物表記なし）,静岡県伊豆の国市三福,900,201.8,14.7,1500,—,—,,不明,接道・区分情報なし、詳細/役場で要確認,,2026-06-14,,https://suumo.jp/chukoikkodate/shizuoka/sc_izunokuni/nc_98525077/,不適合
SUUMO 中古戸建 伊豆の国市,伊豆の国市,中古戸建,中古戸建/住宅カテゴリ,静岡県伊豆の国市韮山多田,990,333.0,9.8,3000,田,—,,不明,接道・区分情報なし。建物ありだが現行法での再建築可否は役場で要確認,,2026-06-14,注意:別荘地 NG:富士見ニュータウン,https://suumo.jp/chukoikkodate/shizuoka/sc_izunokuni/nc_20773143/,適合
SUUMO 中古戸建 伊豆の国市,伊豆の国市,更地,土地カテゴリ（建物表記なし）,静岡県伊豆の国市韮山山木,1000,955.0,3.5,1500,—,—,,不明,接道・区分情報なし、詳細/役場で要確認,,2026-06-14,,https://suumo.jp/chukoikkodate/shizuoka/sc_izunokuni/nc_98299867/,適合
SUUMO 中古戸建 伊豆の国市,伊豆の国市,更地,土地カテゴリ（建物表記なし）,静岡県伊豆の国市奈古谷,1180,245.8,15.9,1500,—,—,,不明,接道・区分情報なし、詳細/役場で要確認,,2026-06-14,,https://suumo.jp/chukoikkodate/shizuoka/sc_izunokuni/nc_20998225/,不適合
SUUMO 中古戸建 伊豆の国市,伊豆の国市,更地,土地カテゴリ（建物表記なし）,静岡県伊豆の国市原木825-3,1299,109.0,39.4,1500,—,—,,不明,接道・区分情報なし、詳細/役場で要確認,,2026-06-14,,https://suumo.jp/chukoikkodate/shizuoka/sc_izunokuni/nc_20903783/,不適合
SUUMO 中古戸建 伊豆の国市,伊豆の国市,更地,土地カテゴリ（建物表記なし）,静岡県伊豆の国市奈古谷小松ケ原,1350,416.0,10.7,1500,—,—,,不明,接道・区分情報なし、詳細/役場で要確認,,2026-06-14,,https://suumo.jp/chukoikkodate/shizuoka/sc_izunokuni/nc_78494696/,適合
SUUMO 中古戸建 伊豆の国市,伊豆の国市,更地,土地カテゴリ（建物表記なし）,静岡県伊豆の国市田京,1380,64.8,70.4,1500,田,—,,不明,接道・区分情報なし、詳細/役場で要確認,,2026-08-25,,https://suumo.jp/chukoikkodate/shizuoka/sc_izunokuni/nc_21555396/,不適合
SUUMO 中古戸建 伊豆の国市,伊豆の国市,更地,土地カテゴリ（建物表記なし）,静岡県伊豆の国市南條,1780,184.1,32.0,1500,—,—,,不明,接道・区分情報なし、詳細/役場で要確認,,2026-08-04,,https://suumo.jp/chukoikkodate/shizuoka/sc_izunokuni/nc_21435252/,不適合
SUUMO 中古戸建 伊豆の国市,伊豆の国市,更地,土地カテゴリ（建物表記なし）,静岡県伊豆の国市奈古谷小松ケ原,1780,221.0,26.6,1500,—,—,,不明,接道・区分情報なし、詳細/役場で要確認,,2026-06-14,,https://suumo.jp/chukoikkodate/shizuoka/sc_izunokuni/nc_97178786/,不適合
SUUMO 中古戸建 伊豆の国市,伊豆の国市,更地,土地カテゴリ（建物表記なし）,静岡県伊豆の国市大仁,1800,210.7,28.2,1500,—,—,,不明,接道・区分情報なし、詳細/役場で要確認,,2026-06-14,,https://suumo.jp/chukoikkodate/shizuoka/sc_izunokuni/nc_78650107/,不適合
SUUMO 中古戸建 伊豆の国市,伊豆の国市,更地,土地カテゴリ（建物表記なし）,静岡県伊豆の国市大仁,1800,210.7,28.2,1500,田,—,,不明,接道・区分情報なし、詳細/役場で要確認,,2026-06-14,注意:温泉,https://suumo.jp/chukoikkodate/shizuoka/sc_izunokuni/nc_79025794/,不適合
SUUMO 中古戸建 伊豆の国市,伊豆の国市,更地,土地カテゴリ（建物表記なし）,静岡県伊豆の国市墹之上,1800,452.9,13.1,1500,—,—,,不明,接道・区分情報なし、詳細/役場で要確認,,2026-08-29,,https://suumo.jp/chukoikkodate/shizuoka/sc_izunokuni/nc_20800966/,不適合
SUUMO 中古戸建 伊豆の国市,伊豆の国市,更地,土地カテゴリ（建物表記なし）,静岡県伊豆の国市古奈1118-10,1829,213.7,28.3,1500,—,—,,不明,接道・区分情報なし、詳細/役場で要確認,,2026-06-14,,https://suumo.jp/chukoikkodate/shizuoka/sc_izunokuni/nc_20831311/,不適合
SUUMO 中古戸建 伊豆の国市,伊豆の国市,更地,土地カテゴリ（建物表記なし）,静岡県伊豆の国市三福,1980,128.1,51.1,1500,田,—,,不明,接道・区分情報なし、詳細/役場で要確認,,2026-06-14,,https://suumo.jp/chukoikkodate/shizuoka/sc_izunokuni/nc_20428723/,不適合
SUUMO 中古戸建 伊豆の国市,伊豆の国市,中古戸建,中古戸建/住宅カテゴリ,静岡県伊豆の国市原木,1980,312.6,20.9,3000,田,—,,不明,接道・区分情報なし。建物ありだが現行法での再建築可否は役場で要確認,,2026-06-14,,https://suumo.jp/chukoikkodate/shizuoka/sc_izunokuni/nc_79178268/,不適合
SUUMO 中古戸建 伊豆の国市,伊豆の国市,更地,土地カテゴリ（建物表記なし）,静岡県伊豆の国市奈古谷エメラルドタウン,1980,558.2,11.7,1500,—,—,,不明,接道・区分情報なし、詳細/役場で要確認,,2026-06-14,NG:エメラルドタウン,https://suumo.jp/chukoikkodate/shizuoka/sc_izunokuni/nc_91192340/,不適合
SUUMO 中古戸建 伊豆の国市,伊豆の国市,更地,土地カテゴリ（建物表記なし）,静岡県伊豆の国市古奈602-1,2299,215.5,35.3,1500,—,—,,不明,接道・区分情報なし、詳細/役場で要確認,,2026-08-07,,https://suumo.jp/chukoikkodate/shizuoka/sc_izunokuni/nc_21440419/,不適合
SUUMO 中古戸建 伊豆の国市,伊豆の国市,更地,土地カテゴリ（建物表記なし）,静岡県伊豆の国市奈古谷小松ケ原,2480,378.0,21.7,1500,—,—,,不明,接道・区分情報なし、詳細/役場で要確認,,2026-07-20,,https://suumo.jp/chukoikkodate/shizuoka/sc_izunokuni/nc_77034505/,不適合
SUUMO 中古戸建 伊豆の国市,伊豆の国市,更地,土地カテゴリ（建物表記なし）,静岡県伊豆の国市長岡,2480,360.0,22.8,1500,—,—,,不明,接道・区分情報なし、詳細/役場で要確認,,2026-06-14,,https://suumo.jp/chukoikkodate/shizuoka/sc_izunokuni/nc_79002142/,不適合
SUUMO 中古戸建 伊豆の国市,伊豆の国市,更地,土地カテゴリ（建物表記なし）,静岡県伊豆の国市天野,2800,170.5,54.3,1500,—,—,,不明,接道・区分情報なし、詳細/役場で要確認,,2026-06-14,,https://suumo.jp/chukoikkodate/shizuoka/sc_izunokuni/nc_20882818/,不適合
SUUMO 中古戸建 伊豆の国市,伊豆の国市,更地,土地カテゴリ（建物表記なし）,静岡県伊豆の国市天野,2880,463.0,20.6,1500,—,—,,不明,接道・区分情報なし、詳細/役場で要確認,,2026-08-11,,https://suumo.jp/chukoikkodate/shizuoka/sc_izunokuni/nc_21376091/,不適合
SUUMO 中古戸建 伊豆の国市,伊豆の国市,更地,土地カテゴリ（建物表記なし）,静岡県伊豆の国市富士見,2950,164.0,59.5,1500,—,—,,不明,接道・区分情報なし、詳細/役場で要確認,,2026-06-14,,https://suumo.jp/chukoikkodate/shizuoka/sc_izunokuni/nc_78266044/,不適合
SUUMO 中古戸建 伊豆の国市,伊豆の国市,更地,土地カテゴリ（建物表記なし）,静岡県伊豆の国市大仁,3200,160.6,65.9,1500,—,—,,不明,接道・区分情報なし、詳細/役場で要確認,,2026-06-14,,https://suumo.jp/chukoikkodate/shizuoka/sc_izunokuni/nc_74842726/,不適合
SUUMO 中古戸建 伊豆の国市,伊豆の国市,更地,土地カテゴリ（建物表記なし）,静岡県伊豆の国市長岡,3280,157.3,68.9,1500,—,—,,不明,接道・区分情報なし、詳細/役場で要確認,,2026-06-14,注意:温泉,https://suumo.jp/chukoikkodate/shizuoka/sc_izunokuni/nc_76083243/,不適合
SUUMO 中古戸建 伊豆の国市,伊豆の国市,更地,土地カテゴリ（建物表記なし）,静岡県伊豆の国市田京,3450,245.5,46.5,1500,田,—,,不明,接道・区分情報なし、詳細/役場で要確認,,2026-08-23,,https://suumo.jp/chukoikkodate/shizuoka/sc_izunokuni/nc_21544625/,不適合
SUUMO 中古戸建 伊豆の国市,伊豆の国市,更地,土地カテゴリ（建物表記なし）,静岡県伊豆の国市三福,3650,307.7,39.2,1500,田,—,,不明,接道・区分情報なし、詳細/役場で要確認,,2026-06-27,,https://suumo.jp/chukoikkodate/shizuoka/sc_izunokuni/nc_21162739/,不適合
SUUMO 中古戸建 伊豆の国市,伊豆の国市,更地,土地カテゴリ（建物表記なし）,静岡県伊豆の国市吉田,3650,563.0,21.4,1500,田,—,,不明,接道・区分情報なし、詳細/役場で要確認,,2026-06-14,,https://suumo.jp/chukoikkodate/shizuoka/sc_izunokuni/nc_20155773/,不適合
SUUMO 中古戸建 伊豆の国市,伊豆の国市,更地,土地カテゴリ（建物表記なし）,静岡県伊豆の国市古奈,5600,331.6,55.8,1500,田,—,,不明,接道・区分情報なし、詳細/役場で要確認,,2026-06-14,,https://suumo.jp/chukoikkodate/shizuoka/sc_izunokuni/nc_97670552/,不適合
SUUMO 中古戸建 伊豆の国市,伊豆の国市,更地,土地カテゴリ（建物表記なし）,静岡県伊豆の国市長岡,9500,846.8,37.1,1500,田,—,,不明,接道・区分情報なし、詳細/役場で要確認,,2026-06-14,,https://suumo.jp/chukoikkodate/shizuoka/sc_izunokuni/nc_76448476/,不適合
スマイミー静岡 賃貸 田方郡函南町,函南町,賃貸戸建,賃貸カテゴリ（掲載種別）,田方郡函南町仁田47-1,6.0,41.4,,5,田,—,,—,賃貸のため対象外,,2026-07-25,関心:礼金無/戸建,https://www.shizuoka.fudohsan.jp/%E7%89%A9%E4%BB%B6/36515,不適合
スマイミー静岡 賃貸 田方郡函南町,函南町,賃貸アパート,賃貸カテゴリ（掲載種別）,田方郡函南町塚本232-1,6.5,51.6,,5,田,—,,—,賃貸のため対象外,,2026-07-25,関心:礼金無,https://www.shizuoka.fudohsan.jp/%E7%89%A9%E4%BB%B6/71090,不適合
スマイミー静岡 賃貸 田方郡函南町,函南町,賃貸アパート,賃貸カテゴリ（掲載種別）,田方郡函南町間宮822-2,6.5,57.2,,5,田,—,,—,賃貸のため対象外,,2026-08-01,関心:礼金無,https://www.shizuoka.fudohsan.jp/%E7%89%A9%E4%BB%B6/57715,不適合
スマイミー静岡 賃貸 田方郡函南町,函南町,賃貸戸建,賃貸カテゴリ（掲載種別）,田方郡函南町仁田211-7,4.9,47.2,,5,田,—,,—,賃貸のため対象外,,2026-07-25,関心:礼金無/戸建,https://www.shizuoka.fudohsan.jp/%E7%89%A9%E4%BB%B6/88088,適合
スマイミー静岡 賃貸 田方郡函南町,函南町,賃貸その他,賃貸カテゴリ（掲載種別）,田方郡函南町塚本140-6,19.2,163.0,,5,田,—,,—,賃貸のため対象外,,2026-07-28,関心:敷金無/礼金無,https://www.shizuoka.fudohsan.jp/%E7%89%A9%E4%BB%B6/175325,不適合
スマイミー静岡 賃貸 田方郡函南町,函南町,賃貸戸建,賃貸カテゴリ（掲載種別）,田方郡函南町肥田947-5,7.5,49.7,,5,田,—,,—,賃貸のため対象外,,2026-07-25,関心:礼金無/戸建,https://www.shizuoka.fudohsan.jp/%E7%89%A9%E4%BB%B6/111954,不適合
スマイミー静岡 賃貸 田方郡函南町,函南町,賃貸マンション,賃貸カテゴリ（掲載種別）,田方郡函南町仁田99-3,5.5,49.7,,5,田,—,,—,賃貸のため対象外,,2026-07-25,関心:礼金無,https://www.shizuoka.fudohsan.jp/%E7%89%A9%E4%BB%B6/141332,不適合
スマイミー静岡 賃貸 田方郡函南町,函南町,賃貸アパート,賃貸カテゴリ（掲載種別）,田方郡函南町柏谷1149-4,5.3,52.2,,5,田,—,,—,賃貸のため対象外,,2026-07-25,関心:礼金無,https://www.shizuoka.fudohsan.jp/%E7%89%A9%E4%BB%B6/143474,不適合
スマイミー静岡 賃貸 田方郡函南町,函南町,賃貸その他,賃貸カテゴリ（掲載種別）,田方郡函南町塚本575-3,45.0,238.5,,5,田,—,,—,賃貸のため対象外,,2026-07-25,関心:礼金無 注意:店舗,https://www.shizuoka.fudohsan.jp/%E7%89%A9%E4%BB%B6/152946,不適合
スマイミー静岡 賃貸 田方郡函南町,函南町,賃貸アパート,賃貸カテゴリ（掲載種別）,田方郡函南町柏谷43,5.0,53.6,,5,田,—,,—,賃貸のため対象外,,2026-07-25,関心:礼金無,https://www.shizuoka.fudohsan.jp/%E7%89%A9%E4%BB%B6/159193,適合
スマイミー静岡 賃貸 田方郡函南町,函南町,賃貸戸建,賃貸カテゴリ（掲載種別）,田方郡函南町仁田21-4,8.8,124.2,,5,田,—,,—,賃貸のため対象外,,2026-07-25,関心:礼金無/戸建,https://www.shizuoka.fudohsan.jp/%E7%89%A9%E4%BB%B6/170926,不適合
スマイミー静岡 賃貸 田方郡函南町,函南町,賃貸戸建,賃貸カテゴリ（掲載種別）,田方郡函南町間宮116-2,5.7,36.0,,5,田,—,,—,賃貸のため対象外,,2026-07-25,関心:礼金無/戸建,https://www.shizuoka.fudohsan.jp/%E7%89%A9%E4%BB%B6/173413,不適合
スマイミー静岡 賃貸 田方郡函南町,函南町,賃貸その他,賃貸カテゴリ（掲載種別）,田方郡函南町平井1689-48,16.7,11900.0,,5,田,—,,—,賃貸のため対象外,,2026-07-25,関心:敷金無/礼金無 注意:事業用,https://www.shizuoka.fudohsan.jp/%E7%89%A9%E4%BB%B6/31624,不適合
スマイミー静岡 賃貸 田方郡函南町,函南町,賃貸アパート,賃貸カテゴリ（掲載種別）,田方郡函南町仁田691-3,5.4,48.9,,5,田,—,,—,賃貸のため対象外,,2026-07-25,関心:礼金無,https://www.shizuoka.fudohsan.jp/%E7%89%A9%E4%BB%B6/157338,不適合
スマイミー静岡 賃貸 田方郡函南町,函南町,賃貸アパート,賃貸カテゴリ（掲載種別）,田方郡函南町塚本140-6,6.0,47.0,,5,田,—,,—,賃貸のため対象外,,2026-07-29,関心:礼金無,https://www.shizuoka.fudohsan.jp/%E7%89%A9%E4%BB%B6/175781,不適合
スマイミー静岡 賃貸 田方郡函南町,函南町,賃貸アパート,賃貸カテゴリ（掲載種別）,田方郡函南町塚本140-6,6.0,50.0,,5,田,—,,—,賃貸のため対象外,,2026-07-25,関心:礼金無,https://www.shizuoka.fudohsan.jp/%E7%89%A9%E4%BB%B6/175295,不適合
スマイミー静岡 賃貸 田方郡函南町,函南町,賃貸マンション,賃貸カテゴリ（掲載種別）,田方郡函南町大土肥1-1,6.6,58.8,,5,田,—,,—,賃貸のため対象外,,2026-07-25,関心:礼金無,https://www.shizuoka.fudohsan.jp/%E7%89%A9%E4%BB%B6/38727,不適合
スマイミー静岡 賃貸 田方郡函南町,函南町,賃貸マンション,賃貸カテゴリ（掲載種別）,田方郡函南町大土肥793-6,4.0,21.0,,5,田,—,,—,賃貸のため対象外,,2026-07-25,関心:礼金無,https://www.shizuoka.fudohsan.jp/%E7%89%A9%E4%BB%B6/168541,適合
スマイミー静岡 賃貸 田方郡函南町,函南町,賃貸マンション,賃貸カテゴリ（掲載種別）,田方郡函南町塚本100-4,7.8,74.4,,5,田,—,,—,賃貸のため対象外,,2026-07-25,関心:礼金無,https://www.shizuoka.fudohsan.jp/%E7%89%A9%E4%BB%B6/174224,不適合
スマイミー静岡 賃貸 田方郡函南町,函南町,賃貸その他,賃貸カテゴリ（掲載種別）,田方郡函南町塚本140-6,12.65,113.1,,5,田,—,,—,賃貸のため対象外,,2026-07-25,関心:礼金無,https://www.shizuoka.fudohsan.jp/%E7%89%A9%E4%BB%B6/171137,不適合
LIFULL 中古戸建 伊豆の国市,伊豆の国市,空き家,掲載に空き家表記,売中古戸建　伊豆の国市大仁,3200,160.6,65.9,3000,—,—,,不明,接道・区分情報なし。建物ありだが現行法での再建築可否は役場で要確認,,2026-06-21,,https://www.homes.co.jp/kodate/b-1500050000270/,不適合
LIFULL 中古戸建 伊豆の国市,伊豆の国市,空き家,掲載に空き家表記,伊豆の国市大仁,3200,160.6,65.9,3000,—,—,,不明,接道・区分情報なし。建物ありだが現行法での再建築可否は役場で要確認,,2026-06-21,,https://www.homes.co.jp/kodate/b-33306040000363/,不適合
LIFULL 中古戸建 伊豆の国市,伊豆の国市,空き家,掲載に空き家表記,中古戸建　伊豆の国市富士見,2950,164.0,59.5,3000,—,—,,不明,接道・区分情報なし。建物ありだが現行法での再建築可否は役場で要確認,,2026-08-21,,https://www.homes.co.jp/kodate/b-1556780000068/,不適合
LIFULL 中古戸建 伊豆の国市,伊豆の国市,中古戸建,中古戸建/住宅カテゴリ,伊豆の国市中島中古住宅,3980,239.0,55.1,3000,—,—,,不明,接道・区分情報なし。建物ありだが現行法での再建築可否は役場で要確認,,2026-07-30,,https://www.homes.co.jp/kodate/b-1265050002686/,不適合
LIFULL 中古戸建 伊豆の国市,,中古戸建,中古戸建/住宅カテゴリ,伊豆箱根鉄道駿豆線 韮山駅 徒歩2分,3850,165.6,76.9,3000,—,—,,不明,接道・区分情報なし。建物ありだが現行法での再建築可否は役場で要確認,,2026-08-20,,https://www.homes.co.jp/kodate/b-33323360001178/,不適合
LIFULL 中古戸建 伊豆の国市,,中古戸建,中古戸建/住宅カテゴリ,小松ヶ原別荘地　戸建,1380,225.1,20.3,3000,—,—,,不明,接道・区分情報なし。建物ありだが現行法での再建築可否は役場で要確認,,2026-06-21,注意:別荘地,https://www.homes.co.jp/kodate/b-33303660001042/,不適合
LIFULL 中古戸建 伊豆の国市,,中古戸建,中古戸建/住宅カテゴリ,JR東海道本線 熱海駅 15.4km,1380,225.1,20.3,3000,—,—,,不明,接道・区分情報なし。建物ありだが現行法での再建築可否は役場で要確認,,2026-06-21,,https://www.homes.co.jp/kodate/b-1341600001706/,不適合
LIFULL 中古戸建 伊豆の国市,伊豆の国市,空き家,掲載に空き家表記,伊豆の国市原木　中古戸建,1890,313.2,19.9,3000,宅地,—,,不明,接道・区分情報なし。建物ありだが現行法での再建築可否は役場で要確認,,2026-08-29,,https://www.homes.co.jp/kodate/b-1436870001803/,不適合
LIFULL 中古戸建 伊豆の国市,伊豆の国市,空き家,掲載に空き家表記,中古戸建  伊豆の国市原木,1890,312.6,20.0,3000,宅地,—,,不明,接道・区分情報なし。建物ありだが現行法での再建築可否は役場で要確認,,2026-06-21,,https://www.homes.co.jp/kodate/b-1540930000173/,不適合
LIFULL 中古戸建 伊豆の国市,伊豆の国市,空き家,掲載に空き家表記,売中古戸建　伊豆の国市大仁,1800,210.7,28.2,3000,—,—,,不明,接道・区分情報なし。建物ありだが現行法での再建築可否は役場で要確認,,2026-06-21,注意:温泉,https://www.homes.co.jp/kodate/b-1500050000602/,不適合
LIFULL 中古戸建 伊豆の国市,伊豆の国市,中古戸建,中古戸建/住宅カテゴリ,伊豆の国市長岡中古住宅,3280,157.3,68.9,3000,—,—,,不明,接道・区分情報なし。建物ありだが現行法での再建築可否は役場で要確認,,2026-06-21,注意:温泉,https://www.homes.co.jp/kodate/b-1265050002093/,不適合
LIFULL 中古戸建 伊豆の国市,,中古戸建,中古戸建/住宅カテゴリ,伊豆箱根鉄道駿豆線 伊豆長岡駅 徒歩22分,3580,330.2,35.8,3000,—,—,,不明,接道・区分情報なし。建物ありだが現行法での再建築可否は役場で要確認,,2026-08-27,,https://www.homes.co.jp/kodate/b-39046610000060/,不適合
LIFULL 中古戸建 伊豆の国市,,中古戸建,中古戸建/住宅カテゴリ,JR東海道本線 熱海駅 17km,900,287.0,10.4,3000,—,—,,不明,接道・区分情報なし。建物ありだが現行法での再建築可否は役場で要確認,,2026-06-21,注意:温泉,https://www.homes.co.jp/kodate/b-33303660000945/,不適合
LIFULL 中古戸建 伊豆の国市,伊豆の国市,空き家,掲載に空き家表記,伊豆の国市三福中古戸建,2980,332.6,29.6,3000,田,—,,不明,接道・区分情報なし。建物ありだが現行法での再建築可否は役場で要確認,,2026-06-21,,https://www.homes.co.jp/kodate/b-89420000408/,適合
LIFULL 中古戸建 伊豆の国市,,中古戸建,中古戸建/住宅カテゴリ,JR東海道本線 熱海駅 13.5km,1180,245.8,15.9,3000,—,—,,不明,接道・区分情報なし。建物ありだが現行法での再建築可否は役場で要確認,,2026-06-21,NG:エメラルドタウン,https://www.homes.co.jp/kodate/b-33303660001149/,不適合
LIFULL 中古戸建 伊豆の国市,,中古戸建,中古戸建/住宅カテゴリ,小松ヶ原別荘地　売戸建,1350,416.0,10.7,3000,—,—,,不明,接道・区分情報なし。建物ありだが現行法での再建築可否は役場で要確認,,2026-08-16,注意:別荘地,https://www.homes.co.jp/kodate/b-1111450005602/,適合
LIFULL 中古戸建 伊豆の国市,伊豆の国市,空き家,掲載に空き家表記,伊豆の国市宗光寺　戸建て,1529,264.3,19.1,3000,—,—,,不明,接道・区分情報なし。建物ありだが現行法での再建築可否は役場で要確認,,2026-06-21,,https://www.homes.co.jp/kodate/b-1220300000700/,不適合
LIFULL 中古戸建 伊豆の国市,伊豆の国市,空き家,掲載に空き家表記,伊豆の国市古奈　戸建て,1829,213.7,28.3,3000,—,—,,不明,接道・区分情報なし。建物ありだが現行法での再建築可否は役場で要確認,,2026-06-21,,https://www.homes.co.jp/kodate/b-1220300000701/,不適合
LIFULL 中古戸建 伊豆の国市,,空き家,掲載に空き家表記,JR東海道本線 熱海駅 16km,2480,218.0,37.6,3000,—,—,,不明,接道・区分情報なし。建物ありだが現行法での再建築可否は役場で要確認,,2026-06-21,注意:別荘地,https://www.homes.co.jp/kodate/b-33303660000874/,不適合
LIFULL 中古戸建 伊豆の国市,伊豆の国市,中古戸建,中古戸建/住宅カテゴリ,伊豆の国市天野戸建て,2880,463.0,20.6,3000,—,—,,不明,接道・区分情報なし。建物ありだが現行法での再建築可否は役場で要確認,,2026-08-11,,https://www.homes.co.jp/kodate/b-33334000000029/,適合
LIFULL 中古戸建 伊豆の国市,伊豆の国市,中古戸建,中古戸建/住宅カテゴリ,伊豆の国市奈古谷　中古戸建,980,677.0,4.8,3000,—,—,,不明,接道・区分情報なし。建物ありだが現行法での再建築可否は役場で要確認,,2026-06-21,,https://www.homes.co.jp/kodate/b-1490460002344/,適合
LIFULL 中古戸建 伊豆の国市,,空き家,掲載に空き家表記,伊豆箱根鉄道駿豆線 大仁駅 徒歩15分,1500,340.9,14.5,3000,田,—,,不明,接道・区分情報なし。建物ありだが現行法での再建築可否は役場で要確認,,2026-07-13,,https://www.homes.co.jp/kodate/b-33318410000045/,適合
LIFULL 中古戸建 伊豆の国市,,中古戸建,中古戸建/住宅カテゴリ,JR東海道本線 熱海駅 15km,380,337.0,3.7,3000,—,—,,不明,接道・区分情報なし。建物ありだが現行法での再建築可否は役場で要確認,,2026-06-21,NG:エメラルドタウン,https://www.homes.co.jp/kodate/b-33303660000702/,適合
LIFULL 中古戸建 伊豆の国市,伊豆の国市,空き家,掲載に空き家表記,伊豆の国市古奈　戸建て,2299,215.5,35.3,3000,—,—,接道、南西側4.0ｍ幅の接道,不明,接道・区分情報なし。建物ありだが現行法での再建築可否は役場で要確認,,2026-08-07,,https://www.homes.co.jp/kodate/b-1220300000755/,不適合
LIFULL 中古戸建 伊豆の国市,伊豆の国市,空き家,掲載に空き家表記,伊豆の国市南條中古住宅,900,199.5,14.9,3000,—,—,,不明,接道・区分情報なし。建物ありだが現行法での再建築可否は役場で要確認,,2026-07-31,,https://www.homes.co.jp/kodate/b-1265050002531/,不適合
LIFULL 中古戸建 伊豆の国市,伊豆の国市,空き家,掲載に空き家表記,伊豆の国市奈古谷 中古戸建,180,97.7,6.1,3000,田,—,,不明,接道・区分情報なし。建物ありだが現行法での再建築可否は役場で要確認,,2026-08-28,,https://www.homes.co.jp/kodate/b-1489770000681/,不適合
LIFULL 中古戸建 伊豆の国市,,空き家,掲載に空き家表記,木の温もりが映える、和モダン住宅,1770,180.9,32.3,3000,田,—,,不明,接道・区分情報なし。建物ありだが現行法での再建築可否は役場で要確認,,2026-08-24,,https://www.homes.co.jp/kodate/b-1490460002407/,不適合
LIFULL 中古戸建 伊豆の国市,伊豆の国市,空き家,掲載に空き家表記,伊豆の国市原木　戸建て,1299,109.0,39.4,3000,—,—,,不明,接道・区分情報なし。建物ありだが現行法での再建築可否は役場で要確認,,2026-08-29,,https://www.homes.co.jp/kodate/b-1220300000726/,不適合
LIFULL 中古戸建 伊豆の国市,,空き家,掲載に空き家表記,富士見ニュータウン,250,246.3,3.4,3000,田,—,,不明,接道・区分情報なし。建物ありだが現行法での再建築可否は役場で要確認,,2026-08-29,注意:別荘地 NG:富士見ニュータウン,https://www.homes.co.jp/kodate/b-33303660001172/,不適合
LIFULL 中古戸建 伊豆の国市,伊豆の国市,空き家,掲載に空き家表記,伊豆の国市花坂　中古戸建,750,1059.9,2.3,3000,—,—,,不明,接道・区分情報なし。建物ありだが現行法での再建築可否は役場で要確認,,2026-08-29,,https://www.homes.co.jp/kodate/b-1490460002362/,適合
空き家バンクしずおか 函南町,函南町,空き家,掲載に空き家表記,田方郡函南町平井,590,543.0,3.6,3000,田,市街化区域,,不明,接道・区分情報なし。建物ありだが現行法での再建築可否は役場で要確認,,2026-06-14,関心:無指定 NG:エメラルドタウン,https://akiya-bank.shizuoka.fudohsan.jp/%E7%89%A9%E4%BB%B6/174222/settle/1,適合
空き家バンクしずおか 函南町,函南町,更地,土地カテゴリ（建物表記なし）,田方郡函南町肥田68-2,1453,686.0,7.0,1500,田,市街化調整区域,,△,市街化調整区域は原則新築不可・許可要件次第＝本命候補,,2026-06-14,関心:調整区域/無指定,https://akiya-bank.shizuoka.fudohsan.jp/%E7%89%A9%E4%BB%B6/126876/settle/1,適合
空き家バンクしずおか 函南町,函南町,空き家,掲載に空き家表記,田方郡函南町間宮,2980,128.5,76.7,3000,田,市街化区域,,不明,接道・区分情報なし。建物ありだが現行法での再建築可否は役場で要確認,,2026-06-14,,https://akiya-bank.shizuoka.fudohsan.jp/%E7%89%A9%E4%BB%B6/172053/settle/1,不適合
空き家バンクしずおか 函南町,函南町,空き家,掲載に空き家表記,田方郡函南町平井南箱根ダイヤランド1753-737,480,379.0,4.2,3000,田,市街化調整区域,,△,調整区域の建替えは既存宅地要件等の確認が必要＝本命候補,,2026-08-17,関心:調整区域/無指定 NG:南箱根ダイヤランド,https://akiya-bank.shizuoka.fudohsan.jp/%E7%89%A9%E4%BB%B6/135423/settle/1,適合
空き家バンクしずおか 函南町,函南町,古家付き土地,土地＋古家/上物の表記,田方郡函南町平井,150,356.9,1.4,1500,田,市街化調整区域,,△,調整区域の建替えは既存宅地要件等の確認が必要＝本命候補,,2026-06-14,関心:調整区域/無指定,https://akiya-bank.shizuoka.fudohsan.jp/%E7%89%A9%E4%BB%B6/171294/settle/1,適合
空き家バンクしずおか 函南町,函南町,中古戸建,中古戸建/住宅カテゴリ,田方郡函南町平井,3298,236.1,46.2,3000,畑,市街化調整区域,,△,調整区域の建替えは既存宅地要件等の確認が必要＝本命候補,,2026-08-18,関心:調整区域/無指定 NG:南箱根ダイヤランド,https://akiya-bank.shizuoka.fudohsan.jp/%E7%89%A9%E4%BB%B6/176391/settle/1,不適合
空き家バンクしずおか 函南町,函南町,古家付き土地,土地＋古家/上物の表記,田方郡函南町上沢768-14,250,169.2,4.9,1500,田,市街化調整区域,,△,調整区域の建替えは既存宅地要件等の確認が必要＝本命候補,,2026-06-14,関心:調整区域/無指定,https://akiya-bank.shizuoka.fudohsan.jp/%E7%89%A9%E4%BB%B6/160715/settle/1,不適合
空き家バンクしずおか 函南町,函南町,空き家,掲載に空き家表記,田方郡函南町平井1247番の4,2700,424.8,21.0,3000,田,市街化区域,,不明,接道・区分情報なし。建物ありだが現行法での再建築可否は役場で要確認,,2026-06-14,,https://akiya-bank.shizuoka.fudohsan.jp/%E7%89%A9%E4%BB%B6/161158/settle/1,適合
空き家バンクしずおか 函南町,函南町,空き家,掲載に空き家表記,田方郡函南町仁田826-5,2490,119.1,69.1,3000,田,市街化区域,,不明,接道・区分情報なし。建物ありだが現行法での再建築可否は役場で要確認,,2026-08-18,,https://akiya-bank.shizuoka.fudohsan.jp/%E7%89%A9%E4%BB%B6/168035/settle/1,不適合
空き家バンクしずおか 函南町,函南町,更地,土地カテゴリ（建物表記なし）,田方郡函南町畑毛478-7,530,252.0,7.0,1500,宅地,市街化調整区域,,△,市街化調整区域は原則新築不可・許可要件次第＝本命候補,,2026-08-17,関心:調整区域,https://akiya-bank.shizuoka.fudohsan.jp/%E7%89%A9%E4%BB%B6/171540/settle/1,不適合
空き家バンクしずおか 函南町,函南町,更地,土地カテゴリ（建物表記なし）,田方郡函南町仁田,4180,183.6,75.3,1500,田,市街化区域,,△,市街化区域だが接道幅員が不明。新築可否は接道要確認,,2026-06-26,,https://akiya-bank.shizuoka.fudohsan.jp/%E7%89%A9%E4%BB%B6/174642/settle/1,不適合
空き家バンクしずおか 函南町,函南町,更地,土地カテゴリ（建物表記なし）,田方郡函南町平井１２８４－１６、１２８４－２、,2100,321.5,21.6,1500,宅地,市街化区域,,△,市街化区域だが接道幅員が不明。新築可否は接道要確認,,2026-06-14,,https://akiya-bank.shizuoka.fudohsan.jp/%E7%89%A9%E4%BB%B6/59401/settle/1,不適合
空き家バンクしずおか 函南町,函南町,更地,土地カテゴリ（建物表記なし）,田方郡函南町上沢,50,332.0,0.5,1500,田,市街化調整区域,,△,市街化調整区域は原則新築不可・許可要件次第＝本命候補,,2026-06-14,関心:調整区域/無指定,https://akiya-bank.shizuoka.fudohsan.jp/%E7%89%A9%E4%BB%B6/92609/settle/1,適合
空き家バンクしずおか 函南町,函南町,空き家,掲載に空き家表記,田方郡函南町仁田,2390,84.3,93.7,3000,田,—,,不明,接道・区分情報なし。建物ありだが現行法での再建築可否は役場で要確認,,2026-08-07,注意:管理費,https://akiya-bank.shizuoka.fudohsan.jp/%E7%89%A9%E4%BB%B6/176146/settle/1,不適合
空き家バンクしずおか 函南町,函南町,更地,土地カテゴリ（建物表記なし）,田方郡函南町畑毛,1480,742.0,6.6,1500,畑,市街化調整区域,,△,市街化調整区域は原則新築不可・許可要件次第＝本命候補,,2026-06-14,関心:調整区域/無指定,https://akiya-bank.shizuoka.fudohsan.jp/%E7%89%A9%E4%BB%B6/163601/settle/1,適合
空き家バンクしずおか 函南町,函南町,空き家,掲載に空き家表記,田方郡函南町桑原,100,238.7,1.4,3000,田,市街化調整区域,,△,調整区域の建替えは既存宅地要件等の確認が必要＝本命候補,,2026-08-04,関心:調整区域/無指定 注意:借地,https://akiya-bank.shizuoka.fudohsan.jp/%E7%89%A9%E4%BB%B6/175975/settle/1,不適合
空き家バンクしずおか 函南町,函南町,空き家,掲載に空き家表記,田方郡函南町平井南箱根ダイヤランド,550,246.6,7.4,3000,田,市街化調整区域,,△,調整区域の建替えは既存宅地要件等の確認が必要＝本命候補,,2026-08-03,関心:調整区域/無指定 NG:南箱根ダイヤランド,https://akiya-bank.shizuoka.fudohsan.jp/%E7%89%A9%E4%BB%B6/175958/settle/1,不適合
空き家バンクしずおか 函南町,函南町,更地,土地カテゴリ（建物表記なし）,田方郡函南町仁田,1580,312.2,16.7,1500,田,市街化調整区域,,△,市街化調整区域は原則新築不可・許可要件次第＝本命候補,,2026-08-03,関心:調整区域/無指定,https://akiya-bank.shizuoka.fudohsan.jp/%E7%89%A9%E4%BB%B6/175939/settle/1,不適合
空き家バンクしずおか 函南町,函南町,古家付き土地,土地＋古家/上物の表記,田方郡函南町肥田,3500,1400.6,8.3,1500,田,市街化調整区域,,△,調整区域の建替えは既存宅地要件等の確認が必要＝本命候補,,2026-06-14,関心:調整区域/無指定,https://akiya-bank.shizuoka.fudohsan.jp/%E7%89%A9%E4%BB%B6/124611/settle/1,不適合
空き家バンクしずおか 函南町,函南町,空き家,掲載に空き家表記,田方郡函南町畑529-135,1480,301.7,16.2,3000,畑,市街化調整区域,,△,調整区域の建替えは既存宅地要件等の確認が必要＝本命候補,,2026-08-02,関心:調整区域/無指定,https://akiya-bank.shizuoka.fudohsan.jp/%E7%89%A9%E4%BB%B6/175917/settle/1,不適合
空き家バンクしずおか 函南町,函南町,空き家,掲載に空き家表記,田方郡函南町平井,750,365.0,6.8,3000,田,市街化区域,,不明,接道・区分情報なし。建物ありだが現行法での再建築可否は役場で要確認,,2026-06-14,関心:無指定 注意:温泉 NG:南箱根ダイヤランド,https://akiya-bank.shizuoka.fudohsan.jp/%E7%89%A9%E4%BB%B6/165995/settle/1,適合
空き家バンクしずおか 函南町,函南町,空き家,掲載に空き家表記,田方郡函南町平井1720番７４他,3500,1924.8,6.0,3000,田,市街化調整区域,,△,調整区域の建替えは既存宅地要件等の確認が必要＝本命候補,,2026-06-14,関心:調整区域/無指定,https://akiya-bank.shizuoka.fudohsan.jp/%E7%89%A9%E4%BB%B6/120470/settle/1,不適合
空き家バンクしずおか 函南町,函南町,空き家,掲載に空き家表記,田方郡函南町上沢,750,339.0,7.3,3000,田,市街化調整区域,,△,調整区域の建替えは既存宅地要件等の確認が必要＝本命候補,,2026-06-14,関心:調整区域/無指定,https://akiya-bank.shizuoka.fudohsan.jp/%E7%89%A9%E4%BB%B6/156063/settle/1,適合
空き家バンクしずおか 函南町,函南町,空き家,掲載に空き家表記,田方郡函南町平井1733-633,320,378.0,2.8,3000,田,市街化調整区域,,△,調整区域の建替えは既存宅地要件等の確認が必要＝本命候補,,2026-06-14,関心:調整区域/無指定,https://akiya-bank.shizuoka.fudohsan.jp/%E7%89%A9%E4%BB%B6/128773/settle/1,適合
空き家バンクしずおか 函南町,函南町,空き家,掲載に空き家表記,田方郡函南町平井,965,241.4,13.2,3000,田,市街化区域,,不明,接道・区分情報なし。建物ありだが現行法での再建築可否は役場で要確認,,2026-06-14,,https://akiya-bank.shizuoka.fudohsan.jp/%E7%89%A9%E4%BB%B6/173699/settle/1,不適合
空き家バンクしずおか 函南町,函南町,空き家,掲載に空き家表記,田方郡函南町柏谷,1200,183.3,21.6,3000,宅地,市街化区域,,不明,接道・区分情報なし。建物ありだが現行法での再建築可否は役場で要確認,,2026-07-24,,https://akiya-bank.shizuoka.fudohsan.jp/%E7%89%A9%E4%BB%B6/175644/settle/1,不適合
空き家バンクしずおか 函南町,函南町,更地,土地カテゴリ（建物表記なし）,田方郡函南町上沢951-205,50,449.0,0.4,1500,田,市街化調整区域,,△,市街化調整区域は原則新築不可・許可要件次第＝本命候補,,2026-06-14,関心:調整区域/無指定,https://akiya-bank.shizuoka.fudohsan.jp/%E7%89%A9%E4%BB%B6/128604/settle/1,適合
空き家バンクしずおか 函南町,函南町,更地,土地カテゴリ（建物表記なし）,田方郡函南町丹那南箱根ダイヤランド529－587,200,363.6,1.8,1500,田,市街化調整区域,,△,市街化調整区域は原則新築不可・許可要件次第＝本命候補,,2026-06-14,関心:調整区域/無指定 注意:温泉 NG:南箱根ダイヤランド,https://akiya-bank.shizuoka.fudohsan.jp/%E7%89%A9%E4%BB%B6/61857/settle/1,適合
空き家バンクしずおか 函南町,函南町,空き家,掲載に空き家表記,田方郡函南町平井,980,408.0,7.9,3000,田,市街化区域,,不明,接道・区分情報なし。建物ありだが現行法での再建築可否は役場で要確認,,2026-06-14,関心:無指定 NG:南箱根ダイヤランド,https://akiya-bank.shizuoka.fudohsan.jp/%E7%89%A9%E4%BB%B6/173001/settle/1,適合
空き家バンクしずおか 函南町,函南町,空き家,掲載に空き家表記,田方郡函南町肥田408-9,1500,145.6,34.1,3000,田,市街化区域,,不明,接道・区分情報なし。建物ありだが現行法での再建築可否は役場で要確認,,2026-06-14,,https://akiya-bank.shizuoka.fudohsan.jp/%E7%89%A9%E4%BB%B6/153293/settle/1,不適合
空き家バンクしずおか 函南町,函南町,中古戸建,中古戸建/住宅カテゴリ,田方郡函南町畑,1280,277.0,15.3,3000,畑,市街化調整区域,,△,調整区域の建替えは既存宅地要件等の確認が必要＝本命候補,,2026-07-13,関心:調整区域/無指定 NG:南箱根ダイヤランド,https://akiya-bank.shizuoka.fudohsan.jp/%E7%89%A9%E4%BB%B6/175234/settle/1,不適合
空き家バンクしずおか 函南町,函南町,古家付き土地,土地＋古家/上物の表記,田方郡函南町桑原,1000,395.9,8.4,1500,田,市街化調整区域,,△,調整区域の建替えは既存宅地要件等の確認が必要＝本命候補,,2026-07-03,関心:調整区域/無指定,https://akiya-bank.shizuoka.fudohsan.jp/%E7%89%A9%E4%BB%B6/174858/settle/1,適合
空き家バンクしずおか 函南町,函南町,更地,土地カテゴリ（建物表記なし）,田方郡函南町平井1258番4,280,99.8,9.3,1500,宅地,市街化区域,,△,市街化区域だが接道幅員が不明。新築可否は接道要確認,,2026-07-09,,https://akiya-bank.shizuoka.fudohsan.jp/%E7%89%A9%E4%BB%B6/127079/settle/1,不適合
空き家バンクしずおか 函南町,函南町,更地,土地カテゴリ（建物表記なし）,田方郡函南町塚本939-4,5500,771.5,23.6,1500,田,市街化調整区域,,△,市街化調整区域は原則新築不可・許可要件次第＝本命候補,,2026-06-14,関心:調整区域/無指定,https://akiya-bank.shizuoka.fudohsan.jp/%E7%89%A9%E4%BB%B6/139026/settle/1,不適合
空き家バンクしずおか 函南町,函南町,更地,土地カテゴリ（建物表記なし）,田方郡函南町柏谷1264-1,280,996.0,0.9,1500,宅地,市街化区域,,△,市街化区域だが接道幅員が不明。新築可否は接道要確認,,2026-06-14,,https://akiya-bank.shizuoka.fudohsan.jp/%E7%89%A9%E4%BB%B6/146283/settle/1,適合
空き家バンクしずおか 函南町,函南町,更地,土地カテゴリ（建物表記なし）,田方郡函南町大土肥,2490,248.0,33.2,1500,田,市街化区域,,△,市街化区域だが接道幅員が不明。新築可否は接道要確認,,2026-06-14,,https://akiya-bank.shizuoka.fudohsan.jp/%E7%89%A9%E4%BB%B6/168927/settle/1,不適合
空き家バンクしずおか 函南町,函南町,空き家,掲載に空き家表記,田方郡函南町平井南箱根ダイヤランド,380,290.0,4.3,3000,田,市街化調整区域,,△,調整区域の建替えは既存宅地要件等の確認が必要＝本命候補,,2026-06-14,関心:調整区域/無指定 注意:温泉 NG:南箱根ダイヤランド,https://akiya-bank.shizuoka.fudohsan.jp/%E7%89%A9%E4%BB%B6/111023/settle/1,不適合
空き家バンクしずおか 函南町,函南町,空き家,掲載に空き家表記,田方郡函南町柏谷,1880,347.1,17.9,3000,田,市街化区域,,不明,接道・区分情報なし。建物ありだが現行法での再建築可否は役場で要確認,,2026-06-14,,https://akiya-bank.shizuoka.fudohsan.jp/%E7%89%A9%E4%BB%B6/167122/settle/1,適合
空き家バンクしずおか 函南町,函南町,更地,土地カテゴリ（建物表記なし）,田方郡函南町塚本,1780,603.0,9.8,1500,畑,市街化調整区域,,△,市街化調整区域は原則新築不可・許可要件次第＝本命候補,,2026-06-14,関心:調整区域/無指定,https://akiya-bank.shizuoka.fudohsan.jp/%E7%89%A9%E4%BB%B6/168271/settle/1,不適合
空き家バンクしずおか 函南町,函南町,更地,土地カテゴリ（建物表記なし）,田方郡函南町大竹,700,206.6,11.2,1500,田,市街化調整区域,,△,市街化調整区域は原則新築不可・許可要件次第＝本命候補,,2026-06-14,関心:調整区域/無指定,https://akiya-bank.shizuoka.fudohsan.jp/%E7%89%A9%E4%BB%B6/171641/settle/1,不適合
空き家バンクしずおか 函南町,函南町,空き家,掲載に空き家表記,田方郡函南町畑毛389-3,480,165.3,9.6,3000,畑,市街化調整区域,,△,調整区域の建替えは既存宅地要件等の確認が必要＝本命候補,,2026-06-14,関心:調整区域/無指定,https://akiya-bank.shizuoka.fudohsan.jp/%E7%89%A9%E4%BB%B6/174189/settle/1,不適合
空き家バンクしずおか 函南町,函南町,空き家,掲載に空き家表記,田方郡函南町丹那,2650,370.5,23.6,3000,田,市街化調整区域,,△,調整区域の建替えは既存宅地要件等の確認が必要＝本命候補,,2026-06-14,関心:調整区域/無指定,https://akiya-bank.shizuoka.fudohsan.jp/%E7%89%A9%E4%BB%B6/159531/settle/1,適合
空き家バンクしずおか 函南町,函南町,更地,土地カテゴリ（建物表記なし）,田方郡函南町平井1753-1387,980,233.0,13.9,1500,田,市街化区域,,△,市街化区域だが接道幅員が不明。新築可否は接道要確認,,2026-06-14,関心:無指定 NG:南箱根ダイヤランド,https://akiya-bank.shizuoka.fudohsan.jp/%E7%89%A9%E4%BB%B6/149239/settle/1,不適合
空き家バンクしずおか 函南町,函南町,中古戸建,中古戸建/住宅カテゴリ,田方郡函南町畑,1250,295.4,14.0,3000,畑,市街化調整区域,,△,調整区域の建替えは既存宅地要件等の確認が必要＝本命候補,,2026-06-22,関心:調整区域/無指定 NG:南箱根ダイヤランド,https://akiya-bank.shizuoka.fudohsan.jp/%E7%89%A9%E4%BB%B6/174489/settle/1,不適合
空き家バンクしずおか 函南町,函南町,古家付き土地,土地＋古家/上物の表記,田方郡函南町肥田917-1,3500,1400.6,8.3,1500,田,市街化調整区域,,△,調整区域の建替えは既存宅地要件等の確認が必要＝本命候補,,2026-06-14,関心:調整区域/無指定,https://akiya-bank.shizuoka.fudohsan.jp/%E7%89%A9%E4%BB%B6/124718/settle/1,不適合
家っち(新日本住建販売) 函南町 土地一覧,函南町,更地,土地カテゴリ（建物表記なし）,静岡県田方郡函南町仁田,2490,119.1,69.1,1500,田,—,,不明,接道・区分情報なし、詳細/役場で要確認,,2026-08-23,,https://www.snjhkk.com/s_r_59527/index.html,不適合
家っち(新日本住建販売) 函南町 土地一覧,函南町,更地,土地カテゴリ（建物表記なし）,静岡県田方郡函南町間宮,2980,128.5,76.7,1500,田,—,,不明,接道・区分情報なし、詳細/役場で要確認,,2026-08-07,,https://www.snjhkk.com/s_r_59446/index.html,不適合
家っち(新日本住建販売) 函南町 土地一覧,函南町,更地,土地カテゴリ（建物表記なし）,静岡県田方郡函南町柏谷,2980,309.4,31.8,1500,田,—,,不明,接道・区分情報なし、詳細/役場で要確認,,2026-08-07,,https://www.snjhkk.com/s_r_59445/index.html,不適合
家っち(新日本住建販売) 函南町 土地一覧,函南町,更地,土地カテゴリ（建物表記なし）,静岡県田方郡函南町仁田,2750,128.1,71.0,1500,田,—,,不明,接道・区分情報なし、詳細/役場で要確認,,2026-08-03,,https://www.snjhkk.com/s_r_59440/index.html,不適合
家っち(新日本住建販売) 函南町 土地一覧,函南町,更地,土地カテゴリ（建物表記なし）,静岡県田方郡函南町仁田,2480,154.3,53.1,1500,田,—,,不明,接道・区分情報なし、詳細/役場で要確認,,2026-07-30,,https://www.snjhkk.com/s_r_59397/index.html,不適合
家っち(新日本住建販売) 函南町 土地一覧,函南町,更地,土地カテゴリ（建物表記なし）,静岡県田方郡函南町仁田,4180,183.6,75.3,1500,田,—,,不明,接道・区分情報なし、詳細/役場で要確認,,2026-07-13,,https://www.snjhkk.com/s_r_59251/index.html,不適合
家っち(新日本住建販売) 函南町 土地一覧,函南町,更地,土地カテゴリ（建物表記なし）,静岡県田方郡函南町上沢,1080,238.0,15.0,1500,田,—,,不明,接道・区分情報なし、詳細/役場で要確認,,2026-06-27,,https://www.snjhkk.com/s_r_59095/index.html,不適合
家っち(新日本住建販売) 函南町 土地一覧,函南町,更地,土地カテゴリ（建物表記なし）,静岡県田方郡函南町塚本,2330,,,1500,田,—,,不明,接道・区分情報なし、詳細/役場で要確認,,2026-06-25,,https://www.snjhkk.com/s_r_59045/index.html,数値不明
家っち(新日本住建販売) 函南町 土地一覧,函南町,更地,土地カテゴリ（建物表記なし）,静岡県田方郡函南町肥田,680,252.6,8.9,1500,田,—,,不明,接道・区分情報なし、詳細/役場で要確認,,2026-06-25,,https://www.snjhkk.com/s_r_58974/index.html,不適合
家っち(新日本住建販売) 函南町 土地一覧,函南町,更地,土地カテゴリ（建物表記なし）,静岡県田方郡函南町仁田,2390,,,1500,田,—,,不明,接道・区分情報なし、詳細/役場で要確認,,2026-06-25,,https://www.snjhkk.com/s_r_58969/index.html,数値不明
家っち(新日本住建販売) 函南町 土地一覧,函南町,更地,土地カテゴリ（建物表記なし）,静岡県田方郡函南町畑毛,3600,,,1500,宅地,—,,不明,接道・区分情報なし、詳細/役場で要確認,,2026-06-25,,https://www.snjhkk.com/s_r_58899/index.html,数値不明
家っち(新日本住建販売) 函南町 土地一覧,函南町,更地,土地カテゴリ（建物表記なし）,静岡県田方郡函南町塚本,5600,,,1500,田,—,,不明,接道・区分情報なし、詳細/役場で要確認,,2026-06-25,,https://www.snjhkk.com/s_r_58896/index.html,数値不明
家っち(新日本住建販売) 函南町 土地一覧,函南町,更地,土地カテゴリ（建物表記なし）,静岡県田方郡函南町平井字向山1371番40,3498,187.7,61.6,1500,田,—,,不明,接道・区分情報なし、詳細/役場で要確認,,2026-08-14,,https://www.snjhkk.com/s_r_58736/index.html,不適合
SUUMO 土地 三島市,三島市,更地,土地カテゴリ（建物表記なし）,静岡県三島市南二日町,2571,169.0,50.3,1500,—,—,,不明,接道・区分情報なし、詳細/役場で要確認,,2026-08-02,,https://suumo.jp/tochi/shizuoka/sc_mishima/nc_20884336/,不適合
SUUMO 土地 三島市,三島市,更地,土地カテゴリ（建物表記なし）,静岡県三島市幸原町１,3220,136.5,78.0,1500,—,—,,不明,接道・区分情報なし、詳細/役場で要確認,,2026-06-17,,https://suumo.jp/tochi/shizuoka/sc_mishima/nc_20388080/,不適合
SUUMO 土地 三島市,三島市,更地,土地カテゴリ（建物表記なし）,静岡県三島市大場,250,305.0,2.7,1500,—,—,,不明,接道・区分情報なし、詳細/役場で要確認,,2026-06-17,,https://suumo.jp/tochi/shizuoka/sc_mishima/nc_78936290/,不適合
SUUMO 土地 三島市,三島市,更地,土地カテゴリ（建物表記なし）,静岡県三島市徳倉４,430,83.0,17.1,1500,—,—,,不明,接道・区分情報なし、詳細/役場で要確認,,2026-06-17,,https://suumo.jp/tochi/shizuoka/sc_mishima/nc_20027711/,不適合
SUUMO 土地 三島市,三島市,更地,土地カテゴリ（建物表記なし）,静岡県三島市谷田1159-204,480,104.1,15.2,1500,田,—,,不明,接道・区分情報なし、詳細/役場で要確認,,2026-06-17,,https://suumo.jp/tochi/shizuoka/sc_mishima/nc_79014268/,不適合
SUUMO 土地 三島市,三島市,更地,土地カテゴリ（建物表記なし）,静岡県三島市市山新田,650,172.4,12.5,1500,田,—,,不明,接道・区分情報なし、詳細/役場で要確認,,2026-06-17,,https://suumo.jp/tochi/shizuoka/sc_mishima/nc_74764878/,不適合
SUUMO 土地 三島市,三島市,更地,土地カテゴリ（建物表記なし）,静岡県三島市谷田,750,197.1,12.6,1500,田,—,,不明,接道・区分情報なし、詳細/役場で要確認,,2026-06-17,,https://suumo.jp/tochi/shizuoka/sc_mishima/nc_74423075/,不適合
SUUMO 土地 三島市,三島市,更地,土地カテゴリ（建物表記なし）,静岡県三島市谷田,800,206.0,12.8,1500,田,—,,不明,接道・区分情報なし、詳細/役場で要確認,,2026-06-17,,https://suumo.jp/tochi/shizuoka/sc_mishima/nc_78391473/,不適合
SUUMO 土地 三島市,三島市,更地,土地カテゴリ（建物表記なし）,静岡県三島市富士ビレッジ204-57,895,99.3,29.8,1500,—,—,,不明,接道・区分情報なし、詳細/役場で要確認,,2026-06-17,,https://suumo.jp/tochi/shizuoka/sc_mishima/nc_20697228/,不適合
SUUMO 土地 三島市,三島市,更地,土地カテゴリ（建物表記なし）,静岡県三島市谷田,998,130.4,25.3,1500,田,—,,不明,接道・区分情報なし、詳細/役場で要確認,,2026-07-24,,https://suumo.jp/tochi/shizuoka/sc_mishima/nc_21358058/,不適合
SUUMO 土地 三島市,三島市,更地,土地カテゴリ（建物表記なし）,静岡県三島市大場,998,160.8,20.5,1500,—,—,,不明,接道・区分情報なし、詳細/役場で要確認,,2026-06-17,,https://suumo.jp/tochi/shizuoka/sc_mishima/nc_20442223/,不適合
SUUMO 土地 三島市,三島市,更地,土地カテゴリ（建物表記なし）,静岡県三島市芙蓉台３,1029,359.3,9.5,1500,田,—,,不明,接道・区分情報なし、詳細/役場で要確認,,2026-08-21,,https://suumo.jp/tochi/shizuoka/sc_mishima/nc_21532251/,適合
SUUMO 土地 三島市,三島市,更地,土地カテゴリ（建物表記なし）,静岡県三島市徳倉３,1048,155.1,22.3,1500,—,—,,不明,接道・区分情報なし、詳細/役場で要確認,,2026-06-17,,https://suumo.jp/tochi/shizuoka/sc_mishima/nc_72320814/,不適合
SUUMO 土地 三島市,三島市,更地,土地カテゴリ（建物表記なし）,静岡県三島市谷田,1080,136.1,26.2,1500,田,—,,不明,接道・区分情報なし、詳細/役場で要確認,,2026-06-17,,https://suumo.jp/tochi/shizuoka/sc_mishima/nc_76874238/,不適合
SUUMO 土地 三島市,三島市,更地,土地カテゴリ（建物表記なし）,静岡県三島市谷田,1080,136.1,26.2,1500,田,—,,不明,接道・区分情報なし、詳細/役場で要確認,,2026-06-17,,https://suumo.jp/tochi/shizuoka/sc_mishima/nc_76928411/,不適合
SUUMO 土地 三島市,三島市,更地,土地カテゴリ（建物表記なし）,静岡県三島市旭ヶ丘,1100,209.4,17.4,1500,—,—,,不明,接道・区分情報なし、詳細/役場で要確認,,2026-06-17,,https://suumo.jp/tochi/shizuoka/sc_mishima/nc_72411246/,不適合
SUUMO 土地 三島市,三島市,更地,土地カテゴリ（建物表記なし）,静岡県三島市谷田,1150,208.5,18.2,1500,田,—,,不明,接道・区分情報なし、詳細/役場で要確認,,2026-06-30,,https://suumo.jp/tochi/shizuoka/sc_mishima/nc_21180003/,不適合
SUUMO 土地 三島市,三島市,更地,土地カテゴリ（建物表記なし）,静岡県三島市谷田,1190,183.8,21.4,1500,田,—,,不明,接道・区分情報なし、詳細/役場で要確認,,2026-08-21,,https://suumo.jp/tochi/shizuoka/sc_mishima/nc_20045162/,不適合
SUUMO 土地 三島市,三島市,更地,土地カテゴリ（建物表記なし）,静岡県三島市大場,1200,84.3,47.1,1500,—,—,,不明,接道・区分情報なし、詳細/役場で要確認,,2026-06-17,,https://suumo.jp/tochi/shizuoka/sc_mishima/nc_20848997/,不適合
SUUMO 土地 三島市,三島市,更地,土地カテゴリ（建物表記なし）,静岡県三島市青木,1200,113.9,34.8,1500,—,—,,不明,接道・区分情報なし、詳細/役場で要確認,,2026-06-17,,https://suumo.jp/tochi/shizuoka/sc_mishima/nc_20915485/,不適合
SUUMO 土地 三島市,三島市,更地,土地カテゴリ（建物表記なし）,静岡県三島市富士ビレッジ,1230,201.0,20.2,1500,—,—,,不明,接道・区分情報なし、詳細/役場で要確認,,2026-07-03,,https://suumo.jp/tochi/shizuoka/sc_mishima/nc_21207489/,不適合
SUUMO 土地 三島市,三島市,更地,土地カテゴリ（建物表記なし）,静岡県三島市東大場１,1380,208.1,21.9,1500,田,—,,不明,接道・区分情報なし、詳細/役場で要確認,,2026-06-17,NG:東大場,https://suumo.jp/tochi/shizuoka/sc_mishima/nc_78363513/,不適合
SUUMO 土地 三島市,三島市,更地,土地カテゴリ（建物表記なし）,静岡県三島市若松町,1380,242.1,18.8,1500,—,—,,不明,接道・区分情報なし、詳細/役場で要確認,,2026-06-17,,https://suumo.jp/tochi/shizuoka/sc_mishima/nc_73151079/,不適合
SUUMO 土地 三島市,三島市,更地,土地カテゴリ（建物表記なし）,静岡県三島市文教町２,1500,170.1,29.2,1500,—,—,,不明,接道・区分情報なし、詳細/役場で要確認,,2026-06-17,,https://suumo.jp/tochi/shizuoka/sc_mishima/nc_20396860/,不適合
SUUMO 土地 三島市,三島市,更地,土地カテゴリ（建物表記なし）,静岡県三島市徳倉４,1500,175.1,28.3,1500,—,—,,不明,接道・区分情報なし、詳細/役場で要確認,,2026-06-17,,https://suumo.jp/tochi/shizuoka/sc_mishima/nc_76386248/,不適合
SUUMO 土地 三島市,三島市,更地,土地カテゴリ（建物表記なし）,静岡県三島市萩50-1,1680,113.8,48.8,1500,—,—,,不明,接道・区分情報なし、詳細/役場で要確認,,2026-06-17,,https://suumo.jp/tochi/shizuoka/sc_mishima/nc_21034695/,不適合
SUUMO 土地 三島市,三島市,更地,土地カテゴリ（建物表記なし）,静岡県三島市谷田1296,1680,151.1,36.8,1500,田,—,,不明,接道・区分情報なし、詳細/役場で要確認,,2026-06-17,,https://suumo.jp/tochi/shizuoka/sc_mishima/nc_20353254/,不適合
SUUMO 土地 三島市,三島市,更地,土地カテゴリ（建物表記なし）,静岡県三島市萩,1680,113.8,48.8,1500,—,—,,不明,接道・区分情報なし、詳細/役場で要確認,,2026-08-13,,https://suumo.jp/tochi/shizuoka/sc_mishima/nc_21491708/,不適合
SUUMO 土地 三島市,三島市,更地,土地カテゴリ（建物表記なし）,静岡県三島市萩,1680,113.8,48.8,1500,—,—,,不明,接道・区分情報なし、詳細/役場で要確認,,2026-07-04,,https://suumo.jp/tochi/shizuoka/sc_mishima/nc_21216432/,不適合
SUUMO 土地 三島市,三島市,更地,土地カテゴリ（建物表記なし）,静岡県三島市谷田1349-1,1780,201.9,29.1,1500,田,—,,不明,接道・区分情報なし、詳細/役場で要確認,,2026-06-17,,https://suumo.jp/tochi/shizuoka/sc_mishima/nc_20623244/,不適合
SUUMO 土地 三島市,三島市,更地,土地カテゴリ（建物表記なし）,静岡県三島市谷田,1780,177.6,33.1,1500,田,—,,不明,接道・区分情報なし、詳細/役場で要確認,,2026-06-17,,https://suumo.jp/tochi/shizuoka/sc_mishima/nc_78293692/,不適合
SUUMO 土地 三島市,三島市,更地,土地カテゴリ（建物表記なし）,静岡県三島市青木245-4,1835,140.3,43.2,1500,—,—,,不明,接道・区分情報なし、詳細/役場で要確認,,2026-08-18,,https://suumo.jp/tochi/shizuoka/sc_mishima/nc_20224942/,不適合
SUUMO 土地 三島市,三島市,更地,土地カテゴリ（建物表記なし）,静岡県三島市谷田字西ノ久保５８９番外,1840,173.2,35.1,1500,田,—,,不明,接道・区分情報なし、詳細/役場で要確認,,2026-08-23,,https://suumo.jp/tochi/shizuoka/sc_mishima/nc_78043370/,不適合
SUUMO 土地 三島市,三島市,更地,土地カテゴリ（建物表記なし）,静岡県三島市松本330-9,1880,274.6,22.6,1500,—,—,,不明,接道・区分情報なし、詳細/役場で要確認,,2026-07-21,,https://suumo.jp/tochi/shizuoka/sc_mishima/nc_21132161/,不適合
SUUMO 土地 三島市,三島市,更地,土地カテゴリ（建物表記なし）,静岡県三島市萩,1880,134.9,46.1,1500,—,—,,不明,接道・区分情報なし、詳細/役場で要確認,,2026-08-13,,https://suumo.jp/tochi/shizuoka/sc_mishima/nc_21491709/,不適合
SUUMO 土地 三島市,三島市,更地,土地カテゴリ（建物表記なし）,静岡県三島市光ケ丘,1880,241.3,25.8,1500,—,—,,不明,接道・区分情報なし、詳細/役場で要確認,,2026-06-17,,https://suumo.jp/tochi/shizuoka/sc_mishima/nc_20915486/,不適合
SUUMO 土地 三島市,三島市,更地,土地カテゴリ（建物表記なし）,静岡県三島市富士ビレッジ,1880,200.7,31.0,1500,—,—,,不明,接道・区分情報なし、詳細/役場で要確認,,2026-08-23,,https://suumo.jp/tochi/shizuoka/sc_mishima/nc_21533981/,不適合
SUUMO 土地 三島市,三島市,更地,土地カテゴリ（建物表記なし）,静岡県三島市松本,1880,180.7,34.4,1500,—,—,,不明,接道・区分情報なし、詳細/役場で要確認,,2026-06-17,,https://suumo.jp/tochi/shizuoka/sc_mishima/nc_20556749/,不適合
SUUMO 土地 三島市,三島市,更地,土地カテゴリ（建物表記なし）,静岡県三島市山中新田,1900,472.6,13.3,1500,田,—,,不明,接道・区分情報なし、詳細/役場で要確認,,2026-06-17,,https://suumo.jp/tochi/shizuoka/sc_mishima/nc_75287975/,不適合
SUUMO 土地 三島市,三島市,更地,土地カテゴリ（建物表記なし）,静岡県三島市山中新田,1900,472.6,13.3,1500,田,—,,不明,接道・区分情報なし、詳細/役場で要確認,,2026-06-17,,https://suumo.jp/tochi/shizuoka/sc_mishima/nc_76931154/,不適合
SUUMO 土地 三島市,三島市,更地,土地カテゴリ（建物表記なし）,静岡県三島市徳倉４,1920,193.1,32.9,1500,宅地,—,,不明,接道・区分情報なし、詳細/役場で要確認,,2026-06-17,,https://suumo.jp/tochi/shizuoka/sc_mishima/nc_78937420/,不適合
SUUMO 土地 三島市,三島市,更地,土地カテゴリ（建物表記なし）,静岡県三島市多呂,1980,231.5,28.3,1500,宅地,—,,不明,接道・区分情報なし、詳細/役場で要確認,,2026-08-11,,https://suumo.jp/tochi/shizuoka/sc_mishima/nc_21481500/,不適合
SUUMO 土地 三島市,三島市,更地,土地カテゴリ（建物表記なし）,静岡県三島市多呂,1980,231.5,28.3,1500,—,—,接道　ハウスメーカーも自由に,不明,接道・区分情報なし、詳細/役場で要確認,,2026-08-21,,https://suumo.jp/tochi/shizuoka/sc_mishima/nc_21529254/,不適合
SUUMO 土地 三島市,三島市,更地,土地カテゴリ（建物表記なし）,静岡県三島市中島,1980,177.0,37.0,1500,—,—,,不明,接道・区分情報なし、詳細/役場で要確認,,2026-06-17,,https://suumo.jp/tochi/shizuoka/sc_mishima/nc_78608940/,不適合
SUUMO 土地 三島市,三島市,更地,土地カテゴリ（建物表記なし）,静岡県三島市三恵台,1980,267.4,24.5,1500,—,—,,不明,接道・区分情報なし、詳細/役場で要確認,,2026-07-01,,https://suumo.jp/tochi/shizuoka/sc_mishima/nc_77233691/,不適合
SUUMO 土地 三島市,三島市,更地,土地カテゴリ（建物表記なし）,静岡県三島市大場246-18,1990,172.4,38.2,1500,—,—,,不明,接道・区分情報なし、詳細/役場で要確認,,2026-07-01,,https://suumo.jp/tochi/shizuoka/sc_mishima/nc_20727667/,不適合
SUUMO 土地 三島市,三島市,更地,土地カテゴリ（建物表記なし）,静岡県三島市光ケ丘,2100,255.3,27.2,1500,—,—,,不明,接道・区分情報なし、詳細/役場で要確認,,2026-06-17,,https://suumo.jp/tochi/shizuoka/sc_mishima/nc_73209966/,不適合
SUUMO 土地 三島市,三島市,更地,土地カテゴリ（建物表記なし）,静岡県三島市加茂,2150,169.5,41.9,1500,—,—,,不明,接道・区分情報なし、詳細/役場で要確認,,2026-07-02,,https://suumo.jp/tochi/shizuoka/sc_mishima/nc_21193680/,不適合
SUUMO 土地 三島市,三島市,更地,土地カテゴリ（建物表記なし）,静岡県三島市青木,2180,154.3,46.7,1500,—,—,,不明,接道・区分情報なし、詳細/役場で要確認,,2026-08-29,,https://suumo.jp/tochi/shizuoka/sc_mishima/nc_21579556/,不適合
SUUMO 土地 三島市,三島市,更地,土地カテゴリ（建物表記なし）,静岡県三島市徳倉３,2180,234.6,30.7,1500,—,—,,不明,接道・区分情報なし、詳細/役場で要確認,,2026-08-18,,https://suumo.jp/tochi/shizuoka/sc_mishima/nc_21479565/,不適合
SUUMO 土地 三島市,三島市,更地,土地カテゴリ（建物表記なし）,静岡県三島市青木,2180,154.3,46.7,1500,—,—,,不明,接道・区分情報なし、詳細/役場で要確認,,2026-08-29,,https://suumo.jp/tochi/shizuoka/sc_mishima/nc_21582657/,不適合
SUUMO 土地 三島市,三島市,更地,土地カテゴリ（建物表記なし）,静岡県三島市青木,2180,154.3,46.7,1500,—,—,,不明,接道・区分情報なし、詳細/役場で要確認,,2026-08-29,,https://suumo.jp/tochi/shizuoka/sc_mishima/nc_21580181/,不適合
SUUMO 土地 三島市,三島市,更地,土地カテゴリ（建物表記なし）,静岡県三島市萩,2280,162.9,46.3,1500,—,—,,不明,接道・区分情報なし、詳細/役場で要確認,,2026-08-13,,https://suumo.jp/tochi/shizuoka/sc_mishima/nc_21491711/,不適合
SUUMO 土地 三島市,三島市,更地,土地カテゴリ（建物表記なし）,静岡県三島市青木,2280,170.4,44.2,1500,—,—,,不明,接道・区分情報なし、詳細/役場で要確認,,2026-08-29,,https://suumo.jp/tochi/shizuoka/sc_mishima/nc_21582655/,不適合
SUUMO 土地 三島市,三島市,更地,土地カテゴリ（建物表記なし）,静岡県三島市青木,2280,169.0,44.6,1500,—,—,,不明,接道・区分情報なし、詳細/役場で要確認,,2026-08-29,,https://suumo.jp/tochi/shizuoka/sc_mishima/nc_21582656/,不適合
SUUMO 土地 三島市,三島市,更地,土地カテゴリ（建物表記なし）,静岡県三島市萩,2280,182.0,41.4,1500,—,—,,不明,接道・区分情報なし、詳細/役場で要確認,,2026-08-01,,https://suumo.jp/tochi/shizuoka/sc_mishima/nc_21413717/,不適合
SUUMO 土地 三島市,三島市,更地,土地カテゴリ（建物表記なし）,静岡県三島市徳倉３,2350,205.7,37.8,1500,—,—,,不明,接道・区分情報なし、詳細/役場で要確認,,2026-08-18,,https://suumo.jp/tochi/shizuoka/sc_mishima/nc_21512271/,不適合
SUUMO 土地 三島市,三島市,更地,土地カテゴリ（建物表記なし）,静岡県三島市旭ヶ丘,2380,301.3,26.1,1500,—,—,,不明,接道・区分情報なし、詳細/役場で要確認,,2026-06-21,,https://suumo.jp/tochi/shizuoka/sc_mishima/nc_21106239/,不適合
SUUMO 土地 三島市,三島市,更地,土地カテゴリ（建物表記なし）,静岡県三島市谷田,2450,254.6,31.8,1500,田,—,,不明,接道・区分情報なし、詳細/役場で要確認,,2026-08-07,,https://suumo.jp/tochi/shizuoka/sc_mishima/nc_21453029/,不適合
SUUMO 土地 三島市,三島市,更地,土地カテゴリ（建物表記なし）,静岡県三島市大場,2500,169.1,48.9,1500,—,—,,不明,接道・区分情報なし、詳細/役場で要確認,,2026-06-17,,https://suumo.jp/tochi/shizuoka/sc_mishima/nc_77220846/,不適合
SUUMO 土地 三島市,三島市,更地,土地カテゴリ（建物表記なし）,静岡県三島市栄町,2780,133.3,68.9,1500,—,—,,不明,接道・区分情報なし、詳細/役場で要確認,,2026-06-17,,https://suumo.jp/tochi/shizuoka/sc_mishima/nc_20649722/,不適合
SUUMO 土地 三島市,三島市,更地,土地カテゴリ（建物表記なし）,静岡県三島市沢地,2800,360.9,25.6,1500,—,—,,不明,接道・区分情報なし、詳細/役場で要確認,,2026-06-17,,https://suumo.jp/tochi/shizuoka/sc_mishima/nc_20533317/,不適合
SUUMO 土地 三島市,三島市,更地,土地カテゴリ（建物表記なし）,静岡県三島市幸原町１,2880,193.0,49.3,1500,—,—,,不明,接道・区分情報なし、詳細/役場で要確認,,2026-06-17,,https://suumo.jp/tochi/shizuoka/sc_mishima/nc_20298120/,不適合
SUUMO 土地 三島市,三島市,更地,土地カテゴリ（建物表記なし）,静岡県三島市東本町２,3000,169.7,58.4,1500,田,—,,不明,接道・区分情報なし、詳細/役場で要確認,,2026-06-21,,https://suumo.jp/tochi/shizuoka/sc_mishima/nc_21119703/,不適合
SUUMO 土地 三島市,三島市,更地,土地カテゴリ（建物表記なし）,静岡県三島市東本町２,3200,198.5,53.3,1500,—,—,,不明,接道・区分情報なし、詳細/役場で要確認,,2026-06-17,,https://suumo.jp/tochi/shizuoka/sc_mishima/nc_20359048/,不適合
SUUMO 土地 三島市,三島市,更地,土地カテゴリ（建物表記なし）,静岡県三島市文教町２-4777,3880,346.1,37.1,1500,—,—,,不明,接道・区分情報なし、詳細/役場で要確認,,2026-08-03,,https://suumo.jp/tochi/shizuoka/sc_mishima/nc_21237120/,不適合
SUUMO 土地 三島市,三島市,更地,土地カテゴリ（建物表記なし）,静岡県三島市泉町2431-1,5180,197.6,86.7,1500,—,—,,不明,接道・区分情報なし、詳細/役場で要確認,,2026-06-17,,https://suumo.jp/tochi/shizuoka/sc_mishima/nc_20319563/,不適合
SUUMO 土地 三島市,三島市,更地,土地カテゴリ（建物表記なし）,静岡県三島市沢地,5300,1474.3,11.9,1500,—,—,,不明,接道・区分情報なし、詳細/役場で要確認,,2026-06-17,,https://suumo.jp/tochi/shizuoka/sc_mishima/nc_21065136/,不適合
SUUMO 土地 三島市,三島市,更地,土地カテゴリ（建物表記なし）,静岡県三島市若松町,11000,2855.2,12.7,1500,—,—,,不明,接道・区分情報なし、詳細/役場で要確認,,2026-06-17,,https://suumo.jp/tochi/shizuoka/sc_mishima/nc_70432019/,不適合
SUUMO 土地 三島市,三島市,更地,土地カテゴリ（建物表記なし）,静岡県三島市若松町,11000,2855.2,12.7,1500,—,—,,不明,接道・区分情報なし、詳細/役場で要確認,,2026-06-17,,https://suumo.jp/tochi/shizuoka/sc_mishima/nc_78686654/,不適合
SUUMO 土地 三島市,三島市,更地,土地カテゴリ（建物表記なし）,静岡県三島市若松町,11000,2849.3,12.8,1500,—,—,,不明,接道・区分情報なし、詳細/役場で要確認,,2026-06-17,,https://suumo.jp/tochi/shizuoka/sc_mishima/nc_97070761/,不適合
SUUMO 中古戸建 三島市,三島市,更地,土地カテゴリ（建物表記なし）,静岡県三島市東大場１,1230,247.7,16.4,1500,—,—,,不明,接道・区分情報なし、詳細/役場で要確認,,2026-06-17,NG:東大場,https://suumo.jp/chukoikkodate/shizuoka/sc_mishima/nc_75972795/,不適合
SUUMO 中古戸建 三島市,三島市,更地,土地カテゴリ（建物表記なし）,静岡県三島市東大場２,1380,215.1,21.2,1500,—,—,,不明,接道・区分情報なし、詳細/役場で要確認,,2026-06-17,NG:東大場,https://suumo.jp/chukoikkodate/shizuoka/sc_mishima/nc_72874199/,不適合
SUUMO 中古戸建 三島市,三島市,更地,土地カテゴリ（建物表記なし）,静岡県三島市富士ビレッジ,1480,181.2,27.0,1500,—,—,接道で明るく開放的！落ち着い,不明,接道・区分情報なし、詳細/役場で要確認,,2026-06-17,,https://suumo.jp/chukoikkodate/shizuoka/sc_mishima/nc_79223152/,不適合
SUUMO 中古戸建 三島市,三島市,更地,土地カテゴリ（建物表記なし）,静岡県三島市芙蓉台３,1480,280.5,17.4,1500,—,—,,不明,接道・区分情報なし、詳細/役場で要確認,,2026-07-16,,https://suumo.jp/chukoikkodate/shizuoka/sc_mishima/nc_21294227/,不適合
SUUMO 中古戸建 三島市,三島市,更地,土地カテゴリ（建物表記なし）,静岡県三島市谷田,1598,145.7,36.3,1500,田,—,,不明,接道・区分情報なし、詳細/役場で要確認,,2026-06-17,,https://suumo.jp/chukoikkodate/shizuoka/sc_mishima/nc_78628522/,不適合
SUUMO 中古戸建 三島市,三島市,更地,土地カテゴリ（建物表記なし）,静岡県三島市新谷,2980,165.4,59.6,1500,—,—,,不明,接道・区分情報なし、詳細/役場で要確認,,2026-07-19,,https://suumo.jp/chukoikkodate/shizuoka/sc_mishima/nc_21319796/,不適合
SUUMO 中古戸建 三島市,三島市,更地,土地カテゴリ（建物表記なし）,静岡県三島市錦が丘,2998,233.2,42.5,1500,田,—,,不明,接道・区分情報なし、詳細/役場で要確認,,2026-06-17,,https://suumo.jp/chukoikkodate/shizuoka/sc_mishima/nc_78761628/,不適合
SUUMO 中古戸建 三島市,三島市,更地,土地カテゴリ（建物表記なし）,静岡県三島市谷田,3190,153.5,68.7,1500,田,—,,不明,接道・区分情報なし、詳細/役場で要確認,,2026-06-17,,https://suumo.jp/chukoikkodate/shizuoka/sc_mishima/nc_20056703/,不適合
SUUMO 中古戸建 三島市,三島市,更地,土地カテゴリ（建物表記なし）,静岡県三島市徳倉１,3480,105.6,108.9,1500,—,—,,不明,接道・区分情報なし、詳細/役場で要確認,,2026-06-17,,https://suumo.jp/chukoikkodate/shizuoka/sc_mishima/nc_20425842/,不適合
SUUMO 中古戸建 三島市,三島市,更地,土地カテゴリ（建物表記なし）,静岡県三島市千枚原,4780,208.1,75.9,1500,—,—,,不明,接道・区分情報なし、詳細/役場で要確認,,2026-07-04,,https://suumo.jp/chukoikkodate/shizuoka/sc_mishima/nc_75922516/,不適合
SUUMO 中古戸建 三島市,三島市,更地,土地カテゴリ（建物表記なし）,静岡県三島市東本町２,7980,311.1,84.8,1500,田,—,,不明,接道・区分情報なし、詳細/役場で要確認,,2026-06-17,,https://suumo.jp/chukoikkodate/shizuoka/sc_mishima/nc_20966015/,不適合
SUUMO 中古戸建 三島市,三島市,更地,土地カテゴリ（建物表記なし）,静岡県三島市東大場１-15-11,2049,207.4,32.7,1500,—,—,,不明,接道・区分情報なし、詳細/役場で要確認,,2026-08-07,NG:東大場,https://suumo.jp/chukoikkodate/shizuoka/sc_mishima/nc_20830364/,不適合
SUUMO 中古戸建 三島市,三島市,更地,土地カテゴリ（建物表記なし）,静岡県三島市富士見台,2370,194.3,40.3,1500,—,—,,不明,接道・区分情報なし、詳細/役場で要確認,,2026-08-03,,https://suumo.jp/chukoikkodate/shizuoka/sc_mishima/nc_21426331/,不適合
SUUMO 中古戸建 三島市,三島市,更地,土地カテゴリ（建物表記なし）,静岡県三島市富士見台14-6,2379,210.6,37.3,1500,宅地,—,,不明,接道・区分情報なし、詳細/役場で要確認,,2026-08-16,,https://suumo.jp/chukoikkodate/shizuoka/sc_mishima/nc_20830972/,不適合
SUUMO 中古戸建 三島市,三島市,空き家,掲載に空き家表記,静岡県三島市南田町,2400,112.4,70.6,3000,田,—,,不明,接道・区分情報なし。建物ありだが現行法での再建築可否は役場で要確認,,2026-06-17,,https://suumo.jp/chukoikkodate/shizuoka/sc_mishima/nc_21032216/,不適合
SUUMO 中古戸建 三島市,三島市,中古戸建,中古戸建/住宅カテゴリ,静岡県三島市錦が丘,2450,187.7,43.1,3000,—,—,,不明,接道・区分情報なし。建物ありだが現行法での再建築可否は役場で要確認,,2026-07-14,,https://suumo.jp/chukoikkodate/shizuoka/sc_mishima/nc_21285715/,不適合
SUUMO 中古戸建 三島市,三島市,更地,土地カテゴリ（建物表記なし）,静岡県三島市萩,2649,197.9,44.2,1500,—,—,,不明,接道・区分情報なし、詳細/役場で要確認,,2026-08-04,,https://suumo.jp/chukoikkodate/shizuoka/sc_mishima/nc_21060092/,不適合
SUUMO 中古戸建 三島市,三島市,更地,土地カテゴリ（建物表記なし）,静岡県三島市加茂,3100,165.4,62.0,1500,—,—,,不明,接道・区分情報なし、詳細/役場で要確認,,2026-06-17,,https://suumo.jp/chukoikkodate/shizuoka/sc_mishima/nc_20363618/,不適合
SUUMO 中古戸建 三島市,三島市,中古戸建,中古戸建/住宅カテゴリ,静岡県三島市芙蓉台３,700,254.5,9.1,3000,—,—,,不明,接道・区分情報なし。建物ありだが現行法での再建築可否は役場で要確認,,2026-07-30,,https://suumo.jp/chukoikkodate/shizuoka/sc_mishima/nc_21394717/,不適合
SUUMO 中古戸建 三島市,三島市,更地,土地カテゴリ（建物表記なし）,静岡県三島市谷田,900,158.7,18.7,1500,田,—,,不明,接道・区分情報なし、詳細/役場で要確認,,2026-06-17,,https://suumo.jp/chukoikkodate/shizuoka/sc_mishima/nc_76151820/,不適合
SUUMO 中古戸建 三島市,三島市,更地,土地カテゴリ（建物表記なし）,静岡県三島市若松町,1000,177.2,18.7,1500,—,—,,不明,接道・区分情報なし、詳細/役場で要確認,,2026-06-17,,https://suumo.jp/chukoikkodate/shizuoka/sc_mishima/nc_20240772/,不適合
SUUMO 中古戸建 三島市,三島市,更地,土地カテゴリ（建物表記なし）,静岡県三島市徳倉３,1048,155.1,22.3,1500,—,—,,不明,接道・区分情報なし、詳細/役場で要確認,,2026-06-17,,https://suumo.jp/chukoikkodate/shizuoka/sc_mishima/nc_72320921/,不適合
SUUMO 中古戸建 三島市,三島市,更地,土地カテゴリ（建物表記なし）,静岡県三島市大場,1200,201.0,19.7,1500,—,—,,不明,接道・区分情報なし、詳細/役場で要確認,,2026-06-17,,https://suumo.jp/chukoikkodate/shizuoka/sc_mishima/nc_20045951/,不適合
SUUMO 中古戸建 三島市,三島市,更地,土地カテゴリ（建物表記なし）,静岡県三島市富士見台,1280,206.2,20.5,1500,—,—,,不明,接道・区分情報なし、詳細/役場で要確認,,2026-08-22,,https://suumo.jp/chukoikkodate/shizuoka/sc_mishima/nc_21538394/,不適合
SUUMO 中古戸建 三島市,三島市,更地,土地カテゴリ（建物表記なし）,静岡県三島市芙蓉台１,1340,198.4,22.3,1500,—,—,,不明,接道・区分情報なし、詳細/役場で要確認,,2026-06-17,,https://suumo.jp/chukoikkodate/shizuoka/sc_mishima/nc_73269828/,不適合
SUUMO 中古戸建 三島市,三島市,更地,土地カテゴリ（建物表記なし）,静岡県三島市徳倉,1480,165.3,29.6,1500,—,—,,不明,接道・区分情報なし、詳細/役場で要確認,,2026-08-23,,https://suumo.jp/chukoikkodate/shizuoka/sc_mishima/nc_21544624/,不適合
SUUMO 中古戸建 三島市,三島市,更地,土地カテゴリ（建物表記なし）,静岡県三島市東大場１,1480,208.5,23.5,1500,—,—,,不明,接道・区分情報なし、詳細/役場で要確認,,2026-06-26,NG:東大場,https://suumo.jp/chukoikkodate/shizuoka/sc_mishima/nc_77337870/,不適合
SUUMO 中古戸建 三島市,三島市,更地,土地カテゴリ（建物表記なし）,静岡県三島市佐野見晴台１,1490,288.5,17.1,1500,—,—,,不明,接道・区分情報なし、詳細/役場で要確認,,2026-06-17,,https://suumo.jp/chukoikkodate/shizuoka/sc_mishima/nc_20839982/,不適合
SUUMO 中古戸建 三島市,三島市,更地,土地カテゴリ（建物表記なし）,静岡県三島市北沢,1500,197.8,25.1,1500,—,—,,不明,接道・区分情報なし、詳細/役場で要確認,,2026-06-17,,https://suumo.jp/chukoikkodate/shizuoka/sc_mishima/nc_76820060/,不適合
SUUMO 中古戸建 三島市,三島市,更地,土地カテゴリ（建物表記なし）,静岡県三島市東大場１,1660,195.0,28.1,1500,—,—,,不明,接道・区分情報なし、詳細/役場で要確認,,2026-06-17,NG:東大場,https://suumo.jp/chukoikkodate/shizuoka/sc_mishima/nc_20889912/,不適合
SUUMO 中古戸建 三島市,三島市,更地,土地カテゴリ（建物表記なし）,静岡県三島市芙蓉台３-12-5,1680,258.3,21.5,1500,—,—,,不明,接道・区分情報なし、詳細/役場で要確認,,2026-06-17,,https://suumo.jp/chukoikkodate/shizuoka/sc_mishima/nc_78935621/,不適合
SUUMO 中古戸建 三島市,三島市,更地,土地カテゴリ（建物表記なし）,静岡県三島市芙蓉台１,1680,307.9,18.0,1500,—,—,,不明,接道・区分情報なし、詳細/役場で要確認,,2026-07-27,,https://suumo.jp/chukoikkodate/shizuoka/sc_mishima/nc_78195636/,不適合
SUUMO 中古戸建 三島市,三島市,更地,土地カテゴリ（建物表記なし）,静岡県三島市東町8-4,1699,148.0,37.9,1500,田,—,,不明,接道・区分情報なし、詳細/役場で要確認,,2026-08-28,,https://suumo.jp/chukoikkodate/shizuoka/sc_mishima/nc_20942479/,不適合
SUUMO 中古戸建 三島市,三島市,更地,土地カテゴリ（建物表記なし）,静岡県三島市東町,1699,148.0,37.9,1500,田,—,,不明,接道・区分情報なし、詳細/役場で要確認,,2026-08-16,,https://suumo.jp/chukoikkodate/shizuoka/sc_mishima/nc_21006021/,不適合
SUUMO 中古戸建 三島市,三島市,更地,土地カテゴリ（建物表記なし）,静岡県三島市東大場２,1780,183.2,32.1,1500,—,—,,不明,接道・区分情報なし、詳細/役場で要確認,,2026-06-17,NG:東大場,https://suumo.jp/chukoikkodate/shizuoka/sc_mishima/nc_79228864/,不適合
SUUMO 中古戸建 三島市,三島市,更地,土地カテゴリ（建物表記なし）,静岡県三島市東町7-34,1780,120.5,48.8,1500,田,—,,不明,接道・区分情報なし、詳細/役場で要確認,,2026-06-17,,https://suumo.jp/chukoikkodate/shizuoka/sc_mishima/nc_78834566/,不適合
SUUMO 中古戸建 三島市,三島市,中古戸建,中古戸建/住宅カテゴリ,静岡県三島市谷田,1780,172.2,34.2,3000,田,—,,不明,接道・区分情報なし。建物ありだが現行法での再建築可否は役場で要確認,,2026-06-17,,https://suumo.jp/chukoikkodate/shizuoka/sc_mishima/nc_20678573/,不適合
SUUMO 中古戸建 三島市,三島市,更地,土地カテゴリ（建物表記なし）,静岡県三島市初音台,1799,147.6,40.3,1500,—,—,,不明,接道・区分情報なし、詳細/役場で要確認,,2026-06-17,,https://suumo.jp/chukoikkodate/shizuoka/sc_mishima/nc_20894246/,不適合
SUUMO 中古戸建 三島市,三島市,更地,土地カテゴリ（建物表記なし）,静岡県三島市初音台,1849,147.6,41.4,1500,—,—,,不明,接道・区分情報なし、詳細/役場で要確認,,2026-06-17,,https://suumo.jp/chukoikkodate/shizuoka/sc_mishima/nc_20996355/,不適合
SUUMO 中古戸建 三島市,三島市,更地,土地カテゴリ（建物表記なし）,静岡県三島市三恵台,1980,202.6,32.3,1500,—,—,,不明,接道・区分情報なし、詳細/役場で要確認,,2026-07-16,,https://suumo.jp/chukoikkodate/shizuoka/sc_mishima/nc_20612460/,不適合
SUUMO 中古戸建 三島市,三島市,更地,土地カテゴリ（建物表記なし）,静岡県三島市芙蓉台２,1990,396.1,16.6,1500,—,—,,不明,接道・区分情報なし、詳細/役場で要確認,,2026-06-17,,https://suumo.jp/chukoikkodate/shizuoka/sc_mishima/nc_74658742/,不適合
SUUMO 中古戸建 三島市,三島市,更地,土地カテゴリ（建物表記なし）,静岡県三島市芙蓉台２,1990,396.1,16.6,1500,—,—,,不明,接道・区分情報なし、詳細/役場で要確認,,2026-06-17,,https://suumo.jp/chukoikkodate/shizuoka/sc_mishima/nc_74405003/,不適合
SUUMO 中古戸建 三島市,三島市,更地,土地カテゴリ（建物表記なし）,静岡県三島市東大場１-29-4,1999,202.4,32.6,1500,—,—,,不明,接道・区分情報なし、詳細/役場で要確認,,2026-08-16,NG:東大場,https://suumo.jp/chukoikkodate/shizuoka/sc_mishima/nc_20903734/,不適合
SUUMO 中古戸建 三島市,三島市,更地,土地カテゴリ（建物表記なし）,静岡県三島市東壱町田,2000,180.1,36.7,1500,田,—,,不明,接道・区分情報なし、詳細/役場で要確認,,2026-08-29,,https://suumo.jp/chukoikkodate/shizuoka/sc_mishima/nc_21583638/,不適合
SUUMO 中古戸建 三島市,三島市,更地,土地カテゴリ（建物表記なし）,静岡県三島市富士ビレッジ,2180,153.0,47.1,1500,—,—,,不明,接道・区分情報なし、詳細/役場で要確認,,2026-08-16,,https://suumo.jp/chukoikkodate/shizuoka/sc_mishima/nc_21451122/,不適合
SUUMO 中古戸建 三島市,三島市,更地,土地カテゴリ（建物表記なし）,静岡県三島市富士ビレッジ,2200,103.6,70.2,1500,—,—,,不明,接道・区分情報なし、詳細/役場で要確認,,2026-08-16,,https://suumo.jp/chukoikkodate/shizuoka/sc_mishima/nc_21081410/,不適合
SUUMO 中古戸建 三島市,三島市,更地,土地カテゴリ（建物表記なし）,静岡県三島市芙蓉台１,2230,303.8,24.3,1500,—,—,,不明,接道・区分情報なし、詳細/役場で要確認,,2026-08-16,,https://suumo.jp/chukoikkodate/shizuoka/sc_mishima/nc_79214986/,不適合
SUUMO 中古戸建 三島市,三島市,更地,土地カテゴリ（建物表記なし）,静岡県三島市芙蓉台１,2230,303.8,24.3,1500,宅地,—,,不明,接道・区分情報なし、詳細/役場で要確認,,2026-08-16,,https://suumo.jp/chukoikkodate/shizuoka/sc_mishima/nc_21156446/,不適合
SUUMO 中古戸建 三島市,三島市,更地,土地カテゴリ（建物表記なし）,静岡県三島市東大場２,2290,212.9,35.6,1500,—,—,,不明,接道・区分情報なし、詳細/役場で要確認,,2026-08-16,NG:東大場,https://suumo.jp/chukoikkodate/shizuoka/sc_mishima/nc_74409117/,不適合
SUUMO 中古戸建 三島市,三島市,更地,土地カテゴリ（建物表記なし）,静岡県三島市東大場２,2290,212.9,35.6,1500,—,—,,不明,接道・区分情報なし、詳細/役場で要確認,,2026-08-16,NG:東大場,https://suumo.jp/chukoikkodate/shizuoka/sc_mishima/nc_76520945/,不適合
SUUMO 中古戸建 三島市,三島市,更地,土地カテゴリ（建物表記なし）,静岡県三島市三恵台27番地2,2349,205.4,37.8,1500,—,—,,不明,接道・区分情報なし、詳細/役場で要確認,,2026-08-16,,https://suumo.jp/chukoikkodate/shizuoka/sc_mishima/nc_21053463/,不適合
SUUMO 中古戸建 三島市,三島市,中古戸建,中古戸建/住宅カテゴリ,静岡県三島市富士見台18-4,2370,194.3,40.3,3000,—,—,,不明,接道・区分情報なし。建物ありだが現行法での再建築可否は役場で要確認,,2026-08-16,,https://suumo.jp/chukoikkodate/shizuoka/sc_mishima/nc_21416765/,不適合
SUUMO 中古戸建 三島市,三島市,更地,土地カテゴリ（建物表記なし）,静岡県三島市富士見台,2370,194.3,40.3,1500,—,—,,不明,接道・区分情報なし、詳細/役場で要確認,,2026-08-21,,https://suumo.jp/chukoikkodate/shizuoka/sc_mishima/nc_21530691/,不適合
SUUMO 中古戸建 三島市,三島市,更地,土地カテゴリ（建物表記なし）,静岡県三島市富士見台,2370,194.3,40.3,1500,—,—,,不明,接道・区分情報なし、詳細/役場で要確認,,2026-08-16,,https://suumo.jp/chukoikkodate/shizuoka/sc_mishima/nc_20161577/,不適合
SUUMO 中古戸建 三島市,三島市,更地,土地カテゴリ（建物表記なし）,静岡県三島市富士見台,2370,194.3,40.3,1500,—,—,,不明,接道・区分情報なし、詳細/役場で要確認,,2026-08-16,,https://suumo.jp/chukoikkodate/shizuoka/sc_mishima/nc_21428653/,不適合
SUUMO 中古戸建 三島市,三島市,更地,土地カテゴリ（建物表記なし）,静岡県三島市富士見台18-4,2370,194.3,40.3,1500,—,—,,不明,接道・区分情報なし、詳細/役場で要確認,,2026-08-24,,https://suumo.jp/chukoikkodate/shizuoka/sc_mishima/nc_20899290/,不適合
SUUMO 中古戸建 三島市,三島市,更地,土地カテゴリ（建物表記なし）,静岡県三島市千枚原,2380,212.5,37.0,1500,—,—,,不明,接道・区分情報なし、詳細/役場で要確認,,2026-08-16,,https://suumo.jp/chukoikkodate/shizuoka/sc_mishima/nc_21305301/,不適合
SUUMO 中古戸建 三島市,三島市,更地,土地カテゴリ（建物表記なし）,静岡県三島市錦が丘4,2399,182.2,43.5,1500,—,—,,不明,接道・区分情報なし、詳細/役場で要確認,,2026-08-16,,https://suumo.jp/chukoikkodate/shizuoka/sc_mishima/nc_21432592/,不適合
SUUMO 中古戸建 三島市,三島市,更地,土地カテゴリ（建物表記なし）,静岡県三島市南田町,2400,112.4,70.6,1500,田,—,,不明,接道・区分情報なし、詳細/役場で要確認,,2026-08-16,,https://suumo.jp/chukoikkodate/shizuoka/sc_mishima/nc_20800974/,不適合
SUUMO 中古戸建 三島市,三島市,更地,土地カテゴリ（建物表記なし）,静岡県三島市錦が丘,2450,187.7,43.1,1500,—,—,,不明,接道・区分情報なし、詳細/役場で要確認,,2026-08-20,,https://suumo.jp/chukoikkodate/shizuoka/sc_mishima/nc_21369748/,不適合
SUUMO 中古戸建 三島市,三島市,中古戸建,中古戸建/住宅カテゴリ,静岡県三島市錦が丘3-2,2450,187.7,43.1,3000,—,—,,不明,接道・区分情報なし。建物ありだが現行法での再建築可否は役場で要確認,,2026-08-18,,https://suumo.jp/chukoikkodate/shizuoka/sc_mishima/nc_21510906/,不適合
SUUMO 中古戸建 三島市,三島市,更地,土地カテゴリ（建物表記なし）,静岡県三島市錦が丘,2450,187.7,43.1,1500,—,—,,不明,接道・区分情報なし、詳細/役場で要確認,,2026-08-16,,https://suumo.jp/chukoikkodate/shizuoka/sc_mishima/nc_21309422/,不適合
SUUMO 中古戸建 三島市,三島市,更地,土地カテゴリ（建物表記なし）,静岡県三島市錦が丘,2450,187.7,43.1,1500,—,—,,不明,接道・区分情報なし、詳細/役場で要確認,,2026-08-16,,https://suumo.jp/chukoikkodate/shizuoka/sc_mishima/nc_21339469/,不適合
SUUMO 中古戸建 三島市,三島市,更地,土地カテゴリ（建物表記なし）,静岡県三島市錦が丘,2450,187.7,43.1,1500,—,—,,不明,接道・区分情報なし、詳細/役場で要確認,,2026-08-16,,https://suumo.jp/chukoikkodate/shizuoka/sc_mishima/nc_21329773/,不適合
SUUMO 中古戸建 三島市,三島市,更地,土地カテゴリ（建物表記なし）,静岡県三島市錦が丘,2450,187.7,43.1,1500,—,—,,不明,接道・区分情報なし、詳細/役場で要確認,,2026-08-16,,https://suumo.jp/chukoikkodate/shizuoka/sc_mishima/nc_20789375/,不適合
SUUMO 中古戸建 三島市,三島市,更地,土地カテゴリ（建物表記なし）,静岡県三島市錦が丘,2450,187.7,43.1,1500,田,—,,不明,接道・区分情報なし、詳細/役場で要確認,,2026-08-16,,https://suumo.jp/chukoikkodate/shizuoka/sc_mishima/nc_21330917/,不適合
SUUMO 中古戸建 三島市,三島市,更地,土地カテゴリ（建物表記なし）,静岡県三島市錦が丘16番5,2499,205.3,40.2,1500,—,—,,不明,接道・区分情報なし、詳細/役場で要確認,,2026-08-16,,https://suumo.jp/chukoikkodate/shizuoka/sc_mishima/nc_21450465/,不適合
SUUMO 中古戸建 三島市,三島市,中古戸建,中古戸建/住宅カテゴリ,静岡県三島市錦が丘,2549,187.7,44.9,3000,—,—,,不明,接道・区分情報なし。建物ありだが現行法での再建築可否は役場で要確認,,2026-08-16,,https://suumo.jp/chukoikkodate/shizuoka/sc_mishima/nc_21305944/,不適合
SUUMO 中古戸建 三島市,三島市,更地,土地カテゴリ（建物表記なし）,静岡県三島市芙蓉台３,2600,495.8,17.3,1500,宅地,—,,不明,接道・区分情報なし、詳細/役場で要確認,,2026-08-16,,https://suumo.jp/chukoikkodate/shizuoka/sc_mishima/nc_79034922/,不適合
SUUMO 中古戸建 三島市,三島市,中古戸建,中古戸建/住宅カテゴリ,静岡県三島市萩320-83,2649,197.9,44.2,3000,—,—,,不明,接道・区分情報なし。建物ありだが現行法での再建築可否は役場で要確認,,2026-08-16,,https://suumo.jp/chukoikkodate/shizuoka/sc_mishima/nc_20968206/,不適合
SUUMO 中古戸建 三島市,三島市,更地,土地カテゴリ（建物表記なし）,静岡県三島市萩,2649,197.9,44.2,1500,—,—,,不明,接道・区分情報なし、詳細/役場で要確認,,2026-08-21,,https://suumo.jp/chukoikkodate/shizuoka/sc_mishima/nc_21526598/,不適合
SUUMO 中古戸建 三島市,三島市,更地,土地カテゴリ（建物表記なし）,静岡県三島市萩,2649,197.9,44.2,1500,—,—,,不明,接道・区分情報なし、詳細/役場で要確認,,2026-08-24,,https://suumo.jp/chukoikkodate/shizuoka/sc_mishima/nc_21068156/,不適合
SUUMO 中古戸建 三島市,三島市,更地,土地カテゴリ（建物表記なし）,静岡県三島市萩,2649,197.9,44.2,1500,—,—,,不明,接道・区分情報なし、詳細/役場で要確認,,2026-08-29,,https://suumo.jp/chukoikkodate/shizuoka/sc_mishima/nc_21080839/,不適合
SUUMO 中古戸建 三島市,三島市,更地,土地カテゴリ（建物表記なし）,静岡県三島市萩,2649,197.9,44.2,1500,—,—,,不明,接道・区分情報なし、詳細/役場で要確認,,2026-08-16,,https://suumo.jp/chukoikkodate/shizuoka/sc_mishima/nc_21117173/,不適合
SUUMO 中古戸建 三島市,三島市,更地,土地カテゴリ（建物表記なし）,静岡県三島市萩,2649,197.9,44.2,1500,—,—,,不明,接道・区分情報なし、詳細/役場で要確認,,2026-08-16,,https://suumo.jp/chukoikkodate/shizuoka/sc_mishima/nc_21329928/,不適合
SUUMO 中古戸建 三島市,三島市,更地,土地カテゴリ（建物表記なし）,静岡県三島市萩,2649,197.9,44.2,1500,—,—,,不明,接道・区分情報なし、詳細/役場で要確認,,2026-08-16,,https://suumo.jp/chukoikkodate/shizuoka/sc_mishima/nc_21206353/,不適合
SUUMO 中古戸建 三島市,三島市,更地,土地カテゴリ（建物表記なし）,静岡県三島市安久,2680,183.6,48.3,1500,—,—,,不明,接道・区分情報なし、詳細/役場で要確認,,2026-08-16,,https://suumo.jp/chukoikkodate/shizuoka/sc_mishima/nc_79083841/,不適合
SUUMO 中古戸建 三島市,三島市,更地,土地カテゴリ（建物表記なし）,静岡県三島市梅名,2980,216.2,45.6,1500,—,—,,不明,接道・区分情報なし、詳細/役場で要確認,,2026-08-16,,https://suumo.jp/chukoikkodate/shizuoka/sc_mishima/nc_20334289/,不適合
SUUMO 中古戸建 三島市,三島市,更地,土地カテゴリ（建物表記なし）,静岡県三島市東大場２,2980,190.9,51.6,1500,—,—,,不明,接道・区分情報なし、詳細/役場で要確認,,2026-08-16,NG:東大場,https://suumo.jp/chukoikkodate/shizuoka/sc_mishima/nc_73629527/,不適合
SUUMO 中古戸建 三島市,三島市,更地,土地カテゴリ（建物表記なし）,静岡県三島市松本,2980,175.1,56.3,1500,—,—,,不明,接道・区分情報なし、詳細/役場で要確認,,2026-08-16,,https://suumo.jp/chukoikkodate/shizuoka/sc_mishima/nc_78689369/,不適合
SUUMO 中古戸建 三島市,三島市,更地,土地カテゴリ（建物表記なし）,静岡県三島市青木,2980,335.5,29.4,1500,—,—,,不明,接道・区分情報なし、詳細/役場で要確認,,2026-08-16,,https://suumo.jp/chukoikkodate/shizuoka/sc_mishima/nc_20280637/,不適合
SUUMO 中古戸建 三島市,三島市,更地,土地カテゴリ（建物表記なし）,静岡県三島市若松町,2980,250.1,39.4,1500,田,—,,不明,接道・区分情報なし、詳細/役場で要確認,,2026-08-16,,https://suumo.jp/chukoikkodate/shizuoka/sc_mishima/nc_20412501/,不適合
SUUMO 中古戸建 三島市,三島市,更地,土地カテゴリ（建物表記なし）,静岡県三島市萩,2980,191.0,51.6,1500,—,—,,不明,接道・区分情報なし、詳細/役場で要確認,,2026-08-16,,https://suumo.jp/chukoikkodate/shizuoka/sc_mishima/nc_78930775/,不適合
SUUMO 中古戸建 三島市,三島市,更地,土地カテゴリ（建物表記なし）,静岡県三島市萩,2980,547.0,18.0,1500,田,—,,不明,接道・区分情報なし、詳細/役場で要確認,,2026-08-16,,https://suumo.jp/chukoikkodate/shizuoka/sc_mishima/nc_20815684/,不適合
SUUMO 中古戸建 三島市,三島市,更地,土地カテゴリ（建物表記なし）,静岡県三島市大場,3100,159.3,64.3,1500,—,—,,不明,接道・区分情報なし、詳細/役場で要確認,,2026-08-16,,https://suumo.jp/chukoikkodate/shizuoka/sc_mishima/nc_21130543/,不適合
SUUMO 中古戸建 三島市,三島市,更地,土地カテゴリ（建物表記なし）,静岡県三島市大場,3100,159.3,64.3,1500,田,—,,不明,接道・区分情報なし、詳細/役場で要確認,,2026-08-16,,https://suumo.jp/chukoikkodate/shizuoka/sc_mishima/nc_21022444/,不適合
SUUMO 中古戸建 三島市,三島市,更地,土地カテゴリ（建物表記なし）,静岡県三島市大場,3100,159.3,64.3,1500,—,—,,不明,接道・区分情報なし、詳細/役場で要確認,,2026-08-16,,https://suumo.jp/chukoikkodate/shizuoka/sc_mishima/nc_21166429/,不適合
SUUMO 中古戸建 三島市,三島市,更地,土地カテゴリ（建物表記なし）,静岡県三島市大場,3100,159.3,64.3,1500,—,—,,不明,接道・区分情報なし、詳細/役場で要確認,,2026-08-16,,https://suumo.jp/chukoikkodate/shizuoka/sc_mishima/nc_21072578/,不適合
SUUMO 中古戸建 三島市,三島市,更地,土地カテゴリ（建物表記なし）,静岡県三島市御園,3280,201.1,53.9,1500,田,—,,不明,接道・区分情報なし、詳細/役場で要確認,,2026-08-16,,https://suumo.jp/chukoikkodate/shizuoka/sc_mishima/nc_77717583/,不適合
SUUMO 中古戸建 三島市,三島市,更地,土地カテゴリ（建物表記なし）,静岡県三島市東大場２,3280,717.3,15.1,1500,—,—,,不明,接道・区分情報なし、詳細/役場で要確認,,2026-08-16,NG:東大場,https://suumo.jp/chukoikkodate/shizuoka/sc_mishima/nc_76272661/,不適合
SUUMO 中古戸建 三島市,三島市,更地,土地カテゴリ（建物表記なし）,静岡県三島市青木,3300,223.1,48.9,1500,—,—,,不明,接道・区分情報なし、詳細/役場で要確認,,2026-08-16,,https://suumo.jp/chukoikkodate/shizuoka/sc_mishima/nc_21097265/,不適合
SUUMO 中古戸建 三島市,三島市,更地,土地カテゴリ（建物表記なし）,静岡県三島市安久,3480,153.1,75.1,1500,—,—,接道があります。　　→陽当た,不明,接道・区分情報なし、詳細/役場で要確認,,2026-08-16,,https://suumo.jp/chukoikkodate/shizuoka/sc_mishima/nc_21332067/,不適合
SUUMO 中古戸建 三島市,三島市,更地,土地カテゴリ（建物表記なし）,静岡県三島市松が丘,3680,177.6,68.5,1500,—,—,,不明,接道・区分情報なし、詳細/役場で要確認,,2026-08-16,,https://suumo.jp/chukoikkodate/shizuoka/sc_mishima/nc_79161567/,不適合
SUUMO 中古戸建 三島市,三島市,更地,土地カテゴリ（建物表記なし）,静岡県三島市東本町２,3880,103.7,123.7,1500,—,—,,不明,接道・区分情報なし、詳細/役場で要確認,,2026-08-16,,https://suumo.jp/chukoikkodate/shizuoka/sc_mishima/nc_70054134/,不適合
SUUMO 中古戸建 三島市,三島市,更地,土地カテゴリ（建物表記なし）,静岡県三島市谷田,3980,188.5,69.8,1500,田,—,,不明,接道・区分情報なし、詳細/役場で要確認,,2026-08-16,,https://suumo.jp/chukoikkodate/shizuoka/sc_mishima/nc_20175873/,不適合
SUUMO 中古戸建 三島市,三島市,更地,土地カテゴリ（建物表記なし）,静岡県三島市富田町,3980,98.5,133.6,1500,田,—,,不明,接道・区分情報なし、詳細/役場で要確認,,2026-08-16,,https://suumo.jp/chukoikkodate/shizuoka/sc_mishima/nc_74285041/,不適合
SUUMO 中古戸建 三島市,三島市,中古戸建,中古戸建/住宅カテゴリ,静岡県三島市谷田,3990,158.2,83.4,3000,田,—,,不明,接道・区分情報なし。建物ありだが現行法での再建築可否は役場で要確認,,2026-08-24,,https://suumo.jp/chukoikkodate/shizuoka/sc_mishima/nc_21550358/,不適合
SUUMO 中古戸建 三島市,三島市,更地,土地カテゴリ（建物表記なし）,静岡県三島市富士ビレッジ,4183,170.7,81.0,1500,—,—,,不明,接道・区分情報なし、詳細/役場で要確認,,2026-08-16,,https://suumo.jp/chukoikkodate/shizuoka/sc_mishima/nc_21368618/,不適合
SUUMO 中古戸建 三島市,三島市,更地,土地カテゴリ（建物表記なし）,静岡県三島市徳倉３,4500,200.8,74.1,1500,—,—,,不明,接道・区分情報なし、詳細/役場で要確認,,2026-08-23,,https://suumo.jp/chukoikkodate/shizuoka/sc_mishima/nc_20479193/,不適合
SUUMO 中古戸建 三島市,三島市,更地,土地カテゴリ（建物表記なし）,静岡県三島市加茂,4580,198.4,76.3,1500,—,—,,不明,接道・区分情報なし、詳細/役場で要確認,,2026-08-25,,https://suumo.jp/chukoikkodate/shizuoka/sc_mishima/nc_21065142/,不適合
SUUMO 中古戸建 三島市,三島市,更地,土地カテゴリ（建物表記なし）,静岡県三島市佐野見晴台１,4600,252.3,60.3,1500,—,—,,不明,接道・区分情報なし、詳細/役場で要確認,,2026-08-23,,https://suumo.jp/chukoikkodate/shizuoka/sc_mishima/nc_78762527/,不適合
SUUMO 中古戸建 三島市,三島市,更地,土地カテゴリ（建物表記なし）,静岡県三島市千枚原,4780,208.1,75.9,1500,—,—,,不明,接道・区分情報なし、詳細/役場で要確認,,2026-08-23,,https://suumo.jp/chukoikkodate/shizuoka/sc_mishima/nc_75101635/,不適合
SUUMO 中古戸建 三島市,三島市,更地,土地カテゴリ（建物表記なし）,静岡県三島市千枚原,4780,208.1,75.9,1500,—,—,,不明,接道・区分情報なし、詳細/役場で要確認,,2026-08-23,,https://suumo.jp/chukoikkodate/shizuoka/sc_mishima/nc_74854386/,不適合
SUUMO 中古戸建 三島市,三島市,更地,土地カテゴリ（建物表記なし）,静岡県三島市千枚原,4780,208.1,75.9,1500,—,—,,不明,接道・区分情報なし、詳細/役場で要確認,,2026-08-23,,https://suumo.jp/chukoikkodate/shizuoka/sc_mishima/nc_78504229/,不適合
SUUMO 中古戸建 三島市,三島市,更地,土地カテゴリ（建物表記なし）,静岡県三島市富田町,4800,122.1,130.0,1500,田,—,,不明,接道・区分情報なし、詳細/役場で要確認,,2026-08-23,,https://suumo.jp/chukoikkodate/shizuoka/sc_mishima/nc_21237980/,不適合
SUUMO 中古戸建 三島市,三島市,更地,土地カテゴリ（建物表記なし）,静岡県三島市北田町,5200,255.3,67.3,1500,田,—,,不明,接道・区分情報なし、詳細/役場で要確認,,2026-08-23,,https://suumo.jp/chukoikkodate/shizuoka/sc_mishima/nc_20757963/,不適合
SUUMO 中古戸建 三島市,三島市,更地,土地カテゴリ（建物表記なし）,静岡県三島市松本,5800,744.3,25.8,1500,—,—,,不明,接道・区分情報なし、詳細/役場で要確認,,2026-08-23,,https://suumo.jp/chukoikkodate/shizuoka/sc_mishima/nc_78684341/,不適合
SUUMO 中古戸建 三島市,三島市,更地,土地カテゴリ（建物表記なし）,静岡県三島市塚原新田,11900,331.6,118.6,1500,田,—,,不明,接道・区分情報なし、詳細/役場で要確認,,2026-08-23,,https://suumo.jp/chukoikkodate/shizuoka/sc_mishima/nc_21183172/,不適合
SUUMO 中古戸建 三島市,三島市,更地,土地カテゴリ（建物表記なし）,静岡県三島市塚原新田,11900,331.6,118.6,1500,田,—,,不明,接道・区分情報なし、詳細/役場で要確認,,2026-08-23,,https://suumo.jp/chukoikkodate/shizuoka/sc_mishima/nc_20473892/,不適合
ジモティー 静岡県 土地,伊豆の国市,更地,土地カテゴリ（建物表記なし）,静岡 伊豆の国市 土地販売/土地売買,300,,,1500,宅地,—,,不明,接道・区分情報なし、詳細/役場で要確認,,2026-08-29,,https://jmty.jp/shizuoka/est-land/article-1rcyt7,数値不明
ジモティー 静岡県 土地,伊豆の国市,更地,土地カテゴリ（建物表記なし）,静岡 伊豆の国市 土地販売/土地売買,,965.0,,1500,畑,—,,不明,接道・区分情報なし、詳細/役場で要確認,,2026-08-21,,https://jmty.jp/shizuoka/est-land/article-1rayxp,数値不明
ジモティー 静岡県 土地,三島市,更地,土地カテゴリ（建物表記なし）,静岡 三島市 三島田町駅 土地販売/土地売買,70,240.0,1.0,1500,田,—,,不明,接道・区分情報なし、詳細/役場で要確認,,2026-07-25,注意:別荘地/管理費,https://jmty.jp/shizuoka/est-land/article-1idnhv,不適合
ジモティー 静岡県 土地,伊豆の国市,更地,土地カテゴリ（建物表記なし）,静岡 伊豆の国市 土地販売/土地売買,,228.0,,1500,原野,—,,不明,接道・区分情報なし、詳細/役場で要確認,,2026-07-25,注意:別荘地,https://jmty.jp/shizuoka/est-land/article-1k2pcw,数値不明
ジモティー 静岡県 土地,伊豆の国市,更地,土地カテゴリ（建物表記なし）,静岡 伊豆の国市 土地販売/土地売買,650,139.0,15.5,1500,宅地,—,,不明,接道・区分情報なし、詳細/役場で要確認,,2026-07-25,,https://jmty.jp/shizuoka/est-land/article-1mbxm9,不適合
ジモティー 静岡県 土地,伊豆の国市,更地,土地カテゴリ（建物表記なし）,静岡 伊豆の国市 土地販売/土地売買,390,132.0,9.8,1500,宅地,—,,不明,接道・区分情報なし、詳細/役場で要確認,,2026-08-29,,https://jmty.jp/shizuoka/est-land/article-1mbxm5,不適合
ジモティー 静岡県 土地,伊豆の国市,更地,土地カテゴリ（建物表記なし）,静岡 伊豆の国市 原木駅 土地販売/土地売買,,272.0,,1500,山林,—,,不明,接道・区分情報なし、詳細/役場で要確認,,2026-07-25,注意:別荘地,https://jmty.jp/shizuoka/est-land/article-1fvz1c,数値不明
ジモティー 静岡県 土地,裾野市,更地,土地カテゴリ（建物表記なし）,静岡 裾野市 御殿場駅 土地販売/土地売買,28,,,1500,—,—,,不明,接道・区分情報なし、詳細/役場で要確認,,2026-08-17,注意:別荘地,https://jmty.jp/shizuoka/est-land/article-1nn8ez,数値不明
ジモティー 静岡県 土地,沼津市,更地,土地カテゴリ（建物表記なし）,静岡 沼津市 土地販売/土地売買,,848.0,,1500,田,—,,不明,接道・区分情報なし、詳細/役場で要確認,,2026-07-25,,https://jmty.jp/shizuoka/est-land/article-1n5mai,数値不明
スマイミー静岡 賃貸 伊豆の国市,伊豆の国市,賃貸戸建,賃貸カテゴリ（掲載種別）,伊豆の国市田京753-7,6.0,83.6,,5,田,—,,—,賃貸のため対象外,,2026-07-25,関心:戸建,https://www.shizuoka.fudohsan.jp/%E7%89%A9%E4%BB%B6/171015,不適合
スマイミー静岡 賃貸 伊豆の国市,伊豆の国市,賃貸戸建,賃貸カテゴリ（掲載種別）,伊豆の国市御門55-1,5.0,49.7,,5,田,—,,—,賃貸のため対象外,,2026-07-25,関心:敷金無/戸建,https://www.shizuoka.fudohsan.jp/%E7%89%A9%E4%BB%B6/172885,適合
スマイミー静岡 賃貸 伊豆の国市,伊豆の国市,賃貸戸建,賃貸カテゴリ（掲載種別）,伊豆の国市守木53-3,5.5,42.5,,5,田,—,,—,賃貸のため対象外,,2026-07-25,関心:敷金無/戸建,https://www.shizuoka.fudohsan.jp/%E7%89%A9%E4%BB%B6/112315,不適合
スマイミー静岡 賃貸 伊豆の国市,伊豆の国市,賃貸戸建,賃貸カテゴリ（掲載種別）,伊豆の国市田京692-15,4.0,50.9,,5,田,—,,—,賃貸のため対象外,,2026-07-25,関心:戸建,https://www.shizuoka.fudohsan.jp/%E7%89%A9%E4%BB%B6/156448,適合
スマイミー静岡 賃貸 伊豆の国市,伊豆の国市,賃貸アパート,賃貸カテゴリ（掲載種別）,伊豆の国市大仁732-1,4.5,34.5,,5,—,—,,—,賃貸のため対象外,,2026-08-28,,https://www.shizuoka.fudohsan.jp/%E7%89%A9%E4%BB%B6/61031,適合
スマイミー静岡 賃貸 伊豆の国市,伊豆の国市,賃貸アパート,賃貸カテゴリ（掲載種別）,伊豆の国市三福543,5.3,49.6,,5,田,—,,—,賃貸のため対象外,,2026-08-28,,https://www.shizuoka.fudohsan.jp/%E7%89%A9%E4%BB%B6/119649,不適合
スマイミー静岡 賃貸 伊豆の国市,伊豆の国市,賃貸アパート,賃貸カテゴリ（掲載種別）,伊豆の国市白山堂378,5.0,49.7,,5,田,—,,—,賃貸のため対象外,,2026-08-13,関心:礼金無,https://www.shizuoka.fudohsan.jp/%E7%89%A9%E4%BB%B6/101423,適合
スマイミー静岡 賃貸 伊豆の国市,伊豆の国市,賃貸アパート,賃貸カテゴリ（掲載種別）,伊豆の国市田京707-27,5.0,50.9,,5,田,—,,—,賃貸のため対象外,,2026-08-28,,https://www.shizuoka.fudohsan.jp/%E7%89%A9%E4%BB%B6/111418,適合
スマイミー静岡 賃貸 伊豆の国市,伊豆の国市,賃貸アパート,賃貸カテゴリ（掲載種別）,伊豆の国市田京658-12,5.4,44.7,,5,田,—,,—,賃貸のため対象外,,2026-08-28,,https://www.shizuoka.fudohsan.jp/%E7%89%A9%E4%BB%B6/115525,不適合
スマイミー静岡 賃貸 伊豆の国市,伊豆の国市,賃貸アパート,賃貸カテゴリ（掲載種別）,伊豆の国市大仁66-5,4.5,40.9,,5,—,—,,—,賃貸のため対象外,,2026-08-13,,https://www.shizuoka.fudohsan.jp/%E7%89%A9%E4%BB%B6/109513,適合
スマイミー静岡 賃貸 伊豆の国市,伊豆の国市,賃貸アパート,賃貸カテゴリ（掲載種別）,伊豆の国市大仁444,3.5,23.5,,5,—,—,,—,賃貸のため対象外,,2026-08-13,,https://www.shizuoka.fudohsan.jp/%E7%89%A9%E4%BB%B6/101417,適合
スマイミー静岡 賃貸 伊豆の国市,伊豆の国市,賃貸アパート,賃貸カテゴリ（掲載種別）,伊豆の国市四日町417-1,5.5,53.6,,5,—,—,,—,賃貸のため対象外,,2026-08-13,関心:敷金無/礼金無,https://www.shizuoka.fudohsan.jp/%E7%89%A9%E4%BB%B6/48494,不適合
スマイミー静岡 賃貸 伊豆の国市,伊豆の国市,賃貸アパート,賃貸カテゴリ（掲載種別）,伊豆の国市三福825-1,4.0,39.7,,5,—,—,,—,賃貸のため対象外,,2026-08-13,,https://www.shizuoka.fudohsan.jp/%E7%89%A9%E4%BB%B6/90888,適合
スマイミー静岡 賃貸 伊豆の国市,伊豆の国市,賃貸アパート,賃貸カテゴリ（掲載種別）,伊豆の国市田京658-13,6.9,73.7,,5,田,—,,—,賃貸のため対象外,,2026-08-13,,https://www.shizuoka.fudohsan.jp/%E7%89%A9%E4%BB%B6/166227,不適合
スマイミー静岡 賃貸 伊豆の国市,伊豆の国市,賃貸アパート,賃貸カテゴリ（掲載種別）,伊豆の国市田京647-6,5.0,46.4,,5,田,—,,—,賃貸のため対象外,,2026-08-13,,https://www.shizuoka.fudohsan.jp/%E7%89%A9%E4%BB%B6/99578,適合
スマイミー静岡 賃貸 伊豆の国市,伊豆の国市,賃貸アパート,賃貸カテゴリ（掲載種別）,伊豆の国市田京109-1,6.5,62.3,,5,田,—,,—,賃貸のため対象外,,2026-08-13,関心:礼金無,https://www.shizuoka.fudohsan.jp/%E7%89%A9%E4%BB%B6/172674,不適合
スマイミー静岡 賃貸 伊豆の国市,伊豆の国市,賃貸アパート,賃貸カテゴリ（掲載種別）,伊豆の国市田京751-5,4.2,35.5,,5,田,—,,—,賃貸のため対象外,,2026-08-13,,https://www.shizuoka.fudohsan.jp/%E7%89%A9%E4%BB%B6/125423,適合
スマイミー静岡 賃貸 伊豆の国市,伊豆の国市,賃貸アパート,賃貸カテゴリ（掲載種別）,伊豆の国市田京751-5,4.0,35.5,,5,田,—,,—,賃貸のため対象外,,2026-08-13,,https://www.shizuoka.fudohsan.jp/%E7%89%A9%E4%BB%B6/45614,適合
スマイミー静岡 賃貸 伊豆の国市,伊豆の国市,賃貸アパート,賃貸カテゴリ（掲載種別）,伊豆の国市田京658-12,5.2,44.7,,5,田,—,,—,賃貸のため対象外,,2026-08-13,,https://www.shizuoka.fudohsan.jp/%E7%89%A9%E4%BB%B6/175434,不適合
スマイミー静岡 賃貸 伊豆の国市,伊豆の国市,賃貸マンション,賃貸カテゴリ（掲載種別）,伊豆の国市田京689-1,6.2,57.8,,5,田,—,,—,賃貸のため対象外,,2026-08-28,関心:礼金無,https://www.shizuoka.fudohsan.jp/%E7%89%A9%E4%BB%B6/104031,不適合
スマイミー静岡 賃貸 伊豆の国市,伊豆の国市,賃貸マンション,賃貸カテゴリ（掲載種別）,伊豆の国市田京363-3,6.3,60.1,,5,田,—,,—,賃貸のため対象外,,2026-08-28,,https://www.shizuoka.fudohsan.jp/%E7%89%A9%E4%BB%B6/168583,不適合
スマイミー静岡 賃貸 伊豆の国市,伊豆の国市,賃貸アパート,賃貸カテゴリ（掲載種別）,伊豆の国市古奈203-1,4.8,41.4,,5,—,—,,—,賃貸のため対象外,,2026-08-28,関心:敷金無/礼金無,https://www.shizuoka.fudohsan.jp/%E7%89%A9%E4%BB%B6/116156,適合
スマイミー静岡 賃貸 伊豆の国市,伊豆の国市,賃貸アパート,賃貸カテゴリ（掲載種別）,伊豆の国市古奈203-1,4.0,20.2,,5,—,—,,—,賃貸のため対象外,,2026-08-28,関心:敷金無/礼金無,https://www.shizuoka.fudohsan.jp/%E7%89%A9%E4%BB%B6/116153,適合
スマイミー静岡 賃貸 伊豆の国市,伊豆の国市,賃貸アパート,賃貸カテゴリ（掲載種別）,伊豆の国市南條８４５－３,3.5,36.7,,5,—,—,,—,賃貸のため対象外,,2026-08-25,関心:礼金無,https://www.shizuoka.fudohsan.jp/%E7%89%A9%E4%BB%B6/61216,適合
スマイミー静岡 賃貸 伊豆の国市,伊豆の国市,賃貸アパート,賃貸カテゴリ（掲載種別）,伊豆の国市長岡916,4.0,26.5,,5,—,—,,—,賃貸のため対象外,,2026-08-25,関心:礼金無,https://www.shizuoka.fudohsan.jp/%E7%89%A9%E4%BB%B6/173591,適合
スマイミー静岡 賃貸 伊豆の国市,伊豆の国市,賃貸その他,賃貸カテゴリ（掲載種別）,伊豆の国市大仁591-2,7.0,49.9,,5,—,—,,—,賃貸のため対象外,,2026-08-21,関心:礼金無 注意:店舗,https://www.shizuoka.fudohsan.jp/%E7%89%A9%E4%BB%B6/176475,不適合
スマイミー静岡 賃貸 伊豆の国市,伊豆の国市,賃貸アパート,賃貸カテゴリ（掲載種別）,伊豆の国市四日町894,3.7,39.9,,5,—,—,,—,賃貸のため対象外,,2026-08-19,,https://www.shizuoka.fudohsan.jp/%E7%89%A9%E4%BB%B6/175248,適合
スマイミー静岡 賃貸 伊豆の国市,伊豆の国市,賃貸アパート,賃貸カテゴリ（掲載種別）,伊豆の国市南條922-1,5.7,59.0,,5,田,—,,—,賃貸のため対象外,,2026-08-19,関心:敷金無/礼金無,https://www.shizuoka.fudohsan.jp/%E7%89%A9%E4%BB%B6/84733,不適合
スマイミー静岡 賃貸 伊豆の国市,伊豆の国市,賃貸アパート,賃貸カテゴリ（掲載種別）,伊豆の国市田京351-1,5.5,50.4,,5,田,—,,—,賃貸のため対象外,,2026-08-19,関心:敷金無/礼金無,https://www.shizuoka.fudohsan.jp/%E7%89%A9%E4%BB%B6/107473,不適合
スマイミー静岡 賃貸 伊豆の国市,伊豆の国市,賃貸マンション,賃貸カテゴリ（掲載種別）,伊豆の国市四日町617-1,6.0,55.0,,5,—,—,,—,賃貸のため対象外,,2026-08-19,関心:敷金無,https://www.shizuoka.fudohsan.jp/%E7%89%A9%E4%BB%B6/85381,不適合
LIFULL 賃貸 田方郡函南町,函南町,賃貸マンション,賃貸カテゴリ（掲載種別）,静岡県田方郡函南町仁田210-3,7.9,68.8,,5,田,—,,—,賃貸のため対象外,,2026-08-28,,https://www.homes.co.jp/chintai/room/e20a902cc03ef0f0d2a75d0d5758bfea0e23896a/,不適合
LIFULL 賃貸 田方郡函南町,函南町,賃貸マンション,賃貸カテゴリ（掲載種別）,静岡県田方郡函南町仁田191-6,7.4,62.8,,5,田,—,,—,賃貸のため対象外,,2026-07-25,,https://www.homes.co.jp/chintai/room/3514647d4321c4b2c242765d48c515616b0aff22/,不適合
LIFULL 賃貸 田方郡函南町,函南町,賃貸マンション,賃貸カテゴリ（掲載種別）,静岡県田方郡函南町仁田191-6,7.4,62.8,,5,田,—,,—,賃貸のため対象外,,2026-07-25,,https://www.homes.co.jp/chintai/room/8b1b67de66268f71bd602ccbcf95b7cf58d7d7ba/,不適合
LIFULL 賃貸 田方郡函南町,函南町,賃貸マンション,賃貸カテゴリ（掲載種別）,静岡県田方郡函南町仁田191-6,7.4,62.8,,5,田,—,,—,賃貸のため対象外,,2026-08-29,,https://www.homes.co.jp/chintai/room/16eeba3808679e3beb159794f0bd6bee84099127/,不適合
LIFULL 賃貸 田方郡函南町,函南町,賃貸マンション,賃貸カテゴリ（掲載種別）,静岡県田方郡函南町仁田191-6,7.4,62.8,,5,田,—,,—,賃貸のため対象外,,2026-07-25,,https://www.homes.co.jp/chintai/room/7ed1a668cb73b1806eabcbe4112188213bb38604/,不適合
LIFULL 賃貸 田方郡函南町,函南町,賃貸マンション,賃貸カテゴリ（掲載種別）,静岡県田方郡函南町間宮,6.9,33.1,,5,田,—,,—,賃貸のため対象外,,2026-07-26,,https://www.homes.co.jp/chintai/room/508a47d86f6511faaf06755ff56df82c4b7b10c8/,不適合
LIFULL 賃貸 田方郡函南町,函南町,賃貸アパート,賃貸カテゴリ（掲載種別）,静岡県田方郡函南町柏谷,8.37,66.2,,5,田,—,,—,賃貸のため対象外,,2026-08-29,,https://www.homes.co.jp/chintai/room/f8c23f71e03d57d9b483feeda749a29900ee462a/,不適合
LIFULL 賃貸 田方郡函南町,函南町,賃貸アパート,賃貸カテゴリ（掲載種別）,静岡県田方郡函南町柏谷,7.6,54.5,,5,田,—,,—,賃貸のため対象外,,2026-08-29,,https://www.homes.co.jp/chintai/room/bc705ff8d429d3220f24759951432ec38be1fc50/,不適合
LIFULL 賃貸 田方郡函南町,函南町,賃貸アパート,賃貸カテゴリ（掲載種別）,静岡県田方郡函南町柏谷,7.6,54.5,,5,田,—,,—,賃貸のため対象外,,2026-08-29,,https://www.homes.co.jp/chintai/room/a1d309c75f15f09a25179a374db0973c87c6a77c/,不適合
LIFULL 賃貸 田方郡函南町,函南町,賃貸アパート,賃貸カテゴリ（掲載種別）,静岡県田方郡函南町柏谷,7.6,54.5,,5,田,—,,—,賃貸のため対象外,,2026-08-29,,https://www.homes.co.jp/chintai/room/7f39781078b1cdf094936695f29d6688a483b4bc/,不適合
LIFULL 賃貸 田方郡函南町,函南町,賃貸アパート,賃貸カテゴリ（掲載種別）,静岡県田方郡函南町柏谷,7.41,54.5,,5,田,—,,—,賃貸のため対象外,,2026-08-29,,https://www.homes.co.jp/chintai/room/205f5d9c40bab2b1f21f500e6bc24a0f86600a99/,不適合
LIFULL 賃貸 田方郡函南町,函南町,賃貸アパート,賃貸カテゴリ（掲載種別）,静岡県田方郡函南町柏谷,8.05,56.1,,5,田,—,,—,賃貸のため対象外,,2026-07-25,,https://www.homes.co.jp/chintai/room/4aa205cf4138d350ce15cab12aed03ff8d21a189/,不適合
LIFULL 賃貸 田方郡函南町,函南町,賃貸アパート,賃貸カテゴリ（掲載種別）,静岡県田方郡函南町間宮,7.1,45.8,,5,田,—,,—,賃貸のため対象外,,2026-08-27,,https://www.homes.co.jp/chintai/room/305258858dc77db1a968ef5772291d57b4c4c53f/,不適合
LIFULL 賃貸 田方郡函南町,函南町,賃貸アパート,賃貸カテゴリ（掲載種別）,静岡県田方郡函南町間宮,7.1,45.8,,5,田,—,,—,賃貸のため対象外,,2026-08-27,,https://www.homes.co.jp/chintai/room/bcdd03b00aa49c4558aac6ca03dab9f4cfe7a5f4/,不適合
LIFULL 賃貸 田方郡函南町,函南町,賃貸アパート,賃貸カテゴリ（掲載種別）,静岡県田方郡函南町間宮,7.1,45.8,,5,田,—,,—,賃貸のため対象外,,2026-08-28,,https://www.homes.co.jp/chintai/room/b286b8f07f38a7d5a45375b83db4b30bc507aabe/,不適合
LIFULL 賃貸 田方郡函南町,函南町,賃貸アパート,賃貸カテゴリ（掲載種別）,静岡県田方郡函南町間宮,7.1,45.8,,5,田,—,,—,賃貸のため対象外,,2026-08-28,,https://www.homes.co.jp/chintai/room/e87449a773ca5fff9242276d1fbdbb82db1ad120/,不適合
LIFULL 賃貸 田方郡函南町,函南町,賃貸アパート,賃貸カテゴリ（掲載種別）,静岡県田方郡函南町上沢,6.4,47.9,,5,田,—,,—,賃貸のため対象外,,2026-07-25,,https://www.homes.co.jp/chintai/room/50aa38b1586c74fe5bf55b442533f2aaa27f6240/,不適合
LIFULL 賃貸 田方郡函南町,函南町,賃貸アパート,賃貸カテゴリ（掲載種別）,静岡県田方郡函南町柏谷,6.5,50.3,,5,田,—,,—,賃貸のため対象外,,2026-07-25,,https://www.homes.co.jp/chintai/room/c3b58bac89fe33c3155f9b25c01f1871d03602db/,不適合
LIFULL 賃貸 田方郡函南町,函南町,賃貸アパート,賃貸カテゴリ（掲載種別）,静岡県田方郡函南町柏谷,7.4,79.6,,5,田,—,,—,賃貸のため対象外,,2026-07-25,,https://www.homes.co.jp/chintai/room/1538844b28f72943f73fe6994f0ad1d60aadf450/,不適合
LIFULL 賃貸 田方郡函南町,函南町,賃貸アパート,賃貸カテゴリ（掲載種別）,静岡県田方郡函南町間宮,7.9,67.1,,5,田,—,,—,賃貸のため対象外,,2026-07-25,,https://www.homes.co.jp/chintai/room/d9ba707e57802e16ef1698206e7f9a5e4d068600/,不適合
LIFULL 賃貸 田方郡函南町,函南町,賃貸アパート,賃貸カテゴリ（掲載種別）,静岡県田方郡函南町間宮,7.5,52.4,,5,田,—,,—,賃貸のため対象外,,2026-08-19,,https://www.homes.co.jp/chintai/room/f73ced1b6c9941368e449b1bc55d4d2b2f9b1b81/,不適合
LIFULL 賃貸 田方郡函南町,函南町,賃貸アパート,賃貸カテゴリ（掲載種別）,静岡県田方郡函南町間宮,7.5,58.4,,5,田,—,,—,賃貸のため対象外,,2026-07-25,,https://www.homes.co.jp/chintai/room/2e3b952d688c90061752bc3d32bc9ea3f46d4129/,不適合
LIFULL 賃貸 田方郡函南町,函南町,賃貸アパート,賃貸カテゴリ（掲載種別）,静岡県田方郡函南町上沢,7.3,62.1,,5,田,—,,—,賃貸のため対象外,,2026-08-07,,https://www.homes.co.jp/chintai/room/f77f338972f9c98da03807d8e77b83f86f657842/,不適合
LIFULL 賃貸 田方郡函南町,函南町,賃貸アパート,賃貸カテゴリ（掲載種別）,静岡県田方郡函南町上沢,7.3,61.8,,5,田,—,,—,賃貸のため対象外,,2026-08-20,,https://www.homes.co.jp/chintai/room/0f3180d6e28081ab2851f23c4daabcf8e34e2819/,不適合
LIFULL 賃貸 田方郡函南町,函南町,賃貸マンション,賃貸カテゴリ（掲載種別）,静岡県田方郡函南町間宮,6.9,79.6,,5,田,—,,—,賃貸のため対象外,,2026-08-29,,https://www.homes.co.jp/chintai/room/b9a31fc1c57f7b0d3eaa0e9dddac1758850a1a0a/,不適合
LIFULL 賃貸 田方郡函南町,函南町,賃貸マンション,賃貸カテゴリ（掲載種別）,静岡県田方郡函南町間宮,6.8,79.6,,5,田,—,,—,賃貸のため対象外,,2026-08-29,,https://www.homes.co.jp/chintai/room/72c4391888a73a87f6716cdac2749824a2042823/,不適合
LIFULL 賃貸 田方郡函南町,函南町,賃貸マンション,賃貸カテゴリ（掲載種別）,静岡県田方郡函南町間宮,6.7,55.7,,5,田,—,,—,賃貸のため対象外,,2026-08-20,,https://www.homes.co.jp/chintai/room/66bbdbd3f5da6aa3c491570ce7c84d01f645fe6d/,不適合
LIFULL 賃貸 田方郡函南町,函南町,賃貸マンション,賃貸カテゴリ（掲載種別）,静岡県田方郡函南町間宮,6.9,79.6,,5,田,—,,—,賃貸のため対象外,,2026-07-27,,https://www.homes.co.jp/chintai/room/1f9f89de9bd6ed01d06037b0611384f295db4d53/,不適合
LIFULL 賃貸 田方郡函南町,函南町,賃貸マンション,賃貸カテゴリ（掲載種別）,静岡県田方郡函南町間宮,6.8,79.6,,5,田,—,,—,賃貸のため対象外,,2026-07-27,,https://www.homes.co.jp/chintai/room/e2b1b26aa8ed3b1b7cd47da9e2fd9dca1b283ceb/,不適合
LIFULL 賃貸 田方郡函南町,函南町,賃貸マンション,賃貸カテゴリ（掲載種別）,静岡県田方郡函南町上沢,6.4,60.8,,5,田,—,,—,賃貸のため対象外,,2026-08-22,,https://www.homes.co.jp/chintai/room/7d071ba482f78eb027296fe3422aefdc596dd5ef/,不適合
LIFULL 賃貸 田方郡函南町,函南町,賃貸マンション,賃貸カテゴリ（掲載種別）,静岡県田方郡函南町上沢,6.4,60.8,,5,田,—,,—,賃貸のため対象外,,2026-08-22,,https://www.homes.co.jp/chintai/room/eb78494bdaf0c4520336bdcb6cf784913f9274e8/,不適合
LIFULL 賃貸 田方郡函南町,函南町,賃貸マンション,賃貸カテゴリ（掲載種別）,静岡県田方郡函南町平井,6.2,53.0,,5,田,—,,—,賃貸のため対象外,,2026-08-29,,https://www.homes.co.jp/chintai/room/952f8202e2cb01102aa9654f657b34329be216ae/,不適合
LIFULL 賃貸 田方郡函南町,函南町,賃貸マンション,賃貸カテゴリ（掲載種別）,静岡県田方郡函南町平井,6.2,53.0,,5,田,—,,—,賃貸のため対象外,,2026-08-29,,https://www.homes.co.jp/chintai/room/53121b25aa43642aad47c43b62b2adcc0d2a36dc/,不適合
LIFULL 賃貸 田方郡函南町,函南町,賃貸マンション,賃貸カテゴリ（掲載種別）,静岡県田方郡函南町平井,6.2,53.0,,5,田,—,,—,賃貸のため対象外,,2026-08-29,,https://www.homes.co.jp/chintai/room/74a61d076eb7afc8a59e2591da891dbab0935b7b/,不適合
LIFULL 賃貸 田方郡函南町,函南町,賃貸マンション,賃貸カテゴリ（掲載種別）,静岡県田方郡函南町平井,6.2,53.0,,5,田,—,,—,賃貸のため対象外,,2026-08-20,,https://www.homes.co.jp/chintai/room/54deac5e062c13f016e98cc8a1ca4c5f52019a5f/,不適合
LIFULL 賃貸 田方郡函南町,函南町,賃貸マンション,賃貸カテゴリ（掲載種別）,静岡県田方郡函南町平井,6.2,53.0,,5,田,—,,—,賃貸のため対象外,,2026-08-20,,https://www.homes.co.jp/chintai/room/6422dbc807f71ad1f3b84b650adbba3e1297081d/,不適合
LIFULL 賃貸 田方郡函南町,函南町,賃貸戸建,賃貸カテゴリ（掲載種別）,静岡県田方郡函南町柏谷,12.0,104.4,,5,田,—,,—,賃貸のため対象外,,2026-07-27,,https://www.homes.co.jp/chintai/room/ab4da9ca784af49596403323ac7f4456b6249e91/,不適合
LIFULL 賃貸 田方郡函南町,函南町,賃貸マンション,賃貸カテゴリ（掲載種別）,静岡県田方郡函南町大土肥,6.6,66.2,,5,田,—,,—,賃貸のため対象外,,2026-07-27,,https://www.homes.co.jp/chintai/room/8ddddbe22db1efc5a8a55bf5995e17daba3da3fb/,不適合
LIFULL 賃貸 田方郡函南町,函南町,賃貸マンション,賃貸カテゴリ（掲載種別）,静岡県田方郡函南町仁田,6.5,53.7,,5,田,—,,—,賃貸のため対象外,,2026-08-22,,https://www.homes.co.jp/chintai/room/3fcaf15b92c3bae833665f991962cfa046ebe3bd/,不適合
LIFULL 賃貸 田方郡函南町,函南町,賃貸マンション,賃貸カテゴリ（掲載種別）,静岡県田方郡函南町仁田,6.5,53.7,,5,田,—,,—,賃貸のため対象外,,2026-08-22,,https://www.homes.co.jp/chintai/room/76ea094cdffcb1bea3423649a971d4a01af13ea1/,不適合
LIFULL 賃貸 田方郡函南町,函南町,賃貸マンション,賃貸カテゴリ（掲載種別）,静岡県田方郡函南町仁田,8.8,76.0,,5,田,—,,—,賃貸のため対象外,,2026-07-27,,https://www.homes.co.jp/chintai/room/8b101a2c391f78a1b989696cbbde2578dffd7057/,不適合
LIFULL 賃貸 田方郡函南町,函南町,賃貸マンション,賃貸カテゴリ（掲載種別）,静岡県田方郡函南町仁田,8.8,76.0,,5,田,—,,—,賃貸のため対象外,,2026-08-19,,https://www.homes.co.jp/chintai/room/4b5564fd2530a643de7675a6939212f56cb2b01a/,不適合
LIFULL 賃貸 田方郡函南町,函南町,賃貸マンション,賃貸カテゴリ（掲載種別）,静岡県田方郡函南町仁田,7.0,68.7,,5,田,—,,—,賃貸のため対象外,,2026-07-27,,https://www.homes.co.jp/chintai/room/1fd632f63390f9a8095600a5fc82e970c08aa43c/,不適合
LIFULL 賃貸 田方郡函南町,函南町,賃貸マンション,賃貸カテゴリ（掲載種別）,静岡県田方郡函南町仁田,7.0,67.7,,5,田,—,,—,賃貸のため対象外,,2026-08-21,,https://www.homes.co.jp/chintai/room/852e1de0ee459d6b4287737748bb18801caba672/,不適合
LIFULL 賃貸 田方郡函南町,函南町,賃貸マンション,賃貸カテゴリ（掲載種別）,静岡県田方郡函南町仁田,7.0,68.7,,5,田,—,,—,賃貸のため対象外,,2026-08-21,,https://www.homes.co.jp/chintai/room/341257c48414326bc12812916e496169ed44286e/,不適合
LIFULL 賃貸 田方郡函南町,函南町,賃貸マンション,賃貸カテゴリ（掲載種別）,静岡県田方郡函南町大土肥,6.4,65.0,,5,田,—,,—,賃貸のため対象外,,2026-07-27,,https://www.homes.co.jp/chintai/room/bbd3353d43302da5a7dd501733f2738c2088a075/,不適合
LIFULL 賃貸 田方郡函南町,函南町,賃貸マンション,賃貸カテゴリ（掲載種別）,静岡県田方郡函南町大土肥,6.4,63.6,,5,田,—,,—,賃貸のため対象外,,2026-07-27,,https://www.homes.co.jp/chintai/room/65b2b1430d2512987fac79f289e349839de5d14a/,不適合
LIFULL 賃貸 田方郡函南町,函南町,賃貸マンション,賃貸カテゴリ（掲載種別）,静岡県田方郡函南町大土肥,6.4,63.5,,5,田,—,,—,賃貸のため対象外,,2026-08-29,,https://www.homes.co.jp/chintai/room/9a2638e8eb249dd4d4780d12c0c4ae98b6c8a7ee/,不適合
LIFULL 賃貸 田方郡函南町,函南町,賃貸マンション,賃貸カテゴリ（掲載種別）,静岡県田方郡函南町大土肥,6.4,63.6,,5,田,—,,—,賃貸のため対象外,,2026-07-27,,https://www.homes.co.jp/chintai/room/2fcf465a62764731760c3e5ceb4b60fed6c8ce08/,不適合
LIFULL 賃貸 田方郡函南町,函南町,賃貸マンション,賃貸カテゴリ（掲載種別）,静岡県田方郡函南町大土肥,6.4,63.5,,5,田,—,,—,賃貸のため対象外,,2026-07-27,,https://www.homes.co.jp/chintai/room/d64561bb0378e34bbf0b05a63d92906ba76ae2a6/,不適合
LIFULL 賃貸 田方郡函南町,函南町,賃貸アパート,賃貸カテゴリ（掲載種別）,静岡県田方郡函南町間宮,6.7,70.0,,5,田,—,,—,賃貸のため対象外,,2026-08-20,,https://www.homes.co.jp/chintai/room/d016494ccaa58e3fdc87524b7493a7457d110886/,不適合
LIFULL 賃貸 田方郡函南町,函南町,賃貸マンション,賃貸カテゴリ（掲載種別）,静岡県田方郡函南町大土肥,7.2,76.0,,5,田,—,,—,賃貸のため対象外,,2026-07-28,,https://www.homes.co.jp/chintai/room/d8bc20453da06d0fb10da0d46ed163389e132783/,不適合
LIFULL 賃貸 田方郡函南町,函南町,賃貸マンション,賃貸カテゴリ（掲載種別）,静岡県田方郡函南町大土肥,6.4,71.7,,5,田,—,,—,賃貸のため対象外,,2026-08-03,,https://www.homes.co.jp/chintai/room/6e368e0d7b2ee966f946cd781855eabaf6bbd901/,不適合
LIFULL 賃貸 田方郡函南町,函南町,賃貸マンション,賃貸カテゴリ（掲載種別）,静岡県田方郡函南町大土肥,6.8,66.2,,5,田,—,,—,賃貸のため対象外,,2026-07-28,,https://www.homes.co.jp/chintai/room/56657367480b6615b4965cdd2115263374cc4b98/,不適合
LIFULL 賃貸 田方郡函南町,函南町,賃貸マンション,賃貸カテゴリ（掲載種別）,静岡県田方郡函南町大土肥,7.0,66.2,,5,田,—,,—,賃貸のため対象外,,2026-07-28,,https://www.homes.co.jp/chintai/room/0da6d5a43ab2882ca1f36c1acfa4955b4a3f0358/,不適合
LIFULL 賃貸 田方郡函南町,函南町,賃貸マンション,賃貸カテゴリ（掲載種別）,静岡県田方郡函南町大土肥,7.6,60.5,,5,田,—,,—,賃貸のため対象外,,2026-07-30,,https://www.homes.co.jp/chintai/room/682ae10776e1c6b7e3e04d2407ad3a34a346af1d/,不適合
LIFULL 賃貸 田方郡函南町,函南町,賃貸マンション,賃貸カテゴリ（掲載種別）,静岡県田方郡函南町大土肥,7.6,60.5,,5,田,—,,—,賃貸のため対象外,,2026-07-30,,https://www.homes.co.jp/chintai/room/a29cd0b72fff9ad5f5ada84593e03a70c8a31eaa/,不適合
LIFULL 賃貸 田方郡函南町,函南町,賃貸マンション,賃貸カテゴリ（掲載種別）,静岡県田方郡函南町大土肥,7.4,60.5,,5,田,—,,—,賃貸のため対象外,,2026-07-30,,https://www.homes.co.jp/chintai/room/8d6a86d4bc0962fb61d2cb9f0d81fc35653d245f/,不適合
LIFULL 賃貸 田方郡函南町,函南町,賃貸マンション,賃貸カテゴリ（掲載種別）,静岡県田方郡函南町大土肥,7.4,60.5,,5,田,—,,—,賃貸のため対象外,,2026-07-30,,https://www.homes.co.jp/chintai/room/6b62931fb083efac6a43711a9c3a660e67679e39/,不適合
LIFULL 賃貸 田方郡函南町,函南町,賃貸マンション,賃貸カテゴリ（掲載種別）,静岡県田方郡函南町大土肥,7.8,60.5,,5,田,—,,—,賃貸のため対象外,,2026-07-30,,https://www.homes.co.jp/chintai/room/b103e52860be5a27d2d2e86e45476566ed3463f1/,不適合
LIFULL 賃貸 田方郡函南町,函南町,賃貸マンション,賃貸カテゴリ（掲載種別）,静岡県田方郡函南町間宮,6.3,52.0,,5,田,—,,—,賃貸のため対象外,,2026-08-01,,https://www.homes.co.jp/chintai/room/17a7f008c2b4e4244ead9eabc16f61c66b6e42e7/,不適合
LIFULL 賃貸 田方郡函南町,函南町,賃貸マンション,賃貸カテゴリ（掲載種別）,静岡県田方郡函南町間宮,6.2,52.0,,5,田,—,,—,賃貸のため対象外,,2026-08-01,,https://www.homes.co.jp/chintai/room/82b7954903185f6b3be32875aea8b9c5ccaacc52/,不適合
LIFULL 賃貸 田方郡函南町,函南町,賃貸マンション,賃貸カテゴリ（掲載種別）,静岡県田方郡函南町塚本,6.0,53.3,,5,田,—,,—,賃貸のため対象外,,2026-08-20,,https://www.homes.co.jp/chintai/room/94add63efe327cfa2e4725635d65fced15140147/,不適合
SUUMO 土地 沼津市,沼津市,更地,土地カテゴリ（建物表記なし）,静岡県沼津市寿町943-2他,2280,155.7,48.4,1500,—,—,,不明,接道・区分情報なし、詳細/役場で要確認,,2026-06-17,,https://suumo.jp/tochi/shizuoka/sc_numazu/nc_76794185/,不適合
SUUMO 土地 沼津市,沼津市,更地,土地カテゴリ（建物表記なし）,静岡県沼津市下香貫533-1の内,1134,156.1,24.0,1500,宅地,—,,不明,接道・区分情報なし、詳細/役場で要確認,,2026-07-30,,https://suumo.jp/tochi/shizuoka/sc_numazu/nc_75495354/,不適合
SUUMO 土地 沼津市,沼津市,更地,土地カテゴリ（建物表記なし）,静岡県沼津市岡宮,1450,166.7,28.8,1500,—,—,,不明,接道・区分情報なし、詳細/役場で要確認,,2026-08-28,,https://suumo.jp/tochi/shizuoka/sc_numazu/nc_77542585/,不適合
SUUMO 土地 沼津市,沼津市,更地,土地カテゴリ（建物表記なし）,静岡県沼津市岡宮,1690,152.6,36.6,1500,—,—,,不明,接道・区分情報なし、詳細/役場で要確認,,2026-08-28,,https://suumo.jp/tochi/shizuoka/sc_numazu/nc_76931185/,不適合
SUUMO 土地 沼津市,沼津市,更地,土地カテゴリ（建物表記なし）,静岡県沼津市岡宮,1740,173.7,33.1,1500,—,—,,不明,接道・区分情報なし、詳細/役場で要確認,,2026-06-17,,https://suumo.jp/tochi/shizuoka/sc_numazu/nc_78717051/,不適合
SUUMO 土地 沼津市,沼津市,更地,土地カテゴリ（建物表記なし）,静岡県沼津市西熊堂字久保３５３－１１,1980,167.3,39.1,1500,—,—,,不明,接道・区分情報なし、詳細/役場で要確認,,2026-06-17,,https://suumo.jp/tochi/shizuoka/sc_numazu/nc_20524045/,不適合
SUUMO 土地 沼津市,沼津市,更地,土地カテゴリ（建物表記なし）,静岡県沼津市本田町197-23他,2500,157.5,52.5,1500,田,—,,不明,接道・区分情報なし、詳細/役場で要確認,,2026-06-17,,https://suumo.jp/tochi/shizuoka/sc_numazu/nc_79036503/,不適合
SUUMO 土地 沼津市,沼津市,更地,土地カテゴリ（建物表記なし）,静岡県沼津市足高,1000,207.8,15.9,1500,—,—,,不明,接道・区分情報なし、詳細/役場で要確認,,2026-06-17,,https://suumo.jp/tochi/shizuoka/sc_numazu/nc_21065417/,不適合
SUUMO 土地 沼津市,沼津市,更地,土地カテゴリ（建物表記なし）,静岡県沼津市岡宮,1760,177.7,32.7,1500,宅地,—,,不明,接道・区分情報なし、詳細/役場で要確認,,2026-07-06,,https://suumo.jp/tochi/shizuoka/sc_numazu/nc_78859801/,不適合
SUUMO 土地 沼津市,沼津市,更地,土地カテゴリ（建物表記なし）,静岡県沼津市岡宮６３８－３他,1950,165.5,39.0,1500,宅地,—,,不明,接道・区分情報なし、詳細/役場で要確認,,2026-07-27,,https://suumo.jp/tochi/shizuoka/sc_numazu/nc_74907487/,不適合
SUUMO 土地 沼津市,沼津市,更地,土地カテゴリ（建物表記なし）,静岡県沼津市平沼,840,448.7,6.2,1500,—,—,,不明,接道・区分情報なし、詳細/役場で要確認,,2026-07-17,,https://suumo.jp/tochi/shizuoka/sc_numazu/nc_21309960/,適合
SUUMO 土地 沼津市,沼津市,更地,土地カテゴリ（建物表記なし）,静岡県沼津市志下,1100,485.9,7.5,1500,宅地,—,,不明,接道・区分情報なし、詳細/役場で要確認,,2026-06-17,,https://suumo.jp/tochi/shizuoka/sc_numazu/nc_20671314/,適合
SUUMO 土地 沼津市,沼津市,更地,土地カテゴリ（建物表記なし）,静岡県沼津市西島町,1350,218.2,20.5,1500,—,—,,不明,接道・区分情報なし、詳細/役場で要確認,,2026-06-17,,https://suumo.jp/tochi/shizuoka/sc_numazu/nc_78937355/,不適合
SUUMO 土地 沼津市,沼津市,更地,土地カテゴリ（建物表記なし）,静岡県沼津市山王台,1600,162.6,32.5,1500,—,—,,不明,接道・区分情報なし、詳細/役場で要確認,,2026-06-17,,https://suumo.jp/tochi/shizuoka/sc_numazu/nc_78139490/,不適合
SUUMO 土地 沼津市,沼津市,更地,土地カテゴリ（建物表記なし）,静岡県沼津市下香貫前原,7180,1188.8,20.0,1500,—,—,,不明,接道・区分情報なし、詳細/役場で要確認,,2026-06-17,,https://suumo.jp/tochi/shizuoka/sc_numazu/nc_78937350/,不適合
SUUMO 土地 沼津市,沼津市,更地,土地カテゴリ（建物表記なし）,静岡県沼津市小諏訪,279,308.0,3.0,1500,—,—,,不明,接道・区分情報なし、詳細/役場で要確認,,2026-06-17,,https://suumo.jp/tochi/shizuoka/sc_numazu/nc_74310057/,不適合
SUUMO 土地 沼津市,沼津市,更地,土地カテゴリ（建物表記なし）,静岡県沼津市下香貫柿原,320,160.7,6.6,1500,—,—,,不明,接道・区分情報なし、詳細/役場で要確認,,2026-07-30,,https://suumo.jp/tochi/shizuoka/sc_numazu/nc_75867140/,不適合
SUUMO 土地 沼津市,沼津市,更地,土地カテゴリ（建物表記なし）,静岡県沼津市市道町14-5,350,60.3,19.2,1500,—,—,,不明,接道・区分情報なし、詳細/役場で要確認,,2026-07-30,,https://suumo.jp/tochi/shizuoka/sc_numazu/nc_21390895/,不適合
SUUMO 土地 沼津市,沼津市,更地,土地カテゴリ（建物表記なし）,静岡県沼津市小諏訪,350,92.6,12.5,1500,—,—,,不明,接道・区分情報なし、詳細/役場で要確認,,2026-06-17,,https://suumo.jp/tochi/shizuoka/sc_numazu/nc_77793449/,不適合
SUUMO 土地 沼津市,沼津市,更地,土地カテゴリ（建物表記なし）,静岡県沼津市足高,380,231.4,5.4,1500,—,—,,不明,接道・区分情報なし、詳細/役場で要確認,,2026-07-30,,https://suumo.jp/tochi/shizuoka/sc_numazu/nc_21390929/,不適合
SUUMO 土地 沼津市,沼津市,更地,土地カテゴリ（建物表記なし）,静岡県沼津市志下,380,251.0,5.0,1500,—,—,,不明,接道・区分情報なし、詳細/役場で要確認,,2026-06-17,,https://suumo.jp/tochi/shizuoka/sc_numazu/nc_75325373/,不適合
SUUMO 土地 沼津市,沼津市,更地,土地カテゴリ（建物表記なし）,静岡県沼津市市道町,390,112.0,11.5,1500,—,—,,不明,接道・区分情報なし、詳細/役場で要確認,,2026-06-17,,https://suumo.jp/tochi/shizuoka/sc_numazu/nc_79217136/,不適合
SUUMO 土地 沼津市,沼津市,更地,土地カテゴリ（建物表記なし）,静岡県沼津市戸田,390,166.5,7.7,1500,田,—,,不明,接道・区分情報なし、詳細/役場で要確認,,2026-08-16,,https://suumo.jp/tochi/shizuoka/sc_numazu/nc_21501056/,不適合
SUUMO 土地 沼津市,沼津市,更地,土地カテゴリ（建物表記なし）,静岡県沼津市大岡,398,56.0,23.5,1500,—,—,,不明,接道・区分情報なし、詳細/役場で要確認,,2026-07-23,,https://suumo.jp/tochi/shizuoka/sc_numazu/nc_21344037/,不適合
SUUMO 土地 沼津市,沼津市,更地,土地カテゴリ（建物表記なし）,静岡県沼津市西間門,400,64.1,20.6,1500,—,—,,不明,接道・区分情報なし、詳細/役場で要確認,,2026-07-13,,https://suumo.jp/tochi/shizuoka/sc_numazu/nc_21284384/,不適合
SUUMO 土地 沼津市,沼津市,更地,土地カテゴリ（建物表記なし）,静岡県沼津市高砂町,450,65.8,22.6,1500,—,—,,不明,接道・区分情報なし、詳細/役場で要確認,,2026-06-17,,https://suumo.jp/tochi/shizuoka/sc_numazu/nc_76747984/,不適合
SUUMO 土地 沼津市,沼津市,更地,土地カテゴリ（建物表記なし）,静岡県沼津市高砂町,450,65.8,22.6,1500,—,—,,不明,接道・区分情報なし、詳細/役場で要確認,,2026-07-27,,https://suumo.jp/tochi/shizuoka/sc_numazu/nc_97390221/,不適合
SUUMO 土地 沼津市,沼津市,更地,土地カテゴリ（建物表記なし）,静岡県沼津市戸田,480,859.3,1.8,1500,田,—,,不明,接道・区分情報なし、詳細/役場で要確認,,2026-08-18,,https://suumo.jp/tochi/shizuoka/sc_numazu/nc_21512471/,適合
SUUMO 土地 沼津市,沼津市,更地,土地カテゴリ（建物表記なし）,静岡県沼津市石川,490,309.6,5.2,1500,—,—,,不明,接道・区分情報なし、詳細/役場で要確認,,2026-06-17,,https://suumo.jp/tochi/shizuoka/sc_numazu/nc_96975964/,不適合
SUUMO 土地 沼津市,沼津市,更地,土地カテゴリ（建物表記なし）,静岡県沼津市大平,498,151.9,10.8,1500,田,—,,不明,接道・区分情報なし、詳細/役場で要確認,,2026-06-17,,https://suumo.jp/tochi/shizuoka/sc_numazu/nc_91502801/,不適合
SUUMO 土地 沼津市,沼津市,古家付き土地,土地＋古家/上物の表記,静岡県沼津市根古屋,500,148.8,11.1,1500,—,—,,不明,接道・区分情報なし。建物ありだが現行法での再建築可否は役場で要確認,,2026-07-27,,https://suumo.jp/tochi/shizuoka/sc_numazu/nc_97479775/,不適合
SUUMO 土地 沼津市,沼津市,更地,土地カテゴリ（建物表記なし）,静岡県沼津市石川,550,145.7,12.5,1500,—,—,,不明,接道・区分情報なし、詳細/役場で要確認,,2026-06-17,,https://suumo.jp/tochi/shizuoka/sc_numazu/nc_75839318/,不適合
SUUMO 土地 沼津市,沼津市,更地,土地カテゴリ（建物表記なし）,静岡県沼津市下香貫大久保,580,197.0,9.7,1500,—,—,,不明,接道・区分情報なし、詳細/役場で要確認,,2026-06-17,,https://suumo.jp/tochi/shizuoka/sc_numazu/nc_20512806/,不適合
SUUMO 土地 沼津市,沼津市,更地,土地カテゴリ（建物表記なし）,静岡県沼津市下香貫宮原,580,113.1,17.0,1500,—,—,,不明,接道・区分情報なし、詳細/役場で要確認,,2026-06-17,,https://suumo.jp/tochi/shizuoka/sc_numazu/nc_79211058/,不適合
SUUMO 土地 沼津市,沼津市,更地,土地カテゴリ（建物表記なし）,静岡県沼津市東原,580,175.7,10.9,1500,—,—,,不明,接道・区分情報なし、詳細/役場で要確認,,2026-07-27,,https://suumo.jp/tochi/shizuoka/sc_numazu/nc_76799662/,不適合
SUUMO 土地 沼津市,沼津市,更地,土地カテゴリ（建物表記なし）,静岡県沼津市寿町,600,56.0,35.4,1500,—,—,,不明,接道・区分情報なし、詳細/役場で要確認,,2026-06-17,,https://suumo.jp/tochi/shizuoka/sc_numazu/nc_70958807/,不適合
SUUMO 土地 沼津市,沼津市,更地,土地カテゴリ（建物表記なし）,静岡県沼津市寿町,600,56.0,35.4,1500,—,—,,不明,接道・区分情報なし、詳細/役場で要確認,,2026-07-27,,https://suumo.jp/tochi/shizuoka/sc_numazu/nc_71879235/,不適合
SUUMO 土地 沼津市,沼津市,更地,土地カテゴリ（建物表記なし）,静岡県沼津市東椎路,650,88.4,24.3,1500,—,—,,不明,接道・区分情報なし、詳細/役場で要確認,,2026-06-17,,https://suumo.jp/tochi/shizuoka/sc_numazu/nc_74456530/,不適合
SUUMO 土地 沼津市,沼津市,更地,土地カテゴリ（建物表記なし）,静岡県沼津市大塚,650,226.4,9.5,1500,—,—,,不明,接道・区分情報なし、詳細/役場で要確認,,2026-06-17,,https://suumo.jp/tochi/shizuoka/sc_numazu/nc_78936988/,不適合
SUUMO 土地 沼津市,沼津市,古家付き土地,土地＋古家/上物の表記,静岡県沼津市根古屋,650,200.3,10.7,1500,—,—,,不明,接道・区分情報なし。建物ありだが現行法での再建築可否は役場で要確認,,2026-07-03,,https://suumo.jp/tochi/shizuoka/sc_numazu/nc_20431435/,不適合
SUUMO 土地 沼津市,沼津市,古家付き土地,土地＋古家/上物の表記,静岡県沼津市根古屋,650,200.3,10.7,1500,—,—,,不明,接道・区分情報なし。建物ありだが現行法での再建築可否は役場で要確認,,2026-07-04,,https://suumo.jp/tochi/shizuoka/sc_numazu/nc_20438778/,不適合
SUUMO 土地 沼津市,沼津市,更地,土地カテゴリ（建物表記なし）,静岡県沼津市西間門,680,188.0,12.0,1500,—,—,,不明,接道・区分情報なし、詳細/役場で要確認,,2026-06-17,,https://suumo.jp/tochi/shizuoka/sc_numazu/nc_20897045/,不適合
SUUMO 土地 沼津市,沼津市,更地,土地カテゴリ（建物表記なし）,静岡県沼津市八幡町,680,80.3,28.0,1500,—,—,,不明,接道・区分情報なし、詳細/役場で要確認,,2026-06-17,,https://suumo.jp/tochi/shizuoka/sc_numazu/nc_75642328/,不適合
SUUMO 土地 沼津市,沼津市,更地,土地カテゴリ（建物表記なし）,静岡県沼津市大平1525-2,700,199.0,11.6,1500,—,—,,不明,接道・区分情報なし、詳細/役場で要確認,,2026-06-17,,https://suumo.jp/tochi/shizuoka/sc_numazu/nc_95748913/,不適合
SUUMO 土地 沼津市,沼津市,更地,土地カテゴリ（建物表記なし）,静岡県沼津市常盤町２,700,115.0,20.1,1500,—,—,,不明,接道・区分情報なし、詳細/役場で要確認,,2026-06-17,,https://suumo.jp/tochi/shizuoka/sc_numazu/nc_20867731/,不適合
SUUMO 土地 沼津市,沼津市,更地,土地カテゴリ（建物表記なし）,静岡県沼津市上香貫八重,700,105.8,21.9,1500,—,—,,不明,接道・区分情報なし、詳細/役場で要確認,,2026-07-04,,https://suumo.jp/tochi/shizuoka/sc_numazu/nc_21217304/,不適合
SUUMO 土地 沼津市,沼津市,更地,土地カテゴリ（建物表記なし）,静岡県沼津市大平2874-545,760,209.8,12.0,1500,田,—,,不明,接道・区分情報なし、詳細/役場で要確認,,2026-06-17,,https://suumo.jp/tochi/shizuoka/sc_numazu/nc_78392963/,不適合
SUUMO 土地 沼津市,沼津市,更地,土地カテゴリ（建物表記なし）,静岡県沼津市原,780,300.2,8.6,1500,—,—,,不明,接道・区分情報なし、詳細/役場で要確認,,2026-06-17,,https://suumo.jp/tochi/shizuoka/sc_numazu/nc_77154533/,不適合
SUUMO 土地 沼津市,沼津市,更地,土地カテゴリ（建物表記なし）,静岡県沼津市西間門,780,191.0,13.5,1500,—,—,,不明,接道・区分情報なし、詳細/役場で要確認,,2026-07-30,,https://suumo.jp/tochi/shizuoka/sc_numazu/nc_77750894/,不適合
SUUMO 土地 沼津市,沼津市,更地,土地カテゴリ（建物表記なし）,静岡県沼津市下香貫大久保,780,158.7,16.2,1500,宅地,—,,不明,接道・区分情報なし、詳細/役場で要確認,,2026-07-27,,https://suumo.jp/tochi/shizuoka/sc_numazu/nc_96721587/,不適合
SUUMO 土地 沼津市,沼津市,更地,土地カテゴリ（建物表記なし）,静岡県沼津市八幡町,800,72.6,36.4,1500,—,—,,不明,接道・区分情報なし、詳細/役場で要確認,,2026-06-17,,https://suumo.jp/tochi/shizuoka/sc_numazu/nc_77118002/,不適合
SUUMO 土地 沼津市,沼津市,更地,土地カテゴリ（建物表記なし）,静岡県沼津市内浦重寺,800,144.0,18.4,1500,—,—,,不明,接道・区分情報なし、詳細/役場で要確認,,2026-06-17,,https://suumo.jp/tochi/shizuoka/sc_numazu/nc_77117996/,不適合
SUUMO 土地 沼津市,沼津市,更地,土地カテゴリ（建物表記なし）,静岡県沼津市西間門,800,166.1,15.9,1500,—,—,,不明,接道・区分情報なし、詳細/役場で要確認,,2026-06-17,,https://suumo.jp/tochi/shizuoka/sc_numazu/nc_77866500/,不適合
SUUMO 土地 沼津市,沼津市,更地,土地カテゴリ（建物表記なし）,静岡県沼津市青野,800,251.1,10.5,1500,—,—,,不明,接道・区分情報なし、詳細/役場で要確認,,2026-06-17,,https://suumo.jp/tochi/shizuoka/sc_numazu/nc_20701652/,不適合
SUUMO 土地 沼津市,沼津市,古家付き土地,土地＋古家/上物の表記,静岡県沼津市根古屋,840,165.3,16.8,1500,—,—,,不明,接道・区分情報なし。建物ありだが現行法での再建築可否は役場で要確認,,2026-06-17,,https://suumo.jp/tochi/shizuoka/sc_numazu/nc_78409667/,不適合
SUUMO 土地 沼津市,沼津市,更地,土地カテゴリ（建物表記なし）,静岡県沼津市上香貫九十九洞,840,142.0,19.6,1500,—,—,,不明,接道・区分情報なし、詳細/役場で要確認,,2026-06-17,,https://suumo.jp/tochi/shizuoka/sc_numazu/nc_20069770/,不適合
SUUMO 土地 沼津市,沼津市,更地,土地カテゴリ（建物表記なし）,静岡県沼津市東椎路1303-37,850,115.7,24.3,1500,—,—,,不明,接道・区分情報なし、詳細/役場で要確認,,2026-08-29,,https://suumo.jp/tochi/shizuoka/sc_numazu/nc_73896964/,不適合
SUUMO 土地 沼津市,沼津市,更地,土地カテゴリ（建物表記なし）,静岡県沼津市大岡,880,103.4,28.1,1500,—,—,,不明,接道・区分情報なし、詳細/役場で要確認,,2026-06-17,,https://suumo.jp/tochi/shizuoka/sc_numazu/nc_74720703/,不適合
SUUMO 土地 沼津市,沼津市,更地,土地カテゴリ（建物表記なし）,静岡県沼津市大岡,890,151.5,19.4,1500,—,—,,不明,接道・区分情報なし、詳細/役場で要確認,,2026-06-17,,https://suumo.jp/tochi/shizuoka/sc_numazu/nc_74388767/,不適合
SUUMO 土地 沼津市,沼津市,更地,土地カテゴリ（建物表記なし）,静岡県沼津市東椎路,900,152.2,19.5,1500,—,—,,不明,接道・区分情報なし、詳細/役場で要確認,,2026-07-13,,https://suumo.jp/tochi/shizuoka/sc_numazu/nc_21284385/,不適合
SUUMO 土地 沼津市,沼津市,更地,土地カテゴリ（建物表記なし）,静岡県沼津市下香貫八重50-25,930,165.0,18.6,1500,—,—,,不明,接道・区分情報なし、詳細/役場で要確認,,2026-06-28,,https://suumo.jp/tochi/shizuoka/sc_numazu/nc_21168094/,不適合
SUUMO 土地 沼津市,沼津市,更地,土地カテゴリ（建物表記なし）,静岡県沼津市大岡,950,132.3,23.7,1500,—,—,,不明,接道・区分情報なし、詳細/役場で要確認,,2026-06-17,,https://suumo.jp/tochi/shizuoka/sc_numazu/nc_74700206/,不適合
SUUMO 土地 沼津市,沼津市,更地,土地カテゴリ（建物表記なし）,静岡県沼津市東椎路116-11,950,158.7,19.8,1500,—,—,,不明,接道・区分情報なし、詳細/役場で要確認,,2026-06-17,,https://suumo.jp/tochi/shizuoka/sc_numazu/nc_75323271/,不適合
SUUMO 土地 沼津市,沼津市,更地,土地カテゴリ（建物表記なし）,静岡県沼津市原,980,227.0,14.3,1500,—,—,,不明,接道・区分情報なし、詳細/役場で要確認,,2026-06-17,,https://suumo.jp/tochi/shizuoka/sc_numazu/nc_93966743/,不適合
SUUMO 土地 沼津市,沼津市,更地,土地カテゴリ（建物表記なし）,静岡県沼津市今沢,980,554.0,5.8,1500,畑,—,,不明,接道・区分情報なし、詳細/役場で要確認,,2026-06-17,,https://suumo.jp/tochi/shizuoka/sc_numazu/nc_77088510/,適合
SUUMO 土地 沼津市,沼津市,更地,土地カテゴリ（建物表記なし）,静岡県沼津市東椎路,990,163.7,20.0,1500,—,—,,不明,接道・区分情報なし、詳細/役場で要確認,,2026-06-17,,https://suumo.jp/tochi/shizuoka/sc_numazu/nc_78123918/,不適合
SUUMO 土地 沼津市,沼津市,更地,土地カテゴリ（建物表記なし）,静岡県沼津市原字鳥澤６４７－１ノ一部,1060,159.2,22.0,1500,—,—,,不明,接道・区分情報なし、詳細/役場で要確認,,2026-06-29,,https://suumo.jp/tochi/shizuoka/sc_numazu/nc_91718724/,不適合
SUUMO 土地 沼津市,沼津市,更地,土地カテゴリ（建物表記なし）,静岡県沼津市今沢508-32,1080,184.8,19.3,1500,—,—,,不明,接道・区分情報なし、詳細/役場で要確認,,2026-08-09,,https://suumo.jp/tochi/shizuoka/sc_numazu/nc_21471231/,不適合
SUUMO 土地 沼津市,沼津市,更地,土地カテゴリ（建物表記なし）,静岡県沼津市大岡,1080,165.0,21.6,1500,—,—,,不明,接道・区分情報なし、詳細/役場で要確認,,2026-07-01,,https://suumo.jp/tochi/shizuoka/sc_numazu/nc_20374403/,不適合
SUUMO 土地 沼津市,沼津市,更地,土地カテゴリ（建物表記なし）,静岡県沼津市西島町,1100,158.4,23.0,1500,—,—,,不明,接道・区分情報なし、詳細/役場で要確認,,2026-06-17,,https://suumo.jp/tochi/shizuoka/sc_numazu/nc_21016503/,不適合
SUUMO 土地 沼津市,沼津市,更地,土地カテゴリ（建物表記なし）,静岡県沼津市東原,1100,182.4,19.9,1500,—,—,,不明,接道・区分情報なし、詳細/役場で要確認,,2026-06-17,,https://suumo.jp/tochi/shizuoka/sc_numazu/nc_91502848/,不適合
SUUMO 土地 沼津市,沼津市,更地,土地カテゴリ（建物表記なし）,静岡県沼津市中沢田344-3,1100,135.1,26.9,1500,田,—,,不明,接道・区分情報なし、詳細/役場で要確認,,2026-07-28,,https://suumo.jp/tochi/shizuoka/sc_numazu/nc_21384400/,不適合
SUUMO 土地 沼津市,沼津市,更地,土地カテゴリ（建物表記なし）,静岡県沼津市下香貫八重,1180,163.8,23.8,1500,宅地,—,,不明,接道・区分情報なし、詳細/役場で要確認,,2026-06-17,,https://suumo.jp/tochi/shizuoka/sc_numazu/nc_94434597/,不適合
SUUMO 土地 沼津市,沼津市,更地,土地カテゴリ（建物表記なし）,静岡県沼津市内浦重寺,1200,183.9,21.6,1500,—,—,,不明,接道・区分情報なし、詳細/役場で要確認,,2026-06-17,,https://suumo.jp/tochi/shizuoka/sc_numazu/nc_77034008/,不適合
SUUMO 土地 沼津市,沼津市,更地,土地カテゴリ（建物表記なし）,静岡県沼津市錦町,1200,113.7,34.9,1500,—,—,,不明,接道・区分情報なし、詳細/役場で要確認,,2026-06-17,,https://suumo.jp/tochi/shizuoka/sc_numazu/nc_77584008/,不適合
SUUMO 土地 沼津市,沼津市,更地,土地カテゴリ（建物表記なし）,静岡県沼津市本郷町486-3,1200,137.5,28.9,1500,宅地,—,,不明,接道・区分情報なし、詳細/役場で要確認,,2026-06-17,,https://suumo.jp/tochi/shizuoka/sc_numazu/nc_78297832/,不適合
SUUMO 土地 沼津市,沼津市,古家付き土地,土地＋古家/上物の表記,静岡県沼津市大岡,1230,150.1,27.1,1500,宅地,—,,不明,接道・区分情報なし。建物ありだが現行法での再建築可否は役場で要確認,,2026-08-18,,https://suumo.jp/tochi/shizuoka/sc_numazu/nc_21393340/,不適合
SUUMO 土地 沼津市,沼津市,更地,土地カテゴリ（建物表記なし）,静岡県沼津市西間門,1250,221.5,18.7,1500,—,—,,不明,接道・区分情報なし、詳細/役場で要確認,,2026-06-17,,https://suumo.jp/tochi/shizuoka/sc_numazu/nc_20069819/,不適合
SUUMO 土地 沼津市,沼津市,更地,土地カテゴリ（建物表記なし）,静岡県沼津市青野,1270,258.6,16.2,1500,—,—,,不明,接道・区分情報なし、詳細/役場で要確認,,2026-06-17,,https://suumo.jp/tochi/shizuoka/sc_numazu/nc_78722787/,不適合
SUUMO 土地 沼津市,沼津市,更地,土地カテゴリ（建物表記なし）,静岡県沼津市下香貫馬場465-1,1320,218.4,20.0,1500,—,—,,不明,接道・区分情報なし、詳細/役場で要確認,,2026-06-17,,https://suumo.jp/tochi/shizuoka/sc_numazu/nc_79218822/,不適合
SUUMO 土地 沼津市,沼津市,更地,土地カテゴリ（建物表記なし）,静岡県沼津市高沢町,1380,119.3,38.2,1500,—,—,,不明,接道・区分情報なし、詳細/役場で要確認,,2026-06-17,,https://suumo.jp/tochi/shizuoka/sc_numazu/nc_20834177/,不適合
SUUMO 土地 沼津市,沼津市,更地,土地カテゴリ（建物表記なし）,静岡県沼津市戸田,1400,699.0,6.6,1500,田,—,,不明,接道・区分情報なし、詳細/役場で要確認,,2026-06-17,,https://suumo.jp/tochi/shizuoka/sc_numazu/nc_20816237/,適合
SUUMO 土地 沼津市,沼津市,更地,土地カテゴリ（建物表記なし）,静岡県沼津市東原,1400,265.7,17.4,1500,—,—,,不明,接道・区分情報なし、詳細/役場で要確認,,2026-06-17,,https://suumo.jp/tochi/shizuoka/sc_numazu/nc_76497992/,不適合
SUUMO 土地 沼津市,沼津市,更地,土地カテゴリ（建物表記なし）,静岡県沼津市原町中３-10-17,1420,194.5,24.1,1500,—,—,,不明,接道・区分情報なし、詳細/役場で要確認,,2026-08-29,注意:温泉,https://suumo.jp/tochi/shizuoka/sc_numazu/nc_78345343/,不適合
SUUMO 土地 沼津市,沼津市,更地,土地カテゴリ（建物表記なし）,静岡県沼津市東熊堂51番25他,1420,142.5,32.9,1500,—,—,,不明,接道・区分情報なし、詳細/役場で要確認,,2026-08-18,,https://suumo.jp/tochi/shizuoka/sc_numazu/nc_77120577/,不適合
SUUMO 土地 沼津市,沼津市,更地,土地カテゴリ（建物表記なし）,静岡県沼津市大門町,1450,147.1,32.6,1500,—,—,,不明,接道・区分情報なし、詳細/役場で要確認,,2026-07-04,,https://suumo.jp/tochi/shizuoka/sc_numazu/nc_21217303/,不適合
SUUMO 土地 沼津市,沼津市,更地,土地カテゴリ（建物表記なし）,静岡県沼津市花園町,1480,143.3,34.1,1500,—,—,,不明,接道・区分情報なし、詳細/役場で要確認,,2026-06-17,,https://suumo.jp/tochi/shizuoka/sc_numazu/nc_79054947/,不適合
SUUMO 土地 沼津市,沼津市,更地,土地カテゴリ（建物表記なし）,静岡県沼津市東原,1490,248.6,19.8,1500,—,—,,不明,接道・区分情報なし、詳細/役場で要確認,,2026-06-17,,https://suumo.jp/tochi/shizuoka/sc_numazu/nc_75326134/,不適合
SUUMO 土地 沼津市,沼津市,更地,土地カテゴリ（建物表記なし）,静岡県沼津市下香貫楊原,1490,222.1,22.2,1500,—,—,,不明,接道・区分情報なし、詳細/役場で要確認,,2026-06-17,,https://suumo.jp/tochi/shizuoka/sc_numazu/nc_73243855/,不適合
SUUMO 土地 沼津市,沼津市,更地,土地カテゴリ（建物表記なし）,静岡県沼津市大岡字池田3500-9、3449-24他,1490,191.5,25.7,1500,田,—,,不明,接道・区分情報なし、詳細/役場で要確認,,2026-06-17,,https://suumo.jp/tochi/shizuoka/sc_numazu/nc_77862360/,不適合
SUUMO 土地 沼津市,沼津市,更地,土地カテゴリ（建物表記なし）,静岡県沼津市下香貫楊原,1490,222.1,22.2,1500,—,—,,不明,接道・区分情報なし、詳細/役場で要確認,,2026-06-17,,https://suumo.jp/tochi/shizuoka/sc_numazu/nc_20921291/,不適合
SUUMO 土地 沼津市,沼津市,更地,土地カテゴリ（建物表記なし）,静岡県沼津市松長,1500,397.0,12.5,1500,—,—,,不明,接道・区分情報なし、詳細/役場で要確認,,2026-06-23,,https://suumo.jp/tochi/shizuoka/sc_numazu/nc_21134778/,適合
SUUMO 土地 沼津市,沼津市,更地,土地カテゴリ（建物表記なし）,静岡県沼津市吉田町28-22,1550,193.3,26.5,1500,田,—,,不明,接道・区分情報なし、詳細/役場で要確認,,2026-08-29,,https://suumo.jp/tochi/shizuoka/sc_numazu/nc_73849716/,不適合
SUUMO 土地 沼津市,沼津市,更地,土地カテゴリ（建物表記なし）,静岡県沼津市三枚橋町,1580,102.5,51.0,1500,—,—,,不明,接道・区分情報なし、詳細/役場で要確認,,2026-06-17,,https://suumo.jp/tochi/shizuoka/sc_numazu/nc_79141507/,不適合
SUUMO 土地 沼津市,沼津市,更地,土地カテゴリ（建物表記なし）,静岡県沼津市中沢田,1580,221.5,23.6,1500,田,—,,不明,接道・区分情報なし、詳細/役場で要確認,,2026-06-30,,https://suumo.jp/tochi/shizuoka/sc_numazu/nc_20141116/,不適合
SUUMO 土地 沼津市,沼津市,更地,土地カテゴリ（建物表記なし）,静岡県沼津市原,1600,385.4,13.7,1500,—,—,,不明,接道・区分情報なし、詳細/役場で要確認,,2026-06-17,,https://suumo.jp/tochi/shizuoka/sc_numazu/nc_74398998/,不適合
SUUMO 土地 沼津市,沼津市,更地,土地カテゴリ（建物表記なし）,静岡県沼津市大岡,1650,223.7,24.4,1500,—,—,,不明,接道・区分情報なし、詳細/役場で要確認,,2026-06-17,,https://suumo.jp/tochi/shizuoka/sc_numazu/nc_20764833/,不適合
SUUMO 土地 沼津市,沼津市,更地,土地カテゴリ（建物表記なし）,静岡県沼津市大岡,1680,213.7,26.0,1500,—,—,,不明,接道・区分情報なし、詳細/役場で要確認,,2026-06-17,,https://suumo.jp/tochi/shizuoka/sc_numazu/nc_20522570/,不適合
SUUMO 土地 沼津市,沼津市,更地,土地カテゴリ（建物表記なし）,静岡県沼津市東椎路,1680,214.8,25.9,1500,—,—,,不明,接道・区分情報なし、詳細/役場で要確認,,2026-06-17,,https://suumo.jp/tochi/shizuoka/sc_numazu/nc_21079413/,不適合
SUUMO 土地 沼津市,沼津市,更地,土地カテゴリ（建物表記なし）,静岡県沼津市西条町,1700,124.2,45.2,1500,—,—,,不明,接道・区分情報なし、詳細/役場で要確認,,2026-06-17,,https://suumo.jp/tochi/shizuoka/sc_numazu/nc_77418622/,不適合
SUUMO 土地 沼津市,沼津市,更地,土地カテゴリ（建物表記なし）,静岡県沼津市井出,1700,868.0,6.5,1500,宅地,—,,不明,接道・区分情報なし、詳細/役場で要確認,,2026-07-27,,https://suumo.jp/tochi/shizuoka/sc_numazu/nc_21237321/,不適合
SUUMO 土地 沼津市,沼津市,更地,土地カテゴリ（建物表記なし）,静岡県沼津市西条町,1700,124.2,45.2,1500,—,—,,不明,接道・区分情報なし、詳細/役場で要確認,,2026-06-22,,https://suumo.jp/tochi/shizuoka/sc_numazu/nc_20069720/,不適合
SUUMO 土地 沼津市,沼津市,更地,土地カテゴリ（建物表記なし）,静岡県沼津市白銀町,1780,146.6,40.1,1500,—,—,,不明,接道・区分情報なし、詳細/役場で要確認,,2026-06-17,,https://suumo.jp/tochi/shizuoka/sc_numazu/nc_78080334/,不適合
SUUMO 土地 沼津市,沼津市,更地,土地カテゴリ（建物表記なし）,静岡県沼津市松長792-2,1800,397.0,15.0,1500,—,—,,不明,接道・区分情報なし、詳細/役場で要確認,,2026-06-17,,https://suumo.jp/tochi/shizuoka/sc_numazu/nc_74237180/,不適合
SUUMO 土地 沼津市,沼津市,更地,土地カテゴリ（建物表記なし）,静岡県沼津市錦町,1800,102.5,58.1,1500,—,—,,不明,接道・区分情報なし、詳細/役場で要確認,,2026-08-03,,https://suumo.jp/tochi/shizuoka/sc_numazu/nc_21429674/,不適合
SUUMO 土地 沼津市,沼津市,更地,土地カテゴリ（建物表記なし）,静岡県沼津市松長,1800,397.0,15.0,1500,—,—,,不明,接道・区分情報なし、詳細/役場で要確認,,2026-07-27,,https://suumo.jp/tochi/shizuoka/sc_numazu/nc_20599530/,不適合
SUUMO 土地 沼津市,沼津市,更地,土地カテゴリ（建物表記なし）,静岡県沼津市西熊堂,1830,169.5,35.7,1500,田,—,接道も交通量がそれほど多くな,不明,接道・区分情報なし、詳細/役場で要確認,,2026-06-17,,https://suumo.jp/tochi/shizuoka/sc_numazu/nc_79047272/,不適合
SUUMO 土地 沼津市,沼津市,更地,土地カテゴリ（建物表記なし）,静岡県沼津市大岡,1830,169.8,35.6,1500,—,—,,不明,接道・区分情報なし、詳細/役場で要確認,,2026-07-07,,https://suumo.jp/tochi/shizuoka/sc_numazu/nc_21237978/,不適合
SUUMO 土地 沼津市,沼津市,更地,土地カテゴリ（建物表記なし）,静岡県沼津市大岡,1830,169.8,35.6,1500,—,—,,不明,接道・区分情報なし、詳細/役場で要確認,,2026-07-07,,https://suumo.jp/tochi/shizuoka/sc_numazu/nc_21237977/,不適合
SUUMO 土地 沼津市,沼津市,更地,土地カテゴリ（建物表記なし）,静岡県沼津市真砂町,1835,174.3,34.8,1500,—,—,,不明,接道・区分情報なし、詳細/役場で要確認,,2026-07-27,,https://suumo.jp/tochi/shizuoka/sc_numazu/nc_21234704/,不適合
SUUMO 土地 沼津市,沼津市,更地,土地カテゴリ（建物表記なし）,静岡県沼津市大岡,1850,193.3,31.6,1500,—,—,,不明,接道・区分情報なし、詳細/役場で要確認,,2026-06-17,,https://suumo.jp/tochi/shizuoka/sc_numazu/nc_20764886/,不適合
SUUMO 土地 沼津市,沼津市,更地,土地カテゴリ（建物表記なし）,静岡県沼津市大岡,1880,186.3,33.4,1500,—,—,,不明,接道・区分情報なし、詳細/役場で要確認,,2026-07-28,,https://suumo.jp/tochi/shizuoka/sc_numazu/nc_21382174/,不適合
SUUMO 土地 沼津市,沼津市,更地,土地カテゴリ（建物表記なし）,静岡県沼津市小諏訪483-2他,1890,258.1,24.2,1500,—,—,,不明,接道・区分情報なし、詳細/役場で要確認,,2026-07-27,,https://suumo.jp/tochi/shizuoka/sc_numazu/nc_77349395/,不適合
SUUMO 土地 沼津市,沼津市,更地,土地カテゴリ（建物表記なし）,静岡県沼津市東熊堂411-1,1900,159.0,39.5,1500,—,—,,不明,接道・区分情報なし、詳細/役場で要確認,,2026-06-17,,https://suumo.jp/tochi/shizuoka/sc_numazu/nc_97807318/,不適合
SUUMO 土地 沼津市,沼津市,更地,土地カテゴリ（建物表記なし）,静岡県沼津市三園町3-7,1970,220.7,29.5,1500,—,—,,不明,接道・区分情報なし、詳細/役場で要確認,,2026-06-17,,https://suumo.jp/tochi/shizuoka/sc_numazu/nc_20468090/,不適合
SUUMO 土地 沼津市,沼津市,更地,土地カテゴリ（建物表記なし）,静岡県沼津市三園町,1970,220.7,29.5,1500,—,—,,不明,接道・区分情報なし、詳細/役場で要確認,,2026-06-17,,https://suumo.jp/tochi/shizuoka/sc_numazu/nc_20389985/,不適合
SUUMO 土地 沼津市,沼津市,更地,土地カテゴリ（建物表記なし）,静岡県沼津市東熊堂,1980,487.0,13.4,1500,—,—,,不明,接道・区分情報なし、詳細/役場で要確認,,2026-06-17,,https://suumo.jp/tochi/shizuoka/sc_numazu/nc_74312427/,不適合
SUUMO 土地 沼津市,沼津市,更地,土地カテゴリ（建物表記なし）,静岡県沼津市西間門442,1990,330.6,19.9,1500,—,—,,不明,接道・区分情報なし、詳細/役場で要確認,,2026-07-01,,https://suumo.jp/tochi/shizuoka/sc_numazu/nc_20728680/,不適合
SUUMO 土地 沼津市,沼津市,更地,土地カテゴリ（建物表記なし）,静岡県沼津市住吉町,2050,167.3,40.5,1500,—,—,,不明,接道・区分情報なし、詳細/役場で要確認,,2026-06-17,,https://suumo.jp/tochi/shizuoka/sc_numazu/nc_20981557/,不適合
SUUMO 土地 沼津市,沼津市,更地,土地カテゴリ（建物表記なし）,静岡県沼津市駿河台,2060,228.8,29.8,1500,—,—,,不明,接道・区分情報なし、詳細/役場で要確認,,2026-06-22,,https://suumo.jp/tochi/shizuoka/sc_numazu/nc_21128421/,不適合
SUUMO 土地 沼津市,沼津市,更地,土地カテゴリ（建物表記なし）,静岡県沼津市岡宮,2080,215.0,32.0,1500,—,—,,不明,接道・区分情報なし、詳細/役場で要確認,,2026-06-17,,https://suumo.jp/tochi/shizuoka/sc_numazu/nc_78914954/,不適合
SUUMO 土地 沼津市,沼津市,更地,土地カテゴリ（建物表記なし）,静岡県沼津市住吉町,2100,170.4,40.7,1500,—,—,,不明,接道・区分情報なし、詳細/役場で要確認,,2026-06-17,,https://suumo.jp/tochi/shizuoka/sc_numazu/nc_20981524/,不適合
SUUMO 土地 沼津市,沼津市,更地,土地カテゴリ（建物表記なし）,静岡県沼津市原,2180,473.5,15.2,1500,—,—,,不明,接道・区分情報なし、詳細/役場で要確認,,2026-06-17,,https://suumo.jp/tochi/shizuoka/sc_numazu/nc_76754722/,不適合
SUUMO 土地 沼津市,沼津市,更地,土地カテゴリ（建物表記なし）,静岡県沼津市新沢田町,2200,160.0,45.5,1500,田,—,,不明,接道・区分情報なし、詳細/役場で要確認,,2026-06-17,,https://suumo.jp/tochi/shizuoka/sc_numazu/nc_78769404/,不適合
SUUMO 土地 沼津市,沼津市,更地,土地カテゴリ（建物表記なし）,静岡県沼津市大岡,2245,206.5,35.9,1500,—,—,,不明,接道・区分情報なし、詳細/役場で要確認,,2026-06-17,,https://suumo.jp/tochi/shizuoka/sc_numazu/nc_78020310/,不適合
SUUMO 土地 沼津市,沼津市,更地,土地カテゴリ（建物表記なし）,静岡県沼津市若葉町,2250,190.7,39.0,1500,—,—,,不明,接道・区分情報なし、詳細/役場で要確認,,2026-06-17,,https://suumo.jp/tochi/shizuoka/sc_numazu/nc_79055341/,不適合
SUUMO 土地 沼津市,沼津市,更地,土地カテゴリ（建物表記なし）,静岡県沼津市高沢町,2280,165.5,45.5,1500,—,—,,不明,接道・区分情報なし、詳細/役場で要確認,,2026-07-06,,https://suumo.jp/tochi/shizuoka/sc_numazu/nc_21229726/,不適合
SUUMO 土地 沼津市,沼津市,更地,土地カテゴリ（建物表記なし）,静岡県沼津市大岡,2400,304.4,26.1,1500,—,—,,不明,接道・区分情報なし、詳細/役場で要確認,,2026-06-17,,https://suumo.jp/tochi/shizuoka/sc_numazu/nc_20839214/,不適合
SUUMO 土地 沼津市,沼津市,更地,土地カテゴリ（建物表記なし）,静岡県沼津市宮町,2500,424.8,19.5,1500,—,—,,不明,接道・区分情報なし、詳細/役場で要確認,,2026-06-17,,https://suumo.jp/tochi/shizuoka/sc_numazu/nc_78724658/,不適合
SUUMO 土地 沼津市,沼津市,更地,土地カテゴリ（建物表記なし）,静岡県沼津市高沢町,2550,162.6,51.8,1500,—,—,,不明,接道・区分情報なし、詳細/役場で要確認,,2026-06-17,,https://suumo.jp/tochi/shizuoka/sc_numazu/nc_20089905/,不適合
SUUMO 土地 沼津市,沼津市,更地,土地カテゴリ（建物表記なし）,静岡県沼津市八幡町,2580,178.1,47.9,1500,—,—,,不明,接道・区分情報なし、詳細/役場で要確認,,2026-06-17,,https://suumo.jp/tochi/shizuoka/sc_numazu/nc_20783176/,不適合
SUUMO 土地 沼津市,沼津市,更地,土地カテゴリ（建物表記なし）,静岡県沼津市山王台,2700,166.8,53.5,1500,—,—,,不明,接道・区分情報なし、詳細/役場で要確認,,2026-07-30,,https://suumo.jp/tochi/shizuoka/sc_numazu/nc_20742518/,不適合
SUUMO 土地 沼津市,沼津市,更地,土地カテゴリ（建物表記なし）,静岡県沼津市山王台,2700,165.6,53.9,1500,—,—,,不明,接道・区分情報なし、詳細/役場で要確認,,2026-07-30,,https://suumo.jp/tochi/shizuoka/sc_numazu/nc_20742560/,不適合
SUUMO 土地 沼津市,沼津市,更地,土地カテゴリ（建物表記なし）,静岡県沼津市玉江町,2800,513.0,18.0,1500,—,—,,不明,接道・区分情報なし、詳細/役場で要確認,,2026-06-17,,https://suumo.jp/tochi/shizuoka/sc_numazu/nc_77154534/,不適合
SUUMO 土地 沼津市,沼津市,更地,土地カテゴリ（建物表記なし）,静岡県沼津市上香貫二瀬川町,2900,327.1,29.3,1500,—,—,,不明,接道・区分情報なし、詳細/役場で要確認,,2026-08-15,,https://suumo.jp/tochi/shizuoka/sc_numazu/nc_21194907/,不適合
SUUMO 土地 沼津市,沼津市,更地,土地カテゴリ（建物表記なし）,静岡県沼津市大岡,2980,332.4,29.6,1500,—,—,,不明,接道・区分情報なし、詳細/役場で要確認,,2026-08-29,,https://suumo.jp/tochi/shizuoka/sc_numazu/nc_21580967/,不適合
SUUMO 土地 沼津市,沼津市,更地,土地カテゴリ（建物表記なし）,静岡県沼津市大岡,3000,286.0,34.7,1500,—,—,,不明,接道・区分情報なし、詳細/役場で要確認,,2026-08-15,,https://suumo.jp/tochi/shizuoka/sc_numazu/nc_21346627/,不適合
SUUMO 土地 沼津市,沼津市,更地,土地カテゴリ（建物表記なし）,静岡県沼津市泉町,3190,210.1,50.2,1500,—,—,,不明,接道・区分情報なし、詳細/役場で要確認,,2026-08-15,,https://suumo.jp/tochi/shizuoka/sc_numazu/nc_21460782/,不適合
SUUMO 土地 沼津市,沼津市,古家付き土地,土地＋古家/上物の表記,静岡県沼津市市場町,3500,267.7,43.2,1500,—,—,,不明,接道・区分情報なし。建物ありだが現行法での再建築可否は役場で要確認,,2026-08-15,,https://suumo.jp/tochi/shizuoka/sc_numazu/nc_21236075/,不適合
SUUMO 土地 沼津市,沼津市,更地,土地カテゴリ（建物表記なし）,静岡県沼津市今沢457-1,3700,750.6,16.3,1500,—,—,,不明,接道・区分情報なし、詳細/役場で要確認,,2026-08-21,,https://suumo.jp/tochi/shizuoka/sc_numazu/nc_21528244/,不適合
SUUMO 土地 沼津市,沼津市,更地,土地カテゴリ（建物表記なし）,静岡県沼津市下河原町２,4100,522.5,25.9,1500,—,—,,不明,接道・区分情報なし、詳細/役場で要確認,,2026-08-15,,https://suumo.jp/tochi/shizuoka/sc_numazu/nc_20113441/,不適合
SUUMO 土地 沼津市,沼津市,更地,土地カテゴリ（建物表記なし）,静岡県沼津市西椎路,4500,1358.1,11.0,1500,—,—,,不明,接道・区分情報なし、詳細/役場で要確認,,2026-08-15,,https://suumo.jp/tochi/shizuoka/sc_numazu/nc_20261321/,不適合
SUUMO 土地 沼津市,沼津市,更地,土地カテゴリ（建物表記なし）,静岡県沼津市大岡,6000,765.3,25.9,1500,—,—,,不明,接道・区分情報なし、詳細/役場で要確認,,2026-08-15,,https://suumo.jp/tochi/shizuoka/sc_numazu/nc_20467040/,不適合
SUUMO 土地 沼津市,沼津市,更地,土地カテゴリ（建物表記なし）,静岡県沼津市下香貫前原,7180,1186.8,20.0,1500,—,—,,不明,接道・区分情報なし、詳細/役場で要確認,,2026-08-15,,https://suumo.jp/tochi/shizuoka/sc_numazu/nc_20069804/,不適合
LIFULL 土地 三島市,三島市,更地,土地カテゴリ（建物表記なし）,三島市幸原町,3220,136.5,78.0,1500,—,—,,不明,接道・区分情報なし、詳細/役場で要確認,,2026-06-19,,https://www.homes.co.jp/tochi/b-17083750000037/,不適合
LIFULL 土地 三島市,三島市,更地,土地カテゴリ（建物表記なし）,三島市大場分譲地,1880,173.2,35.9,1500,—,—,,不明,接道・区分情報なし、詳細/役場で要確認,,2026-08-17,,https://www.homes.co.jp/tochi/b-17069030000019/,不適合
LIFULL 土地 三島市,三島市,更地,土地カテゴリ（建物表記なし）,三島市谷田分譲地 4区画,1570,212.6,24.4,1500,田,—,,不明,接道・区分情報なし、詳細/役場で要確認,,2026-08-17,,https://www.homes.co.jp/tochi/b-17069030000013/,不適合
LIFULL 土地 三島市,三島市,更地,土地カテゴリ（建物表記なし）,三島市谷田 (三島二日町駅),1580,,,1500,田,—,,不明,接道・区分情報なし、詳細/役場で要確認,,2026-08-21,,https://www.homes.co.jp/tochi/b-33307660000198/,数値不明
LIFULL 土地 三島市,三島市,古家付き土地,土地＋古家/上物の表記,三島市竹倉 (三島二日町駅),2700,,,1500,—,—,,不明,接道・区分情報なし。建物ありだが現行法での再建築可否は役場で要確認,,2026-08-13,,https://www.homes.co.jp/tochi/b-33329470000041/,数値不明
LIFULL 土地 三島市,三島市,更地,土地カテゴリ（建物表記なし）,三島市谷田 (三島駅),1500,,,1500,田,—,,不明,接道・区分情報なし、詳細/役場で要確認,,2026-08-23,,https://www.homes.co.jp/tochi/b-33329470000014/,数値不明
LIFULL 土地 三島市,三島市,更地,土地カテゴリ（建物表記なし）,三島市徳倉 (三島駅),100,,,1500,—,市街化調整区域,接道！市街化調整区域のため、,△,市街化調整区域は原則新築不可・許可要件次第＝本命候補,,2026-08-22,関心:市街化調整区域/調整区域,https://www.homes.co.jp/tochi/b-33309130000086/,数値不明
LIFULL 土地 三島市,三島市,更地,土地カテゴリ（建物表記なし）,三島市萩 (長泉なめり駅),1680,,,1500,—,—,,不明,接道・区分情報なし、詳細/役場で要確認,,2026-08-29,,https://www.homes.co.jp/tochi/b-1529140000725/,数値不明
LIFULL 土地 三島市,三島市,古家付き土地,土地＋古家/上物の表記,三島市多呂 (大場駅),1980,,,1500,—,—,接道 ハウスメーカーも自由に,不明,接道・区分情報なし。建物ありだが現行法での再建築可否は役場で要確認,,2026-08-28,,https://www.homes.co.jp/tochi/b-1265050002698/,数値不明
LIFULL 土地 三島市,三島市,更地,土地カテゴリ（建物表記なし）,三島市大場 (大場駅),1200,,,1500,—,—,,不明,接道・区分情報なし、詳細/役場で要確認,,2026-08-29,,https://www.homes.co.jp/tochi/b-1265050002602/,数値不明
LIFULL 土地 三島市,三島市,更地,土地カテゴリ（建物表記なし）,三島市若松町 (三島駅),1380,,,1500,—,—,,不明,接道・区分情報なし、詳細/役場で要確認,,2026-08-28,,https://www.homes.co.jp/tochi/b-1265050001740/,数値不明
LIFULL 土地 三島市,三島市,古家付き土地,土地＋古家/上物の表記,三島市大場 (大場駅),998,,,1500,—,—,,不明,接道・区分情報なし。建物ありだが現行法での再建築可否は役場で要確認,,2026-08-29,,https://www.homes.co.jp/tochi/b-1265050002562/,数値不明
LIFULL 土地 三島市,三島市,古家付き土地,土地＋古家/上物の表記,三島市大場 (大場駅),1280,,,1500,—,—,,不明,接道・区分情報なし。建物ありだが現行法での再建築可否は役場で要確認,,2026-08-29,,https://www.homes.co.jp/tochi/b-1556780000257/,数値不明
LIFULL 土地 三島市,三島市,古家付き土地,土地＋古家/上物の表記,三島市旭ヶ丘 (三島駅),1100,,,1500,—,—,,不明,接道・区分情報なし。建物ありだが現行法での再建築可否は役場で要確認,,2026-08-28,,https://www.homes.co.jp/tochi/b-1265050001647/,数値不明
LIFULL 土地 三島市,三島市,更地,土地カテゴリ（建物表記なし）,三島市谷田 (三島二日町駅),1080,,,1500,田,—,,不明,接道・区分情報なし、詳細/役場で要確認,,2026-08-28,,https://www.homes.co.jp/tochi/b-1265050002212/,数値不明
LIFULL 土地 三島市,三島市,古家付き土地,土地＋古家/上物の表記,三島市徳倉4丁目 (三島駅),1500,,,1500,—,—,,不明,接道・区分情報なし。建物ありだが現行法での再建築可否は役場で要確認,,2026-08-28,,https://www.homes.co.jp/tochi/b-1265050002126/,数値不明
LIFULL 土地 三島市,三島市,古家付き土地,土地＋古家/上物の表記,三島市徳倉3丁目 (三島駅),1048,,,1500,—,—,,不明,接道・区分情報なし。建物ありだが現行法での再建築可否は役場で要確認,,2026-08-28,,https://www.homes.co.jp/tochi/b-1265050001629/,数値不明
LIFULL 土地 三島市,三島市,更地,土地カテゴリ（建物表記なし）,三島市山中新田 (函南駅),1900,,,1500,田,—,,不明,接道・区分情報なし、詳細/役場で要確認,,2026-08-28,,https://www.homes.co.jp/tochi/b-1265050002213/,数値不明
LIFULL 土地 三島市,三島市,更地,土地カテゴリ（建物表記なし）,三島市東大場2丁目 (大場駅),1980,,,1500,—,—,,不明,接道・区分情報なし、詳細/役場で要確認,,2026-08-23,NG:東大場,https://www.homes.co.jp/tochi/b-33327580000004/,数値不明
LIFULL 土地 三島市,三島市,古家付き土地,土地＋古家/上物の表記,三島市若松町 (三島駅),11000,,,1500,—,—,,不明,接道・区分情報なし。建物ありだが現行法での再建築可否は役場で要確認,,2026-08-23,,https://www.homes.co.jp/tochi/b-33303030000158/,数値不明
LIFULL 土地 三島市,三島市,更地,土地カテゴリ（建物表記なし）,三島市佐野見晴台1丁目,3800,,,1500,—,—,,不明,接道・区分情報なし、詳細/役場で要確認,,2026-08-24,,https://www.homes.co.jp/tochi/b-33307660000034/,数値不明
LIFULL 土地 三島市,三島市,古家付き土地,土地＋古家/上物の表記,三島市幸原町2丁目 (三島駅),1980,,,1500,—,—,,不明,接道・区分情報なし。建物ありだが現行法での再建築可否は役場で要確認,,2026-08-24,,https://www.homes.co.jp/tochi/b-33306070000013/,数値不明
LIFULL 土地 三島市,三島市,更地,土地カテゴリ（建物表記なし）,三島市大場 (大場駅),100,,,1500,—,—,,不明,接道・区分情報なし、詳細/役場で要確認,,2026-08-24,,https://www.homes.co.jp/tochi/b-33333670000006/,数値不明
LIFULL 土地 三島市,三島市,更地,土地カテゴリ（建物表記なし）,三島市谷田 (三島駅),3500,,,1500,田,—,,不明,接道・区分情報なし、詳細/役場で要確認,,2026-08-24,,https://www.homes.co.jp/tochi/b-33316480000092/,数値不明
LIFULL 土地 三島市,三島市,更地,土地カテゴリ（建物表記なし）,三島市大場 (大場駅),1990,,,1500,田,—,,不明,接道・区分情報なし、詳細/役場で要確認,,2026-08-28,,https://www.homes.co.jp/tochi/b-33328870000155/,数値不明
LIFULL 土地 三島市,三島市,更地,土地カテゴリ（建物表記なし）,三島市徳倉 (三島駅),300,,,1500,—,—,,不明,接道・区分情報なし、詳細/役場で要確認,,2026-08-28,,https://www.homes.co.jp/tochi/b-33329440000030/,数値不明
LIFULL 土地 三島市,三島市,更地,土地カテゴリ（建物表記なし）,三島市富士ビレッジ (三島駅),895,,,1500,—,—,,不明,接道・区分情報なし、詳細/役場で要確認,,2026-08-28,,https://www.homes.co.jp/tochi/b-33333810000647/,数値不明
LIFULL 土地 三島市,三島市,更地,土地カテゴリ（建物表記なし）,三島市中島 (大場駅),1980,,,1500,—,—,,不明,接道・区分情報なし、詳細/役場で要確認,,2026-08-29,,https://www.homes.co.jp/tochi/b-1500050000562/,数値不明
LIFULL 土地 三島市,三島市,古家付き土地,土地＋古家/上物の表記,三島市谷田 (三島二日町駅),2500,,,1500,田,—,,不明,接道・区分情報なし。建物ありだが現行法での再建築可否は役場で要確認,,2026-08-28,,https://www.homes.co.jp/tochi/b-33332300000037/,数値不明
LIFULL 土地 三島市,三島市,更地,土地カテゴリ（建物表記なし）,三島市松本 (三島二日町駅),1880,,,1500,—,—,,不明,接道・区分情報なし、詳細/役場で要確認,,2026-08-29,,https://www.homes.co.jp/tochi/b-33328200001116/,数値不明
空き家バンクしずおか 伊豆の国市,伊豆の国市,更地,土地カテゴリ（建物表記なし）,伊豆の国市四日町1005-1,1300,190.1,22.6,1500,宅地,市街化区域,,△,市街化区域だが接道幅員が不明。新築可否は接道要確認,,2026-06-14,,https://akiya-bank.shizuoka.fudohsan.jp/%E7%89%A9%E4%BB%B6/143272/settle/1,不適合
空き家バンクしずおか 伊豆の国市,伊豆の国市,更地,土地カテゴリ（建物表記なし）,伊豆の国市長崎350-6,1150,201.0,18.9,1500,田,市街化調整区域,,△,市街化調整区域は原則新築不可・許可要件次第＝本命候補,,2026-06-14,関心:調整区域/無指定,https://akiya-bank.shizuoka.fudohsan.jp/%E7%89%A9%E4%BB%B6/132916/settle/1,不適合
空き家バンクしずおか 伊豆の国市,伊豆の国市,更地,土地カテゴリ（建物表記なし）,伊豆の国市長崎350-4,1380,205.0,22.3,1500,田,市街化調整区域,,△,市街化調整区域は原則新築不可・許可要件次第＝本命候補,,2026-06-14,関心:調整区域/無指定,https://akiya-bank.shizuoka.fudohsan.jp/%E7%89%A9%E4%BB%B6/132911/settle/1,不適合
空き家バンクしずおか 伊豆の国市,伊豆の国市,更地,土地カテゴリ（建物表記なし）,伊豆の国市長崎350-8,1180,201.5,19.4,1500,田,市街化調整区域,,△,市街化調整区域は原則新築不可・許可要件次第＝本命候補,,2026-06-14,関心:調整区域/無指定,https://akiya-bank.shizuoka.fudohsan.jp/%E7%89%A9%E4%BB%B6/132918/settle/1,不適合
空き家バンクしずおか 伊豆の国市,伊豆の国市,更地,土地カテゴリ（建物表記なし）,伊豆の国市古奈221-2,3750,292.8,42.3,1500,田,市街化区域,,△,市街化区域だが接道幅員が不明。新築可否は接道要確認,,2026-06-14,,https://akiya-bank.shizuoka.fudohsan.jp/%E7%89%A9%E4%BB%B6/133411/settle/1,不適合
空き家バンクしずおか 伊豆の国市,伊豆の国市,古家付き土地,土地＋古家/上物の表記,伊豆の国市奈古谷,780,381.0,6.8,1500,田,市街化区域,,不明,接道・区分情報なし。建物ありだが現行法での再建築可否は役場で要確認,,2026-06-14,関心:無指定 注意:別荘地,https://akiya-bank.shizuoka.fudohsan.jp/%E7%89%A9%E4%BB%B6/171443/settle/1,適合
空き家バンクしずおか 伊豆の国市,伊豆の国市,空き家,掲載に空き家表記,伊豆の国市長岡1334-4,288,43.0,22.1,3000,田,—,,不明,接道・区分情報なし。建物ありだが現行法での再建築可否は役場で要確認,,2026-06-14,注意:管理費,https://akiya-bank.shizuoka.fudohsan.jp/%E7%89%A9%E4%BB%B6/152585/settle/1,不適合
空き家バンクしずおか 伊豆の国市,伊豆の国市,更地,土地カテゴリ（建物表記なし）,伊豆の国市四日町,3850,165.6,76.9,1500,田,市街化調整区域,,△,市街化調整区域は原則新築不可・許可要件次第＝本命候補,,2026-08-20,関心:調整区域/無指定,https://akiya-bank.shizuoka.fudohsan.jp/%E7%89%A9%E4%BB%B6/176096/settle/1,不適合
空き家バンクしずおか 伊豆の国市,伊豆の国市,更地,土地カテゴリ（建物表記なし）,伊豆の国市四日町,2100,329.6,21.1,1500,田,市街化区域,,△,市街化区域だが接道幅員が不明。新築可否は接道要確認,,2026-08-20,,https://akiya-bank.shizuoka.fudohsan.jp/%E7%89%A9%E4%BB%B6/176456/settle/1,不適合
空き家バンクしずおか 伊豆の国市,伊豆の国市,空き家,掲載に空き家表記,伊豆の国市長岡1334-4,350,64.7,17.9,3000,田,—,,不明,接道・区分情報なし。建物ありだが現行法での再建築可否は役場で要確認,,2026-06-14,注意:管理費,https://akiya-bank.shizuoka.fudohsan.jp/%E7%89%A9%E4%BB%B6/131233/settle/1,不適合
空き家バンクしずおか 伊豆の国市,伊豆の国市,更地,土地カテゴリ（建物表記なし）,伊豆の国市原木,980,165.1,19.6,1500,田,市街化区域,,△,市街化区域だが接道幅員が不明。新築可否は接道要確認,,2026-06-14,,https://akiya-bank.shizuoka.fudohsan.jp/%E7%89%A9%E4%BB%B6/173222/settle/1,不適合
空き家バンクしずおか 伊豆の国市,伊豆の国市,空き家,掲載に空き家表記,伊豆の国市南條,890,63.3,46.5,3000,田,市街化区域,,不明,接道・区分情報なし。建物ありだが現行法での再建築可否は役場で要確認,,2026-07-13,,https://akiya-bank.shizuoka.fudohsan.jp/%E7%89%A9%E4%BB%B6/175226/settle/1,不適合
空き家バンクしずおか 伊豆の国市,伊豆の国市,更地,土地カテゴリ（建物表記なし）,伊豆の国市長岡,1480,343.6,14.2,1500,田,市街化区域,,△,市街化区域だが接道幅員が不明。新築可否は接道要確認,,2026-06-14,,https://akiya-bank.shizuoka.fudohsan.jp/%E7%89%A9%E4%BB%B6/97610/settle/1,適合
空き家バンクしずおか 伊豆の国市,伊豆の国市,更地,土地カテゴリ（建物表記なし）,伊豆の国市小坂,1180,257.9,15.1,1500,田,市街化調整区域,,△,市街化調整区域は原則新築不可・許可要件次第＝本命候補,,2026-06-14,関心:調整区域/無指定,https://akiya-bank.shizuoka.fudohsan.jp/%E7%89%A9%E4%BB%B6/163787/settle/1,不適合
空き家バンクしずおか 伊豆の国市,伊豆の国市,更地,土地カテゴリ（建物表記なし）,伊豆の国市奈古谷エメラルドタウン,1180,245.8,15.9,1500,田,市街化調整区域,,△,市街化調整区域は原則新築不可・許可要件次第＝本命候補,,2026-06-14,関心:調整区域/無指定 NG:エメラルドタウン,https://akiya-bank.shizuoka.fudohsan.jp/%E7%89%A9%E4%BB%B6/173766/settle/1,不適合
空き家バンクしずおか 伊豆の国市,伊豆の国市,更地,土地カテゴリ（建物表記なし）,伊豆の国市小坂,1180,257.9,15.1,1500,田,市街化調整区域,,△,市街化調整区域は原則新築不可・許可要件次第＝本命候補,,2026-06-14,関心:調整区域/無指定,https://akiya-bank.shizuoka.fudohsan.jp/%E7%89%A9%E4%BB%B6/154670/settle/1,不適合
空き家バンクしずおか 伊豆の国市,伊豆の国市,空き家,掲載に空き家表記,伊豆の国市長岡,1080,79.2,45.1,3000,田,—,,不明,接道・区分情報なし。建物ありだが現行法での再建築可否は役場で要確認,,2026-08-07,注意:管理費,https://akiya-bank.shizuoka.fudohsan.jp/%E7%89%A9%E4%BB%B6/176142/settle/1,不適合
空き家バンクしずおか 伊豆の国市,伊豆の国市,古家付き土地,土地＋古家/上物の表記,伊豆の国市田京,300,257.2,3.9,1500,田,市街化調整区域,,△,調整区域の建替えは既存宅地要件等の確認が必要＝本命候補,,2026-06-14,関心:調整区域/無指定,https://akiya-bank.shizuoka.fudohsan.jp/%E7%89%A9%E4%BB%B6/163205/settle/1,不適合
空き家バンクしずおか 伊豆の国市,伊豆の国市,更地,土地カテゴリ（建物表記なし）,伊豆の国市奈古谷小松ケ原2228-200,680,337.0,6.7,1500,畑,市街化調整区域,,△,市街化調整区域は原則新築不可・許可要件次第＝本命候補,,2026-06-14,関心:調整区域/無指定,https://akiya-bank.shizuoka.fudohsan.jp/%E7%89%A9%E4%BB%B6/111154/settle/1,適合
空き家バンクしずおか 伊豆の国市,伊豆の国市,更地,土地カテゴリ（建物表記なし）,伊豆の国市韮山山木1225-127,900,287.0,10.4,1500,田,市街化区域,,△,市街化区域だが接道幅員が不明。新築可否は接道要確認,,2026-06-14,関心:無指定,https://akiya-bank.shizuoka.fudohsan.jp/%E7%89%A9%E4%BB%B6/155384/settle/1,不適合
空き家バンクしずおか 伊豆の国市,伊豆の国市,更地,土地カテゴリ（建物表記なし）,伊豆の国市奈古谷2227-107,80,495.0,0.5,1500,田,市街化調整区域,,△,市街化調整区域は原則新築不可・許可要件次第＝本命候補,,2026-06-14,関心:調整区域/無指定,https://akiya-bank.shizuoka.fudohsan.jp/%E7%89%A9%E4%BB%B6/144639/settle/1,適合
空き家バンクしずおか 伊豆の国市,伊豆の国市,空き家,掲載に空き家表記,伊豆の国市大仁,3200,160.6,65.9,3000,田,市街化区域,,不明,接道・区分情報なし。建物ありだが現行法での再建築可否は役場で要確認,,2026-06-14,,https://akiya-bank.shizuoka.fudohsan.jp/%E7%89%A9%E4%BB%B6/138202/settle/1,不適合
空き家バンクしずおか 伊豆の国市,伊豆の国市,古家付き土地,土地＋古家/上物の表記,伊豆の国市韮山金谷,1350,1941.6,2.3,1500,田,市街化調整区域,,△,調整区域の建替えは既存宅地要件等の確認が必要＝本命候補,,2026-06-14,関心:調整区域/無指定,https://akiya-bank.shizuoka.fudohsan.jp/%E7%89%A9%E4%BB%B6/172719/settle/1,適合
空き家バンクしずおか 伊豆の国市,伊豆の国市,更地,土地カテゴリ（建物表記なし）,伊豆の国市天野,2200,393.0,18.5,1500,田,市街化区域,,△,市街化区域だが接道幅員が不明。新築可否は接道要確認,,2026-06-14,,https://akiya-bank.shizuoka.fudohsan.jp/%E7%89%A9%E4%BB%B6/166786/settle/1,不適合
空き家バンクしずおか 伊豆の国市,伊豆の国市,空き家,掲載に空き家表記,伊豆の国市立花３丁目,75,57.7,4.3,3000,田,—,,不明,接道・区分情報なし。建物ありだが現行法での再建築可否は役場で要確認,,2026-06-14,関心:無指定 注意:管理費,https://akiya-bank.shizuoka.fudohsan.jp/%E7%89%A9%E4%BB%B6/161234/settle/1,不適合
空き家バンクしずおか 伊豆の国市,伊豆の国市,古家付き土地,土地＋古家/上物の表記,伊豆の国市天野,1080,363.0,9.8,1500,田,市街化調整区域,,△,調整区域の建替えは既存宅地要件等の確認が必要＝本命候補,,2026-07-23,関心:調整区域/無指定,https://akiya-bank.shizuoka.fudohsan.jp/%E7%89%A9%E4%BB%B6/175551/settle/1,適合
空き家バンクしずおか 伊豆の国市,伊豆の国市,更地,土地カテゴリ（建物表記なし）,伊豆の国市古奈,2480,355.6,23.1,1500,田,市街化区域,,△,市街化区域だが接道幅員が不明。新築可否は接道要確認,,2026-06-14,注意:温泉,https://akiya-bank.shizuoka.fudohsan.jp/%E7%89%A9%E4%BB%B6/156379/settle/1,不適合
空き家バンクしずおか 伊豆の国市,伊豆の国市,更地,土地カテゴリ（建物表記なし）,伊豆の国市古奈347-1,1866,247.7,24.9,1500,田,市街化区域,,△,市街化区域だが接道幅員が不明。新築可否は接道要確認,,2026-07-21,,https://akiya-bank.shizuoka.fudohsan.jp/%E7%89%A9%E4%BB%B6/175245/settle/1,不適合
空き家バンクしずおか 伊豆の国市,伊豆の国市,中古戸建,中古戸建/住宅カテゴリ,伊豆の国市奈古谷,580,358.0,5.4,3000,田,市街化区域,,不明,接道・区分情報なし。建物ありだが現行法での再建築可否は役場で要確認,,2026-06-14,関心:無指定 注意:別荘地,https://akiya-bank.shizuoka.fudohsan.jp/%E7%89%A9%E4%BB%B6/165205/settle/1,適合
空き家バンクしずおか 伊豆の国市,伊豆の国市,中古戸建,中古戸建/住宅カテゴリ,伊豆の国市奈古谷,1830,102.8,58.8,3000,田,—,,不明,接道・区分情報なし。建物ありだが現行法での再建築可否は役場で要確認,,2026-06-14,関心:無指定 注意:管理費,https://akiya-bank.shizuoka.fudohsan.jp/%E7%89%A9%E4%BB%B6/164972/settle/1,不適合
空き家バンクしずおか 伊豆の国市,伊豆の国市,更地,土地カテゴリ（建物表記なし）,伊豆の国市奈古谷小松ケ原2227-215,100,1032.0,0.3,1500,田,市街化調整区域,,△,市街化調整区域は原則新築不可・許可要件次第＝本命候補,,2026-06-14,関心:調整区域/無指定 注意:別荘地,https://akiya-bank.shizuoka.fudohsan.jp/%E7%89%A9%E4%BB%B6/111173/settle/1,適合
空き家バンクしずおか 伊豆の国市,伊豆の国市,更地,土地カテゴリ（建物表記なし）,伊豆の国市大仁858-2,1480,310.9,15.7,1500,田,市街化調整区域,,△,市街化調整区域は原則新築不可・許可要件次第＝本命候補,,2026-06-14,関心:調整区域/無指定,https://akiya-bank.shizuoka.fudohsan.jp/%E7%89%A9%E4%BB%B6/165628/settle/1,不適合
空き家バンクしずおか 伊豆の国市,伊豆の国市,空き家,掲載に空き家表記,伊豆の国市大仁,1980,404.0,16.2,3000,田,市街化区域,,不明,接道・区分情報なし。建物ありだが現行法での再建築可否は役場で要確認,,2026-06-14,,https://akiya-bank.shizuoka.fudohsan.jp/%E7%89%A9%E4%BB%B6/169525/settle/1,適合
空き家バンクしずおか 伊豆の国市,伊豆の国市,更地,土地カテゴリ（建物表記なし）,伊豆の国市奈古谷,1350,416.0,10.7,1500,田,市街化区域,,△,市街化区域だが接道幅員が不明。新築可否は接道要確認,,2026-06-14,関心:無指定,https://akiya-bank.shizuoka.fudohsan.jp/%E7%89%A9%E4%BB%B6/159577/settle/1,適合
空き家バンクしずおか 伊豆の国市,伊豆の国市,古家付き土地,土地＋古家/上物の表記,伊豆の国市南江間1930番38,750,199.1,12.5,1500,田,市街化調整区域,,△,調整区域の建替えは既存宅地要件等の確認が必要＝本命候補,,2026-06-14,関心:調整区域/無指定,https://akiya-bank.shizuoka.fudohsan.jp/%E7%89%A9%E4%BB%B6/165994/settle/1,不適合
空き家バンクしずおか 伊豆の国市,伊豆の国市,空き家,掲載に空き家表記,伊豆の国市長岡,2380,130.6,60.2,3000,田,—,,不明,接道・区分情報なし。建物ありだが現行法での再建築可否は役場で要確認,,2026-06-14,注意:管理費,https://akiya-bank.shizuoka.fudohsan.jp/%E7%89%A9%E4%BB%B6/170946/settle/1,不適合
空き家バンクしずおか 伊豆の国市,伊豆の国市,更地,土地カテゴリ（建物表記なし）,伊豆の国市原木38-1,1390,270.0,17.0,1500,田,市街化区域,,△,市街化区域だが接道幅員が不明。新築可否は接道要確認,,2026-06-14,,https://akiya-bank.shizuoka.fudohsan.jp/%E7%89%A9%E4%BB%B6/139291/settle/1,不適合
空き家バンクしずおか 伊豆の国市,伊豆の国市,中古戸建,中古戸建/住宅カテゴリ,伊豆の国市奈古谷,1380,225.1,20.3,3000,田,市街化区域,,不明,接道・区分情報なし。建物ありだが現行法での再建築可否は役場で要確認,,2026-06-14,関心:無指定 注意:別荘地,https://akiya-bank.shizuoka.fudohsan.jp/%E7%89%A9%E4%BB%B6/164344/settle/1,不適合
家いちば 静岡県,裾野市,古家付き土地,土地＋古家/上物の表記,静岡県裾野市,150,,,1500,—,—,,不明,接道・区分情報なし。建物ありだが現行法での再建築可否は役場で要確認,,2026-08-18,,https://www.ieichiba.com/project/P202600454%E8%A3%BE%E9%87%8E%E5%8D%83%E7%A6%8F%E3%81%8C%E4%B8%98,数値不明
家っち(新日本住建販売) 伊豆の国市 土地一覧,伊豆の国市,更地,土地カテゴリ（建物表記なし）,静岡県伊豆の国市大仁,2780,148.9,61.7,1500,—,—,,不明,接道・区分情報なし、詳細/役場で要確認,,2026-08-22,,https://www.snjhkk.com/s_r_59525/index.html,不適合
家っち(新日本住建販売) 伊豆の国市 土地一覧,伊豆の国市,更地,土地カテゴリ（建物表記なし）,静岡県伊豆の国市古奈,2680,148.8,59.5,1500,—,—,,不明,接道・区分情報なし、詳細/役場で要確認,,2026-08-22,,https://www.snjhkk.com/s_r_59523/index.html,不適合
家っち(新日本住建販売) 伊豆の国市 土地一覧,伊豆の国市,更地,土地カテゴリ（建物表記なし）,静岡県伊豆の国市富士見,2880,188.8,50.4,1500,—,—,,不明,接道・区分情報なし、詳細/役場で要確認,,2026-08-20,,https://www.snjhkk.com/s_r_59520/index.html,不適合
家っち(新日本住建販売) 伊豆の国市 土地一覧,伊豆の国市,更地,土地カテゴリ（建物表記なし）,静岡県伊豆の国市中島,3980,239.0,55.1,1500,—,—,,不明,接道・区分情報なし、詳細/役場で要確認,,2026-07-30,,https://www.snjhkk.com/s_r_59395/index.html,不適合
家っち(新日本住建販売) 伊豆の国市 土地一覧,伊豆の国市,更地,土地カテゴリ（建物表記なし）,静岡県伊豆の国市長岡,1180,,,1500,—,—,,不明,接道・区分情報なし、詳細/役場で要確認,,2026-07-12,,https://www.snjhkk.com/s_r_59246/index.html,数値不明
家っち(新日本住建販売) 伊豆の国市 土地一覧,伊豆の国市,更地,土地カテゴリ（建物表記なし）,静岡県伊豆の国市長岡,1400,354.1,13.1,1500,—,—,,不明,接道・区分情報なし、詳細/役場で要確認,,2026-06-25,,https://www.snjhkk.com/s_r_59044/index.html,適合
家っち(新日本住建販売) 伊豆の国市 土地一覧,伊豆の国市,更地,土地カテゴリ（建物表記なし）,静岡県伊豆の国市北江間,800,3244.8,0.8,1500,宅地,—,,不明,接道・区分情報なし、詳細/役場で要確認,,2026-06-25,,https://www.snjhkk.com/s_r_58978/index.html,適合
家っち(新日本住建販売) 伊豆の国市 土地一覧,伊豆の国市,更地,土地カテゴリ（建物表記なし）,静岡県伊豆の国市原木,1500,173.3,28.6,1500,—,—,,不明,接道・区分情報なし、詳細/役場で要確認,,2026-06-25,,https://www.snjhkk.com/s_r_58976/index.html,不適合
家っち(新日本住建販売) 伊豆の国市 土地一覧,伊豆の国市,更地,土地カテゴリ（建物表記なし）,静岡県伊豆の国市吉田,1750,422.4,13.7,1500,田,—,,不明,接道・区分情報なし、詳細/役場で要確認,,2026-06-25,,https://www.snjhkk.com/s_r_58887/index.html,不適合
家っち(新日本住建販売) 伊豆の国市 土地一覧,伊豆の国市,更地,土地カテゴリ（建物表記なし）,静岡県伊豆の国市原木,750,117.3,21.1,1500,—,—,,不明,接道・区分情報なし、詳細/役場で要確認,,2026-08-07,,https://www.snjhkk.com/s_r_58599/index.html,不適合
家っち(新日本住建販売) 伊豆の国市 土地一覧,伊豆の国市,更地,土地カテゴリ（建物表記なし）,静岡県伊豆の国市長崎,990,200.7,16.3,1500,—,—,,不明,接道・区分情報なし、詳細/役場で要確認,,2026-08-07,,https://www.snjhkk.com/s_r_58594/index.html,不適合
家っち(新日本住建販売) 伊豆の国市 土地一覧,伊豆の国市,更地,土地カテゴリ（建物表記なし）,静岡県伊豆の国市古奈,2380,396.0,19.9,1500,—,—,,不明,接道・区分情報なし、詳細/役場で要確認,,2026-08-07,,https://www.snjhkk.com/s_r_58513/index.html,不適合
家っち(新日本住建販売) 伊豆の国市 土地一覧,伊豆の国市,更地,土地カテゴリ（建物表記なし）,静岡県伊豆の国市寺家,1290,241.0,17.7,1500,—,—,,不明,接道・区分情報なし、詳細/役場で要確認,,2026-08-07,,https://www.snjhkk.com/s_r_58164/index.html,不適合
家っち(新日本住建販売) 伊豆の国市 土地一覧,伊豆の国市,更地,土地カテゴリ（建物表記なし）,静岡県伊豆の国市長岡,2280,,,1500,—,—,,不明,接道・区分情報なし、詳細/役場で要確認,,2026-08-29,注意:温泉,https://www.snjhkk.com/s_r_57996/index.html,数値不明
ビレッジハウス 沼津市（敷金礼金0円）,沼津市,賃貸アパート,賃貸カテゴリ（掲載種別）,静岡県沼津市今沢字水上443-1,,,,5,—,—,,—,賃貸のため対象外,,2026-07-25,関心:敷金なし/礼金なし,https://www.villagehouse.jp/chintai/tokai/shizuoka/numazu-shi-222038/imazawa-4103/,数値不明
ビレッジハウス 沼津市（敷金礼金0円）,沼津市,賃貸アパート,賃貸カテゴリ（掲載種別）,静岡県沼津市原1418-12,,,,5,—,—,,—,賃貸のため対象外,,2026-07-25,関心:敷金なし/礼金なし,https://www.villagehouse.jp/chintai/tokai/shizuoka/numazu-shi-222038/hara-4259/,数値不明
SUUMO 中古戸建 沼津市,沼津市,更地,土地カテゴリ（建物表記なし）,静岡県沼津市岡宮,1390,154.0,29.8,1500,—,—,,不明,接道・区分情報なし、詳細/役場で要確認,,2026-08-07,,https://suumo.jp/chukoikkodate/shizuoka/sc_numazu/nc_21443163/,不適合
SUUMO 中古戸建 沼津市,沼津市,更地,土地カテゴリ（建物表記なし）,静岡県沼津市下香貫牛臥,1390,527.3,8.7,1500,—,—,,不明,接道・区分情報なし、詳細/役場で要確認,,2026-06-17,,https://suumo.jp/chukoikkodate/shizuoka/sc_numazu/nc_74785946/,適合
SUUMO 中古戸建 沼津市,沼津市,更地,土地カテゴリ（建物表記なし）,静岡県沼津市青野,1490,165.4,29.8,1500,—,—,,不明,接道・区分情報なし、詳細/役場で要確認,,2026-06-17,,https://suumo.jp/chukoikkodate/shizuoka/sc_numazu/nc_76004739/,不適合
SUUMO 中古戸建 沼津市,沼津市,更地,土地カテゴリ（建物表記なし）,静岡県沼津市大諏訪,2170,134.0,53.5,1500,田,—,,不明,接道・区分情報なし、詳細/役場で要確認,,2026-08-07,,https://suumo.jp/chukoikkodate/shizuoka/sc_numazu/nc_21442241/,不適合
SUUMO 中古戸建 沼津市,沼津市,中古戸建,中古戸建/住宅カテゴリ,静岡県沼津市西沢田,2280,154.2,48.9,3000,田,—,,不明,接道・区分情報なし。建物ありだが現行法での再建築可否は役場で要確認,,2026-07-26,,https://suumo.jp/chukoikkodate/shizuoka/sc_numazu/nc_21025967/,不適合
SUUMO 中古戸建 沼津市,沼津市,更地,土地カテゴリ（建物表記なし）,静岡県沼津市大岡,2299,163.6,46.5,1500,—,—,,不明,接道・区分情報なし、詳細/役場で要確認,,2026-07-20,,https://suumo.jp/chukoikkodate/shizuoka/sc_numazu/nc_21330181/,不適合
SUUMO 中古戸建 沼津市,沼津市,更地,土地カテゴリ（建物表記なし）,静岡県沼津市大岡,2480,143.9,57.0,1500,—,—,,不明,接道・区分情報なし、詳細/役場で要確認,,2026-06-22,,https://suumo.jp/chukoikkodate/shizuoka/sc_numazu/nc_21123638/,不適合
SUUMO 中古戸建 沼津市,沼津市,更地,土地カテゴリ（建物表記なし）,静岡県沼津市大岡,2980,165.7,59.5,1500,—,—,,不明,接道・区分情報なし、詳細/役場で要確認,,2026-06-17,,https://suumo.jp/chukoikkodate/shizuoka/sc_numazu/nc_79233619/,不適合
SUUMO 中古戸建 沼津市,沼津市,更地,土地カテゴリ（建物表記なし）,静岡県沼津市大岡,2980,320.6,30.7,1500,—,—,,不明,接道・区分情報なし、詳細/役場で要確認,,2026-06-17,,https://suumo.jp/chukoikkodate/shizuoka/sc_numazu/nc_78801413/,不適合
SUUMO 中古戸建 沼津市,沼津市,更地,土地カテゴリ（建物表記なし）,静岡県沼津市原,2980,172.8,57.0,1500,—,—,,不明,接道・区分情報なし、詳細/役場で要確認,,2026-06-17,,https://suumo.jp/chukoikkodate/shizuoka/sc_numazu/nc_79055873/,不適合
SUUMO 中古戸建 沼津市,沼津市,更地,土地カテゴリ（建物表記なし）,静岡県沼津市下香貫大久保,2998,477.1,20.8,1500,宅地,—,,不明,接道・区分情報なし、詳細/役場で要確認,,2026-07-12,,https://suumo.jp/chukoikkodate/shizuoka/sc_numazu/nc_21270759/,不適合
SUUMO 中古戸建 沼津市,沼津市,更地,土地カテゴリ（建物表記なし）,静岡県沼津市大岡,3390,150.6,74.4,1500,—,—,,不明,接道・区分情報なし、詳細/役場で要確認,,2026-06-17,,https://suumo.jp/chukoikkodate/shizuoka/sc_numazu/nc_20814738/,不適合
SUUMO 中古戸建 沼津市,沼津市,中古戸建,中古戸建/住宅カテゴリ,静岡県沼津市青野,3850,503.2,25.3,3000,—,—,,不明,接道・区分情報なし。建物ありだが現行法での再建築可否は役場で要確認,,2026-06-17,,https://suumo.jp/chukoikkodate/shizuoka/sc_numazu/nc_78483496/,不適合
SUUMO 中古戸建 沼津市,沼津市,更地,土地カテゴリ（建物表記なし）,静岡県沼津市原,5200,188.2,91.3,1500,—,—,,不明,接道・区分情報なし、詳細/役場で要確認,,2026-06-17,,https://suumo.jp/chukoikkodate/shizuoka/sc_numazu/nc_20340171/,不適合
SUUMO 中古戸建 沼津市,沼津市,中古戸建,中古戸建/住宅カテゴリ,静岡県沼津市大岡,2299,163.6,46.5,3000,—,—,,不明,接道・区分情報なし。建物ありだが現行法での再建築可否は役場で要確認,,2026-07-21,,https://suumo.jp/chukoikkodate/shizuoka/sc_numazu/nc_21333723/,不適合
SUUMO 中古戸建 沼津市,沼津市,中古戸建,中古戸建/住宅カテゴリ,静岡県沼津市大岡,2300,295.3,25.7,3000,—,—,,不明,接道・区分情報なし。建物ありだが現行法での再建築可否は役場で要確認,,2026-08-11,,https://suumo.jp/chukoikkodate/shizuoka/sc_numazu/nc_77537892/,不適合
SUUMO 中古戸建 沼津市,沼津市,更地,土地カテゴリ（建物表記なし）,静岡県沼津市三芳町,2380,154.0,51.1,1500,—,—,,不明,接道・区分情報なし、詳細/役場で要確認,,2026-06-17,,https://suumo.jp/chukoikkodate/shizuoka/sc_numazu/nc_20969942/,不適合
SUUMO 中古戸建 沼津市,沼津市,更地,土地カテゴリ（建物表記なし）,静岡県沼津市本郷町1787-10,2429,138.1,58.1,1500,—,—,,不明,接道・区分情報なし、詳細/役場で要確認,,2026-07-20,,https://suumo.jp/chukoikkodate/shizuoka/sc_numazu/nc_20830611/,不適合
SUUMO 中古戸建 沼津市,沼津市,更地,土地カテゴリ（建物表記なし）,静岡県沼津市戸田,2500,2142.1,3.9,1500,田,—,,不明,接道・区分情報なし、詳細/役場で要確認,,2026-06-17,,https://suumo.jp/chukoikkodate/shizuoka/sc_numazu/nc_20712495/,不適合
SUUMO 中古戸建 沼津市,沼津市,中古戸建,中古戸建/住宅カテゴリ,静岡県沼津市下香貫西村,4480,269.5,55.0,3000,—,—,,不明,接道・区分情報なし。建物ありだが現行法での再建築可否は役場で要確認,,2026-06-17,,https://suumo.jp/chukoikkodate/shizuoka/sc_numazu/nc_78936722/,不適合
SUUMO 中古戸建 沼津市,沼津市,更地,土地カテゴリ（建物表記なし）,静岡県沼津市戸田,300,116.3,8.5,1500,田,—,,不明,接道・区分情報なし、詳細/役場で要確認,,2026-06-17,,https://suumo.jp/chukoikkodate/shizuoka/sc_numazu/nc_75291028/,不適合
SUUMO 中古戸建 沼津市,沼津市,更地,土地カテゴリ（建物表記なし）,静岡県沼津市大諏訪主要地,350,184.4,6.3,1500,—,—,,×,掲載に再建築不可の表記（新規建築不可）,,2026-06-17,注意:再建築不可,https://suumo.jp/chukoikkodate/shizuoka/sc_numazu/nc_20980141/,不適合
SUUMO 中古戸建 沼津市,沼津市,更地,土地カテゴリ（建物表記なし）,静岡県沼津市戸田,400,67.3,19.6,1500,田,—,,不明,接道・区分情報なし、詳細/役場で要確認,,2026-06-28,,https://suumo.jp/chukoikkodate/shizuoka/sc_numazu/nc_21168729/,不適合
SUUMO 中古戸建 沼津市,沼津市,更地,土地カテゴリ（建物表記なし）,静岡県沼津市東椎路,650,88.4,24.3,1500,—,—,,不明,接道・区分情報なし、詳細/役場で要確認,,2026-06-17,,https://suumo.jp/chukoikkodate/shizuoka/sc_numazu/nc_75024361/,不適合
SUUMO 中古戸建 沼津市,沼津市,更地,土地カテゴリ（建物表記なし）,静岡県沼津市大諏訪,790,79.2,33.0,1500,—,—,,不明,接道・区分情報なし、詳細/役場で要確認,,2026-06-17,,https://suumo.jp/chukoikkodate/shizuoka/sc_numazu/nc_20205621/,不適合
SUUMO 中古戸建 沼津市,沼津市,更地,土地カテゴリ（建物表記なし）,静岡県沼津市大諏訪396-4,849,165.6,16.9,1500,—,—,,不明,接道・区分情報なし、詳細/役場で要確認,,2026-08-18,,https://suumo.jp/chukoikkodate/shizuoka/sc_numazu/nc_21505600/,不適合
SUUMO 中古戸建 沼津市,沼津市,更地,土地カテゴリ（建物表記なし）,静岡県沼津市駿河台2-2,970,115.1,27.9,1500,—,—,,不明,接道・区分情報なし、詳細/役場で要確認,,2026-06-17,,https://suumo.jp/chukoikkodate/shizuoka/sc_numazu/nc_20529537/,不適合
SUUMO 中古戸建 沼津市,沼津市,更地,土地カテゴリ（建物表記なし）,静岡県沼津市大岡,980,90.1,36.0,1500,—,—,,不明,接道・区分情報なし、詳細/役場で要確認,,2026-07-27,,https://suumo.jp/chukoikkodate/shizuoka/sc_numazu/nc_21068413/,不適合
SUUMO 中古戸建 沼津市,沼津市,更地,土地カテゴリ（建物表記なし）,静岡県沼津市原,1140,139.8,27.0,1500,—,—,,不明,接道・区分情報なし、詳細/役場で要確認,,2026-06-17,,https://suumo.jp/chukoikkodate/shizuoka/sc_numazu/nc_20772933/,不適合
SUUMO 中古戸建 沼津市,沼津市,更地,土地カテゴリ（建物表記なし）,静岡県沼津市東椎路,1200,188.0,21.1,1500,—,—,,不明,接道・区分情報なし、詳細/役場で要確認,,2026-06-17,,https://suumo.jp/chukoikkodate/shizuoka/sc_numazu/nc_20050142/,不適合
SUUMO 中古戸建 沼津市,沼津市,更地,土地カテゴリ（建物表記なし）,静岡県沼津市大岡1102-13,1200,148.5,26.7,1500,—,—,,不明,接道・区分情報なし、詳細/役場で要確認,,2026-06-17,,https://suumo.jp/chukoikkodate/shizuoka/sc_numazu/nc_77187020/,不適合
SUUMO 中古戸建 沼津市,沼津市,更地,土地カテゴリ（建物表記なし）,静岡県沼津市青野,1200,175.3,22.6,1500,—,—,,不明,接道・区分情報なし、詳細/役場で要確認,,2026-06-17,,https://suumo.jp/chukoikkodate/shizuoka/sc_numazu/nc_20512805/,不適合
SUUMO 中古戸建 沼津市,沼津市,更地,土地カテゴリ（建物表記なし）,静岡県沼津市大平,1200,287.7,13.8,1500,—,—,,不明,接道・区分情報なし、詳細/役場で要確認,,2026-06-17,,https://suumo.jp/chukoikkodate/shizuoka/sc_numazu/nc_75057063/,不適合
SUUMO 中古戸建 沼津市,沼津市,更地,土地カテゴリ（建物表記なし）,静岡県沼津市東椎路,1300,166.9,25.7,1500,—,—,,不明,接道・区分情報なし、詳細/役場で要確認,,2026-08-20,,https://suumo.jp/chukoikkodate/shizuoka/sc_numazu/nc_76886749/,不適合
SUUMO 中古戸建 沼津市,沼津市,古家付き土地,土地＋古家/上物の表記,静岡県沼津市根古屋,1330,199.5,22.0,1500,—,—,,不明,接道・区分情報なし。建物ありだが現行法での再建築可否は役場で要確認,,2026-08-07,,https://suumo.jp/chukoikkodate/shizuoka/sc_numazu/nc_21014961/,不適合
SUUMO 中古戸建 沼津市,沼津市,更地,土地カテゴリ（建物表記なし）,静岡県沼津市今沢,1350,156.1,28.6,1500,—,—,,不明,接道・区分情報なし、詳細/役場で要確認,,2026-07-30,,https://suumo.jp/chukoikkodate/shizuoka/sc_numazu/nc_78608939/,不適合
SUUMO 中古戸建 沼津市,沼津市,更地,土地カテゴリ（建物表記なし）,静岡県沼津市今沢508-19,1350,216.4,20.6,1500,—,—,,不明,接道・区分情報なし、詳細/役場で要確認,,2026-08-29,,https://suumo.jp/chukoikkodate/shizuoka/sc_numazu/nc_21571204/,不適合
SUUMO 中古戸建 沼津市,沼津市,中古戸建,中古戸建/住宅カテゴリ,静岡県沼津市岡宮1344-87,1390,154.0,29.8,3000,—,—,,不明,接道・区分情報なし。建物ありだが現行法での再建築可否は役場で要確認,,2026-08-07,,https://suumo.jp/chukoikkodate/shizuoka/sc_numazu/nc_21451439/,不適合
SUUMO 中古戸建 沼津市,沼津市,更地,土地カテゴリ（建物表記なし）,静岡県沼津市下香貫木ノ宮,1390,114.1,40.3,1500,宅地,—,,不明,接道・区分情報なし、詳細/役場で要確認,,2026-06-17,,https://suumo.jp/chukoikkodate/shizuoka/sc_numazu/nc_78285519/,不適合
SUUMO 中古戸建 沼津市,沼津市,更地,土地カテゴリ（建物表記なし）,静岡県沼津市大岡2587-6,1399,149.4,31.0,1500,宅地,—,,不明,接道・区分情報なし、詳細/役場で要確認,,2026-06-17,,https://suumo.jp/chukoikkodate/shizuoka/sc_numazu/nc_20898482/,不適合
SUUMO 中古戸建 沼津市,沼津市,更地,土地カテゴリ（建物表記なし）,静岡県沼津市本西松下856-6,1399,183.8,25.2,1500,—,—,,不明,接道・区分情報なし、詳細/役場で要確認,,2026-08-24,,https://suumo.jp/chukoikkodate/shizuoka/sc_numazu/nc_21524360/,不適合
SUUMO 中古戸建 沼津市,沼津市,更地,土地カテゴリ（建物表記なし）,静岡県沼津市西間門２,1400,107.3,43.1,1500,—,—,,不明,接道・区分情報なし、詳細/役場で要確認,,2026-06-17,,https://suumo.jp/chukoikkodate/shizuoka/sc_numazu/nc_75599152/,不適合
SUUMO 中古戸建 沼津市,沼津市,更地,土地カテゴリ（建物表記なし）,静岡県沼津市今沢,1450,156.1,30.7,1500,—,—,,不明,接道・区分情報なし、詳細/役場で要確認,,2026-06-17,,https://suumo.jp/chukoikkodate/shizuoka/sc_numazu/nc_77897215/,不適合
SUUMO 中古戸建 沼津市,沼津市,更地,土地カテゴリ（建物表記なし）,静岡県沼津市戸田,1480,230.1,21.3,1500,田,—,,不明,接道・区分情報なし、詳細/役場で要確認,,2026-08-07,,https://suumo.jp/chukoikkodate/shizuoka/sc_numazu/nc_21457477/,不適合
SUUMO 中古戸建 沼津市,沼津市,更地,土地カテゴリ（建物表記なし）,静岡県沼津市戸田,1500,291.8,17.0,1500,田,—,,不明,接道・区分情報なし、詳細/役場で要確認,,2026-06-17,,https://suumo.jp/chukoikkodate/shizuoka/sc_numazu/nc_77555825/,不適合
SUUMO 中古戸建 沼津市,沼津市,更地,土地カテゴリ（建物表記なし）,静岡県沼津市松長,1580,133.3,39.2,1500,—,—,,不明,接道・区分情報なし、詳細/役場で要確認,,2026-07-27,,https://suumo.jp/chukoikkodate/shizuoka/sc_numazu/nc_21378744/,不適合
SUUMO 中古戸建 沼津市,沼津市,更地,土地カテゴリ（建物表記なし）,静岡県沼津市大平2277-20,1599,165.7,31.9,1500,—,—,,不明,接道・区分情報なし、詳細/役場で要確認,,2026-07-20,,https://suumo.jp/chukoikkodate/shizuoka/sc_numazu/nc_20837360/,不適合
SUUMO 中古戸建 沼津市,沼津市,更地,土地カテゴリ（建物表記なし）,静岡県沼津市東間門,1630,131.0,41.1,1500,—,—,,不明,接道・区分情報なし、詳細/役場で要確認,,2026-07-27,,https://suumo.jp/chukoikkodate/shizuoka/sc_numazu/nc_20720546/,不適合
SUUMO 中古戸建 沼津市,沼津市,更地,土地カテゴリ（建物表記なし）,静岡県沼津市下香貫牛臥,1630,257.0,21.0,1500,田,—,,不明,接道・区分情報なし、詳細/役場で要確認,,2026-06-17,,https://suumo.jp/chukoikkodate/shizuoka/sc_numazu/nc_79070479/,不適合
SUUMO 中古戸建 沼津市,沼津市,更地,土地カテゴリ（建物表記なし）,静岡県沼津市東椎路,1680,214.8,25.9,1500,—,—,,不明,接道・区分情報なし、詳細/役場で要確認,,2026-06-17,,https://suumo.jp/chukoikkodate/shizuoka/sc_numazu/nc_20822228/,不適合
SUUMO 中古戸建 沼津市,沼津市,更地,土地カテゴリ（建物表記なし）,静岡県沼津市岡宮,1680,156.6,35.5,1500,—,—,,不明,接道・区分情報なし、詳細/役場で要確認,,2026-07-07,,https://suumo.jp/chukoikkodate/shizuoka/sc_numazu/nc_21236968/,不適合
SUUMO 中古戸建 沼津市,沼津市,更地,土地カテゴリ（建物表記なし）,静岡県沼津市東椎路,1680,214.8,25.9,1500,—,—,,不明,接道・区分情報なし、詳細/役場で要確認,,2026-06-17,,https://suumo.jp/chukoikkodate/shizuoka/sc_numazu/nc_21078619/,不適合
SUUMO 中古戸建 沼津市,沼津市,更地,土地カテゴリ（建物表記なし）,静岡県沼津市東椎路,1680,214.8,25.9,1500,—,—,,不明,接道・区分情報なし、詳細/役場で要確認,,2026-06-17,,https://suumo.jp/chukoikkodate/shizuoka/sc_numazu/nc_21079412/,不適合
SUUMO 中古戸建 沼津市,沼津市,更地,土地カテゴリ（建物表記なし）,静岡県沼津市東原638-20,1699,162.0,34.7,1500,—,—,,不明,接道・区分情報なし、詳細/役場で要確認,,2026-06-17,,https://suumo.jp/chukoikkodate/shizuoka/sc_numazu/nc_20831135/,不適合
SUUMO 中古戸建 沼津市,沼津市,古家付き土地,土地＋古家/上物の表記,静岡県沼津市根古屋,1749,183.5,31.5,1500,—,—,,不明,接道・区分情報なし。建物ありだが現行法での再建築可否は役場で要確認,,2026-06-22,,https://suumo.jp/chukoikkodate/shizuoka/sc_numazu/nc_21122850/,不適合
SUUMO 中古戸建 沼津市,沼津市,更地,土地カテゴリ（建物表記なし）,静岡県沼津市江浦,1750,111.2,52.0,1500,—,—,,不明,接道・区分情報なし、詳細/役場で要確認,,2026-06-17,,https://suumo.jp/chukoikkodate/shizuoka/sc_numazu/nc_72024223/,不適合
SUUMO 中古戸建 沼津市,沼津市,更地,土地カテゴリ（建物表記なし）,静岡県沼津市大塚415-4,1799,147.2,40.4,1500,—,—,,不明,接道・区分情報なし、詳細/役場で要確認,,2026-06-17,,https://suumo.jp/chukoikkodate/shizuoka/sc_numazu/nc_20904647/,不適合
SUUMO 中古戸建 沼津市,沼津市,更地,土地カテゴリ（建物表記なし）,静岡県沼津市原町中３,1800,259.2,23.0,1500,—,—,,不明,接道・区分情報なし、詳細/役場で要確認,,2026-07-25,,https://suumo.jp/chukoikkodate/shizuoka/sc_numazu/nc_21263157/,不適合
SUUMO 中古戸建 沼津市,沼津市,更地,土地カテゴリ（建物表記なし）,静岡県沼津市今沢,1800,205.6,28.9,1500,—,—,,不明,接道・区分情報なし、詳細/役場で要確認,,2026-06-17,,https://suumo.jp/chukoikkodate/shizuoka/sc_numazu/nc_76096839/,不適合
SUUMO 中古戸建 沼津市,沼津市,更地,土地カテゴリ（建物表記なし）,静岡県沼津市高砂町,1850,215.0,28.4,1500,—,—,,不明,接道・区分情報なし、詳細/役場で要確認,,2026-07-31,,https://suumo.jp/chukoikkodate/shizuoka/sc_numazu/nc_21400499/,不適合
SUUMO 中古戸建 沼津市,沼津市,更地,土地カテゴリ（建物表記なし）,静岡県沼津市西椎路,1890,157.4,39.7,1500,田,—,,不明,接道・区分情報なし、詳細/役場で要確認,,2026-06-17,,https://suumo.jp/chukoikkodate/shizuoka/sc_numazu/nc_78435984/,不適合
SUUMO 中古戸建 沼津市,沼津市,更地,土地カテゴリ（建物表記なし）,静岡県沼津市西椎路,1890,157.4,39.7,1500,—,—,,不明,接道・区分情報なし、詳細/役場で要確認,,2026-06-17,,https://suumo.jp/chukoikkodate/shizuoka/sc_numazu/nc_20121290/,不適合
SUUMO 中古戸建 沼津市,沼津市,更地,土地カテゴリ（建物表記なし）,静岡県沼津市西椎路,1890,157.4,39.7,1500,—,—,,不明,接道・区分情報なし、詳細/役場で要確認,,2026-06-17,,https://suumo.jp/chukoikkodate/shizuoka/sc_numazu/nc_79172006/,不適合
SUUMO 中古戸建 沼津市,沼津市,更地,土地カテゴリ（建物表記なし）,静岡県沼津市西熊堂,1980,303.7,21.6,1500,—,—,,不明,接道・区分情報なし、詳細/役場で要確認,,2026-07-13,,https://suumo.jp/chukoikkodate/shizuoka/sc_numazu/nc_21276339/,不適合
SUUMO 中古戸建 沼津市,沼津市,更地,土地カテゴリ（建物表記なし）,静岡県沼津市東椎路,1980,149.0,43.9,1500,—,—,,不明,接道・区分情報なし、詳細/役場で要確認,,2026-07-28,,https://suumo.jp/chukoikkodate/shizuoka/sc_numazu/nc_21384979/,不適合
SUUMO 中古戸建 沼津市,沼津市,更地,土地カテゴリ（建物表記なし）,静岡県沼津市岡一色,2080,153.9,44.7,1500,—,—,,不明,接道・区分情報なし、詳細/役場で要確認,,2026-06-28,,https://suumo.jp/chukoikkodate/shizuoka/sc_numazu/nc_21081411/,不適合
SUUMO 中古戸建 沼津市,沼津市,更地,土地カテゴリ（建物表記なし）,静岡県沼津市岡一色,2080,153.9,44.7,1500,—,—,,不明,接道・区分情報なし、詳細/役場で要確認,,2026-07-02,,https://suumo.jp/chukoikkodate/shizuoka/sc_numazu/nc_20651577/,不適合
SUUMO 中古戸建 沼津市,沼津市,更地,土地カテゴリ（建物表記なし）,静岡県沼津市大岡,2100,167.3,41.5,1500,—,—,,不明,接道・区分情報なし、詳細/役場で要確認,,2026-06-17,,https://suumo.jp/chukoikkodate/shizuoka/sc_numazu/nc_20069917/,不適合
SUUMO 中古戸建 沼津市,沼津市,更地,土地カテゴリ（建物表記なし）,静岡県沼津市青野,2150,179.1,39.7,1500,—,—,,不明,接道・区分情報なし、詳細/役場で要確認,,2026-06-17,,https://suumo.jp/chukoikkodate/shizuoka/sc_numazu/nc_78732420/,不適合
SUUMO 中古戸建 沼津市,沼津市,更地,土地カテゴリ（建物表記なし）,静岡県沼津市小林台,2280,132.3,57.0,1500,—,—,,不明,接道・区分情報なし、詳細/役場で要確認,,2026-06-17,,https://suumo.jp/chukoikkodate/shizuoka/sc_numazu/nc_20637819/,不適合
SUUMO 中古戸建 沼津市,沼津市,更地,土地カテゴリ（建物表記なし）,静岡県沼津市小林台,2280,132.3,57.0,1500,—,—,,不明,接道・区分情報なし、詳細/役場で要確認,,2026-06-17,,https://suumo.jp/chukoikkodate/shizuoka/sc_numazu/nc_20580116/,不適合
SUUMO 中古戸建 沼津市,沼津市,更地,土地カテゴリ（建物表記なし）,静岡県沼津市東椎路,2280,141.0,53.5,1500,—,—,,不明,接道・区分情報なし、詳細/役場で要確認,,2026-06-17,,https://suumo.jp/chukoikkodate/shizuoka/sc_numazu/nc_20507900/,不適合
SUUMO 中古戸建 沼津市,沼津市,更地,土地カテゴリ（建物表記なし）,静岡県沼津市大岡,2299,163.6,46.5,1500,—,—,,不明,接道・区分情報なし、詳細/役場で要確認,,2026-08-03,,https://suumo.jp/chukoikkodate/shizuoka/sc_numazu/nc_20937638/,不適合
SUUMO 中古戸建 沼津市,沼津市,更地,土地カテゴリ（建物表記なし）,静岡県沼津市大岡,2299,163.6,46.5,1500,—,—,,不明,接道・区分情報なし、詳細/役場で要確認,,2026-08-07,,https://suumo.jp/chukoikkodate/shizuoka/sc_numazu/nc_21444174/,不適合
SUUMO 中古戸建 沼津市,沼津市,更地,土地カテゴリ（建物表記なし）,静岡県沼津市大岡3559-58,2299,163.6,46.5,1500,—,—,,不明,接道・区分情報なし、詳細/役場で要確認,,2026-06-17,,https://suumo.jp/chukoikkodate/shizuoka/sc_numazu/nc_20898518/,不適合
SUUMO 中古戸建 沼津市,沼津市,更地,土地カテゴリ（建物表記なし）,静岡県沼津市大岡,2299,163.6,46.5,1500,—,—,,不明,接道・区分情報なし、詳細/役場で要確認,,2026-08-12,,https://suumo.jp/chukoikkodate/shizuoka/sc_numazu/nc_21487971/,不適合
SUUMO 中古戸建 沼津市,沼津市,中古戸建,中古戸建/住宅カテゴリ,静岡県沼津市大岡3559-58,2299,163.6,46.5,3000,—,—,,不明,接道・区分情報なし。建物ありだが現行法での再建築可否は役場で要確認,,2026-08-03,,https://suumo.jp/chukoikkodate/shizuoka/sc_numazu/nc_21423110/,不適合
SUUMO 中古戸建 沼津市,沼津市,更地,土地カテゴリ（建物表記なし）,静岡県沼津市大岡,2299,163.6,46.5,1500,—,—,,不明,接道・区分情報なし、詳細/役場で要確認,,2026-07-23,,https://suumo.jp/chukoikkodate/shizuoka/sc_numazu/nc_21347035/,不適合
SUUMO 中古戸建 沼津市,沼津市,更地,土地カテゴリ（建物表記なし）,静岡県沼津市原町中３-14-22,2349,211.0,36.8,1500,—,—,,不明,接道・区分情報なし、詳細/役場で要確認,,2026-06-17,,https://suumo.jp/chukoikkodate/shizuoka/sc_numazu/nc_20898491/,不適合
SUUMO 中古戸建 沼津市,沼津市,更地,土地カテゴリ（建物表記なし）,静岡県沼津市我入道一本松町,2350,148.8,52.2,1500,—,—,,不明,接道・区分情報なし、詳細/役場で要確認,,2026-06-17,,https://suumo.jp/chukoikkodate/shizuoka/sc_numazu/nc_20627981/,不適合
SUUMO 中古戸建 沼津市,沼津市,更地,土地カテゴリ（建物表記なし）,静岡県沼津市我入道東町,2480,121.7,67.4,1500,—,—,,不明,接道・区分情報なし、詳細/役場で要確認,,2026-06-28,,https://suumo.jp/chukoikkodate/shizuoka/sc_numazu/nc_77639940/,不適合
SUUMO 中古戸建 沼津市,沼津市,更地,土地カテゴリ（建物表記なし）,静岡県沼津市井出,2480,244.5,33.5,1500,—,—,,不明,接道・区分情報なし、詳細/役場で要確認,,2026-06-17,,https://suumo.jp/chukoikkodate/shizuoka/sc_numazu/nc_79222272/,不適合
SUUMO 中古戸建 沼津市,沼津市,更地,土地カテゴリ（建物表記なし）,静岡県沼津市我入道東町,2480,121.7,67.4,1500,—,—,,不明,接道・区分情報なし、詳細/役場で要確認,,2026-08-01,,https://suumo.jp/chukoikkodate/shizuoka/sc_numazu/nc_21412989/,不適合
SUUMO 中古戸建 沼津市,沼津市,更地,土地カテゴリ（建物表記なし）,静岡県沼津市大塚,2498,151.6,54.5,1500,—,—,,不明,接道・区分情報なし、詳細/役場で要確認,,2026-06-17,,https://suumo.jp/chukoikkodate/shizuoka/sc_numazu/nc_20873467/,不適合
SUUMO 中古戸建 沼津市,沼津市,更地,土地カテゴリ（建物表記なし）,静岡県沼津市大塚,2498,151.6,54.5,1500,—,—,,不明,接道・区分情報なし、詳細/役場で要確認,,2026-08-07,,https://suumo.jp/chukoikkodate/shizuoka/sc_numazu/nc_20739200/,不適合
SUUMO 中古戸建 沼津市,沼津市,更地,土地カテゴリ（建物表記なし）,静岡県沼津市東間門２,2580,113.2,75.3,1500,—,—,,不明,接道・区分情報なし、詳細/役場で要確認,,2026-08-24,,https://suumo.jp/chukoikkodate/shizuoka/sc_numazu/nc_21545799/,不適合
SUUMO 中古戸建 沼津市,沼津市,更地,土地カテゴリ（建物表記なし）,静岡県沼津市新沢田町,2580,136.8,62.3,1500,田,—,,不明,接道・区分情報なし、詳細/役場で要確認,,2026-06-17,,https://suumo.jp/chukoikkodate/shizuoka/sc_numazu/nc_76057540/,不適合
SUUMO 中古戸建 沼津市,沼津市,更地,土地カテゴリ（建物表記なし）,静岡県沼津市東間門２,2580,113.2,75.3,1500,—,—,,不明,接道・区分情報なし、詳細/役場で要確認,,2026-06-17,,https://suumo.jp/chukoikkodate/shizuoka/sc_numazu/nc_20734158/,不適合
SUUMO 中古戸建 沼津市,沼津市,更地,土地カテゴリ（建物表記なし）,静岡県沼津市高沢町16-13,2649,109.9,79.7,1500,—,—,,不明,接道・区分情報なし、詳細/役場で要確認,,2026-08-04,,https://suumo.jp/chukoikkodate/shizuoka/sc_numazu/nc_20898943/,不適合
SUUMO 中古戸建 沼津市,沼津市,更地,土地カテゴリ（建物表記なし）,静岡県沼津市大岡,2650,204.6,42.8,1500,—,—,,不明,接道・区分情報なし、詳細/役場で要確認,,2026-06-17,,https://suumo.jp/chukoikkodate/shizuoka/sc_numazu/nc_20152031/,不適合
SUUMO 中古戸建 沼津市,沼津市,更地,土地カテゴリ（建物表記なし）,静岡県沼津市三枚橋竹ノ岬,2750,109.0,83.4,1500,—,—,,不明,接道・区分情報なし、詳細/役場で要確認,,2026-06-17,,https://suumo.jp/chukoikkodate/shizuoka/sc_numazu/nc_20681893/,不適合
SUUMO 中古戸建 沼津市,沼津市,更地,土地カテゴリ（建物表記なし）,静岡県沼津市下香貫藤井原,2750,148.1,61.4,1500,—,—,,不明,接道・区分情報なし、詳細/役場で要確認,,2026-06-17,,https://suumo.jp/chukoikkodate/shizuoka/sc_numazu/nc_21072577/,不適合
SUUMO 中古戸建 沼津市,沼津市,更地,土地カテゴリ（建物表記なし）,静岡県沼津市大平,2780,200.3,45.9,1500,田,—,,不明,接道・区分情報なし、詳細/役場で要確認,,2026-06-17,,https://suumo.jp/chukoikkodate/shizuoka/sc_numazu/nc_20139133/,不適合
SUUMO 中古戸建 沼津市,沼津市,更地,土地カテゴリ（建物表記なし）,静岡県沼津市大諏訪,2874,456.2,20.8,1500,—,—,,不明,接道・区分情報なし、詳細/役場で要確認,,2026-06-17,,https://suumo.jp/chukoikkodate/shizuoka/sc_numazu/nc_20354275/,不適合
SUUMO 中古戸建 沼津市,沼津市,更地,土地カテゴリ（建物表記なし）,静岡県沼津市足高,2980,706.6,13.9,1500,—,—,,不明,接道・区分情報なし、詳細/役場で要確認,,2026-06-17,,https://suumo.jp/chukoikkodate/shizuoka/sc_numazu/nc_78724665/,不適合
SUUMO 中古戸建 沼津市,沼津市,更地,土地カテゴリ（建物表記なし）,静岡県沼津市大岡,2980,323.3,30.5,1500,—,—,,不明,接道・区分情報なし、詳細/役場で要確認,,2026-06-17,,https://suumo.jp/chukoikkodate/shizuoka/sc_numazu/nc_76257803/,不適合
SUUMO 中古戸建 沼津市,沼津市,更地,土地カテゴリ（建物表記なし）,静岡県沼津市北今沢,2980,235.0,41.9,1500,—,—,,不明,接道・区分情報なし、詳細/役場で要確認,,2026-06-17,,https://suumo.jp/chukoikkodate/shizuoka/sc_numazu/nc_77497222/,不適合
SUUMO 中古戸建 沼津市,沼津市,更地,土地カテゴリ（建物表記なし）,静岡県沼津市大諏訪,2980,157.0,62.7,1500,—,—,,不明,接道・区分情報なし、詳細/役場で要確認,,2026-07-07,,https://suumo.jp/chukoikkodate/shizuoka/sc_numazu/nc_21237979/,不適合
SUUMO 中古戸建 沼津市,沼津市,更地,土地カテゴリ（建物表記なし）,静岡県沼津市大岡,2990,199.4,49.6,1500,—,—,,不明,接道・区分情報なし、詳細/役場で要確認,,2026-07-07,,https://suumo.jp/chukoikkodate/shizuoka/sc_numazu/nc_79143561/,不適合
SUUMO 中古戸建 沼津市,沼津市,更地,土地カテゴリ（建物表記なし）,静岡県沼津市岡一色588-5,2999,479.4,20.7,1500,—,—,,不明,接道・区分情報なし、詳細/役場で要確認,,2026-06-30,,https://suumo.jp/chukoikkodate/shizuoka/sc_numazu/nc_20899211/,不適合
SUUMO 中古戸建 沼津市,沼津市,更地,土地カテゴリ（建物表記なし）,静岡県沼津市西条町,3000,126.2,78.6,1500,—,—,,不明,接道・区分情報なし、詳細/役場で要確認,,2026-06-17,,https://suumo.jp/chukoikkodate/shizuoka/sc_numazu/nc_21058112/,不適合
SUUMO 中古戸建 沼津市,沼津市,更地,土地カテゴリ（建物表記なし）,静岡県沼津市戸田,3100,343.0,29.9,1500,田,—,,不明,接道・区分情報なし、詳細/役場で要確認,,2026-07-20,,https://suumo.jp/chukoikkodate/shizuoka/sc_numazu/nc_21331363/,不適合
SUUMO 中古戸建 沼津市,沼津市,更地,土地カテゴリ（建物表記なし）,静岡県沼津市西熊堂,3450,145.2,78.5,1500,—,—,,不明,接道・区分情報なし、詳細/役場で要確認,,2026-06-17,,https://suumo.jp/chukoikkodate/shizuoka/sc_numazu/nc_20590124/,不適合
SUUMO 中古戸建 沼津市,沼津市,更地,土地カテゴリ（建物表記なし）,静岡県沼津市大岡,3450,162.6,70.1,1500,—,—,,不明,接道・区分情報なし、詳細/役場で要確認,,2026-07-01,,https://suumo.jp/chukoikkodate/shizuoka/sc_numazu/nc_77674440/,不適合
SUUMO 中古戸建 沼津市,沼津市,更地,土地カテゴリ（建物表記なし）,静岡県沼津市高砂町,3480,156.4,73.6,1500,田,—,,不明,接道・区分情報なし、詳細/役場で要確認,,2026-06-17,,https://suumo.jp/chukoikkodate/shizuoka/sc_numazu/nc_78942505/,不適合
SUUMO 中古戸建 沼津市,沼津市,更地,土地カテゴリ（建物表記なし）,静岡県沼津市高砂町,3500,156.4,74.0,1500,—,—,,不明,接道・区分情報なし、詳細/役場で要確認,,2026-06-17,,https://suumo.jp/chukoikkodate/shizuoka/sc_numazu/nc_79184521/,不適合
SUUMO 中古戸建 沼津市,沼津市,更地,土地カテゴリ（建物表記なし）,静岡県沼津市大岡,3500,173.8,66.6,1500,—,—,,不明,接道・区分情報なし、詳細/役場で要確認,,2026-06-27,,https://suumo.jp/chukoikkodate/shizuoka/sc_numazu/nc_21156314/,不適合
SUUMO 中古戸建 沼津市,沼津市,更地,土地カテゴリ（建物表記なし）,静岡県沼津市大岡,3550,171.7,68.3,1500,—,—,,不明,接道・区分情報なし、詳細/役場で要確認,,2026-07-01,,https://suumo.jp/chukoikkodate/shizuoka/sc_numazu/nc_77235919/,不適合
SUUMO 中古戸建 沼津市,沼津市,更地,土地カテゴリ（建物表記なし）,静岡県沼津市岡一色,3880,141.2,90.8,1500,—,—,,不明,接道・区分情報なし、詳細/役場で要確認,,2026-06-17,,https://suumo.jp/chukoikkodate/shizuoka/sc_numazu/nc_20920566/,不適合
SUUMO 中古戸建 沼津市,沼津市,更地,土地カテゴリ（建物表記なし）,静岡県沼津市大岡,4000,150.1,88.1,1500,田,—,,不明,接道・区分情報なし、詳細/役場で要確認,,2026-08-20,,https://suumo.jp/chukoikkodate/shizuoka/sc_numazu/nc_21177388/,不適合
SUUMO 中古戸建 沼津市,沼津市,更地,土地カテゴリ（建物表記なし）,静岡県沼津市大岡,4000,130.2,101.6,1500,—,—,,不明,接道・区分情報なし、詳細/役場で要確認,,2026-08-16,,https://suumo.jp/chukoikkodate/shizuoka/sc_numazu/nc_20375685/,不適合
SUUMO 中古戸建 沼津市,沼津市,更地,土地カテゴリ（建物表記なし）,静岡県沼津市下河原町２,4100,522.5,25.9,1500,—,—,,不明,接道・区分情報なし、詳細/役場で要確認,,2026-06-17,,https://suumo.jp/chukoikkodate/shizuoka/sc_numazu/nc_20113753/,不適合
SUUMO 中古戸建 沼津市,沼津市,更地,土地カテゴリ（建物表記なし）,静岡県沼津市大岡,4150,121.5,112.9,1500,—,—,,不明,接道・区分情報なし、詳細/役場で要確認,,2026-06-17,,https://suumo.jp/chukoikkodate/shizuoka/sc_numazu/nc_79002293/,不適合
SUUMO 中古戸建 沼津市,沼津市,更地,土地カテゴリ（建物表記なし）,静岡県沼津市柳町,4380,132.2,109.5,1500,—,—,,不明,接道・区分情報なし、詳細/役場で要確認,,2026-06-17,,https://suumo.jp/chukoikkodate/shizuoka/sc_numazu/nc_76466195/,不適合
SUUMO 中古戸建 沼津市,沼津市,更地,土地カテゴリ（建物表記なし）,静岡県沼津市下香貫西村,4480,269.5,55.0,1500,—,—,,不明,接道・区分情報なし、詳細/役場で要確認,,2026-06-17,,https://suumo.jp/chukoikkodate/shizuoka/sc_numazu/nc_78411723/,不適合
SUUMO 中古戸建 沼津市,沼津市,更地,土地カテゴリ（建物表記なし）,静岡県沼津市松沢町,4702,177.4,87.6,1500,—,—,,不明,接道・区分情報なし、詳細/役場で要確認,,2026-06-17,,https://suumo.jp/chukoikkodate/shizuoka/sc_numazu/nc_20352748/,不適合
SUUMO 中古戸建 沼津市,沼津市,更地,土地カテゴリ（建物表記なし）,静岡県沼津市本松下842-2,5000,764.0,21.6,1500,—,—,,不明,接道・区分情報なし、詳細/役場で要確認,,2026-06-17,,https://suumo.jp/chukoikkodate/shizuoka/sc_numazu/nc_78422235/,不適合
SUUMO 中古戸建 沼津市,沼津市,更地,土地カテゴリ（建物表記なし）,静岡県沼津市足高,6000,1328.8,14.9,1500,—,—,,不明,接道・区分情報なし、詳細/役場で要確認,,2026-08-24,,https://suumo.jp/chukoikkodate/shizuoka/sc_numazu/nc_21551402/,不適合
SUUMO 中古戸建 沼津市,沼津市,更地,土地カテゴリ（建物表記なし）,静岡県沼津市足高,6500,1328.8,16.2,1500,—,—,,不明,接道・区分情報なし、詳細/役場で要確認,,2026-06-17,,https://suumo.jp/chukoikkodate/shizuoka/sc_numazu/nc_78186505/,不適合
SUUMO 中古戸建 沼津市,沼津市,更地,土地カテゴリ（建物表記なし）,静岡県沼津市江原町,6700,409.6,54.1,1500,—,—,,不明,接道・区分情報なし、詳細/役場で要確認,,2026-07-01,,https://suumo.jp/chukoikkodate/shizuoka/sc_numazu/nc_78375595/,不適合
SUUMO 中古戸建 沼津市,沼津市,更地,土地カテゴリ（建物表記なし）,静岡県沼津市西浦平沢,8700,165.7,173.6,1500,—,—,,不明,接道・区分情報なし、詳細/役場で要確認,,2026-08-21,,https://suumo.jp/chukoikkodate/shizuoka/sc_numazu/nc_21528944/,不適合
SUUMO 中古戸建 沼津市,沼津市,更地,土地カテゴリ（建物表記なし）,静岡県沼津市杉崎町,11500,653.6,58.2,1500,—,—,,不明,接道・区分情報なし、詳細/役場で要確認,,2026-06-17,,https://suumo.jp/chukoikkodate/shizuoka/sc_numazu/nc_78396031/,不適合
SUUMO 中古戸建 沼津市,沼津市,更地,土地カテゴリ（建物表記なし）,静岡県沼津市新沢田町106-3,12000,575.2,69.0,1500,田,—,,不明,接道・区分情報なし、詳細/役場で要確認,,2026-06-17,,https://suumo.jp/chukoikkodate/shizuoka/sc_numazu/nc_78951503/,不適合
スマイミー静岡 賃貸 三島市,三島市,賃貸その他,賃貸カテゴリ（掲載種別）,三島市八反畑125-1,22.5,996.0,,5,畑,—,,—,賃貸のため対象外,,2026-08-29,関心:礼金無 注意:事業用,https://www.shizuoka.fudohsan.jp/%E7%89%A9%E4%BB%B6/176032,不適合
スマイミー静岡 賃貸 三島市,三島市,賃貸マンション,賃貸カテゴリ（掲載種別）,三島市大宮町１丁目,4.8,27.0,,5,—,—,,—,賃貸のため対象外,,2026-08-28,関心:礼金無,https://www.shizuoka.fudohsan.jp/%E7%89%A9%E4%BB%B6/71813,適合
スマイミー静岡 賃貸 三島市,三島市,賃貸その他,賃貸カテゴリ（掲載種別）,三島市北田町3-62,6.6,19.5,,5,田,—,,—,賃貸のため対象外,,2026-08-28,関心:礼金無 注意:事務所/店舗,https://www.shizuoka.fudohsan.jp/%E7%89%A9%E4%BB%B6/175764,不適合
スマイミー静岡 賃貸 三島市,三島市,賃貸マンション,賃貸カテゴリ（掲載種別）,三島市東本町１丁目15-3,5.0,29.7,,5,田,—,,—,賃貸のため対象外,,2026-08-15,,https://www.shizuoka.fudohsan.jp/%E7%89%A9%E4%BB%B6/175314,適合
スマイミー静岡 賃貸 三島市,三島市,賃貸マンション,賃貸カテゴリ（掲載種別）,三島市東本町１丁目15-3,4.8,29.0,,5,田,—,,—,賃貸のため対象外,,2026-08-15,,https://www.shizuoka.fudohsan.jp/%E7%89%A9%E4%BB%B6/175313,適合
スマイミー静岡 賃貸 三島市,三島市,賃貸アパート,賃貸カテゴリ（掲載種別）,三島市南二日町10-20,3.9,24.6,,5,—,—,,—,賃貸のため対象外,,2026-08-27,関心:礼金無,https://www.shizuoka.fudohsan.jp/%E7%89%A9%E4%BB%B6/176112,適合
スマイミー静岡 賃貸 三島市,三島市,賃貸戸建,賃貸カテゴリ（掲載種別）,三島市萩135,4.0,45.9,,5,—,—,,—,賃貸のため対象外,,2026-08-27,関心:礼金無/戸建,https://www.shizuoka.fudohsan.jp/%E7%89%A9%E4%BB%B6/122680,適合
スマイミー静岡 賃貸 三島市,三島市,賃貸アパート,賃貸カテゴリ（掲載種別）,三島市川原ケ谷270-18,5.5,53.0,,5,—,—,,—,賃貸のため対象外,,2026-08-27,関心:礼金無,https://www.shizuoka.fudohsan.jp/%E7%89%A9%E4%BB%B6/175812,不適合
スマイミー静岡 賃貸 三島市,三島市,賃貸アパート,賃貸カテゴリ（掲載種別）,三島市川原ケ谷270-18,5.0,53.0,,5,—,—,,—,賃貸のため対象外,,2026-08-27,関心:礼金無,https://www.shizuoka.fudohsan.jp/%E7%89%A9%E4%BB%B6/175815,適合
スマイミー静岡 賃貸 三島市,三島市,賃貸アパート,賃貸カテゴリ（掲載種別）,三島市川原ケ谷270-18,5.2,53.0,,5,—,—,,—,賃貸のため対象外,,2026-08-27,関心:礼金無,https://www.shizuoka.fudohsan.jp/%E7%89%A9%E4%BB%B6/175816,不適合
スマイミー静岡 賃貸 三島市,三島市,賃貸アパート,賃貸カテゴリ（掲載種別）,三島市柳郷地48-1,6.0,65.8,,5,—,—,,—,賃貸のため対象外,,2026-08-03,,https://www.shizuoka.fudohsan.jp/%E7%89%A9%E4%BB%B6/57475,不適合
スマイミー静岡 賃貸 三島市,三島市,駐車場,賃貸カテゴリ（掲載種別）,三島市谷田170-1,0.45,,,5,田,—,,—,賃貸のため対象外,,2026-08-03,関心:礼金無,https://www.shizuoka.fudohsan.jp/%E7%89%A9%E4%BB%B6/31314,適合
スマイミー静岡 賃貸 三島市,三島市,賃貸マンション,賃貸カテゴリ（掲載種別）,三島市西若町,4.7,27.9,,5,—,—,,—,賃貸のため対象外,,2026-08-25,関心:敷金無/礼金無,https://www.shizuoka.fudohsan.jp/%E7%89%A9%E4%BB%B6/107904,適合
スマイミー静岡 賃貸 三島市,三島市,賃貸その他,賃貸カテゴリ（掲載種別）,三島市御園489番地7,13.75,68.2,,5,田,—,,—,賃貸のため対象外,,2026-08-24,関心:礼金無 注意:事務所/店舗,https://www.shizuoka.fudohsan.jp/%E7%89%A9%E4%BB%B6/160070,不適合
スマイミー静岡 賃貸 三島市,三島市,賃貸マンション,賃貸カテゴリ（掲載種別）,三島市若松町,6.5,67.4,,5,田,—,,—,賃貸のため対象外,,2026-08-23,関心:礼金無,https://www.shizuoka.fudohsan.jp/%E7%89%A9%E4%BB%B6/92818,不適合
スマイミー静岡 賃貸 三島市,三島市,賃貸マンション,賃貸カテゴリ（掲載種別）,三島市南二日町,4.5,27.2,,5,—,—,,—,賃貸のため対象外,,2026-08-23,関心:礼金無,https://www.shizuoka.fudohsan.jp/%E7%89%A9%E4%BB%B6/90190,適合
スマイミー静岡 賃貸 三島市,三島市,賃貸戸建,賃貸カテゴリ（掲載種別）,三島市中63-1,5.9,46.1,,5,—,—,,—,賃貸のため対象外,,2026-08-23,関心:戸建,https://www.shizuoka.fudohsan.jp/%E7%89%A9%E4%BB%B6/101974,不適合
スマイミー静岡 賃貸 三島市,三島市,駐車場,賃貸カテゴリ（掲載種別）,三島市梅名477-10,0.5,,,5,—,—,,—,賃貸のため対象外,,2026-08-20,関心:敷金無/礼金無,https://www.shizuoka.fudohsan.jp/%E7%89%A9%E4%BB%B6/176465,適合
スマイミー静岡 賃貸 三島市,三島市,賃貸戸建,賃貸カテゴリ（掲載種別）,三島市多呂146-14,6.5,60.7,,5,—,—,,—,賃貸のため対象外,,2026-08-20,関心:礼金無/戸建,https://www.shizuoka.fudohsan.jp/%E7%89%A9%E4%BB%B6/164639,不適合
スマイミー静岡 賃貸 三島市,三島市,賃貸アパート,賃貸カテゴリ（掲載種別）,三島市谷田100-6,4.9,42.1,,5,田,—,,—,賃貸のため対象外,,2026-08-18,関心:礼金無,https://www.shizuoka.fudohsan.jp/%E7%89%A9%E4%BB%B6/34510,適合
スマイミー静岡 賃貸 三島市,三島市,賃貸その他,賃貸カテゴリ（掲載種別）,三島市八反畑109-7,16.5,107.0,,5,畑,—,,—,賃貸のため対象外,,2026-08-18,関心:礼金無 注意:店舗,https://www.shizuoka.fudohsan.jp/%E7%89%A9%E4%BB%B6/118947,不適合
スマイミー静岡 賃貸 三島市,三島市,賃貸アパート,賃貸カテゴリ（掲載種別）,三島市安久656-1,5.5,52.4,,5,—,—,,—,賃貸のため対象外,,2026-08-18,関心:礼金無,https://www.shizuoka.fudohsan.jp/%E7%89%A9%E4%BB%B6/131792,不適合
スマイミー静岡 賃貸 三島市,三島市,賃貸アパート,賃貸カテゴリ（掲載種別）,三島市安久206,7.0,69.4,,5,—,—,,—,賃貸のため対象外,,2026-08-18,関心:礼金無,https://www.shizuoka.fudohsan.jp/%E7%89%A9%E4%BB%B6/167863,不適合
スマイミー静岡 賃貸 三島市,三島市,賃貸その他,賃貸カテゴリ（掲載種別）,三島市御園77-2,22.0,149.0,,5,田,—,,—,賃貸のため対象外,,2026-08-18,関心:礼金無,https://www.shizuoka.fudohsan.jp/%E7%89%A9%E4%BB%B6/173518,不適合
スマイミー静岡 賃貸 三島市,三島市,賃貸マンション,賃貸カテゴリ（掲載種別）,三島市大宮町２丁目,6.9,65.0,,5,—,—,,—,賃貸のため対象外,,2026-08-18,関心:礼金無,https://www.shizuoka.fudohsan.jp/%E7%89%A9%E4%BB%B6/90984,不適合
スマイミー静岡 賃貸 三島市,三島市,賃貸マンション,賃貸カテゴリ（掲載種別）,三島市西本町５－１９,7.2,55.5,,5,—,—,,—,賃貸のため対象外,,2026-08-17,関心:礼金無,https://www.shizuoka.fudohsan.jp/%E7%89%A9%E4%BB%B6/165880,不適合
スマイミー静岡 賃貸 三島市,三島市,賃貸マンション,賃貸カテゴリ（掲載種別）,三島市多呂１１１－１,4.8,55.4,,5,—,—,,—,賃貸のため対象外,,2026-08-17,関心:敷金無/礼金無,https://www.shizuoka.fudohsan.jp/%E7%89%A9%E4%BB%B6/165425,適合
スマイミー静岡 賃貸 三島市,三島市,賃貸その他,賃貸カテゴリ（掲載種別）,三島市玉川341,44.0,370.0,,5,—,—,,—,賃貸のため対象外,,2026-08-17,関心:礼金無 注意:店舗,https://www.shizuoka.fudohsan.jp/%E7%89%A9%E4%BB%B6/173039,不適合
スマイミー静岡 賃貸 三島市,三島市,駐車場,賃貸カテゴリ（掲載種別）,三島市谷田1124-152,0.5,,,5,田,—,,—,賃貸のため対象外,,2026-08-15,関心:敷金無/礼金無,https://www.shizuoka.fudohsan.jp/%E7%89%A9%E4%BB%B6/109155,適合
スマイミー静岡 賃貸 三島市,三島市,駐車場,賃貸カテゴリ（掲載種別）,三島市東町,0.65,,,5,田,—,,—,賃貸のため対象外,,2026-08-15,関心:礼金無,https://www.shizuoka.fudohsan.jp/%E7%89%A9%E4%BB%B6/109936,適合
LIFULL 中古戸建 三島市,三島市,空き家,掲載に空き家表記,中古戸建　三島市萩,2649,197.9,44.2,3000,—,—,,不明,接道・区分情報なし。建物ありだが現行法での再建築可否は役場で要確認,,2026-08-21,,https://www.homes.co.jp/kodate/b-1556780000227/,不適合
LIFULL 中古戸建 三島市,三島市,空き家,掲載に空き家表記,三島市谷田中古住宅,3190,153.5,68.7,3000,宅地,—,,不明,接道・区分情報なし。建物ありだが現行法での再建築可否は役場で要確認,,2026-06-21,,https://www.homes.co.jp/kodate/b-1265050002529/,不適合
LIFULL 中古戸建 三島市,三島市,中古戸建,中古戸建/住宅カテゴリ,三島市大場中古住宅,3100,159.3,64.3,3000,—,—,,不明,接道・区分情報なし。建物ありだが現行法での再建築可否は役場で要確認,,2026-06-28,,https://www.homes.co.jp/kodate/b-1265050002650/,不適合
LIFULL 中古戸建 三島市,三島市,空き家,掲載に空き家表記,三島市東町　築12年　中古住宅,1780,120.5,48.8,3000,田,—,,不明,接道・区分情報なし。建物ありだが現行法での再建築可否は役場で要確認,,2026-07-04,,https://www.homes.co.jp/kodate/b-33333810000748/,不適合
LIFULL 中古戸建 三島市,三島市,中古戸建,中古戸建/住宅カテゴリ,売中古戸建　三島市富士ビレッジ,2200,103.6,70.2,3000,宅地,—,,不明,接道・区分情報なし。建物ありだが現行法での再建築可否は役場で要確認,,2026-06-21,,https://www.homes.co.jp/kodate/b-1500050000673/,不適合
LIFULL 中古戸建 三島市,三島市,空き家,掲載に空き家表記,三島市東大場二丁目中古住宅,2290,212.9,35.6,3000,—,—,,不明,接道・区分情報なし。建物ありだが現行法での再建築可否は役場で要確認,,2026-06-21,NG:東大場,https://www.homes.co.jp/kodate/b-1265050002139/,不適合
LIFULL 中古戸建 三島市,三島市,中古戸建,中古戸建/住宅カテゴリ,三島市富士ビレッジ中古住宅,4183,170.7,81.0,3000,宅地,—,,不明,接道・区分情報なし。建物ありだが現行法での再建築可否は役場で要確認,,2026-07-26,,https://www.homes.co.jp/kodate/b-1265050002684/,不適合
LIFULL 中古戸建 三島市,三島市,中古戸建,中古戸建/住宅カテゴリ,三島市徳倉中古住宅,3480,105.6,108.9,3000,—,—,,不明,接道・区分情報なし。建物ありだが現行法での再建築可否は役場で要確認,,2026-06-21,,https://www.homes.co.jp/kodate/b-1265050002560/,不適合
LIFULL 中古戸建 三島市,三島市,中古戸建,中古戸建/住宅カテゴリ,売中古戸建　三島市安久,3480,153.1,75.1,3000,—,—,接道があり、陽当たりや風通し,不明,接道・区分情報なし。建物ありだが現行法での再建築可否は役場で要確認,,2026-07-18,,https://www.homes.co.jp/kodate/b-1500050000683/,不適合
LIFULL 中古戸建 三島市,三島市,中古戸建,中古戸建/住宅カテゴリ,三島市富士ビレッジ　中古戸建,3499,178.0,65.0,3000,宅地,—,,不明,接道・区分情報なし。建物ありだが現行法での再建築可否は役場で要確認,,2026-06-21,,https://www.homes.co.jp/kodate/b-1490460002333/,不適合
LIFULL 中古戸建 三島市,,中古戸建,中古戸建/住宅カテゴリ,JR東海道本線 三島駅 徒歩22分,3880,103.7,123.7,3000,田,—,,不明,接道・区分情報なし。建物ありだが現行法での再建築可否は役場で要確認,,2026-06-21,,https://www.homes.co.jp/kodate/b-33333630000001/,不適合
LIFULL 中古戸建 三島市,三島市,中古戸建,中古戸建/住宅カテゴリ,売中古戸建　三島市御園,3280,201.1,53.9,3000,田,—,,不明,接道・区分情報なし。建物ありだが現行法での再建築可否は役場で要確認,,2026-06-21,,https://www.homes.co.jp/kodate/b-1500050000501/,不適合
LIFULL 中古戸建 三島市,三島市,中古戸建,中古戸建/住宅カテゴリ,三島市御園　中古戸建,3280,220.2,49.2,3000,田,—,,不明,接道・区分情報なし。建物ありだが現行法での再建築可否は役場で要確認,,2026-06-21,,https://www.homes.co.jp/kodate/b-1490460001877/,不適合
LIFULL 中古戸建 三島市,三島市,空き家,掲載に空き家表記,三島市新谷中古住宅,2980,165.4,59.6,3000,—,—,,不明,接道・区分情報なし。建物ありだが現行法での再建築可否は役場で要確認,,2026-07-19,,https://www.homes.co.jp/kodate/b-1265050002679/,不適合
LIFULL 中古戸建 三島市,三島市,中古戸建,中古戸建/住宅カテゴリ,三島市佐野見晴台1丁目中古住宅,4600,252.3,60.3,3000,—,—,,不明,接道・区分情報なし。建物ありだが現行法での再建築可否は役場で要確認,,2026-06-21,,https://www.homes.co.jp/kodate/b-1265050002470/,不適合
LIFULL 中古戸建 三島市,,空き家,掲載に空き家表記,伊豆箱根鉄道駿豆線 三島二日町駅 徒歩26分,3980,188.5,69.8,3000,宅地,—,,不明,接道・区分情報なし。建物ありだが現行法での再建築可否は役場で要確認,,2026-06-21,,https://www.homes.co.jp/kodate/b-33328200001056/,不適合
LIFULL 中古戸建 三島市,三島市,空き家,掲載に空き家表記,三島市錦が丘　戸建て,2499,205.3,40.2,3000,—,—,,不明,接道・区分情報なし。建物ありだが現行法での再建築可否は役場で要確認,,2026-08-07,,https://www.homes.co.jp/kodate/b-1220300000756/,不適合
LIFULL 中古戸建 三島市,三島市,空き家,掲載に空き家表記,三島市千枚原中古住宅,4780,208.1,75.9,3000,宅地,—,,不明,接道・区分情報なし。建物ありだが現行法での再建築可否は役場で要確認,,2026-06-21,,https://www.homes.co.jp/kodate/b-1265050001989/,不適合
LIFULL 中古戸建 三島市,三島市,中古戸建,中古戸建/住宅カテゴリ,三島市東大場1丁目・2階建て,2980,209.7,47.0,3000,田,—,,不明,接道・区分情報なし。建物ありだが現行法での再建築可否は役場で要確認,,2026-06-21,NG:東大場,https://www.homes.co.jp/kodate/b-1540930000096/,不適合
LIFULL 中古戸建 三島市,三島市,空き家,掲載に空き家表記,三島市谷田中古住宅,1598,145.7,36.3,3000,宅地,—,,不明,接道・区分情報なし。建物ありだが現行法での再建築可否は役場で要確認,,2026-06-21,,https://www.homes.co.jp/kodate/b-1265050002448/,不適合
LIFULL 中古戸建 三島市,三島市,空き家,掲載に空き家表記,三島市梅名戸建て,2980,216.2,45.6,3000,田,—,,不明,接道・区分情報なし。建物ありだが現行法での再建築可否は役場で要確認,,2026-06-21,,https://www.homes.co.jp/kodate/b-33334000000001/,不適合
LIFULL 中古戸建 三島市,三島市,中古戸建,中古戸建/住宅カテゴリ,売中古戸建　三島市徳倉3丁目,4500,200.8,74.1,3000,宅地,—,,不明,接道・区分情報なし。建物ありだが現行法での再建築可否は役場で要確認,,2026-06-21,,https://www.homes.co.jp/kodate/b-1500050000632/,不適合
LIFULL 中古戸建 三島市,三島市,中古戸建,中古戸建/住宅カテゴリ,中古戸建　三島市若松町,2980,250.1,39.4,3000,宅地,—,,不明,接道・区分情報なし。建物ありだが現行法での再建築可否は役場で要確認,,2026-06-21,,https://www.homes.co.jp/kodate/b-1540930000226/,不適合
LIFULL 中古戸建 三島市,三島市,空き家,掲載に空き家表記,三島市富士ビレッジ　中古戸建,2180,153.0,47.1,3000,宅地,—,,不明,接道・区分情報なし。建物ありだが現行法での再建築可否は役場で要確認,,2026-08-07,,https://www.homes.co.jp/kodate/b-33327210001588/,不適合
LIFULL 中古戸建 三島市,三島市,空き家,掲載に空き家表記,中古戸建　再生住宅　三島市錦が丘,2499,187.7,44.0,3000,—,—,,不明,接道・区分情報なし。建物ありだが現行法での再建築可否は役場で要確認,,2026-08-21,,https://www.homes.co.jp/kodate/b-1556780000226/,不適合
LIFULL 中古戸建 三島市,三島市,空き家,掲載に空き家表記,三島市錦が丘,2450,187.7,43.1,3000,—,—,,不明,接道・区分情報なし。建物ありだが現行法での再建築可否は役場で要確認,,2026-08-03,,https://www.homes.co.jp/kodate/b-1443010009885/,不適合
LIFULL 中古戸建 三島市,三島市,空き家,掲載に空き家表記,三島市徳倉3丁目  2階建て,4800,190.8,83.2,3000,宅地,—,,不明,接道・区分情報なし。建物ありだが現行法での再建築可否は役場で要確認,,2026-08-19,,https://www.homes.co.jp/kodate/b-1540930000092/,不適合
LIFULL 中古戸建 三島市,三島市,空き家,掲載に空き家表記,三島市錦が丘3‐4,2399,182.2,43.5,3000,—,—,,不明,接道・区分情報なし。建物ありだが現行法での再建築可否は役場で要確認,,2026-08-24,,https://www.homes.co.jp/kodate/b-1220300000754/,不適合
LIFULL 中古戸建 三島市,三島市,空き家,掲載に空き家表記,三島市錦が丘　中古戸建,2549,187.7,44.9,3000,—,—,,不明,接道・区分情報なし。建物ありだが現行法での再建築可否は役場で要確認,,2026-08-29,,https://www.homes.co.jp/kodate/b-33327210001589/,不適合
LIFULL 中古戸建 三島市,三島市,空き家,掲載に空き家表記,三島市錦が丘中古住宅,2998,233.2,42.5,3000,—,—,,不明,接道・区分情報なし。建物ありだが現行法での再建築可否は役場で要確認,,2026-08-29,,https://www.homes.co.jp/kodate/b-1265050002469/,不適合
SUUMO 土地 裾野市,裾野市,更地,土地カテゴリ（建物表記なし）,静岡県裾野市伊豆島田,1750,141.3,40.9,1500,田,—,,不明,接道・区分情報なし、詳細/役場で要確認,,2026-08-28,,https://suumo.jp/tochi/shizuoka/sc_susono/nc_77114614/,不適合
SUUMO 土地 裾野市,裾野市,更地,土地カテゴリ（建物表記なし）,静岡県裾野市水窪,2830,200.7,46.6,1500,—,—,,不明,接道・区分情報なし、詳細/役場で要確認,,2026-08-28,,https://suumo.jp/tochi/shizuoka/sc_susono/nc_77533939/,不適合
SUUMO 土地 裾野市,裾野市,更地,土地カテゴリ（建物表記なし）,静岡県裾野市二ツ屋字盤若塚175番23外,1919,166.0,38.2,1500,—,—,,不明,接道・区分情報なし、詳細/役場で要確認,,2026-06-17,,https://suumo.jp/tochi/shizuoka/sc_susono/nc_76816352/,不適合
SUUMO 土地 裾野市,裾野市,更地,土地カテゴリ（建物表記なし）,静岡県裾野市須山主要地,50,551.0,0.3,1500,—,—,,不明,接道・区分情報なし、詳細/役場で要確認,,2026-06-17,,https://suumo.jp/tochi/shizuoka/sc_susono/nc_20887246/,適合
SUUMO 土地 裾野市,裾野市,更地,土地カテゴリ（建物表記なし）,静岡県裾野市今里,700,191.3,12.1,1500,—,—,,不明,接道・区分情報なし、詳細/役場で要確認,,2026-06-17,,https://suumo.jp/tochi/shizuoka/sc_susono/nc_75881056/,不適合
SUUMO 土地 裾野市,裾野市,更地,土地カテゴリ（建物表記なし）,静岡県裾野市平松,890,100.7,29.2,1500,—,—,,不明,接道・区分情報なし、詳細/役場で要確認,,2026-06-17,,https://suumo.jp/tochi/shizuoka/sc_susono/nc_20763181/,不適合
SUUMO 土地 裾野市,裾野市,更地,土地カテゴリ（建物表記なし）,静岡県裾野市須山,1390,1149.0,4.0,1500,—,—,,不明,接道・区分情報なし、詳細/役場で要確認,,2026-08-29,,https://suumo.jp/tochi/shizuoka/sc_susono/nc_78216986/,適合
SUUMO 土地 裾野市,裾野市,更地,土地カテゴリ（建物表記なし）,静岡県裾野市深良440-1,1500,807.7,6.1,1500,—,—,,不明,接道・区分情報なし、詳細/役場で要確認,,2026-06-28,,https://suumo.jp/tochi/shizuoka/sc_susono/nc_79235167/,適合
SUUMO 土地 裾野市,裾野市,更地,土地カテゴリ（建物表記なし）,静岡県裾野市佐野,1570,157.2,33.0,1500,—,—,,不明,接道・区分情報なし、詳細/役場で要確認,,2026-06-17,,https://suumo.jp/tochi/shizuoka/sc_susono/nc_20935308/,不適合
SUUMO 土地 裾野市,裾野市,更地,土地カテゴリ（建物表記なし）,静岡県裾野市水窪,1580,165.6,31.5,1500,—,—,,不明,接道・区分情報なし、詳細/役場で要確認,,2026-06-17,,https://suumo.jp/tochi/shizuoka/sc_susono/nc_77714140/,不適合
SUUMO 土地 裾野市,裾野市,更地,土地カテゴリ（建物表記なし）,静岡県裾野市茶畑,1580,155.4,33.6,1500,畑,—,,不明,接道・区分情報なし、詳細/役場で要確認,,2026-06-30,,https://suumo.jp/tochi/shizuoka/sc_susono/nc_21183880/,不適合
SUUMO 土地 裾野市,裾野市,更地,土地カテゴリ（建物表記なし）,静岡県裾野市二ツ屋131,1615,140.5,38.0,1500,—,—,,不明,接道・区分情報なし、詳細/役場で要確認,,2026-06-17,,https://suumo.jp/tochi/shizuoka/sc_susono/nc_77736694/,不適合
SUUMO 土地 裾野市,裾野市,更地,土地カテゴリ（建物表記なし）,静岡県裾野市佐野,1650,155.5,35.1,1500,—,—,,不明,接道・区分情報なし、詳細/役場で要確認,,2026-06-17,,https://suumo.jp/tochi/shizuoka/sc_susono/nc_20935307/,不適合
SUUMO 土地 裾野市,裾野市,更地,土地カテゴリ（建物表記なし）,静岡県裾野市茶畑,1680,339.7,16.3,1500,畑,—,,不明,接道・区分情報なし、詳細/役場で要確認,,2026-06-17,,https://suumo.jp/tochi/shizuoka/sc_susono/nc_74416999/,不適合
SUUMO 土地 裾野市,裾野市,更地,土地カテゴリ（建物表記なし）,静岡県裾野市二ツ屋10-5,1680,304.0,18.3,1500,—,—,,不明,接道・区分情報なし、詳細/役場で要確認,,2026-07-12,,https://suumo.jp/tochi/shizuoka/sc_susono/nc_77407626/,不適合
SUUMO 土地 裾野市,裾野市,更地,土地カテゴリ（建物表記なし）,静岡県裾野市伊豆島田204-2他,1698,150.2,37.4,1500,田,—,,不明,接道・区分情報なし、詳細/役場で要確認,,2026-06-17,,https://suumo.jp/tochi/shizuoka/sc_susono/nc_77102757/,不適合
SUUMO 土地 裾野市,裾野市,更地,土地カテゴリ（建物表記なし）,静岡県裾野市茶畑,1698,201.7,27.8,1500,畑,—,,不明,接道・区分情報なし、詳細/役場で要確認,,2026-06-17,,https://suumo.jp/tochi/shizuoka/sc_susono/nc_78556148/,不適合
SUUMO 土地 裾野市,裾野市,更地,土地カテゴリ（建物表記なし）,静岡県裾野市富沢,1750,213.1,27.1,1500,—,—,,不明,接道・区分情報なし、詳細/役場で要確認,,2026-08-25,,https://suumo.jp/tochi/shizuoka/sc_susono/nc_21554777/,不適合
SUUMO 土地 裾野市,裾野市,更地,土地カテゴリ（建物表記なし）,静岡県裾野市伊豆島田,1750,133.8,43.2,1500,田,—,,不明,接道・区分情報なし、詳細/役場で要確認,,2026-06-17,,https://suumo.jp/tochi/shizuoka/sc_susono/nc_79060252/,不適合
SUUMO 土地 裾野市,裾野市,更地,土地カテゴリ（建物表記なし）,静岡県裾野市茶畑字中丸333番24外,1760,160.9,36.2,1500,畑,—,,不明,接道・区分情報なし、詳細/役場で要確認,,2026-07-04,,https://suumo.jp/tochi/shizuoka/sc_susono/nc_20047231/,不適合
SUUMO 土地 裾野市,裾野市,更地,土地カテゴリ（建物表記なし）,静岡県裾野市稲荷字稲荷後123番25、同番30の内,1790,159.2,37.2,1500,—,—,,不明,接道・区分情報なし、詳細/役場で要確認,,2026-06-17,,https://suumo.jp/tochi/shizuoka/sc_susono/nc_20495656/,不適合
SUUMO 土地 裾野市,裾野市,更地,土地カテゴリ（建物表記なし）,静岡県裾野市公文名,1850,251.4,24.3,1500,—,—,,不明,接道・区分情報なし、詳細/役場で要確認,,2026-06-17,,https://suumo.jp/tochi/shizuoka/sc_susono/nc_20303489/,不適合
SUUMO 土地 裾野市,裾野市,更地,土地カテゴリ（建物表記なし）,静岡県裾野市伊豆島田,2980,281.2,35.0,1500,田,—,,不明,接道・区分情報なし、詳細/役場で要確認,,2026-06-17,,https://suumo.jp/tochi/shizuoka/sc_susono/nc_20801996/,不適合
SUUMO 土地 裾野市,裾野市,更地,土地カテゴリ（建物表記なし）,静岡県裾野市金沢,3400,681.3,16.5,1500,—,—,,不明,接道・区分情報なし、詳細/役場で要確認,,2026-06-17,,https://suumo.jp/tochi/shizuoka/sc_susono/nc_75040828/,不適合
SUUMO 土地 裾野市,裾野市,更地,土地カテゴリ（建物表記なし）,静岡県裾野市佐野,4000,624.9,21.2,1500,—,—,,不明,接道・区分情報なし、詳細/役場で要確認,,2026-07-09,,https://suumo.jp/tochi/shizuoka/sc_susono/nc_21150692/,不適合
SUUMO 土地 裾野市,裾野市,更地,土地カテゴリ（建物表記なし）,静岡県裾野市金沢,5000,2353.0,7.0,1500,—,—,,不明,接道・区分情報なし、詳細/役場で要確認,,2026-08-28,,https://suumo.jp/tochi/shizuoka/sc_susono/nc_76414396/,不適合
SUUMO 中古戸建 裾野市,裾野市,更地,土地カテゴリ（建物表記なし）,静岡県裾野市御宿,1298,148.8,28.8,1500,—,—,,不明,接道・区分情報なし、詳細/役場で要確認,,2026-06-17,,https://suumo.jp/chukoikkodate/shizuoka/sc_susono/nc_75177920/,不適合
SUUMO 中古戸建 裾野市,裾野市,更地,土地カテゴリ（建物表記なし）,静岡県裾野市千福が丘１,1398,206.6,22.4,1500,—,—,,不明,接道・区分情報なし、詳細/役場で要確認,,2026-06-17,,https://suumo.jp/chukoikkodate/shizuoka/sc_susono/nc_20978405/,不適合
SUUMO 中古戸建 裾野市,裾野市,更地,土地カテゴリ（建物表記なし）,静岡県裾野市千福が丘２,1750,376.3,15.4,1500,—,—,,不明,接道・区分情報なし、詳細/役場で要確認,,2026-06-17,,https://suumo.jp/chukoikkodate/shizuoka/sc_susono/nc_21017101/,不適合
SUUMO 中古戸建 裾野市,裾野市,更地,土地カテゴリ（建物表記なし）,静岡県裾野市佐野,1780,122.3,48.1,1500,—,—,,不明,接道・区分情報なし、詳細/役場で要確認,,2026-06-17,,https://suumo.jp/chukoikkodate/shizuoka/sc_susono/nc_78746761/,不適合
SUUMO 中古戸建 裾野市,裾野市,更地,土地カテゴリ（建物表記なし）,静岡県裾野市公文名,2190,212.9,34.0,1500,—,—,,不明,接道・区分情報なし、詳細/役場で要確認,,2026-06-17,,https://suumo.jp/chukoikkodate/shizuoka/sc_susono/nc_20953444/,不適合
SUUMO 中古戸建 裾野市,裾野市,更地,土地カテゴリ（建物表記なし）,静岡県裾野市佐野,5980,327.0,60.5,1500,—,—,,不明,接道・区分情報なし、詳細/役場で要確認,,2026-07-30,,https://suumo.jp/chukoikkodate/shizuoka/sc_susono/nc_21389203/,不適合
SUUMO 中古戸建 裾野市,裾野市,更地,土地カテゴリ（建物表記なし）,静岡県裾野市千福が丘１,1399,235.5,19.6,1500,—,—,,不明,接道・区分情報なし、詳細/役場で要確認,,2026-08-03,,https://suumo.jp/chukoikkodate/shizuoka/sc_susono/nc_21426400/,不適合
SUUMO 中古戸建 裾野市,裾野市,更地,土地カテゴリ（建物表記なし）,静岡県裾野市茶畑2016-115,1549,194.3,26.4,1500,畑,—,,不明,接道・区分情報なし、詳細/役場で要確認,,2026-08-28,,https://suumo.jp/chukoikkodate/shizuoka/sc_susono/nc_21277025/,不適合
SUUMO 中古戸建 裾野市,裾野市,更地,土地カテゴリ（建物表記なし）,静岡県裾野市葛山主要地,280,127.6,7.3,1500,—,—,,不明,接道・区分情報なし、詳細/役場で要確認,,2026-08-25,,https://suumo.jp/chukoikkodate/shizuoka/sc_susono/nc_21556528/,不適合
SUUMO 中古戸建 裾野市,裾野市,更地,土地カテゴリ（建物表記なし）,静岡県裾野市千福が丘１-24-14,290,495.9,1.9,1500,—,—,,不明,接道・区分情報なし、詳細/役場で要確認,,2026-08-18,注意:別荘地,https://suumo.jp/chukoikkodate/shizuoka/sc_susono/nc_78888984/,適合
SUUMO 中古戸建 裾野市,裾野市,更地,土地カテゴリ（建物表記なし）,静岡県裾野市須山,450,708.0,2.1,1500,—,—,,不明,接道・区分情報なし、詳細/役場で要確認,,2026-06-17,注意:別荘地,https://suumo.jp/chukoikkodate/shizuoka/sc_susono/nc_75123901/,適合
SUUMO 中古戸建 裾野市,裾野市,中古戸建,中古戸建/住宅カテゴリ,静岡県裾野市平松123-6,1130,193.1,19.3,3000,—,—,,不明,接道・区分情報なし。建物ありだが現行法での再建築可否は役場で要確認,,2026-06-17,,https://suumo.jp/chukoikkodate/shizuoka/sc_susono/nc_78078175/,不適合
SUUMO 中古戸建 裾野市,裾野市,更地,土地カテゴリ（建物表記なし）,静岡県裾野市千福が丘２-12番地7,1199,199.7,19.8,1500,—,—,,不明,接道・区分情報なし、詳細/役場で要確認,,2026-08-28,,https://suumo.jp/chukoikkodate/shizuoka/sc_susono/nc_21351654/,不適合
SUUMO 中古戸建 裾野市,裾野市,更地,土地カテゴリ（建物表記なし）,静岡県裾野市佐野,1200,234.7,16.9,1500,—,—,,不明,接道・区分情報なし、詳細/役場で要確認,,2026-07-27,,https://suumo.jp/chukoikkodate/shizuoka/sc_susono/nc_79187645/,不適合
SUUMO 中古戸建 裾野市,裾野市,更地,土地カテゴリ（建物表記なし）,静岡県裾野市千福が丘２-15-3,1280,228.4,18.5,1500,—,—,,不明,接道・区分情報なし、詳細/役場で要確認,,2026-08-19,,https://suumo.jp/chukoikkodate/shizuoka/sc_susono/nc_21514294/,不適合
SUUMO 中古戸建 裾野市,裾野市,更地,土地カテゴリ（建物表記なし）,静岡県裾野市須山,1280,466.0,9.1,1500,—,—,,不明,接道・区分情報なし、詳細/役場で要確認,,2026-06-25,,https://suumo.jp/chukoikkodate/shizuoka/sc_susono/nc_78155321/,適合
SUUMO 中古戸建 裾野市,裾野市,更地,土地カテゴリ（建物表記なし）,静岡県裾野市千福が丘３,1380,395.7,11.5,1500,—,—,,不明,接道・区分情報なし、詳細/役場で要確認,,2026-07-09,,https://suumo.jp/chukoikkodate/shizuoka/sc_susono/nc_21244616/,適合
SUUMO 中古戸建 裾野市,裾野市,更地,土地カテゴリ（建物表記なし）,静岡県裾野市千福が丘１,1398,206.6,22.4,1500,—,—,,不明,接道・区分情報なし、詳細/役場で要確認,,2026-06-21,,https://suumo.jp/chukoikkodate/shizuoka/sc_susono/nc_20181111/,不適合
SUUMO 中古戸建 裾野市,裾野市,更地,土地カテゴリ（建物表記なし）,静岡県裾野市千福が丘１,1398,206.6,22.4,1500,—,—,,不明,接道・区分情報なし、詳細/役場で要確認,,2026-06-21,,https://suumo.jp/chukoikkodate/shizuoka/sc_susono/nc_79095838/,不適合
SUUMO 中古戸建 裾野市,裾野市,更地,土地カテゴリ（建物表記なし）,静岡県裾野市千福が丘１,1398,206.6,22.4,1500,—,—,,不明,接道・区分情報なし、詳細/役場で要確認,,2026-08-07,,https://suumo.jp/chukoikkodate/shizuoka/sc_susono/nc_76381157/,不適合
SUUMO 中古戸建 裾野市,裾野市,中古戸建,中古戸建/住宅カテゴリ,静岡県裾野市千福が丘１-17-4,1399,235.5,19.6,3000,—,—,,不明,接道・区分情報なし。建物ありだが現行法での再建築可否は役場で要確認,,2026-08-24,,https://suumo.jp/chukoikkodate/shizuoka/sc_susono/nc_21547985/,不適合
SUUMO 中古戸建 裾野市,裾野市,更地,土地カテゴリ（建物表記なし）,静岡県裾野市千福が丘１,1399,235.5,19.6,1500,—,—,,不明,接道・区分情報なし、詳細/役場で要確認,,2026-08-07,,https://suumo.jp/chukoikkodate/shizuoka/sc_susono/nc_21445571/,不適合
SUUMO 中古戸建 裾野市,裾野市,更地,土地カテゴリ（建物表記なし）,静岡県裾野市千福が丘１,1399,235.5,19.6,1500,—,—,,不明,接道・区分情報なし、詳細/役場で要確認,,2026-08-25,,https://suumo.jp/chukoikkodate/shizuoka/sc_susono/nc_21437558/,不適合
SUUMO 中古戸建 裾野市,裾野市,更地,土地カテゴリ（建物表記なし）,静岡県裾野市千福が丘１,1399,235.5,19.6,1500,—,—,,不明,接道・区分情報なし、詳細/役場で要確認,,2026-08-22,,https://suumo.jp/chukoikkodate/shizuoka/sc_susono/nc_21536371/,不適合
SUUMO 中古戸建 裾野市,裾野市,更地,土地カテゴリ（建物表記なし）,静岡県裾野市千福が丘１-17-4,1399,235.5,19.6,1500,—,—,,不明,接道・区分情報なし、詳細/役場で要確認,,2026-08-03,,https://suumo.jp/chukoikkodate/shizuoka/sc_susono/nc_20899278/,不適合
SUUMO 中古戸建 裾野市,裾野市,更地,土地カテゴリ（建物表記なし）,静岡県裾野市千福が丘２-9-3,1399,225.7,20.5,1500,—,—,,不明,接道・区分情報なし、詳細/役場で要確認,,2026-07-18,,https://suumo.jp/chukoikkodate/shizuoka/sc_susono/nc_21288008/,不適合
SUUMO 中古戸建 裾野市,裾野市,更地,土地カテゴリ（建物表記なし）,静岡県裾野市須山,1480,516.0,9.5,1500,—,—,,不明,接道・区分情報なし、詳細/役場で要確認,,2026-08-22,,https://suumo.jp/chukoikkodate/shizuoka/sc_susono/nc_76141171/,適合
SUUMO 中古戸建 裾野市,裾野市,更地,土地カテゴリ（建物表記なし）,静岡県裾野市須山,1480,1175.4,4.2,1500,—,—,,不明,接道・区分情報なし、詳細/役場で要確認,,2026-06-17,注意:別荘地,https://suumo.jp/chukoikkodate/shizuoka/sc_susono/nc_79108110/,適合
SUUMO 中古戸建 裾野市,裾野市,更地,土地カテゴリ（建物表記なし）,静岡県裾野市千福が丘３,1580,1112.0,4.7,1500,—,—,,不明,接道・区分情報なし、詳細/役場で要確認,,2026-08-29,,https://suumo.jp/chukoikkodate/shizuoka/sc_susono/nc_20800972/,不適合
SUUMO 中古戸建 裾野市,裾野市,更地,土地カテゴリ（建物表記なし）,静岡県裾野市佐野676-17,1599,166.1,31.8,1500,—,—,,不明,接道・区分情報なし、詳細/役場で要確認,,2026-08-07,,https://suumo.jp/chukoikkodate/shizuoka/sc_susono/nc_21450455/,不適合
SUUMO 中古戸建 裾野市,裾野市,更地,土地カテゴリ（建物表記なし）,静岡県裾野市千福が丘２-9-5,1599,225.0,23.5,1500,—,—,,不明,接道・区分情報なし、詳細/役場で要確認,,2026-08-29,,https://suumo.jp/chukoikkodate/shizuoka/sc_susono/nc_21083825/,不適合
SUUMO 中古戸建 裾野市,裾野市,更地,土地カテゴリ（建物表記なし）,静岡県裾野市千福が丘１-2番10,1599,241.8,21.9,1500,—,—,,不明,接道・区分情報なし、詳細/役場で要確認,,2026-07-30,,https://suumo.jp/chukoikkodate/shizuoka/sc_susono/nc_21393600/,不適合
SUUMO 中古戸建 裾野市,裾野市,更地,土地カテゴリ（建物表記なし）,静岡県裾野市公文名,1780,243.7,24.1,1500,—,—,,不明,接道・区分情報なし、詳細/役場で要確認,,2026-06-21,,https://suumo.jp/chukoikkodate/shizuoka/sc_susono/nc_20121299/,不適合
SUUMO 中古戸建 裾野市,裾野市,更地,土地カテゴリ（建物表記なし）,静岡県裾野市須山,1780,514.0,11.4,1500,—,—,,不明,接道・区分情報なし、詳細/役場で要確認,,2026-08-04,,https://suumo.jp/chukoikkodate/shizuoka/sc_susono/nc_21402355/,不適合
SUUMO 中古戸建 裾野市,裾野市,更地,土地カテゴリ（建物表記なし）,静岡県裾野市佐野660-10,1899,330.2,19.0,1500,—,—,,不明,接道・区分情報なし、詳細/役場で要確認,,2026-06-21,,https://suumo.jp/chukoikkodate/shizuoka/sc_susono/nc_21070337/,不適合
SUUMO 中古戸建 裾野市,裾野市,更地,土地カテゴリ（建物表記なし）,静岡県裾野市二ツ屋,2280,149.6,50.4,1500,—,—,,不明,接道・区分情報なし、詳細/役場で要確認,,2026-07-27,,https://suumo.jp/chukoikkodate/shizuoka/sc_susono/nc_79197926/,不適合
SUUMO 中古戸建 裾野市,裾野市,更地,土地カテゴリ（建物表記なし）,静岡県裾野市二ツ屋,2280,149.6,50.4,1500,—,—,,不明,接道・区分情報なし、詳細/役場で要確認,,2026-07-04,,https://suumo.jp/chukoikkodate/shizuoka/sc_susono/nc_21212623/,不適合
SUUMO 中古戸建 裾野市,裾野市,更地,土地カテゴリ（建物表記なし）,静岡県裾野市佐野,2380,144.4,54.5,1500,—,—,,不明,接道・区分情報なし、詳細/役場で要確認,,2026-08-18,,https://suumo.jp/chukoikkodate/shizuoka/sc_susono/nc_20986149/,不適合
SUUMO 中古戸建 裾野市,裾野市,更地,土地カテゴリ（建物表記なし）,静岡県裾野市佐野,2800,156.7,59.1,1500,—,—,,不明,接道・区分情報なし、詳細/役場で要確認,,2026-06-21,,https://suumo.jp/chukoikkodate/shizuoka/sc_susono/nc_79137190/,不適合
SUUMO 中古戸建 裾野市,裾野市,更地,土地カテゴリ（建物表記なし）,静岡県裾野市佐野主要地,2800,156.7,59.1,1500,—,—,,不明,接道・区分情報なし、詳細/役場で要確認,,2026-08-20,,https://suumo.jp/chukoikkodate/shizuoka/sc_susono/nc_21521515/,不適合
SUUMO 中古戸建 裾野市,裾野市,更地,土地カテゴリ（建物表記なし）,静岡県裾野市佐野,2800,156.7,59.1,1500,—,—,,不明,接道・区分情報なし、詳細/役場で要確認,,2026-06-21,,https://suumo.jp/chukoikkodate/shizuoka/sc_susono/nc_20532492/,不適合
SUUMO 中古戸建 裾野市,裾野市,更地,土地カテゴリ（建物表記なし）,静岡県裾野市富沢,2890,160.2,59.6,1500,—,—,,不明,接道・区分情報なし、詳細/役場で要確認,,2026-06-21,,https://suumo.jp/chukoikkodate/shizuoka/sc_susono/nc_20532489/,不適合
SUUMO 中古戸建 裾野市,裾野市,更地,土地カテゴリ（建物表記なし）,静岡県裾野市富沢,3080,165.1,61.7,1500,—,—,,不明,接道・区分情報なし、詳細/役場で要確認,,2026-08-10,,https://suumo.jp/chukoikkodate/shizuoka/sc_susono/nc_21341865/,不適合
SUUMO 中古戸建 裾野市,裾野市,更地,土地カテゴリ（建物表記なし）,静岡県裾野市富沢,3350,173.7,63.8,1500,田,—,,不明,接道・区分情報なし、詳細/役場で要確認,,2026-08-24,,https://suumo.jp/chukoikkodate/shizuoka/sc_susono/nc_21547628/,不適合
SUUMO 中古戸建 裾野市,裾野市,更地,土地カテゴリ（建物表記なし）,静岡県裾野市平松98-9,3380,169.3,66.0,1500,—,—,,不明,接道・区分情報なし、詳細/役場で要確認,,2026-07-10,,https://suumo.jp/chukoikkodate/shizuoka/sc_susono/nc_21034120/,不適合
SUUMO 中古戸建 裾野市,裾野市,更地,土地カテゴリ（建物表記なし）,静岡県裾野市平松,3398,144.1,78.0,1500,—,—,,不明,接道・区分情報なし、詳細/役場で要確認,,2026-06-21,,https://suumo.jp/chukoikkodate/shizuoka/sc_susono/nc_76635360/,不適合
SUUMO 中古戸建 裾野市,裾野市,更地,土地カテゴリ（建物表記なし）,静岡県裾野市富沢,3400,165.5,67.9,1500,田,—,,不明,接道・区分情報なし、詳細/役場で要確認,,2026-06-21,,https://suumo.jp/chukoikkodate/shizuoka/sc_susono/nc_20522890/,不適合
SUUMO 中古戸建 裾野市,裾野市,更地,土地カテゴリ（建物表記なし）,静岡県裾野市千福が丘４主要地,3700,250.4,48.8,1500,—,—,,不明,接道・区分情報なし、詳細/役場で要確認,,2026-07-13,,https://suumo.jp/chukoikkodate/shizuoka/sc_susono/nc_21275704/,不適合
SUUMO 中古戸建 裾野市,裾野市,更地,土地カテゴリ（建物表記なし）,静岡県裾野市伊豆島田,4100,165.0,82.1,1500,田,—,,不明,接道・区分情報なし、詳細/役場で要確認,,2026-07-08,,https://suumo.jp/chukoikkodate/shizuoka/sc_susono/nc_20069910/,不適合
SUUMO 中古戸建 裾野市,裾野市,更地,土地カテゴリ（建物表記なし）,静岡県裾野市伊豆島田,4380,196.4,73.7,1500,田,—,,不明,接道・区分情報なし、詳細/役場で要確認,,2026-08-09,,https://suumo.jp/chukoikkodate/shizuoka/sc_susono/nc_21467217/,不適合
SUUMO 中古戸建 裾野市,裾野市,更地,土地カテゴリ（建物表記なし）,静岡県裾野市佐野,4480,251.2,59.0,1500,—,—,,不明,接道・区分情報なし、詳細/役場で要確認,,2026-07-19,,https://suumo.jp/chukoikkodate/shizuoka/sc_susono/nc_21322392/,不適合
SUUMO 中古戸建 裾野市,裾野市,更地,土地カテゴリ（建物表記なし）,静岡県裾野市須山2255-4750,4850,1809.6,8.9,1500,田,—,,不明,接道・区分情報なし、詳細/役場で要確認,,2026-06-21,,https://suumo.jp/chukoikkodate/shizuoka/sc_susono/nc_20839293/,不適合
SUUMO 中古戸建 裾野市,裾野市,更地,土地カテゴリ（建物表記なし）,静岡県裾野市須山,4850,1809.6,8.9,1500,—,—,,不明,接道・区分情報なし、詳細/役場で要確認,,2026-06-21,,https://suumo.jp/chukoikkodate/shizuoka/sc_susono/nc_74552854/,不適合
スマイミー静岡 賃貸 沼津市,沼津市,賃貸アパート,賃貸カテゴリ（掲載種別）,沼津市青野,3.3,34.5,,5,—,—,,—,賃貸のため対象外,,2026-08-29,関心:敷金無/礼金無,https://www.shizuoka.fudohsan.jp/%E7%89%A9%E4%BB%B6/44987,適合
スマイミー静岡 賃貸 沼津市,沼津市,賃貸マンション,賃貸カテゴリ（掲載種別）,沼津市米山町,6.4,54.0,,5,—,—,,—,賃貸のため対象外,,2026-08-29,関心:敷金無/礼金無,https://www.shizuoka.fudohsan.jp/%E7%89%A9%E4%BB%B6/172085,不適合
スマイミー静岡 賃貸 沼津市,沼津市,賃貸マンション,賃貸カテゴリ（掲載種別）,沼津市本町,6.5,59.5,,5,—,—,,—,賃貸のため対象外,,2026-08-29,関心:礼金無,https://www.shizuoka.fudohsan.jp/%E7%89%A9%E4%BB%B6/62025,不適合
スマイミー静岡 賃貸 沼津市,沼津市,賃貸マンション,賃貸カテゴリ（掲載種別）,沼津市八幡町,2.8,15.0,,5,—,—,,—,賃貸のため対象外,,2026-08-29,関心:敷金無/礼金無,https://www.shizuoka.fudohsan.jp/%E7%89%A9%E4%BB%B6/40151,適合
スマイミー静岡 賃貸 沼津市,沼津市,賃貸マンション,賃貸カテゴリ（掲載種別）,沼津市原,4.9,44.0,,5,—,—,,—,賃貸のため対象外,,2026-08-29,関心:敷金無/礼金無,https://www.shizuoka.fudohsan.jp/%E7%89%A9%E4%BB%B6/139024,適合
スマイミー静岡 賃貸 沼津市,沼津市,賃貸マンション,賃貸カテゴリ（掲載種別）,沼津市江原町,5.0,48.2,,5,—,—,,—,賃貸のため対象外,,2026-08-29,関心:礼金無,https://www.shizuoka.fudohsan.jp/%E7%89%A9%E4%BB%B6/50657,適合
スマイミー静岡 賃貸 沼津市,沼津市,賃貸マンション,賃貸カテゴリ（掲載種別）,沼津市原,5.2,65.0,,5,—,—,,—,賃貸のため対象外,,2026-08-29,関心:敷金無/礼金無,https://www.shizuoka.fudohsan.jp/%E7%89%A9%E4%BB%B6/68530,不適合
スマイミー静岡 賃貸 沼津市,沼津市,賃貸マンション,賃貸カテゴリ（掲載種別）,沼津市原,5.0,51.0,,5,—,—,,—,賃貸のため対象外,,2026-08-29,関心:敷金無/礼金無,https://www.shizuoka.fudohsan.jp/%E7%89%A9%E4%BB%B6/151285,適合
スマイミー静岡 賃貸 沼津市,沼津市,賃貸マンション,賃貸カテゴリ（掲載種別）,沼津市住吉町,4.2,29.0,,5,—,—,,—,賃貸のため対象外,,2026-08-29,関心:敷金無/礼金無,https://www.shizuoka.fudohsan.jp/%E7%89%A9%E4%BB%B6/72942,適合
スマイミー静岡 賃貸 沼津市,沼津市,賃貸アパート,賃貸カテゴリ（掲載種別）,沼津市東椎路,5.3,43.5,,5,—,—,,—,賃貸のため対象外,,2026-08-29,関心:敷金無/礼金無,https://www.shizuoka.fudohsan.jp/%E7%89%A9%E4%BB%B6/146202,不適合
スマイミー静岡 賃貸 沼津市,沼津市,賃貸その他,賃貸カテゴリ（掲載種別）,沼津市町方町,9.5,81.0,,5,—,—,,—,賃貸のため対象外,,2026-08-29,関心:礼金無 注意:事務所/店舗,https://www.shizuoka.fudohsan.jp/%E7%89%A9%E4%BB%B6/173856,不適合
スマイミー静岡 賃貸 沼津市,沼津市,賃貸その他,賃貸カテゴリ（掲載種別）,沼津市江原町12-13,16.5,56.3,,5,—,—,,—,賃貸のため対象外,,2026-08-29,関心:敷金無 注意:事務所/店舗,https://www.shizuoka.fudohsan.jp/%E7%89%A9%E4%BB%B6/167929,不適合
スマイミー静岡 賃貸 沼津市,沼津市,賃貸戸建,賃貸カテゴリ（掲載種別）,沼津市三園町1-11,20.0,127.9,,5,—,—,,—,賃貸のため対象外,,2026-08-29,関心:戸建,https://www.shizuoka.fudohsan.jp/%E7%89%A9%E4%BB%B6/119837,不適合
スマイミー静岡 賃貸 沼津市,沼津市,賃貸マンション,賃貸カテゴリ（掲載種別）,沼津市末広町60,7.3,61.8,,5,—,—,,—,賃貸のため対象外,,2026-08-28,,https://www.shizuoka.fudohsan.jp/%E7%89%A9%E4%BB%B6/27645,不適合
スマイミー静岡 賃貸 沼津市,沼津市,賃貸マンション,賃貸カテゴリ（掲載種別）,沼津市杉崎町10-8,8.3,58.8,,5,—,—,,—,賃貸のため対象外,,2026-08-28,関心:礼金無,https://www.shizuoka.fudohsan.jp/%E7%89%A9%E4%BB%B6/61164,不適合
スマイミー静岡 賃貸 沼津市,沼津市,賃貸マンション,賃貸カテゴリ（掲載種別）,沼津市大岡1101-5,6.5,58.0,,5,—,—,,—,賃貸のため対象外,,2026-08-28,関心:敷金無/礼金無,https://www.shizuoka.fudohsan.jp/%E7%89%A9%E4%BB%B6/171378,不適合
スマイミー静岡 賃貸 沼津市,沼津市,賃貸その他,賃貸カテゴリ（掲載種別）,沼津市高島町3-7,10.5,38.2,,5,—,—,,—,賃貸のため対象外,,2026-08-28,関心:礼金無 注意:店舗,https://www.shizuoka.fudohsan.jp/%E7%89%A9%E4%BB%B6/176682,不適合
スマイミー静岡 賃貸 沼津市,沼津市,賃貸その他,賃貸カテゴリ（掲載種別）,沼津市五月町5-11,25.0,84.0,,5,—,—,,—,賃貸のため対象外,,2026-08-28,関心:礼金無 注意:事務所/店舗,https://www.shizuoka.fudohsan.jp/%E7%89%A9%E4%BB%B6/169392,不適合
スマイミー静岡 賃貸 沼津市,沼津市,賃貸その他,賃貸カテゴリ（掲載種別）,沼津市大手町３丁目2-15,32.82,123.3,,5,—,—,,—,賃貸のため対象外,,2026-08-28,関心:礼金無 注意:事務所,https://www.shizuoka.fudohsan.jp/%E7%89%A9%E4%BB%B6/164687,不適合
スマイミー静岡 賃貸 沼津市,沼津市,賃貸その他,賃貸カテゴリ（掲載種別）,沼津市大手町３丁目2-15,32.82,123.3,,5,—,—,,—,賃貸のため対象外,,2026-08-28,関心:礼金無 注意:事務所,https://www.shizuoka.fudohsan.jp/%E7%89%A9%E4%BB%B6/164686,不適合
スマイミー静岡 賃貸 沼津市,沼津市,賃貸その他,賃貸カテゴリ（掲載種別）,沼津市大手町３丁目2-15,32.82,123.3,,5,—,—,,—,賃貸のため対象外,,2026-08-28,関心:礼金無 注意:事務所,https://www.shizuoka.fudohsan.jp/%E7%89%A9%E4%BB%B6/152815,不適合
スマイミー静岡 賃貸 沼津市,沼津市,賃貸その他,賃貸カテゴリ（掲載種別）,沼津市植田208,22.0,1688.0,,5,田,—,,—,賃貸のため対象外,,2026-08-28,関心:礼金無 注意:事業用,https://www.shizuoka.fudohsan.jp/%E7%89%A9%E4%BB%B6/174333,不適合
スマイミー静岡 賃貸 沼津市,沼津市,駐車場,賃貸カテゴリ（掲載種別）,沼津市井出218-13,0.3,,,5,—,—,,—,賃貸のため対象外,,2026-08-28,関心:敷金無/礼金無,https://www.shizuoka.fudohsan.jp/%E7%89%A9%E4%BB%B6/159097,適合
スマイミー静岡 賃貸 沼津市,沼津市,駐車場,賃貸カテゴリ（掲載種別）,沼津市小諏訪269-1,0.5,,,5,—,—,,—,賃貸のため対象外,,2026-08-28,関心:敷金無/礼金無,https://www.shizuoka.fudohsan.jp/%E7%89%A9%E4%BB%B6/159866,適合
スマイミー静岡 賃貸 沼津市,沼津市,駐車場,賃貸カテゴリ（掲載種別）,沼津市東椎路,0.4,,,5,—,—,,—,賃貸のため対象外,,2026-08-28,関心:敷金無/礼金無,https://www.shizuoka.fudohsan.jp/%E7%89%A9%E4%BB%B6/158743,適合
スマイミー静岡 賃貸 沼津市,沼津市,駐車場,賃貸カテゴリ（掲載種別）,沼津市大諏訪,0.4,,,5,—,—,,—,賃貸のため対象外,,2026-08-28,関心:敷金無/礼金無,https://www.shizuoka.fudohsan.jp/%E7%89%A9%E4%BB%B6/158742,適合
スマイミー静岡 賃貸 沼津市,沼津市,賃貸マンション,賃貸カテゴリ（掲載種別）,沼津市筒井町,5.0,42.1,,5,—,—,,—,賃貸のため対象外,,2026-08-28,関心:礼金無,https://www.shizuoka.fudohsan.jp/%E7%89%A9%E4%BB%B6/104368,適合
スマイミー静岡 賃貸 沼津市,沼津市,賃貸マンション,賃貸カテゴリ（掲載種別）,沼津市大手町５丁目,3.7,22.4,,5,—,—,,—,賃貸のため対象外,,2026-08-28,関心:礼金無,https://www.shizuoka.fudohsan.jp/%E7%89%A9%E4%BB%B6/35483,適合
スマイミー静岡 賃貸 沼津市,沼津市,賃貸アパート,賃貸カテゴリ（掲載種別）,沼津市井出,2.7,23.2,,5,—,—,,—,賃貸のため対象外,,2026-08-28,関心:敷金無/礼金無,https://www.shizuoka.fudohsan.jp/%E7%89%A9%E4%BB%B6/43329,適合
スマイミー静岡 賃貸 沼津市,沼津市,賃貸アパート,賃貸カテゴリ（掲載種別）,沼津市高尾台,5.5,39.6,,5,—,—,,—,賃貸のため対象外,,2026-08-28,関心:礼金無,https://www.shizuoka.fudohsan.jp/%E7%89%A9%E4%BB%B6/43926,不適合
空き家バンクしずおか 三島市,三島市,更地,土地カテゴリ（建物表記なし）,三島市谷田1345-50,1500,299.1,16.6,1500,田,市街化区域,,△,市街化区域だが接道幅員が不明。新築可否は接道要確認,,2026-06-14,,https://akiya-bank.shizuoka.fudohsan.jp/%E7%89%A9%E4%BB%B6/93876/settle/1,不適合
空き家バンクしずおか 三島市,三島市,更地,土地カテゴリ（建物表記なし）,三島市青木,2280,170.4,44.2,1500,田,市街化区域,,△,市街化区域だが接道幅員が不明。新築可否は接道要確認,,2026-08-28,,https://akiya-bank.shizuoka.fudohsan.jp/%E7%89%A9%E4%BB%B6/176747/settle/1,不適合
空き家バンクしずおか 三島市,三島市,空き家,掲載に空き家表記,三島市青木,2480,201.5,40.7,3000,田,市街化区域,,不明,接道・区分情報なし。建物ありだが現行法での再建築可否は役場で要確認,,2026-08-03,,https://akiya-bank.shizuoka.fudohsan.jp/%E7%89%A9%E4%BB%B6/175782/settle/1,不適合
空き家バンクしずおか 三島市,三島市,空き家,掲載に空き家表記,三島市富士ビレッジ37-5,3380,121.2,92.2,3000,宅地,市街化区域,,不明,接道・区分情報なし。建物ありだが現行法での再建築可否は役場で要確認,,2026-08-21,,https://akiya-bank.shizuoka.fudohsan.jp/%E7%89%A9%E4%BB%B6/176495/settle/1,不適合
空き家バンクしずおか 三島市,三島市,更地,土地カテゴリ（建物表記なし）,三島市大場246-18,1990,172.4,38.2,1500,田,市街化区域,,△,市街化区域だが接道幅員が不明。新築可否は接道要確認,,2026-06-14,,https://akiya-bank.shizuoka.fudohsan.jp/%E7%89%A9%E4%BB%B6/168503/settle/1,不適合
空き家バンクしずおか 三島市,三島市,更地,土地カテゴリ（建物表記なし）,三島市徳倉４丁目20-28,780,110.2,23.4,1500,田,市街化区域,,△,市街化区域だが接道幅員が不明。新築可否は接道要確認,,2026-06-14,,https://akiya-bank.shizuoka.fudohsan.jp/%E7%89%A9%E4%BB%B6/145097/settle/1,不適合
空き家バンクしずおか 三島市,三島市,更地,土地カテゴリ（建物表記なし）,三島市谷田,480,104.1,15.2,1500,宅地,市街化区域,,△,市街化区域だが接道幅員が不明。新築可否は接道要確認,,2026-06-14,,https://akiya-bank.shizuoka.fudohsan.jp/%E7%89%A9%E4%BB%B6/171025/settle/1,不適合
空き家バンクしずおか 三島市,三島市,古家付き土地,土地＋古家/上物の表記,三島市芙蓉台１丁目7-2,1280,231.4,18.3,1500,宅地,市街化区域,,不明,接道・区分情報なし。建物ありだが現行法での再建築可否は役場で要確認,,2026-06-14,,https://akiya-bank.shizuoka.fudohsan.jp/%E7%89%A9%E4%BB%B6/99913/settle/1,不適合
空き家バンクしずおか 三島市,三島市,更地,土地カテゴリ（建物表記なし）,三島市徳倉４丁目,1280,314.9,13.4,1500,田,市街化区域,,△,市街化区域だが接道幅員が不明。新築可否は接道要確認,,2026-06-14,,https://akiya-bank.shizuoka.fudohsan.jp/%E7%89%A9%E4%BB%B6/173520/settle/1,不適合
空き家バンクしずおか 三島市,三島市,更地,土地カテゴリ（建物表記なし）,三島市谷田1159-297,3500,490.1,23.6,1500,宅地,市街化区域,,△,市街化区域だが接道幅員が不明。新築可否は接道要確認,,2026-06-14,,https://akiya-bank.shizuoka.fudohsan.jp/%E7%89%A9%E4%BB%B6/171724/settle/1,不適合
空き家バンクしずおか 三島市,三島市,空き家,掲載に空き家表記,三島市若松町4624-1,1850,101.6,60.2,3000,宅地,—,,不明,接道・区分情報なし。建物ありだが現行法での再建築可否は役場で要確認,,2026-06-14,注意:管理費,https://akiya-bank.shizuoka.fudohsan.jp/%E7%89%A9%E4%BB%B6/165606/settle/1,不適合
空き家バンクしずおか 三島市,三島市,更地,土地カテゴリ（建物表記なし）,三島市大場1086-314,400,305.0,4.3,1500,田,市街化調整区域,,△,市街化調整区域は原則新築不可・許可要件次第＝本命候補,,2026-06-14,関心:調整区域/無指定,https://akiya-bank.shizuoka.fudohsan.jp/%E7%89%A9%E4%BB%B6/114936/settle/1,不適合
空き家バンクしずおか 三島市,三島市,更地,土地カテゴリ（建物表記なし）,三島市富士ビレッジ,895,99.3,29.8,1500,宅地,市街化区域,,△,市街化区域だが接道幅員が不明。新築可否は接道要確認,,2026-08-12,,https://akiya-bank.shizuoka.fudohsan.jp/%E7%89%A9%E4%BB%B6/172358/settle/1,不適合
空き家バンクしずおか 三島市,三島市,空き家,掲載に空き家表記,三島市南本町,4898,123.3,131.3,3000,田,市街化区域,,不明,接道・区分情報なし。建物ありだが現行法での再建築可否は役場で要確認,,2026-08-11,,https://akiya-bank.shizuoka.fudohsan.jp/%E7%89%A9%E4%BB%B6/176272/settle/1,不適合
空き家バンクしずおか 三島市,三島市,更地,土地カテゴリ（建物表記なし）,三島市梅名,4280,156.0,90.7,1500,田,市街化区域,,△,市街化区域だが接道幅員が不明。新築可否は接道要確認,,2026-08-11,,https://akiya-bank.shizuoka.fudohsan.jp/%E7%89%A9%E4%BB%B6/176273/settle/1,不適合
空き家バンクしずおか 三島市,三島市,更地,土地カテゴリ（建物表記なし）,三島市泉町,5180,197.6,86.7,1500,田,市街化区域,,△,市街化区域だが接道幅員が不明。新築可否は接道要確認,,2026-06-14,,https://akiya-bank.shizuoka.fudohsan.jp/%E7%89%A9%E4%BB%B6/170325/settle/1,不適合
空き家バンクしずおか 三島市,三島市,更地,土地カテゴリ（建物表記なし）,三島市東本町２丁目,3880,103.7,123.7,1500,田,市街化区域,,△,市街化区域だが接道幅員が不明。新築可否は接道要確認,,2026-06-14,,https://akiya-bank.shizuoka.fudohsan.jp/%E7%89%A9%E4%BB%B6/122539/settle/1,不適合
空き家バンクしずおか 三島市,三島市,空き家,掲載に空き家表記,三島市松が丘,2690,73.8,120.5,3000,田,—,,不明,接道・区分情報なし。建物ありだが現行法での再建築可否は役場で要確認,,2026-08-07,注意:管理費,https://akiya-bank.shizuoka.fudohsan.jp/%E7%89%A9%E4%BB%B6/176139/settle/1,不適合
空き家バンクしずおか 三島市,三島市,空き家,掲載に空き家表記,三島市加茂川町,2390,75.0,105.3,3000,田,—,,不明,接道・区分情報なし。建物ありだが現行法での再建築可否は役場で要確認,,2026-08-07,注意:管理費,https://akiya-bank.shizuoka.fudohsan.jp/%E7%89%A9%E4%BB%B6/176148/settle/1,不適合
空き家バンクしずおか 三島市,三島市,古家付き土地,土地＋古家/上物の表記,三島市萩571,500,177.0,9.3,1500,宅地,市街化区域,,不明,接道・区分情報なし。建物ありだが現行法での再建築可否は役場で要確認,,2026-06-14,,https://akiya-bank.shizuoka.fudohsan.jp/%E7%89%A9%E4%BB%B6/148264/settle/1,不適合
空き家バンクしずおか 三島市,三島市,更地,土地カテゴリ（建物表記なし）,三島市大場,880,463.4,6.3,1500,田,市街化調整区域,,△,市街化調整区域は原則新築不可・許可要件次第＝本命候補,,2026-06-14,関心:調整区域/無指定,https://akiya-bank.shizuoka.fudohsan.jp/%E7%89%A9%E4%BB%B6/169694/settle/1,適合
空き家バンクしずおか 三島市,三島市,空き家,掲載に空き家表記,三島市長伏,1455,73.6,65.4,3000,田,—,,不明,接道・区分情報なし。建物ありだが現行法での再建築可否は役場で要確認,,2026-07-24,注意:管理費,https://akiya-bank.shizuoka.fudohsan.jp/%E7%89%A9%E4%BB%B6/175603/settle/1,不適合
空き家バンクしずおか 三島市,三島市,古家付き土地,土地＋古家/上物の表記,三島市徳倉３丁目500－3,780,200.0,12.9,1500,田,市街化調整区域,,△,調整区域の建替えは既存宅地要件等の確認が必要＝本命候補,,2026-06-14,関心:調整区域/無指定,https://akiya-bank.shizuoka.fudohsan.jp/%E7%89%A9%E4%BB%B6/133995/settle/1,不適合
空き家バンクしずおか 三島市,三島市,更地,土地カテゴリ（建物表記なし）,三島市谷田251-17,1530,142.4,35.5,1500,宅地,市街化区域,,△,市街化区域だが接道幅員が不明。新築可否は接道要確認,,2026-06-14,,https://akiya-bank.shizuoka.fudohsan.jp/%E7%89%A9%E4%BB%B6/154213/settle/1,不適合
空き家バンクしずおか 三島市,三島市,空き家,掲載に空き家表記,"三島市青木381-16,15,14",1300,136.7,31.4,3000,田,市街化区域,,不明,接道・区分情報なし。建物ありだが現行法での再建築可否は役場で要確認,,2026-07-24,,https://akiya-bank.shizuoka.fudohsan.jp/%E7%89%A9%E4%BB%B6/172783/settle/1,不適合
空き家バンクしずおか 三島市,三島市,空き家,掲載に空き家表記,三島市若松町,1350,57.3,77.9,3000,田,—,,不明,接道・区分情報なし。建物ありだが現行法での再建築可否は役場で要確認,,2026-06-14,注意:管理費,https://akiya-bank.shizuoka.fudohsan.jp/%E7%89%A9%E4%BB%B6/172473/settle/1,不適合
空き家バンクしずおか 三島市,三島市,古家付き土地,土地＋古家/上物の表記,三島市萩,500,177.0,9.3,1500,宅地,市街化区域,,不明,接道・区分情報なし。建物ありだが現行法での再建築可否は役場で要確認,,2026-06-14,,https://akiya-bank.shizuoka.fudohsan.jp/%E7%89%A9%E4%BB%B6/165185/settle/1,不適合
空き家バンクしずおか 三島市,三島市,空き家,掲載に空き家表記,三島市富士ビレッジ,3380,121.2,92.2,3000,宅地,市街化区域,,不明,接道・区分情報なし。建物ありだが現行法での再建築可否は役場で要確認,,2026-07-22,,https://akiya-bank.shizuoka.fudohsan.jp/%E7%89%A9%E4%BB%B6/175543/settle/1,不適合
空き家バンクしずおか 三島市,三島市,更地,土地カテゴリ（建物表記なし）,三島市文教町２丁目,1800,170.1,35.0,1500,田,市街化区域,,△,市街化区域だが接道幅員が不明。新築可否は接道要確認,,2026-06-14,,https://akiya-bank.shizuoka.fudohsan.jp/%E7%89%A9%E4%BB%B6/156680/settle/1,不適合
空き家バンクしずおか 三島市,三島市,古家付き土地,土地＋古家/上物の表記,三島市旭ヶ丘,1480,166.7,29.3,1500,宅地,市街化区域,,不明,接道・区分情報なし。建物ありだが現行法での再建築可否は役場で要確認,,2026-06-14,,https://akiya-bank.shizuoka.fudohsan.jp/%E7%89%A9%E4%BB%B6/169641/settle/1,不適合
空き家バンクしずおか 三島市,三島市,古家付き土地,土地＋古家/上物の表記,三島市東本町１丁目,4980,264.5,62.2,1500,田,市街化区域,,不明,接道・区分情報なし。建物ありだが現行法での再建築可否は役場で要確認,,2026-07-16,,https://akiya-bank.shizuoka.fudohsan.jp/%E7%89%A9%E4%BB%B6/175311/settle/1,不適合
空き家バンクしずおか 三島市,三島市,空き家,掲載に空き家表記,三島市東本町１丁目,4980,264.5,62.2,3000,田,市街化区域,,不明,接道・区分情報なし。建物ありだが現行法での再建築可否は役場で要確認,,2026-07-16,,https://akiya-bank.shizuoka.fudohsan.jp/%E7%89%A9%E4%BB%B6/175310/settle/1,不適合
空き家バンクしずおか 三島市,三島市,更地,土地カテゴリ（建物表記なし）,三島市若松町4298-7,880,106.4,27.3,1500,宅地,市街化区域,,△,市街化区域だが接道幅員が不明。新築可否は接道要確認,,2026-07-16,,https://akiya-bank.shizuoka.fudohsan.jp/%E7%89%A9%E4%BB%B6/175308/settle/1,不適合
空き家バンクしずおか 三島市,三島市,古家付き土地,土地＋古家/上物の表記,三島市幸原町２丁目,1980,103.0,63.5,1500,田,市街化区域,,不明,接道・区分情報なし。建物ありだが現行法での再建築可否は役場で要確認,,2026-07-09,,https://akiya-bank.shizuoka.fudohsan.jp/%E7%89%A9%E4%BB%B6/156884/settle/1,不適合
空き家バンクしずおか 三島市,三島市,古家付き土地,土地＋古家/上物の表記,三島市大場,1050,286.8,12.1,1500,田,市街化調整区域,,△,調整区域の建替えは既存宅地要件等の確認が必要＝本命候補,,2026-06-14,関心:調整区域/無指定,https://akiya-bank.shizuoka.fudohsan.jp/%E7%89%A9%E4%BB%B6/139588/settle/1,不適合
空き家バンクしずおか 三島市,三島市,更地,土地カテゴリ（建物表記なし）,三島市梅名608-4,8500,617.9,45.5,1500,宅地,市街化調整区域,,△,市街化調整区域は原則新築不可・許可要件次第＝本命候補,,2026-06-14,関心:調整区域,https://akiya-bank.shizuoka.fudohsan.jp/%E7%89%A9%E4%BB%B6/143019/settle/1,不適合
空き家バンクしずおか 三島市,三島市,更地,土地カテゴリ（建物表記なし）,三島市佐野見晴台１丁目1-1,3800,680.5,18.5,1500,田,市街化調整区域,,△,市街化調整区域は原則新築不可・許可要件次第＝本命候補,,2026-06-14,関心:調整区域/無指定,https://akiya-bank.shizuoka.fudohsan.jp/%E7%89%A9%E4%BB%B6/56082/settle/1,不適合
空き家バンクしずおか 三島市,三島市,空き家,掲載に空き家表記,三島市東町7-34,1780,120.5,48.8,3000,田,市街化区域,,不明,接道・区分情報なし。建物ありだが現行法での再建築可否は役場で要確認,,2026-07-04,,https://akiya-bank.shizuoka.fudohsan.jp/%E7%89%A9%E4%BB%B6/174903/settle/1,不適合
空き家バンクしずおか 三島市,三島市,空き家,掲載に空き家表記,三島市川原ケ谷,750,129.6,19.1,3000,田,市街化調整区域,,△,調整区域の建替えは既存宅地要件等の確認が必要＝本命候補,,2026-06-14,関心:調整区域/無指定,https://akiya-bank.shizuoka.fudohsan.jp/%E7%89%A9%E4%BB%B6/167349/settle/1,不適合
空き家バンクしずおか 三島市,三島市,更地,土地カテゴリ（建物表記なし）,三島市芙蓉台１丁目,900,225.0,13.2,1500,宅地,市街化区域,,△,市街化区域だが接道幅員が不明。新築可否は接道要確認,,2026-06-14,,https://akiya-bank.shizuoka.fudohsan.jp/%E7%89%A9%E4%BB%B6/171928/settle/1,不適合
空き家バンクしずおか 三島市,三島市,空き家,掲載に空き家表記,三島市南二日町,1698,167.8,33.5,3000,田,市街化区域,,不明,接道・区分情報なし。建物ありだが現行法での再建築可否は役場で要確認,,2026-06-27,,https://akiya-bank.shizuoka.fudohsan.jp/%E7%89%A9%E4%BB%B6/174695/settle/1,不適合
空き家バンクしずおか 三島市,三島市,古家付き土地,土地＋古家/上物の表記,三島市若松町4402-1,11000,2855.2,12.7,1500,宅地,市街化区域,,不明,接道・区分情報なし。建物ありだが現行法での再建築可否は役場で要確認,,2026-06-14,,https://akiya-bank.shizuoka.fudohsan.jp/%E7%89%A9%E4%BB%B6/125787/settle/1,不適合
空き家バンクしずおか 三島市,三島市,更地,土地カテゴリ（建物表記なし）,三島市徳倉747-123,300,585.0,1.7,1500,宅地,市街化区域,,△,市街化区域だが接道幅員が不明。新築可否は接道要確認,,2026-06-14,,https://akiya-bank.shizuoka.fudohsan.jp/%E7%89%A9%E4%BB%B6/166629/settle/1,適合
空き家バンクしずおか 三島市,三島市,更地,土地カテゴリ（建物表記なし）,三島市御園,3480,220.2,52.2,1500,田,市街化調整区域,,△,市街化調整区域は原則新築不可・許可要件次第＝本命候補,,2026-06-17,関心:調整区域/無指定,https://akiya-bank.shizuoka.fudohsan.jp/%E7%89%A9%E4%BB%B6/160683/settle/1,不適合
空き家バンクしずおか 三島市,三島市,更地,土地カテゴリ（建物表記なし）,三島市大場,1280,106.6,39.7,1500,田,市街化区域,,△,市街化区域だが接道幅員が不明。新築可否は接道要確認,,2026-06-17,,https://akiya-bank.shizuoka.fudohsan.jp/%E7%89%A9%E4%BB%B6/164209/settle/1,不適合
空き家バンクしずおか 三島市,三島市,更地,土地カテゴリ（建物表記なし）,三島市徳倉２丁目,1300,203.0,21.2,1500,田,市街化区域,,△,市街化区域だが接道幅員が不明。新築可否は接道要確認,,2026-06-17,,https://akiya-bank.shizuoka.fudohsan.jp/%E7%89%A9%E4%BB%B6/162576/settle/1,不適合
SUUMO 土地 駿東郡（清水/長泉）,清水町,更地,土地カテゴリ（建物表記なし）,静岡県駿東郡清水町伏見字堂之口850-1他,2780,151.2,60.8,1500,田,—,,不明,接道・区分情報なし、詳細/役場で要確認,,2026-06-17,,https://suumo.jp/tochi/shizuoka/sc_suntogun/nc_20479666/,不適合
SUUMO 土地 駿東郡（清水/長泉）,長泉町,更地,土地カテゴリ（建物表記なし）,静岡県駿東郡長泉町上土狩字上向395番4外,2408,147.4,54.0,1500,—,—,,不明,接道・区分情報なし、詳細/役場で要確認,,2026-08-18,,https://suumo.jp/tochi/shizuoka/sc_suntogun/nc_78453284/,不適合
SUUMO 土地 駿東郡（清水/長泉）,長泉町,更地,土地カテゴリ（建物表記なし）,静岡県駿東郡長泉町納米里字下屋敷添234-7、234-4、234-5、234-8、234-10,2480,145.4,56.4,1500,—,—,,不明,接道・区分情報なし、詳細/役場で要確認,,2026-06-17,,https://suumo.jp/tochi/shizuoka/sc_suntogun/nc_76592995/,不適合
SUUMO 土地 駿東郡（清水/長泉）,長泉町,更地,土地カテゴリ（建物表記なし）,静岡県駿東郡長泉町納米里字西耕地276番4,2680,165.5,53.5,1500,—,—,,不明,接道・区分情報なし、詳細/役場で要確認,,2026-06-17,,https://suumo.jp/tochi/shizuoka/sc_suntogun/nc_79044394/,不適合
SUUMO 土地 駿東郡（清水/長泉）,長泉町,更地,土地カテゴリ（建物表記なし）,静岡県駿東郡長泉町下土狩字荻素950-5、950-13、950-31、950-32,3180,176.3,59.6,1500,—,—,,不明,接道・区分情報なし、詳細/役場で要確認,,2026-06-17,,https://suumo.jp/tochi/shizuoka/sc_suntogun/nc_78909887/,不適合
SUUMO 土地 駿東郡（清水/長泉）,長泉町,更地,土地カテゴリ（建物表記なし）,静岡県駿東郡長泉町下土狩字焼原891-5、891-25,5980,311.4,63.5,1500,—,—,,不明,接道・区分情報なし、詳細/役場で要確認,,2026-06-17,,https://suumo.jp/tochi/shizuoka/sc_suntogun/nc_76475811/,不適合
SUUMO 土地 駿東郡（清水/長泉）,長泉町,更地,土地カテゴリ（建物表記なし）,静岡県駿東郡長泉町下土狩字宮脇476番9,5980,275.1,71.9,1500,—,—,,不明,接道・区分情報なし、詳細/役場で要確認,,2026-06-17,,https://suumo.jp/tochi/shizuoka/sc_suntogun/nc_74660221/,不適合
SUUMO 土地 駿東郡（清水/長泉）,長泉町,更地,土地カテゴリ（建物表記なし）,静岡県駿東郡長泉町上長窪,1380,155.0,29.4,1500,—,—,,不明,接道・区分情報なし、詳細/役場で要確認,,2026-06-17,,https://suumo.jp/tochi/shizuoka/sc_suntogun/nc_78719754/,不適合
SUUMO 土地 駿東郡（清水/長泉）,清水町,更地,土地カテゴリ（建物表記なし）,静岡県駿東郡清水町長沢,700,83.9,27.6,1500,—,—,,不明,接道・区分情報なし、詳細/役場で要確認,,2026-06-17,,https://suumo.jp/tochi/shizuoka/sc_suntogun/nc_77344884/,不適合
SUUMO 土地 駿東郡（清水/長泉）,長泉町,更地,土地カテゴリ（建物表記なし）,静岡県駿東郡長泉町竹原179-20,800,91.5,28.9,1500,—,—,,不明,接道・区分情報なし、詳細/役場で要確認,,2026-06-17,,https://suumo.jp/tochi/shizuoka/sc_suntogun/nc_94285170/,不適合
SUUMO 土地 駿東郡（清水/長泉）,長泉町,更地,土地カテゴリ（建物表記なし）,静岡県駿東郡長泉町竹原,800,70.5,37.5,1500,田,—,,不明,接道・区分情報なし、詳細/役場で要確認,,2026-06-17,,https://suumo.jp/tochi/shizuoka/sc_suntogun/nc_79047271/,不適合
SUUMO 土地 駿東郡（清水/長泉）,長泉町,更地,土地カテゴリ（建物表記なし）,静岡県駿東郡長泉町竹原,800,91.5,28.9,1500,—,—,,不明,接道・区分情報なし、詳細/役場で要確認,,2026-06-17,,https://suumo.jp/tochi/shizuoka/sc_suntogun/nc_20635006/,不適合
SUUMO 土地 駿東郡（清水/長泉）,清水町,更地,土地カテゴリ（建物表記なし）,静岡県駿東郡清水町徳倉,1050,183.0,19.0,1500,—,—,,不明,接道・区分情報なし、詳細/役場で要確認,,2026-06-21,,https://suumo.jp/tochi/shizuoka/sc_suntogun/nc_76677460/,不適合
SUUMO 土地 駿東郡（清水/長泉）,長泉町,更地,土地カテゴリ（建物表記なし）,静岡県駿東郡長泉町東野,1100,1272.2,2.9,1500,宅地,—,,不明,接道・区分情報なし、詳細/役場で要確認,,2026-06-17,,https://suumo.jp/tochi/shizuoka/sc_suntogun/nc_79215406/,適合
SUUMO 土地 駿東郡（清水/長泉）,清水町,更地,土地カテゴリ（建物表記なし）,静岡県駿東郡清水町徳倉,1200,140.0,28.3,1500,—,—,,不明,接道・区分情報なし、詳細/役場で要確認,,2026-07-13,,https://suumo.jp/tochi/shizuoka/sc_suntogun/nc_20103659/,不適合
SUUMO 土地 駿東郡（清水/長泉）,清水町,更地,土地カテゴリ（建物表記なし）,静岡県駿東郡清水町徳倉854,1280,189.8,22.3,1500,—,—,,不明,接道・区分情報なし、詳細/役場で要確認,,2026-06-17,,https://suumo.jp/tochi/shizuoka/sc_suntogun/nc_77548585/,不適合
SUUMO 土地 駿東郡（清水/長泉）,清水町,更地,土地カテゴリ（建物表記なし）,静岡県駿東郡清水町徳倉,1390,254.0,18.1,1500,—,—,,不明,接道・区分情報なし、詳細/役場で要確認,,2026-06-17,,https://suumo.jp/tochi/shizuoka/sc_suntogun/nc_78716183/,不適合
SUUMO 土地 駿東郡（清水/長泉）,清水町,更地,土地カテゴリ（建物表記なし）,静岡県駿東郡清水町長沢,1400,160.2,28.9,1500,—,—,,不明,接道・区分情報なし、詳細/役場で要確認,,2026-06-17,,https://suumo.jp/tochi/shizuoka/sc_suntogun/nc_74409114/,不適合
SUUMO 土地 駿東郡（清水/長泉）,長泉町,更地,土地カテゴリ（建物表記なし）,静岡県駿東郡長泉町本宿642-1,1480,278.2,17.6,1500,—,—,,不明,接道・区分情報なし、詳細/役場で要確認,,2026-08-25,,https://suumo.jp/tochi/shizuoka/sc_suntogun/nc_21555698/,不適合
SUUMO 土地 駿東郡（清水/長泉）,長泉町,更地,土地カテゴリ（建物表記なし）,静岡県駿東郡長泉町南一色,1525,117.2,43.0,1500,—,—,,不明,接道・区分情報なし、詳細/役場で要確認,,2026-08-07,,https://suumo.jp/tochi/shizuoka/sc_suntogun/nc_21446475/,不適合
SUUMO 土地 駿東郡（清水/長泉）,清水町,更地,土地カテゴリ（建物表記なし）,静岡県駿東郡清水町徳倉,1580,367.5,14.2,1500,田,—,,不明,接道・区分情報なし、詳細/役場で要確認,,2026-07-09,,https://suumo.jp/tochi/shizuoka/sc_suntogun/nc_21249269/,不適合
SUUMO 土地 駿東郡（清水/長泉）,長泉町,更地,土地カテゴリ（建物表記なし）,静岡県駿東郡長泉町南一色,1595,117.2,45.0,1500,—,—,,不明,接道・区分情報なし、詳細/役場で要確認,,2026-08-07,,https://suumo.jp/tochi/shizuoka/sc_suntogun/nc_21446476/,不適合
SUUMO 土地 駿東郡（清水/長泉）,清水町,更地,土地カテゴリ（建物表記なし）,静岡県駿東郡清水町長沢,1600,160.6,32.9,1500,—,—,,不明,接道・区分情報なし、詳細/役場で要確認,,2026-06-17,,https://suumo.jp/tochi/shizuoka/sc_suntogun/nc_20699654/,不適合
SUUMO 土地 駿東郡（清水/長泉）,清水町,更地,土地カテゴリ（建物表記なし）,静岡県駿東郡清水町徳倉,1700,394.3,14.3,1500,—,—,,不明,接道・区分情報なし、詳細/役場で要確認,,2026-06-17,,https://suumo.jp/tochi/shizuoka/sc_suntogun/nc_75450316/,不適合
SUUMO 土地 駿東郡（清水/長泉）,清水町,更地,土地カテゴリ（建物表記なし）,静岡県駿東郡清水町柿田,1780,247.2,23.8,1500,田,—,,不明,接道・区分情報なし、詳細/役場で要確認,,2026-06-17,,https://suumo.jp/tochi/shizuoka/sc_suntogun/nc_20069626/,不適合
SUUMO 土地 駿東郡（清水/長泉）,清水町,更地,土地カテゴリ（建物表記なし）,静岡県駿東郡清水町徳倉,1800,567.1,10.5,1500,—,—,,不明,接道・区分情報なし、詳細/役場で要確認,,2026-06-17,,https://suumo.jp/tochi/shizuoka/sc_suntogun/nc_20864087/,不適合
SUUMO 土地 駿東郡（清水/長泉）,清水町,更地,土地カテゴリ（建物表記なし）,静岡県駿東郡清水町湯川,1840,143.5,42.4,1500,—,—,,不明,接道・区分情報なし、詳細/役場で要確認,,2026-06-17,,https://suumo.jp/tochi/shizuoka/sc_suntogun/nc_20847413/,不適合
SUUMO 土地 駿東郡（清水/長泉）,清水町,更地,土地カテゴリ（建物表記なし）,静岡県駿東郡清水町柿田,1880,138.9,44.7,1500,田,—,,不明,接道・区分情報なし、詳細/役場で要確認,,2026-08-28,,https://suumo.jp/tochi/shizuoka/sc_suntogun/nc_21570725/,不適合
SUUMO 土地 駿東郡（清水/長泉）,清水町,更地,土地カテゴリ（建物表記なし）,静岡県駿東郡清水町柿田,1880,138.9,44.7,1500,田,—,,不明,接道・区分情報なし、詳細/役場で要確認,,2026-08-28,,https://suumo.jp/tochi/shizuoka/sc_suntogun/nc_21570726/,不適合
SUUMO 土地 駿東郡（清水/長泉）,清水町,更地,土地カテゴリ（建物表記なし）,静岡県駿東郡清水町柿田,1880,138.8,44.8,1500,田,—,,不明,接道・区分情報なし、詳細/役場で要確認,,2026-08-28,,https://suumo.jp/tochi/shizuoka/sc_suntogun/nc_21570724/,不適合
SUUMO 土地 駿東郡（清水/長泉）,長泉町,更地,土地カテゴリ（建物表記なし）,静岡県駿東郡長泉町下土狩,1980,103.3,63.4,1500,—,—,,不明,接道・区分情報なし、詳細/役場で要確認,,2026-06-25,,https://suumo.jp/tochi/shizuoka/sc_suntogun/nc_21139529/,不適合
SUUMO 土地 駿東郡（清水/長泉）,清水町,更地,土地カテゴリ（建物表記なし）,静岡県駿東郡清水町玉川,1980,165.3,39.6,1500,—,—,,不明,接道・区分情報なし、詳細/役場で要確認,,2026-06-17,,https://suumo.jp/tochi/shizuoka/sc_suntogun/nc_78282556/,不適合
SUUMO 土地 駿東郡（清水/長泉）,長泉町,更地,土地カテゴリ（建物表記なし）,静岡県駿東郡長泉町中土狩,1990,169.6,38.8,1500,—,—,,不明,接道・区分情報なし、詳細/役場で要確認,,2026-07-23,,https://suumo.jp/tochi/shizuoka/sc_suntogun/nc_21346174/,不適合
SUUMO 土地 駿東郡（清水/長泉）,清水町,更地,土地カテゴリ（建物表記なし）,静岡県駿東郡清水町柿田,2080,140.3,49.0,1500,田,—,,不明,接道・区分情報なし、詳細/役場で要確認,,2026-08-28,,https://suumo.jp/tochi/shizuoka/sc_suntogun/nc_21570723/,不適合
SUUMO 土地 駿東郡（清水/長泉）,清水町,更地,土地カテゴリ（建物表記なし）,静岡県駿東郡清水町徳倉,2200,337.0,21.6,1500,—,—,,不明,接道・区分情報なし、詳細/役場で要確認,,2026-06-17,,https://suumo.jp/tochi/shizuoka/sc_suntogun/nc_75886069/,不適合
SUUMO 土地 駿東郡（清水/長泉）,長泉町,更地,土地カテゴリ（建物表記なし）,静岡県駿東郡長泉町南一色,2200,181.0,40.2,1500,—,—,,不明,接道・区分情報なし、詳細/役場で要確認,,2026-06-17,,https://suumo.jp/tochi/shizuoka/sc_suntogun/nc_78818854/,不適合
SUUMO 土地 駿東郡（清水/長泉）,清水町,更地,土地カテゴリ（建物表記なし）,静岡県駿東郡清水町堂庭字大宿54-1他,2680,165.4,53.6,1500,—,—,,不明,接道・区分情報なし、詳細/役場で要確認,,2026-08-28,,https://suumo.jp/tochi/shizuoka/sc_suntogun/nc_78760593/,不適合
SUUMO 土地 駿東郡（清水/長泉）,長泉町,更地,土地カテゴリ（建物表記なし）,静岡県駿東郡長泉町上土狩,2780,159.0,57.8,1500,—,—,,不明,接道・区分情報なし、詳細/役場で要確認,,2026-08-18,,https://suumo.jp/tochi/shizuoka/sc_suntogun/nc_21479564/,不適合
SUUMO 土地 駿東郡（清水/長泉）,長泉町,更地,土地カテゴリ（建物表記なし）,静岡県駿東郡長泉町下長窪,2850,173.5,54.3,1500,—,—,,不明,接道・区分情報なし、詳細/役場で要確認,,2026-06-17,,https://suumo.jp/tochi/shizuoka/sc_suntogun/nc_20700854/,不適合
SUUMO 土地 駿東郡（清水/長泉）,長泉町,更地,土地カテゴリ（建物表記なし）,静岡県駿東郡長泉町上土狩,2880,154.2,61.7,1500,—,—,,不明,接道・区分情報なし、詳細/役場で要確認,,2026-08-18,,https://suumo.jp/tochi/shizuoka/sc_suntogun/nc_21512272/,不適合
SUUMO 土地 駿東郡（清水/長泉）,長泉町,更地,土地カテゴリ（建物表記なし）,静岡県駿東郡長泉町納米里,2950,329.0,29.6,1500,田,—,,不明,接道・区分情報なし、詳細/役場で要確認,,2026-08-10,,https://suumo.jp/tochi/shizuoka/sc_suntogun/nc_20748553/,不適合
SUUMO 土地 駿東郡（清水/長泉）,清水町,更地,土地カテゴリ（建物表記なし）,静岡県駿東郡清水町徳倉,3150,330.0,31.6,1500,—,—,,不明,接道・区分情報なし、詳細/役場で要確認,,2026-06-17,,https://suumo.jp/tochi/shizuoka/sc_suntogun/nc_20125614/,不適合
SUUMO 土地 駿東郡（清水/長泉）,長泉町,更地,土地カテゴリ（建物表記なし）,静岡県駿東郡長泉町桜堤３,3290,180.9,60.1,1500,—,—,,不明,接道・区分情報なし、詳細/役場で要確認,,2026-06-17,,https://suumo.jp/tochi/shizuoka/sc_suntogun/nc_20069912/,不適合
SUUMO 土地 駿東郡（清水/長泉）,長泉町,更地,土地カテゴリ（建物表記なし）,静岡県駿東郡長泉町中土狩,3480,190.0,60.5,1500,—,—,,不明,接道・区分情報なし、詳細/役場で要確認,,2026-07-27,,https://suumo.jp/tochi/shizuoka/sc_suntogun/nc_76909210/,不適合
SUUMO 土地 駿東郡（清水/長泉）,長泉町,更地,土地カテゴリ（建物表記なし）,静岡県駿東郡長泉町桜堤３,3580,187.1,63.3,1500,—,—,,不明,接道・区分情報なし、詳細/役場で要確認,,2026-06-17,,https://suumo.jp/tochi/shizuoka/sc_suntogun/nc_20069918/,不適合
SUUMO 土地 駿東郡（清水/長泉）,長泉町,更地,土地カテゴリ（建物表記なし）,静岡県駿東郡長泉町桜堤３,3580,187.2,63.2,1500,—,—,,不明,接道・区分情報なし、詳細/役場で要確認,,2026-06-17,,https://suumo.jp/tochi/shizuoka/sc_suntogun/nc_20069865/,不適合
SUUMO 土地 駿東郡（清水/長泉）,長泉町,更地,土地カテゴリ（建物表記なし）,静岡県駿東郡長泉町東野,3900,846.6,15.2,1500,—,—,,不明,接道・区分情報なし、詳細/役場で要確認,,2026-07-20,,https://suumo.jp/tochi/shizuoka/sc_suntogun/nc_21332066/,不適合
SUUMO 土地 駿東郡（清水/長泉）,長泉町,更地,土地カテゴリ（建物表記なし）,静岡県駿東郡長泉町東野,4180,1678.2,8.2,1500,—,—,,不明,接道・区分情報なし、詳細/役場で要確認,,2026-06-17,,https://suumo.jp/tochi/shizuoka/sc_suntogun/nc_75329167/,不適合
SUUMO 土地 駿東郡（清水/長泉）,長泉町,更地,土地カテゴリ（建物表記なし）,静岡県駿東郡長泉町下土狩1169-2,7980,486.5,54.2,1500,—,—,,不明,接道・区分情報なし、詳細/役場で要確認,,2026-08-24,,https://suumo.jp/tochi/shizuoka/sc_suntogun/nc_21549441/,不適合
SUUMO 土地 駿東郡（清水/長泉）,清水町,更地,土地カテゴリ（建物表記なし）,静岡県駿東郡清水町伏見756-1,11500,957.5,39.7,1500,田,—,,不明,接道・区分情報なし、詳細/役場で要確認,,2026-08-07,,https://suumo.jp/tochi/shizuoka/sc_suntogun/nc_21452924/,不適合
SUUMO 中古戸建 駿東郡（清水/長泉）,清水町,更地,土地カテゴリ（建物表記なし）,静岡県駿東郡清水町徳倉,1698,193.0,29.1,1500,—,—,,不明,接道・区分情報なし、詳細/役場で要確認,,2026-06-17,,https://suumo.jp/chukoikkodate/shizuoka/sc_suntogun/nc_20977891/,不適合
SUUMO 中古戸建 駿東郡（清水/長泉）,清水町,更地,土地カテゴリ（建物表記なし）,静岡県駿東郡清水町徳倉,2680,156.0,56.8,1500,—,—,,不明,接道・区分情報なし、詳細/役場で要確認,,2026-06-17,,https://suumo.jp/chukoikkodate/shizuoka/sc_suntogun/nc_74686385/,不適合
SUUMO 中古戸建 駿東郡（清水/長泉）,長泉町,更地,土地カテゴリ（建物表記なし）,静岡県駿東郡長泉町本宿,4180,196.9,70.2,1500,—,—,,不明,接道・区分情報なし、詳細/役場で要確認,,2026-06-17,,https://suumo.jp/chukoikkodate/shizuoka/sc_suntogun/nc_78273362/,不適合
SUUMO 中古戸建 駿東郡（清水/長泉）,長泉町,更地,土地カテゴリ（建物表記なし）,静岡県駿東郡長泉町上土狩,4180,219.6,62.9,1500,—,—,,不明,接道・区分情報なし、詳細/役場で要確認,,2026-06-21,,https://suumo.jp/chukoikkodate/shizuoka/sc_suntogun/nc_21106006/,不適合
SUUMO 中古戸建 駿東郡（清水/長泉）,長泉町,更地,土地カテゴリ（建物表記なし）,静岡県駿東郡長泉町東野,6890,1058.3,21.5,1500,—,—,,不明,接道・区分情報なし、詳細/役場で要確認,,2026-06-17,,https://suumo.jp/chukoikkodate/shizuoka/sc_suntogun/nc_79041993/,不適合
SUUMO 中古戸建 駿東郡（清水/長泉）,清水町,更地,土地カテゴリ（建物表記なし）,静岡県駿東郡清水町徳倉,1698,193.0,29.1,1500,—,—,,不明,接道・区分情報なし、詳細/役場で要確認,,2026-06-17,,https://suumo.jp/chukoikkodate/shizuoka/sc_suntogun/nc_20509290/,不適合
SUUMO 中古戸建 駿東郡（清水/長泉）,清水町,更地,土地カテゴリ（建物表記なし）,静岡県駿東郡清水町徳倉1221-83,1929,192.0,33.2,1500,—,—,,不明,接道・区分情報なし、詳細/役場で要確認,,2026-06-17,,https://suumo.jp/chukoikkodate/shizuoka/sc_suntogun/nc_20837323/,不適合
SUUMO 中古戸建 駿東郡（清水/長泉）,長泉町,更地,土地カテゴリ（建物表記なし）,静岡県駿東郡長泉町上長窪,2380,277.4,28.4,1500,—,—,,不明,接道・区分情報なし、詳細/役場で要確認,,2026-06-17,,https://suumo.jp/chukoikkodate/shizuoka/sc_suntogun/nc_20852200/,不適合
SUUMO 中古戸建 駿東郡（清水/長泉）,清水町,中古戸建,中古戸建/住宅カテゴリ,静岡県駿東郡清水町徳倉,2980,156.2,63.1,3000,—,—,,不明,接道・区分情報なし。建物ありだが現行法での再建築可否は役場で要確認,,2026-06-17,,https://suumo.jp/chukoikkodate/shizuoka/sc_suntogun/nc_20854137/,不適合
SUUMO 中古戸建 駿東郡（清水/長泉）,長泉町,更地,土地カテゴリ（建物表記なし）,静岡県駿東郡長泉町東野,3000,1236.3,8.0,1500,—,—,,不明,接道・区分情報なし、詳細/役場で要確認,,2026-06-17,,https://suumo.jp/chukoikkodate/shizuoka/sc_suntogun/nc_78707758/,不適合
SUUMO 中古戸建 駿東郡（清水/長泉）,長泉町,更地,土地カテゴリ（建物表記なし）,静岡県駿東郡長泉町竹原,4500,97.1,153.2,1500,—,—,,不明,接道・区分情報なし、詳細/役場で要確認,,2026-06-17,,https://suumo.jp/chukoikkodate/shizuoka/sc_suntogun/nc_78707683/,不適合
SUUMO 中古戸建 駿東郡（清水/長泉）,長泉町,更地,土地カテゴリ（建物表記なし）,静岡県駿東郡長泉町下土狩,13860,349.1,131.2,1500,—,—,,不明,接道・区分情報なし、詳細/役場で要確認,,2026-08-02,,https://suumo.jp/chukoikkodate/shizuoka/sc_suntogun/nc_21403693/,不適合
SUUMO 中古戸建 駿東郡（清水/長泉）,長泉町,更地,土地カテゴリ（建物表記なし）,静岡県駿東郡長泉町東野,350,307.6,3.8,1500,—,—,,不明,接道・区分情報なし、詳細/役場で要確認,,2026-06-17,,https://suumo.jp/chukoikkodate/shizuoka/sc_suntogun/nc_75031451/,不適合
SUUMO 中古戸建 駿東郡（清水/長泉）,長泉町,更地,土地カテゴリ（建物表記なし）,静岡県駿東郡長泉町元長窪,580,209.7,9.1,1500,—,—,,不明,接道・区分情報なし、詳細/役場で要確認,,2026-06-17,,https://suumo.jp/chukoikkodate/shizuoka/sc_suntogun/nc_76395208/,不適合
SUUMO 中古戸建 駿東郡（清水/長泉）,長泉町,更地,土地カテゴリ（建物表記なし）,静岡県駿東郡長泉町元長窪,1590,163.0,32.2,1500,—,—,,不明,接道・区分情報なし、詳細/役場で要確認,,2026-06-27,,https://suumo.jp/chukoikkodate/shizuoka/sc_suntogun/nc_79156787/,不適合
SUUMO 中古戸建 駿東郡（清水/長泉）,清水町,更地,土地カテゴリ（建物表記なし）,静岡県駿東郡清水町徳倉,1698,193.0,29.1,1500,—,—,,不明,接道・区分情報なし、詳細/役場で要確認,,2026-06-17,,https://suumo.jp/chukoikkodate/shizuoka/sc_suntogun/nc_20651578/,不適合
SUUMO 中古戸建 駿東郡（清水/長泉）,清水町,更地,土地カテゴリ（建物表記なし）,静岡県駿東郡清水町徳倉,1850,300.6,20.3,1500,—,—,,不明,接道・区分情報なし、詳細/役場で要確認,,2026-06-17,,https://suumo.jp/chukoikkodate/shizuoka/sc_suntogun/nc_73061917/,不適合
SUUMO 中古戸建 駿東郡（清水/長泉）,清水町,更地,土地カテゴリ（建物表記なし）,静岡県駿東郡清水町中徳倉,1980,164.8,39.7,1500,—,—,,不明,接道・区分情報なし、詳細/役場で要確認,,2026-06-17,,https://suumo.jp/chukoikkodate/shizuoka/sc_suntogun/nc_20303492/,不適合
SUUMO 中古戸建 駿東郡（清水/長泉）,清水町,更地,土地カテゴリ（建物表記なし）,静岡県駿東郡清水町伏見,1980,165.3,39.6,1500,—,—,,不明,接道・区分情報なし、詳細/役場で要確認,,2026-06-17,,https://suumo.jp/chukoikkodate/shizuoka/sc_suntogun/nc_20104560/,不適合
SUUMO 中古戸建 駿東郡（清水/長泉）,清水町,更地,土地カテゴリ（建物表記なし）,静岡県駿東郡清水町中徳倉,1980,164.8,39.7,1500,—,—,,不明,接道・区分情報なし、詳細/役場で要確認,,2026-07-03,,https://suumo.jp/chukoikkodate/shizuoka/sc_suntogun/nc_20755150/,不適合
SUUMO 中古戸建 駿東郡（清水/長泉）,清水町,更地,土地カテゴリ（建物表記なし）,静岡県駿東郡清水町中徳倉,1980,164.8,39.7,1500,—,—,,不明,接道・区分情報なし、詳細/役場で要確認,,2026-06-17,,https://suumo.jp/chukoikkodate/shizuoka/sc_suntogun/nc_21042775/,不適合
SUUMO 中古戸建 駿東郡（清水/長泉）,長泉町,更地,土地カテゴリ（建物表記なし）,静岡県駿東郡長泉町東野,1998,299.0,22.1,1500,—,—,,不明,接道・区分情報なし、詳細/役場で要確認,,2026-06-17,,https://suumo.jp/chukoikkodate/shizuoka/sc_suntogun/nc_73920042/,不適合
SUUMO 中古戸建 駿東郡（清水/長泉）,長泉町,更地,土地カテゴリ（建物表記なし）,静岡県駿東郡長泉町東野,1999,299.0,22.1,1500,—,—,,不明,接道・区分情報なし、詳細/役場で要確認,,2026-07-02,,https://suumo.jp/chukoikkodate/shizuoka/sc_suntogun/nc_20667797/,不適合
SUUMO 中古戸建 駿東郡（清水/長泉）,清水町,更地,土地カテゴリ（建物表記なし）,静岡県駿東郡清水町柿田,2400,268.0,29.6,1500,田,—,,不明,接道・区分情報なし、詳細/役場で要確認,,2026-06-23,,https://suumo.jp/chukoikkodate/shizuoka/sc_suntogun/nc_21129679/,不適合
SUUMO 中古戸建 駿東郡（清水/長泉）,清水町,更地,土地カテゴリ（建物表記なし）,静岡県駿東郡清水町中徳倉36-12,2729,232.5,38.8,1500,—,—,,不明,接道・区分情報なし、詳細/役場で要確認,,2026-08-29,,https://suumo.jp/chukoikkodate/shizuoka/sc_suntogun/nc_20830773/,不適合
SUUMO 中古戸建 駿東郡（清水/長泉）,清水町,更地,土地カテゴリ（建物表記なし）,静岡県駿東郡清水町徳倉,2780,168.1,54.7,1500,—,—,,不明,接道・区分情報なし、詳細/役場で要確認,,2026-07-30,,https://suumo.jp/chukoikkodate/shizuoka/sc_suntogun/nc_21374221/,不適合
SUUMO 中古戸建 駿東郡（清水/長泉）,長泉町,更地,土地カテゴリ（建物表記なし）,静岡県駿東郡長泉町東野,2780,835.8,11.0,1500,—,—,,不明,接道・区分情報なし、詳細/役場で要確認,,2026-06-17,,https://suumo.jp/chukoikkodate/shizuoka/sc_suntogun/nc_20436625/,不適合
SUUMO 中古戸建 駿東郡（清水/長泉）,清水町,更地,土地カテゴリ（建物表記なし）,静岡県駿東郡清水町長沢,3180,132.2,79.5,1500,—,—,,不明,接道・区分情報なし、詳細/役場で要確認,,2026-07-03,,https://suumo.jp/chukoikkodate/shizuoka/sc_suntogun/nc_21202905/,不適合
SUUMO 中古戸建 駿東郡（清水/長泉）,長泉町,更地,土地カテゴリ（建物表記なし）,静岡県駿東郡長泉町下土狩,3200,132.5,79.8,1500,—,—,,不明,接道・区分情報なし、詳細/役場で要確認,,2026-06-17,,https://suumo.jp/chukoikkodate/shizuoka/sc_suntogun/nc_76109949/,不適合
SUUMO 中古戸建 駿東郡（清水/長泉）,清水町,更地,土地カテゴリ（建物表記なし）,静岡県駿東郡清水町伏見,3200,257.4,41.1,1500,—,—,,不明,接道・区分情報なし、詳細/役場で要確認,,2026-06-17,,https://suumo.jp/chukoikkodate/shizuoka/sc_suntogun/nc_20651477/,不適合
SUUMO 中古戸建 駿東郡（清水/長泉）,清水町,更地,土地カテゴリ（建物表記なし）,静岡県駿東郡清水町長沢,3700,233.5,52.4,1500,—,—,,不明,接道・区分情報なし、詳細/役場で要確認,,2026-06-17,,https://suumo.jp/chukoikkodate/shizuoka/sc_suntogun/nc_20839222/,不適合
SUUMO 中古戸建 駿東郡（清水/長泉）,長泉町,更地,土地カテゴリ（建物表記なし）,静岡県駿東郡長泉町上長窪,3880,203.6,63.0,1500,—,—,,不明,接道・区分情報なし、詳細/役場で要確認,,2026-06-22,,https://suumo.jp/chukoikkodate/shizuoka/sc_suntogun/nc_20424710/,不適合
SUUMO 中古戸建 駿東郡（清水/長泉）,清水町,更地,土地カテゴリ（建物表記なし）,静岡県駿東郡清水町堂庭,3880,155.7,82.4,1500,田,—,,不明,接道・区分情報なし、詳細/役場で要確認,,2026-06-17,,https://suumo.jp/chukoikkodate/shizuoka/sc_suntogun/nc_20247574/,不適合
SUUMO 中古戸建 駿東郡（清水/長泉）,長泉町,更地,土地カテゴリ（建物表記なし）,静岡県駿東郡長泉町下土狩,4149,137.5,99.8,1500,—,—,,不明,接道・区分情報なし、詳細/役場で要確認,,2026-08-07,,https://suumo.jp/chukoikkodate/shizuoka/sc_suntogun/nc_21442178/,不適合
SUUMO 中古戸建 駿東郡（清水/長泉）,長泉町,更地,土地カテゴリ（建物表記なし）,静岡県駿東郡長泉町納米里,5500,266.7,68.2,1500,—,—,,不明,接道・区分情報なし、詳細/役場で要確認,,2026-08-28,,https://suumo.jp/chukoikkodate/shizuoka/sc_suntogun/nc_76630606/,不適合
SUUMO 中古戸建 駿東郡（清水/長泉）,長泉町,更地,土地カテゴリ（建物表記なし）,静岡県駿東郡長泉町東野,5800,830.6,23.1,1500,—,—,,不明,接道・区分情報なし、詳細/役場で要確認,,2026-06-17,,https://suumo.jp/chukoikkodate/shizuoka/sc_suntogun/nc_79062359/,不適合
SUUMO 中古戸建 駿東郡（清水/長泉）,長泉町,更地,土地カテゴリ（建物表記なし）,静岡県駿東郡長泉町東野,7480,1211.3,20.4,1500,—,—,,不明,接道・区分情報なし、詳細/役場で要確認,,2026-07-13,,https://suumo.jp/chukoikkodate/shizuoka/sc_suntogun/nc_20990760/,不適合
SUUMO 中古戸建 駿東郡（清水/長泉）,長泉町,更地,土地カテゴリ（建物表記なし）,静岡県駿東郡長泉町中土狩,12800,277.7,152.4,1500,—,—,,不明,接道・区分情報なし、詳細/役場で要確認,,2026-08-20,,https://suumo.jp/chukoikkodate/shizuoka/sc_suntogun/nc_20516724/,不適合
SUUMO 中古戸建 駿東郡（清水/長泉）,長泉町,更地,土地カテゴリ（建物表記なし）,静岡県駿東郡長泉町東野,12800,631.6,67.0,1500,—,—,,不明,接道・区分情報なし、詳細/役場で要確認,,2026-07-10,,https://suumo.jp/chukoikkodate/shizuoka/sc_suntogun/nc_20709828/,不適合
SUUMO 中古戸建 駿東郡（清水/長泉）,長泉町,更地,土地カテゴリ（建物表記なし）,静岡県駿東郡長泉町東野,12800,631.6,67.0,1500,—,—,,不明,接道・区分情報なし、詳細/役場で要確認,,2026-06-17,,https://suumo.jp/chukoikkodate/shizuoka/sc_suntogun/nc_20817399/,不適合
SUUMO 中古戸建 駿東郡（清水/長泉）,長泉町,更地,土地カテゴリ（建物表記なし）,静岡県駿東郡長泉町東野608-280,26000,4107.9,20.9,1500,田,—,,不明,接道・区分情報なし、詳細/役場で要確認,,2026-06-17,,https://suumo.jp/chukoikkodate/shizuoka/sc_suntogun/nc_78661703/,不適合
ジモティー 静岡県 土地（キャンプ場用）,伊豆市,更地,土地カテゴリ（建物表記なし）,静岡 伊豆市 土地販売/土地売買,,615.0,,3000,原野,—,,不明,接道・区分情報なし、詳細/役場で要確認,,2026-07-25,注意:別荘地,https://jmty.jp/shizuoka/est-land/article-1jma8g,数値不明
ジモティー 静岡県 土地（キャンプ場用）,伊豆の国市,更地,土地カテゴリ（建物表記なし）,静岡 伊豆の国市 土地販売/土地売買,300,,,3000,宅地,—,,不明,接道・区分情報なし、詳細/役場で要確認,,2026-08-29,,https://jmty.jp/shizuoka/est-land/article-1rcyt7,数値不明
ジモティー 静岡県 土地（キャンプ場用）,伊豆の国市,更地,土地カテゴリ（建物表記なし）,静岡 伊豆の国市 土地販売/土地売買,,965.0,,3000,畑,—,,不明,接道・区分情報なし、詳細/役場で要確認,,2026-08-21,,https://jmty.jp/shizuoka/est-land/article-1rayxp,数値不明
ジモティー 静岡県 土地（キャンプ場用）,下田市,更地,土地カテゴリ（建物表記なし）,静岡 下田市 土地販売/土地売買,90,140.0,2.1,3000,山林,—,,不明,接道・区分情報なし、詳細/役場で要確認,,2026-08-21,,https://jmty.jp/shizuoka/est-land/article-1rar1l,不適合
ジモティー 静岡県 土地（キャンプ場用）,三島市,更地,土地カテゴリ（建物表記なし）,静岡 三島市 三島田町駅 土地販売/土地売買,70,240.0,1.0,3000,田,—,,不明,接道・区分情報なし、詳細/役場で要確認,,2026-07-25,注意:別荘地/管理費,https://jmty.jp/shizuoka/est-land/article-1idnhv,不適合
ジモティー 静岡県 土地（キャンプ場用）,伊豆の国市,更地,土地カテゴリ（建物表記なし）,静岡 伊豆の国市 土地販売/土地売買,,228.0,,3000,原野,—,,不明,接道・区分情報なし、詳細/役場で要確認,,2026-07-25,注意:別荘地,https://jmty.jp/shizuoka/est-land/article-1k2pcw,数値不明
ジモティー 静岡県 土地（キャンプ場用）,御殿場市,更地,土地カテゴリ（建物表記なし）,静岡 御殿場市 土地販売/土地売買,,24705.8,,3000,畑,—,,不明,接道・区分情報なし、詳細/役場で要確認,,2026-07-25,,https://jmty.jp/shizuoka/est-land/article-1n5mrf,数値不明
ジモティー 静岡県 土地（キャンプ場用）,富士市,更地,土地カテゴリ（建物表記なし）,静岡 富士市 土地販売/土地売買,2,88.0,0.1,3000,—,—,,不明,接道・区分情報なし、詳細/役場で要確認,,2026-07-26,,https://jmty.jp/shizuoka/est-land/article-1o1qnu,不適合
ジモティー 静岡県 土地（キャンプ場用）,伊豆の国市,更地,土地カテゴリ（建物表記なし）,静岡 伊豆の国市 土地販売/土地売買,650,139.0,15.5,3000,宅地,—,,不明,接道・区分情報なし、詳細/役場で要確認,,2026-07-25,,https://jmty.jp/shizuoka/est-land/article-1mbxm9,不適合
ジモティー 静岡県 土地（キャンプ場用）,伊豆の国市,更地,土地カテゴリ（建物表記なし）,静岡 伊豆の国市 土地販売/土地売買,390,132.0,9.8,3000,宅地,—,,不明,接道・区分情報なし、詳細/役場で要確認,,2026-08-29,,https://jmty.jp/shizuoka/est-land/article-1mbxm5,不適合
ジモティー 静岡県 土地（キャンプ場用）,富士市,更地,土地カテゴリ（建物表記なし）,静岡 富士市 土地販売/土地売買,1,179.0,0.0,3000,—,—,,不明,接道・区分情報なし、詳細/役場で要確認,,2026-07-25,,https://jmty.jp/shizuoka/est-land/article-1qol9q,不適合
ジモティー 静岡県 土地（キャンプ場用）,富士市,更地,土地カテゴリ（建物表記なし）,静岡 富士市 土地販売/土地売買,1,179.0,0.0,3000,—,—,,不明,接道・区分情報なし、詳細/役場で要確認,,2026-07-25,,https://jmty.jp/shizuoka/est-land/article-1qol9m,不適合
ジモティー 静岡県 土地（キャンプ場用）,伊豆の国市,更地,土地カテゴリ（建物表記なし）,静岡 伊豆の国市 原木駅 土地販売/土地売買,,272.0,,3000,山林,—,,不明,接道・区分情報なし、詳細/役場で要確認,,2026-07-25,注意:別荘地,https://jmty.jp/shizuoka/est-land/article-1fvz1c,数値不明
ジモティー 静岡県 土地（キャンプ場用）,裾野市,更地,土地カテゴリ（建物表記なし）,静岡 裾野市 御殿場駅 土地販売/土地売買,28,,,3000,—,—,,不明,接道・区分情報なし、詳細/役場で要確認,,2026-08-17,注意:別荘地,https://jmty.jp/shizuoka/est-land/article-1nn8ez,数値不明
ジモティー 静岡県 土地（キャンプ場用）,伊東市,更地,土地カテゴリ（建物表記なし）,静岡 伊東市 土地販売/土地売買,30000,1000.0,99.2,3000,山林,市街化調整区域,,△,市街化調整区域は原則新築不可・許可要件次第＝本命候補,,2026-07-25,関心:調整区域,https://jmty.jp/shizuoka/est-land/article-10sxdy,不適合
ジモティー 静岡県 土地（キャンプ場用）,熱海市,更地,土地カテゴリ（建物表記なし）,静岡 熱海市 土地販売/土地売買,268,28522.0,0.0,3000,山林,—,,不明,接道・区分情報なし、詳細/役場で要確認,,2026-07-25,,https://jmty.jp/shizuoka/est-land/article-1qhzc2,適合
ジモティー 静岡県 土地（キャンプ場用）,沼津市,更地,土地カテゴリ（建物表記なし）,静岡 沼津市 土地販売/土地売買,,848.0,,3000,田,—,,不明,接道・区分情報なし、詳細/役場で要確認,,2026-07-25,,https://jmty.jp/shizuoka/est-land/article-1n5mai,数値不明
ジモティー 静岡県 土地（キャンプ場用）,熱海市,更地,土地カテゴリ（建物表記なし）,静岡 熱海市 熱海駅 土地販売/土地売買,0,259.0,0.0,3000,—,—,,不明,接道・区分情報なし、詳細/役場で要確認,,2026-07-25,,https://jmty.jp/shizuoka/est-land/article-1q48ww,不適合
ジモティー 静岡県 土地（キャンプ場用）,熱海市,更地,土地カテゴリ（建物表記なし）,静岡 熱海市 来宮駅 土地販売/土地売買,,242.0,,3000,—,—,,不明,接道・区分情報なし、詳細/役場で要確認,,2026-08-28,,https://jmty.jp/shizuoka/est-land/article-1prtd0,数値不明
ジモティー 静岡県 土地（キャンプ場用）,,更地,土地カテゴリ（建物表記なし）,静岡 田方郡 熱海駅 土地販売/土地売買,30,,,3000,田,—,,不明,接道・区分情報なし、詳細/役場で要確認,,2026-08-28,注意:別荘地,https://jmty.jp/shizuoka/est-land/article-tldtp,数値不明
ジモティー 静岡県 土地（キャンプ場用）,伊東市,更地,土地カテゴリ（建物表記なし）,静岡 伊東市 伊豆高原駅 土地販売/土地売買,3,,,3000,—,—,,不明,接道・区分情報なし、詳細/役場で要確認,,2026-08-28,注意:別荘地,https://jmty.jp/shizuoka/est-land/article-tldj8,数値不明
真野開発 売買物件一覧,裾野市,更地,土地カテゴリ（建物表記なし）,裾野市金沢字中道251-1・他,1100,339.3,10.7,1500,用途地域,—,,不明,接道・区分情報なし、詳細/役場で要確認,,2026-06-22,関心:無指定,https://manokaihatsu.com/estate/post-1391/,適合
真野開発 売買物件一覧,長泉町,更地,土地カテゴリ（建物表記なし）,駿東郡長泉町中土狩,3480,190.0,60.5,1500,用途地域,—,,不明,接道・区分情報なし、詳細/役場で要確認,,2026-06-22,,https://manokaihatsu.com/estate/post-1184/,不適合
真野開発 売買物件一覧,沼津市,更地,土地カテゴリ（建物表記なし）,沼津市東原,580,175.7,10.9,1500,用途地域,—,,不明,接道・区分情報なし、詳細/役場で要確認,,2026-06-22,関心:無指定,https://manokaihatsu.com/estate/post-1177/,不適合
真野開発 売買物件一覧,沼津市,更地,土地カテゴリ（建物表記なし）,沼津市双葉町,2150,133.1,53.4,1500,用途地域,—,,不明,接道・区分情報なし、詳細/役場で要確認,,2026-08-25,,https://manokaihatsu.com/estate/post-1141/,不適合
不動産創研 全物件一覧,伊豆の国市,更地,土地カテゴリ（建物表記なし）,伊豆の国市韮山山木,90,339.0,0.9,1500,—,—,,不明,接道・区分情報なし、詳細/役場で要確認,,2026-06-22,,https://www.fudosansoken.jp/uri-tochi/detail-6233bee51b57e903824460dd/,適合
不動産創研 全物件一覧,伊豆の国市,更地,土地カテゴリ（建物表記なし）,伊豆の国市韮山山木,110,374.0,1.0,1500,—,—,,不明,接道・区分情報なし、詳細/役場で要確認,,2026-06-22,,https://www.fudosansoken.jp/uri-tochi/detail-6233bee51b57e903824460dc/,適合
不動産創研 全物件一覧,伊豆の国市,中古戸建,中古戸建/住宅カテゴリ,伊豆の国市奈古谷エメラルドタウン,113,292.0,1.3,3000,—,—,,不明,接道・区分情報なし。建物ありだが現行法での再建築可否は役場で要確認,,2026-06-22,NG:エメラルドタウン,https://www.fudosansoken.jp/kodate/detail-675e6e3b6d9a195cc65deb6e/,不適合
不動産創研 全物件一覧,伊豆の国市,中古戸建,中古戸建/住宅カテゴリ,伊豆の国市奈古谷,115,195.0,1.9,3000,—,—,,不明,接道・区分情報なし。建物ありだが現行法での再建築可否は役場で要確認,,2026-06-22,,https://www.fudosansoken.jp/kodate/detail-672eafa323916c6482a8553f/,不適合
不動産創研 全物件一覧,伊豆の国市,更地,土地カテゴリ（建物表記なし）,伊豆の国市韮山山木,120,203.0,2.0,1500,—,—,,不明,接道・区分情報なし、詳細/役場で要確認,,2026-06-22,,https://www.fudosansoken.jp/uri-tochi/detail-6233bee51b57e903824460db/,不適合
不動産創研 全物件一覧,伊豆の国市,中古戸建,中古戸建/住宅カテゴリ,伊豆の国市奈古谷エメラルドタウン,190,168.0,3.7,3000,—,—,,不明,接道・区分情報なし。建物ありだが現行法での再建築可否は役場で要確認,,2026-07-10,NG:エメラルドタウン,https://www.fudosansoken.jp/kodate/detail-6a507cd2c06239fcb9fa2323/,不適合
不動産創研 全物件一覧,函南町,中古戸建,中古戸建/住宅カテゴリ,田方郡函南町畑毛,200,220.0,3.0,3000,畑,—,,不明,接道・区分情報なし。建物ありだが現行法での再建築可否は役場で要確認,,2026-06-22,,https://www.fudosansoken.jp/kodate/detail-69db14925e630b7accb47649/,不適合
不動産創研 全物件一覧,伊豆の国市,中古戸建,中古戸建/住宅カテゴリ,伊豆の国市韮山多田,280,147.0,6.3,3000,田,—,,不明,接道・区分情報なし。建物ありだが現行法での再建築可否は役場で要確認,,2026-06-22,,https://www.fudosansoken.jp/kodate/detail-69683e1590b1d2e134522240/,不適合
不動産創研 全物件一覧,函南町,中古戸建,中古戸建/住宅カテゴリ,田方郡函南町平井,320,310.0,3.4,3000,田,—,,不明,接道・区分情報なし。建物ありだが現行法での再建築可否は役場で要確認,,2026-06-22,,https://www.fudosansoken.jp/kodate/detail-686226968c963c2e85c9119d/,不適合
不動産創研 全物件一覧,函南町,中古戸建,中古戸建/住宅カテゴリ,田方郡函南町平井南箱根ダイヤランド,350,206.0,5.6,3000,田,—,,不明,接道・区分情報なし。建物ありだが現行法での再建築可否は役場で要確認,,2026-06-22,NG:南箱根ダイヤランド,https://www.fudosansoken.jp/kodate/detail-68560d3bc8b7813681514b68/,不適合
不動産創研 全物件一覧,伊豆の国市,中古戸建,中古戸建/住宅カテゴリ,伊豆の国市奈古谷エメラルドタウン,380,340.0,3.7,3000,—,—,,不明,接道・区分情報なし。建物ありだが現行法での再建築可否は役場で要確認,,2026-06-22,NG:エメラルドタウン,https://www.fudosansoken.jp/kodate/detail-686b5b281f19340ebf52c38f/,適合
不動産創研 全物件一覧,函南町,中古戸建,中古戸建/住宅カテゴリ,田方郡函南町畑毛,398,271.0,4.9,3000,畑,—,,不明,接道・区分情報なし。建物ありだが現行法での再建築可否は役場で要確認,,2026-06-22,,https://www.fudosansoken.jp/kodate/detail-685607148f3ce24db3d5023e/,不適合
不動産創研 全物件一覧,伊豆の国市,中古戸建,中古戸建/住宅カテゴリ,伊豆の国市奈古谷エメラルドタウン,460,75.9,20.0,3000,—,—,,不明,接道・区分情報なし。建物ありだが現行法での再建築可否は役場で要確認,,2026-06-22,NG:エメラルドタウン,https://www.fudosansoken.jp/kodate/detail-692f94f9c02b3fa25712b93e/,不適合
不動産創研 全物件一覧,伊豆の国市,中古戸建,中古戸建/住宅カテゴリ,伊豆の国市奈古谷,480,267.6,5.9,3000,—,—,,不明,接道・区分情報なし。建物ありだが現行法での再建築可否は役場で要確認,,2026-06-22,,https://www.fudosansoken.jp/kodate/detail-691aa98a492cd4a232324960/,不適合
不動産創研 全物件一覧,伊豆の国市,中古戸建,中古戸建/住宅カテゴリ,伊豆の国市奈古谷エメラルドタウン,520,240.0,7.2,3000,—,—,,不明,接道・区分情報なし。建物ありだが現行法での再建築可否は役場で要確認,,2026-07-22,NG:エメラルドタウン,https://www.fudosansoken.jp/kodate/detail-6a60488e05bb1d57c289ff6c/,不適合
不動産創研 全物件一覧,伊豆の国市,中古戸建,中古戸建/住宅カテゴリ,伊豆の国市奈古谷,580,358.0,5.4,3000,—,—,,不明,接道・区分情報なし。建物ありだが現行法での再建築可否は役場で要確認,,2026-06-22,,https://www.fudosansoken.jp/kodate/detail-68ec7dce4ad3235fd2693f67/,適合
不動産創研 全物件一覧,伊豆の国市,中古戸建,中古戸建/住宅カテゴリ,伊豆の国市奈古谷エメラルドタウン,640,370.8,5.7,3000,—,—,,不明,接道・区分情報なし。建物ありだが現行法での再建築可否は役場で要確認,,2026-06-22,NG:エメラルドタウン,https://www.fudosansoken.jp/kodate/detail-66ed03c97a45ad5f4e3aeccb/,適合
不動産創研 全物件一覧,函南町,中古戸建,中古戸建/住宅カテゴリ,田方郡函南町平井,645,248.1,8.6,3000,田,—,,不明,接道・区分情報なし。建物ありだが現行法での再建築可否は役場で要確認,,2026-06-22,,https://www.fudosansoken.jp/kodate/detail-69ae502ad9568222ef4b71bc/,不適合
不動産創研 全物件一覧,函南町,中古戸建,中古戸建/住宅カテゴリ,田方郡函南町平井,680,707.0,3.2,3000,田,—,,不明,接道・区分情報なし。建物ありだが現行法での再建築可否は役場で要確認,,2026-06-22,,https://www.fudosansoken.jp/kodate/detail-688eaa90335cca3658207e7b/,適合
不動産創研 全物件一覧,伊豆の国市,中古戸建,中古戸建/住宅カテゴリ,伊豆の国市奈古谷エメラルドタウン,980,250.0,13.0,3000,—,—,,不明,接道・区分情報なし。建物ありだが現行法での再建築可否は役場で要確認,,2026-06-22,NG:エメラルドタウン,https://www.fudosansoken.jp/kodate/detail-6642e3099c3cd83807cfc7e8/,不適合
不動産創研 全物件一覧,伊豆の国市,中古戸建,中古戸建/住宅カテゴリ,伊豆の国市奈古谷エメラルドタウン,980,344.0,9.4,3000,—,—,,不明,接道・区分情報なし。建物ありだが現行法での再建築可否は役場で要確認,,2026-06-22,NG:エメラルドタウン,https://www.fudosansoken.jp/kodate/detail-6233bef9300542747cbd190f/,適合
不動産創研 全物件一覧,函南町,中古戸建,中古戸建/住宅カテゴリ,田方郡函南町平井南箱根ダイヤランド,2250,448.0,16.6,3000,田,—,,不明,接道・区分情報なし。建物ありだが現行法での再建築可否は役場で要確認,,2026-06-22,NG:南箱根ダイヤランド,https://www.fudosansoken.jp/kodate/detail-6233bee51b57e903824460e0/,適合
伊豆総合企画 売買物件一覧,伊豆の国市,更地,土地カテゴリ（建物表記なし）,伊豆の国市長岡1334-4,288,43.0,22.1,1500,—,—,,不明,接道・区分情報なし、詳細/役場で要確認,,2026-06-22,注意:管理費,https://izu-s-k.fudohsan.jp/?post_type=fudo&menu=fudo&p=152585&shub=&shu=1&ros=&eki=&ken=&sik=&kalc=&kahc=&kalb=&kahb=&hof=&tik=&mel=&meh=,不適合
伊豆総合企画 売買物件一覧,沼津市,更地,土地カテゴリ（建物表記なし）,沼津市戸田907-5,1300,165.0,26.0,1500,田,—,,不明,接道・区分情報なし、詳細/役場で要確認,,2026-06-22,,https://izu-s-k.fudohsan.jp/?post_type=fudo&menu=fudo&p=21121&shub=&shu=1&ros=&eki=&ken=&sik=&kalc=&kahc=&kalb=&kahb=&hof=&tik=&mel=&meh=,不適合
伊豆総合企画 売買物件一覧,沼津市,更地,土地カテゴリ（建物表記なし）,沼津市高島町22－18,1350,117.2,38.1,1500,—,—,,不明,接道・区分情報なし、詳細/役場で要確認,,2026-06-22,,https://izu-s-k.fudohsan.jp/?post_type=fudo&menu=fudo&p=118917&shub=&shu=1&ros=&eki=&ken=&sik=&kalc=&kahc=&kalb=&kahb=&hof=&tik=&mel=&meh=,不適合
伊豆総合企画 売買物件一覧,三島市,更地,土地カテゴリ（建物表記なし）,三島市長伏,1455,73.6,65.4,1500,—,—,,不明,接道・区分情報なし、詳細/役場で要確認,,2026-07-24,注意:管理費,https://izu-s-k.fudohsan.jp/?post_type=fudo&menu=fudo&p=175603&shub=&shu=1&ros=&eki=&ken=&sik=&kalc=&kahc=&kalb=&kahb=&hof=&tik=&mel=&meh=,不適合
伊豆総合企画 売買物件一覧,沼津市,更地,土地カテゴリ（建物表記なし）,沼津市駿河台14-2,1480,155.0,31.6,1500,—,—,,不明,接道・区分情報なし、詳細/役場で要確認,,2026-06-22,,https://izu-s-k.fudohsan.jp/?post_type=fudo&menu=fudo&p=20796&shub=&shu=1&ros=&eki=&ken=&sik=&kalc=&kahc=&kalb=&kahb=&hof=&tik=&mel=&meh=,不適合
伊豆総合企画 売買物件一覧,清水町,更地,土地カテゴリ（建物表記なし）,駿東郡清水町徳倉,1520,165.3,30.4,1500,—,—,,不明,接道・区分情報なし、詳細/役場で要確認,,2026-06-22,,https://izu-s-k.fudohsan.jp/?post_type=fudo&menu=fudo&p=172442&shub=&shu=1&ros=&eki=&ken=&sik=&kalc=&kahc=&kalb=&kahb=&hof=&tik=&mel=&meh=,不適合
伊豆総合企画 売買物件一覧,伊豆の国市,更地,土地カテゴリ（建物表記なし）,伊豆の国市大仁,1980,49.6,132.0,1500,—,—,,不明,接道・区分情報なし、詳細/役場で要確認,,2026-06-22,,https://izu-s-k.fudohsan.jp/?post_type=fudo&menu=fudo&p=169525&shub=&shu=1&ros=&eki=&ken=&sik=&kalc=&kahc=&kalb=&kahb=&hof=&tik=&mel=&meh=,不適合
伊豆総合企画 売買物件一覧,函南町,更地,土地カテゴリ（建物表記なし）,田方郡函南町平井１２８４－１６、１２８４－２、,2100,321.5,21.6,1500,田,—,,不明,接道・区分情報なし、詳細/役場で要確認,,2026-06-22,,https://izu-s-k.fudohsan.jp/?post_type=fudo&menu=fudo&p=59401&shub=&shu=1&ros=&eki=&ken=&sik=&kalc=&kahc=&kalb=&kahb=&hof=&tik=&mel=&meh=,不適合
伊豆総合企画 売買物件一覧,伊豆の国市,更地,土地カテゴリ（建物表記なし）,伊豆の国市長岡,2380,130.6,60.2,1500,—,—,,不明,接道・区分情報なし、詳細/役場で要確認,,2026-06-22,注意:管理費,https://izu-s-k.fudohsan.jp/?post_type=fudo&menu=fudo&p=170946&shub=&shu=1&ros=&eki=&ken=&sik=&kalc=&kahc=&kalb=&kahb=&hof=&tik=&mel=&meh=,不適合
伊豆総合企画 売買物件一覧,三島市,更地,土地カテゴリ（建物表記なし）,三島市若松町4402-1,11000,2855.2,12.7,1500,—,—,,不明,接道・区分情報なし、詳細/役場で要確認,,2026-06-22,,https://izu-s-k.fudohsan.jp/?post_type=fudo&menu=fudo&p=125787&shub=&shu=1&ros=&eki=&ken=&sik=&kalc=&kahc=&kalb=&kahb=&hof=&tik=&mel=&meh=,不適合
山いちば 静岡県 山林物件,熱海市,更地,土地カテゴリ（建物表記なし）,静岡県熱海市伊豆山,,28500.0,,3000,山林,—,接道条件 公道に面する。 都,不明,接道・区分情報なし、詳細/役場で要確認,,2026-07-15,,https://yamaichiba.com/shizuoka-atamishi-izusan372/,数値不明
日本マウント 静岡県 リゾート・田舎物件,裾野市,中古戸建,中古戸建/住宅カテゴリ,静岡県裾野市須山「愛鷹つつじの咲く別荘地,900,,,3000,—,—,,不明,接道・区分情報なし。建物ありだが現行法での再建築可否は役場で要確認,,2026-07-03,注意:別荘地,https://resort-estate.com/detail/1820,数値不明
日本マウント 静岡県 リゾート・田舎物件,伊東市,更地,土地カテゴリ（建物表記なし）,静岡県伊東市八幡野,180,,,3000,—,—,,不明,接道・区分情報なし、詳細/役場で要確認,,2026-07-03,注意:温泉,https://resort-estate.com/detail/3354,数値不明
日本マウント 静岡県 リゾート・田舎物件,伊東市,更地,土地カテゴリ（建物表記なし）,静岡県伊東市富戸「大室高原別荘地」,60,,,3000,—,—,,不明,接道・区分情報なし、詳細/役場で要確認,,2026-07-03,注意:別荘地,https://resort-estate.com/detail/3505,数値不明
日本マウント 静岡県 リゾート・田舎物件,伊豆の国市,更地,土地カテゴリ（建物表記なし）,静岡県伊豆の国市「富士見ニュータウン」,250,,,3000,—,—,,不明,接道・区分情報なし、詳細/役場で要確認,,2026-07-03,注意:別荘地/温泉 NG:富士見ニュータウン,https://resort-estate.com/detail/3501,数値不明
日本マウント 静岡県 リゾート・田舎物件,裾野市,中古戸建,中古戸建/住宅カテゴリ,静岡県裾野市「十里木高原別荘地」,1380,,,3000,—,—,,不明,接道・区分情報なし。建物ありだが現行法での再建築可否は役場で要確認,,2026-07-03,注意:別荘地,https://resort-estate.com/detail/1892,数値不明
日本マウント 静岡県 リゾート・田舎物件,裾野市,中古戸建,中古戸建/住宅カテゴリ,静岡県裾野市「愛鷹つつじの咲く別荘地,650,,,3000,—,—,,不明,接道・区分情報なし。建物ありだが現行法での再建築可否は役場で要確認,,2026-07-03,注意:別荘地,https://resort-estate.com/detail/1544,数値不明
日本マウント 静岡県 リゾート・田舎物件,裾野市,中古戸建,中古戸建/住宅カテゴリ,静岡県裾野市須山「愛鷹つつじの咲く別荘地,1480,,,3000,—,—,,不明,接道・区分情報なし。建物ありだが現行法での再建築可否は役場で要確認,,2026-07-03,注意:別荘地,https://resort-estate.com/detail/1346,数値不明
日本マウント 静岡県 リゾート・田舎物件,裾野市,中古戸建,中古戸建/住宅カテゴリ,静岡県裾野市「愛鷹つつじの咲く別荘地,6400,,,3000,—,—,,不明,接道・区分情報なし。建物ありだが現行法での再建築可否は役場で要確認,,2026-07-03,注意:別荘地,https://resort-estate.com/detail/1744,数値不明
日本マウント 静岡県 リゾート・田舎物件,伊豆の国市,中古戸建,中古戸建/住宅カテゴリ,静岡県伊豆の国市三福,3650,,,3000,—,—,,不明,接道・区分情報なし。建物ありだが現行法での再建築可否は役場で要確認,,2026-07-03,,https://resort-estate.com/detail/1861,数値不明
日本マウント 静岡県 リゾート・田舎物件,裾野市,中古戸建,中古戸建/住宅カテゴリ,静岡県裾野市,1280,,,3000,—,—,,不明,接道・区分情報なし。建物ありだが現行法での再建築可否は役場で要確認,,2026-07-03,注意:別荘地,https://resort-estate.com/detail/1449,数値不明
日本マウント 静岡県 リゾート・田舎物件,裾野市,更地,土地カテゴリ（建物表記なし）,静岡県裾野市須山「愛鷹つつじの咲く別荘地,300,,,3000,—,—,接道は東側。ほぼ整形に近い形,不明,接道・区分情報なし、詳細/役場で要確認,,2026-07-03,注意:別荘地,https://resort-estate.com/detail/3460,数値不明
日本マウント 静岡県 リゾート・田舎物件,伊豆市,中古戸建,中古戸建/住宅カテゴリ,静岡県伊豆市堀切,2380,,,3000,—,—,,不明,接道・区分情報なし。建物ありだが現行法での再建築可否は役場で要確認,,2026-08-28,注意:温泉,https://resort-estate.com/detail/1057,数値不明
日本マウント 静岡県 リゾート・田舎物件,伊東市,中古戸建,中古戸建/住宅カテゴリ,静岡県伊東市,2950,,,3000,—,—,,不明,接道・区分情報なし。建物ありだが現行法での再建築可否は役場で要確認,,2026-08-12,,https://resort-estate.com/detail/1112,数値不明
日本マウント 静岡県 リゾート・田舎物件,伊東市,中古戸建,中古戸建/住宅カテゴリ,静岡県伊東市富戸・大室山,3980,,,3000,—,—,,不明,接道・区分情報なし。建物ありだが現行法での再建築可否は役場で要確認,,2026-07-03,,https://resort-estate.com/detail/1781,数値不明
日本マウント 静岡県 リゾート・田舎物件,伊東市,中古戸建,中古戸建/住宅カテゴリ,静岡県伊東市富戸,3750,,,3000,—,—,,不明,接道・区分情報なし。建物ありだが現行法での再建築可否は役場で要確認,,2026-07-03,,https://resort-estate.com/detail/1890,数値不明
日本マウント 静岡県 リゾート・田舎物件,伊東市,中古戸建,中古戸建/住宅カテゴリ,静岡県伊東市富戸「大室高原別荘地」,2300,,,3000,—,—,,不明,接道・区分情報なし。建物ありだが現行法での再建築可否は役場で要確認,,2026-07-03,注意:別荘地/温泉,https://resort-estate.com/detail/1886,数値不明
日本マウント 静岡県 リゾート・田舎物件,函南町,中古戸建,中古戸建/住宅カテゴリ,静岡県田方郡函南町畑「南箱根ダイヤランド」,1500,,,3000,畑,—,,不明,接道・区分情報なし。建物ありだが現行法での再建築可否は役場で要確認,,2026-08-19,注意:温泉 NG:南箱根ダイヤランド,https://resort-estate.com/detail/1796,数値不明
日本マウント 静岡県 リゾート・田舎物件,裾野市,更地,土地カテゴリ（建物表記なし）,静岡県裾野市「愛鷹つつじの咲く別荘地,300,,,3000,—,—,,不明,接道・区分情報なし、詳細/役場で要確認,,2026-07-03,注意:別荘地,https://resort-estate.com/detail/3436,数値不明
日本マウント 静岡県 リゾート・田舎物件,伊東市,中古戸建,中古戸建/住宅カテゴリ,静岡県伊東市八幡野,1780,,,3000,—,—,,不明,接道・区分情報なし。建物ありだが現行法での再建築可否は役場で要確認,,2026-08-29,注意:温泉,https://resort-estate.com/detail/1978,数値不明
日本マウント 静岡県 リゾート・田舎物件,熱海市,中古戸建,中古戸建/住宅カテゴリ,静岡県熱海市泉,4280,,,3000,—,—,,不明,接道・区分情報なし。建物ありだが現行法での再建築可否は役場で要確認,,2026-07-03,,https://resort-estate.com/detail/1888,数値不明
日本マウント 静岡県 リゾート・田舎物件,熱海市,中古戸建,中古戸建/住宅カテゴリ,静岡県熱海市上多賀,3880,,,3000,畑,—,,不明,接道・区分情報なし。建物ありだが現行法での再建築可否は役場で要確認,,2026-08-01,,https://resort-estate.com/detail/1836,数値不明
日本マウント 静岡県 リゾート・田舎物件,伊東市,更地,土地カテゴリ（建物表記なし）,静岡県伊東市池「南大室台別荘地」,2800,,,3000,—,—,,不明,接道・区分情報なし、詳細/役場で要確認,,2026-08-10,注意:別荘地/温泉,https://resort-estate.com/detail/1968,数値不明
日本マウント 静岡県 リゾート・田舎物件,熱海市,中古戸建,中古戸建/住宅カテゴリ,静岡県熱海市相の原町,850,,,3000,—,—,,不明,接道・区分情報なし。建物ありだが現行法での再建築可否は役場で要確認,,2026-07-03,,https://resort-estate.com/detail/1893,数値不明
日本マウント 静岡県 リゾート・田舎物件,伊東市,中古戸建,中古戸建/住宅カテゴリ,静岡県伊東市富戸大室高原「大室高原（シャボテン公園）別荘地」,980,,,3000,—,—,,不明,接道・区分情報なし。建物ありだが現行法での再建築可否は役場で要確認,,2026-08-05,注意:別荘地/温泉,https://resort-estate.com/detail/1957,数値不明
日本マウント 静岡県 リゾート・田舎物件,伊東市,中古戸建,中古戸建/住宅カテゴリ,静岡県伊東市八幡野,6480,,,3000,—,—,,不明,接道・区分情報なし。建物ありだが現行法での再建築可否は役場で要確認,,2026-08-05,,https://resort-estate.com/detail/1956,数値不明
日本マウント 静岡県 リゾート・田舎物件,熱海市,中古戸建,中古戸建/住宅カテゴリ,静岡県熱海市「熱海自然郷」,1200,,,3000,—,—,,不明,接道・区分情報なし。建物ありだが現行法での再建築可否は役場で要確認,,2026-07-03,注意:別荘地/温泉,https://resort-estate.com/detail/1898,数値不明
日本マウント 静岡県 リゾート・田舎物件,伊東市,中古戸建,中古戸建/住宅カテゴリ,静岡県伊東市赤沢「天城高原別荘地」,1980,,,3000,—,—,,不明,接道・区分情報なし。建物ありだが現行法での再建築可否は役場で要確認,,2026-07-03,注意:別荘地,https://resort-estate.com/detail/1909,数値不明
日本マウント 静岡県 リゾート・田舎物件,裾野市,中古戸建,中古戸建/住宅カテゴリ,静岡県裾野市「十里木南富士別荘地」,2980,,,3000,—,—,,不明,接道・区分情報なし。建物ありだが現行法での再建築可否は役場で要確認,,2026-07-03,注意:別荘地,https://resort-estate.com/detail/1641,数値不明
日本マウント 静岡県 リゾート・田舎物件,伊東市,中古戸建,中古戸建/住宅カテゴリ,静岡県伊東市「浮山温泉別荘地」,2980,,,3000,—,—,,不明,接道・区分情報なし。建物ありだが現行法での再建築可否は役場で要確認,,2026-07-03,注意:別荘地/温泉,https://resort-estate.com/detail/1797,数値不明
日本マウント 静岡県 リゾート・田舎物件,熱海市,中古戸建,中古戸建/住宅カテゴリ,静岡県熱海市下多賀,1750,,,3000,—,—,,不明,接道・区分情報なし。建物ありだが現行法での再建築可否は役場で要確認,,2026-08-23,,https://resort-estate.com/detail/1813,数値不明
日本マウント 静岡県 リゾート・田舎物件,裾野市,中古戸建,中古戸建/住宅カテゴリ,静岡県裾野市須山『十里木高原別荘地』,4850,,,3000,—,—,,不明,接道・区分情報なし。建物ありだが現行法での再建築可否は役場で要確認,,2026-08-19,注意:別荘地,https://resort-estate.com/detail/1528,数値不明
日本マウント 静岡県 リゾート・田舎物件,伊東市,中古戸建,中古戸建/住宅カテゴリ,静岡県伊東市宇佐美うぐいすの丘,1500,,,3000,—,—,,不明,接道・区分情報なし。建物ありだが現行法での再建築可否は役場で要確認,,2026-08-19,,https://resort-estate.com/detail/1307,数値不明
日本マウント 静岡県 リゾート・田舎物件,伊東市,中古戸建,中古戸建/住宅カテゴリ,静岡県伊東市「Villike大室高原Koti～コティ～」,7800,,,3000,—,—,,不明,接道・区分情報なし。建物ありだが現行法での再建築可否は役場で要確認,,2026-08-12,注意:温泉,https://resort-estate.com/detail/1878,数値不明
日本マウント 静岡県 リゾート・田舎物件,伊東市,中古戸建,中古戸建/住宅カテゴリ,静岡県伊東市「大室高原別荘地」,2380,,,3000,—,—,,不明,接道・区分情報なし。建物ありだが現行法での再建築可否は役場で要確認,,2026-07-03,注意:別荘地/温泉,https://resort-estate.com/detail/1833,数値不明
日本マウント 静岡県 リゾート・田舎物件,熱海市,中古戸建,中古戸建/住宅カテゴリ,静岡県熱海市「南箱根ダイヤランド」,4980,,,3000,—,—,,不明,接道・区分情報なし。建物ありだが現行法での再建築可否は役場で要確認,,2026-07-16,注意:温泉 NG:南箱根ダイヤランド,https://resort-estate.com/detail/1943,数値不明
日本マウント 静岡県 リゾート・田舎物件,伊東市,中古戸建,中古戸建/住宅カテゴリ,静岡県伊東市宇佐美「みのりの村別荘地」,1580,,,3000,—,—,,不明,接道・区分情報なし。建物ありだが現行法での再建築可否は役場で要確認,,2026-07-07,注意:別荘地/温泉,https://resort-estate.com/detail/1934,数値不明
日本マウント 静岡県 リゾート・田舎物件,裾野市,中古戸建,中古戸建/住宅カテゴリ,静岡県裾野市須山「十里木高原別荘地」,2080,,,3000,—,—,,不明,接道・区分情報なし。建物ありだが現行法での再建築可否は役場で要確認,,2026-07-03,注意:別荘地,https://resort-estate.com/detail/1794,数値不明
日本マウント 静岡県 リゾート・田舎物件,伊東市,中古戸建,中古戸建/住宅カテゴリ,静岡県伊東市赤沢「あかざわ恒陽台別荘」,980,,,3000,—,—,,不明,接道・区分情報なし。建物ありだが現行法での再建築可否は役場で要確認,,2026-07-03,注意:別荘地/温泉,https://resort-estate.com/detail/1884,数値不明
日本マウント 静岡県 リゾート・田舎物件,熱海市,中古戸建,中古戸建/住宅カテゴリ,静岡県熱海市泉,7500,,,3000,—,—,,不明,接道・区分情報なし。建物ありだが現行法での再建築可否は役場で要確認,,2026-07-03,,https://resort-estate.com/detail/1812,数値不明
日本マウント 静岡県 リゾート・田舎物件,函南町,中古戸建,中古戸建/住宅カテゴリ,静岡県田方郡函南町桑原,1980,,,3000,田,—,,不明,接道・区分情報なし。建物ありだが現行法での再建築可否は役場で要確認,,2026-07-03,注意:温泉,https://resort-estate.com/detail/1926,数値不明
日本マウント 静岡県 リゾート・田舎物件,伊東市,更地,土地カテゴリ（建物表記なし）,物件No.1924 伊東市 八幡野 新築別荘 こちらの物件は、現在会員様のみ閲覧可能です,,,,3000,—,—,,不明,接道・区分情報なし、詳細/役場で要確認,,2026-07-03,,https://resort-estate.com/detail/1924,数値不明
日本マウント 静岡県 リゾート・田舎物件,伊東市,中古戸建,中古戸建/住宅カテゴリ,静岡県伊東市川奈「富士急川奈別荘地」,15800,,,3000,—,—,,不明,接道・区分情報なし。建物ありだが現行法での再建築可否は役場で要確認,,2026-07-03,注意:別荘地/温泉,https://resort-estate.com/detail/1923,数値不明
日本マウント 静岡県 リゾート・田舎物件,熱海市,中古戸建,中古戸建/住宅カテゴリ,静岡県熱海市伊豆山,9200,,,3000,—,—,,不明,接道・区分情報なし。建物ありだが現行法での再建築可否は役場で要確認,,2026-07-03,,https://resort-estate.com/detail/1915,数値不明
日本マウント 静岡県 リゾート・田舎物件,熱海市,更地,土地カテゴリ（建物表記なし）,物件No.1919 熱海市 西山町 中古住宅 こちらの物件は、現在会員様のみ閲覧可能です,,,,3000,—,—,,不明,接道・区分情報なし、詳細/役場で要確認,,2026-07-03,,https://resort-estate.com/detail/1919,数値不明
日本マウント 静岡県 リゾート・田舎物件,伊東市,更地,土地カテゴリ（建物表記なし）,物件No.1912 伊東市 池 中古別荘 こちらの物件は、現在会員様のみ閲覧可能です,,,,3000,—,—,,不明,接道・区分情報なし、詳細/役場で要確認,,2026-07-03,,https://resort-estate.com/detail/1912,数値不明
日本マウント 静岡県 リゾート・田舎物件,伊東市,中古戸建,中古戸建/住宅カテゴリ,静岡県伊東市玖須美元和田,8580,,,3000,田,—,,不明,接道・区分情報なし。建物ありだが現行法での再建築可否は役場で要確認,,2026-08-19,,https://resort-estate.com/detail/1811,数値不明
日本マウント 静岡県 リゾート・田舎物件,,中古戸建,中古戸建/住宅カテゴリ,静岡県「南箱根ダイヤランド」,3500,,,3000,—,—,,不明,接道・区分情報なし。建物ありだが現行法での再建築可否は役場で要確認,,2026-08-23,注意:温泉 NG:南箱根ダイヤランド,https://resort-estate.com/detail/1782,数値不明
日本マウント 静岡県 リゾート・田舎物件,熱海市,更地,土地カテゴリ（建物表記なし）,静岡県熱海市「熱海自然郷別荘地」,2580,,,3000,—,—,,不明,接道・区分情報なし、詳細/役場で要確認,,2026-07-03,注意:別荘地/温泉,https://resort-estate.com/detail/1823,数値不明
日本マウント 静岡県 リゾート・田舎物件,熱海市,中古戸建,中古戸建/住宅カテゴリ,静岡県熱海市上多賀,980,,,3000,—,—,,不明,接道・区分情報なし。建物ありだが現行法での再建築可否は役場で要確認,,2026-07-03,,https://resort-estate.com/detail/1914,数値不明
日本マウント 静岡県 リゾート・田舎物件,伊東市,中古戸建,中古戸建/住宅カテゴリ,静岡県伊東市吉田,4980,,,3000,田,—,,不明,接道・区分情報なし。建物ありだが現行法での再建築可否は役場で要確認,,2026-07-03,,https://resort-estate.com/detail/1913,数値不明
日本マウント 静岡県 リゾート・田舎物件,伊東市,更地,土地カテゴリ（建物表記なし）,物件No.1911 伊東市 湯川 中古住宅 こちらの物件は、現在会員様のみ閲覧可能です,,,,3000,—,—,,不明,接道・区分情報なし、詳細/役場で要確認,,2026-07-03,,https://resort-estate.com/detail/1911,数値不明
日本マウント 静岡県 リゾート・田舎物件,熱海市,中古戸建,中古戸建/住宅カテゴリ,静岡県熱海市西熱海町２丁目,4980,,,3000,—,—,,不明,接道・区分情報なし。建物ありだが現行法での再建築可否は役場で要確認,,2026-07-03,,https://resort-estate.com/detail/1910,数値不明
日本マウント 静岡県 リゾート・田舎物件,伊東市,中古戸建,中古戸建/住宅カテゴリ,静岡県伊東市富戸「大室高原別荘地」,1580,,,3000,—,—,,不明,接道・区分情報なし。建物ありだが現行法での再建築可否は役場で要確認,,2026-07-03,注意:別荘地/温泉,https://resort-estate.com/detail/1908,数値不明
日本マウント 静岡県 リゾート・田舎物件,伊東市,中古戸建,中古戸建/住宅カテゴリ,静岡県伊東市「大室高原別荘地」,1570,,,3000,—,—,,不明,接道・区分情報なし。建物ありだが現行法での再建築可否は役場で要確認,,2026-07-03,注意:別荘地/温泉,https://resort-estate.com/detail/1906,数値不明
日本マウント 静岡県 リゾート・田舎物件,熱海市,中古戸建,中古戸建/住宅カテゴリ,静岡県熱海市「網代山別荘地」,1290,,,3000,—,—,,不明,接道・区分情報なし。建物ありだが現行法での再建築可否は役場で要確認,,2026-07-03,注意:別荘地,https://resort-estate.com/detail/1814,数値不明
日本マウント 静岡県 リゾート・田舎物件,伊東市,更地,土地カテゴリ（建物表記なし）,物件No.1805 伊東市 吉田 中古住宅 こちらの物件は、現在会員様のみ閲覧可能です,,,,3000,田,—,,不明,接道・区分情報なし、詳細/役場で要確認,,2026-07-03,,https://resort-estate.com/detail/1805,数値不明
日本マウント 静岡県 リゾート・田舎物件,伊東市,中古戸建,中古戸建/住宅カテゴリ,静岡県伊東市富戸大室高原「大室高原別荘地」,2300,,,3000,—,—,,不明,接道・区分情報なし。建物ありだが現行法での再建築可否は役場で要確認,,2026-07-03,注意:別荘地/温泉,https://resort-estate.com/detail/1891,数値不明
日本マウント 静岡県 リゾート・田舎物件,函南町,更地,土地カテゴリ（建物表記なし）,物件No.1889 田方郡函南町 平井南箱根ダイヤランド 中古別荘 こちらの物件は、現在会員様のみ閲覧可能です,,,,3000,田,—,,不明,接道・区分情報なし、詳細/役場で要確認,,2026-07-03,NG:南箱根ダイヤランド,https://resort-estate.com/detail/1889,数値不明
日本マウント 静岡県 リゾート・田舎物件,伊東市,中古戸建,中古戸建/住宅カテゴリ,静岡県伊東市八幡野,3780,,,3000,—,—,,不明,接道・区分情報なし。建物ありだが現行法での再建築可否は役場で要確認,,2026-08-28,,https://resort-estate.com/detail/1336,数値不明
日本マウント 静岡県 リゾート・田舎物件,伊東市,中古戸建,中古戸建/住宅カテゴリ,静岡県伊東市「Villike八幡野ESekiya～セキヤ～」,14800,,,3000,—,—,,不明,接道・区分情報なし。建物ありだが現行法での再建築可否は役場で要確認,,2026-08-12,注意:温泉,https://resort-estate.com/detail/1879,数値不明
日本マウント 静岡県 リゾート・田舎物件,伊東市,中古戸建,中古戸建/住宅カテゴリ,静岡県伊東市吉田「ゴルフガーデン別荘地」,1280,,,3000,田,—,,不明,接道・区分情報なし。建物ありだが現行法での再建築可否は役場で要確認,,2026-07-03,注意:別荘地,https://resort-estate.com/detail/1883,数値不明
日本マウント 静岡県 リゾート・田舎物件,伊東市,中古戸建,中古戸建/住宅カテゴリ,静岡県伊東市十足「イトーピア別荘地」,3280,,,3000,—,—,,不明,接道・区分情報なし。建物ありだが現行法での再建築可否は役場で要確認,,2026-08-12,注意:別荘地/温泉,https://resort-estate.com/detail/1875,数値不明
日本マウント 静岡県 リゾート・田舎物件,函南町,中古戸建,中古戸建/住宅カテゴリ,静岡県田方郡函南町畑,2980,,,3000,畑,—,,不明,接道・区分情報なし。建物ありだが現行法での再建築可否は役場で要確認,,2026-08-12,注意:温泉 NG:南箱根ダイヤランド,https://resort-estate.com/detail/1873,数値不明
日本マウント 静岡県 リゾート・田舎物件,熱海市,中古戸建,中古戸建/住宅カテゴリ,静岡県熱海市西熱海町「西熱海別荘地」,28800,,,3000,—,—,,不明,接道・区分情報なし。建物ありだが現行法での再建築可否は役場で要確認,,2026-08-12,注意:別荘地,https://resort-estate.com/detail/1871,数値不明
日本マウント 静岡県 リゾート・田舎物件,函南町,中古戸建,中古戸建/住宅カテゴリ,静岡県田方郡函南町丹那「南箱根ダイヤランド」,3180,,,3000,田,—,,不明,接道・区分情報なし。建物ありだが現行法での再建築可否は役場で要確認,,2026-08-12,注意:温泉 NG:南箱根ダイヤランド,https://resort-estate.com/detail/1870,数値不明
日本マウント 静岡県 リゾート・田舎物件,熱海市,中古戸建,中古戸建/住宅カテゴリ,静岡県熱海市上多賀,3700,,,3000,—,—,,不明,接道・区分情報なし。建物ありだが現行法での再建築可否は役場で要確認,,2026-07-03,,https://resort-estate.com/detail/1869,数値不明
日本マウント 静岡県 リゾート・田舎物件,熱海市,中古戸建,中古戸建/住宅カテゴリ,静岡県熱海市綱代,13000,,,3000,—,—,,不明,接道・区分情報なし。建物ありだが現行法での再建築可否は役場で要確認,,2026-08-12,注意:温泉,https://resort-estate.com/detail/1868,数値不明
日本マウント 静岡県 リゾート・田舎物件,伊東市,中古戸建,中古戸建/住宅カテゴリ,静岡県伊東市吉田,5300,,,3000,田,—,,不明,接道・区分情報なし。建物ありだが現行法での再建築可否は役場で要確認,,2026-08-12,,https://resort-estate.com/detail/1867,数値不明
日本マウント 静岡県 リゾート・田舎物件,函南町,中古戸建,中古戸建/住宅カテゴリ,静岡県田方郡函南町「伊豆エメラルドタウン」,3750,,,3000,田,—,,不明,接道・区分情報なし。建物ありだが現行法での再建築可否は役場で要確認,,2026-08-12,NG:エメラルドタウン,https://resort-estate.com/detail/1807,数値不明
日本マウント 静岡県 リゾート・田舎物件,熱海市,中古戸建,中古戸建/住宅カテゴリ,静岡県熱海市上多賀「熱海自然郷」,1480,,,3000,—,—,,不明,接道・区分情報なし。建物ありだが現行法での再建築可否は役場で要確認,,2026-08-12,注意:温泉,https://resort-estate.com/detail/1862,数値不明
日本マウント 静岡県 リゾート・田舎物件,熱海市,中古戸建,中古戸建/住宅カテゴリ,静岡県熱海市桜木町,4450,,,3000,—,—,,不明,接道・区分情報なし。建物ありだが現行法での再建築可否は役場で要確認,,2026-08-19,,https://resort-estate.com/detail/1852,数値不明
日本マウント 静岡県 リゾート・田舎物件,熱海市,中古戸建,中古戸建/住宅カテゴリ,静岡県熱海市下多賀,2380,,,3000,—,—,,不明,接道・区分情報なし。建物ありだが現行法での再建築可否は役場で要確認,,2026-08-23,,https://resort-estate.com/detail/1804,数値不明
日本マウント 静岡県 リゾート・田舎物件,伊東市,更地,土地カテゴリ（建物表記なし）,物件No.1859 伊東市 赤沢 中古別荘 こちらの物件は、現在会員様のみ閲覧可能です,,,,3000,—,—,,不明,接道・区分情報なし、詳細/役場で要確認,,2026-08-23,,https://resort-estate.com/detail/1859,数値不明
日本マウント 静岡県 リゾート・田舎物件,伊東市,中古戸建,中古戸建/住宅カテゴリ,静岡県伊東市富戸,790,,,3000,—,—,,不明,接道・区分情報なし。建物ありだが現行法での再建築可否は役場で要確認,,2026-08-23,,https://resort-estate.com/detail/1858,数値不明
日本マウント 静岡県 リゾート・田舎物件,伊東市,中古戸建,中古戸建/住宅カテゴリ,静岡県伊東市赤沢「あかざわ恒陽台別荘地」,1850,,,3000,—,—,,不明,接道・区分情報なし。建物ありだが現行法での再建築可否は役場で要確認,,2026-08-19,注意:別荘地/温泉,https://resort-estate.com/detail/1857,数値不明
日本マウント 静岡県 リゾート・田舎物件,熱海市,中古戸建,中古戸建/住宅カテゴリ,静岡県熱海市緑ガ丘町,880,,,3000,宅地,—,,不明,接道・区分情報なし。建物ありだが現行法での再建築可否は役場で要確認,,2026-08-23,,https://resort-estate.com/detail/1851,数値不明
日本マウント 静岡県 リゾート・田舎物件,伊東市,更地,土地カテゴリ（建物表記なし）,物件No.1849 伊東市 宇佐美 中古別荘 こちらの物件は、現在会員様のみ閲覧可能です,,,,3000,—,—,,不明,接道・区分情報なし、詳細/役場で要確認,,2026-08-23,,https://resort-estate.com/detail/1849,数値不明
日本マウント 静岡県 リゾート・田舎物件,函南町,更地,土地カテゴリ（建物表記なし）,物件No.1847 田方郡函南町 平井 中古別荘 こちらの物件は、現在会員様のみ閲覧可能です,,,,3000,田,—,,不明,接道・区分情報なし、詳細/役場で要確認,,2026-08-23,,https://resort-estate.com/detail/1847,数値不明
日本マウント 静岡県 リゾート・田舎物件,伊東市,中古戸建,中古戸建/住宅カテゴリ,静岡県伊東市富戸,1080,,,3000,—,—,,不明,接道・区分情報なし。建物ありだが現行法での再建築可否は役場で要確認,,2026-08-23,,https://resort-estate.com/detail/1845,数値不明
日本マウント 静岡県 リゾート・田舎物件,伊東市,中古戸建,中古戸建/住宅カテゴリ,静岡県伊東市「エンゼルフォレスト伊豆赤沢」,3980,,,3000,—,—,,不明,接道・区分情報なし。建物ありだが現行法での再建築可否は役場で要確認,,2026-08-23,注意:温泉,https://resort-estate.com/detail/1844,数値不明
日本マウント 静岡県 リゾート・田舎物件,伊東市,中古戸建,中古戸建/住宅カテゴリ,静岡県伊東市富戸,13800,,,3000,—,—,,不明,接道・区分情報なし。建物ありだが現行法での再建築可否は役場で要確認,,2026-08-12,注意:温泉,https://resort-estate.com/detail/1843,数値不明
日本マウント 静岡県 リゾート・田舎物件,伊東市,中古戸建,中古戸建/住宅カテゴリ,静岡県伊東市富戸大室高原1丁目,4100,,,3000,—,—,,不明,接道・区分情報なし。建物ありだが現行法での再建築可否は役場で要確認,,2026-08-23,注意:温泉,https://resort-estate.com/detail/1842,数値不明
日本マウント 静岡県 リゾート・田舎物件,伊東市,中古戸建,中古戸建/住宅カテゴリ,静岡県伊東市池南大室台別荘地,2580,,,3000,田,—,,不明,接道・区分情報なし。建物ありだが現行法での再建築可否は役場で要確認,,2026-08-19,注意:別荘地,https://resort-estate.com/detail/1821,数値不明
日本マウント 静岡県 リゾート・田舎物件,伊東市,中古戸建,中古戸建/住宅カテゴリ,静岡県伊東市「大室高原（伊豆シャボテン公園）温泉別荘地」,7000,,,3000,—,—,,不明,接道・区分情報なし。建物ありだが現行法での再建築可否は役場で要確認,,2026-08-19,注意:別荘地/温泉,https://resort-estate.com/detail/1834,数値不明
日本マウント 静岡県 リゾート・田舎物件,伊東市,中古戸建,中古戸建/住宅カテゴリ,静岡県伊東市「大室高原別荘地」,985,,,3000,—,—,,不明,接道・区分情報なし。建物ありだが現行法での再建築可否は役場で要確認,,2026-08-23,注意:別荘地,https://resort-estate.com/detail/1832,数値不明
日本マウント 静岡県 リゾート・田舎物件,熱海市,更地,土地カテゴリ（建物表記なし）,物件No.1831 熱海市 西山町 中古別荘 こちらの物件は、現在会員様のみ閲覧可能です,,,,3000,—,—,,不明,接道・区分情報なし、詳細/役場で要確認,,2026-08-23,,https://resort-estate.com/detail/1831,数値不明
日本マウント 静岡県 リゾート・田舎物件,伊東市,中古戸建,中古戸建/住宅カテゴリ,静岡県伊東市富戸,7000,,,3000,—,—,,不明,接道・区分情報なし。建物ありだが現行法での再建築可否は役場で要確認,,2026-08-19,注意:別荘地/温泉,https://resort-estate.com/detail/1828,数値不明
日本マウント 静岡県 リゾート・田舎物件,熱海市,中古戸建,中古戸建/住宅カテゴリ,静岡県熱海市網代,29800,,,3000,—,—,,不明,接道・区分情報なし。建物ありだが現行法での再建築可否は役場で要確認,,2026-08-23,注意:温泉,https://resort-estate.com/detail/1825,数値不明
日本マウント 静岡県 リゾート・田舎物件,函南町,中古戸建,中古戸建/住宅カテゴリ,静岡県田方郡函南町「南箱根ダイヤランド」,998,,,3000,田,—,,不明,接道・区分情報なし。建物ありだが現行法での再建築可否は役場で要確認,,2026-08-23,注意:温泉 NG:南箱根ダイヤランド,https://resort-estate.com/detail/1810,数値不明
日本マウント 静岡県 リゾート・田舎物件,熱海市,更地,土地カテゴリ（建物表記なし）,物件No.1806 熱海市 西熱海町1丁目 中古別荘 こちらの物件は、現在会員様のみ閲覧可能です,,,,3000,—,—,,不明,接道・区分情報なし、詳細/役場で要確認,,2026-08-23,,https://resort-estate.com/detail/1806,数値不明
日本マウント 静岡県 リゾート・田舎物件,熱海市,中古戸建,中古戸建/住宅カテゴリ,静岡県熱海市桜木町「桜沢別荘地」,16600,,,3000,—,—,,不明,接道・区分情報なし。建物ありだが現行法での再建築可否は役場で要確認,,2026-08-23,注意:別荘地,https://resort-estate.com/detail/1803,数値不明
日本マウント 静岡県 リゾート・田舎物件,伊東市,中古戸建,中古戸建/住宅カテゴリ,静岡県伊東市宇佐美「宇佐美みのりの村別荘地」,1300,,,3000,—,—,,不明,接道・区分情報なし。建物ありだが現行法での再建築可否は役場で要確認,,2026-08-23,注意:別荘地,https://resort-estate.com/detail/1801,数値不明
日本マウント 静岡県 リゾート・田舎物件,熱海市,更地,土地カテゴリ（建物表記なし）,静岡県熱海市伊豆山,39000,,,3000,—,—,,不明,接道・区分情報なし、詳細/役場で要確認,,2026-08-23,注意:温泉,https://resort-estate.com/detail/1800,数値不明
日本マウント 静岡県 リゾート・田舎物件,伊東市,中古戸建,中古戸建/住宅カテゴリ,静岡県伊東市宇佐美「宇佐美みのりの村」うぐいすの丘,680,,,3000,—,—,,不明,接道・区分情報なし。建物ありだが現行法での再建築可否は役場で要確認,,2026-08-23,注意:別荘地/温泉,https://resort-estate.com/detail/1799,数値不明
日本マウント 静岡県 リゾート・田舎物件,伊東市,中古戸建,中古戸建/住宅カテゴリ,静岡県伊東市十足,980,,,3000,—,—,,不明,接道・区分情報なし。建物ありだが現行法での再建築可否は役場で要確認,,2026-08-23,,https://resort-estate.com/detail/1798,数値不明
日本マウント 静岡県 リゾート・田舎物件,伊東市,中古戸建,中古戸建/住宅カテゴリ,静岡県伊東市宇佐美「宇佐美みのりの村」別荘地,650,,,3000,—,—,,不明,接道・区分情報なし。建物ありだが現行法での再建築可否は役場で要確認,,2026-08-23,注意:別荘地/温泉,https://resort-estate.com/detail/1795,数値不明
日本マウント 静岡県 リゾート・田舎物件,函南町,中古戸建,中古戸建/住宅カテゴリ,静岡県田方郡函南町「,2300,,,3000,田,—,,不明,接道・区分情報なし。建物ありだが現行法での再建築可否は役場で要確認,,2026-08-23,NG:南箱根ダイヤランド,https://resort-estate.com/detail/1793,数値不明
日本マウント 静岡県 リゾート・田舎物件,熱海市,中古戸建,中古戸建/住宅カテゴリ,静岡県熱海市網代,15000,,,3000,—,—,,不明,接道・区分情報なし。建物ありだが現行法での再建築可否は役場で要確認,,2026-08-19,注意:温泉,https://resort-estate.com/detail/1791,数値不明
日本マウント 静岡県 リゾート・田舎物件,伊東市,中古戸建,中古戸建/住宅カテゴリ,静岡県伊東市「,2800,,,3000,—,—,,不明,接道・区分情報なし。建物ありだが現行法での再建築可否は役場で要確認,,2026-08-19,注意:別荘地,https://resort-estate.com/detail/1790,数値不明
日本マウント 静岡県 リゾート・田舎物件,熱海市,中古戸建,中古戸建/住宅カテゴリ,静岡県熱海市「南熱海グリーンヒル」,2250,,,3000,—,—,,不明,接道・区分情報なし。建物ありだが現行法での再建築可否は役場で要確認,,2026-08-23,注意:別荘地,https://resort-estate.com/detail/1789,数値不明
日本マウント 静岡県 リゾート・田舎物件,熱海市,中古戸建,中古戸建/住宅カテゴリ,静岡県熱海市「南熱海が丘別荘地」,6000,,,3000,—,—,,不明,接道・区分情報なし。建物ありだが現行法での再建築可否は役場で要確認,,2026-08-23,注意:別荘地,https://resort-estate.com/detail/1788,数値不明
日本マウント 静岡県 リゾート・田舎物件,函南町,中古戸建,中古戸建/住宅カテゴリ,静岡県函南町南箱根ダイヤランド,3500,,,3000,—,—,,不明,接道・区分情報なし。建物ありだが現行法での再建築可否は役場で要確認,,2026-08-12,注意:温泉 NG:南箱根ダイヤランド,https://resort-estate.com/detail/1784,数値不明
日本マウント 静岡県 リゾート・田舎物件,函南町,中古戸建,中古戸建/住宅カテゴリ,静岡県田方郡函南町「南箱根ダイヤランド」,980,,,3000,田,—,,不明,接道・区分情報なし。建物ありだが現行法での再建築可否は役場で要確認,,2026-08-23,NG:南箱根ダイヤランド,https://resort-estate.com/detail/1783,数値不明
日本マウント 静岡県 リゾート・田舎物件,伊東市,中古戸建,中古戸建/住宅カテゴリ,静岡県伊東市八幡野「伊豆急伊豆高原分譲地」,7990,,,3000,—,—,,不明,接道・区分情報なし。建物ありだが現行法での再建築可否は役場で要確認,,2026-08-14,注意:温泉,https://resort-estate.com/detail/1750,数値不明
日本マウント 静岡県 リゾート・田舎物件,熱海市,中古戸建,中古戸建/住宅カテゴリ,静岡県熱海市泉,1980,,,3000,田,—,,不明,接道・区分情報なし。建物ありだが現行法での再建築可否は役場で要確認,,2026-08-14,注意:温泉,https://resort-estate.com/detail/1302,数値不明
日本マウント 静岡県 リゾート・田舎物件,熱海市,更地,土地カテゴリ（建物表記なし）,静岡県熱海市青葉町,380,,,3000,田,—,,不明,接道・区分情報なし、詳細/役場で要確認,,2026-08-28,,https://resort-estate.com/detail/3409,数値不明
日本マウント 静岡県 リゾート・田舎物件,裾野市,更地,土地カテゴリ（建物表記なし）,物件No.1497 裾野市 須山 中古別荘 こちらの物件は、現在会員様のみ閲覧可能です,,,,3000,—,—,,不明,接道・区分情報なし、詳細/役場で要確認,,2026-08-28,,https://resort-estate.com/detail/1497,数値不明
日本マウント 静岡県 リゾート・田舎物件,伊豆市,更地,土地カテゴリ（建物表記なし）,静岡県伊豆市,280,,,3000,—,—,,不明,接道・区分情報なし、詳細/役場で要確認,,2026-08-28,,https://resort-estate.com/detail/3472,数値不明
日本マウント 静岡県 リゾート・田舎物件,伊東市,更地,土地カテゴリ（建物表記なし）,静岡県伊東市吉田「一碧湖畔前」,1000,,,3000,田,—,,不明,接道・区分情報なし、詳細/役場で要確認,,2026-08-28,,https://resort-estate.com/detail/1508,数値不明
日本マウント 静岡県 リゾート・田舎物件,裾野市,中古戸建,中古戸建/住宅カテゴリ,静岡県裾野市須山,1080,,,3000,—,—,,不明,接道・区分情報なし。建物ありだが現行法での再建築可否は役場で要確認,,2026-08-28,注意:別荘地,https://resort-estate.com/detail/1427,数値不明
日本マウント 静岡県 リゾート・田舎物件,熱海市,更地,土地カテゴリ（建物表記なし）,物件No.1261 熱海市 熱海 リゾートマンション こちらの物件は、現在会員様のみ閲覧可能です,,,,3000,—,—,,不明,接道・区分情報なし、詳細/役場で要確認,,2026-08-28,,https://resort-estate.com/detail/1261,数値不明
日本マウント 静岡県 リゾート・田舎物件,沼津市,更地,土地カテゴリ（建物表記なし）,物件No.1243 沼津市 大岡 中古住宅 こちらの物件は、現在会員様のみ閲覧可能です,,,,3000,—,—,,不明,接道・区分情報なし、詳細/役場で要確認,,2026-08-28,,https://resort-estate.com/detail/1243,数値不明
日本マウント 静岡県 リゾート・田舎物件,伊東市,更地,土地カテゴリ（建物表記なし）,物件No.1219 伊東市 宇佐美 中古別荘 こちらの物件は、現在会員様のみ閲覧可能です,,,,3000,—,—,,不明,接道・区分情報なし、詳細/役場で要確認,,2026-08-28,,https://resort-estate.com/detail/1219,数値不明
東海ヤジマ 伊豆の物件一覧（土地・戸建）,下田市,更地,土地カテゴリ（建物表記なし）,静岡県下田市六丁目720番27,38,165.0,0.8,3000,田,—,,不明,接道・区分情報なし、詳細/役場で要確認,,2026-07-04,,https://tokaiyajima.com/fudo/7072?bk=&shu=&mid=&nor=,不適合
東海ヤジマ 伊豆の物件一覧（土地・戸建）,下田市,更地,土地カテゴリ（建物表記なし）,静岡県下田市白浜字女郎山2779番3,48,172.0,0.9,3000,田,—,,不明,接道・区分情報なし、詳細/役場で要確認,,2026-07-04,,https://tokaiyajima.com/fudo/10120?bk=&shu=&mid=&nor=,不適合
東海ヤジマ 伊豆の物件一覧（土地・戸建）,下田市,更地,土地カテゴリ（建物表記なし）,静岡県下田市白浜字女郎山2779番4,48,,,3000,田,—,,不明,接道・区分情報なし、詳細/役場で要確認,,2026-07-04,注意:別荘地,https://tokaiyajima.com/fudo/10556?bk=&shu=&mid=&nor=,数値不明
東海ヤジマ 伊豆の物件一覧（土地・戸建）,下田市,更地,土地カテゴリ（建物表記なし）,静岡県下田市吉佐美字万千山2357番地156　太陽苑,60,250.0,0.8,3000,田,—,,不明,接道・区分情報なし、詳細/役場で要確認,,2026-07-04,,https://tokaiyajima.com/fudo/4437?bk=&shu=&mid=&nor=,不適合
東海ヤジマ 伊豆の物件一覧（土地・戸建）,下田市,更地,土地カテゴリ（建物表記なし）,"静岡県下田市吉佐美字万千山2357-18,19",68,,,3000,田,—,,不明,接道・区分情報なし、詳細/役場で要確認,,2026-07-04,,https://tokaiyajima.com/fudo/2649?bk=&shu=&mid=&nor=,数値不明
東海ヤジマ 伊豆の物件一覧（土地・戸建）,東伊豆町,更地,土地カテゴリ（建物表記なし）,静岡県賀茂郡東伊豆町奈良本字仲道1067番,156,171.9,3.0,3000,宅地,—,,不明,接道・区分情報なし、詳細/役場で要確認,,2026-07-04,,https://tokaiyajima.com/fudo/3253?bk=&shu=&mid=&nor=,不適合
東海ヤジマ 伊豆の物件一覧（土地・戸建）,南伊豆町,更地,土地カテゴリ（建物表記なし）,静岡県賀茂郡南伊豆町妻良字根木藪2038番1,158,4263.8,0.1,3000,田,—,,不明,接道・区分情報なし、詳細/役場で要確認,,2026-07-04,,https://tokaiyajima.com/fudo/10281?bk=&shu=&mid=&nor=,適合
東海ヤジマ 伊豆の物件一覧（土地・戸建）,下田市,更地,土地カテゴリ（建物表記なし）,静岡県下田市５丁目３７番（808-2）,168,,,3000,田,—,,不明,接道・区分情報なし、詳細/役場で要確認,,2026-07-04,,https://tokaiyajima.com/fudo/1053?bk=&shu=&mid=&nor=,数値不明
東海ヤジマ 伊豆の物件一覧（土地・戸建）,南伊豆町,更地,土地カテゴリ（建物表記なし）,静岡県賀茂郡南伊豆町手石字湯坂1348-9他,198,,,3000,田,—,,不明,接道・区分情報なし、詳細/役場で要確認,,2026-08-24,注意:温泉,https://tokaiyajima.com/fudo/3971?bk=&shu=&mid=&nor=,数値不明
東海ヤジマ 伊豆の物件一覧（土地・戸建）,伊東市,更地,土地カテゴリ（建物表記なし）,静岡県伊東市荻字荻峰472番70,198,159.1,4.1,3000,—,—,,不明,接道・区分情報なし、詳細/役場で要確認,,2026-07-04,注意:管理費/温泉,https://tokaiyajima.com/fudo/5990?bk=os2&shu=&mid=&nor=,不適合
東海ヤジマ 伊豆の物件一覧（土地・戸建）,南伊豆町,更地,土地カテゴリ（建物表記なし）,静岡県賀茂郡南伊豆町石井字外畑289番地1,248,509.1,1.6,3000,畑,—,,不明,接道・区分情報なし、詳細/役場で要確認,,2026-07-04,,https://tokaiyajima.com/fudo/5475?bk=os2&shu=&mid=&nor=,不適合
東海ヤジマ 伊豆の物件一覧（土地・戸建）,伊東市,更地,土地カテゴリ（建物表記なし）,静岡県伊東市鎌田字宇佐美美畑1076-123、124,273,,,3000,畑,—,,不明,接道・区分情報なし、詳細/役場で要確認,,2026-07-04,,https://tokaiyajima.com/fudo/1816?bk=os2&shu=&mid=&nor=,数値不明
東海ヤジマ 伊豆の物件一覧（土地・戸建）,南伊豆町,更地,土地カテゴリ（建物表記なし）,静岡県賀茂郡南伊豆町大瀬849-6他,280,699.0,1.3,3000,田,—,,不明,接道・区分情報なし、詳細/役場で要確認,,2026-08-07,,https://tokaiyajima.com/fudo/11461?bk=os2&shu=&mid=&nor=,不適合
東海ヤジマ 伊豆の物件一覧（土地・戸建）,下田市,更地,土地カテゴリ（建物表記なし）,静岡県下田市加増野字稲ゴ田３８番２　他３筆,300,426.0,2.3,3000,田,—,,不明,接道・区分情報なし、詳細/役場で要確認,,2026-07-04,,https://tokaiyajima.com/fudo/4824?bk=os2&shu=&mid=&nor=,不適合
東海ヤジマ 伊豆の物件一覧（土地・戸建）,南伊豆町,更地,土地カテゴリ（建物表記なし）,静岡県賀茂郡南伊豆町伊浜字長野2722番41,306,2525.1,0.4,3000,田,—,,不明,接道・区分情報なし、詳細/役場で要確認,,2026-07-04,,https://tokaiyajima.com/fudo/7839?bk=os2&shu=&mid=&nor=,適合
東海ヤジマ 伊豆の物件一覧（土地・戸建）,下田市,更地,土地カテゴリ（建物表記なし）,静岡県下田市高馬70番1,325,123.4,8.7,3000,田,—,,不明,接道・区分情報なし、詳細/役場で要確認,,2026-07-04,,https://tokaiyajima.com/fudo/4382?bk=os2&shu=&mid=&nor=,不適合
東海ヤジマ 伊豆の物件一覧（土地・戸建）,南伊豆町,更地,土地カテゴリ（建物表記なし）,静岡県賀茂郡南伊豆町湊字前川955番3,330,,,3000,田,—,,不明,接道・区分情報なし、詳細/役場で要確認,,2026-07-04,,https://tokaiyajima.com/fudo/10344?bk=os2&shu=&mid=&nor=,数値不明
東海ヤジマ 伊豆の物件一覧（土地・戸建）,南伊豆町,中古戸建,中古戸建/住宅カテゴリ,静岡県賀茂郡南伊豆町妻良字東条518番地,350,,,3000,田,—,,不明,接道・区分情報なし。建物ありだが現行法での再建築可否は役場で要確認,,2026-07-04,,https://tokaiyajima.com/fudo/6927?bk=os2&shu=&mid=&nor=,数値不明
東海ヤジマ 伊豆の物件一覧（土地・戸建）,下田市,中古戸建,中古戸建/住宅カテゴリ,静岡県下田市須崎字尾竹山1190番地46,350,,,3000,田,—,,不明,接道・区分情報なし。建物ありだが現行法での再建築可否は役場で要確認,,2026-07-04,,https://tokaiyajima.com/fudo/8475?bk=os2&shu=&mid=&nor=,数値不明
東海ヤジマ 伊豆の物件一覧（土地・戸建）,南伊豆町,更地,土地カテゴリ（建物表記なし）,静岡県賀茂郡南伊豆町下賀茂字中崎602-4地,400,,,3000,田,—,,不明,接道・区分情報なし、詳細/役場で要確認,,2026-07-04,注意:温泉,https://tokaiyajima.com/fudo/1637?bk=os2&shu=&mid=&nor=,数値不明
東海ヤジマ 伊豆の物件一覧（土地・戸建）,下田市,更地,土地カテゴリ（建物表記なし）,静岡県下田市字金原原山2455-25,400,,,3000,田,—,,不明,接道・区分情報なし、詳細/役場で要確認,,2026-07-04,,https://tokaiyajima.com/fudo/1647?bk=os2&shu=&mid=&nor=,数値不明
東海ヤジマ 伊豆の物件一覧（土地・戸建）,南伊豆町,中古戸建,中古戸建/住宅カテゴリ,静岡県賀茂郡南伊豆町妻良字西谷747-1,420,,,3000,田,—,,不明,接道・区分情報なし。建物ありだが現行法での再建築可否は役場で要確認,,2026-07-04,,https://tokaiyajima.com/fudo/8200?bk=os2&shu=&mid=&nor=,数値不明
東海ヤジマ 伊豆の物件一覧（土地・戸建）,下田市,更地,土地カテゴリ（建物表記なし）,静岡県下田市須崎57-1　アーバンヒルズ下田リゾート,450,,,3000,田,—,,不明,接道・区分情報なし、詳細/役場で要確認,,2026-07-27,注意:管理費/温泉,https://tokaiyajima.com/fudo/7956?bk=os2&shu=&mid=&nor=,数値不明
東海ヤジマ 伊豆の物件一覧（土地・戸建）,下田市,更地,土地カテゴリ（建物表記なし）,静岡県下田市須崎57-1　アーバンヒルズ下田リゾート,480,,,3000,田,—,,不明,接道・区分情報なし、詳細/役場で要確認,,2026-08-10,注意:管理費/温泉,https://tokaiyajima.com/fudo/10934?bk=os2&shu=&mid=&nor=,数値不明
東海ヤジマ 伊豆の物件一覧（土地・戸建）,伊豆市,更地,土地カテゴリ（建物表記なし）,静岡県伊豆市小下田字宮脇2307外4筆,498,,,3000,田,—,,不明,接道・区分情報なし、詳細/役場で要確認,,2026-07-11,,https://tokaiyajima.com/fudo/11237?bk=os2&shu=&mid=&nor=,数値不明
東海ヤジマ 伊豆の物件一覧（土地・戸建）,下田市,更地,土地カテゴリ（建物表記なし）,静岡県下田市柿崎8-6,498,,,3000,宅地,—,,不明,接道・区分情報なし、詳細/役場で要確認,,2026-07-04,,https://tokaiyajima.com/fudo/11080?bk=os2&shu=&mid=&nor=,数値不明
東海ヤジマ 伊豆の物件一覧（土地・戸建）,下田市,中古戸建,中古戸建/住宅カテゴリ,静岡県下田市白浜字下コナデ2764番地7,500,,,3000,田,—,,不明,接道・区分情報なし。建物ありだが現行法での再建築可否は役場で要確認,,2026-08-12,注意:別荘地,https://tokaiyajima.com/fudo/11469?bk=os2&shu=&mid=&nor=,数値不明
東海ヤジマ 伊豆の物件一覧（土地・戸建）,南伊豆町,更地,土地カテゴリ（建物表記なし）,静岡県賀茂郡南伊豆町伊浜字天神山2708番35,523,3457.2,0.5,3000,畑,—,,不明,接道・区分情報なし、詳細/役場で要確認,,2026-07-04,,https://tokaiyajima.com/fudo/7942?bk=os2&shu=&mid=&nor=,適合
東海ヤジマ 伊豆の物件一覧（土地・戸建）,下田市,更地,土地カテゴリ（建物表記なし）,静岡県下田市東中15-12、15,547,129.5,14.0,3000,宅地,—,,不明,接道・区分情報なし、詳細/役場で要確認,,2026-07-04,,https://tokaiyajima.com/fudo/10545?bk=os2&shu=&mid=&nor=,不適合
東海ヤジマ 伊豆の物件一覧（土地・戸建）,南伊豆町,更地,土地カテゴリ（建物表記なし）,静岡県賀茂郡南伊豆町湊字椎ヶ下286-20他,548,266.0,6.8,3000,田,—,,不明,接道・区分情報なし、詳細/役場で要確認,,2026-07-08,,https://tokaiyajima.com/fudo/11213?bk=os2&shu=&mid=&nor=,不適合
東海ヤジマ 伊豆の物件一覧（土地・戸建）,伊東市,更地,土地カテゴリ（建物表記なし）,静岡県伊東市富戸字水口1108番25,580,3701.5,0.5,3000,—,—,,不明,接道・区分情報なし、詳細/役場で要確認,,2026-07-04,,https://tokaiyajima.com/fudo/3887?bk=os2&shu=&mid=&nor=,適合
東海ヤジマ 伊豆の物件一覧（土地・戸建）,南伊豆町,更地,土地カテゴリ（建物表記なし）,静岡県賀茂郡南伊豆町伊浜字里田837番1他2筆,600,420.0,4.7,3000,田,—,,不明,接道・区分情報なし、詳細/役場で要確認,,2026-07-27,,https://tokaiyajima.com/fudo/5312?bk=os2&shu=&mid=&nor=,不適合
東海ヤジマ 伊豆の物件一覧（土地・戸建）,南伊豆町,更地,土地カテゴリ（建物表記なし）,静岡県賀茂郡南伊豆町加納379番地21他,620,254.5,8.1,3000,田,—,,不明,接道・区分情報なし、詳細/役場で要確認,,2026-07-04,,https://tokaiyajima.com/fudo/10644?bk=os2&shu=&mid=&nor=,不適合
東海ヤジマ 伊豆の物件一覧（土地・戸建）,南伊豆町,更地,土地カテゴリ（建物表記なし）,静岡県賀茂郡南伊豆町上賀茂字本多537-1,652,,,3000,田,—,,不明,接道・区分情報なし、詳細/役場で要確認,,2026-07-04,,https://tokaiyajima.com/fudo/1451?bk=os2&shu=&mid=&nor=,数値不明
東海ヤジマ 伊豆の物件一覧（土地・戸建）,下田市,更地,土地カテゴリ（建物表記なし）,静岡県下田市六丁目,680,148.0,15.2,3000,田,—,,不明,接道・区分情報なし、詳細/役場で要確認,,2026-07-04,,https://tokaiyajima.com/fudo/5371?bk=os2&shu=&mid=&nor=,不適合
東海ヤジマ 伊豆の物件一覧（土地・戸建）,下田市,更地,土地カテゴリ（建物表記なし）,静岡県下田市敷根592番3,680,,,3000,田,—,,不明,接道・区分情報なし、詳細/役場で要確認,,2026-07-04,,https://tokaiyajima.com/fudo/2638?bk=os2&shu=&mid=&nor=,数値不明
東海ヤジマ 伊豆の物件一覧（土地・戸建）,南伊豆町,更地,土地カテゴリ（建物表記なし）,静岡県賀茂郡南伊豆町湊字椎ヶ下286-21他,682,363.0,6.2,3000,田,—,,不明,接道・区分情報なし、詳細/役場で要確認,,2026-07-08,,https://tokaiyajima.com/fudo/11234?bk=os2&shu=&mid=&nor=,不適合
東海ヤジマ 伊豆の物件一覧（土地・戸建）,西伊豆町,更地,土地カテゴリ（建物表記なし）,静岡県賀茂郡西伊豆町田子字浜田1033番4,750,,,3000,宅地,—,,不明,接道・区分情報なし、詳細/役場で要確認,,2026-07-04,,https://tokaiyajima.com/fudo/2862?bk=os2&shu=&mid=&nor=,数値不明
東海ヤジマ 伊豆の物件一覧（土地・戸建）,下田市,中古戸建,中古戸建/住宅カテゴリ,静岡県下田市吉佐美2112-39,750,,,3000,田,—,,不明,接道・区分情報なし。建物ありだが現行法での再建築可否は役場で要確認,,2026-07-04,,https://tokaiyajima.com/fudo/11058?bk=os2&shu=&mid=&nor=,数値不明
東海ヤジマ 伊豆の物件一覧（土地・戸建）,下田市,更地,土地カテゴリ（建物表記なし）,静岡県下田市大賀茂字元林146番31,795,268.4,9.8,3000,田,—,,不明,接道・区分情報なし、詳細/役場で要確認,,2026-07-04,,https://tokaiyajima.com/fudo/2720?bk=os2&shu=&mid=&nor=,不適合
東海ヤジマ 伊豆の物件一覧（土地・戸建）,伊東市,更地,土地カテゴリ（建物表記なし）,"静岡県伊東市八幡野字萩ヶ洞1077-2,5",798,1755.4,1.5,3000,—,—,,不明,接道・区分情報なし、詳細/役場で要確認,,2026-07-04,,https://tokaiyajima.com/fudo/1854?bk=os2&shu=&mid=&nor=,適合
東海ヤジマ 伊豆の物件一覧（土地・戸建）,下田市,更地,土地カテゴリ（建物表記なし）,静岡県下田市1丁目614番6,798,141.9,18.6,3000,田,—,,不明,接道・区分情報なし、詳細/役場で要確認,,2026-07-04,,https://tokaiyajima.com/fudo/4144?bk=os2&shu=&mid=&nor=,不適合
東海ヤジマ 伊豆の物件一覧（土地・戸建）,下田市,更地,土地カテゴリ（建物表記なし）,静岡県下田市河内字上湯原181番4　他3筆,880,250.6,11.6,3000,田,—,,不明,接道・区分情報なし、詳細/役場で要確認,,2026-07-04,,https://tokaiyajima.com/fudo/9385?bk=os2&shu=&mid=&nor=,不適合
東海ヤジマ 伊豆の物件一覧（土地・戸建）,下田市,更地,土地カテゴリ（建物表記なし）,静岡県下田市蓮台寺字山崎276番地2,980,,,3000,田,—,,不明,接道・区分情報なし、詳細/役場で要確認,,2026-07-04,注意:温泉,https://tokaiyajima.com/fudo/10613?bk=os2&shu=&mid=&nor=,数値不明
東海ヤジマ 伊豆の物件一覧（土地・戸建）,下田市,更地,土地カテゴリ（建物表記なし）,"静岡県下田市5丁目1139-11,-12",980,362.0,8.9,3000,田,—,,不明,接道・区分情報なし、詳細/役場で要確認,,2026-07-04,,https://tokaiyajima.com/fudo/8851?bk=os2&shu=&mid=&nor=,不適合
東海ヤジマ 伊豆の物件一覧（土地・戸建）,東伊豆町,更地,土地カテゴリ（建物表記なし）,静岡県賀茂郡東伊豆町稲取1939-6,980,318.4,10.2,3000,—,—,,不明,接道・区分情報なし、詳細/役場で要確認,,2026-07-04,,https://tokaiyajima.com/fudo/5775?bk=os2&shu=&mid=&nor=,不適合
東海ヤジマ 伊豆の物件一覧（土地・戸建）,伊東市,中古戸建,中古戸建/住宅カテゴリ,静岡県伊東市池字坂上５６９番地３,982,,,3000,—,—,,不明,接道・区分情報なし。建物ありだが現行法での再建築可否は役場で要確認,,2026-07-27,,https://tokaiyajima.com/fudo/8242?bk=os2&shu=&mid=&nor=,数値不明
東海ヤジマ 伊豆の物件一覧（土地・戸建）,南伊豆町,更地,土地カテゴリ（建物表記なし）,静岡県賀茂郡南伊豆町青市字蒲谷坪546番7,1050,990.0,3.5,3000,田,—,,不明,接道・区分情報なし、詳細/役場で要確認,,2026-07-04,,https://tokaiyajima.com/fudo/10412?bk=os2&shu=&mid=&nor=,不適合
東海ヤジマ 伊豆の物件一覧（土地・戸建）,下田市,更地,土地カテゴリ（建物表記なし）,静岡県下田市須崎字川上734番1他5筆,1080,275.5,13.0,3000,田,—,,不明,接道・区分情報なし、詳細/役場で要確認,,2026-07-04,,https://tokaiyajima.com/fudo/8581?bk=os2&shu=&mid=&nor=,不適合
東海ヤジマ 伊豆の物件一覧（土地・戸建）,下田市,更地,土地カテゴリ（建物表記なし）,静岡県下田市白浜字一色85番地1,1180,,,3000,田,—,,不明,接道・区分情報なし、詳細/役場で要確認,,2026-07-04,,https://tokaiyajima.com/fudo/8727?bk=os2&shu=&mid=&nor=,数値不明
東海ヤジマ 伊豆の物件一覧（土地・戸建）,下田市,更地,土地カテゴリ（建物表記なし）,静岡県下田市河内字松尾494番1 他5筆,1192,600.0,6.6,3000,田,—,,不明,接道・区分情報なし、詳細/役場で要確認,,2026-07-04,,https://tokaiyajima.com/fudo/10967?bk=os2&shu=&mid=&nor=,不適合
東海ヤジマ 伊豆の物件一覧（土地・戸建）,下田市,中古戸建,中古戸建/住宅カテゴリ,静岡県下田市白浜字浜302番地,1200,,,3000,田,—,,不明,接道・区分情報なし。建物ありだが現行法での再建築可否は役場で要確認,,2026-07-04,,https://tokaiyajima.com/fudo/10225?bk=os2&shu=&mid=&nor=,数値不明
東海ヤジマ 伊豆の物件一覧（土地・戸建）,南伊豆町,更地,土地カテゴリ（建物表記なし）,静岡県賀茂郡南伊豆町湊字小谷戸1709番12,1200,330.0,12.0,3000,田,—,,不明,接道・区分情報なし、詳細/役場で要確認,,2026-07-04,,https://tokaiyajima.com/fudo/7232?bk=os2&shu=&mid=&nor=,不適合
東海ヤジマ 伊豆の物件一覧（土地・戸建）,下田市,中古戸建,中古戸建/住宅カテゴリ,静岡県下田市田牛字奥之入350番地6,1280,,,3000,田,—,,不明,接道・区分情報なし。建物ありだが現行法での再建築可否は役場で要確認,,2026-07-04,,https://tokaiyajima.com/fudo/10824?bk=os2&shu=&mid=&nor=,数値不明
東海ヤジマ 伊豆の物件一覧（土地・戸建）,下田市,更地,土地カテゴリ（建物表記なし）,静岡県下田市吉佐美字亜相2750番地14　リゾート129碁石が浜P-Ⅱ,1280,,,3000,田,—,,不明,接道・区分情報なし、詳細/役場で要確認,,2026-07-04,注意:管理費,https://tokaiyajima.com/fudo/5040?bk=os2&shu=&mid=&nor=,数値不明
東海ヤジマ 伊豆の物件一覧（土地・戸建）,下田市,中古戸建,中古戸建/住宅カテゴリ,静岡県下田市吉佐美字裏畑山2113番地7他,,,,3000,畑,—,,不明,接道・区分情報なし。建物ありだが現行法での再建築可否は役場で要確認,,2026-07-22,,https://tokaiyajima.com/fudo/11364?bk=os2&shu=&mid=&nor=,数値不明
東海ヤジマ 伊豆の物件一覧（土地・戸建）,下田市,中古戸建,中古戸建/住宅カテゴリ,静岡県下田市河内字上湯原184-1他,1380,,,3000,田,—,,不明,接道・区分情報なし。建物ありだが現行法での再建築可否は役場で要確認,,2026-07-04,,https://tokaiyajima.com/fudo/9167?bk=os2&shu=&mid=&nor=,数値不明
東海ヤジマ 伊豆の物件一覧（土地・戸建）,下田市,更地,土地カテゴリ（建物表記なし）,静岡県下田市大賀茂字澗原810-1,1480,34382.0,0.1,3000,田,—,,不明,接道・区分情報なし、詳細/役場で要確認,,2026-07-04,,https://tokaiyajima.com/fudo/10293?bk=os2&shu=&mid=&nor=,適合
東海ヤジマ 伊豆の物件一覧（土地・戸建）,南伊豆町,更地,土地カテゴリ（建物表記なし）,静岡県賀茂郡南伊豆町湊字月間216番3,1580,667.8,7.8,3000,田,—,,不明,接道・区分情報なし、詳細/役場で要確認,,2026-07-04,,https://tokaiyajima.com/fudo/10434?bk=os2&shu=&mid=&nor=,不適合
東海ヤジマ 伊豆の物件一覧（土地・戸建）,伊東市,更地,土地カテゴリ（建物表記なし）,静岡県伊東市広野四丁目4-2　小林電気工業　伊東支店ビル,1650,,,3000,—,—,,不明,接道・区分情報なし、詳細/役場で要確認,,2026-07-21,,https://tokaiyajima.com/fudo/11321?bk=os2&shu=&mid=&nor=,数値不明
東海ヤジマ 伊豆の物件一覧（土地・戸建）,伊豆市,更地,土地カテゴリ（建物表記なし）,静岡県伊豆市土肥3492番地22,1680,,,3000,—,—,,不明,接道・区分情報なし、詳細/役場で要確認,,2026-07-27,,https://tokaiyajima.com/fudo/8275?bk=os2&shu=&mid=&nor=,数値不明
東海ヤジマ 伊豆の物件一覧（土地・戸建）,下田市,中古戸建,中古戸建/住宅カテゴリ,静岡県下田市立野字中之瀬207番地1,1680,681.0,8.2,3000,田,—,,不明,接道・区分情報なし。建物ありだが現行法での再建築可否は役場で要確認,,2026-07-04,,https://tokaiyajima.com/fudo/10452?bk=os2&shu=&mid=&nor=,不適合
東海ヤジマ 伊豆の物件一覧（土地・戸建）,下田市,更地,土地カテゴリ（建物表記なし）,静岡県下田市白浜字先山2637番19他,1684,428.2,13.0,3000,田,—,,不明,接道・区分情報なし、詳細/役場で要確認,,2026-07-04,,https://tokaiyajima.com/fudo/3644?bk=os2&shu=&mid=&nor=,不適合
東海ヤジマ 伊豆の物件一覧（土地・戸建）,東伊豆町,更地,土地カテゴリ（建物表記なし）,静岡県賀茂郡東伊豆町白田322番地10　他,1860,,,3000,田,—,,不明,接道・区分情報なし、詳細/役場で要確認,,2026-07-07,,https://tokaiyajima.com/fudo/11174?bk=os2&shu=&mid=&nor=,数値不明
東海ヤジマ 伊豆の物件一覧（土地・戸建）,下田市,更地,土地カテゴリ（建物表記なし）,静岡県下田市５丁目　下田市５丁目【土地・山林】,1980,4222.9,1.5,3000,田,—,,不明,接道・区分情報なし、詳細/役場で要確認,,2026-07-04,,https://tokaiyajima.com/fudo/976?bk=os2&shu=&mid=&nor=,適合
東海ヤジマ 伊豆の物件一覧（土地・戸建）,下田市,更地,土地カテゴリ（建物表記なし）,静岡県下田市吉佐美２３２５-１他,1980,3676.2,1.8,3000,田,—,,不明,接道・区分情報なし、詳細/役場で要確認,,2026-07-04,注意:温泉,https://tokaiyajima.com/fudo/1003?bk=os2&shu=&mid=&nor=,適合
東海ヤジマ 伊豆の物件一覧（土地・戸建）,下田市,更地,土地カテゴリ（建物表記なし）,静岡県下田市東中3番２,2005,368.2,18.0,3000,田,—,,不明,接道・区分情報なし、詳細/役場で要確認,,2026-07-04,,https://tokaiyajima.com/fudo/2784?bk=os2&shu=&mid=&nor=,不適合
東海ヤジマ 伊豆の物件一覧（土地・戸建）,熱海市,更地,土地カテゴリ（建物表記なし）,静岡県熱海市上多賀字横山1087、1088,2500,2964.1,2.8,3000,—,—,,不明,接道・区分情報なし、詳細/役場で要確認,,2026-07-04,,https://tokaiyajima.com/fudo/10128?bk=os2&shu=&mid=&nor=,適合
東海ヤジマ 伊豆の物件一覧（土地・戸建）,下田市,中古戸建,中古戸建/住宅カテゴリ,"静岡県下田市吉佐美1448-9,1449-2",2700,,,3000,田,—,,不明,接道・区分情報なし。建物ありだが現行法での再建築可否は役場で要確認,,2026-07-04,,https://tokaiyajima.com/fudo/9755?bk=os2&shu=&mid=&nor=,数値不明
東海ヤジマ 伊豆の物件一覧（土地・戸建）,下田市,更地,土地カテゴリ（建物表記なし）,静岡県下田市田牛682-4　リゾート129 葛石が浜パートV,2700,,,3000,田,—,,不明,接道・区分情報なし、詳細/役場で要確認,,2026-07-04,注意:管理費,https://tokaiyajima.com/fudo/9763?bk=os2&shu=&mid=&nor=,数値不明
東海ヤジマ 伊豆の物件一覧（土地・戸建）,南伊豆町,中古戸建,中古戸建/住宅カテゴリ,静岡県賀茂郡南伊豆町一條字水平1063他,,21980.1,,3000,田,—,,不明,接道・区分情報なし。建物ありだが現行法での再建築可否は役場で要確認,,2026-07-04,,https://tokaiyajima.com/fudo/9668?bk=os2&shu=&mid=&nor=,数値不明
東海ヤジマ 伊豆の物件一覧（土地・戸建）,下田市,更地,土地カテゴリ（建物表記なし）,静岡県下田市大賀茂字道下り1035-8　ホテル森のしずく,3800,,,3000,田,—,,不明,接道・区分情報なし、詳細/役場で要確認,,2026-07-04,,https://tokaiyajima.com/fudo/2463?bk=os2&shu=&mid=&nor=,数値不明
東海ヤジマ 伊豆の物件一覧（土地・戸建）,下田市,更地,土地カテゴリ（建物表記なし）,静岡県下田市吉佐美字多々戸45番2,3950,554.8,23.5,3000,田,—,,不明,接道・区分情報なし、詳細/役場で要確認,,2026-07-04,,https://tokaiyajima.com/fudo/5126?bk=os2&shu=&mid=&nor=,不適合
東海ヤジマ 伊豆の物件一覧（土地・戸建）,南伊豆町,中古戸建,中古戸建/住宅カテゴリ,静岡県賀茂郡南伊豆町湊480番地,3980,476.0,27.6,3000,田,—,,不明,接道・区分情報なし。建物ありだが現行法での再建築可否は役場で要確認,,2026-07-04,,https://tokaiyajima.com/fudo/11149?bk=os2&shu=&mid=&nor=,不適合
東海ヤジマ 伊豆の物件一覧（土地・戸建）,下田市,更地,土地カテゴリ（建物表記なし）,静岡県下田市須崎字釜ノ上1724番1　他1筆,4330,7964.2,1.8,3000,田,—,,不明,接道・区分情報なし、詳細/役場で要確認,,2026-07-04,,https://tokaiyajima.com/fudo/8829?bk=os2&shu=&mid=&nor=,不適合
東海ヤジマ 伊豆の物件一覧（土地・戸建）,西伊豆町,更地,土地カテゴリ（建物表記なし）,静岡県賀茂郡西伊豆町宇久須字向深田3564番地8,5480,,,3000,田,—,,不明,接道・区分情報なし、詳細/役場で要確認,,2026-08-24,,https://tokaiyajima.com/fudo/7713?bk=os2&shu=&mid=&nor=,数値不明
東海ヤジマ 伊豆の物件一覧（土地・戸建）,下田市,更地,土地カテゴリ（建物表記なし）,静岡県下田市白浜字三保ヶ﨑2754番41他1筆,5500,,,3000,田,—,,不明,接道・区分情報なし、詳細/役場で要確認,,2026-07-04,,https://tokaiyajima.com/fudo/9403?bk=os2&shu=&mid=&nor=,数値不明
東海ヤジマ 伊豆の物件一覧（土地・戸建）,下田市,更地,土地カテゴリ（建物表記なし）,静岡県下田市西本郷1-3-7　エスパーダ西本郷,6000,,,3000,田,—,,不明,接道・区分情報なし、詳細/役場で要確認,,2026-07-04,,https://tokaiyajima.com/fudo/6546?bk=os2&shu=&mid=&nor=,数値不明
東海ヤジマ 伊豆の物件一覧（土地・戸建）,下田市,更地,土地カテゴリ（建物表記なし）,静岡県下田市白浜字浜409-1　漁師料理 ゑび満,6300,,,3000,田,—,,不明,接道・区分情報なし、詳細/役場で要確認,,2026-07-04,,https://tokaiyajima.com/fudo/6039?bk=os2&shu=&mid=&nor=,数値不明
東海ヤジマ 伊豆の物件一覧（土地・戸建）,下田市,更地,土地カテゴリ（建物表記なし）,静岡県下田市東中11-8　エスパーダ下田,7800,,,3000,田,—,,不明,接道・区分情報なし、詳細/役場で要確認,,2026-07-04,,https://tokaiyajima.com/fudo/6568?bk=os2&shu=&mid=&nor=,数値不明
東海ヤジマ 伊豆の物件一覧（土地・戸建）,下田市,更地,土地カテゴリ（建物表記なし）,静岡県下田市須崎字越瀬1634-1,7900,,,3000,田,—,,不明,接道・区分情報なし、詳細/役場で要確認,,2026-07-04,,https://tokaiyajima.com/fudo/6008?bk=os2&shu=&mid=&nor=,数値不明
東海ヤジマ 伊豆の物件一覧（土地・戸建）,下田市,更地,土地カテゴリ（建物表記なし）,静岡県下田市柿崎字矢合1092番地2他,7980,,,3000,田,—,,不明,接道・区分情報なし、詳細/役場で要確認,,2026-07-04,,https://tokaiyajima.com/fudo/8642?bk=os2&shu=&mid=&nor=,数値不明
東海ヤジマ 伊豆の物件一覧（土地・戸建）,下田市,更地,土地カテゴリ（建物表記なし）,静岡県下田市柿崎25-36　ピニエール下田,,,,3000,田,—,,不明,接道・区分情報なし、詳細/役場で要確認,,2026-07-04,,https://tokaiyajima.com/fudo/6491?bk=os2&shu=&mid=&nor=,数値不明
東海ヤジマ 伊豆の物件一覧（土地・戸建）,南伊豆町,更地,土地カテゴリ（建物表記なし）,静岡県賀茂郡南伊豆町青市字折尾根下ノ久保1082番地1　エスパーダ青市,,,,3000,田,—,,不明,接道・区分情報なし、詳細/役場で要確認,,2026-07-04,,https://tokaiyajima.com/fudo/6554?bk=os2&shu=&mid=&nor=,数値不明
東海ヤジマ 伊豆の物件一覧（土地・戸建）,南伊豆町,更地,土地カテゴリ（建物表記なし）,静岡県賀茂郡南伊豆町石廊崎150,,,,3000,田,—,,不明,接道・区分情報なし、詳細/役場で要確認,,2026-07-04,,https://tokaiyajima.com/fudo/7397?bk=os2&shu=&mid=&nor=,数値不明
東海ヤジマ 伊豆の物件一覧（土地・戸建）,下田市,更地,土地カテゴリ（建物表記なし）,静岡県下田市5丁目,,42763.6,,3000,宅地,—,,不明,接道・区分情報なし、詳細/役場で要確認,,2026-07-04,,https://tokaiyajima.com/fudo/1241?bk=os2&shu=&mid=&nor=,数値不明
東海ヤジマ 伊豆の物件一覧（土地・戸建）,下田市,更地,土地カテゴリ（建物表記なし）,静岡県下田市吉佐美字前磯697他,,,,3000,田,—,,不明,接道・区分情報なし、詳細/役場で要確認,,2026-07-04,注意:温泉,https://tokaiyajima.com/fudo/9855?bk=os2&shu=&mid=&nor=,数値不明
東海ヤジマ 伊豆の物件一覧（土地・戸建）,熱海市,中古戸建,中古戸建/住宅カテゴリ,静岡県熱海市網代547-21,,,,3000,—,—,,不明,接道・区分情報なし。建物ありだが現行法での再建築可否は役場で要確認,,2026-07-04,,https://tokaiyajima.com/fudo/8507?bk=os2&shu=&mid=&nor=,数値不明
田舎暮らし物件.com（いなかも家探し） 伊豆エリア,伊東市,更地,土地カテゴリ（建物表記なし）,伊東市 富戸,4500,,,3000,—,—,,不明,接道・区分情報なし、詳細/役場で要確認,,2026-07-04,注意:温泉,https://resort-bukken.com/detail/4803,数値不明
田舎暮らし物件.com（いなかも家探し） 伊豆エリア,東伊豆町,更地,土地カテゴリ（建物表記なし）,賀茂郡東伊豆町 白田,51,,,3000,田,—,,不明,接道・区分情報なし、詳細/役場で要確認,,2026-07-04,,https://resort-bukken.com/detail/4494,数値不明
田舎暮らし物件.com（いなかも家探し） 伊豆エリア,東伊豆町,更地,土地カテゴリ（建物表記なし）,賀茂郡東伊豆町 白田,95,,,3000,田,—,,不明,接道・区分情報なし、詳細/役場で要確認,,2026-07-04,注意:別荘地/温泉,https://resort-bukken.com/detail/4493,数値不明
田舎暮らし物件.com（いなかも家探し） 伊豆エリア,伊東市,更地,土地カテゴリ（建物表記なし）,伊東市 富戸,60,,,3000,—,—,,不明,接道・区分情報なし、詳細/役場で要確認,,2026-07-04,注意:別荘地,https://resort-bukken.com/detail/5033,数値不明
田舎暮らし物件.com（いなかも家探し） 伊豆エリア,伊豆の国市,中古戸建,中古戸建/住宅カテゴリ,伊豆の国市 三福,3650,,,3000,—,—,,不明,接道・区分情報なし。建物ありだが現行法での再建築可否は役場で要確認,,2026-07-04,注意:温泉,https://resort-bukken.com/detail/4808,数値不明
田舎暮らし物件.com（いなかも家探し） 伊豆エリア,伊豆の国市,更地,土地カテゴリ（建物表記なし）,伊豆の国市 韮山山木,250,,,3000,—,—,,不明,接道・区分情報なし、詳細/役場で要確認,,2026-08-20,注意:別荘地/温泉 NG:富士見ニュータウン,https://resort-bukken.com/detail/4769,数値不明
田舎暮らし物件.com（いなかも家探し） 伊豆エリア,東伊豆町,更地,土地カテゴリ（建物表記なし）,賀茂郡東伊豆町 大川,1350,,,3000,—,—,,不明,接道・区分情報なし、詳細/役場で要確認,,2026-07-04,,https://resort-bukken.com/detail/2998,数値不明
田舎暮らし物件.com（いなかも家探し） 伊豆エリア,伊東市,更地,土地カテゴリ（建物表記なし）,伊東市 赤沢,150,,,3000,—,—,,不明,接道・区分情報なし、詳細/役場で要確認,,2026-07-04,注意:別荘地/温泉,https://resort-bukken.com/detail/2711,数値不明
田舎暮らし物件.com（いなかも家探し） 伊豆エリア,伊東市,更地,土地カテゴリ（建物表記なし）,伊東市 八幡野,180,,,3000,—,—,,不明,接道・区分情報なし、詳細/役場で要確認,,2026-08-29,注意:温泉,https://resort-bukken.com/detail/1226,数値不明
田舎暮らし物件.com（いなかも家探し） 伊豆エリア,伊東市,中古戸建,中古戸建/住宅カテゴリ,伊東市 八幡野,1780,,,3000,—,—,,不明,接道・区分情報なし。建物ありだが現行法での再建築可否は役場で要確認,,2026-08-29,注意:温泉,https://resort-bukken.com/detail/5151,数値不明
田舎暮らし物件.com（いなかも家探し） 伊豆エリア,伊東市,更地,土地カテゴリ（建物表記なし）,伊東市 池,2800,,,3000,—,—,,不明,接道・区分情報なし、詳細/役場で要確認,,2026-08-10,注意:別荘地/温泉,https://resort-bukken.com/detail/5110,数値不明
田舎暮らし物件.com（いなかも家探し） 伊豆エリア,伊東市,中古戸建,中古戸建/住宅カテゴリ,伊東市 八幡野,6480,,,3000,—,—,,不明,接道・区分情報なし。建物ありだが現行法での再建築可否は役場で要確認,,2026-08-05,,https://resort-bukken.com/detail/5095,数値不明
田舎暮らし物件.com（いなかも家探し） 伊豆エリア,伊東市,中古戸建,中古戸建/住宅カテゴリ,伊東市 吉田,4980,,,3000,田,—,,不明,接道・区分情報なし。建物ありだが現行法での再建築可否は役場で要確認,,2026-07-04,,https://resort-bukken.com/detail/4933,数値不明
田舎暮らし物件.com（いなかも家探し） 伊豆エリア,伊東市,中古戸建,中古戸建/住宅カテゴリ,伊東市 富戸,1580,,,3000,—,—,,不明,接道・区分情報なし。建物ありだが現行法での再建築可否は役場で要確認,,2026-07-04,注意:別荘地,https://resort-bukken.com/detail/4922,数値不明
田舎暮らし物件.com（いなかも家探し） 伊豆エリア,伊東市,中古戸建,中古戸建/住宅カテゴリ,伊東市 富戸,2480,,,3000,—,—,,不明,接道・区分情報なし。建物ありだが現行法での再建築可否は役場で要確認,,2026-07-04,,https://resort-bukken.com/detail/4904,数値不明
田舎暮らし物件.com（いなかも家探し） 伊豆エリア,伊東市,中古戸建,中古戸建/住宅カテゴリ,伊東市 大室高原,2300,,,3000,—,—,,不明,接道・区分情報なし。建物ありだが現行法での再建築可否は役場で要確認,,2026-07-04,注意:別荘地,https://resort-bukken.com/detail/4873,数値不明
田舎暮らし物件.com（いなかも家探し） 伊豆エリア,伊東市,中古戸建,中古戸建/住宅カテゴリ,伊東市 大室高原,2300,,,3000,—,—,,不明,接道・区分情報なし。建物ありだが現行法での再建築可否は役場で要確認,,2026-07-04,注意:温泉,https://resort-bukken.com/detail/4853,数値不明
田舎暮らし物件.com（いなかも家探し） 伊豆エリア,伊東市,中古戸建,中古戸建/住宅カテゴリ,伊東市 赤沢,980,,,3000,—,—,,不明,接道・区分情報なし。建物ありだが現行法での再建築可否は役場で要確認,,2026-07-05,注意:別荘地/温泉,https://resort-bukken.com/detail/4850,数値不明
田舎暮らし物件.com（いなかも家探し） 伊豆エリア,伊東市,更地,土地カテゴリ（建物表記なし）,伊東市 富戸,1300,,,3000,—,—,,不明,接道・区分情報なし、詳細/役場で要確認,,2026-07-04,注意:温泉,https://resort-bukken.com/detail/4827,数値不明
田舎暮らし物件.com（いなかも家探し） 伊豆エリア,伊東市,中古戸建,中古戸建/住宅カテゴリ,伊東市 八幡野,14800,,,3000,—,—,,不明,接道・区分情報なし。建物ありだが現行法での再建築可否は役場で要確認,,2026-07-04,注意:温泉,https://resort-bukken.com/detail/4825,数値不明
田舎暮らし物件.com（いなかも家探し） 伊豆エリア,伊東市,中古戸建,中古戸建/住宅カテゴリ,伊東市 富戸,7800,,,3000,—,—,,不明,接道・区分情報なし。建物ありだが現行法での再建築可否は役場で要確認,,2026-07-04,注意:温泉,https://resort-bukken.com/detail/4821,数値不明
田舎暮らし物件.com（いなかも家探し） 伊豆エリア,伊東市,中古戸建,中古戸建/住宅カテゴリ,伊東市 吉田,5300,,,3000,田,—,,不明,接道・区分情報なし。建物ありだが現行法での再建築可否は役場で要確認,,2026-07-04,,https://resort-bukken.com/detail/4809,数値不明
田舎暮らし物件.com（いなかも家探し） 伊豆エリア,伊東市,中古戸建,中古戸建/住宅カテゴリ,伊東市 赤沢,3980,,,3000,—,—,,不明,接道・区分情報なし。建物ありだが現行法での再建築可否は役場で要確認,,2026-07-04,注意:温泉,https://resort-bukken.com/detail/4778,数値不明
田舎暮らし物件.com（いなかも家探し） 伊豆エリア,伊東市,中古戸建,中古戸建/住宅カテゴリ,伊東市 大室高原,4100,,,3000,—,—,,不明,接道・区分情報なし。建物ありだが現行法での再建築可否は役場で要確認,,2026-07-04,注意:温泉,https://resort-bukken.com/detail/4777,数値不明
田舎暮らし物件.com（いなかも家探し） 伊豆エリア,伊東市,中古戸建,中古戸建/住宅カテゴリ,伊東市 池,7000,,,3000,—,—,,不明,接道・区分情報なし。建物ありだが現行法での再建築可否は役場で要確認,,2026-07-11,注意:別荘地/温泉,https://resort-bukken.com/detail/4766,数値不明
田舎暮らし物件.com（いなかも家探し） 伊豆エリア,伊東市,中古戸建,中古戸建/住宅カテゴリ,伊東市 大室高原,2380,,,3000,—,—,,不明,接道・区分情報なし。建物ありだが現行法での再建築可否は役場で要確認,,2026-08-28,注意:別荘地/温泉,https://resort-bukken.com/detail/4765,数値不明
田舎暮らし物件.com（いなかも家探し） 伊豆エリア,伊東市,中古戸建,中古戸建/住宅カテゴリ,伊東市 大室高原,985,,,3000,—,—,,不明,接道・区分情報なし。建物ありだが現行法での再建築可否は役場で要確認,,2026-08-28,注意:別荘地,https://resort-bukken.com/detail/4764,数値不明
田舎暮らし物件.com（いなかも家探し） 伊豆エリア,伊東市,中古戸建,中古戸建/住宅カテゴリ,伊東市 富戸,7000,,,3000,—,—,,不明,接道・区分情報なし。建物ありだが現行法での再建築可否は役場で要確認,,2026-08-28,注意:別荘地/温泉,https://resort-bukken.com/detail/4759,数値不明
田舎暮らし物件.com（いなかも家探し） 伊豆エリア,伊東市,中古戸建,中古戸建/住宅カテゴリ,伊東市 池,2580,,,3000,田,—,,不明,接道・区分情報なし。建物ありだが現行法での再建築可否は役場で要確認,,2026-08-28,注意:別荘地,https://resort-bukken.com/detail/4753,数値不明
田舎暮らし物件.com（いなかも家探し） 伊豆エリア,伊東市,中古戸建,中古戸建/住宅カテゴリ,伊東市 十足,980,,,3000,—,—,,不明,接道・区分情報なし。建物ありだが現行法での再建築可否は役場で要確認,,2026-08-28,,https://resort-bukken.com/detail/4735,数値不明
田舎暮らし物件.com（いなかも家探し） 伊豆エリア,伊東市,中古戸建,中古戸建/住宅カテゴリ,伊東市 宇佐美,1300,,,3000,—,—,,不明,接道・区分情報なし。建物ありだが現行法での再建築可否は役場で要確認,,2026-08-28,注意:別荘地,https://resort-bukken.com/detail/4734,数値不明
田舎暮らし物件.com（いなかも家探し） 伊豆エリア,伊東市,中古戸建,中古戸建/住宅カテゴリ,伊東市 赤沢,2980,,,3000,—,—,,不明,接道・区分情報なし。建物ありだが現行法での再建築可否は役場で要確認,,2026-08-28,注意:別荘地/温泉,https://resort-bukken.com/detail/4732,数値不明
田舎暮らし物件.com（いなかも家探し） 伊豆エリア,伊東市,中古戸建,中古戸建/住宅カテゴリ,伊東市 宇佐美,650,,,3000,—,—,,不明,接道・区分情報なし。建物ありだが現行法での再建築可否は役場で要確認,,2026-08-28,注意:別荘地/温泉,https://resort-bukken.com/detail/4730,数値不明
田舎暮らし物件.com（いなかも家探し） 伊豆エリア,伊東市,更地,土地カテゴリ（建物表記なし）,伊東市 富戸,3980,,,3000,—,—,,不明,接道・区分情報なし、詳細/役場で要確認,,2026-08-28,,https://resort-bukken.com/detail/4716,数値不明
田舎暮らし物件.com（いなかも家探し） 伊豆エリア,伊東市,中古戸建,中古戸建/住宅カテゴリ,伊東市 八幡野,7990,,,3000,—,—,,不明,接道・区分情報なし。建物ありだが現行法での再建築可否は役場で要確認,,2026-08-28,注意:温泉,https://resort-bukken.com/detail/4623,数値不明
田舎暮らし物件.com（いなかも家探し） 伊豆エリア,伊東市,中古戸建,中古戸建/住宅カテゴリ,伊東市 富戸,6800,,,3000,—,—,,不明,接道・区分情報なし。建物ありだが現行法での再建築可否は役場で要確認,,2026-08-28,注意:別荘地/温泉,https://resort-bukken.com/detail/4421,数値不明
田舎暮らし物件.com（いなかも家探し） 伊豆エリア,伊豆市,更地,土地カテゴリ（建物表記なし）,伊豆市 矢熊,280,,,3000,—,—,,不明,接道・区分情報なし、詳細/役場で要確認,,2026-08-28,,https://resort-bukken.com/detail/3569,数値不明
田舎暮らし物件.com（いなかも家探し） 伊豆エリア,伊東市,更地,土地カテゴリ（建物表記なし）,伊東市 吉田,1000,,,3000,田,—,,不明,接道・区分情報なし、詳細/役場で要確認,,2026-08-28,,https://resort-bukken.com/detail/3490,数値不明
田舎暮らし物件.com（いなかも家探し） 伊豆エリア,伊豆市,更地,土地カテゴリ（建物表記なし）,伊豆市 上白岩,,,,3000,—,—,,不明,接道・区分情報なし、詳細/役場で要確認,,2026-08-28,注意:別荘地,https://resort-bukken.com/detail/2645,数値不明
田舎暮らし物件.com（いなかも家探し） 伊豆エリア,伊東市,中古戸建,中古戸建/住宅カテゴリ,伊東市 宇佐美,1500,,,3000,田,—,,不明,接道・区分情報なし。建物ありだが現行法での再建築可否は役場で要確認,,2026-08-28,注意:温泉,https://resort-bukken.com/detail/2297,数値不明
田舎暮らし物件.com（いなかも家探し） 伊豆エリア,東伊豆町,更地,土地カテゴリ（建物表記なし）,賀茂郡東伊豆町 白田,4500,,,3000,田,—,,不明,接道・区分情報なし、詳細/役場で要確認,,2026-08-28,,https://resort-bukken.com/detail/1944,数値不明
田舎暮らし物件.com（いなかも家探し） 伊豆エリア,伊東市,中古戸建,中古戸建/住宅カテゴリ,伊東市 宇佐美,,,,3000,田,—,,不明,接道・区分情報なし。建物ありだが現行法での再建築可否は役場で要確認,,2026-08-28,,https://resort-bukken.com/detail/1809,数値不明
田舎暮らし物件.com（いなかも家探し） 伊豆エリア,伊東市,中古戸建,中古戸建/住宅カテゴリ,伊東市 八幡野,2950,,,3000,田,—,,不明,接道・区分情報なし。建物ありだが現行法での再建築可否は役場で要確認,,2026-08-28,,https://resort-bukken.com/detail/1010,数値不明
田舎暮らし物件.com（いなかも家探し） 伊豆エリア,伊豆市,更地,土地カテゴリ（建物表記なし）,伊豆市 堀切,2380,,,3000,—,—,,不明,接道・区分情報なし、詳細/役場で要確認,,2026-08-28,注意:温泉,https://resort-bukken.com/detail/728,数値不明
ふるさと情報館 静岡県,伊東市,更地,土地カテゴリ（建物表記なし）,静岡県 伊東市,880,281.0,10.4,3000,—,—,,不明,接道・区分情報なし、詳細/役場で要確認,,2026-08-05,注意:温泉,https://furusato-net.co.jp/bukken/18397a,不適合
ふるさと情報館 静岡県,伊東市,更地,土地カテゴリ（建物表記なし）,静岡県 伊東市,2780,510.1,18.0,3000,—,—,,不明,接道・区分情報なし、詳細/役場で要確認,,2026-07-12,注意:温泉,https://furusato-net.co.jp/bukken/18396a,不適合
ふるさと情報館 静岡県,南伊豆町,更地,土地カテゴリ（建物表記なし）,静岡県 南伊豆町,,501.8,,3000,—,—,,不明,接道・区分情報なし、詳細/役場で要確認,,2026-07-12,,https://furusato-net.co.jp/bukken/18277a,数値不明
CHINTAI 伊豆の国市,伊豆の国市,賃貸マンション,賃貸カテゴリ（掲載種別）,静岡県伊豆の国市古奈,4.6,59.0,,5,—,—,,—,賃貸のため対象外,,2026-08-24,,https://www.chintai.net/detail/bk-C030002320000000000023410005/,適合
CHINTAI 伊豆の国市,伊豆の国市,賃貸マンション,賃貸カテゴリ（掲載種別）,静岡県伊豆の国市南條,4.4,37.3,,5,—,—,,—,賃貸のため対象外,,2026-08-22,,https://www.chintai.net/detail/bk-C030002320000000000037250003/,適合
CHINTAI 伊豆の国市,伊豆の国市,賃貸アパート,賃貸カテゴリ（掲載種別）,静岡県伊豆の国市南條,4.1,33.5,,5,—,—,,—,賃貸のため対象外,,2026-07-25,関心:ペット可,https://www.chintai.net/detail/bk-C030007870000000001024500005/,適合
CHINTAI 伊豆の国市,伊豆の国市,賃貸アパート,賃貸カテゴリ（掲載種別）,静岡県伊豆の国市南條,4.1,33.5,,5,—,—,,—,賃貸のため対象外,,2026-07-25,,https://www.chintai.net/detail/bk-C030007870000000001024500006/,適合
CHINTAI 伊豆の国市,伊豆の国市,賃貸アパート,賃貸カテゴリ（掲載種別）,静岡県伊豆の国市四日町,5.0,42.8,,5,—,—,,—,賃貸のため対象外,,2026-08-09,,https://www.chintai.net/detail/bk-C030007870000000001060320003/,適合
CHINTAI 伊豆の国市,伊豆の国市,賃貸アパート,賃貸カテゴリ（掲載種別）,静岡県伊豆の国市三福,6.0,54.6,,5,—,—,,—,賃貸のため対象外,,2026-08-09,,https://www.chintai.net/detail/bk-C030007870000000001060310005/,不適合
CHINTAI 伊豆の国市,伊豆の国市,賃貸アパート,賃貸カテゴリ（掲載種別）,静岡県伊豆の国市長岡,4.0,36.4,,5,—,—,,—,賃貸のため対象外,,2026-07-25,,https://www.chintai.net/detail/bk-C030007870000000001092940001/,適合
CHINTAI 伊豆の国市,伊豆の国市,賃貸アパート,賃貸カテゴリ（掲載種別）,静岡県伊豆の国市四日町,4.9,40.0,,5,—,—,,—,賃貸のため対象外,,2026-07-25,,https://www.chintai.net/detail/bk-C030007870000000001092970001/,適合
CHINTAI 伊豆の国市,伊豆の国市,賃貸戸建,賃貸カテゴリ（掲載種別）,静岡県伊豆の国市寺家,12.2,86.1,,5,—,—,,—,賃貸のため対象外,,2026-07-27,関心:戸建,https://www.chintai.net/detail/bk-C030010620000000005032380504/,不適合
CHINTAI 伊豆の国市,伊豆の国市,賃貸マンション,賃貸カテゴリ（掲載種別）,静岡県伊豆の国市長岡,6.3,27.9,,5,—,—,,—,賃貸のため対象外,,2026-07-25,,https://www.chintai.net/detail/bk-C030007870000000001083180020/,不適合
CHINTAI 伊豆の国市,伊豆の国市,賃貸アパート,賃貸カテゴリ（掲載種別）,静岡県伊豆の国市四日町,4.4,38.8,,5,—,—,,—,賃貸のため対象外,,2026-07-25,,https://www.chintai.net/detail/bk-C030007870000000001060260005/,適合
CHINTAI 伊豆の国市,伊豆の国市,賃貸アパート,賃貸カテゴリ（掲載種別）,静岡県伊豆の国市四日町,4.3,38.8,,5,—,—,,—,賃貸のため対象外,,2026-07-25,,https://www.chintai.net/detail/bk-C030007870000000001060260004/,適合
CHINTAI 伊豆の国市,伊豆の国市,賃貸マンション,賃貸カテゴリ（掲載種別）,静岡県伊豆の国市原木,6.2,63.2,,5,—,—,,—,賃貸のため対象外,,2026-07-25,,https://www.chintai.net/detail/bk-C030010620000000005042840004/,不適合
CHINTAI 伊豆の国市,伊豆の国市,賃貸アパート,賃貸カテゴリ（掲載種別）,静岡県伊豆の国市四日町,5.7,35.3,,5,—,—,,—,賃貸のため対象外,,2026-07-25,,https://www.chintai.net/detail/bk-C030007870000000001066080002/,不適合
CHINTAI 伊豆の国市,伊豆の国市,賃貸アパート,賃貸カテゴリ（掲載種別）,静岡県伊豆の国市原木,4.7,61.2,,5,—,—,,—,賃貸のため対象外,,2026-07-25,,https://www.chintai.net/detail/bk-C030007870000000001086580003/,適合
CHINTAI 伊豆の国市,伊豆の国市,賃貸アパート,賃貸カテゴリ（掲載種別）,静岡県伊豆の国市原木,5.2,61.2,,5,—,—,,—,賃貸のため対象外,,2026-07-25,,https://www.chintai.net/detail/bk-C030007870000000001086580002/,不適合
CHINTAI 伊豆の国市,伊豆の国市,賃貸アパート,賃貸カテゴリ（掲載種別）,静岡県伊豆の国市原木,4.9,61.2,,5,—,—,,—,賃貸のため対象外,,2026-07-25,,https://www.chintai.net/detail/bk-C030007870000000001086580001/,適合
CHINTAI 伊豆の国市,伊豆の国市,賃貸マンション,賃貸カテゴリ（掲載種別）,静岡県伊豆の国市寺家,6.9,62.8,,5,—,—,,—,賃貸のため対象外,,2026-07-25,,https://www.chintai.net/detail/bk-C030010620000000005029090999/,不適合
CHINTAI 伊豆の国市,伊豆の国市,賃貸アパート,賃貸カテゴリ（掲載種別）,静岡県伊豆の国市南條,4.9,64.8,,5,—,—,,—,賃貸のため対象外,,2026-07-25,,https://www.chintai.net/detail/bk-C030002320000000000032620002/,適合
CHINTAI 伊豆の国市,伊豆の国市,賃貸アパート,賃貸カテゴリ（掲載種別）,静岡県伊豆の国市吉田,5.5,56.7,,5,—,—,,—,賃貸のため対象外,,2026-07-25,,https://www.chintai.net/detail/bk-C030002320000000000029930003/,不適合
CHINTAI 伊豆の国市,伊豆の国市,賃貸アパート,賃貸カテゴリ（掲載種別）,静岡県伊豆の国市原木,5.1,29.8,,5,—,—,,—,賃貸のため対象外,,2026-07-25,,https://www.chintai.net/detail/bk-C030002320000000000037390002/,不適合
CHINTAI 伊豆の国市,伊豆の国市,賃貸アパート,賃貸カテゴリ（掲載種別）,静岡県伊豆の国市原木,4.5,29.8,,5,—,—,,—,賃貸のため対象外,,2026-07-25,,https://www.chintai.net/detail/bk-C030002320000000000037390001/,適合
スマイミー静岡 賃貸 熱海市,熱海市,賃貸その他,賃貸カテゴリ（掲載種別）,熱海市昭和町15-5,15.0,63.0,,5,—,—,,—,賃貸のため対象外,,2026-08-29,注意:店舗,https://www.shizuoka.fudohsan.jp/%E7%89%A9%E4%BB%B6/160011,不適合
スマイミー静岡 賃貸 熱海市,熱海市,賃貸アパート,賃貸カテゴリ（掲載種別）,熱海市桜町11-43,6.8,72.6,,5,—,—,,—,賃貸のため対象外,,2026-08-28,,https://www.shizuoka.fudohsan.jp/%E7%89%A9%E4%BB%B6/145091,不適合
スマイミー静岡 賃貸 熱海市,熱海市,賃貸その他,賃貸カテゴリ（掲載種別）,熱海市中央町3－1,44.0,132.2,,5,—,—,,—,賃貸のため対象外,,2026-08-28,注意:店舗,https://www.shizuoka.fudohsan.jp/%E7%89%A9%E4%BB%B6/170090,不適合
スマイミー静岡 賃貸 熱海市,熱海市,賃貸マンション,賃貸カテゴリ（掲載種別）,熱海市昭和町5－33,4.6,20.3,,5,—,—,,—,賃貸のため対象外,,2026-08-28,,https://www.shizuoka.fudohsan.jp/%E7%89%A9%E4%BB%B6/167219,適合
スマイミー静岡 賃貸 熱海市,熱海市,賃貸マンション,賃貸カテゴリ（掲載種別）,熱海市昭和町15-5,8.5,60.4,,5,—,—,,—,賃貸のため対象外,,2026-08-28,,https://www.shizuoka.fudohsan.jp/%E7%89%A9%E4%BB%B6/160006,不適合
スマイミー静岡 賃貸 熱海市,熱海市,賃貸マンション,賃貸カテゴリ（掲載種別）,熱海市西熱海町１丁目5-23,15.0,86.0,,5,—,—,,—,賃貸のため対象外,,2026-08-28,,https://www.shizuoka.fudohsan.jp/%E7%89%A9%E4%BB%B6/169511,不適合
スマイミー静岡 賃貸 熱海市,熱海市,賃貸その他,賃貸カテゴリ（掲載種別）,熱海市田原本町2-7,49.5,75.4,,5,田,—,,—,賃貸のため対象外,,2026-08-27,注意:店舗,https://www.shizuoka.fudohsan.jp/%E7%89%A9%E4%BB%B6/162064,不適合
スマイミー静岡 賃貸 熱海市,熱海市,賃貸その他,賃貸カテゴリ（掲載種別）,熱海市水口町２丁目16-66,27.5,135.0,,5,—,—,,—,賃貸のため対象外,,2026-08-27,注意:店舗,https://www.shizuoka.fudohsan.jp/%E7%89%A9%E4%BB%B6/165442,不適合
スマイミー静岡 賃貸 熱海市,熱海市,賃貸その他,賃貸カテゴリ（掲載種別）,熱海市田原本町9-1,23.65,195.2,,5,田,—,,—,賃貸のため対象外,,2026-08-27,注意:事務所/店舗,https://www.shizuoka.fudohsan.jp/%E7%89%A9%E4%BB%B6/175195,不適合
スマイミー静岡 賃貸 熱海市,熱海市,賃貸マンション,賃貸カテゴリ（掲載種別）,熱海市田原本町2-7,12.0,41.3,,5,田,—,,—,賃貸のため対象外,,2026-08-27,関心:敷金無,https://www.shizuoka.fudohsan.jp/%E7%89%A9%E4%BB%B6/162097,不適合
スマイミー静岡 賃貸 熱海市,熱海市,賃貸その他,賃貸カテゴリ（掲載種別）,熱海市中央町14-20,10.0,65.0,,5,—,—,,—,賃貸のため対象外,,2026-08-27,,https://www.shizuoka.fudohsan.jp/%E7%89%A9%E4%BB%B6/163840,不適合
スマイミー静岡 賃貸 熱海市,熱海市,賃貸アパート,賃貸カテゴリ（掲載種別）,熱海市咲見町12-13,7.7,35.8,,5,—,—,,—,賃貸のため対象外,,2026-08-27,,https://www.shizuoka.fudohsan.jp/%E7%89%A9%E4%BB%B6/158664,不適合
スマイミー静岡 賃貸 熱海市,清水町,賃貸マンション,賃貸カテゴリ（掲載種別）,熱海市清水町9-15,7.4,61.0,,5,—,—,,—,賃貸のため対象外,,2026-08-27,,https://www.shizuoka.fudohsan.jp/%E7%89%A9%E4%BB%B6/159735,不適合
スマイミー静岡 賃貸 熱海市,熱海市,駐車場,賃貸カテゴリ（掲載種別）,熱海市咲見町4-40,2.2,,,5,—,—,,—,賃貸のため対象外,,2026-08-27,関心:礼金無,https://www.shizuoka.fudohsan.jp/%E7%89%A9%E4%BB%B6/165459,適合
スマイミー静岡 賃貸 熱海市,熱海市,賃貸マンション,賃貸カテゴリ（掲載種別）,熱海市上宿町,8.0,31.0,,5,—,—,,—,賃貸のため対象外,,2026-08-25,,https://www.shizuoka.fudohsan.jp/%E7%89%A9%E4%BB%B6/175128,不適合
スマイミー静岡 賃貸 熱海市,清水町,賃貸マンション,賃貸カテゴリ（掲載種別）,熱海市清水町,6.5,35.0,,5,—,—,,—,賃貸のため対象外,,2026-08-25,,https://www.shizuoka.fudohsan.jp/%E7%89%A9%E4%BB%B6/120989,不適合
スマイミー静岡 賃貸 熱海市,熱海市,賃貸アパート,賃貸カテゴリ（掲載種別）,熱海市上多賀461-1,5.9,52.8,,5,田,—,,—,賃貸のため対象外,,2026-08-24,関心:敷金無,https://www.shizuoka.fudohsan.jp/%E7%89%A9%E4%BB%B6/161142,不適合
スマイミー静岡 賃貸 熱海市,熱海市,賃貸その他,賃貸カテゴリ（掲載種別）,熱海市中央町,15.0,70.0,,5,—,—,,—,賃貸のため対象外,,2026-08-23,関心:礼金無 注意:事務所/店舗,https://www.shizuoka.fudohsan.jp/%E7%89%A9%E4%BB%B6/114400,不適合
スマイミー静岡 賃貸 熱海市,熱海市,賃貸その他,賃貸カテゴリ（掲載種別）,熱海市中央町4－19,25.0,85.0,,5,—,—,,—,賃貸のため対象外,,2026-08-23,関心:礼金無 注意:店舗,https://www.shizuoka.fudohsan.jp/%E7%89%A9%E4%BB%B6/156610,不適合
スマイミー静岡 賃貸 熱海市,熱海市,賃貸アパート,賃貸カテゴリ（掲載種別）,熱海市上宿町,4.8,22.0,,5,—,—,,—,賃貸のため対象外,,2026-08-23,,https://www.shizuoka.fudohsan.jp/%E7%89%A9%E4%BB%B6/174915,適合
スマイミー静岡 賃貸 熱海市,熱海市,賃貸アパート,賃貸カテゴリ（掲載種別）,熱海市上宿町,4.8,20.0,,5,—,—,,—,賃貸のため対象外,,2026-08-23,,https://www.shizuoka.fudohsan.jp/%E7%89%A9%E4%BB%B6/174916,適合
スマイミー静岡 賃貸 熱海市,熱海市,賃貸アパート,賃貸カテゴリ（掲載種別）,熱海市上宿町,4.5,18.0,,5,—,—,,—,賃貸のため対象外,,2026-08-23,,https://www.shizuoka.fudohsan.jp/%E7%89%A9%E4%BB%B6/174914,適合
スマイミー静岡 賃貸 熱海市,熱海市,賃貸アパート,賃貸カテゴリ（掲載種別）,熱海市上宿町8－1,4.3,18.0,,5,—,—,,—,賃貸のため対象外,,2026-08-23,,https://www.shizuoka.fudohsan.jp/%E7%89%A9%E4%BB%B6/170615,適合
スマイミー静岡 賃貸 熱海市,熱海市,賃貸アパート,賃貸カテゴリ（掲載種別）,熱海市桜町,5.0,50.0,,5,—,—,,—,賃貸のため対象外,,2026-08-23,,https://www.shizuoka.fudohsan.jp/%E7%89%A9%E4%BB%B6/129872,適合
スマイミー静岡 賃貸 熱海市,清水町,賃貸マンション,賃貸カテゴリ（掲載種別）,熱海市清水町,6.0,40.0,,5,—,—,,—,賃貸のため対象外,,2026-08-23,,https://www.shizuoka.fudohsan.jp/%E7%89%A9%E4%BB%B6/118386,不適合
スマイミー静岡 賃貸 熱海市,熱海市,賃貸その他,賃貸カテゴリ（掲載種別）,熱海市中央町12-5,19.8,113.0,,5,—,—,,—,賃貸のため対象外,,2026-08-23,注意:店舗,https://www.shizuoka.fudohsan.jp/%E7%89%A9%E4%BB%B6/176564,不適合
スマイミー静岡 賃貸 熱海市,熱海市,賃貸その他,賃貸カテゴリ（掲載種別）,熱海市田原本町9-1,9.35,47.5,,5,田,—,,—,賃貸のため対象外,,2026-08-23,注意:店舗,https://www.shizuoka.fudohsan.jp/%E7%89%A9%E4%BB%B6/101612,不適合
スマイミー静岡 賃貸 熱海市,熱海市,駐車場,賃貸カテゴリ（掲載種別）,熱海市田原本町1-12,2.2,,,5,田,—,,—,賃貸のため対象外,,2026-08-23,関心:礼金無,https://www.shizuoka.fudohsan.jp/%E7%89%A9%E4%BB%B6/175835,適合
スマイミー静岡 賃貸 熱海市,熱海市,賃貸マンション,賃貸カテゴリ（掲載種別）,熱海市下多賀431-3,12.0,58.1,,5,—,—,,—,賃貸のため対象外,,2026-08-22,,https://www.shizuoka.fudohsan.jp/%E7%89%A9%E4%BB%B6/175011,不適合
スマイミー静岡 賃貸 熱海市,熱海市,賃貸マンション,賃貸カテゴリ（掲載種別）,熱海市桃山町14-14,12.46,38.3,,5,—,—,,—,賃貸のため対象外,,2026-08-20,,https://www.shizuoka.fudohsan.jp/%E7%89%A9%E4%BB%B6/174205,不適合
LIFULL 賃貸 三島市,三島市,賃貸マンション,賃貸カテゴリ（掲載種別）,静岡県三島市富士ビレッジ33-8,7.4,68.8,,5,—,—,,—,賃貸のため対象外,,2026-08-22,,https://www.homes.co.jp/chintai/room/439bfa632ff86840cd38fb04f27828ee29b81a95/,不適合
LIFULL 賃貸 三島市,三島市,賃貸マンション,賃貸カテゴリ（掲載種別）,静岡県三島市富士ビレッジ33-8,7.4,68.8,,5,—,—,,—,賃貸のため対象外,,2026-07-25,,https://www.homes.co.jp/chintai/room/ca5d712989491be447f33996c4bedb6a6750c334/,不適合
LIFULL 賃貸 三島市,三島市,賃貸マンション,賃貸カテゴリ（掲載種別）,静岡県三島市富士ビレッジ33-8,7.0,68.8,,5,—,—,,—,賃貸のため対象外,,2026-08-22,,https://www.homes.co.jp/chintai/room/a56ac59017ca2438b29167c205981874e81994a2/,不適合
LIFULL 賃貸 三島市,三島市,賃貸マンション,賃貸カテゴリ（掲載種別）,静岡県三島市富士ビレッジ33-8,7.0,68.8,,5,—,—,,—,賃貸のため対象外,,2026-07-25,,https://www.homes.co.jp/chintai/room/dc06f63c485dfeb413b7407bfeefed7e602eaaad/,不適合
LIFULL 賃貸 三島市,三島市,賃貸マンション,賃貸カテゴリ（掲載種別）,静岡県三島市谷田1253-12,7.2,58.0,,5,田,—,,—,賃貸のため対象外,,2026-08-24,,https://www.homes.co.jp/chintai/room/d6a9632f826f5bd3628409afc935cc7506398c73/,不適合
LIFULL 賃貸 三島市,三島市,賃貸マンション,賃貸カテゴリ（掲載種別）,静岡県三島市梅名101-1,7.2,62.5,,5,—,—,,—,賃貸のため対象外,,2026-08-18,,https://www.homes.co.jp/chintai/room/18704644ff30304f8f92bcc8707ad1a0bedf2e00/,不適合
LIFULL 賃貸 三島市,三島市,賃貸マンション,賃貸カテゴリ（掲載種別）,静岡県三島市梅名101-1,7.2,62.5,,5,—,—,,—,賃貸のため対象外,,2026-07-25,,https://www.homes.co.jp/chintai/room/7ccc3512d7e29b03a1793b3d11b83fb8e9745c4e/,不適合
LIFULL 賃貸 三島市,三島市,賃貸マンション,賃貸カテゴリ（掲載種別）,静岡県三島市大宮町1丁目10-28,4.3,22.5,,5,—,—,,—,賃貸のため対象外,,2026-07-25,,https://www.homes.co.jp/chintai/room/231fb2614a8808946c2ded8e1787bf670efcdfb5/,適合
LIFULL 賃貸 三島市,三島市,賃貸マンション,賃貸カテゴリ（掲載種別）,静岡県三島市大宮町1丁目10-28,4.3,25.5,,5,—,—,,—,賃貸のため対象外,,2026-08-29,,https://www.homes.co.jp/chintai/room/74aa548df60b6334e856875edae73dfd726afe59/,適合
LIFULL 賃貸 三島市,三島市,賃貸マンション,賃貸カテゴリ（掲載種別）,静岡県三島市大宮町1丁目10-28,4.5,22.5,,5,—,—,,—,賃貸のため対象外,,2026-07-27,,https://www.homes.co.jp/chintai/room/4888fcc9d55d9204c26f6d02f29e7c581a3a711f/,適合
LIFULL 賃貸 三島市,三島市,賃貸マンション,賃貸カテゴリ（掲載種別）,静岡県三島市大宮町1丁目10-28,4.5,25.7,,5,—,—,,—,賃貸のため対象外,,2026-07-25,,https://www.homes.co.jp/chintai/room/e18671be153c096a200ba90c0cbde0bc20cfbee1/,適合
LIFULL 賃貸 三島市,三島市,賃貸マンション,賃貸カテゴリ（掲載種別）,静岡県三島市大宮町1丁目10-28,7.0,47.1,,5,—,—,,—,賃貸のため対象外,,2026-07-25,,https://www.homes.co.jp/chintai/room/28406e3537fdcee136222c00615816942af8efef/,不適合
LIFULL 賃貸 三島市,三島市,賃貸マンション,賃貸カテゴリ（掲載種別）,静岡県三島市大宮町1丁目10-28,7.0,47.1,,5,—,—,,—,賃貸のため対象外,,2026-07-25,,https://www.homes.co.jp/chintai/room/ee3d5f88852b04221ea30dfb37d5a0381af38560/,不適合
LIFULL 賃貸 三島市,三島市,賃貸マンション,賃貸カテゴリ（掲載種別）,静岡県三島市大宮町1丁目4-20,7.4,34.8,,5,—,—,,—,賃貸のため対象外,,2026-07-25,,https://www.homes.co.jp/chintai/room/fa5daa3d09cae0e8ca91f6e5a48077115c29d4ab/,不適合
LIFULL 賃貸 三島市,三島市,賃貸マンション,賃貸カテゴリ（掲載種別）,静岡県三島市大宮町1丁目4-20,7.1,33.9,,5,—,—,,—,賃貸のため対象外,,2026-07-25,,https://www.homes.co.jp/chintai/room/935ee94578b2a06474e47629453e43afd8ee29a9/,不適合
LIFULL 賃貸 三島市,三島市,賃貸マンション,賃貸カテゴリ（掲載種別）,静岡県三島市大宮町1丁目4-20,8.05,43.5,,5,—,—,,—,賃貸のため対象外,,2026-07-25,,https://www.homes.co.jp/chintai/room/c4ba9f86970026a6d1688dd8103bc77b425354df/,不適合
LIFULL 賃貸 三島市,三島市,賃貸マンション,賃貸カテゴリ（掲載種別）,静岡県三島市大宮町1丁目4-20,7.1,34.8,,5,—,—,,—,賃貸のため対象外,,2026-07-25,,https://www.homes.co.jp/chintai/room/bd94dd56a75ebd15ed6616d0a0acc103ac76f8f1/,不適合
LIFULL 賃貸 三島市,三島市,賃貸マンション,賃貸カテゴリ（掲載種別）,静岡県三島市大宮町1丁目4-20,7.0,33.9,,5,—,—,,—,賃貸のため対象外,,2026-07-25,,https://www.homes.co.jp/chintai/room/4c772724fe57095d8300728f014cbedc0a04b4c7/,不適合
LIFULL 賃貸 三島市,三島市,賃貸マンション,賃貸カテゴリ（掲載種別）,静岡県三島市大宮町1丁目4-20,6.9,33.9,,5,—,—,,—,賃貸のため対象外,,2026-07-25,,https://www.homes.co.jp/chintai/room/8f452d2251b38c406608f87f657c314dc93cb9dd/,不適合
LIFULL 賃貸 三島市,三島市,賃貸マンション,賃貸カテゴリ（掲載種別）,静岡県三島市大宮町1丁目4-20,6.8,34.8,,5,—,—,,—,賃貸のため対象外,,2026-07-25,,https://www.homes.co.jp/chintai/room/f40c119dc13a790c60911d807845590c2db85b64/,不適合
LIFULL 賃貸 三島市,三島市,賃貸マンション,賃貸カテゴリ（掲載種別）,静岡県三島市大宮町1丁目4-20,6.6,33.9,,5,—,—,,—,賃貸のため対象外,,2026-07-25,,https://www.homes.co.jp/chintai/room/72c34336032d542f9eca5cd1491c4c5977cbf4f6/,不適合
LIFULL 賃貸 三島市,三島市,賃貸マンション,賃貸カテゴリ（掲載種別）,静岡県三島市壱町田166-12,6.8,43.6,,5,田,—,,—,賃貸のため対象外,,2026-07-27,,https://www.homes.co.jp/chintai/room/020828ffabae5e38527a529b3d203762bd2971f4/,不適合
LIFULL 賃貸 三島市,三島市,賃貸マンション,賃貸カテゴリ（掲載種別）,静岡県三島市壱町田166-12,6.6,41.0,,5,田,—,,—,賃貸のため対象外,,2026-07-27,,https://www.homes.co.jp/chintai/room/70cf040359215b7d12802a824d4a29777998a4ca/,不適合
LIFULL 賃貸 三島市,三島市,賃貸マンション,賃貸カテゴリ（掲載種別）,静岡県三島市大宮町2丁目7-18,6.8,41.0,,5,—,—,,—,賃貸のため対象外,,2026-07-31,,https://www.homes.co.jp/chintai/room/2159439c12780aad00b6f102e8ca4296c17df74a/,不適合
LIFULL 賃貸 三島市,三島市,賃貸マンション,賃貸カテゴリ（掲載種別）,静岡県三島市青木211-7,6.8,53.1,,5,—,—,,—,賃貸のため対象外,,2026-08-22,,https://www.homes.co.jp/chintai/room/a6f59cf214c6863408f939fdbf8df0fb98a8f80b/,不適合
LIFULL 賃貸 三島市,三島市,賃貸マンション,賃貸カテゴリ（掲載種別）,静岡県三島市青木211-7,6.8,53.1,,5,—,—,,—,賃貸のため対象外,,2026-07-25,,https://www.homes.co.jp/chintai/room/b144d6722c87d7f87711da6405c74f38d591857e/,不適合
LIFULL 賃貸 三島市,三島市,賃貸マンション,賃貸カテゴリ（掲載種別）,静岡県三島市青木211-7,6.8,53.1,,5,—,—,,—,賃貸のため対象外,,2026-07-25,,https://www.homes.co.jp/chintai/room/124eb054d5bb474154d195e4086b0b559171ab00/,不適合
LIFULL 賃貸 三島市,三島市,賃貸マンション,賃貸カテゴリ（掲載種別）,静岡県三島市谷田57-5,6.9,52.9,,5,田,—,,—,賃貸のため対象外,,2026-07-30,,https://www.homes.co.jp/chintai/room/89694142d2dd4bbf8b08f1a538a2cd05b875fd28/,不適合
LIFULL 賃貸 三島市,三島市,賃貸マンション,賃貸カテゴリ（掲載種別）,静岡県三島市谷田57-5,6.9,52.9,,5,田,—,,—,賃貸のため対象外,,2026-07-30,,https://www.homes.co.jp/chintai/room/ba5a1d6d6485cab2be1df9eb2f3f285c4bf4b11c/,不適合
LIFULL 賃貸 三島市,三島市,賃貸マンション,賃貸カテゴリ（掲載種別）,静岡県三島市一番町2-34,6.7,36.3,,5,—,—,,—,賃貸のため対象外,,2026-07-25,,https://www.homes.co.jp/chintai/room/cc18e3e7992df004a17309544cfc30ad6ef68d9a/,不適合
LIFULL 賃貸 三島市,三島市,賃貸マンション,賃貸カテゴリ（掲載種別）,静岡県三島市一番町2-34,6.7,36.3,,5,—,—,,—,賃貸のため対象外,,2026-07-25,,https://www.homes.co.jp/chintai/room/823cc945bb95c161c132736381c7ce7b6ea7fd8a/,不適合
LIFULL 賃貸 三島市,三島市,賃貸マンション,賃貸カテゴリ（掲載種別）,静岡県三島市徳倉4丁目20-2,6.8,62.5,,5,—,—,,—,賃貸のため対象外,,2026-08-19,,https://www.homes.co.jp/chintai/room/dc6e0a721da85c009c94be0970f328d4789f6c95/,不適合
LIFULL 賃貸 三島市,三島市,賃貸マンション,賃貸カテゴリ（掲載種別）,静岡県三島市徳倉4丁目20-2,6.7,62.5,,5,—,—,,—,賃貸のため対象外,,2026-08-02,,https://www.homes.co.jp/chintai/room/710613a8f2b30c1d4e00a28041b16d807fb4f781/,不適合
LIFULL 賃貸 三島市,三島市,賃貸マンション,賃貸カテゴリ（掲載種別）,静岡県三島市徳倉4丁目20-2,6.7,62.5,,5,—,—,,—,賃貸のため対象外,,2026-08-02,,https://www.homes.co.jp/chintai/room/9717f7d747157964ee3ffd6341e88902a7998d2f/,不適合
LIFULL 賃貸 三島市,三島市,賃貸マンション,賃貸カテゴリ（掲載種別）,静岡県三島市谷田489-2,6.6,58.1,,5,田,—,,—,賃貸のため対象外,,2026-08-09,,https://www.homes.co.jp/chintai/room/105916c354ca88bc35f518eb219239dbbb76895a/,不適合
LIFULL 賃貸 三島市,三島市,賃貸マンション,賃貸カテゴリ（掲載種別）,静岡県三島市谷田489-2,6.6,58.1,,5,田,—,,—,賃貸のため対象外,,2026-08-02,,https://www.homes.co.jp/chintai/room/f5ef2d715fe676bc8661abfbc3cd87abd693293c/,不適合
LIFULL 賃貸 三島市,三島市,賃貸マンション,賃貸カテゴリ（掲載種別）,静岡県三島市谷田489-2,6.6,58.1,,5,田,—,,—,賃貸のため対象外,,2026-07-28,,https://www.homes.co.jp/chintai/room/f3b602d43cc943bfa76b3d70285811c9286500cf/,不適合
LIFULL 賃貸 三島市,三島市,賃貸マンション,賃貸カテゴリ（掲載種別）,静岡県三島市大宮町1丁目,7.4,34.8,,5,—,—,,—,賃貸のため対象外,,2026-07-25,,https://www.homes.co.jp/chintai/room/7b5e7bf2068d2364a22207334da00c61fbf73c88/,不適合
LIFULL 賃貸 三島市,三島市,賃貸マンション,賃貸カテゴリ（掲載種別）,静岡県三島市大宮町1丁目,7.1,33.9,,5,—,—,,—,賃貸のため対象外,,2026-07-25,,https://www.homes.co.jp/chintai/room/800e44bfe6e830449069f8d44f56f6f1cfa05cfc/,不適合
LIFULL 賃貸 三島市,三島市,賃貸マンション,賃貸カテゴリ（掲載種別）,静岡県三島市大宮町1丁目,8.05,43.5,,5,—,—,,—,賃貸のため対象外,,2026-07-25,,https://www.homes.co.jp/chintai/room/efdbff4e28d705c079c992be297832fe38c7bc0e/,不適合
LIFULL 賃貸 三島市,三島市,賃貸マンション,賃貸カテゴリ（掲載種別）,静岡県三島市大宮町1丁目,7.1,34.8,,5,—,—,,—,賃貸のため対象外,,2026-07-25,,https://www.homes.co.jp/chintai/room/754b4552137971c592bc76a590f9d71945e4162e/,不適合
LIFULL 賃貸 三島市,三島市,賃貸マンション,賃貸カテゴリ（掲載種別）,静岡県三島市大宮町1丁目,7.0,33.9,,5,—,—,,—,賃貸のため対象外,,2026-07-25,,https://www.homes.co.jp/chintai/room/17ddc3890a291d900523dc5dbd9d9a9702701b18/,不適合
LIFULL 賃貸 三島市,三島市,賃貸マンション,賃貸カテゴリ（掲載種別）,静岡県三島市大宮町1丁目,6.9,33.9,,5,—,—,,—,賃貸のため対象外,,2026-07-25,,https://www.homes.co.jp/chintai/room/e27d40bacaa4eb0ad9811b4c8b7ee34d621de24e/,不適合
LIFULL 賃貸 三島市,三島市,賃貸マンション,賃貸カテゴリ（掲載種別）,静岡県三島市大宮町1丁目,6.8,34.8,,5,—,—,,—,賃貸のため対象外,,2026-07-25,,https://www.homes.co.jp/chintai/room/000fadae307c5b82b6f1ae3fa2e404f8d089a8d2/,不適合
LIFULL 賃貸 三島市,三島市,賃貸マンション,賃貸カテゴリ（掲載種別）,静岡県三島市大宮町1丁目,6.6,33.9,,5,—,—,,—,賃貸のため対象外,,2026-07-25,,https://www.homes.co.jp/chintai/room/6eb0ae265ec0e8190339386529e0834219dcf10a/,不適合
LIFULL 賃貸 三島市,三島市,賃貸アパート,賃貸カテゴリ（掲載種別）,静岡県三島市松本,7.51,55.0,,5,—,—,,—,賃貸のため対象外,,2026-08-03,,https://www.homes.co.jp/chintai/room/575aa24aa9176f527de8700c40fa3fc5b2c3e93b/,不適合
LIFULL 賃貸 三島市,三島市,賃貸アパート,賃貸カテゴリ（掲載種別）,静岡県三島市松本,7.51,55.0,,5,—,—,,—,賃貸のため対象外,,2026-08-03,,https://www.homes.co.jp/chintai/room/e363c74d40d6daa4b0752eddac7a2673870d9ebe/,不適合
LIFULL 賃貸 三島市,三島市,賃貸アパート,賃貸カテゴリ（掲載種別）,静岡県三島市松本,7.51,55.0,,5,—,—,,—,賃貸のため対象外,,2026-08-03,,https://www.homes.co.jp/chintai/room/bb1539aa2a4bb5c427e079ef89ead67e4bb24d95/,不適合
LIFULL 賃貸 三島市,三島市,賃貸アパート,賃貸カテゴリ（掲載種別）,静岡県三島市松本,7.51,55.0,,5,—,—,,—,賃貸のため対象外,,2026-08-03,,https://www.homes.co.jp/chintai/room/ceaa36ed4aba77adc3f622196053bb8f79d7fd88/,不適合
LIFULL 賃貸 三島市,三島市,賃貸アパート,賃貸カテゴリ（掲載種別）,静岡県三島市松本,6.7,43.2,,5,—,—,,—,賃貸のため対象外,,2026-08-03,,https://www.homes.co.jp/chintai/room/442b4f0456f772f4d70ba672e70191bacb7730f6/,不適合
LIFULL 賃貸 三島市,三島市,賃貸アパート,賃貸カテゴリ（掲載種別）,静岡県三島市松本,6.7,43.2,,5,—,—,,—,賃貸のため対象外,,2026-08-03,,https://www.homes.co.jp/chintai/room/9457581bd5a156827b455caafa18523d153749f6/,不適合
LIFULL 賃貸 三島市,三島市,賃貸アパート,賃貸カテゴリ（掲載種別）,静岡県三島市松本,6.7,43.2,,5,—,—,,—,賃貸のため対象外,,2026-08-08,,https://www.homes.co.jp/chintai/room/e13b657cd735a3830e705388fbcfc7912cfde760/,不適合
LIFULL 賃貸 三島市,三島市,賃貸アパート,賃貸カテゴリ（掲載種別）,静岡県三島市松本,6.54,43.2,,5,—,—,,—,賃貸のため対象外,,2026-08-03,,https://www.homes.co.jp/chintai/room/2c143fb2278bf6e02c7bbbb7d7ad591b5cfbf135/,不適合
LIFULL 賃貸 三島市,三島市,賃貸アパート,賃貸カテゴリ（掲載種別）,静岡県三島市松本,6.54,43.2,,5,—,—,,—,賃貸のため対象外,,2026-08-03,,https://www.homes.co.jp/chintai/room/4aca969890ca4c8783655bc16ad22cb8213365f3/,不適合
LIFULL 賃貸 三島市,三島市,賃貸アパート,賃貸カテゴリ（掲載種別）,静岡県三島市松本,6.54,43.2,,5,—,—,,—,賃貸のため対象外,,2026-08-03,,https://www.homes.co.jp/chintai/room/235ad16d1b8bd3caddd3e6d3565b20ed6c302ecd/,不適合
LIFULL 賃貸 三島市,三島市,賃貸アパート,賃貸カテゴリ（掲載種別）,静岡県三島市松本,6.54,43.2,,5,—,—,,—,賃貸のため対象外,,2026-08-03,,https://www.homes.co.jp/chintai/room/75de111db7f43bd7b44e7a9c2ecb40ecf9f3be88/,不適合
LIFULL 賃貸 三島市,三島市,賃貸アパート,賃貸カテゴリ（掲載種別）,静岡県三島市柳郷地,7.7,50.7,,5,—,—,,—,賃貸のため対象外,,2026-08-04,,https://www.homes.co.jp/chintai/room/a80f8f065d0ddb98527fa5c50d0b87d9dc59e9f5/,不適合
LIFULL 賃貸 三島市,三島市,賃貸アパート,賃貸カテゴリ（掲載種別）,静岡県三島市谷田,8.05,43.5,,5,田,—,,—,賃貸のため対象外,,2026-08-29,,https://www.homes.co.jp/chintai/room/13f934967213eefc9e8790a48ca85adb359945ad/,不適合
LIFULL 賃貸 三島市,三島市,賃貸アパート,賃貸カテゴリ（掲載種別）,静岡県三島市谷田,7.35,36.3,,5,田,—,,—,賃貸のため対象外,,2026-08-29,,https://www.homes.co.jp/chintai/room/dd15308d7122300f3511bbbd78463d1a437c364c/,不適合
LIFULL 賃貸 三島市,三島市,賃貸アパート,賃貸カテゴリ（掲載種別）,静岡県三島市谷田,8.65,43.5,,5,田,—,,—,賃貸のため対象外,,2026-08-20,,https://www.homes.co.jp/chintai/room/7e961e032b4f3a0c4bc1f1524523300dffa60fb3/,不適合
LIFULL 賃貸 三島市,三島市,賃貸アパート,賃貸カテゴリ（掲載種別）,静岡県三島市谷田,7.75,33.5,,5,田,—,,—,賃貸のため対象外,,2026-08-28,,https://www.homes.co.jp/chintai/room/8d3fef8e0ae71bbc04f115c8d67210506f6bc704/,不適合
LIFULL 賃貸 三島市,三島市,賃貸マンション,賃貸カテゴリ（掲載種別）,静岡県三島市中田町,6.2,29.2,,5,田,—,,—,賃貸のため対象外,,2026-08-22,,https://www.homes.co.jp/chintai/room/245d9ae0fadfd61ab944c35eb76fbc0248c35b90/,不適合
LIFULL 賃貸 三島市,三島市,賃貸アパート,賃貸カテゴリ（掲載種別）,静岡県三島市梅名,8.2,53.4,,5,—,—,,—,賃貸のため対象外,,2026-08-22,,https://www.homes.co.jp/chintai/room/47cc913b52a198dac22d0d830d21fb24e044cb9c/,不適合
LIFULL 賃貸 三島市,三島市,賃貸マンション,賃貸カテゴリ（掲載種別）,静岡県三島市中田町,6.2,28.4,,5,田,—,,—,賃貸のため対象外,,2026-07-27,,https://www.homes.co.jp/chintai/room/776ee6703813397ced26719efcefc62f235bd525/,不適合
LIFULL 賃貸 三島市,三島市,賃貸マンション,賃貸カテゴリ（掲載種別）,静岡県三島市中田町,6.2,28.4,,5,田,—,,—,賃貸のため対象外,,2026-07-27,,https://www.homes.co.jp/chintai/room/1ab339238f6d3a1dbac14f2f99188f3185ba6c62/,不適合
LIFULL 賃貸 三島市,三島市,賃貸マンション,賃貸カテゴリ（掲載種別）,静岡県三島市中田町,6.2,28.4,,5,田,—,,—,賃貸のため対象外,,2026-07-27,,https://www.homes.co.jp/chintai/room/9adc3e027cddace38a910f7a58d7f5d2aabfd02c/,不適合
LIFULL 賃貸 三島市,三島市,賃貸マンション,賃貸カテゴリ（掲載種別）,静岡県三島市中田町,6.2,28.4,,5,田,—,,—,賃貸のため対象外,,2026-07-27,,https://www.homes.co.jp/chintai/room/5b2bcfd71e413d4c9b3f7dda0b9a38c571cc606c/,不適合
LIFULL 賃貸 三島市,三島市,賃貸アパート,賃貸カテゴリ（掲載種別）,静岡県三島市谷田,6.5,34.2,,5,田,—,,—,賃貸のため対象外,,2026-07-27,,https://www.homes.co.jp/chintai/room/804665428cb8622a1802eb73bad4364b6ae02684/,不適合
LIFULL 賃貸 三島市,三島市,賃貸アパート,賃貸カテゴリ（掲載種別）,静岡県三島市谷田,6.5,34.2,,5,田,—,,—,賃貸のため対象外,,2026-07-27,,https://www.homes.co.jp/chintai/room/c9eff4308bb94aa7332fb1d2f4f54d51af8e6c28/,不適合
LIFULL 賃貸 三島市,三島市,賃貸アパート,賃貸カテゴリ（掲載種別）,静岡県三島市加茂,8.4,59.0,,5,—,—,,—,賃貸のため対象外,,2026-08-29,,https://www.homes.co.jp/chintai/room/40b2ba8c4e3d686cdcbe3c719bfb75be23604ce1/,不適合
LIFULL 賃貸 三島市,三島市,賃貸アパート,賃貸カテゴリ（掲載種別）,静岡県三島市加茂,8.4,59.0,,5,—,—,,—,賃貸のため対象外,,2026-08-29,,https://www.homes.co.jp/chintai/room/48ac7cc41a98e81f3648f373dddad43f3d391e9e/,不適合
LIFULL 賃貸 三島市,三島市,賃貸マンション,賃貸カテゴリ（掲載種別）,静岡県三島市長伏,7.6,61.5,,5,—,—,,—,賃貸のため対象外,,2026-08-12,,https://www.homes.co.jp/chintai/room/ccb096a8f71545eb34b0220a1ea9a64aa974dc05/,不適合
LIFULL 賃貸 三島市,三島市,賃貸マンション,賃貸カテゴリ（掲載種別）,静岡県三島市長伏,5.1,31.0,,5,—,—,,—,賃貸のため対象外,,2026-08-20,,https://www.homes.co.jp/chintai/room/e608ae40e357bb0d8231d360ba7315c94e9c350a/,不適合
LIFULL 賃貸 三島市,三島市,賃貸マンション,賃貸カテゴリ（掲載種別）,静岡県三島市壱町田,6.2,40.1,,5,田,—,,—,賃貸のため対象外,,2026-08-20,,https://www.homes.co.jp/chintai/room/853de410c97d0a5e66371dfb00c3b5b5e1aa2436/,不適合
LIFULL 賃貸 三島市,三島市,賃貸マンション,賃貸カテゴリ（掲載種別）,静岡県三島市平田,6.6,46.2,,5,田,—,,—,賃貸のため対象外,,2026-08-12,,https://www.homes.co.jp/chintai/room/b1f5a52f7e4f3105122fe13208dfecab1de0abe8/,不適合
LIFULL 賃貸 三島市,三島市,賃貸アパート,賃貸カテゴリ（掲載種別）,静岡県三島市北沢,7.8,58.1,,5,—,—,,—,賃貸のため対象外,,2026-08-27,,https://www.homes.co.jp/chintai/room/846d1ddc8b62c9bd23786a79a41d4ea5d0500fd7/,不適合
LIFULL 賃貸 三島市,三島市,賃貸アパート,賃貸カテゴリ（掲載種別）,静岡県三島市北沢,6.3,48.9,,5,—,—,,—,賃貸のため対象外,,2026-08-27,,https://www.homes.co.jp/chintai/room/282e3626ae5a6c69664ad734b5a800615e89b17c/,不適合
LIFULL 賃貸 三島市,三島市,賃貸アパート,賃貸カテゴリ（掲載種別）,静岡県三島市北沢,6.3,48.9,,5,—,—,,—,賃貸のため対象外,,2026-08-27,,https://www.homes.co.jp/chintai/room/c4e3a01c0b2041020b7f3274bda0b3ead9168bf9/,不適合
LIFULL 賃貸 三島市,三島市,賃貸アパート,賃貸カテゴリ（掲載種別）,静岡県三島市幸原町2丁目,6.7,53.8,,5,—,—,,—,賃貸のため対象外,,2026-08-19,,https://www.homes.co.jp/chintai/room/7d33f39082b860c6f33a488207fa2f50cdd72966/,不適合
LIFULL 賃貸 三島市,三島市,賃貸アパート,賃貸カテゴリ（掲載種別）,静岡県三島市加茂,6.8,57.8,,5,—,—,,—,賃貸のため対象外,,2026-08-20,,https://www.homes.co.jp/chintai/room/1a9b636f72b79aae8717bd60e8b35c86cc5b2547/,不適合
LIFULL 賃貸 三島市,三島市,賃貸アパート,賃貸カテゴリ（掲載種別）,静岡県三島市加茂,6.7,46.1,,5,—,—,,—,賃貸のため対象外,,2026-08-20,,https://www.homes.co.jp/chintai/room/887d2a83706245463e606f898d2112e2da13470d/,不適合
LIFULL 賃貸 三島市,三島市,賃貸アパート,賃貸カテゴリ（掲載種別）,静岡県三島市加茂,6.7,46.1,,5,—,—,,—,賃貸のため対象外,,2026-08-20,,https://www.homes.co.jp/chintai/room/6f25df4792a90a68b6714ad0c23a0ec281a8171d/,不適合
LIFULL 賃貸 三島市,三島市,賃貸アパート,賃貸カテゴリ（掲載種別）,静岡県三島市加屋町,12.2,66.4,,5,—,—,,—,賃貸のため対象外,,2026-08-27,,https://www.homes.co.jp/chintai/room/a7c3b2ecb4ebbba3582e5a22125fe6d6a1bded7e/,不適合
LIFULL 賃貸 三島市,三島市,賃貸アパート,賃貸カテゴリ（掲載種別）,静岡県三島市大場,7.5,56.1,,5,—,—,,—,賃貸のため対象外,,2026-08-28,,https://www.homes.co.jp/chintai/room/b9e7ee6965e57e78dad7603caee90d03d843be80/,不適合
LIFULL 賃貸 三島市,三島市,賃貸アパート,賃貸カテゴリ（掲載種別）,静岡県三島市大場,7.5,56.1,,5,—,—,,—,賃貸のため対象外,,2026-08-28,,https://www.homes.co.jp/chintai/room/7a7621cf351721c6d8513185b748bd3fc74d15b4/,不適合
SUUMO 土地 田方郡（函南）,函南町,古家付き土地,土地＋古家/上物の表記,静岡県田方郡函南町間宮字古屋敷817-1、817-4、818-1の内,2180,166.4,43.3,1500,田,—,,不明,接道・区分情報なし。建物ありだが現行法での再建築可否は役場で要確認,,2026-06-25,,https://suumo.jp/tochi/shizuoka/sc_tagatagun/nc_21143479/,不適合
SUUMO 土地 田方郡（函南）,函南町,更地,土地カテゴリ（建物表記なし）,静岡県田方郡函南町柏谷1327-91,549,189.7,9.6,1500,田,—,,不明,接道・区分情報なし、詳細/役場で要確認,,2026-06-17,,https://suumo.jp/tochi/shizuoka/sc_tagatagun/nc_20830428/,不適合
SUUMO 土地 田方郡（函南）,函南町,更地,土地カテゴリ（建物表記なし）,静岡県田方郡函南町平井,10,286.0,0.1,1500,田,—,,不明,接道・区分情報なし、詳細/役場で要確認,,2026-06-17,,https://suumo.jp/tochi/shizuoka/sc_tagatagun/nc_20324315/,不適合
SUUMO 土地 田方郡（函南）,函南町,更地,土地カテゴリ（建物表記なし）,静岡県田方郡函南町平井南箱根ダイヤランド,80,166.0,1.6,1500,田,—,,不明,接道・区分情報なし、詳細/役場で要確認,,2026-06-17,NG:南箱根ダイヤランド,https://suumo.jp/tochi/shizuoka/sc_tagatagun/nc_70693647/,不適合
SUUMO 土地 田方郡（函南）,函南町,更地,土地カテゴリ（建物表記なし）,静岡県田方郡函南町上沢,99,212.0,1.5,1500,田,—,,不明,接道・区分情報なし、詳細/役場で要確認,,2026-06-17,NG:パサディナタウン,https://suumo.jp/tochi/shizuoka/sc_tagatagun/nc_20529807/,不適合
SUUMO 土地 田方郡（函南）,函南町,更地,土地カテゴリ（建物表記なし）,静岡県田方郡函南町平井南箱根ダイヤランド区画№25-576,100,421.0,0.8,1500,田,—,,不明,接道・区分情報なし、詳細/役場で要確認,,2026-06-17,NG:南箱根ダイヤランド,https://suumo.jp/tochi/shizuoka/sc_tagatagun/nc_80752295/,適合
SUUMO 土地 田方郡（函南）,函南町,更地,土地カテゴリ（建物表記なし）,静岡県田方郡函南町平井南箱根ダイヤランド,200,283.0,2.3,1500,田,—,,不明,接道・区分情報なし、詳細/役場で要確認,,2026-06-17,NG:南箱根ダイヤランド,https://suumo.jp/tochi/shizuoka/sc_tagatagun/nc_86354000/,不適合
SUUMO 土地 田方郡（函南）,函南町,更地,土地カテゴリ（建物表記なし）,静岡県田方郡函南町畑毛91-2,280,141.6,6.5,1500,畑,—,,不明,接道・区分情報なし、詳細/役場で要確認,,2026-08-07,,https://suumo.jp/tochi/shizuoka/sc_tagatagun/nc_21451891/,不適合
SUUMO 土地 田方郡（函南）,函南町,更地,土地カテゴリ（建物表記なし）,静岡県田方郡函南町畑南箱根ダイヤランド,300,268.0,3.7,1500,畑,—,,不明,接道・区分情報なし、詳細/役場で要確認,,2026-06-17,NG:南箱根ダイヤランド,https://suumo.jp/tochi/shizuoka/sc_tagatagun/nc_70153287/,不適合
SUUMO 土地 田方郡（函南）,函南町,更地,土地カテゴリ（建物表記なし）,静岡県田方郡函南町平井,498,260.0,6.3,1500,田,—,,不明,接道・区分情報なし、詳細/役場で要確認,,2026-06-17,,https://suumo.jp/tochi/shizuoka/sc_tagatagun/nc_77717582/,不適合
SUUMO 土地 田方郡（函南）,函南町,更地,土地カテゴリ（建物表記なし）,静岡県田方郡函南町平井,600,347.8,5.7,1500,田,—,,不明,接道・区分情報なし、詳細/役場で要確認,,2026-06-17,,https://suumo.jp/tochi/shizuoka/sc_tagatagun/nc_78349920/,適合
SUUMO 土地 田方郡（函南）,函南町,更地,土地カテゴリ（建物表記なし）,静岡県田方郡函南町肥田,680,252.6,8.9,1500,田,—,,不明,接道・区分情報なし、詳細/役場で要確認,,2026-06-17,,https://suumo.jp/tochi/shizuoka/sc_tagatagun/nc_21063252/,不適合
SUUMO 土地 田方郡（函南）,函南町,更地,土地カテゴリ（建物表記なし）,静岡県田方郡函南町畑毛,750,249.4,9.9,1500,畑,—,,不明,接道・区分情報なし、詳細/役場で要確認,,2026-06-17,,https://suumo.jp/tochi/shizuoka/sc_tagatagun/nc_20069793/,不適合
SUUMO 土地 田方郡（函南）,函南町,更地,土地カテゴリ（建物表記なし）,静岡県田方郡函南町平井,780,128.3,20.1,1500,田,—,,不明,接道・区分情報なし、詳細/役場で要確認,,2026-06-17,,https://suumo.jp/tochi/shizuoka/sc_tagatagun/nc_94438487/,不適合
SUUMO 土地 田方郡（函南）,函南町,更地,土地カテゴリ（建物表記なし）,静岡県田方郡函南町柏谷,890,163.1,18.0,1500,田,—,,不明,接道・区分情報なし、詳細/役場で要確認,,2026-06-17,,https://suumo.jp/tochi/shizuoka/sc_tagatagun/nc_75575308/,不適合
SUUMO 土地 田方郡（函南）,函南町,更地,土地カテゴリ（建物表記なし）,静岡県田方郡函南町新田,950,200.1,15.7,1500,田,—,,不明,接道・区分情報なし、詳細/役場で要確認,,2026-06-17,,https://suumo.jp/tochi/shizuoka/sc_tagatagun/nc_97535247/,不適合
SUUMO 土地 田方郡（函南）,函南町,更地,土地カテゴリ（建物表記なし）,静岡県田方郡函南町上沢,980,1161.5,2.8,1500,田,—,,不明,接道・区分情報なし、詳細/役場で要確認,,2026-07-07,,https://suumo.jp/tochi/shizuoka/sc_tagatagun/nc_78788297/,適合
SUUMO 土地 田方郡（函南）,函南町,更地,土地カテゴリ（建物表記なし）,静岡県田方郡函南町柏谷,1080,165.8,21.5,1500,田,—,,不明,接道・区分情報なし、詳細/役場で要確認,,2026-06-17,,https://suumo.jp/tochi/shizuoka/sc_tagatagun/nc_78717756/,不適合
SUUMO 土地 田方郡（函南）,函南町,更地,土地カテゴリ（建物表記なし）,静岡県田方郡函南町柏谷,1100,161.9,22.5,1500,田,—,,不明,接道・区分情報なし、詳細/役場で要確認,,2026-06-17,,https://suumo.jp/tochi/shizuoka/sc_tagatagun/nc_77309458/,不適合
SUUMO 土地 田方郡（函南）,函南町,更地,土地カテゴリ（建物表記なし）,静岡県田方郡函南町平井,1298,999.9,4.3,1500,田,—,,不明,接道・区分情報なし、詳細/役場で要確認,,2026-06-17,,https://suumo.jp/tochi/shizuoka/sc_tagatagun/nc_71936607/,適合
SUUMO 土地 田方郡（函南）,函南町,更地,土地カテゴリ（建物表記なし）,静岡県田方郡函南町柏谷,1500,327.8,15.1,1500,田,—,,不明,接道・区分情報なし、詳細/役場で要確認,,2026-06-17,,https://suumo.jp/tochi/shizuoka/sc_tagatagun/nc_20801823/,不適合
SUUMO 土地 田方郡（函南）,函南町,更地,土地カテゴリ（建物表記なし）,静岡県田方郡函南町平井,1590,189.5,27.7,1500,田,—,,不明,接道・区分情報なし、詳細/役場で要確認,,2026-07-01,,https://suumo.jp/tochi/shizuoka/sc_tagatagun/nc_78879715/,不適合
SUUMO 土地 田方郡（函南）,函南町,更地,土地カテゴリ（建物表記なし）,静岡県田方郡函南町大竹,1988,263.0,25.0,1500,田,—,,不明,接道・区分情報なし、詳細/役場で要確認,,2026-06-17,,https://suumo.jp/tochi/shizuoka/sc_tagatagun/nc_78328544/,不適合
SUUMO 土地 田方郡（函南）,函南町,更地,土地カテゴリ（建物表記なし）,静岡県田方郡函南町肥田,3500,1400.6,8.3,1500,田,—,,不明,接道・区分情報なし、詳細/役場で要確認,,2026-08-16,,https://suumo.jp/tochi/shizuoka/sc_tagatagun/nc_21501055/,不適合
SUUMO 土地 田方郡（函南）,函南町,更地,土地カテゴリ（建物表記なし）,静岡県田方郡函南町桑原,4800,1951.4,8.1,1500,田,—,,不明,接道・区分情報なし、詳細/役場で要確認,,2026-07-22,,https://suumo.jp/tochi/shizuoka/sc_tagatagun/nc_20069790/,不適合
SUUMO 土地 田方郡（函南）,函南町,更地,土地カテゴリ（建物表記なし）,静岡県田方郡函南町大土肥222-1,6800,946.3,23.8,1500,田,—,,不明,接道・区分情報なし、詳細/役場で要確認,,2026-06-17,,https://suumo.jp/tochi/shizuoka/sc_tagatagun/nc_74602978/,不適合
LIFULL 土地 函南町,函南町,古家付き土地,土地＋古家/上物の表記,【ミサワホーム】函南町間宮,2180,166.4,43.3,1500,田,—,,不明,接道・区分情報なし。建物ありだが現行法での再建築可否は役場で要確認,,2026-07-25,,https://www.homes.co.jp/tochi/b-17083750000041/,不適合
LIFULL 土地 函南町,函南町,更地,土地カテゴリ（建物表記なし）,田方郡函南町畑毛,530,,,1500,畑,—,,不明,接道・区分情報なし、詳細/役場で要確認,,2026-08-17,注意:温泉,https://www.homes.co.jp/tochi/b-33306620000129/,数値不明
LIFULL 土地 函南町,函南町,更地,土地カテゴリ（建物表記なし）,田方郡函南町平井 (函南駅),80,,,1500,田,—,,不明,接道・区分情報なし、詳細/役場で要確認,,2026-07-25,NG:南箱根ダイヤランド,https://www.homes.co.jp/tochi/b-1546940000044/,数値不明
LIFULL 土地 函南町,函南町,更地,土地カテゴリ（建物表記なし）,田方郡函南町平井南箱根ダイヤランド,10,,,1500,田,—,,不明,接道・区分情報なし、詳細/役場で要確認,,2026-06-19,NG:南箱根ダイヤランド,https://www.homes.co.jp/tochi/b-33329530000002/,数値不明
LIFULL 土地 函南町,函南町,更地,土地カテゴリ（建物表記なし）,田方郡函南町仁田 (伊豆仁田駅),1580,,,1500,田,—,,不明,接道・区分情報なし、詳細/役場で要確認,,2026-08-18,,https://www.homes.co.jp/tochi/b-33327580000135/,数値不明
LIFULL 土地 函南町,函南町,古家付き土地,土地＋古家/上物の表記,田方郡函南町肥田 (伊豆仁田駅),3500,,,1500,田,—,,不明,接道・区分情報なし。建物ありだが現行法での再建築可否は役場で要確認,,2026-08-18,,https://www.homes.co.jp/tochi/b-33315430000020/,数値不明
LIFULL 土地 函南町,函南町,更地,土地カテゴリ（建物表記なし）,田方郡函南町上沢 (函南駅),50,,,1500,田,—,,不明,接道・区分情報なし、詳細/役場で要確認,,2026-08-22,,https://www.homes.co.jp/tochi/b-33327580000075/,数値不明
LIFULL 土地 函南町,函南町,更地,土地カテゴリ（建物表記なし）,田方郡函南町平井 (大場駅),600,,,1500,田,—,,不明,接道・区分情報なし、詳細/役場で要確認,,2026-08-28,,https://www.homes.co.jp/tochi/b-1265050002403/,数値不明
LIFULL 土地 函南町,函南町,更地,土地カテゴリ（建物表記なし）,田方郡函南町上沢 (函南駅),99,,,1500,田,—,,不明,接道・区分情報なし、詳細/役場で要確認,,2026-08-27,NG:パサディナタウン,https://www.homes.co.jp/tochi/b-1265050002568/,数値不明
LIFULL 土地 函南町,函南町,更地,土地カテゴリ（建物表記なし）,田方郡函南町肥田 (伊豆仁田駅),680,,,1500,田,—,,不明,接道・区分情報なし、詳細/役場で要確認,,2026-08-27,,https://www.homes.co.jp/tochi/b-1265050002636/,数値不明
LIFULL 土地 函南町,函南町,古家付き土地,土地＋古家/上物の表記,田方郡函南町柏谷 (伊豆仁田駅),890,,,1500,田,—,,不明,接道・区分情報なし。建物ありだが現行法での再建築可否は役場で要確認,,2026-08-28,,https://www.homes.co.jp/tochi/b-1265050002037/,数値不明
LIFULL 土地 函南町,函南町,更地,土地カテゴリ（建物表記なし）,田方郡函南町新田 (原木駅),950,,,1500,田,—,,不明,接道・区分情報なし、詳細/役場で要確認,,2026-08-28,,https://www.homes.co.jp/tochi/b-1265050001153/,数値不明
LIFULL 土地 函南町,函南町,更地,土地カテゴリ（建物表記なし）,田方郡函南町平井 (大場駅),280,,,1500,田,—,,不明,接道・区分情報なし、詳細/役場で要確認,,2026-08-21,,https://www.homes.co.jp/tochi/b-33306070000012/,数値不明
LIFULL 土地 函南町,函南町,更地,土地カテゴリ（建物表記なし）,田方郡函南町平井南箱根ダイヤランド (熱海駅),50,,,1500,宅地,—,接道も広く、車の出し入れがし,不明,接道・区分情報なし、詳細/役場で要確認,,2026-08-21,注意:別荘地 NG:南箱根ダイヤランド,https://www.homes.co.jp/tochi/b-33303660001118/,数値不明
LIFULL 土地 函南町,函南町,更地,土地カテゴリ（建物表記なし）,田方郡函南町丹那南箱根ダイヤランド (熱海駅),200,,,1500,田,—,,不明,接道・区分情報なし、詳細/役場で要確認,,2026-08-21,NG:南箱根ダイヤランド,https://www.homes.co.jp/tochi/b-33301270000080/,数値不明
LIFULL 土地 函南町,函南町,更地,土地カテゴリ（建物表記なし）,田方郡函南町塚本 (伊豆仁田駅),1390,,,1500,田,—,,不明,接道・区分情報なし、詳細/役場で要確認,,2026-08-21,,https://www.homes.co.jp/tochi/b-33303690000054/,数値不明
LIFULL 土地 函南町,函南町,更地,土地カテゴリ（建物表記なし）,田方郡函南町上沢 (函南駅),50,,,1500,田,—,,不明,接道・区分情報なし、詳細/役場で要確認,,2026-08-05,,https://www.homes.co.jp/tochi/b-33301530000033/,数値不明
LIFULL 土地 函南町,函南町,更地,土地カテゴリ（建物表記なし）,田方郡函南町平井 (大場駅),2100,,,1500,宅地,—,,不明,接道・区分情報なし、詳細/役場で要確認,,2026-06-19,,https://www.homes.co.jp/tochi/b-33303030000109/,数値不明
LIFULL 土地 函南町,函南町,更地,土地カテゴリ（建物表記なし）,田方郡函南町柏谷 (伊豆仁田駅),500,,,1500,田,—,,不明,接道・区分情報なし、詳細/役場で要確認,,2026-08-20,,https://www.homes.co.jp/tochi/b-33319170000016/,数値不明
LIFULL 土地 函南町,函南町,更地,土地カテゴリ（建物表記なし）,田方郡函南町肥田 (伊豆仁田駅),1050,,,1500,田,—,,不明,接道・区分情報なし、詳細/役場で要確認,,2026-08-27,,https://www.homes.co.jp/tochi/b-33332300000034/,数値不明
LIFULL 土地 函南町,函南町,更地,土地カテゴリ（建物表記なし）,田方郡函南町大竹 (函南駅),1680,,,1500,田,—,,不明,接道・区分情報なし、詳細/役場で要確認,,2026-08-29,,https://www.homes.co.jp/tochi/b-33306390000051/,数値不明
LIFULL 土地 函南町,函南町,更地,土地カテゴリ（建物表記なし）,田方郡函南町平井 (函南駅),1681,,,1500,田,—,,不明,接道・区分情報なし、詳細/役場で要確認,,2026-08-29,,https://www.homes.co.jp/tochi/b-33309130000092/,数値不明
LIFULL 土地 函南町,函南町,更地,土地カテゴリ（建物表記なし）,田方郡函南町丹那 (大場駅),2000,,,1500,田,—,,不明,接道・区分情報なし、詳細/役場で要確認,,2026-08-25,,https://www.homes.co.jp/tochi/b-33324130000005/,数値不明
LIFULL 土地 函南町,函南町,更地,土地カテゴリ（建物表記なし）,田方郡函南町平井南箱根ダイヤランド (熱海駅),480,,,1500,田,—,,不明,接道・区分情報なし、詳細/役場で要確認,,2026-08-28,NG:南箱根ダイヤランド,https://www.homes.co.jp/tochi/b-1111450004437/,数値不明
LIFULL 土地 函南町,函南町,更地,土地カテゴリ（建物表記なし）,田方郡函南町平井南箱根ダイヤランド (熱海駅),350,,,1500,田,—,,不明,接道・区分情報なし、詳細/役場で要確認,,2026-08-28,注意:温泉 NG:南箱根ダイヤランド,https://www.homes.co.jp/tochi/b-1111450003055/,数値不明
LIFULL 土地 函南町,函南町,更地,土地カテゴリ（建物表記なし）,田方郡函南町平井南箱根ダイヤランド (熱海駅),85,,,1500,田,—,,不明,接道・区分情報なし、詳細/役場で要確認,,2026-08-28,注意:別荘地 NG:南箱根ダイヤランド,https://www.homes.co.jp/tochi/b-1341600001673/,数値不明
LIFULL 土地 函南町,函南町,更地,土地カテゴリ（建物表記なし）,田方郡函南町平井 (函南駅),100,,,1500,田,—,,不明,接道・区分情報なし、詳細/役場で要確認,,2026-08-29,注意:別荘地 NG:南箱根ダイヤランド,https://www.homes.co.jp/tochi/b-1500050000479/,数値不明
LIFULL 土地 函南町,函南町,古家付き土地,土地＋古家/上物の表記,田方郡函南町柏谷 (伊豆仁田駅),1100,,,1500,田,—,,不明,接道・区分情報なし。建物ありだが現行法での再建築可否は役場で要確認,,2026-08-29,,https://www.homes.co.jp/tochi/b-1500050000469/,数値不明
LIFULL 土地 函南町,函南町,更地,土地カテゴリ（建物表記なし）,田方郡函南町平井 (函南駅),498,,,1500,田,—,,不明,接道・区分情報なし、詳細/役場で要確認,,2026-08-29,,https://www.homes.co.jp/tochi/b-1500050000502/,数値不明
LIFULL 土地 函南町,函南町,古家付き土地,土地＋古家/上物の表記,田方郡函南町肥田 (伊豆仁田駅),3500,,,1500,田,—,,不明,接道・区分情報なし。建物ありだが現行法での再建築可否は役場で要確認,,2026-08-29,,https://www.homes.co.jp/tochi/b-1500050000696/,数値不明
空き家バンクしずおか 沼津市,沼津市,更地,土地カテゴリ（建物表記なし）,沼津市大岡,1850,178.6,34.2,1500,田,市街化区域,,△,市街化区域だが接道幅員が不明。新築可否は接道要確認,,2026-08-19,,https://akiya-bank.shizuoka.fudohsan.jp/%E7%89%A9%E4%BB%B6/176384/settle/1,不適合
空き家バンクしずおか 沼津市,沼津市,古家付き土地,土地＋古家/上物の表記,沼津市大諏訪747-6,950,132.2,23.8,1500,田,市街化区域,,不明,接道・区分情報なし。建物ありだが現行法での再建築可否は役場で要確認,,2026-06-21,,https://akiya-bank.shizuoka.fudohsan.jp/%E7%89%A9%E4%BB%B6/148690/settle/1,不適合
空き家バンクしずおか 沼津市,沼津市,空き家,掲載に空き家表記,沼津市東椎路108-1,3300,462.8,23.6,3000,田,市街化区域,,不明,接道・区分情報なし。建物ありだが現行法での再建築可否は役場で要確認,,2026-08-29,,https://akiya-bank.shizuoka.fudohsan.jp/%E7%89%A9%E4%BB%B6/176765/settle/1,不適合
空き家バンクしずおか 沼津市,沼津市,空き家,掲載に空き家表記,沼津市岡一色582-2,3880,141.2,90.8,3000,田,市街化区域,,不明,接道・区分情報なし。建物ありだが現行法での再建築可否は役場で要確認,,2026-07-24,,https://akiya-bank.shizuoka.fudohsan.jp/%E7%89%A9%E4%BB%B6/172532/settle/1,不適合
空き家バンクしずおか 沼津市,沼津市,空き家,掲載に空き家表記,沼津市岡宮1344-87,1390,154.0,29.8,3000,宅地,市街化区域,,不明,接道・区分情報なし。建物ありだが現行法での再建築可否は役場で要確認,,2026-08-07,,https://akiya-bank.shizuoka.fudohsan.jp/%E7%89%A9%E4%BB%B6/176133/settle/1,不適合
空き家バンクしずおか 沼津市,沼津市,空き家,掲載に空き家表記,沼津市下香貫木ノ宮,2480,137.1,59.8,3000,宅地,市街化区域,,不明,接道・区分情報なし。建物ありだが現行法での再建築可否は役場で要確認,,2026-08-28,,https://akiya-bank.shizuoka.fudohsan.jp/%E7%89%A9%E4%BB%B6/176755/settle/1,不適合
空き家バンクしずおか 沼津市,沼津市,更地,土地カテゴリ（建物表記なし）,沼津市東椎路1303-37,850,115.7,24.3,1500,宅地,市街化区域,,△,市街化区域だが接道幅員が不明。新築可否は接道要確認,,2026-06-14,,https://akiya-bank.shizuoka.fudohsan.jp/%E7%89%A9%E4%BB%B6/142640/settle/1,不適合
空き家バンクしずおか 沼津市,沼津市,更地,土地カテゴリ（建物表記なし）,沼津市東椎路,8000,1161.0,22.8,1500,田,市街化区域,,△,市街化区域だが接道幅員が不明。新築可否は接道要確認,,2026-06-14,,https://akiya-bank.shizuoka.fudohsan.jp/%E7%89%A9%E4%BB%B6/152187/settle/1,不適合
空き家バンクしずおか 沼津市,沼津市,更地,土地カテゴリ（建物表記なし）,沼津市吉田町28-22,1550,193.3,26.5,1500,田,市街化区域,,△,市街化区域だが接道幅員が不明。新築可否は接道要確認,,2026-06-14,,https://akiya-bank.shizuoka.fudohsan.jp/%E7%89%A9%E4%BB%B6/142450/settle/1,不適合
空き家バンクしずおか 沼津市,沼津市,更地,土地カテゴリ（建物表記なし）,沼津市原町中３丁目,1420,194.4,24.1,1500,田,市街化区域,,△,市街化区域だが接道幅員が不明。新築可否は接道要確認,,2026-06-14,,https://akiya-bank.shizuoka.fudohsan.jp/%E7%89%A9%E4%BB%B6/164627/settle/1,不適合
空き家バンクしずおか 沼津市,沼津市,更地,土地カテゴリ（建物表記なし）,沼津市原町中１丁目5-14,750,128.0,19.4,1500,田,市街化区域,,△,市街化区域だが接道幅員が不明。新築可否は接道要確認,,2026-06-21,,https://akiya-bank.shizuoka.fudohsan.jp/%E7%89%A9%E4%BB%B6/152698/settle/1,不適合
空き家バンクしずおか 沼津市,沼津市,更地,土地カテゴリ（建物表記なし）,沼津市足高,900,184.8,16.1,1500,田,市街化区域,,△,市街化区域だが接道幅員が不明。新築可否は接道要確認,,2026-06-21,,https://akiya-bank.shizuoka.fudohsan.jp/%E7%89%A9%E4%BB%B6/173984/settle/1,不適合
空き家バンクしずおか 沼津市,沼津市,更地,土地カテゴリ（建物表記なし）,沼津市今沢110-1,1800,330.2,18.0,1500,田,市街化区域,,△,市街化区域だが接道幅員が不明。新築可否は接道要確認,,2026-06-14,,https://akiya-bank.shizuoka.fudohsan.jp/%E7%89%A9%E4%BB%B6/144010/settle/1,不適合
空き家バンクしずおか 沼津市,沼津市,空き家,掲載に空き家表記,沼津市下香貫牛臥,1200,244.6,16.2,3000,田,市街化区域,,不明,接道・区分情報なし。建物ありだが現行法での再建築可否は役場で要確認,,2026-08-27,,https://akiya-bank.shizuoka.fudohsan.jp/%E7%89%A9%E4%BB%B6/176196/settle/1,不適合
空き家バンクしずおか 沼津市,沼津市,更地,土地カテゴリ（建物表記なし）,沼津市江原町13-13,12000,527.4,75.2,1500,田,市街化区域,,△,市街化区域だが接道幅員が不明。新築可否は接道要確認,,2026-07-15,,https://akiya-bank.shizuoka.fudohsan.jp/%E7%89%A9%E4%BB%B6/117567/settle/1,不適合
空き家バンクしずおか 沼津市,沼津市,空き家,掲載に空き家表記,沼津市本錦町648-1,190,26.2,24.0,3000,田,—,,不明,接道・区分情報なし。建物ありだが現行法での再建築可否は役場で要確認,,2026-06-14,注意:管理費,https://akiya-bank.shizuoka.fudohsan.jp/%E7%89%A9%E4%BB%B6/164375/settle/1,不適合
空き家バンクしずおか 沼津市,沼津市,中古戸建,中古戸建/住宅カテゴリ,沼津市下河原町131-18,150,25.8,19.2,3000,田,—,,不明,接道・区分情報なし。建物ありだが現行法での再建築可否は役場で要確認,,2026-06-21,注意:管理費,https://akiya-bank.shizuoka.fudohsan.jp/%E7%89%A9%E4%BB%B6/164428/settle/1,不適合
空き家バンクしずおか 沼津市,沼津市,空き家,掲載に空き家表記,沼津市我入道津島町291,2180,380.2,19.0,3000,田,市街化区域,,不明,接道・区分情報なし。建物ありだが現行法での再建築可否は役場で要確認,,2026-06-19,,https://akiya-bank.shizuoka.fudohsan.jp/%E7%89%A9%E4%BB%B6/174350/settle/1,適合
空き家バンクしずおか 沼津市,沼津市,空き家,掲載に空き家表記,沼津市原2030-33,1980,218.0,30.0,3000,宅地,市街化区域,,不明,接道・区分情報なし。建物ありだが現行法での再建築可否は役場で要確認,,2026-06-21,,https://akiya-bank.shizuoka.fudohsan.jp/%E7%89%A9%E4%BB%B6/163582/settle/1,不適合
空き家バンクしずおか 沼津市,沼津市,空き家,掲載に空き家表記,沼津市南本郷町12-6-1,2880,241.3,39.5,3000,宅地,市街化区域,,不明,接道・区分情報なし。建物ありだが現行法での再建築可否は役場で要確認,,2026-06-21,,https://akiya-bank.shizuoka.fudohsan.jp/%E7%89%A9%E4%BB%B6/170276/settle/1,不適合
空き家バンクしずおか 沼津市,沼津市,更地,土地カテゴリ（建物表記なし）,沼津市岡宮638-1,3070,392.1,25.9,1500,田,市街化区域,,△,市街化区域だが接道幅員が不明。新築可否は接道要確認,,2026-07-14,,https://akiya-bank.shizuoka.fudohsan.jp/%E7%89%A9%E4%BB%B6/174621/settle/1,不適合
空き家バンクしずおか 沼津市,沼津市,更地,土地カテゴリ（建物表記なし）,沼津市本郷町8-12,1300,158.9,27.0,1500,宅地,市街化区域,,△,市街化区域だが接道幅員が不明。新築可否は接道要確認,,2026-06-21,,https://akiya-bank.shizuoka.fudohsan.jp/%E7%89%A9%E4%BB%B6/169766/settle/1,不適合
空き家バンクしずおか 沼津市,沼津市,更地,土地カテゴリ（建物表記なし）,沼津市下香貫藤井原,880,107.4,27.1,1500,田,市街化区域,,△,市街化区域だが接道幅員が不明。新築可否は接道要確認,,2026-06-21,,https://akiya-bank.shizuoka.fudohsan.jp/%E7%89%A9%E4%BB%B6/159903/settle/1,不適合
空き家バンクしずおか 沼津市,沼津市,更地,土地カテゴリ（建物表記なし）,沼津市本字下一丁田866-14,660,134.1,16.3,1500,田,市街化区域,,△,市街化区域だが接道幅員が不明。新築可否は接道要確認,,2026-06-21,,https://akiya-bank.shizuoka.fudohsan.jp/%E7%89%A9%E4%BB%B6/129160/settle/1,不適合
空き家バンクしずおか 沼津市,沼津市,更地,土地カテゴリ（建物表記なし）,沼津市原1548-1,5100,842.3,20.0,1500,田,市街化区域,,△,市街化区域だが接道幅員が不明。新築可否は接道要確認,,2026-06-21,,https://akiya-bank.shizuoka.fudohsan.jp/%E7%89%A9%E4%BB%B6/133077/settle/1,不適合
空き家バンクしずおか 沼津市,沼津市,更地,土地カテゴリ（建物表記なし）,沼津市下香貫牛臥3010-44,750,180.6,13.7,1500,田,市街化区域,,△,市街化区域だが接道幅員が不明。新築可否は接道要確認,,2026-06-21,,https://akiya-bank.shizuoka.fudohsan.jp/%E7%89%A9%E4%BB%B6/160848/settle/1,不適合
空き家バンクしずおか 沼津市,沼津市,古家付き土地,土地＋古家/上物の表記,沼津市下香貫馬場439-2,1000,165.3,20.0,1500,田,市街化区域,,不明,接道・区分情報なし。建物ありだが現行法での再建築可否は役場で要確認,,2026-06-21,,https://akiya-bank.shizuoka.fudohsan.jp/%E7%89%A9%E4%BB%B6/97393/settle/1,不適合
空き家バンクしずおか 沼津市,沼津市,更地,土地カテゴリ（建物表記なし）,沼津市本郷町23-24,1950,194.0,33.2,1500,宅地,市街化区域,,△,市街化区域だが接道幅員が不明。新築可否は接道要確認,,2026-06-21,,https://akiya-bank.shizuoka.fudohsan.jp/%E7%89%A9%E4%BB%B6/137887/settle/1,不適合
空き家バンクしずおか 沼津市,沼津市,更地,土地カテゴリ（建物表記なし）,沼津市御幸町23-6,3200,30.6,345.7,1500,田,市街化区域,,△,市街化区域だが接道幅員が不明。新築可否は接道要確認,,2026-06-21,,https://akiya-bank.shizuoka.fudohsan.jp/%E7%89%A9%E4%BB%B6/164107/settle/1,不適合
空き家バンクしずおか 沼津市,沼津市,更地,土地カテゴリ（建物表記なし）,沼津市中瀬町17-13,1490,164.2,30.0,1500,田,市街化区域,,△,市街化区域だが接道幅員が不明。新築可否は接道要確認,,2026-06-21,,https://akiya-bank.shizuoka.fudohsan.jp/%E7%89%A9%E4%BB%B6/153981/settle/1,不適合
空き家バンクしずおか 沼津市,沼津市,古家付き土地,土地＋古家/上物の表記,沼津市玉江町1-27,1999,220.3,30.0,1500,宅地,市街化区域,,不明,接道・区分情報なし。建物ありだが現行法での再建築可否は役場で要確認,,2026-06-21,,https://akiya-bank.shizuoka.fudohsan.jp/%E7%89%A9%E4%BB%B6/157705/settle/1,不適合
空き家バンクしずおか 沼津市,沼津市,空き家,掲載に空き家表記,沼津市大岡,2980,150.5,65.5,3000,田,市街化区域,,不明,接道・区分情報なし。建物ありだが現行法での再建築可否は役場で要確認,,2026-06-21,,https://akiya-bank.shizuoka.fudohsan.jp/%E7%89%A9%E4%BB%B6/172723/settle/1,不適合
空き家バンクしずおか 沼津市,沼津市,更地,土地カテゴリ（建物表記なし）,沼津市大岡798-1他,1850,242.8,25.2,1500,田,市街化区域,,△,市街化区域だが接道幅員が不明。新築可否は接道要確認,,2026-08-25,,https://akiya-bank.shizuoka.fudohsan.jp/%E7%89%A9%E4%BB%B6/176633/settle/1,不適合
空き家バンクしずおか 沼津市,沼津市,更地,土地カテゴリ（建物表記なし）,沼津市大岡798-1他,1880,154.1,40.3,1500,田,市街化区域,,△,市街化区域だが接道幅員が不明。新築可否は接道要確認,,2026-08-25,,https://akiya-bank.shizuoka.fudohsan.jp/%E7%89%A9%E4%BB%B6/176632/settle/1,不適合
空き家バンクしずおか 沼津市,沼津市,更地,土地カテゴリ（建物表記なし）,沼津市大岡798-1他,1980,151.4,43.2,1500,田,市街化区域,,△,市街化区域だが接道幅員が不明。新築可否は接道要確認,,2026-08-25,,https://akiya-bank.shizuoka.fudohsan.jp/%E7%89%A9%E4%BB%B6/176631/settle/1,不適合
空き家バンクしずおか 沼津市,沼津市,更地,土地カテゴリ（建物表記なし）,沼津市大岡798-1他,1980,151.5,43.2,1500,田,市街化区域,,△,市街化区域だが接道幅員が不明。新築可否は接道要確認,,2026-08-25,,https://akiya-bank.shizuoka.fudohsan.jp/%E7%89%A9%E4%BB%B6/176593/settle/1,不適合
空き家バンクしずおか 沼津市,沼津市,空き家,掲載に空き家表記,沼津市足高287-21,2880,165.8,57.4,3000,田,市街化区域,,不明,接道・区分情報なし。建物ありだが現行法での再建築可否は役場で要確認,,2026-06-14,,https://akiya-bank.shizuoka.fudohsan.jp/%E7%89%A9%E4%BB%B6/169170/settle/1,不適合
空き家バンクしずおか 沼津市,沼津市,更地,土地カテゴリ（建物表記なし）,沼津市高砂町,4400,608.4,23.9,1500,宅地,市街化区域,,△,市街化区域だが接道幅員が不明。新築可否は接道要確認,,2026-06-21,,https://akiya-bank.shizuoka.fudohsan.jp/%E7%89%A9%E4%BB%B6/167323/settle/1,不適合
空き家バンクしずおか 沼津市,沼津市,更地,土地カテゴリ（建物表記なし）,沼津市本郷町8-12　(1)号地,1300,158.9,27.0,1500,宅地,市街化区域,,△,市街化区域だが接道幅員が不明。新築可否は接道要確認,,2026-06-21,,https://akiya-bank.shizuoka.fudohsan.jp/%E7%89%A9%E4%BB%B6/169697/settle/1,不適合
空き家バンクしずおか 沼津市,沼津市,古家付き土地,土地＋古家/上物の表記,沼津市下香貫藤井原,880,107.4,27.1,1500,田,市街化区域,,不明,接道・区分情報なし。建物ありだが現行法での再建築可否は役場で要確認,,2026-06-21,,https://akiya-bank.shizuoka.fudohsan.jp/%E7%89%A9%E4%BB%B6/159854/settle/1,不適合
空き家バンクしずおか 沼津市,沼津市,更地,土地カテゴリ（建物表記なし）,沼津市志下551-1,950,378.6,8.3,1500,田,市街化調整区域,,△,市街化調整区域は原則新築不可・許可要件次第＝本命候補,,2026-06-14,関心:調整区域/無指定,https://akiya-bank.shizuoka.fudohsan.jp/%E7%89%A9%E4%BB%B6/88488/settle/1,適合
空き家バンクしずおか 沼津市,沼津市,古家付き土地,土地＋古家/上物の表記,沼津市大岡,1100,123.8,29.4,1500,田,市街化区域,,不明,接道・区分情報なし。建物ありだが現行法での再建築可否は役場で要確認,,2026-07-04,,https://akiya-bank.shizuoka.fudohsan.jp/%E7%89%A9%E4%BB%B6/166669/settle/1,不適合
空き家バンクしずおか 沼津市,沼津市,空き家,掲載に空き家表記,沼津市本松下845-3,2690,187.4,47.5,3000,田,市街化区域,,不明,接道・区分情報なし。建物ありだが現行法での再建築可否は役場で要確認,,2026-08-22,,https://akiya-bank.shizuoka.fudohsan.jp/%E7%89%A9%E4%BB%B6/176535/settle/1,不適合
空き家バンクしずおか 沼津市,沼津市,更地,土地カテゴリ（建物表記なし）,沼津市大岡,4180,184.4,74.9,1500,田,市街化区域,,△,市街化区域だが接道幅員が不明。新築可否は接道要確認,,2026-06-14,,https://akiya-bank.shizuoka.fudohsan.jp/%E7%89%A9%E4%BB%B6/172791/settle/1,不適合
空き家バンクしずおか 沼津市,沼津市,古家付き土地,土地＋古家/上物の表記,"沼津市大岡1761-9,1761-10",800,132.2,20.0,1500,田,市街化区域,,不明,接道・区分情報なし。建物ありだが現行法での再建築可否は役場で要確認,,2026-06-21,,https://akiya-bank.shizuoka.fudohsan.jp/%E7%89%A9%E4%BB%B6/162793/settle/1,不適合
空き家バンクしずおか 沼津市,沼津市,空き家,掲載に空き家表記,沼津市中沢田423-1,2490,132.4,62.2,3000,田,市街化区域,,不明,接道・区分情報なし。建物ありだが現行法での再建築可否は役場で要確認,,2026-06-21,,https://akiya-bank.shizuoka.fudohsan.jp/%E7%89%A9%E4%BB%B6/168971/settle/1,不適合
空き家バンクしずおか 沼津市,沼津市,空き家,掲載に空き家表記,沼津市中沢田423-1,2190,133.9,54.1,3000,田,市街化区域,,不明,接道・区分情報なし。建物ありだが現行法での再建築可否は役場で要確認,,2026-06-21,,https://akiya-bank.shizuoka.fudohsan.jp/%E7%89%A9%E4%BB%B6/168975/settle/1,不適合
空き家バンクしずおか 沼津市,沼津市,空き家,掲載に空き家表記,沼津市沢田町7-13,2490,160.3,51.3,3000,田,市街化区域,,不明,接道・区分情報なし。建物ありだが現行法での再建築可否は役場で要確認,,2026-06-14,,https://akiya-bank.shizuoka.fudohsan.jp/%E7%89%A9%E4%BB%B6/170110/settle/1,不適合
空き家バンクしずおか 沼津市,沼津市,空き家,掲載に空き家表記,沼津市沢田町7-13,2690,148.3,60.0,3000,田,市街化区域,,不明,接道・区分情報なし。建物ありだが現行法での再建築可否は役場で要確認,,2026-06-14,,https://akiya-bank.shizuoka.fudohsan.jp/%E7%89%A9%E4%BB%B6/170198/settle/1,不適合
空き家バンクしずおか 沼津市,沼津市,空き家,掲載に空き家表記,沼津市大塚428-1,2470,161.6,50.5,3000,田,市街化区域,,不明,接道・区分情報なし。建物ありだが現行法での再建築可否は役場で要確認,,2026-07-25,,https://akiya-bank.shizuoka.fudohsan.jp/%E7%89%A9%E4%BB%B6/175656/settle/1,不適合
空き家バンクしずおか 沼津市,沼津市,更地,土地カテゴリ（建物表記なし）,沼津市中瀬町190番,3588,339.0,35.0,1500,田,市街化区域,,△,市街化区域だが接道幅員が不明。新築可否は接道要確認,,2026-06-21,,https://akiya-bank.shizuoka.fudohsan.jp/%E7%89%A9%E4%BB%B6/162675/settle/1,不適合
空き家バンクしずおか 沼津市,沼津市,古家付き土地,土地＋古家/上物の表記,沼津市西間門274-3,800,199.1,13.3,1500,田,市街化区域,,不明,接道・区分情報なし。建物ありだが現行法での再建築可否は役場で要確認,,2026-06-21,,https://akiya-bank.shizuoka.fudohsan.jp/%E7%89%A9%E4%BB%B6/159985/settle/1,不適合
空き家バンクしずおか 沼津市,沼津市,空き家,掲載に空き家表記,沼津市大岡,5820,328.6,58.6,3000,田,市街化区域,,不明,接道・区分情報なし。建物ありだが現行法での再建築可否は役場で要確認,,2026-06-21,,https://akiya-bank.shizuoka.fudohsan.jp/%E7%89%A9%E4%BB%B6/158384/settle/1,不適合
空き家バンクしずおか 沼津市,沼津市,更地,土地カテゴリ（建物表記なし）,沼津市大岡,3900,166.1,77.6,1500,田,市街化区域,,△,市街化区域だが接道幅員が不明。新築可否は接道要確認,,2026-08-07,関心:無指定,https://akiya-bank.shizuoka.fudohsan.jp/%E7%89%A9%E4%BB%B6/176036/settle/1,不適合
空き家バンクしずおか 沼津市,沼津市,更地,土地カテゴリ（建物表記なし）,沼津市真砂町19-8,480,58.5,27.1,1500,田,市街化区域,,△,市街化区域だが接道幅員が不明。新築可否は接道要確認,,2026-06-21,,https://akiya-bank.shizuoka.fudohsan.jp/%E7%89%A9%E4%BB%B6/169633/settle/1,不適合
空き家バンクしずおか 沼津市,沼津市,更地,土地カテゴリ（建物表記なし）,沼津市下香貫2994番22,450,114.6,13.0,1500,田,市街化区域,,△,市街化区域だが接道幅員が不明。新築可否は接道要確認,,2026-07-24,,https://akiya-bank.shizuoka.fudohsan.jp/%E7%89%A9%E4%BB%B6/175580/settle/1,不適合
空き家バンクしずおか 沼津市,沼津市,更地,土地カテゴリ（建物表記なし）,沼津市今沢689-39,1100,193.2,18.8,1500,田,市街化区域,,△,市街化区域だが接道幅員が不明。新築可否は接道要確認,,2026-06-21,,https://akiya-bank.shizuoka.fudohsan.jp/%E7%89%A9%E4%BB%B6/153833/settle/1,不適合
空き家バンクしずおか 沼津市,沼津市,空き家,掲載に空き家表記,沼津市上土町,1980,71.2,91.9,3000,田,—,,不明,接道・区分情報なし。建物ありだが現行法での再建築可否は役場で要確認,,2026-06-21,注意:管理費,https://akiya-bank.shizuoka.fudohsan.jp/%E7%89%A9%E4%BB%B6/166745/settle/1,不適合
空き家バンクしずおか 沼津市,沼津市,空き家,掲載に空き家表記,沼津市本田町,290,59.9,16.0,3000,田,市街化区域,,不明,接道・区分情報なし。建物ありだが現行法での再建築可否は役場で要確認,,2026-08-18,,https://akiya-bank.shizuoka.fudohsan.jp/%E7%89%A9%E4%BB%B6/176373/settle/1,不適合
空き家バンクしずおか 沼津市,沼津市,古家付き土地,土地＋古家/上物の表記,沼津市下香貫六反,700,125.2,18.5,1500,宅地,市街化区域,,不明,接道・区分情報なし。建物ありだが現行法での再建築可否は役場で要確認,,2026-08-17,,https://akiya-bank.shizuoka.fudohsan.jp/%E7%89%A9%E4%BB%B6/159939/settle/1,不適合
空き家バンクしずおか 沼津市,沼津市,古家付き土地,土地＋古家/上物の表記,沼津市下香貫前原1494-2,7180,1186.8,20.0,1500,田,市街化区域,,不明,接道・区分情報なし。建物ありだが現行法での再建築可否は役場で要確認,,2026-08-17,,https://akiya-bank.shizuoka.fudohsan.jp/%E7%89%A9%E4%BB%B6/148891/settle/1,不適合
空き家バンクしずおか 沼津市,沼津市,空き家,掲載に空き家表記,沼津市大岡,2180,240.5,30.0,3000,田,市街化区域,,不明,接道・区分情報なし。建物ありだが現行法での再建築可否は役場で要確認,,2026-06-21,,https://akiya-bank.shizuoka.fudohsan.jp/%E7%89%A9%E4%BB%B6/173874/settle/1,不適合
空き家バンクしずおか 沼津市,沼津市,古家付き土地,土地＋古家/上物の表記,沼津市下香貫八重,990,147.6,22.2,1500,宅地,市街化区域,,不明,接道・区分情報なし。建物ありだが現行法での再建築可否は役場で要確認,,2026-06-21,,https://akiya-bank.shizuoka.fudohsan.jp/%E7%89%A9%E4%BB%B6/173873/settle/1,不適合
空き家バンクしずおか 沼津市,沼津市,更地,土地カテゴリ（建物表記なし）,沼津市平町１３番3,1800,137.1,43.4,1500,田,市街化区域,,△,市街化区域だが接道幅員が不明。新築可否は接道要確認,,2026-07-04,,https://akiya-bank.shizuoka.fudohsan.jp/%E7%89%A9%E4%BB%B6/154153/settle/1,不適合
空き家バンクしずおか 沼津市,沼津市,更地,土地カテゴリ（建物表記なし）,沼津市平町21-11,600,81.0,24.5,1500,田,市街化区域,,△,市街化区域だが接道幅員が不明。新築可否は接道要確認,,2026-06-14,,https://akiya-bank.shizuoka.fudohsan.jp/%E7%89%A9%E4%BB%B6/151860/settle/1,不適合
空き家バンクしずおか 沼津市,沼津市,更地,土地カテゴリ（建物表記なし）,沼津市岡宮,1680,109.0,51.0,1500,田,市街化区域,,△,市街化区域だが接道幅員が不明。新築可否は接道要確認,,2026-06-21,,https://akiya-bank.shizuoka.fudohsan.jp/%E7%89%A9%E4%BB%B6/149174/settle/1,不適合
空き家バンクしずおか 沼津市,沼津市,更地,土地カテゴリ（建物表記なし）,沼津市原,1140,139.8,27.0,1500,田,市街化区域,,△,市街化区域だが接道幅員が不明。新築可否は接道要確認,,2026-08-12,,https://akiya-bank.shizuoka.fudohsan.jp/%E7%89%A9%E4%BB%B6/168517/settle/1,不適合
空き家バンクしずおか 沼津市,沼津市,空き家,掲載に空き家表記,沼津市岡宮,4080,165.7,81.4,3000,宅地,市街化区域,,不明,接道・区分情報なし。建物ありだが現行法での再建築可否は役場で要確認,,2026-06-14,,https://akiya-bank.shizuoka.fudohsan.jp/%E7%89%A9%E4%BB%B6/169399/settle/1,不適合
空き家バンクしずおか 沼津市,沼津市,更地,土地カテゴリ（建物表記なし）,沼津市大岡,3980,123.8,106.3,1500,田,市街化区域,,△,市街化区域だが接道幅員が不明。新築可否は接道要確認,,2026-06-14,,https://akiya-bank.shizuoka.fudohsan.jp/%E7%89%A9%E4%BB%B6/173552/settle/1,不適合
空き家バンクしずおか 沼津市,沼津市,更地,土地カテゴリ（建物表記なし）,沼津市大塚,2590,234.0,36.6,1500,田,市街化区域,,△,市街化区域だが接道幅員が不明。新築可否は接道要確認,,2026-07-13,,https://akiya-bank.shizuoka.fudohsan.jp/%E7%89%A9%E4%BB%B6/175204/settle/1,不適合
空き家バンクしずおか 沼津市,沼津市,更地,土地カテゴリ（建物表記なし）,沼津市西熊堂,760,95.0,26.4,1500,田,市街化区域,,△,市街化区域だが接道幅員が不明。新築可否は接道要確認,,2026-06-21,,https://akiya-bank.shizuoka.fudohsan.jp/%E7%89%A9%E4%BB%B6/160049/settle/1,不適合
空き家バンクしずおか 沼津市,沼津市,更地,土地カテゴリ（建物表記なし）,沼津市上香貫宮原町1529-1,2308,399.9,19.1,1500,宅地,市街化区域,,△,市街化区域だが接道幅員が不明。新築可否は接道要確認,,2026-06-21,,https://akiya-bank.shizuoka.fudohsan.jp/%E7%89%A9%E4%BB%B6/139081/settle/1,不適合
空き家バンクしずおか 沼津市,沼津市,更地,土地カテゴリ（建物表記なし）,沼津市西島町1111-6,1200,184.0,21.6,1500,田,市街化区域,,△,市街化区域だが接道幅員が不明。新築可否は接道要確認,,2026-06-21,,https://akiya-bank.shizuoka.fudohsan.jp/%E7%89%A9%E4%BB%B6/34387/settle/1,不適合
空き家バンクしずおか 沼津市,沼津市,古家付き土地,土地＋古家/上物の表記,沼津市大岡,1490,123.8,39.8,1500,田,市街化区域,,不明,接道・区分情報なし。建物ありだが現行法での再建築可否は役場で要確認,,2026-08-07,,https://akiya-bank.shizuoka.fudohsan.jp/%E7%89%A9%E4%BB%B6/175137/settle/1,不適合
空き家バンクしずおか 沼津市,沼津市,空き家,掲載に空き家表記,沼津市三園町,2490,75.3,109.3,3000,田,—,,不明,接道・区分情報なし。建物ありだが現行法での再建築可否は役場で要確認,,2026-08-07,注意:管理費,https://akiya-bank.shizuoka.fudohsan.jp/%E7%89%A9%E4%BB%B6/176138/settle/1,不適合
空き家バンクしずおか 沼津市,沼津市,空き家,掲載に空き家表記,沼津市大岡,2090,65.0,106.3,3000,田,—,,不明,接道・区分情報なし。建物ありだが現行法での再建築可否は役場で要確認,,2026-08-07,注意:管理費,https://akiya-bank.shizuoka.fudohsan.jp/%E7%89%A9%E4%BB%B6/176144/settle/1,不適合
空き家バンクしずおか 沼津市,沼津市,空き家,掲載に空き家表記,沼津市高沢町,3190,77.5,136.1,3000,田,—,,不明,接道・区分情報なし。建物ありだが現行法での再建築可否は役場で要確認,,2026-08-07,注意:管理費,https://akiya-bank.shizuoka.fudohsan.jp/%E7%89%A9%E4%BB%B6/176145/settle/1,不適合
空き家バンクしずおか 沼津市,沼津市,空き家,掲載に空き家表記,沼津市上土町,2590,77.4,110.6,3000,田,—,,不明,接道・区分情報なし。建物ありだが現行法での再建築可否は役場で要確認,,2026-08-07,注意:管理費,https://akiya-bank.shizuoka.fudohsan.jp/%E7%89%A9%E4%BB%B6/176150/settle/1,不適合
空き家バンクしずおか 沼津市,沼津市,更地,土地カテゴリ（建物表記なし）,沼津市青野,5480,871.3,20.8,1500,田,市街化区域,,△,市街化区域だが接道幅員が不明。新築可否は接道要確認,,2026-06-21,,https://akiya-bank.shizuoka.fudohsan.jp/%E7%89%A9%E4%BB%B6/168100/settle/1,不適合
空き家バンクしずおか 沼津市,沼津市,空き家,掲載に空き家表記,沼津市白銀町,4180,100.1,138.0,3000,田,市街化区域,,不明,接道・区分情報なし。建物ありだが現行法での再建築可否は役場で要確認,,2026-06-21,,https://akiya-bank.shizuoka.fudohsan.jp/%E7%89%A9%E4%BB%B6/168204/settle/1,不適合
空き家バンクしずおか 沼津市,沼津市,空き家,掲載に空き家表記,沼津市大岡,1050,98.4,35.3,3000,田,市街化区域,,不明,接道・区分情報なし。建物ありだが現行法での再建築可否は役場で要確認,,2026-06-14,,https://akiya-bank.shizuoka.fudohsan.jp/%E7%89%A9%E4%BB%B6/165748/settle/1,不適合
空き家バンクしずおか 沼津市,沼津市,古家付き土地,土地＋古家/上物の表記,沼津市千本中町26,780,387.9,6.6,1500,田,市街化区域,,不明,接道・区分情報なし。建物ありだが現行法での再建築可否は役場で要確認,,2026-06-21,,https://akiya-bank.shizuoka.fudohsan.jp/%E7%89%A9%E4%BB%B6/165752/settle/1,適合
空き家バンクしずおか 沼津市,沼津市,古家付き土地,土地＋古家/上物の表記,沼津市戸田,180,84.6,7.0,1500,田,—,,不明,接道・区分情報なし。建物ありだが現行法での再建築可否は役場で要確認,,2026-06-21,関心:無指定,https://akiya-bank.shizuoka.fudohsan.jp/%E7%89%A9%E4%BB%B6/140937/settle/1,不適合
空き家バンクしずおか 沼津市,沼津市,古家付き土地,土地＋古家/上物の表記,沼津市五月町1-16,1250,138.0,29.9,1500,田,市街化区域,,不明,接道・区分情報なし。建物ありだが現行法での再建築可否は役場で要確認,,2026-06-21,,https://akiya-bank.shizuoka.fudohsan.jp/%E7%89%A9%E4%BB%B6/152722/settle/1,不適合
空き家バンクしずおか 沼津市,沼津市,空き家,掲載に空き家表記,沼津市平町,980,52.8,61.4,3000,田,—,,不明,接道・区分情報なし。建物ありだが現行法での再建築可否は役場で要確認,,2026-06-21,注意:管理費,https://akiya-bank.shizuoka.fudohsan.jp/%E7%89%A9%E4%BB%B6/173390/settle/1,不適合
空き家バンクしずおか 沼津市,沼津市,更地,土地カテゴリ（建物表記なし）,沼津市江原町,6700,409.6,54.1,1500,田,市街化区域,,△,市街化区域だが接道幅員が不明。新築可否は接道要確認,,2026-06-21,,https://akiya-bank.shizuoka.fudohsan.jp/%E7%89%A9%E4%BB%B6/160881/settle/1,不適合
空き家バンクしずおか 沼津市,沼津市,更地,土地カテゴリ（建物表記なし）,沼津市岡宮1307-6　他2筆,2022,180.7,37.0,1500,宅地,市街化区域,,△,市街化区域だが接道幅員が不明。新築可否は接道要確認,,2026-06-21,,https://akiya-bank.shizuoka.fudohsan.jp/%E7%89%A9%E4%BB%B6/168203/settle/1,不適合
空き家バンクしずおか 沼津市,沼津市,更地,土地カテゴリ（建物表記なし）,沼津市下河原町２丁目,900,139.6,21.3,1500,田,市街化区域,,△,市街化区域だが接道幅員が不明。新築可否は接道要確認,,2026-06-21,,https://akiya-bank.shizuoka.fudohsan.jp/%E7%89%A9%E4%BB%B6/173240/settle/1,不適合
空き家バンクしずおか 沼津市,沼津市,更地,土地カテゴリ（建物表記なし）,沼津市西島町,1100,218.0,16.7,1500,田,市街化区域,,△,市街化区域だが接道幅員が不明。新築可否は接道要確認,,2026-06-21,,https://akiya-bank.shizuoka.fudohsan.jp/%E7%89%A9%E4%BB%B6/165457/settle/1,不適合
空き家バンクしずおか 沼津市,沼津市,更地,土地カテゴリ（建物表記なし）,沼津市真砂町1-5,300,39.2,25.3,1500,田,市街化区域,,△,市街化区域だが接道幅員が不明。新築可否は接道要確認,,2026-06-21,,https://akiya-bank.shizuoka.fudohsan.jp/%E7%89%A9%E4%BB%B6/141530/settle/1,不適合
空き家バンクしずおか 沼津市,沼津市,更地,土地カテゴリ（建物表記なし）,沼津市吉田町27-3,1050,144.6,24.0,1500,田,市街化区域,,△,市街化区域だが接道幅員が不明。新築可否は接道要確認,,2026-06-21,,https://akiya-bank.shizuoka.fudohsan.jp/%E7%89%A9%E4%BB%B6/49747/settle/1,不適合
空き家バンクしずおか 沼津市,沼津市,更地,土地カテゴリ（建物表記なし）,沼津市大塚531-7,780,183.4,14.1,1500,田,市街化区域,,△,市街化区域だが接道幅員が不明。新築可否は接道要確認,,2026-06-21,,https://akiya-bank.shizuoka.fudohsan.jp/%E7%89%A9%E4%BB%B6/154950/settle/1,不適合
空き家バンクしずおか 沼津市,沼津市,古家付き土地,土地＋古家/上物の表記,沼津市西椎路,1200,237.7,16.7,1500,田,市街化調整区域,,△,調整区域の建替えは既存宅地要件等の確認が必要＝本命候補,,2026-06-21,関心:調整区域/無指定,https://akiya-bank.shizuoka.fudohsan.jp/%E7%89%A9%E4%BB%B6/172100/settle/1,不適合
空き家バンクしずおか 沼津市,沼津市,空き家,掲載に空き家表記,沼津市口野,490,115.2,14.1,3000,田,市街化調整区域,,△,調整区域の建替えは既存宅地要件等の確認が必要＝本命候補,,2026-06-21,関心:調整区域/無指定,https://akiya-bank.shizuoka.fudohsan.jp/%E7%89%A9%E4%BB%B6/167921/settle/1,不適合
空き家バンクしずおか 沼津市,沼津市,古家付き土地,土地＋古家/上物の表記,沼津市庄栄町,2300,164.8,46.1,1500,田,市街化区域,,不明,接道・区分情報なし。建物ありだが現行法での再建築可否は役場で要確認,,2026-06-21,,https://akiya-bank.shizuoka.fudohsan.jp/%E7%89%A9%E4%BB%B6/161703/settle/1,不適合
空き家バンクしずおか 沼津市,沼津市,更地,土地カテゴリ（建物表記なし）,沼津市下香貫,1800,297.0,20.0,1500,田,市街化区域,,△,市街化区域だが接道幅員が不明。新築可否は接道要確認,,2026-06-21,,https://akiya-bank.shizuoka.fudohsan.jp/%E7%89%A9%E4%BB%B6/158447/settle/1,不適合
空き家バンクしずおか 沼津市,沼津市,空き家,掲載に空き家表記,沼津市岡一色270-1,1550,70.7,72.5,3000,田,—,,不明,接道・区分情報なし。建物ありだが現行法での再建築可否は役場で要確認,,2026-07-26,注意:管理費,https://akiya-bank.shizuoka.fudohsan.jp/%E7%89%A9%E4%BB%B6/172379/settle/1,不適合
空き家バンクしずおか 沼津市,沼津市,更地,土地カテゴリ（建物表記なし）,沼津市足高441-1227,600,680.3,2.9,1500,田,市街化調整区域,,△,市街化調整区域は原則新築不可・許可要件次第＝本命候補,,2026-07-25,関心:調整区域/無指定,https://akiya-bank.shizuoka.fudohsan.jp/%E7%89%A9%E4%BB%B6/128347/settle/1,適合
空き家バンクしずおか 沼津市,沼津市,空き家,掲載に空き家表記,沼津市下香貫,4280,626.9,22.6,3000,田,市街化区域,,不明,接道・区分情報なし。建物ありだが現行法での再建築可否は役場で要確認,,2026-06-21,,https://akiya-bank.shizuoka.fudohsan.jp/%E7%89%A9%E4%BB%B6/171958/settle/1,不適合
空き家バンクしずおか 沼津市,沼津市,古家付き土地,土地＋古家/上物の表記,沼津市上香貫二瀬川町,1220,254.2,15.9,1500,宅地,市街化区域,,不明,接道・区分情報なし。建物ありだが現行法での再建築可否は役場で要確認,,2026-06-21,,https://akiya-bank.shizuoka.fudohsan.jp/%E7%89%A9%E4%BB%B6/165414/settle/1,不適合
空き家バンクしずおか 沼津市,沼津市,更地,土地カテゴリ（建物表記なし）,沼津市青野68-27,650,168.1,12.8,1500,宅地,市街化区域,,△,市街化区域だが接道幅員が不明。新築可否は接道要確認,,2026-07-22,,https://akiya-bank.shizuoka.fudohsan.jp/%E7%89%A9%E4%BB%B6/157736/settle/1,不適合
空き家バンクしずおか 沼津市,沼津市,更地,土地カテゴリ（建物表記なし）,沼津市千本常盤町,398,92.4,14.2,1500,田,市街化区域,,△,市街化区域だが接道幅員が不明。新築可否は接道要確認,,2026-07-04,,https://akiya-bank.shizuoka.fudohsan.jp/%E7%89%A9%E4%BB%B6/166570/settle/1,不適合
空き家バンクしずおか 沼津市,沼津市,古家付き土地,土地＋古家/上物の表記,沼津市東沢田,1700,190.0,29.6,1500,田,市街化区域,,不明,接道・区分情報なし。建物ありだが現行法での再建築可否は役場で要確認,,2026-06-21,,https://akiya-bank.shizuoka.fudohsan.jp/%E7%89%A9%E4%BB%B6/158909/settle/1,不適合
空き家バンクしずおか 沼津市,沼津市,更地,土地カテゴリ（建物表記なし）,沼津市平町,1600,121.2,43.6,1500,田,市街化区域,,△,市街化区域だが接道幅員が不明。新築可否は接道要確認,,2026-06-14,,https://akiya-bank.shizuoka.fudohsan.jp/%E7%89%A9%E4%BB%B6/158796/settle/1,不適合
空き家バンクしずおか 沼津市,沼津市,古家付き土地,土地＋古家/上物の表記,沼津市下香貫藤井原,880,107.4,27.1,1500,田,市街化区域,,不明,接道・区分情報なし。建物ありだが現行法での再建築可否は役場で要確認,,2026-06-21,,https://akiya-bank.shizuoka.fudohsan.jp/%E7%89%A9%E4%BB%B6/159925/settle/1,不適合
空き家バンクしずおか 沼津市,沼津市,中古戸建,中古戸建/住宅カテゴリ,沼津市大岡,2500,71.2,116.1,3000,田,—,,不明,接道・区分情報なし。建物ありだが現行法での再建築可否は役場で要確認,,2026-07-11,注意:管理費,https://akiya-bank.shizuoka.fudohsan.jp/%E7%89%A9%E4%BB%B6/175155/settle/1,不適合
空き家バンクしずおか 沼津市,沼津市,古家付き土地,土地＋古家/上物の表記,沼津市市道町,1200,193.4,20.5,1500,田,市街化区域,,不明,接道・区分情報なし。建物ありだが現行法での再建築可否は役場で要確認,,2026-06-21,,https://akiya-bank.shizuoka.fudohsan.jp/%E7%89%A9%E4%BB%B6/169425/settle/1,不適合
空き家バンクしずおか 沼津市,沼津市,更地,土地カテゴリ（建物表記なし）,沼津市江浦,580,274.2,7.0,1500,田,市街化調整区域,,△,市街化調整区域は原則新築不可・許可要件次第＝本命候補,,2026-06-21,関心:調整区域/無指定,https://akiya-bank.shizuoka.fudohsan.jp/%E7%89%A9%E4%BB%B6/170104/settle/1,不適合
空き家バンクしずおか 沼津市,沼津市,更地,土地カテゴリ（建物表記なし）,沼津市岡宮129-13,1480,128.5,38.1,1500,田,市街化区域,,△,市街化区域だが接道幅員が不明。新築可否は接道要確認,,2026-06-21,,https://akiya-bank.shizuoka.fudohsan.jp/%E7%89%A9%E4%BB%B6/112700/settle/1,不適合
空き家バンクしずおか 沼津市,沼津市,更地,土地カテゴリ（建物表記なし）,沼津市岡宮129-13,1480,131.5,37.2,1500,田,市街化区域,,△,市街化区域だが接道幅員が不明。新築可否は接道要確認,,2026-06-21,,https://akiya-bank.shizuoka.fudohsan.jp/%E7%89%A9%E4%BB%B6/112701/settle/1,不適合
空き家バンクしずおか 沼津市,沼津市,空き家,掲載に空き家表記,沼津市岡宮,1500,155.4,31.9,3000,田,市街化区域,,不明,接道・区分情報なし。建物ありだが現行法での再建築可否は役場で要確認,,2026-07-18,,https://akiya-bank.shizuoka.fudohsan.jp/%E7%89%A9%E4%BB%B6/175405/settle/1,不適合
空き家バンクしずおか 沼津市,沼津市,空き家,掲載に空き家表記,沼津市下河原町２丁目,450,46.0,32.3,3000,田,—,,不明,接道・区分情報なし。建物ありだが現行法での再建築可否は役場で要確認,,2026-06-21,注意:管理費,https://akiya-bank.shizuoka.fudohsan.jp/%E7%89%A9%E4%BB%B6/169946/settle/1,不適合
空き家バンクしずおか 沼津市,沼津市,更地,土地カテゴリ（建物表記なし）,沼津市吉田町27-6,990,134.0,24.4,1500,田,市街化区域,,△,市街化区域だが接道幅員が不明。新築可否は接道要確認,,2026-06-21,,https://akiya-bank.shizuoka.fudohsan.jp/%E7%89%A9%E4%BB%B6/150430/settle/1,不適合
空き家バンクしずおか 沼津市,沼津市,更地,土地カテゴリ（建物表記なし）,沼津市我入道東町,350,106.4,10.9,1500,田,市街化区域,,△,市街化区域だが接道幅員が不明。新築可否は接道要確認,,2026-07-16,,https://akiya-bank.shizuoka.fudohsan.jp/%E7%89%A9%E4%BB%B6/175321/settle/1,不適合
空き家バンクしずおか 沼津市,沼津市,古家付き土地,土地＋古家/上物の表記,沼津市下小路町,980,111.0,29.2,1500,田,市街化区域,,不明,接道・区分情報なし。建物ありだが現行法での再建築可否は役場で要確認,,2026-06-21,,https://akiya-bank.shizuoka.fudohsan.jp/%E7%89%A9%E4%BB%B6/170091/settle/1,不適合
空き家バンクしずおか 沼津市,沼津市,空き家,掲載に空き家表記,沼津市足高３２２番地２２１,3480,175.6,65.5,3000,田,市街化区域,,不明,接道・区分情報なし。建物ありだが現行法での再建築可否は役場で要確認,,2026-06-21,,https://akiya-bank.shizuoka.fudohsan.jp/%E7%89%A9%E4%BB%B6/48565/settle/1,不適合
空き家バンクしずおか 沼津市,沼津市,空き家,掲載に空き家表記,沼津市東椎路,950,66.2,47.4,3000,田,—,,不明,接道・区分情報なし。建物ありだが現行法での再建築可否は役場で要確認,,2026-07-14,関心:無指定 注意:管理費,https://akiya-bank.shizuoka.fudohsan.jp/%E7%89%A9%E4%BB%B6/175239/settle/1,不適合
空き家バンクしずおか 沼津市,沼津市,更地,土地カテゴリ（建物表記なし）,沼津市西間門,630,446.0,4.7,1500,田,市街化区域,,△,市街化区域だが接道幅員が不明。新築可否は接道要確認,,2026-06-21,,https://akiya-bank.shizuoka.fudohsan.jp/%E7%89%A9%E4%BB%B6/172501/settle/1,適合
空き家バンクしずおか 沼津市,沼津市,空き家,掲載に空き家表記,沼津市新沢田町,1650,70.8,77.0,3000,田,—,,不明,接道・区分情報なし。建物ありだが現行法での再建築可否は役場で要確認,,2026-06-14,注意:管理費,https://akiya-bank.shizuoka.fudohsan.jp/%E7%89%A9%E4%BB%B6/171794/settle/1,不適合
空き家バンクしずおか 沼津市,沼津市,更地,土地カテゴリ（建物表記なし）,沼津市下香貫馬場465-1,1320,216.1,20.2,1500,宅地,市街化区域,,△,市街化区域だが接道幅員が不明。新築可否は接道要確認,,2026-06-21,,https://akiya-bank.shizuoka.fudohsan.jp/%E7%89%A9%E4%BB%B6/168184/settle/1,不適合
空き家バンクしずおか 沼津市,沼津市,古家付き土地,土地＋古家/上物の表記,沼津市松長,900,168.6,17.6,1500,田,市街化区域,,不明,接道・区分情報なし。建物ありだが現行法での再建築可否は役場で要確認,,2026-06-21,,https://akiya-bank.shizuoka.fudohsan.jp/%E7%89%A9%E4%BB%B6/169456/settle/1,不適合
空き家バンクしずおか 沼津市,沼津市,更地,土地カテゴリ（建物表記なし）,沼津市足高441-1759、-1760,1200,1850.3,2.1,1500,田,市街化調整区域,,△,市街化調整区域は原則新築不可・許可要件次第＝本命候補,,2026-07-11,関心:調整区域/無指定,https://akiya-bank.shizuoka.fudohsan.jp/%E7%89%A9%E4%BB%B6/153918/settle/1,適合
空き家バンクしずおか 沼津市,沼津市,空き家,掲載に空き家表記,沼津市内浦小海,740,51.0,48.0,3000,田,—,,不明,接道・区分情報なし。建物ありだが現行法での再建築可否は役場で要確認,,2026-07-10,関心:無指定 注意:管理費,https://akiya-bank.shizuoka.fudohsan.jp/%E7%89%A9%E4%BB%B6/175109/settle/1,不適合
空き家バンクしずおか 沼津市,沼津市,更地,土地カテゴリ（建物表記なし）,沼津市平沼３８３番３,380,168.3,7.5,1500,田,市街化調整区域,,△,市街化調整区域は原則新築不可・許可要件次第＝本命候補,,2026-07-09,関心:調整区域/無指定,https://akiya-bank.shizuoka.fudohsan.jp/%E7%89%A9%E4%BB%B6/124656/settle/1,不適合
空き家バンクしずおか 沼津市,沼津市,古家付き土地,土地＋古家/上物の表記,沼津市西椎路616番2,650,100.7,21.3,1500,田,市街化区域,,不明,接道・区分情報なし。建物ありだが現行法での再建築可否は役場で要確認,,2026-07-09,,https://akiya-bank.shizuoka.fudohsan.jp/%E7%89%A9%E4%BB%B6/134914/settle/1,不適合
空き家バンクしずおか 沼津市,沼津市,更地,土地カテゴリ（建物表記なし）,沼津市戸田3844-42,35,112.0,1.0,1500,田,—,,不明,接道・区分情報なし、詳細/役場で要確認,,2026-06-21,関心:無指定,https://akiya-bank.shizuoka.fudohsan.jp/%E7%89%A9%E4%BB%B6/133131/settle/1,不適合
空き家バンクしずおか 沼津市,沼津市,更地,土地カテゴリ（建物表記なし）,沼津市戸田1586-1,500,221.5,7.5,1500,田,—,,不明,接道・区分情報なし、詳細/役場で要確認,,2026-06-21,関心:無指定,https://akiya-bank.shizuoka.fudohsan.jp/%E7%89%A9%E4%BB%B6/137794/settle/1,不適合
空き家バンクしずおか 沼津市,沼津市,更地,土地カテゴリ（建物表記なし）,沼津市大岡1140-27,2480,172.6,47.5,1500,田,市街化区域,,△,市街化区域だが接道幅員が不明。新築可否は接道要確認,,2026-06-21,,https://akiya-bank.shizuoka.fudohsan.jp/%E7%89%A9%E4%BB%B6/144565/settle/1,不適合
空き家バンクしずおか 沼津市,沼津市,更地,土地カテゴリ（建物表記なし）,沼津市八幡町34,720,83.5,28.5,1500,田,市街化区域,,△,市街化区域だが接道幅員が不明。新築可否は接道要確認,,2026-06-21,,https://akiya-bank.shizuoka.fudohsan.jp/%E7%89%A9%E4%BB%B6/148208/settle/1,不適合
空き家バンクしずおか 沼津市,沼津市,古家付き土地,土地＋古家/上物の表記,沼津市大岡926-7,695,69.4,33.1,1500,田,市街化区域,,不明,接道・区分情報なし。建物ありだが現行法での再建築可否は役場で要確認,,2026-06-21,,https://akiya-bank.shizuoka.fudohsan.jp/%E7%89%A9%E4%BB%B6/148255/settle/1,不適合
空き家バンクしずおか 沼津市,沼津市,古家付き土地,土地＋古家/上物の表記,沼津市足高489-1,800,807.1,3.3,1500,田,市街化区域,,不明,接道・区分情報なし。建物ありだが現行法での再建築可否は役場で要確認,,2026-06-21,,https://akiya-bank.shizuoka.fudohsan.jp/%E7%89%A9%E4%BB%B6/150098/settle/1,適合
空き家バンクしずおか 沼津市,沼津市,空き家,掲載に空き家表記,沼津市上香貫,1100,56.3,64.6,3000,田,—,,不明,接道・区分情報なし。建物ありだが現行法での再建築可否は役場で要確認,,2026-06-21,注意:管理費,https://akiya-bank.shizuoka.fudohsan.jp/%E7%89%A9%E4%BB%B6/151516/settle/1,不適合
空き家バンクしずおか 沼津市,沼津市,更地,土地カテゴリ（建物表記なし）,沼津市下香貫2994-21,750,123.3,20.1,1500,田,市街化区域,,△,市街化区域だが接道幅員が不明。新築可否は接道要確認,,2026-06-21,,https://akiya-bank.shizuoka.fudohsan.jp/%E7%89%A9%E4%BB%B6/146197/settle/1,不適合
空き家バンクしずおか 沼津市,沼津市,更地,土地カテゴリ（建物表記なし）,沼津市今沢527-12,1590,152.0,34.6,1500,田,市街化区域,,△,市街化区域だが接道幅員が不明。新築可否は接道要確認,,2026-06-21,,https://akiya-bank.shizuoka.fudohsan.jp/%E7%89%A9%E4%BB%B6/125289/settle/1,不適合
空き家バンクしずおか 沼津市,沼津市,更地,土地カテゴリ（建物表記なし）,沼津市下香貫2994-22,880,117.4,24.8,1500,田,市街化区域,,△,市街化区域だが接道幅員が不明。新築可否は接道要確認,,2026-06-21,,https://akiya-bank.shizuoka.fudohsan.jp/%E7%89%A9%E4%BB%B6/146198/settle/1,不適合
空き家バンクしずおか 沼津市,沼津市,更地,土地カテゴリ（建物表記なし）,沼津市我入道秋葉町,1980,208.3,31.4,1500,田,市街化区域,,△,市街化区域だが接道幅員が不明。新築可否は接道要確認,,2026-06-21,,https://akiya-bank.shizuoka.fudohsan.jp/%E7%89%A9%E4%BB%B6/172561/settle/1,不適合
空き家バンクしずおか 沼津市,沼津市,更地,土地カテゴリ（建物表記なし）,沼津市東椎路,1456,178.2,27.0,1500,田,市街化区域,,△,市街化区域だが接道幅員が不明。新築可否は接道要確認,,2026-07-07,,https://akiya-bank.shizuoka.fudohsan.jp/%E7%89%A9%E4%BB%B6/175049/settle/1,不適合
空き家バンクしずおか 沼津市,沼津市,更地,土地カテゴリ（建物表記なし）,沼津市西沢田,880,126.1,23.1,1500,宅地,市街化区域,,△,市街化区域だが接道幅員が不明。新築可否は接道要確認,,2026-06-21,,https://akiya-bank.shizuoka.fudohsan.jp/%E7%89%A9%E4%BB%B6/172509/settle/1,不適合
空き家バンクしずおか 沼津市,沼津市,更地,土地カテゴリ（建物表記なし）,沼津市本郷町,1300,158.9,27.0,1500,宅地,市街化区域,,△,市街化区域だが接道幅員が不明。新築可否は接道要確認,,2026-06-21,,https://akiya-bank.shizuoka.fudohsan.jp/%E7%89%A9%E4%BB%B6/169715/settle/1,不適合
空き家バンクしずおか 沼津市,沼津市,更地,土地カテゴリ（建物表記なし）,沼津市下河原町10-6,1500,182.4,27.2,1500,田,市街化区域,,△,市街化区域だが接道幅員が不明。新築可否は接道要確認,,2026-06-21,,https://akiya-bank.shizuoka.fudohsan.jp/%E7%89%A9%E4%BB%B6/143010/settle/1,不適合
空き家バンクしずおか 沼津市,沼津市,古家付き土地,土地＋古家/上物の表記,沼津市上香貫宮原町1502-1,3980,707.4,18.6,1500,宅地,市街化区域,,不明,接道・区分情報なし。建物ありだが現行法での再建築可否は役場で要確認,,2026-06-21,,https://akiya-bank.shizuoka.fudohsan.jp/%E7%89%A9%E4%BB%B6/135222/settle/1,不適合
空き家バンクしずおか 沼津市,沼津市,更地,土地カテゴリ（建物表記なし）,沼津市真砂町27-9,390,51.4,25.1,1500,田,市街化区域,,△,市街化区域だが接道幅員が不明。新築可否は接道要確認,,2026-06-21,,https://akiya-bank.shizuoka.fudohsan.jp/%E7%89%A9%E4%BB%B6/144736/settle/1,不適合
空き家バンクしずおか 沼津市,沼津市,中古戸建,中古戸建/住宅カテゴリ,沼津市志下,1280,75.5,56.0,3000,田,—,,不明,接道・区分情報なし。建物ありだが現行法での再建築可否は役場で要確認,,2026-06-21,注意:管理費,https://akiya-bank.shizuoka.fudohsan.jp/%E7%89%A9%E4%BB%B6/170756/settle/1,不適合
空き家バンクしずおか 沼津市,沼津市,更地,土地カテゴリ（建物表記なし）,沼津市大岡,980,173.3,18.7,1500,田,市街化区域,,△,市街化区域だが接道幅員が不明。新築可否は接道要確認,,2026-06-21,,https://akiya-bank.shizuoka.fudohsan.jp/%E7%89%A9%E4%BB%B6/169479/settle/1,不適合
空き家バンクしずおか 沼津市,沼津市,中古戸建,中古戸建/住宅カテゴリ,沼津市江原町4番22,1650,72.0,75.8,3000,田,—,,不明,接道・区分情報なし。建物ありだが現行法での再建築可否は役場で要確認,,2026-06-21,注意:管理費,https://akiya-bank.shizuoka.fudohsan.jp/%E7%89%A9%E4%BB%B6/152120/settle/1,不適合
空き家バンクしずおか 沼津市,沼津市,更地,土地カテゴリ（建物表記なし）,沼津市上香貫1688-8,3690,317.9,38.4,1500,宅地,市街化区域,,△,市街化区域だが接道幅員が不明。新築可否は接道要確認,,2026-06-21,,https://akiya-bank.shizuoka.fudohsan.jp/%E7%89%A9%E4%BB%B6/80645/settle/1,不適合
空き家バンクしずおか 沼津市,沼津市,古家付き土地,土地＋古家/上物の表記,沼津市大岡,1480,151.7,32.3,1500,田,市街化区域,,不明,接道・区分情報なし。建物ありだが現行法での再建築可否は役場で要確認,,2026-06-21,,https://akiya-bank.shizuoka.fudohsan.jp/%E7%89%A9%E4%BB%B6/166677/settle/1,不適合
空き家バンクしずおか 沼津市,沼津市,更地,土地カテゴリ（建物表記なし）,沼津市市道町,1500,163.1,30.4,1500,田,市街化区域,,△,市街化区域だが接道幅員が不明。新築可否は接道要確認,,2026-06-21,,https://akiya-bank.shizuoka.fudohsan.jp/%E7%89%A9%E4%BB%B6/169210/settle/1,不適合
空き家バンクしずおか 沼津市,沼津市,古家付き土地,土地＋古家/上物の表記,沼津市上香貫二瀬川町1943番地の3,2000,360.3,18.4,1500,宅地,市街化区域,,不明,接道・区分情報なし。建物ありだが現行法での再建築可否は役場で要確認,,2026-06-21,,https://akiya-bank.shizuoka.fudohsan.jp/%E7%89%A9%E4%BB%B6/154467/settle/1,不適合
空き家バンクしずおか 沼津市,沼津市,更地,土地カテゴリ（建物表記なし）,沼津市志下84番6,520,156.0,11.0,1500,田,市街化区域,,△,市街化区域だが接道幅員が不明。新築可否は接道要確認,,2026-07-02,,https://akiya-bank.shizuoka.fudohsan.jp/%E7%89%A9%E4%BB%B6/103467/settle/1,不適合
空き家バンクしずおか 沼津市,沼津市,空き家,掲載に空き家表記,沼津市西熊堂353-1,2880,245.6,38.8,3000,田,市街化区域,,不明,接道・区分情報なし。建物ありだが現行法での再建築可否は役場で要確認,,2026-07-02,,https://akiya-bank.shizuoka.fudohsan.jp/%E7%89%A9%E4%BB%B6/174822/settle/1,不適合
空き家バンクしずおか 沼津市,沼津市,空き家,掲載に空き家表記,沼津市三枚橋705-26,3880,191.7,66.9,3000,田,市街化区域,,不明,接道・区分情報なし。建物ありだが現行法での再建築可否は役場で要確認,,2026-07-02,,https://akiya-bank.shizuoka.fudohsan.jp/%E7%89%A9%E4%BB%B6/174821/settle/1,不適合
空き家バンクしずおか 沼津市,沼津市,古家付き土地,土地＋古家/上物の表記,沼津市庄栄町,1400,164.8,28.1,1500,田,市街化区域,,不明,接道・区分情報なし。建物ありだが現行法での再建築可否は役場で要確認,,2026-06-21,,https://akiya-bank.shizuoka.fudohsan.jp/%E7%89%A9%E4%BB%B6/167096/settle/1,不適合
空き家バンクしずおか 沼津市,沼津市,更地,土地カテゴリ（建物表記なし）,沼津市今沢642-3,1560,467.7,11.0,1500,田,市街化区域,,△,市街化区域だが接道幅員が不明。新築可否は接道要確認,,2026-06-21,,https://akiya-bank.shizuoka.fudohsan.jp/%E7%89%A9%E4%BB%B6/112484/settle/1,不適合
空き家バンクしずおか 沼津市,沼津市,古家付き土地,土地＋古家/上物の表記,沼津市下香貫猪沼,380,148.2,8.5,1500,田,市街化区域,,不明,接道・区分情報なし。建物ありだが現行法での再建築可否は役場で要確認,,2026-06-14,,https://akiya-bank.shizuoka.fudohsan.jp/%E7%89%A9%E4%BB%B6/159153/settle/1,不適合
空き家バンクしずおか 沼津市,沼津市,空き家,掲載に空き家表記,沼津市大岡,2680,74.0,119.7,3000,田,—,,不明,接道・区分情報なし。建物ありだが現行法での再建築可否は役場で要確認,,2026-06-26,注意:管理費,https://akiya-bank.shizuoka.fudohsan.jp/%E7%89%A9%E4%BB%B6/174660/settle/1,不適合
空き家バンクしずおか 沼津市,沼津市,更地,土地カテゴリ（建物表記なし）,沼津市若葉町969番1,2700,194.0,46.0,1500,田,市街化区域,,△,市街化区域だが接道幅員が不明。新築可否は接道要確認,,2026-06-21,,https://akiya-bank.shizuoka.fudohsan.jp/%E7%89%A9%E4%BB%B6/145532/settle/1,不適合
空き家バンクしずおか 沼津市,沼津市,更地,土地カテゴリ（建物表記なし）,沼津市足高56-52,150,170.0,2.9,1500,田,市街化調整区域,,△,市街化調整区域は原則新築不可・許可要件次第＝本命候補,,2026-06-21,関心:調整区域/無指定,https://akiya-bank.shizuoka.fudohsan.jp/%E7%89%A9%E4%BB%B6/94136/settle/1,不適合
空き家バンクしずおか 沼津市,沼津市,更地,土地カテゴリ（建物表記なし）,沼津市五月町,3800,305.6,41.1,1500,田,市街化区域,,△,市街化区域だが接道幅員が不明。新築可否は接道要確認,,2026-06-21,,https://akiya-bank.shizuoka.fudohsan.jp/%E7%89%A9%E4%BB%B6/163940/settle/1,不適合
空き家バンクしずおか 沼津市,沼津市,更地,土地カテゴリ（建物表記なし）,沼津市住吉町,1400,125.3,36.9,1500,宅地,市街化区域,,△,市街化区域だが接道幅員が不明。新築可否は接道要確認,,2026-06-21,,https://akiya-bank.shizuoka.fudohsan.jp/%E7%89%A9%E4%BB%B6/164361/settle/1,不適合
空き家バンクしずおか 沼津市,沼津市,更地,土地カテゴリ（建物表記なし）,沼津市西島町,1250,312.9,13.2,1500,田,市街化区域,,△,市街化区域だが接道幅員が不明。新築可否は接道要確認,,2026-06-14,,https://akiya-bank.shizuoka.fudohsan.jp/%E7%89%A9%E4%BB%B6/169111/settle/1,不適合
空き家バンクしずおか 沼津市,沼津市,古家付き土地,土地＋古家/上物の表記,沼津市原293番2,1080,277.8,12.9,1500,田,市街化区域,,不明,接道・区分情報なし。建物ありだが現行法での再建築可否は役場で要確認,,2026-06-19,,https://akiya-bank.shizuoka.fudohsan.jp/%E7%89%A9%E4%BB%B6/174394/settle/1,不適合
空き家バンクしずおか 沼津市,沼津市,更地,土地カテゴリ（建物表記なし）,沼津市岡宮,1600,198.0,26.7,1500,田,市街化区域,,△,市街化区域だが接道幅員が不明。新築可否は接道要確認,,2026-06-14,,https://akiya-bank.shizuoka.fudohsan.jp/%E7%89%A9%E4%BB%B6/171541/settle/1,不適合
空き家バンクしずおか 沼津市,沼津市,更地,土地カテゴリ（建物表記なし）,沼津市高島町22－18,1350,49.1,90.9,1500,田,市街化区域,,△,市街化区域だが接道幅員が不明。新築可否は接道要確認,,2026-06-14,,https://akiya-bank.shizuoka.fudohsan.jp/%E7%89%A9%E4%BB%B6/118917/settle/1,不適合
空き家バンクしずおか 沼津市,沼津市,古家付き土地,土地＋古家/上物の表記,沼津市下香貫,1480,281.8,17.4,1500,宅地,市街化区域,,不明,接道・区分情報なし。建物ありだが現行法での再建築可否は役場で要確認,,2026-06-14,,https://akiya-bank.shizuoka.fudohsan.jp/%E7%89%A9%E4%BB%B6/167912/settle/1,不適合
空き家バンクしずおか 沼津市,沼津市,古家付き土地,土地＋古家/上物の表記,沼津市柳町,1340,168.6,26.3,1500,田,市街化区域,,不明,接道・区分情報なし。建物ありだが現行法での再建築可否は役場で要確認,,2026-08-18,,https://akiya-bank.shizuoka.fudohsan.jp/%E7%89%A9%E4%BB%B6/176382/settle/1,不適合
空き家バンクしずおか 沼津市,沼津市,更地,土地カテゴリ（建物表記なし）,沼津市山王台,6500,596.5,36.0,1500,田,市街化区域,,△,市街化区域だが接道幅員が不明。新築可否は接道要確認,,2026-07-11,,https://akiya-bank.shizuoka.fudohsan.jp/%E7%89%A9%E4%BB%B6/164213/settle/1,不適合
空き家バンクしずおか 沼津市,沼津市,更地,土地カテゴリ（建物表記なし）,沼津市原,3000,825.5,12.0,1500,田,市街化調整区域,,△,市街化調整区域は原則新築不可・許可要件次第＝本命候補,,2026-07-11,関心:調整区域/無指定,https://akiya-bank.shizuoka.fudohsan.jp/%E7%89%A9%E4%BB%B6/151021/settle/1,不適合
空き家バンクしずおか 沼津市,沼津市,空き家,掲載に空き家表記,沼津市大岡,5000,1600.2,10.3,3000,田,市街化区域,,不明,接道・区分情報なし。建物ありだが現行法での再建築可否は役場で要確認,,2026-06-21,,https://akiya-bank.shizuoka.fudohsan.jp/%E7%89%A9%E4%BB%B6/162589/settle/1,不適合
空き家バンクしずおか 沼津市,沼津市,更地,土地カテゴリ（建物表記なし）,沼津市西熊堂,1830,169.5,35.7,1500,田,市街化区域,,△,市街化区域だが接道幅員が不明。新築可否は接道要確認,,2026-06-21,,https://akiya-bank.shizuoka.fudohsan.jp/%E7%89%A9%E4%BB%B6/167217/settle/1,不適合
空き家バンクしずおか 沼津市,沼津市,古家付き土地,土地＋古家/上物の表記,沼津市本字松下七反田,1080,237.6,15.0,1500,田,市街化区域,,不明,接道・区分情報なし。建物ありだが現行法での再建築可否は役場で要確認,,2026-06-21,,https://akiya-bank.shizuoka.fudohsan.jp/%E7%89%A9%E4%BB%B6/152384/settle/1,不適合
家っち(新日本住建販売) 沼津市 土地一覧,沼津市,更地,土地カテゴリ（建物表記なし）,静岡県沼津市足高,6000,1328.8,14.9,1500,—,—,,不明,接道・区分情報なし、詳細/役場で要確認,,2026-08-24,,https://www.snjhkk.com/s_r_59596/index.html,不適合
SUUMO 中古戸建 田方郡（函南）,函南町,更地,土地カテゴリ（建物表記なし）,静岡県田方郡函南町上沢,1080,238.0,15.0,1500,田,—,,不明,接道・区分情報なし、詳細/役場で要確認,,2026-06-27,,https://suumo.jp/chukoikkodate/shizuoka/sc_tagatagun/nc_21161207/,不適合
SUUMO 中古戸建 田方郡（函南）,函南町,更地,土地カテゴリ（建物表記なし）,静岡県田方郡函南町平井,1580,210.5,24.8,1500,田,—,,不明,接道・区分情報なし、詳細/役場で要確認,,2026-06-17,,https://suumo.jp/chukoikkodate/shizuoka/sc_tagatagun/nc_20575219/,不適合
SUUMO 中古戸建 田方郡（函南）,函南町,更地,土地カテゴリ（建物表記なし）,静岡県田方郡函南町柏谷,1680,198.1,28.0,1500,田,—,,不明,接道・区分情報なし、詳細/役場で要確認,,2026-06-17,,https://suumo.jp/chukoikkodate/shizuoka/sc_tagatagun/nc_75436913/,不適合
SUUMO 中古戸建 田方郡（函南）,函南町,中古戸建,中古戸建/住宅カテゴリ,静岡県田方郡函南町桑原,1850,262.0,23.3,3000,田,—,,不明,接道・区分情報なし。建物ありだが現行法での再建築可否は役場で要確認,,2026-06-17,注意:借地/定期借地,https://suumo.jp/chukoikkodate/shizuoka/sc_tagatagun/nc_78957840/,不適合
SUUMO 中古戸建 田方郡（函南）,函南町,更地,土地カテゴリ（建物表記なし）,静岡県田方郡函南町柏谷,1890,186.2,33.6,1500,田,—,,不明,接道・区分情報なし、詳細/役場で要確認,,2026-06-17,,https://suumo.jp/chukoikkodate/shizuoka/sc_tagatagun/nc_20035360/,不適合
SUUMO 中古戸建 田方郡（函南）,函南町,中古戸建,中古戸建/住宅カテゴリ,静岡県田方郡函南町桑原,2150,324.7,21.9,3000,田,—,,不明,接道・区分情報なし。建物ありだが現行法での再建築可否は役場で要確認,,2026-06-17,注意:借地/定期借地,https://suumo.jp/chukoikkodate/shizuoka/sc_tagatagun/nc_78958580/,不適合
SUUMO 中古戸建 田方郡（函南）,函南町,更地,土地カテゴリ（建物表記なし）,静岡県田方郡函南町仁田,2480,154.3,53.1,1500,田,—,,不明,接道・区分情報なし、詳細/役場で要確認,,2026-07-30,,https://suumo.jp/chukoikkodate/shizuoka/sc_tagatagun/nc_21393715/,不適合
SUUMO 中古戸建 田方郡（函南）,函南町,更地,土地カテゴリ（建物表記なし）,静岡県田方郡函南町間宮,3880,166.8,76.9,1500,田,—,,不明,接道・区分情報なし、詳細/役場で要確認,,2026-06-17,,https://suumo.jp/chukoikkodate/shizuoka/sc_tagatagun/nc_76546345/,不適合
SUUMO 中古戸建 田方郡（函南）,函南町,更地,土地カテゴリ（建物表記なし）,静岡県田方郡函南町畑毛,3880,222.5,57.6,1500,畑,—,,不明,接道・区分情報なし、詳細/役場で要確認,,2026-06-17,,https://suumo.jp/chukoikkodate/shizuoka/sc_tagatagun/nc_75010726/,不適合
SUUMO 中古戸建 田方郡（函南）,函南町,更地,土地カテゴリ（建物表記なし）,静岡県田方郡函南町上沢,900,291.0,10.2,1500,田,—,,不明,接道・区分情報なし、詳細/役場で要確認,,2026-06-17,,https://suumo.jp/chukoikkodate/shizuoka/sc_tagatagun/nc_78707691/,不適合
SUUMO 中古戸建 田方郡（函南）,函南町,更地,土地カテゴリ（建物表記なし）,静岡県田方郡函南町間宮,2480,200.4,40.9,1500,田,—,,不明,接道・区分情報なし、詳細/役場で要確認,,2026-06-17,,https://suumo.jp/chukoikkodate/shizuoka/sc_tagatagun/nc_78707768/,不適合
SUUMO 中古戸建 田方郡（函南）,函南町,更地,土地カテゴリ（建物表記なし）,静岡県田方郡函南町畑毛,280,141.6,6.5,1500,畑,—,,不明,接道・区分情報なし、詳細/役場で要確認,,2026-08-07,,https://suumo.jp/chukoikkodate/shizuoka/sc_tagatagun/nc_21451771/,不適合
SUUMO 中古戸建 田方郡（函南）,函南町,更地,土地カテゴリ（建物表記なし）,静岡県田方郡函南町平井,290,378.0,2.5,1500,田,—,,不明,接道・区分情報なし、詳細/役場で要確認,,2026-07-03,,https://suumo.jp/chukoikkodate/shizuoka/sc_tagatagun/nc_21201886/,適合
SUUMO 中古戸建 田方郡（函南）,函南町,更地,土地カテゴリ（建物表記なし）,静岡県田方郡函南町上沢,350,172.2,6.7,1500,田,—,,不明,接道・区分情報なし、詳細/役場で要確認,,2026-07-23,,https://suumo.jp/chukoikkodate/shizuoka/sc_tagatagun/nc_21343751/,不適合
SUUMO 中古戸建 田方郡（函南）,函南町,更地,土地カテゴリ（建物表記なし）,静岡県田方郡函南町平井,360,310.0,3.8,1500,田,—,,不明,接道・区分情報なし、詳細/役場で要確認,,2026-06-17,,https://suumo.jp/chukoikkodate/shizuoka/sc_tagatagun/nc_72335463/,不適合
SUUMO 中古戸建 田方郡（函南）,函南町,更地,土地カテゴリ（建物表記なし）,静岡県田方郡函南町平井,380,290.0,4.3,1500,田,—,,不明,接道・区分情報なし、詳細/役場で要確認,,2026-06-17,,https://suumo.jp/chukoikkodate/shizuoka/sc_tagatagun/nc_76851685/,不適合
SUUMO 中古戸建 田方郡（函南）,函南町,更地,土地カテゴリ（建物表記なし）,静岡県田方郡函南町平井,380,302.0,4.2,1500,田,—,,不明,接道・区分情報なし、詳細/役場で要確認,,2026-07-18,,https://suumo.jp/chukoikkodate/shizuoka/sc_tagatagun/nc_21314005/,不適合
SUUMO 中古戸建 田方郡（函南）,函南町,更地,土地カテゴリ（建物表記なし）,静岡県田方郡函南町平井,390,246.0,5.2,1500,田,—,,不明,接道・区分情報なし、詳細/役場で要確認,,2026-07-30,,https://suumo.jp/chukoikkodate/shizuoka/sc_tagatagun/nc_71259940/,不適合
SUUMO 中古戸建 田方郡（函南）,函南町,更地,土地カテゴリ（建物表記なし）,静岡県田方郡函南町畑毛,490,200.4,8.1,1500,畑,—,,不明,接道・区分情報なし、詳細/役場で要確認,,2026-08-08,,https://suumo.jp/chukoikkodate/shizuoka/sc_tagatagun/nc_21455811/,不適合
SUUMO 中古戸建 田方郡（函南）,函南町,更地,土地カテゴリ（建物表記なし）,静岡県田方郡函南町畑,530,408.0,4.3,1500,畑,—,,不明,接道・区分情報なし、詳細/役場で要確認,,2026-07-04,,https://suumo.jp/chukoikkodate/shizuoka/sc_tagatagun/nc_75026688/,適合
SUUMO 中古戸建 田方郡（函南）,函南町,更地,土地カテゴリ（建物表記なし）,静岡県田方郡函南町平井,580,269.0,7.1,1500,田,—,,不明,接道・区分情報なし、詳細/役場で要確認,,2026-06-17,,https://suumo.jp/chukoikkodate/shizuoka/sc_tagatagun/nc_20935460/,不適合
SUUMO 中古戸建 田方郡（函南）,函南町,更地,土地カテゴリ（建物表記なし）,静岡県田方郡函南町平井,590,543.0,3.6,1500,田,—,,不明,接道・区分情報なし、詳細/役場で要確認,,2026-07-13,,https://suumo.jp/chukoikkodate/shizuoka/sc_tagatagun/nc_21283787/,適合
SUUMO 中古戸建 田方郡（函南）,函南町,更地,土地カテゴリ（建物表記なし）,静岡県田方郡函南町平井,600,302.7,6.6,1500,田,—,,不明,接道・区分情報なし、詳細/役場で要確認,,2026-06-17,,https://suumo.jp/chukoikkodate/shizuoka/sc_tagatagun/nc_77895218/,不適合
SUUMO 中古戸建 田方郡（函南）,函南町,更地,土地カテゴリ（建物表記なし）,静岡県田方郡函南町柏谷,750,194.0,12.8,1500,田,—,,不明,接道・区分情報なし、詳細/役場で要確認,,2026-06-17,,https://suumo.jp/chukoikkodate/shizuoka/sc_tagatagun/nc_20783172/,不適合
SUUMO 中古戸建 田方郡（函南）,函南町,更地,土地カテゴリ（建物表記なし）,静岡県田方郡函南町上沢,750,339.0,7.3,1500,田,—,,不明,接道・区分情報なし、詳細/役場で要確認,,2026-06-17,,https://suumo.jp/chukoikkodate/shizuoka/sc_tagatagun/nc_78377780/,適合
SUUMO 中古戸建 田方郡（函南）,函南町,更地,土地カテゴリ（建物表記なし）,静岡県田方郡函南町平井,780,240.3,10.7,1500,田,—,,不明,接道・区分情報なし、詳細/役場で要確認,,2026-06-17,,https://suumo.jp/chukoikkodate/shizuoka/sc_tagatagun/nc_96627575/,不適合
SUUMO 中古戸建 田方郡（函南）,函南町,更地,土地カテゴリ（建物表記なし）,静岡県田方郡函南町上沢,848,193.2,14.5,1500,宅地,—,,不明,接道・区分情報なし、詳細/役場で要確認,,2026-06-17,,https://suumo.jp/chukoikkodate/shizuoka/sc_tagatagun/nc_78873752/,不適合
SUUMO 中古戸建 田方郡（函南）,函南町,更地,土地カテゴリ（建物表記なし）,静岡県田方郡函南町丹那,880,415.1,7.0,1500,田,—,,不明,接道・区分情報なし、詳細/役場で要確認,,2026-08-16,,https://suumo.jp/chukoikkodate/shizuoka/sc_tagatagun/nc_21120490/,適合
SUUMO 中古戸建 田方郡（函南）,函南町,更地,土地カテゴリ（建物表記なし）,静岡県田方郡函南町上沢,900,291.0,10.2,1500,田,—,,不明,接道・区分情報なし、詳細/役場で要確認,,2026-08-02,,https://suumo.jp/chukoikkodate/shizuoka/sc_tagatagun/nc_21416658/,不適合
SUUMO 中古戸建 田方郡（函南）,函南町,更地,土地カテゴリ（建物表記なし）,静岡県田方郡函南町畑,948,298.0,10.5,1500,畑,—,,不明,接道・区分情報なし、詳細/役場で要確認,,2026-08-01,,https://suumo.jp/chukoikkodate/shizuoka/sc_tagatagun/nc_20367305/,不適合
SUUMO 中古戸建 田方郡（函南）,函南町,更地,土地カテゴリ（建物表記なし）,静岡県田方郡函南町上沢,954,258.0,12.2,1500,田,—,,不明,接道・区分情報なし、詳細/役場で要確認,,2026-06-17,NG:パサディナタウン,https://suumo.jp/chukoikkodate/shizuoka/sc_tagatagun/nc_20698932/,不適合
SUUMO 中古戸建 田方郡（函南）,函南町,更地,土地カテゴリ（建物表記なし）,静岡県田方郡函南町畑毛,970,647.4,5.0,1500,畑,—,,不明,接道・区分情報なし、詳細/役場で要確認,,2026-06-17,,https://suumo.jp/chukoikkodate/shizuoka/sc_tagatagun/nc_97678859/,適合
SUUMO 中古戸建 田方郡（函南）,函南町,更地,土地カテゴリ（建物表記なし）,静岡県田方郡函南町平井南箱根ダイヤランド,980,363.0,8.9,1500,田,—,,不明,接道・区分情報なし、詳細/役場で要確認,,2026-07-04,NG:南箱根ダイヤランド,https://suumo.jp/chukoikkodate/shizuoka/sc_tagatagun/nc_96943289/,適合
SUUMO 中古戸建 田方郡（函南）,函南町,更地,土地カテゴリ（建物表記なし）,静岡県田方郡函南町丹那,980,342.0,9.5,1500,田,—,,不明,接道・区分情報なし、詳細/役場で要確認,,2026-07-24,,https://suumo.jp/chukoikkodate/shizuoka/sc_tagatagun/nc_21001729/,適合
SUUMO 中古戸建 田方郡（函南）,函南町,更地,土地カテゴリ（建物表記なし）,静岡県田方郡函南町平井,990,199.9,16.4,1500,田,—,,不明,接道・区分情報なし、詳細/役場で要確認,,2026-06-17,,https://suumo.jp/chukoikkodate/shizuoka/sc_tagatagun/nc_74221259/,不適合
SUUMO 中古戸建 田方郡（函南）,函南町,更地,土地カテゴリ（建物表記なし）,静岡県田方郡函南町柏谷1277-81,999,226.4,14.6,1500,田,—,,不明,接道・区分情報なし、詳細/役場で要確認,,2026-08-28,,https://suumo.jp/chukoikkodate/shizuoka/sc_tagatagun/nc_21576183/,不適合
SUUMO 中古戸建 田方郡（函南）,函南町,更地,土地カテゴリ（建物表記なし）,静岡県田方郡函南町畑毛,1000,354.0,9.3,1500,畑,—,,不明,接道・区分情報なし、詳細/役場で要確認,,2026-06-17,,https://suumo.jp/chukoikkodate/shizuoka/sc_tagatagun/nc_72843751/,適合
SUUMO 中古戸建 田方郡（函南）,函南町,更地,土地カテゴリ（建物表記なし）,静岡県田方郡函南町丹那,1180,231.5,16.9,1500,田,—,,不明,接道・区分情報なし、詳細/役場で要確認,,2026-06-17,,https://suumo.jp/chukoikkodate/shizuoka/sc_tagatagun/nc_20858324/,不適合
SUUMO 中古戸建 田方郡（函南）,函南町,更地,土地カテゴリ（建物表記なし）,静岡県田方郡函南町柏谷,1280,164.6,25.7,1500,田,—,,不明,接道・区分情報なし、詳細/役場で要確認,,2026-06-17,,https://suumo.jp/chukoikkodate/shizuoka/sc_tagatagun/nc_20831938/,不適合
SUUMO 中古戸建 田方郡（函南）,函南町,更地,土地カテゴリ（建物表記なし）,静岡県田方郡函南町平井,1480,495.9,9.9,1500,田,—,,不明,接道・区分情報なし、詳細/役場で要確認,,2026-06-17,,https://suumo.jp/chukoikkodate/shizuoka/sc_tagatagun/nc_20096019/,適合
SUUMO 中古戸建 田方郡（函南）,函南町,中古戸建,中古戸建/住宅カテゴリ,静岡県田方郡函南町畑529-135,1480,301.7,16.2,3000,畑,—,,不明,接道・区分情報なし。建物ありだが現行法での再建築可否は役場で要確認,,2026-08-02,注意:温泉,https://suumo.jp/chukoikkodate/shizuoka/sc_tagatagun/nc_21419512/,不適合
SUUMO 中古戸建 田方郡（函南）,函南町,更地,土地カテゴリ（建物表記なし）,静岡県田方郡函南町桑原,1560,216.5,23.8,1500,田,—,,不明,接道・区分情報なし、詳細/役場で要確認,,2026-06-17,,https://suumo.jp/chukoikkodate/shizuoka/sc_tagatagun/nc_74973577/,不適合
SUUMO 中古戸建 田方郡（函南）,函南町,更地,土地カテゴリ（建物表記なし）,静岡県田方郡函南町平井,1580,183.3,28.5,1500,田,—,,不明,接道・区分情報なし、詳細/役場で要確認,,2026-06-17,,https://suumo.jp/chukoikkodate/shizuoka/sc_tagatagun/nc_20121296/,不適合
SUUMO 中古戸建 田方郡（函南）,函南町,更地,土地カテゴリ（建物表記なし）,静岡県田方郡函南町上沢,1700,428.0,13.1,1500,田,—,,不明,接道・区分情報なし、詳細/役場で要確認,,2026-06-17,,https://suumo.jp/chukoikkodate/shizuoka/sc_tagatagun/nc_20069750/,不適合
SUUMO 中古戸建 田方郡（函南）,函南町,更地,土地カテゴリ（建物表記なし）,静岡県田方郡函南町平井,1780,397.0,14.8,1500,田,—,,不明,接道・区分情報なし、詳細/役場で要確認,,2026-06-17,,https://suumo.jp/chukoikkodate/shizuoka/sc_tagatagun/nc_20929341/,不適合
SUUMO 中古戸建 田方郡（函南）,函南町,更地,土地カテゴリ（建物表記なし）,静岡県田方郡函南町桑原,1780,276.0,21.3,1500,田,—,,不明,接道・区分情報なし、詳細/役場で要確認,,2026-06-17,,https://suumo.jp/chukoikkodate/shizuoka/sc_tagatagun/nc_20523898/,不適合
SUUMO 中古戸建 田方郡（函南）,函南町,更地,土地カテゴリ（建物表記なし）,静岡県田方郡函南町丹那,1800,322.0,18.5,1500,田,—,,不明,接道・区分情報なし、詳細/役場で要確認,,2026-06-17,,https://suumo.jp/chukoikkodate/shizuoka/sc_tagatagun/nc_21058662/,不適合
SUUMO 中古戸建 田方郡（函南）,函南町,更地,土地カテゴリ（建物表記なし）,静岡県田方郡函南町丹那南箱根ダイヤランド,1880,320.0,19.4,1500,田,—,,不明,接道・区分情報なし、詳細/役場で要確認,,2026-08-20,注意:温泉 NG:南箱根ダイヤランド,https://suumo.jp/chukoikkodate/shizuoka/sc_tagatagun/nc_20755151/,不適合
SUUMO 中古戸建 田方郡（函南）,函南町,更地,土地カテゴリ（建物表記なし）,静岡県田方郡函南町桑原,1970,307.7,21.2,1500,田,—,,不明,接道・区分情報なし、詳細/役場で要確認,,2026-06-17,,https://suumo.jp/chukoikkodate/shizuoka/sc_tagatagun/nc_21074468/,不適合
SUUMO 中古戸建 田方郡（函南）,函南町,更地,土地カテゴリ（建物表記なし）,静岡県田方郡函南町畑,1980,374.0,17.5,1500,畑,—,,不明,接道・区分情報なし、詳細/役場で要確認,,2026-06-21,,https://suumo.jp/chukoikkodate/shizuoka/sc_tagatagun/nc_75984601/,不適合
SUUMO 中古戸建 田方郡（函南）,函南町,更地,土地カテゴリ（建物表記なし）,静岡県田方郡函南町平井,1980,264.6,24.7,1500,田,—,,不明,接道・区分情報なし、詳細/役場で要確認,,2026-06-17,,https://suumo.jp/chukoikkodate/shizuoka/sc_tagatagun/nc_78534508/,不適合
SUUMO 中古戸建 田方郡（函南）,函南町,更地,土地カテゴリ（建物表記なし）,静岡県田方郡函南町平井,1980,295.8,22.1,1500,田,—,,不明,接道・区分情報なし、詳細/役場で要確認,,2026-06-17,,https://suumo.jp/chukoikkodate/shizuoka/sc_tagatagun/nc_20288594/,不適合
SUUMO 中古戸建 田方郡（函南）,函南町,更地,土地カテゴリ（建物表記なし）,静岡県田方郡函南町平井,1980,295.8,22.1,1500,田,—,,不明,接道・区分情報なし、詳細/役場で要確認,,2026-07-04,,https://suumo.jp/chukoikkodate/shizuoka/sc_tagatagun/nc_77685052/,不適合
SUUMO 中古戸建 田方郡（函南）,函南町,更地,土地カテゴリ（建物表記なし）,静岡県田方郡函南町仁田,2100,114.1,60.8,1500,田,—,,不明,接道・区分情報なし、詳細/役場で要確認,,2026-06-17,,https://suumo.jp/chukoikkodate/shizuoka/sc_tagatagun/nc_78608943/,不適合
SUUMO 中古戸建 田方郡（函南）,函南町,更地,土地カテゴリ（建物表記なし）,静岡県田方郡函南町平井,2149,207.7,34.2,1500,田,—,,不明,接道・区分情報なし、詳細/役場で要確認,,2026-08-07,,https://suumo.jp/chukoikkodate/shizuoka/sc_tagatagun/nc_21443542/,不適合
SUUMO 中古戸建 田方郡（函南）,函南町,更地,土地カテゴリ（建物表記なし）,静岡県田方郡函南町平井35,2149,207.7,34.2,1500,田,—,,不明,接道・区分情報なし、詳細/役場で要確認,,2026-07-15,,https://suumo.jp/chukoikkodate/shizuoka/sc_tagatagun/nc_21291529/,不適合
SUUMO 中古戸建 田方郡（函南）,函南町,更地,土地カテゴリ（建物表記なし）,静岡県田方郡函南町畑,2160,415.7,17.2,1500,畑,—,,不明,接道・区分情報なし、詳細/役場で要確認,,2026-08-09,,https://suumo.jp/chukoikkodate/shizuoka/sc_tagatagun/nc_21466880/,不適合
SUUMO 中古戸建 田方郡（函南）,函南町,更地,土地カテゴリ（建物表記なし）,静岡県田方郡函南町塚本,2200,173.7,41.9,1500,田,—,,不明,接道・区分情報なし、詳細/役場で要確認,,2026-06-17,,https://suumo.jp/chukoikkodate/shizuoka/sc_tagatagun/nc_74448743/,不適合
SUUMO 中古戸建 田方郡（函南）,函南町,更地,土地カテゴリ（建物表記なし）,静岡県田方郡函南町平井,2250,448.0,16.6,1500,田,—,,不明,接道・区分情報なし、詳細/役場で要確認,,2026-06-17,,https://suumo.jp/chukoikkodate/shizuoka/sc_tagatagun/nc_78449942/,不適合
SUUMO 中古戸建 田方郡（函南）,函南町,更地,土地カテゴリ（建物表記なし）,静岡県田方郡函南町間宮,2480,200.4,40.9,1500,田,—,,不明,接道・区分情報なし、詳細/役場で要確認,,2026-06-17,,https://suumo.jp/chukoikkodate/shizuoka/sc_tagatagun/nc_79023661/,不適合
SUUMO 中古戸建 田方郡（函南）,函南町,更地,土地カテゴリ（建物表記なし）,静岡県田方郡函南町柏谷,2500,317.1,26.1,1500,田,—,,不明,接道・区分情報なし、詳細/役場で要確認,,2026-06-17,,https://suumo.jp/chukoikkodate/shizuoka/sc_tagatagun/nc_20232638/,不適合
SUUMO 中古戸建 田方郡（函南）,函南町,更地,土地カテゴリ（建物表記なし）,静岡県田方郡函南町平井南箱根ダイヤランド,2580,356.2,23.9,1500,田,—,,不明,接道・区分情報なし、詳細/役場で要確認,,2026-07-04,NG:南箱根ダイヤランド,https://suumo.jp/chukoikkodate/shizuoka/sc_tagatagun/nc_20820491/,不適合
SUUMO 中古戸建 田方郡（函南）,函南町,中古戸建,中古戸建/住宅カテゴリ,静岡県田方郡函南町丹那,2650,370.5,23.6,3000,田,—,,不明,接道・区分情報なし。建物ありだが現行法での再建築可否は役場で要確認,,2026-06-17,,https://suumo.jp/chukoikkodate/shizuoka/sc_tagatagun/nc_77497223/,適合
SUUMO 中古戸建 田方郡（函南）,函南町,更地,土地カテゴリ（建物表記なし）,静岡県田方郡函南町丹那,2650,370.5,23.6,1500,田,—,,不明,接道・区分情報なし、詳細/役場で要確認,,2026-07-04,,https://suumo.jp/chukoikkodate/shizuoka/sc_tagatagun/nc_77331650/,不適合
SUUMO 中古戸建 田方郡（函南）,函南町,更地,土地カテゴリ（建物表記なし）,静岡県田方郡函南町平井,2980,1715.8,5.7,1500,田,—,,不明,接道・区分情報なし、詳細/役場で要確認,,2026-08-17,,https://suumo.jp/chukoikkodate/shizuoka/sc_tagatagun/nc_78444298/,不適合
SUUMO 中古戸建 田方郡（函南）,函南町,更地,土地カテゴリ（建物表記なし）,静岡県田方郡函南町平井,2980,336.6,29.3,1500,田,—,,不明,接道・区分情報なし、詳細/役場で要確認,,2026-06-17,,https://suumo.jp/chukoikkodate/shizuoka/sc_tagatagun/nc_20560462/,不適合
SUUMO 中古戸建 田方郡（函南）,函南町,更地,土地カテゴリ（建物表記なし）,静岡県田方郡函南町平井1753-989,3298,236.1,46.2,1500,田,—,,不明,接道・区分情報なし、詳細/役場で要確認,,2026-08-18,注意:温泉,https://suumo.jp/chukoikkodate/shizuoka/sc_tagatagun/nc_21512225/,不適合
SUUMO 中古戸建 田方郡（函南）,函南町,更地,土地カテゴリ（建物表記なし）,静岡県田方郡函南町平井南箱根ダイヤランド,3500,355.4,32.6,1500,田,—,,不明,接道・区分情報なし、詳細/役場で要確認,,2026-07-13,NG:南箱根ダイヤランド,https://suumo.jp/chukoikkodate/shizuoka/sc_tagatagun/nc_21275560/,不適合
SUUMO 中古戸建 田方郡（函南）,函南町,更地,土地カテゴリ（建物表記なし）,静岡県田方郡函南町平井,3500,319.6,36.2,1500,田,—,,不明,接道・区分情報なし、詳細/役場で要確認,,2026-06-17,,https://suumo.jp/chukoikkodate/shizuoka/sc_tagatagun/nc_78444299/,不適合
SUUMO 中古戸建 田方郡（函南）,函南町,更地,土地カテゴリ（建物表記なし）,静岡県田方郡函南町平井南箱根ダイヤランド,3500,355.4,32.6,1500,田,—,,不明,接道・区分情報なし、詳細/役場で要確認,,2026-08-22,NG:南箱根ダイヤランド,https://suumo.jp/chukoikkodate/shizuoka/sc_tagatagun/nc_21534986/,不適合
SUUMO 中古戸建 田方郡（函南）,函南町,更地,土地カテゴリ（建物表記なし）,静岡県田方郡函南町平井南箱根ダイヤランド1753-2116(55-361）,3648,341.0,35.4,1500,田,—,,不明,接道・区分情報なし、詳細/役場で要確認,,2026-08-15,NG:南箱根ダイヤランド,https://suumo.jp/chukoikkodate/shizuoka/sc_tagatagun/nc_73703252/,不適合
SUUMO 中古戸建 田方郡（函南）,函南町,更地,土地カテゴリ（建物表記なし）,静岡県田方郡函南町丹那南箱根ダイヤランド,4600,393.9,38.6,1500,田,—,,不明,接道・区分情報なし、詳細/役場で要確認,,2026-06-17,NG:南箱根ダイヤランド,https://suumo.jp/chukoikkodate/shizuoka/sc_tagatagun/nc_20732770/,不適合
SUUMO 中古戸建 田方郡（函南）,函南町,更地,土地カテゴリ（建物表記なし）,静岡県田方郡函南町丹那,4600,393.0,38.7,1500,田,—,,不明,接道・区分情報なし、詳細/役場で要確認,,2026-07-23,,https://suumo.jp/chukoikkodate/shizuoka/sc_tagatagun/nc_21347290/,不適合
SUUMO 中古戸建 田方郡（函南）,函南町,更地,土地カテゴリ（建物表記なし）,静岡県田方郡函南町丹那,4600,393.0,38.7,1500,田,—,,不明,接道・区分情報なし、詳細/役場で要確認,,2026-07-27,,https://suumo.jp/chukoikkodate/shizuoka/sc_tagatagun/nc_21190868/,不適合
スマイミー静岡 賃貸 駿東郡長泉町,長泉町,駐車場,賃貸カテゴリ（掲載種別）,駿東郡長泉町元長窪895-245,4.0,,,5,—,—,,—,賃貸のため対象外,,2026-08-28,,https://www.shizuoka.fudohsan.jp/%E7%89%A9%E4%BB%B6/176725,適合
スマイミー静岡 賃貸 駿東郡長泉町,長泉町,賃貸その他,賃貸カテゴリ（掲載種別）,駿東郡長泉町竹原344‐7,45.0,965.7,,5,—,—,,—,賃貸のため対象外,,2026-07-25,関心:礼金無 注意:事業用,https://www.shizuoka.fudohsan.jp/%E7%89%A9%E4%BB%B6/157929,不適合
スマイミー静岡 賃貸 駿東郡長泉町,長泉町,賃貸マンション,賃貸カテゴリ（掲載種別）,駿東郡長泉町竹原,6.4,55.0,,5,—,—,,—,賃貸のため対象外,,2026-08-24,関心:礼金無,https://www.shizuoka.fudohsan.jp/%E7%89%A9%E4%BB%B6/165939,不適合
スマイミー静岡 賃貸 駿東郡長泉町,長泉町,賃貸マンション,賃貸カテゴリ（掲載種別）,駿東郡長泉町竹原,7.0,55.0,,5,—,—,,—,賃貸のため対象外,,2026-08-24,関心:礼金無,https://www.shizuoka.fudohsan.jp/%E7%89%A9%E4%BB%B6/145367,不適合
スマイミー静岡 賃貸 駿東郡長泉町,長泉町,賃貸マンション,賃貸カテゴリ（掲載種別）,駿東郡長泉町下土狩,5.0,35.7,,5,—,—,,—,賃貸のため対象外,,2026-08-24,関心:敷金無/礼金無,https://www.shizuoka.fudohsan.jp/%E7%89%A9%E4%BB%B6/150109,適合
スマイミー静岡 賃貸 駿東郡長泉町,長泉町,賃貸マンション,賃貸カテゴリ（掲載種別）,駿東郡長泉町竹原,3.5,22.1,,5,—,—,,—,賃貸のため対象外,,2026-08-24,関心:敷金無/礼金無,https://www.shizuoka.fudohsan.jp/%E7%89%A9%E4%BB%B6/85472,適合
スマイミー静岡 賃貸 駿東郡長泉町,長泉町,賃貸マンション,賃貸カテゴリ（掲載種別）,駿東郡長泉町竹原,3.5,22.1,,5,—,—,,—,賃貸のため対象外,,2026-08-24,関心:敷金無/礼金無,https://www.shizuoka.fudohsan.jp/%E7%89%A9%E4%BB%B6/86351,適合
スマイミー静岡 賃貸 駿東郡長泉町,長泉町,賃貸マンション,賃貸カテゴリ（掲載種別）,駿東郡長泉町竹原,3.5,22.1,,5,—,—,,—,賃貸のため対象外,,2026-07-25,関心:敷金無/礼金無,https://www.shizuoka.fudohsan.jp/%E7%89%A9%E4%BB%B6/85470,適合
スマイミー静岡 賃貸 駿東郡長泉町,長泉町,賃貸マンション,賃貸カテゴリ（掲載種別）,駿東郡長泉町竹原,3.5,22.1,,5,—,—,,—,賃貸のため対象外,,2026-07-25,関心:敷金無/礼金無,https://www.shizuoka.fudohsan.jp/%E7%89%A9%E4%BB%B6/83280,適合
スマイミー静岡 賃貸 駿東郡長泉町,長泉町,賃貸マンション,賃貸カテゴリ（掲載種別）,駿東郡長泉町下土狩,5.0,35.7,,5,—,—,,—,賃貸のため対象外,,2026-07-25,関心:敷金無/礼金無,https://www.shizuoka.fudohsan.jp/%E7%89%A9%E4%BB%B6/157440,適合
スマイミー静岡 賃貸 駿東郡長泉町,長泉町,賃貸マンション,賃貸カテゴリ（掲載種別）,駿東郡長泉町竹原,7.3,60.5,,5,—,—,,—,賃貸のため対象外,,2026-07-31,関心:礼金無,https://www.shizuoka.fudohsan.jp/%E7%89%A9%E4%BB%B6/165946,不適合
スマイミー静岡 賃貸 駿東郡長泉町,長泉町,賃貸マンション,賃貸カテゴリ（掲載種別）,駿東郡長泉町竹原,7.5,60.5,,5,—,—,,—,賃貸のため対象外,,2026-07-31,関心:礼金無,https://www.shizuoka.fudohsan.jp/%E7%89%A9%E4%BB%B6/145459,不適合
スマイミー静岡 賃貸 駿東郡長泉町,長泉町,賃貸マンション,賃貸カテゴリ（掲載種別）,駿東郡長泉町桜堤３丁目,5.7,41.9,,5,—,—,,—,賃貸のため対象外,,2026-08-23,関心:礼金無,https://www.shizuoka.fudohsan.jp/%E7%89%A9%E4%BB%B6/48582,不適合
スマイミー静岡 賃貸 駿東郡長泉町,長泉町,賃貸その他,賃貸カテゴリ（掲載種別）,駿東郡長泉町下長窪719-1,7.5,65.8,,5,—,—,,—,賃貸のため対象外,,2026-07-25,関心:敷金無,https://www.shizuoka.fudohsan.jp/%E7%89%A9%E4%BB%B6/147780,不適合
スマイミー静岡 賃貸 駿東郡長泉町,長泉町,賃貸マンション,賃貸カテゴリ（掲載種別）,駿東郡長泉町南一色179-1,6.5,54.0,,5,—,—,,—,賃貸のため対象外,,2026-08-15,関心:敷金無/礼金無,https://www.shizuoka.fudohsan.jp/%E7%89%A9%E4%BB%B6/175034,不適合
スマイミー静岡 賃貸 駿東郡長泉町,長泉町,賃貸マンション,賃貸カテゴリ（掲載種別）,駿東郡長泉町中土狩904-15,6.5,54.9,,5,—,—,,—,賃貸のため対象外,,2026-07-25,関心:敷金無,https://www.shizuoka.fudohsan.jp/%E7%89%A9%E4%BB%B6/167530,不適合
スマイミー静岡 賃貸 駿東郡長泉町,長泉町,賃貸マンション,賃貸カテゴリ（掲載種別）,駿東郡長泉町南一色179-1,6.5,54.0,,5,—,—,,—,賃貸のため対象外,,2026-08-15,関心:敷金無/礼金無,https://www.shizuoka.fudohsan.jp/%E7%89%A9%E4%BB%B6/175033,不適合
スマイミー静岡 賃貸 駿東郡長泉町,長泉町,賃貸アパート,賃貸カテゴリ（掲載種別）,駿東郡長泉町中土狩483-6,6.5,49.6,,5,—,—,,—,賃貸のため対象外,,2026-07-25,関心:礼金無,https://www.shizuoka.fudohsan.jp/%E7%89%A9%E4%BB%B6/152792,不適合
スマイミー静岡 賃貸 駿東郡長泉町,長泉町,賃貸アパート,賃貸カテゴリ（掲載種別）,駿東郡長泉町上長窪214-20,6.4,62.0,,5,—,—,,—,賃貸のため対象外,,2026-07-25,関心:敷金無/礼金無,https://www.shizuoka.fudohsan.jp/%E7%89%A9%E4%BB%B6/175623,不適合
スマイミー静岡 賃貸 駿東郡長泉町,長泉町,賃貸アパート,賃貸カテゴリ（掲載種別）,駿東郡長泉町上長窪214-20,6.3,63.9,,5,—,—,,—,賃貸のため対象外,,2026-07-25,関心:敷金無/礼金無,https://www.shizuoka.fudohsan.jp/%E7%89%A9%E4%BB%B6/172123,不適合
スマイミー静岡 賃貸 駿東郡長泉町,長泉町,賃貸マンション,賃貸カテゴリ（掲載種別）,駿東郡長泉町納米里419-3,6.1,58.7,,5,—,—,,—,賃貸のため対象外,,2026-07-25,関心:敷金無,https://www.shizuoka.fudohsan.jp/%E7%89%A9%E4%BB%B6/175211,不適合
スマイミー静岡 賃貸 駿東郡長泉町,長泉町,賃貸マンション,賃貸カテゴリ（掲載種別）,駿東郡長泉町納米里300-3,6.0,55.4,,5,—,—,,—,賃貸のため対象外,,2026-07-25,関心:礼金無,https://www.shizuoka.fudohsan.jp/%E7%89%A9%E4%BB%B6/165119,不適合
スマイミー静岡 賃貸 駿東郡長泉町,長泉町,賃貸戸建,賃貸カテゴリ（掲載種別）,駿東郡長泉町下土狩391-1,5.5,39.7,,5,—,—,,—,賃貸のため対象外,,2026-07-25,関心:敷金無/礼金無/戸建,https://www.shizuoka.fudohsan.jp/%E7%89%A9%E4%BB%B6/167199,不適合
スマイミー静岡 賃貸 駿東郡長泉町,長泉町,賃貸マンション,賃貸カテゴリ（掲載種別）,駿東郡長泉町竹原326-1,5.3,56.0,,5,—,—,,—,賃貸のため対象外,,2026-08-15,関心:敷金無,https://www.shizuoka.fudohsan.jp/%E7%89%A9%E4%BB%B6/175062,不適合
スマイミー静岡 賃貸 駿東郡長泉町,長泉町,賃貸マンション,賃貸カテゴリ（掲載種別）,駿東郡長泉町竹原326-1,5.2,56.0,,5,—,—,,—,賃貸のため対象外,,2026-08-15,関心:敷金無,https://www.shizuoka.fudohsan.jp/%E7%89%A9%E4%BB%B6/175061,不適合
スマイミー静岡 賃貸 駿東郡長泉町,長泉町,賃貸マンション,賃貸カテゴリ（掲載種別）,駿東郡長泉町下土狩264-6,5.0,54.1,,5,—,—,,—,賃貸のため対象外,,2026-07-25,関心:敷金無/礼金無,https://www.shizuoka.fudohsan.jp/%E7%89%A9%E4%BB%B6/173373,適合
スマイミー静岡 賃貸 駿東郡長泉町,長泉町,賃貸マンション,賃貸カテゴリ（掲載種別）,駿東郡長泉町下土狩264-6,5.0,54.1,,5,—,—,,—,賃貸のため対象外,,2026-07-25,関心:敷金無/礼金無,https://www.shizuoka.fudohsan.jp/%E7%89%A9%E4%BB%B6/173372,適合
スマイミー静岡 賃貸 駿東郡長泉町,長泉町,賃貸マンション,賃貸カテゴリ（掲載種別）,駿東郡長泉町中土狩344-1,5.9,59.4,,5,—,—,,—,賃貸のため対象外,,2026-08-17,関心:礼金無,https://www.shizuoka.fudohsan.jp/%E7%89%A9%E4%BB%B6/146840,不適合
スマイミー静岡 賃貸 駿東郡長泉町,長泉町,賃貸アパート,賃貸カテゴリ（掲載種別）,駿東郡長泉町納米里461-13,5.2,29.7,,5,—,—,,—,賃貸のため対象外,,2026-08-14,関心:礼金無,https://www.shizuoka.fudohsan.jp/%E7%89%A9%E4%BB%B6/176312,不適合
スマイミー静岡 賃貸 駿東郡長泉町,長泉町,賃貸アパート,賃貸カテゴリ（掲載種別）,駿東郡長泉町下土狩323-18,4.8,39.5,,5,—,—,,—,賃貸のため対象外,,2026-08-10,関心:礼金無,https://www.shizuoka.fudohsan.jp/%E7%89%A9%E4%BB%B6/140278,適合
LIFULL 中古戸建 函南町,,中古戸建,中古戸建/住宅カテゴリ,南箱根ダイヤランド中古戸建,3298,236.1,46.2,3000,田,—,,不明,接道・区分情報なし。建物ありだが現行法での再建築可否は役場で要確認,,2026-08-18,注意:温泉 NG:南箱根ダイヤランド,https://www.homes.co.jp/kodate/b-33311850000806/,不適合
LIFULL 中古戸建 函南町,函南町,空き家,掲載に空き家表記,函南町仁田中古住宅,2480,154.3,53.1,3000,田,—,,不明,接道・区分情報なし。建物ありだが現行法での再建築可否は役場で要確認,,2026-07-30,,https://www.homes.co.jp/kodate/b-1265050002688/,不適合
LIFULL 中古戸建 函南町,函南町,中古戸建,中古戸建/住宅カテゴリ,売中古戸建　田方郡函南町仁田,2100,114.1,60.8,3000,田,—,,不明,接道・区分情報なし。建物ありだが現行法での再建築可否は役場で要確認,,2026-07-03,,https://www.homes.co.jp/kodate/b-1500050000564/,不適合
LIFULL 中古戸建 函南町,,空き家,掲載に空き家表記,南箱根ダイヤランド,3550,308.0,38.1,3000,田,—,,不明,接道・区分情報なし。建物ありだが現行法での再建築可否は役場で要確認,,2026-07-03,注意:温泉 NG:南箱根ダイヤランド,https://www.homes.co.jp/kodate/b-1452060000052/,不適合
LIFULL 中古戸建 函南町,,中古戸建,中古戸建/住宅カテゴリ,南箱根ダイヤランド戸建,2780,356.0,25.8,3000,田,—,,不明,接道・区分情報なし。建物ありだが現行法での再建築可否は役場で要確認,,2026-07-03,注意:別荘地 NG:南箱根ダイヤランド,https://www.homes.co.jp/kodate/b-1111450005500/,適合
LIFULL 中古戸建 函南町,函南町,中古戸建,中古戸建/住宅カテゴリ,函南町上沢中古戸建,1900,132.3,47.5,3000,田,—,,不明,接道・区分情報なし。建物ありだが現行法での再建築可否は役場で要確認,,2026-07-03,,https://www.homes.co.jp/kodate/b-89420000413/,不適合
LIFULL 中古戸建 函南町,,中古戸建,中古戸建/住宅カテゴリ,南箱根ダイヤランド　売戸建,1980,374.0,17.5,3000,畑,—,,不明,接道・区分情報なし。建物ありだが現行法での再建築可否は役場で要確認,,2026-07-03,注意:別荘地 NG:南箱根ダイヤランド,https://www.homes.co.jp/kodate/b-1111450005068/,適合
LIFULL 中古戸建 函南町,函南町,中古戸建,中古戸建/住宅カテゴリ,桧家住宅の家　函南町畑毛中古住宅,3880,222.5,57.6,3000,畑,—,,不明,接道・区分情報なし。建物ありだが現行法での再建築可否は役場で要確認,,2026-07-03,,https://www.homes.co.jp/kodate/b-1265050001977/,不適合
LIFULL 中古戸建 函南町,,中古戸建,中古戸建/住宅カテゴリ,南箱根ダイヤランド　売戸建,2160,415.7,17.2,3000,畑,—,,不明,接道・区分情報なし。建物ありだが現行法での再建築可否は役場で要確認,,2026-08-09,NG:南箱根ダイヤランド,https://www.homes.co.jp/kodate/b-1111450005686/,適合
LIFULL 中古戸建 函南町,函南町,空き家,掲載に空き家表記,函南町平井　中古戸建,3150,202.5,51.4,3000,田,—,,不明,接道・区分情報なし。建物ありだが現行法での再建築可否は役場で要確認,,2026-07-03,,https://www.homes.co.jp/kodate/b-1316560004601/,不適合
LIFULL 中古戸建 函南町,,中古戸建,中古戸建/住宅カテゴリ,南箱根ダイヤランド戸建,1900,480.0,13.1,3000,田,—,,不明,接道・区分情報なし。建物ありだが現行法での再建築可否は役場で要確認,,2026-07-03,注意:温泉 NG:南箱根ダイヤランド,https://www.homes.co.jp/kodate/b-1341600001838/,適合
LIFULL 中古戸建 函南町,函南町,空き家,掲載に空き家表記,函南町柏谷中古住宅,1890,186.2,33.6,3000,宅地,—,接道の為、通常よりも広く建築,不明,接道・区分情報なし。建物ありだが現行法での再建築可否は役場で要確認,,2026-07-03,,https://www.homes.co.jp/kodate/b-1265050002525/,不適合
LIFULL 中古戸建 函南町,,中古戸建,中古戸建/住宅カテゴリ,南箱根ダイヤランド　売戸建,1580,316.0,16.5,3000,田,—,,不明,接道・区分情報なし。建物ありだが現行法での再建築可否は役場で要確認,,2026-07-03,NG:南箱根ダイヤランド,https://www.homes.co.jp/kodate/b-1111450005466/,不適合
LIFULL 中古戸建 函南町,函南町,空き家,掲載に空き家表記,田方郡函南町上沢,1700,428.0,13.1,3000,田,—,,不明,接道・区分情報なし。建物ありだが現行法での再建築可否は役場で要確認,,2026-08-20,,https://www.homes.co.jp/kodate/b-37260450000005/,適合
LIFULL 中古戸建 函南町,,空き家,掲載に空き家表記,伊豆箱根鉄道駿豆線 大場駅 徒歩27分,4080,165.1,81.7,3000,田,—,,不明,接道・区分情報なし。建物ありだが現行法での再建築可否は役場で要確認,,2026-07-03,,https://www.homes.co.jp/kodate/b-33317990000182/,不適合
LIFULL 中古戸建 函南町,函南町,空き家,掲載に空き家表記,函南町間宮中古住宅,3880,166.8,76.9,3000,田,—,,不明,接道・区分情報なし。建物ありだが現行法での再建築可否は役場で要確認,,2026-07-03,,https://www.homes.co.jp/kodate/b-1265050002142/,不適合
LIFULL 中古戸建 函南町,函南町,中古戸建,中古戸建/住宅カテゴリ,函南町平井　中古戸建,1980,128.9,50.8,3000,宅地,—,,不明,接道・区分情報なし。建物ありだが現行法での再建築可否は役場で要確認,,2026-07-03,,https://www.homes.co.jp/kodate/b-1490460002405/,不適合
LIFULL 中古戸建 函南町,,空き家,掲載に空き家表記,バス 切透し下車 徒歩2分,965,241.4,13.2,3000,田,—,,不明,接道・区分情報なし。建物ありだが現行法での再建築可否は役場で要確認,,2026-07-03,,https://www.homes.co.jp/kodate/b-33313200000050/,不適合
LIFULL 中古戸建 函南町,,空き家,掲載に空き家表記,ヒューマンヒルズ函南１２２号地,1970,307.7,21.2,3000,宅地,—,,不明,接道・区分情報なし。建物ありだが現行法での再建築可否は役場で要確認,,2026-07-11,,https://www.homes.co.jp/kodate/b-1508430000123/,不適合
LIFULL 中古戸建 函南町,,空き家,掲載に空き家表記,南箱根ダイヤランド戸建,2580,356.2,23.9,3000,田,—,,不明,接道・区分情報なし。建物ありだが現行法での再建築可否は役場で要確認,,2026-07-03,注意:温泉 NG:南箱根ダイヤランド,https://www.homes.co.jp/kodate/b-1341600001836/,適合
LIFULL 中古戸建 函南町,,空き家,掲載に空き家表記,ヒューマンヒルズ函南40号地,1780,276.0,21.3,3000,宅地,—,,不明,接道・区分情報なし。建物ありだが現行法での再建築可否は役場で要確認,,2026-07-11,,https://www.homes.co.jp/kodate/b-1508430000113/,不適合
LIFULL 中古戸建 函南町,,空き家,掲載に空き家表記,JR東海道本線 熱海駅 13km,1480,301.7,16.2,3000,畑,—,,不明,接道・区分情報なし。建物ありだが現行法での再建築可否は役場で要確認,,2026-08-02,注意:別荘地/温泉,https://www.homes.co.jp/kodate/b-33311850000800/,不適合
LIFULL 中古戸建 函南町,函南町,中古戸建,中古戸建/住宅カテゴリ,函南町柏谷中古戸建,2490,292.0,28.2,3000,田,—,,不明,接道・区分情報なし。建物ありだが現行法での再建築可否は役場で要確認,,2026-07-03,,https://www.homes.co.jp/kodate/b-93060000056/,不適合
LIFULL 中古戸建 函南町,,空き家,掲載に空き家表記,ヒューマンヒルズ函南,1980,253.9,25.8,3000,宅地,—,,不明,接道・区分情報なし。建物ありだが現行法での再建築可否は役場で要確認,,2026-07-03,注意:別荘地,https://www.homes.co.jp/kodate/b-39036990000092/,不適合
LIFULL 中古戸建 函南町,,空き家,掲載に空き家表記,伊豆エメラルドタウン　ログハウス,390,246.0,5.2,3000,田,—,,不明,接道・区分情報なし。建物ありだが現行法での再建築可否は役場で要確認,,2026-07-30,注意:別荘地 NG:エメラルドタウン,https://www.homes.co.jp/kodate/b-33310640000837/,不適合
LIFULL 中古戸建 函南町,,空き家,掲載に空き家表記,南箱根ダイヤランド　戸建,980,408.0,7.9,3000,田,—,,不明,接道・区分情報なし。建物ありだが現行法での再建築可否は役場で要確認,,2026-07-03,注意:別荘地/温泉 NG:南箱根ダイヤランド,https://www.homes.co.jp/kodate/b-33303660001139/,適合
LIFULL 中古戸建 函南町,函南町,空き家,掲載に空き家表記,売中古戸建　函南町塚本,2200,173.7,41.9,3000,田,—,,不明,接道・区分情報なし。建物ありだが現行法での再建築可否は役場で要確認,,2026-07-03,,https://www.homes.co.jp/kodate/b-1500050000260/,不適合
LIFULL 中古戸建 函南町,,空き家,掲載に空き家表記,ヒューマンヒルズ函南77号地,2150,324.7,21.9,3000,宅地,—,,不明,接道・区分情報なし。建物ありだが現行法での再建築可否は役場で要確認,,2026-07-11,注意:借地/定期借地,https://www.homes.co.jp/kodate/b-1508430000083/,不適合
LIFULL 中古戸建 函南町,,空き家,掲載に空き家表記,南箱根ダイヤランド戸建,3500,355.4,32.6,3000,田,—,,不明,接道・区分情報なし。建物ありだが現行法での再建築可否は役場で要確認,,2026-08-22,注意:温泉 NG:南箱根ダイヤランド,https://www.homes.co.jp/kodate/b-1341600001884/,不適合
LIFULL 中古戸建 函南町,函南町,空き家,掲載に空き家表記,函南町上沢中古住宅 離れ付,1080,238.0,15.0,3000,田,—,,不明,接道・区分情報なし。建物ありだが現行法での再建築可否は役場で要確認,,2026-08-27,,https://www.homes.co.jp/kodate/b-1265050002649/,不適合
SUUMO 土地 伊豆市,伊豆市,更地,土地カテゴリ（建物表記なし）,静岡県伊豆市湯ケ島,300,414.5,2.4,3000,—,—,,不明,接道・区分情報なし、詳細/役場で要確認,,2026-07-12,,https://suumo.jp/tochi/shizuoka/sc_izu/nc_20839983/,不適合
SUUMO 土地 伊豆市,伊豆市,更地,土地カテゴリ（建物表記なし）,静岡県伊豆市柏久保,680,196.5,11.4,3000,—,—,,不明,接道・区分情報なし、詳細/役場で要確認,,2026-07-12,,https://suumo.jp/tochi/shizuoka/sc_izu/nc_78841131/,不適合
SUUMO 土地 伊豆市,伊豆市,更地,土地カテゴリ（建物表記なし）,静岡県伊豆市柏久保,730,153.4,15.7,3000,—,—,,不明,接道・区分情報なし、詳細/役場で要確認,,2026-07-12,,https://suumo.jp/tochi/shizuoka/sc_izu/nc_79002295/,不適合
SUUMO 土地 伊豆市,伊豆市,更地,土地カテゴリ（建物表記なし）,静岡県伊豆市柏久保,800,257.2,10.3,3000,—,—,,不明,接道・区分情報なし、詳細/役場で要確認,,2026-08-25,,https://suumo.jp/tochi/shizuoka/sc_izu/nc_21558548/,不適合
SUUMO 土地 伊豆市,伊豆市,更地,土地カテゴリ（建物表記なし）,静岡県伊豆市柏久保,830,181.3,15.1,3000,—,—,,不明,接道・区分情報なし、詳細/役場で要確認,,2026-08-04,,https://suumo.jp/tochi/shizuoka/sc_izu/nc_20123582/,不適合
SUUMO 土地 伊豆市,伊豆市,更地,土地カテゴリ（建物表記なし）,静岡県伊豆市修善寺,1080,217.0,16.5,3000,—,—,,不明,接道・区分情報なし、詳細/役場で要確認,,2026-07-12,,https://suumo.jp/tochi/shizuoka/sc_izu/nc_76312170/,不適合
SUUMO 土地 伊豆市,伊豆市,更地,土地カテゴリ（建物表記なし）,静岡県伊豆市下白岩,1200,670.4,5.9,3000,宅地,—,,不明,接道・区分情報なし、詳細/役場で要確認,,2026-07-12,注意:温泉,https://suumo.jp/tochi/shizuoka/sc_izu/nc_76850124/,不適合
SUUMO 土地 伊豆市,伊豆市,更地,土地カテゴリ（建物表記なし）,静岡県伊豆市熊坂,3685,1015.1,12.0,3000,—,—,,不明,接道・区分情報なし、詳細/役場で要確認,,2026-07-12,,https://suumo.jp/tochi/shizuoka/sc_izu/nc_21208604/,不適合
LIFULL 土地 清水町,,更地,土地カテゴリ（建物表記なし）,【ダイワハウス】セキュレア清水堂庭(分譲宅地),2680,165.4,53.6,1500,宅地,—,,不明,接道・区分情報なし、詳細/役場で要確認,,2026-08-22,,https://www.homes.co.jp/tochi/b-17000130016151/,不適合
LIFULL 土地 清水町,清水町,更地,土地カテゴリ（建物表記なし）,【積水ハウス】コモンステージ清水町伏見【建築条件付土地】,2780,151.2,60.8,1500,—,—,,不明,接道・区分情報なし、詳細/役場で要確認,,2026-07-29,,https://www.homes.co.jp/tochi/b-17015760000108/,不適合
LIFULL 土地 清水町,清水町,古家付き土地,土地＋古家/上物の表記,駿東郡清水町堂庭 (三島駅),3080,,,1500,—,—,,不明,接道・区分情報なし。建物ありだが現行法での再建築可否は役場で要確認,,2026-06-19,,https://www.homes.co.jp/tochi/b-33301270000111/,数値不明
LIFULL 土地 清水町,清水町,古家付き土地,土地＋古家/上物の表記,駿東郡清水町湯川 (三島駅),1840,,,1500,—,—,,不明,接道・区分情報なし。建物ありだが現行法での再建築可否は役場で要確認,,2026-06-19,,https://www.homes.co.jp/tochi/b-1265050002601/,数値不明
LIFULL 土地 清水町,清水町,古家付き土地,土地＋古家/上物の表記,駿東郡清水町徳倉 (三島二日町駅),1390,,,1500,—,—,,不明,接道・区分情報なし。建物ありだが現行法での再建築可否は役場で要確認,,2026-06-19,,https://www.homes.co.jp/tochi/b-1265050002460/,数値不明
LIFULL 土地 清水町,清水町,更地,土地カテゴリ（建物表記なし）,駿東郡清水町玉川 (三島駅),1980,,,1500,田,—,,不明,接道・区分情報なし、詳細/役場で要確認,,2026-06-19,,https://www.homes.co.jp/tochi/b-1265050002393/,数値不明
LIFULL 土地 清水町,清水町,古家付き土地,土地＋古家/上物の表記,駿東郡清水町徳倉 (三島駅),1800,,,1500,—,—,,不明,接道・区分情報なし。建物ありだが現行法での再建築可否は役場で要確認,,2026-06-19,,https://www.homes.co.jp/tochi/b-1265050002603/,数値不明
LIFULL 土地 清水町,清水町,更地,土地カテゴリ（建物表記なし）,駿東郡清水町徳倉 (東海バス　徳倉),1709,,,1500,—,—,,不明,接道・区分情報なし、詳細/役場で要確認,,2026-06-19,,https://www.homes.co.jp/tochi/b-33330170000009/,数値不明
LIFULL 土地 清水町,清水町,更地,土地カテゴリ（建物表記なし）,駿東郡清水町徳倉 (沼津駅),1280,,,1500,—,—,,不明,接道・区分情報なし、詳細/役場で要確認,,2026-06-19,,https://www.homes.co.jp/tochi/b-33328200000946/,数値不明
LIFULL 土地 清水町,清水町,古家付き土地,土地＋古家/上物の表記,駿東郡清水町徳倉 (大場駅),1390,,,1500,—,—,,不明,接道・区分情報なし。建物ありだが現行法での再建築可否は役場で要確認,,2026-06-19,,https://www.homes.co.jp/tochi/b-1500050000401/,数値不明
LIFULL 土地 清水町,清水町,古家付き土地,土地＋古家/上物の表記,駿東郡清水町徳倉 (伊豆仁田駅),1580,,,1500,田,—,,不明,接道・区分情報なし。建物ありだが現行法での再建築可否は役場で要確認,,2026-07-10,,https://www.homes.co.jp/tochi/b-1500050000679/,数値不明
LIFULL 土地 清水町,清水町,古家付き土地,土地＋古家/上物の表記,駿東郡清水町長沢 (大岡駅),700,,,1500,—,—,,不明,接道・区分情報なし。建物ありだが現行法での再建築可否は役場で要確認,,2026-06-19,,https://www.homes.co.jp/tochi/b-1500050000474/,数値不明
LIFULL 土地 清水町,清水町,更地,土地カテゴリ（建物表記なし）,駿東郡清水町徳倉 (沼津駅),1490,,,1500,宅地,—,,不明,接道・区分情報なし、詳細/役場で要確認,,2026-06-19,,https://www.homes.co.jp/tochi/b-1316560004611/,数値不明
LIFULL 土地 清水町,清水町,更地,土地カテゴリ（建物表記なし）,駿東郡清水町徳倉 (沼津駅),1490,,,1500,宅地,—,,不明,接道・区分情報なし、詳細/役場で要確認,,2026-06-19,,https://www.homes.co.jp/tochi/b-1316560004612/,数値不明
LIFULL 土地 清水町,清水町,古家付き土地,土地＋古家/上物の表記,駿東郡清水町徳倉 (沼津駅),950,,,1500,—,—,,不明,接道・区分情報なし。建物ありだが現行法での再建築可否は役場で要確認,,2026-06-19,,https://www.homes.co.jp/tochi/b-1468010001080/,数値不明
LIFULL 土地 清水町,清水町,更地,土地カテゴリ（建物表記なし）,駿東郡清水町徳倉 (沼津駅),1490,,,1500,田,—,,不明,接道・区分情報なし、詳細/役場で要確認,,2026-08-28,,https://www.homes.co.jp/tochi/b-1540930000298/,数値不明
LIFULL 土地 清水町,清水町,古家付き土地,土地＋古家/上物の表記,駿東郡清水町柿田 (沼津駅),2200,,,1500,田,—,,不明,接道・区分情報なし。建物ありだが現行法での再建築可否は役場で要確認,,2026-08-29,,https://www.homes.co.jp/tochi/b-1436870001763/,数値不明
LIFULL 土地 清水町,清水町,更地,土地カテゴリ（建物表記なし）,駿東郡清水町柿田 (三島広小路駅),1780,,,1500,田,—,,不明,接道・区分情報なし、詳細/役場で要確認,,2026-08-20,,https://www.homes.co.jp/tochi/b-37260450000001/,数値不明
LIFULL 土地 清水町,清水町,更地,土地カテゴリ（建物表記なし）,駿東郡清水町徳倉 (三島二日町駅),3150,,,1500,—,—,,不明,接道・区分情報なし、詳細/役場で要確認,,2026-08-20,,https://www.homes.co.jp/tochi/b-37260450000027/,数値不明
LIFULL 土地 清水町,清水町,古家付き土地,土地＋古家/上物の表記,駿東郡清水町徳倉 (沼津駅),1320,,,1500,田,—,,不明,接道・区分情報なし。建物ありだが現行法での再建築可否は役場で要確認,,2026-06-19,,https://www.homes.co.jp/tochi/b-1540930000242/,数値不明
LIFULL 土地 清水町,清水町,更地,土地カテゴリ（建物表記なし）,駿東郡清水町徳倉 (沼津駅),1490,,,1500,田,—,,不明,接道・区分情報なし、詳細/役場で要確認,,2026-06-19,,https://www.homes.co.jp/tochi/b-1540930000043/,数値不明
LIFULL 土地 清水町,清水町,更地,土地カテゴリ（建物表記なし）,駿東郡清水町徳倉 (沼津駅),2200,,,1500,田,—,,不明,接道・区分情報なし、詳細/役場で要確認,,2026-06-19,,https://www.homes.co.jp/tochi/b-1540930000262/,数値不明
LIFULL 土地 清水町,清水町,更地,土地カテゴリ（建物表記なし）,駿東郡清水町長沢 (大岡駅),1400,,,1500,宅地,—,,不明,接道・区分情報なし、詳細/役場で要確認,,2026-06-19,,https://www.homes.co.jp/tochi/b-1540930000038/,数値不明
LIFULL 土地 清水町,清水町,更地,土地カテゴリ（建物表記なし）,駿東郡清水町徳倉 (沼津駅),1490,,,1500,田,—,,不明,接道・区分情報なし、詳細/役場で要確認,,2026-08-28,,https://www.homes.co.jp/tochi/b-1540930000299/,数値不明
LIFULL 土地 清水町,清水町,更地,土地カテゴリ（建物表記なし）,駿東郡清水町徳倉 (沼津駅),2400,,,1500,—,—,,不明,接道・区分情報なし、詳細/役場で要確認,,2026-06-19,,https://www.homes.co.jp/tochi/b-33323360000936/,数値不明
LIFULL 土地 清水町,清水町,更地,土地カテゴリ（建物表記なし）,駿東郡清水町伏見 (三島広小路駅),2700,,,1500,—,—,,不明,接道・区分情報なし、詳細/役場で要確認,,2026-06-19,,https://www.homes.co.jp/tochi/b-33320560000011/,数値不明
LIFULL 土地 清水町,清水町,更地,土地カテゴリ（建物表記なし）,駿東郡清水町伏見 (三島広小路駅),11500,,,1500,田,—,接道面広々♪ ☆買い物便利な,不明,接道・区分情報なし、詳細/役場で要確認,,2026-08-07,,https://www.homes.co.jp/tochi/b-33327210001575/,数値不明
LIFULL 土地 清水町,清水町,古家付き土地,土地＋古家/上物の表記,駿東郡清水町湯川 (三島駅),1980,,,1500,—,—,,不明,接道・区分情報なし。建物ありだが現行法での再建築可否は役場で要確認,,2026-06-19,,https://www.homes.co.jp/tochi/b-33323360000951/,数値不明
LIFULL 土地 清水町,清水町,更地,土地カテゴリ（建物表記なし）,駿東郡清水町新宿,4380,,,1500,—,—,,不明,接道・区分情報なし、詳細/役場で要確認,,2026-08-20,,https://www.homes.co.jp/tochi/b-1571200000005/,数値不明
LIFULL 土地 清水町,清水町,古家付き土地,土地＋古家/上物の表記,駿東郡清水町徳倉 (沼津駅),1200,,,1500,—,—,,不明,接道・区分情報なし。建物ありだが現行法での再建築可否は役場で要確認,,2026-06-19,,https://www.homes.co.jp/tochi/b-33323360001067/,数値不明
スマイミー静岡 賃貸 駿東郡清水町,清水町,賃貸マンション,賃貸カテゴリ（掲載種別）,駿東郡清水町徳倉,5.7,55.4,,5,—,—,,—,賃貸のため対象外,,2026-08-29,関心:敷金無/礼金無,https://www.shizuoka.fudohsan.jp/%E7%89%A9%E4%BB%B6/174863,不適合
スマイミー静岡 賃貸 駿東郡清水町,清水町,賃貸マンション,賃貸カテゴリ（掲載種別）,駿東郡清水町徳倉,5.8,52.0,,5,—,—,,—,賃貸のため対象外,,2026-08-29,関心:礼金無,https://www.shizuoka.fudohsan.jp/%E7%89%A9%E4%BB%B6/76927,不適合
スマイミー静岡 賃貸 駿東郡清水町,清水町,駐車場,賃貸カテゴリ（掲載種別）,駿東郡清水町徳倉1619-1,0.44,,,5,—,—,,—,賃貸のため対象外,,2026-08-03,関心:敷金無/礼金無,https://www.shizuoka.fudohsan.jp/%E7%89%A9%E4%BB%B6/111501,適合
スマイミー静岡 賃貸 駿東郡清水町,清水町,賃貸アパート,賃貸カテゴリ（掲載種別）,駿東郡清水町伏見603-3,6.0,39.6,,5,—,—,,—,賃貸のため対象外,,2026-08-27,関心:礼金無,https://www.shizuoka.fudohsan.jp/%E7%89%A9%E4%BB%B6/174991,不適合
スマイミー静岡 賃貸 駿東郡清水町,清水町,賃貸アパート,賃貸カテゴリ（掲載種別）,駿東郡清水町徳倉1197-1,4.6,56.1,,5,—,—,,—,賃貸のため対象外,,2026-08-24,関心:敷金無/礼金無,https://www.shizuoka.fudohsan.jp/%E7%89%A9%E4%BB%B6/173417,適合
スマイミー静岡 賃貸 駿東郡清水町,清水町,賃貸マンション,賃貸カテゴリ（掲載種別）,駿東郡清水町長沢163-3,6.6,44.9,,5,—,—,,—,賃貸のため対象外,,2026-08-24,関心:礼金無,https://www.shizuoka.fudohsan.jp/%E7%89%A9%E4%BB%B6/174491,不適合
スマイミー静岡 賃貸 駿東郡清水町,清水町,賃貸マンション,賃貸カテゴリ（掲載種別）,駿東郡清水町徳倉,6.5,63.7,,5,—,—,,—,賃貸のため対象外,,2026-08-24,関心:敷金無/礼金無,https://www.shizuoka.fudohsan.jp/%E7%89%A9%E4%BB%B6/89117,不適合
スマイミー静岡 賃貸 駿東郡清水町,清水町,賃貸マンション,賃貸カテゴリ（掲載種別）,駿東郡清水町徳倉,5.9,50.0,,5,—,—,,—,賃貸のため対象外,,2026-08-24,関心:礼金無,https://www.shizuoka.fudohsan.jp/%E7%89%A9%E4%BB%B6/39890,不適合
スマイミー静岡 賃貸 駿東郡清水町,清水町,賃貸アパート,賃貸カテゴリ（掲載種別）,駿東郡清水町久米田77,7.9,62.7,,5,田,—,,—,賃貸のため対象外,,2026-08-24,関心:礼金無,https://www.shizuoka.fudohsan.jp/%E7%89%A9%E4%BB%B6/173380,不適合
スマイミー静岡 賃貸 駿東郡清水町,清水町,賃貸マンション,賃貸カテゴリ（掲載種別）,駿東郡清水町徳倉1139-1,7.4,66.6,,5,—,—,,—,賃貸のため対象外,,2026-08-22,,https://www.shizuoka.fudohsan.jp/%E7%89%A9%E4%BB%B6/90291,不適合
スマイミー静岡 賃貸 駿東郡清水町,清水町,賃貸マンション,賃貸カテゴリ（掲載種別）,駿東郡清水町徳倉1116-1,7.5,58.0,,5,—,—,,—,賃貸のため対象外,,2026-07-25,,https://www.shizuoka.fudohsan.jp/%E7%89%A9%E4%BB%B6/61360,不適合
スマイミー静岡 賃貸 駿東郡清水町,清水町,賃貸その他,賃貸カテゴリ（掲載種別）,駿東郡清水町徳倉1314-1,15.07,226.1,,5,—,—,,—,賃貸のため対象外,,2026-08-21,関心:礼金無,https://www.shizuoka.fudohsan.jp/%E7%89%A9%E4%BB%B6/176489,不適合
スマイミー静岡 賃貸 駿東郡清水町,清水町,賃貸その他,賃貸カテゴリ（掲載種別）,駿東郡清水町長沢975-1、976-1,15.0,97.2,,5,—,—,,—,賃貸のため対象外,,2026-08-01,関心:礼金無,https://www.shizuoka.fudohsan.jp/%E7%89%A9%E4%BB%B6/124055,不適合
スマイミー静岡 賃貸 駿東郡清水町,清水町,賃貸アパート,賃貸カテゴリ（掲載種別）,駿東郡清水町長沢726-7,3.5,17.4,,5,—,—,,—,賃貸のため対象外,,2026-07-30,関心:敷金無/礼金無,https://www.shizuoka.fudohsan.jp/%E7%89%A9%E4%BB%B6/175824,適合
スマイミー静岡 賃貸 駿東郡清水町,清水町,賃貸アパート,賃貸カテゴリ（掲載種別）,駿東郡清水町長沢726-7,3.5,18.6,,5,—,—,,—,賃貸のため対象外,,2026-07-30,関心:敷金無/礼金無,https://www.shizuoka.fudohsan.jp/%E7%89%A9%E4%BB%B6/175825,適合
スマイミー静岡 賃貸 駿東郡清水町,清水町,賃貸アパート,賃貸カテゴリ（掲載種別）,駿東郡清水町長沢726-7,3.5,19.5,,5,—,—,,—,賃貸のため対象外,,2026-07-30,関心:敷金無/礼金無,https://www.shizuoka.fudohsan.jp/%E7%89%A9%E4%BB%B6/175826,適合
スマイミー静岡 賃貸 駿東郡清水町,清水町,賃貸その他,賃貸カテゴリ（掲載種別）,駿東郡清水町長沢200-7,18.0,45.0,,5,—,—,,—,賃貸のため対象外,,2026-07-25,関心:礼金無 注意:事務所/店舗,https://www.shizuoka.fudohsan.jp/%E7%89%A9%E4%BB%B6/147505,不適合
スマイミー静岡 賃貸 駿東郡清水町,清水町,賃貸アパート,賃貸カテゴリ（掲載種別）,駿東郡清水町伏見14-11,6.0,52.1,,5,—,—,,—,賃貸のため対象外,,2026-07-25,関心:敷金無/礼金無,https://www.shizuoka.fudohsan.jp/%E7%89%A9%E4%BB%B6/139733,不適合
スマイミー静岡 賃貸 駿東郡清水町,清水町,賃貸その他,賃貸カテゴリ（掲載種別）,駿東郡清水町卸団地203,49.5,307.3,,5,—,—,,—,賃貸のため対象外,,2026-08-17,関心:礼金無 注意:店舗,https://www.shizuoka.fudohsan.jp/%E7%89%A9%E4%BB%B6/128339,不適合
スマイミー静岡 賃貸 駿東郡清水町,清水町,賃貸アパート,賃貸カテゴリ（掲載種別）,駿東郡清水町伏見570-1,5.5,46.7,,5,—,—,,—,賃貸のため対象外,,2026-08-14,関心:礼金無,https://www.shizuoka.fudohsan.jp/%E7%89%A9%E4%BB%B6/176311,不適合
スマイミー静岡 賃貸 駿東郡清水町,清水町,賃貸アパート,賃貸カテゴリ（掲載種別）,駿東郡清水町長沢,4.0,26.4,,5,—,—,,—,賃貸のため対象外,,2026-08-13,関心:敷金無/礼金無,https://www.shizuoka.fudohsan.jp/%E7%89%A9%E4%BB%B6/132575,適合
スマイミー静岡 賃貸 駿東郡清水町,清水町,賃貸戸建,賃貸カテゴリ（掲載種別）,駿東郡清水町伏見252-6,7.0,70.8,,5,—,—,,—,賃貸のため対象外,,2026-08-07,関心:礼金無/戸建,https://www.shizuoka.fudohsan.jp/%E7%89%A9%E4%BB%B6/174312,不適合
スマイミー静岡 賃貸 駿東郡清水町,清水町,賃貸その他,賃貸カテゴリ（掲載種別）,駿東郡清水町長沢619-4,32.0,183.5,,5,—,—,,—,賃貸のため対象外,,2026-08-01,関心:礼金無 注意:事務所,https://www.shizuoka.fudohsan.jp/%E7%89%A9%E4%BB%B6/175902,不適合
スマイミー静岡 賃貸 駿東郡清水町,清水町,賃貸アパート,賃貸カテゴリ（掲載種別）,駿東郡清水町柿田987-2,5.5,44.1,,5,田,—,,—,賃貸のため対象外,,2026-08-01,関心:礼金無,https://www.shizuoka.fudohsan.jp/%E7%89%A9%E4%BB%B6/175894,不適合
スマイミー静岡 賃貸 駿東郡清水町,清水町,賃貸アパート,賃貸カテゴリ（掲載種別）,駿東郡清水町湯川10-17,6.0,56.0,,5,—,—,,—,賃貸のため対象外,,2026-08-01,関心:礼金無,https://www.shizuoka.fudohsan.jp/%E7%89%A9%E4%BB%B6/113368,不適合
スマイミー静岡 賃貸 駿東郡清水町,清水町,賃貸アパート,賃貸カテゴリ（掲載種別）,駿東郡清水町長沢791-3,3.4,16.2,,5,—,—,,—,賃貸のため対象外,,2026-08-01,関心:敷金無/礼金無,https://www.shizuoka.fudohsan.jp/%E7%89%A9%E4%BB%B6/175888,適合
スマイミー静岡 賃貸 駿東郡清水町,清水町,賃貸アパート,賃貸カテゴリ（掲載種別）,駿東郡清水町柿田286-4,4.7,29.0,,5,田,—,,—,賃貸のため対象外,,2026-08-01,関心:敷金無/礼金無,https://www.shizuoka.fudohsan.jp/%E7%89%A9%E4%BB%B6/175893,適合
スマイミー静岡 賃貸 駿東郡清水町,清水町,賃貸アパート,賃貸カテゴリ（掲載種別）,駿東郡清水町徳倉1835-5,6.7,48.6,,5,—,—,,—,賃貸のため対象外,,2026-07-25,関心:礼金無,https://www.shizuoka.fudohsan.jp/%E7%89%A9%E4%BB%B6/175131,不適合
スマイミー静岡 賃貸 駿東郡清水町,清水町,賃貸アパート,賃貸カテゴリ（掲載種別）,駿東郡清水町徳倉1835-5,7.57,58.2,,5,—,—,,—,賃貸のため対象外,,2026-07-25,関心:礼金無,https://www.shizuoka.fudohsan.jp/%E7%89%A9%E4%BB%B6/175134,不適合
スマイミー静岡 賃貸 駿東郡清水町,清水町,賃貸マンション,賃貸カテゴリ（掲載種別）,駿東郡清水町徳倉,6.9,62.3,,5,—,—,,—,賃貸のため対象外,,2026-07-25,関心:礼金無,https://www.shizuoka.fudohsan.jp/%E7%89%A9%E4%BB%B6/142262,不適合
SUUMO 土地 熱海市,熱海市,更地,土地カテゴリ（建物表記なし）,静岡県熱海市下多賀,1680,385.3,14.4,3000,—,—,,不明,接道・区分情報なし、詳細/役場で要確認,,2026-08-28,,https://suumo.jp/tochi/shizuoka/sc_atami/nc_78503963/,不適合
SUUMO 土地 熱海市,熱海市,更地,土地カテゴリ（建物表記なし）,静岡県熱海市上多賀1065-1275　熱海自然郷初島台288,100,198.6,1.7,3000,—,—,,不明,接道・区分情報なし、詳細/役場で要確認,,2026-07-12,,https://suumo.jp/tochi/shizuoka/sc_atami/nc_95816245/,不適合
SUUMO 土地 熱海市,熱海市,更地,土地カテゴリ（建物表記なし）,静岡県熱海市下多賀,180,117.3,5.1,3000,—,—,,不明,接道・区分情報なし、詳細/役場で要確認,,2026-07-12,,https://suumo.jp/tochi/shizuoka/sc_atami/nc_78771144/,不適合
SUUMO 土地 熱海市,熱海市,更地,土地カテゴリ（建物表記なし）,静岡県熱海市上多賀,190,508.0,1.2,3000,—,—,,不明,接道・区分情報なし、詳細/役場で要確認,,2026-07-12,,https://suumo.jp/tochi/shizuoka/sc_atami/nc_91529468/,不適合
SUUMO 土地 熱海市,熱海市,更地,土地カテゴリ（建物表記なし）,静岡県熱海市上多賀1065-1467　熱海自然郷初島台289,200,295.6,2.2,3000,—,—,,不明,接道・区分情報なし、詳細/役場で要確認,,2026-07-12,,https://suumo.jp/tochi/shizuoka/sc_atami/nc_95816312/,不適合
SUUMO 土地 熱海市,熱海市,更地,土地カテゴリ（建物表記なし）,静岡県熱海市泉元宮上分,250,185.0,4.5,3000,—,—,,不明,接道・区分情報なし、詳細/役場で要確認,,2026-08-01,,https://suumo.jp/tochi/shizuoka/sc_atami/nc_76712265/,不適合
SUUMO 土地 熱海市,熱海市,更地,土地カテゴリ（建物表記なし）,静岡県熱海市伊豆山,300,237.2,4.2,3000,—,—,,不明,接道・区分情報なし、詳細/役場で要確認,,2026-08-24,,https://suumo.jp/tochi/shizuoka/sc_atami/nc_21525530/,不適合
SUUMO 土地 熱海市,熱海市,更地,土地カテゴリ（建物表記なし）,静岡県熱海市下多賀,300,854.0,1.2,3000,—,—,,不明,接道・区分情報なし、詳細/役場で要確認,,2026-07-27,,https://suumo.jp/tochi/shizuoka/sc_atami/nc_76658805/,不適合
SUUMO 土地 熱海市,熱海市,更地,土地カテゴリ（建物表記なし）,静岡県熱海市上多賀,300,233.0,4.3,3000,—,—,,不明,接道・区分情報なし、詳細/役場で要確認,,2026-07-12,,https://suumo.jp/tochi/shizuoka/sc_atami/nc_20482670/,不適合
SUUMO 土地 熱海市,熱海市,更地,土地カテゴリ（建物表記なし）,静岡県熱海市上多賀,300,500.0,2.0,3000,—,—,,不明,接道・区分情報なし、詳細/役場で要確認,,2026-07-12,,https://suumo.jp/tochi/shizuoka/sc_atami/nc_81706953/,不適合
SUUMO 土地 熱海市,熱海市,更地,土地カテゴリ（建物表記なし）,静岡県熱海市網代142,380,62.8,20.0,3000,—,—,,不明,接道・区分情報なし、詳細/役場で要確認,,2026-08-23,,https://suumo.jp/tochi/shizuoka/sc_atami/nc_21544410/,不適合
SUUMO 土地 熱海市,熱海市,更地,土地カテゴリ（建物表記なし）,静岡県熱海市上多賀1065-1468 熱海自然郷初島台290,400,289.0,4.6,3000,—,—,,不明,接道・区分情報なし、詳細/役場で要確認,,2026-07-12,,https://suumo.jp/tochi/shizuoka/sc_atami/nc_94876086/,不適合
SUUMO 土地 熱海市,熱海市,更地,土地カテゴリ（建物表記なし）,静岡県熱海市緑ガ丘町28-16,480,635.1,2.5,3000,—,—,,不明,接道・区分情報なし、詳細/役場で要確認,,2026-07-12,,https://suumo.jp/tochi/shizuoka/sc_atami/nc_97183027/,不適合
SUUMO 土地 熱海市,熱海市,更地,土地カテゴリ（建物表記なし）,静岡県熱海市緑ガ丘町10-14の一部,550,96.9,18.8,3000,—,—,,不明,接道・区分情報なし、詳細/役場で要確認,,2026-07-12,,https://suumo.jp/tochi/shizuoka/sc_atami/nc_72261491/,不適合
SUUMO 土地 熱海市,熱海市,更地,土地カテゴリ（建物表記なし）,静岡県熱海市西熱海町２-33,577,477.0,4.0,3000,—,—,,不明,接道・区分情報なし、詳細/役場で要確認,,2026-07-12,,https://suumo.jp/tochi/shizuoka/sc_atami/nc_77835632/,不適合
SUUMO 土地 熱海市,熱海市,更地,土地カテゴリ（建物表記なし）,静岡県熱海市上多賀,600,327.0,6.1,3000,—,—,,不明,接道・区分情報なし、詳細/役場で要確認,,2026-07-12,,https://suumo.jp/tochi/shizuoka/sc_atami/nc_73667845/,不適合
SUUMO 土地 熱海市,熱海市,更地,土地カテゴリ（建物表記なし）,静岡県熱海市網代211-1,630,112.4,18.5,3000,—,—,,不明,接道・区分情報なし、詳細/役場で要確認,,2026-07-12,注意:温泉,https://suumo.jp/tochi/shizuoka/sc_atami/nc_78912513/,不適合
SUUMO 土地 熱海市,熱海市,更地,土地カテゴリ（建物表記なし）,静岡県熱海市梅園町,680,293.0,7.7,3000,—,—,,不明,接道・区分情報なし、詳細/役場で要確認,,2026-07-12,注意:温泉,https://suumo.jp/tochi/shizuoka/sc_atami/nc_20801086/,不適合
SUUMO 土地 熱海市,熱海市,更地,土地カテゴリ（建物表記なし）,静岡県熱海市日金町,680,755.0,3.0,3000,—,—,,不明,接道・区分情報なし、詳細/役場で要確認,,2026-07-12,,https://suumo.jp/tochi/shizuoka/sc_atami/nc_86280123/,不適合
SUUMO 土地 熱海市,熱海市,更地,土地カテゴリ（建物表記なし）,静岡県熱海市下多賀,680,300.0,7.5,3000,—,—,,不明,接道・区分情報なし、詳細/役場で要確認,,2026-07-12,,https://suumo.jp/tochi/shizuoka/sc_atami/nc_76453610/,不適合
SUUMO 土地 熱海市,熱海市,更地,土地カテゴリ（建物表記なし）,静岡県熱海市林ガ丘町,700,367.6,6.3,3000,—,—,,不明,接道・区分情報なし、詳細/役場で要確認,,2026-07-12,,https://suumo.jp/tochi/shizuoka/sc_atami/nc_83908094/,不適合
SUUMO 土地 熱海市,熱海市,更地,土地カテゴリ（建物表記なし）,静岡県熱海市上多賀1065-1468,700,782.0,3.0,3000,—,—,,不明,接道・区分情報なし、詳細/役場で要確認,,2026-07-12,,https://suumo.jp/tochi/shizuoka/sc_atami/nc_96369801/,不適合
SUUMO 土地 熱海市,熱海市,更地,土地カテゴリ（建物表記なし）,静岡県熱海市伊豆山,850,507.0,5.5,3000,—,—,,不明,接道・区分情報なし、詳細/役場で要確認,,2026-07-12,,https://suumo.jp/tochi/shizuoka/sc_atami/nc_77771118/,不適合
SUUMO 土地 熱海市,熱海市,更地,土地カテゴリ（建物表記なし）,静岡県熱海市下多賀,850,249.0,11.3,3000,—,—,,不明,接道・区分情報なし、詳細/役場で要確認,,2026-07-12,,https://suumo.jp/tochi/shizuoka/sc_atami/nc_78519532/,不適合
SUUMO 土地 熱海市,熱海市,更地,土地カテゴリ（建物表記なし）,静岡県熱海市伊豆山,880,410.0,7.1,3000,—,—,,不明,接道・区分情報なし、詳細/役場で要確認,,2026-07-12,,https://suumo.jp/tochi/shizuoka/sc_atami/nc_91191475/,不適合
SUUMO 土地 熱海市,熱海市,更地,土地カテゴリ（建物表記なし）,静岡県熱海市上多賀765-1,930,152.9,20.1,3000,—,—,,不明,接道・区分情報なし、詳細/役場で要確認,,2026-07-12,,https://suumo.jp/tochi/shizuoka/sc_atami/nc_91955874/,不適合
SUUMO 土地 熱海市,熱海市,更地,土地カテゴリ（建物表記なし）,静岡県熱海市上多賀,980,648.0,5.0,3000,—,—,,不明,接道・区分情報なし、詳細/役場で要確認,,2026-07-12,,https://suumo.jp/tochi/shizuoka/sc_atami/nc_77237376/,不適合
SUUMO 土地 熱海市,熱海市,更地,土地カテゴリ（建物表記なし）,静岡県熱海市泉,980,3175.8,1.0,3000,—,—,,不明,接道・区分情報なし、詳細/役場で要確認,,2026-07-12,,https://suumo.jp/tochi/shizuoka/sc_atami/nc_80945041/,適合
SUUMO 土地 熱海市,熱海市,更地,土地カテゴリ（建物表記なし）,静岡県熱海市伊豆山,980,906.0,3.6,3000,—,—,,不明,接道・区分情報なし、詳細/役場で要確認,,2026-07-12,,https://suumo.jp/tochi/shizuoka/sc_atami/nc_96028955/,不適合
SUUMO 土地 熱海市,熱海市,更地,土地カテゴリ（建物表記なし）,静岡県熱海市網代,980,331.9,9.8,3000,—,—,,不明,接道・区分情報なし、詳細/役場で要確認,,2026-07-12,,https://suumo.jp/tochi/shizuoka/sc_atami/nc_82452757/,不適合
SUUMO 土地 熱海市,熱海市,古家付き土地,土地＋古家/上物の表記,静岡県熱海市水口町２,980,505.8,6.4,3000,—,—,,不明,接道・区分情報なし。建物ありだが現行法での再建築可否は役場で要確認,,2026-08-28,,https://suumo.jp/tochi/shizuoka/sc_atami/nc_76994429/,不適合
SUUMO 土地 熱海市,熱海市,更地,土地カテゴリ（建物表記なし）,静岡県熱海市西熱海町１,1000,619.6,5.3,3000,—,—,,不明,接道・区分情報なし、詳細/役場で要確認,,2026-07-12,,https://suumo.jp/tochi/shizuoka/sc_atami/nc_73824414/,不適合
SUUMO 土地 熱海市,熱海市,更地,土地カテゴリ（建物表記なし）,静岡県熱海市下多賀300-20,1100,338.2,10.8,3000,宅地,—,,不明,接道・区分情報なし、詳細/役場で要確認,,2026-07-12,,https://suumo.jp/tochi/shizuoka/sc_atami/nc_92188646/,不適合
SUUMO 土地 熱海市,熱海市,更地,土地カテゴリ（建物表記なし）,静岡県熱海市梅園町14,1180,581.9,6.7,3000,—,—,,不明,接道・区分情報なし、詳細/役場で要確認,,2026-07-12,注意:温泉,https://suumo.jp/tochi/shizuoka/sc_atami/nc_20303815/,不適合
SUUMO 土地 熱海市,熱海市,更地,土地カテゴリ（建物表記なし）,静岡県熱海市下多賀,1200,491.8,8.1,3000,—,—,,不明,接道・区分情報なし、詳細/役場で要確認,,2026-07-12,,https://suumo.jp/tochi/shizuoka/sc_atami/nc_20797038/,不適合
SUUMO 土地 熱海市,熱海市,更地,土地カテゴリ（建物表記なし）,静岡県熱海市桜町,1280,235.0,18.0,3000,—,—,接道道路より一段下がった平坦,不明,接道・区分情報なし、詳細/役場で要確認,,2026-07-12,,https://suumo.jp/tochi/shizuoka/sc_atami/nc_74480516/,不適合
SUUMO 土地 熱海市,熱海市,更地,土地カテゴリ（建物表記なし）,静岡県熱海市上多賀,1300,338.6,12.7,3000,—,—,,不明,接道・区分情報なし、詳細/役場で要確認,,2026-07-12,,https://suumo.jp/tochi/shizuoka/sc_atami/nc_78398607/,不適合
SUUMO 土地 熱海市,熱海市,更地,土地カテゴリ（建物表記なし）,静岡県熱海市上多賀479-1,1300,330.0,13.0,3000,—,—,,不明,接道・区分情報なし、詳細/役場で要確認,,2026-07-12,,https://suumo.jp/tochi/shizuoka/sc_atami/nc_78527799/,不適合
SUUMO 土地 熱海市,熱海市,更地,土地カテゴリ（建物表記なし）,静岡県熱海市上多賀,1500,1775.0,2.8,3000,—,—,,不明,接道・区分情報なし、詳細/役場で要確認,,2026-07-12,,https://suumo.jp/tochi/shizuoka/sc_atami/nc_75275505/,適合
SUUMO 土地 熱海市,熱海市,更地,土地カテゴリ（建物表記なし）,静岡県熱海市上多賀,1500,1775.0,2.8,3000,—,—,,不明,接道・区分情報なし、詳細/役場で要確認,,2026-07-12,,https://suumo.jp/tochi/shizuoka/sc_atami/nc_74429020/,適合
SUUMO 土地 熱海市,熱海市,更地,土地カテゴリ（建物表記なし）,静岡県熱海市下多賀,1580,223.5,23.4,3000,—,—,,不明,接道・区分情報なし、詳細/役場で要確認,,2026-08-28,,https://suumo.jp/tochi/shizuoka/sc_atami/nc_78503826/,不適合
SUUMO 土地 熱海市,熱海市,更地,土地カテゴリ（建物表記なし）,静岡県熱海市伊豆山,1960,334.6,19.4,3000,—,—,,不明,接道・区分情報なし、詳細/役場で要確認,,2026-07-12,,https://suumo.jp/tochi/shizuoka/sc_atami/nc_82861687/,不適合
SUUMO 土地 熱海市,熱海市,更地,土地カテゴリ（建物表記なし）,静岡県熱海市伊豆山,1980,337.8,19.4,3000,—,—,,不明,接道・区分情報なし、詳細/役場で要確認,,2026-07-12,,https://suumo.jp/tochi/shizuoka/sc_atami/nc_82861722/,不適合
SUUMO 土地 熱海市,熱海市,更地,土地カテゴリ（建物表記なし）,静岡県熱海市水口町２,2000,498.1,13.3,3000,—,—,,不明,接道・区分情報なし、詳細/役場で要確認,,2026-07-12,,https://suumo.jp/tochi/shizuoka/sc_atami/nc_82949502/,不適合
SUUMO 土地 熱海市,熱海市,更地,土地カテゴリ（建物表記なし）,静岡県熱海市網代549-20他,2150,825.0,8.6,3000,宅地,—,,不明,接道・区分情報なし、詳細/役場で要確認,,2026-07-12,注意:温泉,https://suumo.jp/tochi/shizuoka/sc_atami/nc_72831929/,不適合
SUUMO 土地 熱海市,熱海市,更地,土地カテゴリ（建物表記なし）,静岡県熱海市熱海,2245,2024.0,3.7,3000,—,—,,不明,接道・区分情報なし、詳細/役場で要確認,,2026-07-12,,https://suumo.jp/tochi/shizuoka/sc_atami/nc_97789152/,適合
SUUMO 土地 熱海市,熱海市,更地,土地カテゴリ（建物表記なし）,静岡県熱海市桜木町,2380,222.2,35.4,3000,—,—,,不明,接道・区分情報なし、詳細/役場で要確認,,2026-07-24,,https://suumo.jp/tochi/shizuoka/sc_atami/nc_21108071/,不適合
SUUMO 土地 熱海市,熱海市,更地,土地カテゴリ（建物表記なし）,静岡県熱海市網代627-536他,2500,519.8,15.9,3000,—,—,,不明,接道・区分情報なし、詳細/役場で要確認,,2026-07-12,注意:温泉,https://suumo.jp/tochi/shizuoka/sc_atami/nc_21247043/,不適合
SUUMO 土地 熱海市,熱海市,更地,土地カテゴリ（建物表記なし）,静岡県熱海市熱海,2500,1184.0,7.0,3000,—,—,,不明,接道・区分情報なし、詳細/役場で要確認,,2026-07-12,,https://suumo.jp/tochi/shizuoka/sc_atami/nc_92167195/,適合
SUUMO 土地 熱海市,熱海市,更地,土地カテゴリ（建物表記なし）,静岡県熱海市西山町,2600,200.7,42.8,3000,—,—,,不明,接道・区分情報なし、詳細/役場で要確認,,2026-07-12,,https://suumo.jp/tochi/shizuoka/sc_atami/nc_78426443/,不適合
SUUMO 土地 熱海市,熱海市,更地,土地カテゴリ（建物表記なし）,静岡県熱海市伊豆山,3000,1973.0,5.0,3000,—,—,,不明,接道・区分情報なし、詳細/役場で要確認,,2026-07-12,,https://suumo.jp/tochi/shizuoka/sc_atami/nc_78488841/,適合
SUUMO 土地 熱海市,熱海市,更地,土地カテゴリ（建物表記なし）,静岡県熱海市西山町,3036,200.7,50.0,3000,—,—,,不明,接道・区分情報なし、詳細/役場で要確認,,2026-07-27,,https://suumo.jp/tochi/shizuoka/sc_atami/nc_77070765/,不適合
SUUMO 土地 熱海市,熱海市,更地,土地カテゴリ（建物表記なし）,静岡県熱海市梅花町,3280,545.0,19.9,3000,—,—,,不明,接道・区分情報なし、詳細/役場で要確認,,2026-07-12,,https://suumo.jp/tochi/shizuoka/sc_atami/nc_78348312/,不適合
SUUMO 土地 熱海市,熱海市,更地,土地カテゴリ（建物表記なし）,静岡県熱海市泉,3288,3337.4,3.3,3000,—,—,,不明,接道・区分情報なし、詳細/役場で要確認,,2026-07-12,,https://suumo.jp/tochi/shizuoka/sc_atami/nc_75127135/,不適合
SUUMO 土地 熱海市,熱海市,更地,土地カテゴリ（建物表記なし）,静岡県熱海市福道町,3500,276.7,41.8,3000,—,—,,不明,接道・区分情報なし、詳細/役場で要確認,,2026-07-12,,https://suumo.jp/tochi/shizuoka/sc_atami/nc_92974316/,不適合
SUUMO 土地 熱海市,熱海市,更地,土地カテゴリ（建物表記なし）,静岡県熱海市伊豆山,3900,980.0,13.2,3000,—,—,,不明,接道・区分情報なし、詳細/役場で要確認,,2026-08-22,,https://suumo.jp/tochi/shizuoka/sc_atami/nc_21539171/,不適合
SUUMO 土地 熱海市,熱海市,更地,土地カテゴリ（建物表記なし）,静岡県熱海市桜木町,4350,957.0,15.0,3000,—,—,,不明,接道・区分情報なし、詳細/役場で要確認,,2026-07-12,,https://suumo.jp/tochi/shizuoka/sc_atami/nc_20586625/,不適合
SUUMO 土地 熱海市,熱海市,更地,土地カテゴリ（建物表記なし）,静岡県熱海市伊豆山,4980,3547.0,4.6,3000,—,—,,不明,接道・区分情報なし、詳細/役場で要確認,,2026-07-12,,https://suumo.jp/tochi/shizuoka/sc_atami/nc_20683213/,不適合
SUUMO 土地 熱海市,熱海市,更地,土地カテゴリ（建物表記なし）,静岡県熱海市伊豆山,5800,825.7,23.2,3000,—,—,,不明,接道・区分情報なし、詳細/役場で要確認,,2026-07-12,,https://suumo.jp/tochi/shizuoka/sc_atami/nc_20407842/,不適合
SUUMO 土地 熱海市,熱海市,更地,土地カテゴリ（建物表記なし）,静岡県熱海市上宿町,6500,600.8,35.8,3000,—,—,,不明,接道・区分情報なし、詳細/役場で要確認,,2026-07-12,,https://suumo.jp/tochi/shizuoka/sc_atami/nc_95767601/,不適合
SUUMO 土地 熱海市,熱海市,更地,土地カテゴリ（建物表記なし）,静岡県熱海市西山町,6800,1669.4,13.5,3000,—,—,,不明,接道・区分情報なし、詳細/役場で要確認,,2026-07-12,,https://suumo.jp/tochi/shizuoka/sc_atami/nc_87588552/,不適合
SUUMO 土地 熱海市,熱海市,更地,土地カテゴリ（建物表記なし）,静岡県熱海市泉元門川分,18000,3304.5,18.0,3000,—,—,,不明,接道・区分情報なし、詳細/役場で要確認,,2026-07-12,,https://suumo.jp/tochi/shizuoka/sc_atami/nc_21266453/,不適合
LIFULL 中古戸建 清水町,清水町,空き家,掲載に空き家表記,新築戸建　清水町長沢　Ｂ棟,2780,109.9,83.6,3000,—,—,,不明,接道・区分情報なし。建物ありだが現行法での再建築可否は役場で要確認,,2026-08-21,,https://www.homes.co.jp/kodate/b-1556780000001/,不適合
LIFULL 中古戸建 清水町,清水町,空き家,掲載に空き家表記,新築戸建　清水町長沢　Ａ棟,2780,117.7,78.1,3000,—,—,,不明,接道・区分情報なし。建物ありだが現行法での再建築可否は役場で要確認,,2026-08-21,,https://www.homes.co.jp/kodate/b-1556780000003/,不適合
LIFULL 中古戸建 清水町,清水町,中古戸建,中古戸建/住宅カテゴリ,清水町徳倉　中古戸建,2480,118.7,69.1,3000,—,—,,不明,接道・区分情報なし。建物ありだが現行法での再建築可否は役場で要確認,,2026-08-28,,https://www.homes.co.jp/kodate/b-1490460002389/,不適合
LIFULL 中古戸建 清水町,清水町,空き家,掲載に空き家表記,清水町徳倉中古住宅,2680,156.0,56.8,3000,—,—,,不明,接道・区分情報なし。建物ありだが現行法での再建築可否は役場で要確認,,2026-06-22,,https://www.homes.co.jp/kodate/b-1265050001059/,不適合
LIFULL 中古戸建 清水町,清水町,空き家,掲載に空き家表記,駿東郡清水町長沢,3700,233.5,52.4,3000,—,—,,不明,接道・区分情報なし。建物ありだが現行法での再建築可否は役場で要確認,,2026-08-20,,https://www.homes.co.jp/kodate/b-37260450000032/,不適合
LIFULL 中古戸建 清水町,,空き家,掲載に空き家表記,JR東海道本線 沼津駅 バス16分 徳倉下車 徒歩3分,2100,198.9,34.9,3000,—,—,,不明,接道・区分情報なし。建物ありだが現行法での再建築可否は役場で要確認,,2026-06-22,,https://www.homes.co.jp/kodate/b-33330170000005/,不適合
LIFULL 中古戸建 清水町,清水町,空き家,掲載に空き家表記,売中古戸建　清水町伏見,1980,165.3,39.6,3000,—,—,,不明,接道・区分情報なし。建物ありだが現行法での再建築可否は役場で要確認,,2026-06-22,,https://www.homes.co.jp/kodate/b-1500050000615/,不適合
LIFULL 中古戸建 清水町,清水町,空き家,掲載に空き家表記,駿東郡清水町徳倉　戸建て,1929,192.0,33.2,3000,—,—,,不明,接道・区分情報なし。建物ありだが現行法での再建築可否は役場で要確認,,2026-06-22,,https://www.homes.co.jp/kodate/b-1220300000695/,不適合
LIFULL 中古戸建 清水町,清水町,空き家,掲載に空き家表記,駿東郡清水町長沢　中古戸建,2380,127.6,61.7,3000,—,—,,不明,接道・区分情報なし。建物ありだが現行法での再建築可否は役場で要確認,,2026-06-22,,https://www.homes.co.jp/kodate/b-1490460002359/,不適合
LIFULL 中古戸建 清水町,清水町,中古戸建,中古戸建/住宅カテゴリ,清水町中徳倉中古住宅,1980,164.8,39.7,3000,—,—,,不明,接道・区分情報なし。建物ありだが現行法での再建築可否は役場で要確認,,2026-06-22,,https://www.homes.co.jp/kodate/b-1265050002628/,不適合
LIFULL 中古戸建 清水町,清水町,空き家,掲載に空き家表記,清水町徳倉中古住宅,1850,300.6,20.3,3000,—,—,,不明,接道・区分情報なし。建物ありだが現行法での再建築可否は役場で要確認,,2026-06-22,,https://www.homes.co.jp/kodate/b-1265050001723/,不適合
LIFULL 中古戸建 清水町,清水町,空き家,掲載に空き家表記,駿東郡清水町徳倉　中古一戸建て,1698,193.0,29.1,3000,—,—,,不明,接道・区分情報なし。建物ありだが現行法での再建築可否は役場で要確認,,2026-06-22,,https://www.homes.co.jp/kodate/b-1475010001709/,不適合
LIFULL 中古戸建 清水町,,中古戸建,中古戸建/住宅カテゴリ,JR東海道本線 三島駅 徒歩31分,3200,257.4,41.1,3000,—,—,,不明,接道・区分情報なし。建物ありだが現行法での再建築可否は役場で要確認,,2026-07-21,,https://www.homes.co.jp/kodate/b-33318050000135/,不適合
LIFULL 中古戸建 清水町,清水町,空き家,掲載に空き家表記,駿東郡清水町中徳倉　戸建て,2729,232.5,38.8,3000,—,—,,不明,接道・区分情報なし。建物ありだが現行法での再建築可否は役場で要確認,,2026-06-22,,https://www.homes.co.jp/kodate/b-1220300000696/,不適合
LIFULL 中古戸建 清水町,清水町,空き家,掲載に空き家表記,中古戸建　駿東郡清水町柿田382番13,2400,268.0,29.6,3000,田,—,,不明,接道・区分情報なし。建物ありだが現行法での再建築可否は役場で要確認,,2026-06-22,,https://www.homes.co.jp/kodate/b-1540930000268/,不適合
LIFULL 中古戸建 清水町,清水町,中古戸建,中古戸建/住宅カテゴリ,中古戸建  駿東郡清水町徳倉(平屋),1350,210.9,21.2,3000,田,—,,不明,接道・区分情報なし。建物ありだが現行法での再建築可否は役場で要確認,,2026-06-22,,https://www.homes.co.jp/kodate/b-1540930000149/,不適合
LIFULL 中古戸建 清水町,,空き家,掲載に空き家表記,JR東海道本線 沼津駅 5.3km,1980,567.1,11.5,3000,—,—,,不明,接道・区分情報なし。建物ありだが現行法での再建築可否は役場で要確認,,2026-06-22,,https://www.homes.co.jp/kodate/b-33307660000197/,適合
LIFULL 中古戸建 清水町,清水町,空き家,掲載に空き家表記,中古戸建  駿東郡清水町徳倉,635,101.0,20.8,3000,田,—,,不明,接道・区分情報なし。建物ありだが現行法での再建築可否は役場で要確認,,2026-06-22,,https://www.homes.co.jp/kodate/b-1540930000051/,不適合
LIFULL 中古戸建 清水町,,空き家,掲載に空き家表記,バス 東海バス香貫大橋下車 徒歩1分,199,105.8,6.2,3000,—,—,,不明,接道・区分情報なし。建物ありだが現行法での再建築可否は役場で要確認,,2026-08-17,,https://www.homes.co.jp/kodate/b-33306620000123/,不適合
LIFULL 中古戸建 清水町,清水町,中古戸建,中古戸建/住宅カテゴリ,静岡県駿東郡清水町徳倉　中古戸建,950,167.8,18.7,3000,—,—,,不明,接道・区分情報なし。建物ありだが現行法での再建築可否は役場で要確認,,2026-06-22,,https://www.homes.co.jp/kodate/b-1468010001081/,不適合
空き家バンクしずおか 清水町,清水町,古家付き土地,土地＋古家/上物の表記,駿東郡清水町徳倉,1200,132.0,30.1,1500,田,市街化区域,,不明,接道・区分情報なし。建物ありだが現行法での再建築可否は役場で要確認,,2026-06-14,,https://akiya-bank.shizuoka.fudohsan.jp/%E7%89%A9%E4%BB%B6/166499/settle/1,不適合
空き家バンクしずおか 清水町,清水町,空き家,掲載に空き家表記,駿東郡清水町柿田,3290,131.2,82.9,3000,田,市街化区域,,不明,接道・区分情報なし。建物ありだが現行法での再建築可否は役場で要確認,,2026-08-25,,https://akiya-bank.shizuoka.fudohsan.jp/%E7%89%A9%E4%BB%B6/176634/settle/1,不適合
空き家バンクしずおか 清水町,清水町,空き家,掲載に空き家表記,駿東郡清水町柿田,3490,130.6,88.3,3000,田,市街化区域,,不明,接道・区分情報なし。建物ありだが現行法での再建築可否は役場で要確認,,2026-07-13,,https://akiya-bank.shizuoka.fudohsan.jp/%E7%89%A9%E4%BB%B6/174490/settle/1,不適合
空き家バンクしずおか 清水町,清水町,更地,土地カテゴリ（建物表記なし）,駿東郡清水町徳倉,4800,668.5,23.7,1500,田,市街化区域,,△,市街化区域だが接道幅員が不明。新築可否は接道要確認,,2026-06-14,,https://akiya-bank.shizuoka.fudohsan.jp/%E7%89%A9%E4%BB%B6/171406/settle/1,不適合
空き家バンクしずおか 清水町,清水町,古家付き土地,土地＋古家/上物の表記,駿東郡清水町湯川,1980,171.6,38.1,1500,田,市街化区域,,不明,接道・区分情報なし。建物ありだが現行法での再建築可否は役場で要確認,,2026-06-14,,https://akiya-bank.shizuoka.fudohsan.jp/%E7%89%A9%E4%BB%B6/155355/settle/1,不適合
空き家バンクしずおか 清水町,清水町,更地,土地カテゴリ（建物表記なし）,駿東郡清水町徳倉891-1,1490,133.7,36.8,1500,田,市街化区域,,△,市街化区域だが接道幅員が不明。新築可否は接道要確認,,2026-06-14,,https://akiya-bank.shizuoka.fudohsan.jp/%E7%89%A9%E4%BB%B6/158258/settle/1,不適合
空き家バンクしずおか 清水町,清水町,更地,土地カテゴリ（建物表記なし）,駿東郡清水町徳倉891-1,1490,133.5,36.9,1500,田,市街化区域,,△,市街化区域だが接道幅員が不明。新築可否は接道要確認,,2026-06-14,,https://akiya-bank.shizuoka.fudohsan.jp/%E7%89%A9%E4%BB%B6/158257/settle/1,不適合
空き家バンクしずおか 清水町,清水町,空き家,掲載に空き家表記,駿東郡清水町徳倉67-10,2390,128.4,61.5,3000,田,市街化調整区域,,△,調整区域の建替えは既存宅地要件等の確認が必要＝本命候補,,2026-08-18,関心:調整区域/無指定,https://akiya-bank.shizuoka.fudohsan.jp/%E7%89%A9%E4%BB%B6/176403/settle/1,不適合
空き家バンクしずおか 清水町,清水町,更地,土地カテゴリ（建物表記なし）,駿東郡清水町伏見,3200,257.4,41.1,1500,田,市街化区域,,△,市街化区域だが接道幅員が不明。新築可否は接道要確認,,2026-07-21,,https://akiya-bank.shizuoka.fudohsan.jp/%E7%89%A9%E4%BB%B6/175467/settle/1,不適合
空き家バンクしずおか 清水町,清水町,空き家,掲載に空き家表記,駿東郡清水町長沢989-5,199,105.8,6.2,3000,田,市街化区域,,不明,接道・区分情報なし。建物ありだが現行法での再建築可否は役場で要確認,,2026-08-17,,https://akiya-bank.shizuoka.fudohsan.jp/%E7%89%A9%E4%BB%B6/171451/settle/1,不適合
空き家バンクしずおか 清水町,清水町,空き家,掲載に空き家表記,駿東郡清水町長沢,3190,175.5,60.1,3000,田,市街化区域,,不明,接道・区分情報なし。建物ありだが現行法での再建築可否は役場で要確認,,2026-06-14,,https://akiya-bank.shizuoka.fudohsan.jp/%E7%89%A9%E4%BB%B6/170890/settle/1,不適合
空き家バンクしずおか 清水町,清水町,更地,土地カテゴリ（建物表記なし）,駿東郡清水町伏見756-1,11500,957.5,39.7,1500,田,市街化区域,,△,市街化区域だが接道幅員が不明。新築可否は接道要確認,,2026-08-07,,https://akiya-bank.shizuoka.fudohsan.jp/%E7%89%A9%E4%BB%B6/176120/settle/1,不適合
空き家バンクしずおか 清水町,清水町,空き家,掲載に空き家表記,駿東郡清水町徳倉,1980,567.1,11.5,3000,畑,市街化区域,,不明,接道・区分情報なし。建物ありだが現行法での再建築可否は役場で要確認,,2026-06-14,,https://akiya-bank.shizuoka.fudohsan.jp/%E7%89%A9%E4%BB%B6/173391/settle/1,適合
空き家バンクしずおか 清水町,清水町,古家付き土地,土地＋古家/上物の表記,駿東郡清水町堂庭,3080,198.4,51.3,1500,田,市街化区域,,不明,接道・区分情報なし。建物ありだが現行法での再建築可否は役場で要確認,,2026-06-14,,https://akiya-bank.shizuoka.fudohsan.jp/%E7%89%A9%E4%BB%B6/170814/settle/1,不適合
空き家バンクしずおか 清水町,清水町,更地,土地カテゴリ（建物表記なし）,駿東郡清水町徳倉,1520,165.3,30.4,1500,宅地,市街化区域,,△,市街化区域だが接道幅員が不明。新築可否は接道要確認,,2026-06-14,,https://akiya-bank.shizuoka.fudohsan.jp/%E7%89%A9%E4%BB%B6/172442/settle/1,不適合
空き家バンクしずおか 清水町,清水町,更地,土地カテゴリ（建物表記なし）,駿東郡清水町伏見,2700,205.3,43.5,1500,田,市街化区域,,△,市街化区域だが接道幅員が不明。新築可否は接道要確認,,2026-06-14,,https://akiya-bank.shizuoka.fudohsan.jp/%E7%89%A9%E4%BB%B6/149269/settle/1,不適合
空き家バンクしずおか 清水町,清水町,更地,土地カテゴリ（建物表記なし）,駿東郡清水町徳倉2403-1,2400,242.7,32.7,1500,田,市街化区域,,△,市街化区域だが接道幅員が不明。新築可否は接道要確認,,2026-06-14,,https://akiya-bank.shizuoka.fudohsan.jp/%E7%89%A9%E4%BB%B6/138257/settle/1,不適合
家っち(新日本住建販売) 清水町 土地一覧,清水町,更地,土地カテゴリ（建物表記なし）,静岡県駿東郡清水町伏見,3450,233.2,48.9,1500,—,—,,不明,接道・区分情報なし、詳細/役場で要確認,,2026-08-03,,https://www.snjhkk.com/s_r_59441/index.html,不適合
家っち(新日本住建販売) 清水町 土地一覧,清水町,更地,土地カテゴリ（建物表記なし）,静岡県駿東郡清水町徳倉,2390,128.4,61.5,1500,—,—,,不明,接道・区分情報なし、詳細/役場で要確認,,2026-07-06,,https://www.snjhkk.com/s_r_59157/index.html,不適合
家っち(新日本住建販売) 清水町 土地一覧,清水町,更地,土地カテゴリ（建物表記なし）,静岡県駿東郡清水町中徳倉,1980,164.8,39.7,1500,—,—,,不明,接道・区分情報なし、詳細/役場で要確認,,2026-06-25,,https://www.snjhkk.com/s_r_58901/index.html,不適合
家っち(新日本住建販売) 清水町 土地一覧,清水町,更地,土地カテゴリ（建物表記なし）,静岡県駿東郡清水町長沢,2490,105.2,78.2,1500,—,—,,不明,接道・区分情報なし、詳細/役場で要確認,,2026-06-25,,https://www.snjhkk.com/s_r_58890/index.html,不適合
家っち(新日本住建販売) 清水町 土地一覧,清水町,更地,土地カテゴリ（建物表記なし）,静岡県駿東郡清水町徳倉,1800,567.1,10.5,1500,—,—,,不明,接道・区分情報なし、詳細/役場で要確認,,2026-06-25,,https://www.snjhkk.com/s_r_58687/index.html,不適合
家っち(新日本住建販売) 清水町 土地一覧,清水町,更地,土地カテゴリ（建物表記なし）,静岡県駿東郡清水町湯川,1840,143.5,42.4,1500,—,—,,不明,接道・区分情報なし、詳細/役場で要確認,,2026-06-25,,https://www.snjhkk.com/s_r_58601/index.html,不適合
家っち(新日本住建販売) 清水町 土地一覧,清水町,更地,土地カテゴリ（建物表記なし）,静岡県駿東郡清水町伏見,2990,133.1,74.3,1500,—,—,,不明,接道・区分情報なし、詳細/役場で要確認,,2026-06-25,,https://www.snjhkk.com/s_r_56054/index.html,不適合
家っち(新日本住建販売) 清水町 土地一覧,清水町,更地,土地カテゴリ（建物表記なし）,静岡県駿東郡清水町徳倉,1390,254.0,18.1,1500,—,—,,不明,接道・区分情報なし、詳細/役場で要確認,,2026-06-25,,https://www.snjhkk.com/s_r_55902/index.html,不適合
家っち(新日本住建販売) 清水町 土地一覧,清水町,更地,土地カテゴリ（建物表記なし）,静岡県駿東郡清水町玉川,1980,165.3,39.6,1500,田,—,,不明,接道・区分情報なし、詳細/役場で要確認,,2026-06-25,,https://www.snjhkk.com/s_r_54907/index.html,不適合
家っち(新日本住建販売) 清水町 土地一覧,清水町,更地,土地カテゴリ（建物表記なし）,静岡県駿東郡清水町伏見字谷口579-6,2998,99.3,99.8,1500,—,—,,不明,接道・区分情報なし、詳細/役場で要確認,,2026-06-25,,https://www.snjhkk.com/s_r_53046/index.html,不適合
家っち(新日本住建販売) 清水町 土地一覧,清水町,更地,土地カテゴリ（建物表記なし）,静岡県駿東郡清水町湯川字五反田9-16,3398,112.3,100.0,1500,田,—,,不明,接道・区分情報なし、詳細/役場で要確認,,2026-06-25,,https://www.snjhkk.com/s_r_53045/index.html,不適合
家っち(新日本住建販売) 清水町 土地一覧,清水町,更地,土地カテゴリ（建物表記なし）,静岡県駿東郡清水町湯川字五反田9-15,2998,111.0,89.3,1500,田,—,,不明,接道・区分情報なし、詳細/役場で要確認,,2026-06-25,,https://www.snjhkk.com/s_r_52860/index.html,不適合
家っち(新日本住建販売) 清水町 土地一覧,清水町,更地,土地カテゴリ（建物表記なし）,静岡県駿東郡清水町湯川字五反田9-14,3398,112.2,100.1,1500,田,—,,不明,接道・区分情報なし、詳細/役場で要確認,,2026-08-07,,https://www.snjhkk.com/s_r_52859/index.html,不適合
家っち(新日本住建販売) 清水町 土地一覧,清水町,更地,土地カテゴリ（建物表記なし）,静岡県駿東郡清水町湯川字五反田9-8,3498,111.5,103.7,1500,田,—,,不明,接道・区分情報なし、詳細/役場で要確認,,2026-08-07,,https://www.snjhkk.com/s_r_52852/index.html,不適合
家っち(新日本住建販売) 清水町 土地一覧,清水町,更地,土地カテゴリ（建物表記なし）,静岡県駿東郡清水町徳倉,1850,300.6,20.3,1500,—,—,,不明,接道・区分情報なし、詳細/役場で要確認,,2026-08-07,,https://www.snjhkk.com/s_r_40275/index.html,不適合
家っち(新日本住建販売) 清水町 土地一覧,清水町,更地,土地カテゴリ（建物表記なし）,静岡県駿東郡清水町徳倉,2680,156.0,56.8,1500,—,—,,不明,接道・区分情報なし、詳細/役場で要確認,,2026-08-14,,https://www.snjhkk.com/s_r_27858/index.html,不適合
ビレッジハウス 伊豆の国市（敷金礼金0円）,伊豆の国市,賃貸アパート,賃貸カテゴリ（掲載種別）,静岡県伊豆の国市御門字川平367-6,,,,5,—,—,,—,賃貸のため対象外,,2026-07-25,関心:敷金なし/礼金なし,https://www.villagehouse.jp/chintai/tokai/shizuoka/izunokuni-shi-222259/ohito-4241/,数値不明
SUUMO 土地 伊東市,伊東市,更地,土地カテゴリ（建物表記なし）,静岡県伊東市富戸1317-1106,60,383.0,0.5,3000,—,—,,不明,接道・区分情報なし、詳細/役場で要確認,,2026-07-18,,https://suumo.jp/tochi/shizuoka/sc_ito/nc_20858161/,不適合
SUUMO 土地 伊東市,伊東市,更地,土地カテゴリ（建物表記なし）,静岡県伊東市富戸１３１７－１１０６,60,383.0,0.5,3000,—,—,,不明,接道・区分情報なし、詳細/役場で要確認,,2026-08-28,,https://suumo.jp/tochi/shizuoka/sc_ito/nc_20859225/,不適合
SUUMO 土地 伊東市,伊東市,更地,土地カテゴリ（建物表記なし）,静岡県伊東市荻,80,398.0,0.7,3000,—,—,,不明,接道・区分情報なし、詳細/役場で要確認,,2026-07-12,,https://suumo.jp/tochi/shizuoka/sc_ito/nc_20043703/,不適合
SUUMO 土地 伊東市,伊東市,古家付き土地,土地＋古家/上物の表記,静岡県伊東市富戸,100,433.0,0.8,3000,—,—,,不明,接道・区分情報なし。建物ありだが現行法での再建築可否は役場で要確認,,2026-07-12,注意:別荘地,https://suumo.jp/tochi/shizuoka/sc_ito/nc_79175938/,不適合
SUUMO 土地 伊東市,伊東市,更地,土地カテゴリ（建物表記なし）,静岡県伊東市池,100,1028.0,0.3,3000,—,—,,不明,接道・区分情報なし、詳細/役場で要確認,,2026-07-12,,https://suumo.jp/tochi/shizuoka/sc_ito/nc_20828181/,適合
SUUMO 土地 伊東市,伊東市,更地,土地カテゴリ（建物表記なし）,静岡県伊東市八幡野,100,589.0,0.6,3000,—,—,,不明,接道・区分情報なし、詳細/役場で要確認,,2026-08-07,,https://suumo.jp/tochi/shizuoka/sc_ito/nc_20752795/,不適合
SUUMO 土地 伊東市,伊東市,更地,土地カテゴリ（建物表記なし）,静岡県伊東市八幡野,100,647.0,0.5,3000,—,—,,不明,接道・区分情報なし、詳細/役場で要確認,,2026-07-12,,https://suumo.jp/tochi/shizuoka/sc_ito/nc_78771151/,不適合
SUUMO 土地 伊東市,伊東市,更地,土地カテゴリ（建物表記なし）,静岡県伊東市八幡野,100,495.0,0.7,3000,—,—,,不明,接道・区分情報なし、詳細/役場で要確認,,2026-07-12,,https://suumo.jp/tochi/shizuoka/sc_ito/nc_20874664/,不適合
SUUMO 土地 伊東市,伊東市,更地,土地カテゴリ（建物表記なし）,静岡県伊東市八幡野,140,576.0,0.8,3000,—,—,,不明,接道・区分情報なし、詳細/役場で要確認,,2026-07-12,,https://suumo.jp/tochi/shizuoka/sc_ito/nc_20944609/,不適合
SUUMO 土地 伊東市,伊東市,更地,土地カテゴリ（建物表記なし）,静岡県伊東市荻,150,398.0,1.2,3000,—,—,,不明,接道・区分情報なし、詳細/役場で要確認,,2026-07-12,,https://suumo.jp/tochi/shizuoka/sc_ito/nc_78771153/,不適合
SUUMO 土地 伊東市,伊東市,更地,土地カテゴリ（建物表記なし）,静岡県伊東市十足,180,595.0,1.0,3000,—,—,,不明,接道・区分情報なし、詳細/役場で要確認,,2026-07-12,,https://suumo.jp/tochi/shizuoka/sc_ito/nc_78771141/,不適合
SUUMO 土地 伊東市,伊東市,更地,土地カテゴリ（建物表記なし）,静岡県伊東市荻472番70,198,200.9,3.3,3000,—,—,,不明,接道・区分情報なし、詳細/役場で要確認,,2026-07-12,,https://suumo.jp/tochi/shizuoka/sc_ito/nc_78684923/,不適合
SUUMO 土地 伊東市,伊東市,更地,土地カテゴリ（建物表記なし）,静岡県伊東市八幡野,200,429.0,1.5,3000,—,—,,不明,接道・区分情報なし、詳細/役場で要確認,,2026-07-12,,https://suumo.jp/tochi/shizuoka/sc_ito/nc_78771143/,不適合
SUUMO 土地 伊東市,伊東市,更地,土地カテゴリ（建物表記なし）,静岡県伊東市荻,200,235.0,2.8,3000,—,—,,不明,接道・区分情報なし、詳細/役場で要確認,,2026-07-12,,https://suumo.jp/tochi/shizuoka/sc_ito/nc_20752781/,不適合
SUUMO 土地 伊東市,伊東市,更地,土地カテゴリ（建物表記なし）,静岡県伊東市池,200,505.0,1.3,3000,—,—,,不明,接道・区分情報なし、詳細/役場で要確認,,2026-07-12,,https://suumo.jp/tochi/shizuoka/sc_ito/nc_20752778/,不適合
SUUMO 土地 伊東市,伊東市,更地,土地カテゴリ（建物表記なし）,静岡県伊東市八幡野,250,219.0,3.8,3000,—,—,,不明,接道・区分情報なし、詳細/役場で要確認,,2026-07-13,,https://suumo.jp/tochi/shizuoka/sc_ito/nc_20752773/,不適合
SUUMO 土地 伊東市,伊東市,更地,土地カテゴリ（建物表記なし）,静岡県伊東市富戸１３１７－４９１６,300,1090.0,0.9,3000,—,—,,不明,接道・区分情報なし、詳細/役場で要確認,,2026-07-27,,https://suumo.jp/tochi/shizuoka/sc_ito/nc_78683220/,適合
SUUMO 土地 伊東市,伊東市,更地,土地カテゴリ（建物表記なし）,静岡県伊東市鎌田,300,168.6,5.9,3000,田,—,,不明,接道・区分情報なし、詳細/役場で要確認,,2026-07-12,,https://suumo.jp/tochi/shizuoka/sc_ito/nc_96491569/,不適合
SUUMO 土地 伊東市,伊東市,更地,土地カテゴリ（建物表記なし）,静岡県伊東市八幡野,300,627.0,1.6,3000,—,—,,不明,接道・区分情報なし、詳細/役場で要確認,,2026-08-25,注意:別荘地/温泉,https://suumo.jp/tochi/shizuoka/sc_ito/nc_21559959/,不適合
SUUMO 土地 伊東市,伊東市,更地,土地カテゴリ（建物表記なし）,静岡県伊東市富戸,300,459.0,2.2,3000,—,—,,不明,接道・区分情報なし、詳細/役場で要確認,,2026-07-12,,https://suumo.jp/tochi/shizuoka/sc_ito/nc_77949274/,不適合
SUUMO 土地 伊東市,伊東市,更地,土地カテゴリ（建物表記なし）,静岡県伊東市富戸,300,1090.0,0.9,3000,—,—,,不明,接道・区分情報なし、詳細/役場で要確認,,2026-07-12,,https://suumo.jp/tochi/shizuoka/sc_ito/nc_78682886/,適合
SUUMO 土地 伊東市,伊東市,更地,土地カテゴリ（建物表記なし）,静岡県伊東市十足,300,1315.0,0.8,3000,—,—,,不明,接道・区分情報なし、詳細/役場で要確認,,2026-07-12,,https://suumo.jp/tochi/shizuoka/sc_ito/nc_72490119/,適合
SUUMO 土地 伊東市,伊東市,更地,土地カテゴリ（建物表記なし）,静岡県伊東市富戸,300,1167.8,0.8,3000,—,—,,不明,接道・区分情報なし、詳細/役場で要確認,,2026-07-12,,https://suumo.jp/tochi/shizuoka/sc_ito/nc_78665689/,適合
SUUMO 土地 伊東市,伊東市,更地,土地カテゴリ（建物表記なし）,静岡県伊東市宇佐美,350,119.7,9.7,3000,—,—,,不明,接道・区分情報なし、詳細/役場で要確認,,2026-08-07,,https://suumo.jp/tochi/shizuoka/sc_ito/nc_21456231/,不適合
SUUMO 土地 伊東市,伊東市,更地,土地カテゴリ（建物表記なし）,静岡県伊東市富戸,363,588.0,2.0,3000,—,—,,不明,接道・区分情報なし、詳細/役場で要確認,,2026-07-12,,https://suumo.jp/tochi/shizuoka/sc_ito/nc_20752794/,不適合
SUUMO 土地 伊東市,伊東市,更地,土地カテゴリ（建物表記なし）,静岡県伊東市玖須美元和田708-180,380,220.0,5.7,3000,田,—,,不明,接道・区分情報なし、詳細/役場で要確認,,2026-07-31,,https://suumo.jp/tochi/shizuoka/sc_ito/nc_21406345/,不適合
SUUMO 土地 伊東市,伊東市,更地,土地カテゴリ（建物表記なし）,静岡県伊東市富戸,400,416.0,3.2,3000,—,—,,不明,接道・区分情報なし、詳細/役場で要確認,,2026-07-12,,https://suumo.jp/tochi/shizuoka/sc_ito/nc_79052523/,不適合
SUUMO 土地 伊東市,伊東市,更地,土地カテゴリ（建物表記なし）,静岡県伊東市荻,400,244.0,5.4,3000,—,—,,不明,接道・区分情報なし、詳細/役場で要確認,,2026-07-12,,https://suumo.jp/tochi/shizuoka/sc_ito/nc_20762543/,不適合
SUUMO 土地 伊東市,伊東市,更地,土地カテゴリ（建物表記なし）,静岡県伊東市富戸,400,745.0,1.8,3000,—,—,,不明,接道・区分情報なし、詳細/役場で要確認,,2026-07-12,,https://suumo.jp/tochi/shizuoka/sc_ito/nc_20752790/,不適合
SUUMO 土地 伊東市,伊東市,更地,土地カテゴリ（建物表記なし）,静岡県伊東市池615-63,400,414.0,3.2,3000,—,—,,不明,接道・区分情報なし、詳細/役場で要確認,,2026-07-12,,https://suumo.jp/tochi/shizuoka/sc_ito/nc_76445688/,不適合
SUUMO 土地 伊東市,伊東市,更地,土地カテゴリ（建物表記なし）,静岡県伊東市八幡野,400,621.0,2.1,3000,—,—,,不明,接道・区分情報なし、詳細/役場で要確認,,2026-07-12,,https://suumo.jp/tochi/shizuoka/sc_ito/nc_20877557/,不適合
SUUMO 土地 伊東市,伊東市,更地,土地カテゴリ（建物表記なし）,静岡県伊東市富戸,400,530.0,2.5,3000,—,—,,不明,接道・区分情報なし、詳細/役場で要確認,,2026-08-24,,https://suumo.jp/tochi/shizuoka/sc_ito/nc_73639440/,不適合
SUUMO 土地 伊東市,伊東市,更地,土地カテゴリ（建物表記なし）,静岡県伊東市八幡野,400,430.1,3.1,3000,—,—,,不明,接道・区分情報なし、詳細/役場で要確認,,2026-07-12,,https://suumo.jp/tochi/shizuoka/sc_ito/nc_91647403/,不適合
SUUMO 土地 伊東市,伊東市,更地,土地カテゴリ（建物表記なし）,静岡県伊東市富戸,431,442.0,3.2,3000,—,—,,不明,接道・区分情報なし、詳細/役場で要確認,,2026-07-12,,https://suumo.jp/tochi/shizuoka/sc_ito/nc_79052525/,不適合
SUUMO 土地 伊東市,伊東市,更地,土地カテゴリ（建物表記なし）,静岡県伊東市池,450,481.0,3.1,3000,—,—,,不明,接道・区分情報なし、詳細/役場で要確認,,2026-07-12,,https://suumo.jp/tochi/shizuoka/sc_ito/nc_71910245/,不適合
SUUMO 土地 伊東市,伊東市,更地,土地カテゴリ（建物表記なし）,静岡県伊東市鎌田194-1,450,454.1,3.3,3000,田,—,,不明,接道・区分情報なし、詳細/役場で要確認,,2026-07-18,,https://suumo.jp/tochi/shizuoka/sc_ito/nc_21317479/,不適合
SUUMO 土地 伊東市,伊東市,更地,土地カテゴリ（建物表記なし）,静岡県伊東市湯川,450,387.6,3.8,3000,—,—,,不明,接道・区分情報なし、詳細/役場で要確認,,2026-07-12,,https://suumo.jp/tochi/shizuoka/sc_ito/nc_78771152/,不適合
SUUMO 土地 伊東市,伊東市,更地,土地カテゴリ（建物表記なし）,静岡県伊東市富戸,450,572.0,2.6,3000,—,—,,不明,接道・区分情報なし、詳細/役場で要確認,,2026-07-12,,https://suumo.jp/tochi/shizuoka/sc_ito/nc_20752760/,不適合
SUUMO 土地 伊東市,伊東市,更地,土地カテゴリ（建物表記なし）,静岡県伊東市鎌田,450,298.0,5.0,3000,田,—,,不明,接道・区分情報なし、詳細/役場で要確認,,2026-07-12,,https://suumo.jp/tochi/shizuoka/sc_ito/nc_20752788/,不適合
SUUMO 土地 伊東市,伊東市,更地,土地カテゴリ（建物表記なし）,静岡県伊東市馬場町２,480,165.3,9.6,3000,—,—,,不明,接道・区分情報なし、詳細/役場で要確認,,2026-07-12,,https://suumo.jp/tochi/shizuoka/sc_ito/nc_21193733/,不適合
SUUMO 土地 伊東市,伊東市,更地,土地カテゴリ（建物表記なし）,静岡県伊東市宇佐美,480,208.3,7.6,3000,—,—,,不明,接道・区分情報なし、詳細/役場で要確認,,2026-07-12,,https://suumo.jp/tochi/shizuoka/sc_ito/nc_20438119/,不適合
SUUMO 土地 伊東市,伊東市,更地,土地カテゴリ（建物表記なし）,静岡県伊東市荻,490,420.0,3.9,3000,—,—,,不明,接道・区分情報なし、詳細/役場で要確認,,2026-07-12,,https://suumo.jp/tochi/shizuoka/sc_ito/nc_73835740/,不適合
SUUMO 土地 伊東市,伊東市,更地,土地カテゴリ（建物表記なし）,静岡県伊東市富戸,500,1334.0,1.2,3000,—,—,,不明,接道・区分情報なし、詳細/役場で要確認,,2026-07-12,,https://suumo.jp/tochi/shizuoka/sc_ito/nc_20198016/,適合
SUUMO 土地 伊東市,伊東市,更地,土地カテゴリ（建物表記なし）,静岡県伊東市八幡野,500,115.7,14.3,3000,—,—,,不明,接道・区分情報なし、詳細/役場で要確認,,2026-07-12,,https://suumo.jp/tochi/shizuoka/sc_ito/nc_20063799/,不適合
SUUMO 土地 伊東市,伊東市,更地,土地カテゴリ（建物表記なし）,静岡県伊東市八幡野,500,436.0,3.8,3000,—,—,,不明,接道・区分情報なし、詳細/役場で要確認,,2026-07-12,,https://suumo.jp/tochi/shizuoka/sc_ito/nc_84391595/,不適合
SUUMO 土地 伊東市,伊東市,更地,土地カテゴリ（建物表記なし）,静岡県伊東市静海町,500,101.0,16.4,3000,—,—,,不明,接道・区分情報なし、詳細/役場で要確認,,2026-07-12,,https://suumo.jp/tochi/shizuoka/sc_ito/nc_78771154/,不適合
SUUMO 土地 伊東市,伊東市,更地,土地カテゴリ（建物表記なし）,静岡県伊東市十足,500,470.0,3.5,3000,—,—,,不明,接道・区分情報なし、詳細/役場で要確認,,2026-07-12,,https://suumo.jp/tochi/shizuoka/sc_ito/nc_76308290/,不適合
SUUMO 土地 伊東市,伊東市,更地,土地カテゴリ（建物表記なし）,静岡県伊東市富戸,500,615.6,2.7,3000,—,—,,不明,接道・区分情報なし、詳細/役場で要確認,,2026-07-12,,https://suumo.jp/tochi/shizuoka/sc_ito/nc_20752894/,不適合
SUUMO 土地 伊東市,伊東市,更地,土地カテゴリ（建物表記なし）,静岡県伊東市鎌田,540,119.8,14.9,3000,田,—,,不明,接道・区分情報なし、詳細/役場で要確認,,2026-07-24,,https://suumo.jp/tochi/shizuoka/sc_ito/nc_79181624/,不適合
SUUMO 土地 伊東市,伊東市,更地,土地カテゴリ（建物表記なし）,静岡県伊東市川奈,555,662.0,2.8,3000,—,—,,不明,接道・区分情報なし、詳細/役場で要確認,,2026-07-12,注意:別荘地,https://suumo.jp/tochi/shizuoka/sc_ito/nc_20526938/,不適合
SUUMO 土地 伊東市,伊東市,更地,土地カテゴリ（建物表記なし）,静岡県伊東市池,600,667.0,3.0,3000,—,—,,不明,接道・区分情報なし、詳細/役場で要確認,,2026-07-12,,https://suumo.jp/tochi/shizuoka/sc_ito/nc_76393263/,不適合
SUUMO 土地 伊東市,伊東市,更地,土地カテゴリ（建物表記なし）,静岡県伊東市富戸,620,230.5,8.9,3000,—,—,,不明,接道・区分情報なし、詳細/役場で要確認,,2026-07-24,,https://suumo.jp/tochi/shizuoka/sc_ito/nc_79181443/,不適合
SUUMO 土地 伊東市,伊東市,更地,土地カテゴリ（建物表記なし）,静岡県伊東市大原３,680,122.0,18.4,3000,—,—,,不明,接道・区分情報なし、詳細/役場で要確認,,2026-07-12,,https://suumo.jp/tochi/shizuoka/sc_ito/nc_21260737/,不適合
SUUMO 土地 伊東市,伊東市,更地,土地カテゴリ（建物表記なし）,静岡県伊東市八幡野,680,291.4,7.7,3000,—,—,,不明,接道・区分情報なし、詳細/役場で要確認,,2026-07-12,,https://suumo.jp/tochi/shizuoka/sc_ito/nc_71082388/,不適合
SUUMO 土地 伊東市,伊東市,更地,土地カテゴリ（建物表記なし）,静岡県伊東市八幡野,700,314.0,7.4,3000,—,—,,不明,接道・区分情報なし、詳細/役場で要確認,,2026-07-12,,https://suumo.jp/tochi/shizuoka/sc_ito/nc_66521648/,不適合
SUUMO 土地 伊東市,伊東市,更地,土地カテゴリ（建物表記なし）,静岡県伊東市富戸,780,660.0,3.9,3000,—,—,,不明,接道・区分情報なし、詳細/役場で要確認,,2026-07-24,,https://suumo.jp/tochi/shizuoka/sc_ito/nc_74959047/,不適合
SUUMO 土地 伊東市,伊東市,更地,土地カテゴリ（建物表記なし）,静岡県伊東市八幡野,780,347.0,7.4,3000,—,—,,不明,接道・区分情報なし、詳細/役場で要確認,,2026-07-12,,https://suumo.jp/tochi/shizuoka/sc_ito/nc_20976084/,不適合
SUUMO 土地 伊東市,伊東市,更地,土地カテゴリ（建物表記なし）,静岡県伊東市川奈1315-9他,800,187.1,14.1,3000,—,—,,不明,接道・区分情報なし、詳細/役場で要確認,,2026-07-12,,https://suumo.jp/tochi/shizuoka/sc_ito/nc_71739867/,不適合
SUUMO 土地 伊東市,伊東市,更地,土地カテゴリ（建物表記なし）,静岡県伊東市鎌田,800,132.6,19.9,3000,田,—,,不明,接道・区分情報なし、詳細/役場で要確認,,2026-07-12,,https://suumo.jp/tochi/shizuoka/sc_ito/nc_82209132/,不適合
SUUMO 土地 伊東市,伊東市,更地,土地カテゴリ（建物表記なし）,静岡県伊東市宇佐美,850,181.8,15.5,3000,—,—,,不明,接道・区分情報なし、詳細/役場で要確認,,2026-07-12,,https://suumo.jp/tochi/shizuoka/sc_ito/nc_20212854/,不適合
SUUMO 土地 伊東市,伊東市,更地,土地カテゴリ（建物表記なし）,静岡県伊東市猪戸１-6-20,850,79.3,35.4,3000,—,—,,不明,接道・区分情報なし、詳細/役場で要確認,,2026-07-12,,https://suumo.jp/tochi/shizuoka/sc_ito/nc_21121425/,不適合
SUUMO 土地 伊東市,伊東市,更地,土地カテゴリ（建物表記なし）,静岡県伊東市吉田747-257　他,850,166.0,16.9,3000,田,—,,不明,接道・区分情報なし、詳細/役場で要確認,,2026-08-02,,https://suumo.jp/tochi/shizuoka/sc_ito/nc_21418690/,不適合
SUUMO 土地 伊東市,伊東市,更地,土地カテゴリ（建物表記なし）,静岡県伊東市宇佐美,860,236.4,12.0,3000,—,—,,不明,接道・区分情報なし、詳細/役場で要確認,,2026-08-04,,https://suumo.jp/tochi/shizuoka/sc_ito/nc_78597551/,不適合
SUUMO 土地 伊東市,伊東市,更地,土地カテゴリ（建物表記なし）,静岡県伊東市宇佐美,880,166.0,17.5,3000,—,—,,不明,接道・区分情報なし、詳細/役場で要確認,,2026-07-12,注意:温泉,https://suumo.jp/tochi/shizuoka/sc_ito/nc_78771142/,不適合
SUUMO 土地 伊東市,伊東市,更地,土地カテゴリ（建物表記なし）,静岡県伊東市玖須美元和田,880,174.4,16.7,3000,田,—,,不明,接道・区分情報なし、詳細/役場で要確認,,2026-07-12,,https://suumo.jp/tochi/shizuoka/sc_ito/nc_78771149/,不適合
SUUMO 土地 伊東市,伊東市,更地,土地カテゴリ（建物表記なし）,静岡県伊東市八幡野,900,442.0,6.7,3000,—,—,,不明,接道・区分情報なし、詳細/役場で要確認,,2026-07-12,,https://suumo.jp/tochi/shizuoka/sc_ito/nc_78771157/,不適合
SUUMO 土地 伊東市,伊東市,更地,土地カテゴリ（建物表記なし）,静岡県伊東市八幡野,900,611.0,4.9,3000,—,—,,不明,接道・区分情報なし、詳細/役場で要確認,,2026-07-12,,https://suumo.jp/tochi/shizuoka/sc_ito/nc_20100259/,不適合
SUUMO 土地 伊東市,伊東市,更地,土地カテゴリ（建物表記なし）,静岡県伊東市玖須美元和田,930,166.6,18.5,3000,田,—,,不明,接道・区分情報なし、詳細/役場で要確認,,2026-07-12,,https://suumo.jp/tochi/shizuoka/sc_ito/nc_78771146/,不適合
SUUMO 土地 伊東市,伊東市,更地,土地カテゴリ（建物表記なし）,静岡県伊東市玖須美元和田,950,166.6,18.9,3000,田,—,,不明,接道・区分情報なし、詳細/役場で要確認,,2026-07-12,,https://suumo.jp/tochi/shizuoka/sc_ito/nc_78771145/,不適合
SUUMO 土地 伊東市,伊東市,更地,土地カテゴリ（建物表記なし）,静岡県伊東市川奈,950,254.3,12.3,3000,—,—,,不明,接道・区分情報なし、詳細/役場で要確認,,2026-07-19,,https://suumo.jp/tochi/shizuoka/sc_ito/nc_21322989/,不適合
SUUMO 土地 伊東市,伊東市,更地,土地カテゴリ（建物表記なし）,静岡県伊東市富戸,950,370.0,8.5,3000,—,—,,不明,接道・区分情報なし、詳細/役場で要確認,,2026-07-12,,https://suumo.jp/tochi/shizuoka/sc_ito/nc_78581075/,不適合
SUUMO 土地 伊東市,伊東市,更地,土地カテゴリ（建物表記なし）,静岡県伊東市富戸,950,486.0,6.5,3000,—,—,,不明,接道・区分情報なし、詳細/役場で要確認,,2026-07-23,,https://suumo.jp/tochi/shizuoka/sc_ito/nc_21341840/,不適合
SUUMO 土地 伊東市,伊東市,更地,土地カテゴリ（建物表記なし）,静岡県伊東市玖須美元和田,950,205.5,15.3,3000,田,—,,不明,接道・区分情報なし、詳細/役場で要確認,,2026-07-12,,https://suumo.jp/tochi/shizuoka/sc_ito/nc_78771150/,不適合
SUUMO 土地 伊東市,伊東市,更地,土地カテゴリ（建物表記なし）,静岡県伊東市宇佐美1661-21,980,159.9,20.3,3000,—,—,,不明,接道・区分情報なし、詳細/役場で要確認,,2026-07-12,,https://suumo.jp/tochi/shizuoka/sc_ito/nc_20607113/,不適合
SUUMO 土地 伊東市,伊東市,更地,土地カテゴリ（建物表記なし）,静岡県伊東市八幡野,980,517.0,6.3,3000,—,—,,不明,接道・区分情報なし、詳細/役場で要確認,,2026-07-12,,https://suumo.jp/tochi/shizuoka/sc_ito/nc_66521755/,不適合
SUUMO 土地 伊東市,伊東市,更地,土地カテゴリ（建物表記なし）,静岡県伊東市八幡野,980,9646.0,0.3,3000,—,—,接道の可能性があり、事業用地,不明,接道・区分情報なし、詳細/役場で要確認,,2026-07-12,,https://suumo.jp/tochi/shizuoka/sc_ito/nc_78778290/,適合
SUUMO 土地 伊東市,伊東市,更地,土地カテゴリ（建物表記なし）,静岡県伊東市玖須美元和田,980,188.8,17.2,3000,田,—,,不明,接道・区分情報なし、詳細/役場で要確認,,2026-07-12,,https://suumo.jp/tochi/shizuoka/sc_ito/nc_78771147/,不適合
SUUMO 土地 伊東市,伊東市,更地,土地カテゴリ（建物表記なし）,静岡県伊東市富戸,980,407.8,7.9,3000,—,—,,不明,接道・区分情報なし、詳細/役場で要確認,,2026-07-12,,https://suumo.jp/tochi/shizuoka/sc_ito/nc_97159100/,不適合
SUUMO 土地 伊東市,伊東市,更地,土地カテゴリ（建物表記なし）,静岡県伊東市玖須美元和田,980,198.2,16.3,3000,田,—,,不明,接道・区分情報なし、詳細/役場で要確認,,2026-07-12,,https://suumo.jp/tochi/shizuoka/sc_ito/nc_78771148/,不適合
SUUMO 土地 伊東市,伊東市,更地,土地カテゴリ（建物表記なし）,静岡県伊東市吉田,1000,659.2,5.0,3000,田,—,,不明,接道・区分情報なし、詳細/役場で要確認,,2026-07-12,,https://suumo.jp/tochi/shizuoka/sc_ito/nc_66521179/,不適合
SUUMO 土地 伊東市,伊東市,更地,土地カテゴリ（建物表記なし）,静岡県伊東市八幡野,1000,218.0,15.2,3000,—,—,,不明,接道・区分情報なし、詳細/役場で要確認,,2026-07-12,,https://suumo.jp/tochi/shizuoka/sc_ito/nc_21002063/,不適合
SUUMO 土地 伊東市,伊東市,更地,土地カテゴリ（建物表記なし）,静岡県伊東市宇佐美,1000,273.2,12.1,3000,—,—,,不明,接道・区分情報なし、詳細/役場で要確認,,2026-08-21,,https://suumo.jp/tochi/shizuoka/sc_ito/nc_21531144/,不適合
SUUMO 土地 伊東市,伊東市,更地,土地カテゴリ（建物表記なし）,静岡県伊東市富戸,1000,514.0,6.4,3000,—,—,,不明,接道・区分情報なし、詳細/役場で要確認,,2026-07-12,,https://suumo.jp/tochi/shizuoka/sc_ito/nc_72536148/,不適合
SUUMO 土地 伊東市,伊東市,更地,土地カテゴリ（建物表記なし）,静岡県伊東市八幡野,1000,666.6,5.0,3000,—,—,,不明,接道・区分情報なし、詳細/役場で要確認,,2026-07-12,,https://suumo.jp/tochi/shizuoka/sc_ito/nc_20752792/,不適合
SUUMO 土地 伊東市,伊東市,更地,土地カテゴリ（建物表記なし）,静岡県伊東市宇佐美,1100,379.6,9.6,3000,—,—,,不明,接道・区分情報なし、詳細/役場で要確認,,2026-08-04,,https://suumo.jp/tochi/shizuoka/sc_ito/nc_78597550/,不適合
SUUMO 土地 伊東市,伊東市,更地,土地カテゴリ（建物表記なし）,静岡県伊東市八幡野,1100,230.0,15.8,3000,—,—,,不明,接道・区分情報なし、詳細/役場で要確認,,2026-07-12,,https://suumo.jp/tochi/shizuoka/sc_ito/nc_21001998/,不適合
SUUMO 土地 伊東市,伊東市,更地,土地カテゴリ（建物表記なし）,静岡県伊東市湯川,1180,307.6,12.7,3000,—,—,,不明,接道・区分情報なし、詳細/役場で要確認,,2026-08-03,,https://suumo.jp/tochi/shizuoka/sc_ito/nc_21361124/,不適合
SUUMO 土地 伊東市,伊東市,更地,土地カテゴリ（建物表記なし）,静岡県伊東市八幡野,1200,940.0,4.2,3000,—,—,,不明,接道・区分情報なし、詳細/役場で要確認,,2026-07-12,,https://suumo.jp/tochi/shizuoka/sc_ito/nc_20752791/,不適合
SUUMO 土地 伊東市,伊東市,更地,土地カテゴリ（建物表記なし）,静岡県伊東市川奈,1240,534.0,7.7,3000,—,—,,不明,接道・区分情報なし、詳細/役場で要確認,,2026-07-12,,https://suumo.jp/tochi/shizuoka/sc_ito/nc_83505648/,不適合
SUUMO 土地 伊東市,伊東市,更地,土地カテゴリ（建物表記なし）,静岡県伊東市八幡野,1260,354.8,11.7,3000,—,—,,不明,接道・区分情報なし、詳細/役場で要確認,,2026-07-12,,https://suumo.jp/tochi/shizuoka/sc_ito/nc_74375259/,不適合
SUUMO 土地 伊東市,伊東市,更地,土地カテゴリ（建物表記なし）,静岡県伊東市八幡野,1300,743.0,5.8,3000,—,—,,不明,接道・区分情報なし、詳細/役場で要確認,,2026-08-21,,https://suumo.jp/tochi/shizuoka/sc_ito/nc_21514845/,不適合
SUUMO 土地 伊東市,伊東市,更地,土地カテゴリ（建物表記なし）,静岡県伊東市鎌田７７６－３、７７６－２,1320,481.6,9.1,3000,田,—,,不明,接道・区分情報なし、詳細/役場で要確認,,2026-07-12,,https://suumo.jp/tochi/shizuoka/sc_ito/nc_78521815/,不適合
SUUMO 土地 伊東市,伊東市,更地,土地カテゴリ（建物表記なし）,静岡県伊東市鎌田,1320,481.6,9.1,3000,田,—,,不明,接道・区分情報なし、詳細/役場で要確認,,2026-07-18,,https://suumo.jp/tochi/shizuoka/sc_ito/nc_20900797/,不適合
SUUMO 土地 伊東市,伊東市,更地,土地カテゴリ（建物表記なし）,静岡県伊東市大原１-１１３７－４,1330,198.4,22.2,3000,—,—,,不明,接道・区分情報なし、詳細/役場で要確認,,2026-08-28,,https://suumo.jp/tochi/shizuoka/sc_ito/nc_20865970/,不適合
SUUMO 土地 伊東市,伊東市,更地,土地カテゴリ（建物表記なし）,静岡県伊東市八幡野,1400,638.0,7.3,3000,—,—,,不明,接道・区分情報なし、詳細/役場で要確認,,2026-07-12,,https://suumo.jp/tochi/shizuoka/sc_ito/nc_20828165/,不適合
SUUMO 土地 伊東市,伊東市,更地,土地カテゴリ（建物表記なし）,静岡県伊東市富戸,1480,506.0,9.7,3000,—,—,,不明,接道・区分情報なし、詳細/役場で要確認,,2026-07-12,,https://suumo.jp/tochi/shizuoka/sc_ito/nc_20863197/,不適合
SUUMO 土地 伊東市,伊東市,更地,土地カテゴリ（建物表記なし）,静岡県伊東市吉田,1500,1150.9,4.3,3000,田,—,,不明,接道・区分情報なし、詳細/役場で要確認,,2026-07-12,,https://suumo.jp/tochi/shizuoka/sc_ito/nc_78240236/,適合
SUUMO 土地 伊東市,伊東市,更地,土地カテゴリ（建物表記なし）,静岡県伊東市川奈,1880,879.0,7.1,3000,—,—,,不明,接道・区分情報なし、詳細/役場で要確認,,2026-07-24,,https://suumo.jp/tochi/shizuoka/sc_ito/nc_71522480/,不適合
SUUMO 土地 伊東市,伊東市,更地,土地カテゴリ（建物表記なし）,静岡県伊東市岡,1980,728.0,9.0,3000,—,—,,不明,接道・区分情報なし、詳細/役場で要確認,,2026-07-12,,https://suumo.jp/tochi/shizuoka/sc_ito/nc_20042906/,不適合
SUUMO 土地 伊東市,伊東市,更地,土地カテゴリ（建物表記なし）,静岡県伊東市吉田,2000,1063.0,6.2,3000,田,—,,不明,接道・区分情報なし、詳細/役場で要確認,,2026-07-12,,https://suumo.jp/tochi/shizuoka/sc_ito/nc_73639699/,適合
SUUMO 土地 伊東市,伊東市,更地,土地カテゴリ（建物表記なし）,静岡県伊東市八幡野,2000,1064.0,6.2,3000,—,—,,不明,接道・区分情報なし、詳細/役場で要確認,,2026-07-12,,https://suumo.jp/tochi/shizuoka/sc_ito/nc_20802866/,適合
SUUMO 土地 伊東市,伊東市,更地,土地カテゴリ（建物表記なし）,静岡県伊東市宇佐美,2100,298.8,23.2,3000,—,—,,不明,接道・区分情報なし、詳細/役場で要確認,,2026-07-12,,https://suumo.jp/tochi/shizuoka/sc_ito/nc_20779375/,不適合
SUUMO 土地 伊東市,伊東市,更地,土地カテゴリ（建物表記なし）,静岡県伊東市岡,2500,728.0,11.4,3000,—,—,,不明,接道・区分情報なし、詳細/役場で要確認,,2026-07-12,注意:温泉,https://suumo.jp/tochi/shizuoka/sc_ito/nc_74640165/,不適合
SUUMO 土地 伊東市,伊東市,更地,土地カテゴリ（建物表記なし）,静岡県伊東市富戸,2800,1109.0,8.3,3000,—,—,,不明,接道・区分情報なし、詳細/役場で要確認,,2026-07-12,,https://suumo.jp/tochi/shizuoka/sc_ito/nc_20835992/,適合
SUUMO 土地 伊東市,伊東市,更地,土地カテゴリ（建物表記なし）,静岡県伊東市富戸,2800,1667.0,5.6,3000,—,—,,不明,接道・区分情報なし、詳細/役場で要確認,,2026-07-12,,https://suumo.jp/tochi/shizuoka/sc_ito/nc_78920700/,適合
SUUMO 土地 伊東市,伊東市,更地,土地カテゴリ（建物表記なし）,静岡県伊東市玖須美元和田,6500,2265.0,9.5,3000,田,—,,不明,接道・区分情報なし、詳細/役場で要確認,,2026-07-12,,https://suumo.jp/tochi/shizuoka/sc_ito/nc_77713425/,不適合
SUUMO 土地 伊東市,伊東市,更地,土地カテゴリ（建物表記なし）,静岡県伊東市富戸,29500,66341.9,1.5,3000,田,—,,不明,接道・区分情報なし、詳細/役場で要確認,,2026-07-13,,https://suumo.jp/tochi/shizuoka/sc_ito/nc_21214874/,不適合
SUUMO 土地 伊東市,伊東市,更地,土地カテゴリ（建物表記なし）,静岡県伊東市富戸,29500,9999.0,9.8,3000,—,—,,不明,接道・区分情報なし、詳細/役場で要確認,,2026-08-07,,https://suumo.jp/tochi/shizuoka/sc_ito/nc_21448274/,不適合
SUUMO 土地 伊東市,伊東市,更地,土地カテゴリ（建物表記なし）,静岡県伊東市富戸,29500,6634.9,14.7,3000,—,—,,不明,接道・区分情報なし、詳細/役場で要確認,,2026-07-12,,https://suumo.jp/tochi/shizuoka/sc_ito/nc_21189774/,不適合
SUUMO 土地 伊東市,伊東市,更地,土地カテゴリ（建物表記なし）,静岡県伊東市富戸,29500,66341.9,1.5,3000,—,—,,不明,接道・区分情報なし、詳細/役場で要確認,,2026-08-20,,https://suumo.jp/tochi/shizuoka/sc_ito/nc_20825340/,不適合
SUUMO 土地 伊東市,伊東市,更地,土地カテゴリ（建物表記なし）,静岡県伊東市富戸,30000,9918.0,10.0,3000,田,—,,不明,接道・区分情報なし、詳細/役場で要確認,,2026-07-12,,https://suumo.jp/tochi/shizuoka/sc_ito/nc_75865708/,不適合
LIFULL 土地 長泉町,,更地,土地カテゴリ（建物表記なし）,【積水ハウス】コモンステージ長泉III【建築条件付土地】,2480,145.4,56.4,1500,宅地,—,,不明,接道・区分情報なし、詳細/役場で要確認,,2026-07-29,,https://www.homes.co.jp/tochi/b-17015760000090/,不適合
LIFULL 土地 長泉町,,更地,土地カテゴリ（建物表記なし）,【積水ハウス】コモンステージ三島駅西II【建築条件付土地】,5980,275.1,71.9,1500,—,—,,不明,接道・区分情報なし、詳細/役場で要確認,,2026-07-29,,https://www.homes.co.jp/tochi/b-17015760000074/,不適合
LIFULL 土地 長泉町,,更地,土地カテゴリ（建物表記なし）,【積水ハウス】コモンステージ長泉II【建築条件付土地】,5980,311.4,63.5,1500,—,—,,不明,接道・区分情報なし、詳細/役場で要確認,,2026-07-29,,https://www.homes.co.jp/tochi/b-17015760000086/,不適合
LIFULL 土地 長泉町,長泉町,更地,土地カテゴリ（建物表記なし）,【積水ハウス】コモンステージ長泉町役場北【建築条件付土地】,3180,176.3,59.6,1500,—,—,,不明,接道・区分情報なし、詳細/役場で要確認,,2026-07-29,,https://www.homes.co.jp/tochi/b-17015760000100/,不適合
LIFULL 土地 長泉町,,更地,土地カテゴリ（建物表記なし）,【積水ハウス】コモンステージ長泉IV【建築条件付土地】,2680,165.5,53.5,1500,宅地,—,,不明,接道・区分情報なし、詳細/役場で要確認,,2026-07-29,,https://www.homes.co.jp/tochi/b-17015760000106/,不適合
LIFULL 土地 長泉町,長泉町,更地,土地カテゴリ（建物表記なし）,長泉町竹原分譲地II　7区画,2470,165.5,49.3,1500,—,—,,不明,接道・区分情報なし、詳細/役場で要確認,,2026-08-18,,https://www.homes.co.jp/tochi/b-17069030000022/,不適合
LIFULL 土地 長泉町,長泉町,更地,土地カテゴリ（建物表記なし）,長泉町桜堤分譲地　6区画,2840,168.1,55.9,1500,—,—,,不明,接道・区分情報なし、詳細/役場で要確認,,2026-08-18,,https://www.homes.co.jp/tochi/b-17069030000016/,不適合
LIFULL 土地 長泉町,長泉町,更地,土地カテゴリ（建物表記なし）,長泉町竹原分譲地,2130,166.3,42.3,1500,—,—,,不明,接道・区分情報なし、詳細/役場で要確認,,2026-08-18,,https://www.homes.co.jp/tochi/b-17069030000018/,不適合
LIFULL 土地 長泉町,長泉町,更地,土地カテゴリ（建物表記なし）,駿東郡長泉町竹原 (下土狩駅),800,,,1500,—,—,,不明,接道・区分情報なし、詳細/役場で要確認,,2026-06-19,,https://www.homes.co.jp/tochi/b-33334000000019/,数値不明
LIFULL 土地 長泉町,長泉町,更地,土地カテゴリ（建物表記なし）,駿東郡長泉町東野 (長泉なめり駅),1100,,,1500,宅地,—,,不明,接道・区分情報なし、詳細/役場で要確認,,2026-06-19,,https://www.homes.co.jp/tochi/b-1265050002513/,数値不明
LIFULL 土地 長泉町,長泉町,古家付き土地,土地＋古家/上物の表記,駿東郡長泉町中土狩 (長泉なめり駅),1990,,,1500,—,—,,不明,接道・区分情報なし。建物ありだが現行法での再建築可否は役場で要確認,,2026-07-24,,https://www.homes.co.jp/tochi/b-1265050002682/,数値不明
LIFULL 土地 長泉町,長泉町,古家付き土地,土地＋古家/上物の表記,駿東郡長泉町元長窪 (長泉なめり駅),1980,,,1500,—,—,,不明,接道・区分情報なし。建物ありだが現行法での再建築可否は役場で要確認,,2026-08-25,,https://www.homes.co.jp/tochi/b-70120000497/,数値不明
LIFULL 土地 長泉町,長泉町,更地,土地カテゴリ（建物表記なし）,駿東郡長泉町下土狩 (下土狩駅),2980,,,1500,—,—,,不明,接道・区分情報なし、詳細/役場で要確認,,2026-07-13,,https://www.homes.co.jp/tochi/b-1504400000779/,数値不明
LIFULL 土地 長泉町,長泉町,古家付き土地,土地＋古家/上物の表記,駿東郡長泉町桜堤2丁目 (長泉なめり駅),5250,,,1500,田,—,,不明,接道・区分情報なし。建物ありだが現行法での再建築可否は役場で要確認,,2026-08-20,,https://www.homes.co.jp/tochi/b-33324250000160/,数値不明
LIFULL 土地 長泉町,長泉町,更地,土地カテゴリ（建物表記なし）,駿東郡長泉町上土狩 (長泉なめり駅),2580,,,1500,—,—,,不明,接道・区分情報なし、詳細/役場で要確認,,2026-07-15,,https://www.homes.co.jp/tochi/b-33318160000130/,数値不明
LIFULL 土地 長泉町,長泉町,更地,土地カテゴリ（建物表記なし）,駿東郡長泉町下土狩 (下土狩駅),1250,,,1500,—,—,,不明,接道・区分情報なし、詳細/役場で要確認,,2026-07-28,,https://www.homes.co.jp/tochi/b-33324250000155/,数値不明
LIFULL 土地 長泉町,長泉町,更地,土地カテゴリ（建物表記なし）,駿東郡長泉町本宿 (大岡駅),1480,,,1500,—,—,,不明,接道・区分情報なし、詳細/役場で要確認,,2026-08-25,,https://www.homes.co.jp/tochi/b-33327210001604/,数値不明
LIFULL 土地 長泉町,長泉町,古家付き土地,土地＋古家/上物の表記,駿東郡長泉町下土狩 (下土狩駅),4000,,,1500,—,—,,不明,接道・区分情報なし。建物ありだが現行法での再建築可否は役場で要確認,,2026-07-02,,https://www.homes.co.jp/tochi/b-33320790000076/,数値不明
LIFULL 土地 長泉町,長泉町,古家付き土地,土地＋古家/上物の表記,駿東郡長泉町下土狩 (下土狩駅),3400,,,1500,—,—,,不明,接道・区分情報なし。建物ありだが現行法での再建築可否は役場で要確認,,2026-07-02,,https://www.homes.co.jp/tochi/b-33320790000075/,数値不明
LIFULL 土地 長泉町,長泉町,更地,土地カテゴリ（建物表記なし）,駿東郡長泉町東野 (長泉なめり駅),3900,,,1500,—,—,,不明,接道・区分情報なし、詳細/役場で要確認,,2026-07-18,,https://www.homes.co.jp/tochi/b-1500050000684/,数値不明
LIFULL 土地 長泉町,長泉町,更地,土地カテゴリ（建物表記なし）,駿東郡長泉町南一色 (長泉なめり駅),2200,,,1500,—,—,,不明,接道・区分情報なし、詳細/役場で要確認,,2026-06-19,,https://www.homes.co.jp/tochi/b-1500050000587/,数値不明
LIFULL 土地 長泉町,長泉町,古家付き土地,土地＋古家/上物の表記,駿東郡長泉町下長窪 (長泉なめり駅),2850,,,1500,—,—,,不明,接道・区分情報なし。建物ありだが現行法での再建築可否は役場で要確認,,2026-06-19,注意:要相談,https://www.homes.co.jp/tochi/b-1500050000641/,数値不明
LIFULL 土地 長泉町,長泉町,更地,土地カテゴリ（建物表記なし）,駿東郡長泉町納米里 (長泉なめり駅),2950,,,1500,田,—,,不明,接道・区分情報なし、詳細/役場で要確認,,2026-08-11,,https://www.homes.co.jp/tochi/b-1540930000250/,数値不明
LIFULL 土地 長泉町,長泉町,更地,土地カテゴリ（建物表記なし）,駿東郡長泉町桜堤3丁目 (長泉なめり駅),3580,,,1500,—,—,,不明,接道・区分情報なし、詳細/役場で要確認,,2026-08-20,,https://www.homes.co.jp/tochi/b-37260450000018/,数値不明
LIFULL 土地 長泉町,長泉町,更地,土地カテゴリ（建物表記なし）,駿東郡長泉町桜堤3丁目 (長泉なめり駅),3290,,,1500,—,—,,不明,接道・区分情報なし、詳細/役場で要確認,,2026-08-20,,https://www.homes.co.jp/tochi/b-37260450000019/,数値不明
LIFULL 土地 長泉町,長泉町,更地,土地カテゴリ（建物表記なし）,駿東郡長泉町桜堤3丁目 (長泉なめり駅),3580,,,1500,—,—,,不明,接道・区分情報なし、詳細/役場で要確認,,2026-08-20,,https://www.homes.co.jp/tochi/b-37260450000017/,数値不明
LIFULL 土地 長泉町,長泉町,更地,土地カテゴリ（建物表記なし）,駿東郡長泉町本宿 (大岡駅),2800,,,1500,田,—,,不明,接道・区分情報なし、詳細/役場で要確認,,2026-07-28,,https://www.homes.co.jp/tochi/b-1540930000291/,数値不明
LIFULL 土地 長泉町,長泉町,更地,土地カテゴリ（建物表記なし）,駿東郡長泉町下土狩 (下土狩駅),7980,,,1500,—,—,,不明,接道・区分情報なし、詳細/役場で要確認,,2026-08-22,,https://www.homes.co.jp/tochi/b-33327210001574/,数値不明
LIFULL 土地 長泉町,長泉町,更地,土地カテゴリ（建物表記なし）,駿東郡長泉町東野 (裾野駅),700,,,1500,—,—,,不明,接道・区分情報なし、詳細/役場で要確認,,2026-08-21,,https://www.homes.co.jp/tochi/b-33323360001004/,数値不明
LIFULL 土地 長泉町,長泉町,古家付き土地,土地＋古家/上物の表記,駿東郡長泉町東野 (裾野駅),2600,,,1500,—,—,,不明,接道・区分情報なし。建物ありだが現行法での再建築可否は役場で要確認,,2026-08-28,,https://www.homes.co.jp/tochi/b-33323360000908/,数値不明
ジモティー 静岡県 賃貸,沼津市,賃貸マンション,賃貸カテゴリ（掲載種別）,静岡 沼津市 マンション,3.2,,,5,—,—,,—,賃貸のため対象外,,2026-08-29,注意:事務所,https://jmty.jp/shizuoka/est-hou/article-1rgkth,適合
ジモティー 静岡県 賃貸,沼津市,賃貸マンション,賃貸カテゴリ（掲載種別）,静岡 沼津市 原駅 マンション,2.5,,,5,—,—,,—,賃貸のため対象外,,2026-07-25,,https://jmty.jp/shizuoka/est-hou/article-a79x6,適合
ジモティー 静岡県 賃貸,沼津市,賃貸マンション,賃貸カテゴリ（掲載種別）,静岡 沼津市 原駅 マンション,2.0,,,5,—,—,,—,賃貸のため対象外,,2026-07-25,,https://jmty.jp/shizuoka/est-hou/article-le0nq,適合
ジモティー 静岡県 賃貸,伊豆市,賃貸戸建,賃貸カテゴリ（掲載種別）,静岡 伊豆市 伊豆急下田駅 一戸建て,1.9,200.0,,5,田,—,,—,賃貸のため対象外,,2026-08-29,関心:駐車場付/戸建/DIY可,https://jmty.jp/shizuoka/est-hou/article-185ha7,適合
ジモティー 静岡県 賃貸,沼津市,賃貸アパート,賃貸カテゴリ（掲載種別）,静岡 沼津市 アパート,1.9,,,5,—,—,,—,賃貸のため対象外,,2026-08-29,,https://jmty.jp/shizuoka/est-hou/article-est_ec_27370,適合
ジモティー 静岡県 賃貸,沼津市,賃貸アパート,賃貸カテゴリ（掲載種別）,静岡 沼津市 片浜駅 アパート,3.69,,,5,—,—,,—,賃貸のため対象外,,2026-08-29,,https://jmty.jp/shizuoka/est-hou/article-est_vh_4103020203,適合
ジモティー 静岡県 賃貸,沼津市,賃貸マンション,賃貸カテゴリ（掲載種別）,静岡 沼津市 マンション,4.5,,,5,—,—,,—,賃貸のため対象外,,2026-08-28,関心:ペット可,https://jmty.jp/shizuoka/est-hou/article-est_ec_27215,適合
ジモティー 静岡県 賃貸,伊豆の国市,賃貸マンション,賃貸カテゴリ（掲載種別）,静岡 伊豆の国市 マンション,2.58,,,5,—,—,,—,賃貸のため対象外,,2026-08-24,,https://jmty.jp/shizuoka/est-hou/article-1rdirl,適合
ジモティー 静岡県 賃貸,熱海市,賃貸マンション,賃貸カテゴリ（掲載種別）,静岡 熱海市 マンション,3.09,,,5,—,—,,—,賃貸のため対象外,,2026-08-24,,https://jmty.jp/shizuoka/est-hou/article-1rd9id,適合
ジモティー 静岡県 賃貸,沼津市,賃貸戸建,賃貸カテゴリ（掲載種別）,静岡 沼津市 沼津駅 賃貸（マンション/一戸建て）,30.0,,,5,—,—,,—,賃貸のため対象外,,2026-08-22,関心:礼金なし/戸建 注意:事務所/店舗,https://jmty.jp/shizuoka/est-hou/article-1rbi1n,不適合
ジモティー 静岡県 賃貸,沼津市,賃貸マンション,賃貸カテゴリ（掲載種別）,静岡 沼津市 片浜駅 マンション,3.7,,,5,—,—,,—,賃貸のため対象外,,2026-08-21,,https://jmty.jp/shizuoka/est-hou/article-1ralme,適合
ジモティー 静岡県 賃貸,伊豆の国市,賃貸マンション,賃貸カテゴリ（掲載種別）,静岡 伊豆の国市 原木駅 マンション,6.2,,,5,—,—,,—,賃貸のため対象外,,2026-08-21,,https://jmty.jp/shizuoka/est-hou/article-1rak9y,不適合
ジモティー 静岡県 賃貸,沼津市,賃貸アパート,賃貸カテゴリ（掲載種別）,静岡 沼津市 原駅 アパート,6.5,,,5,—,—,,—,賃貸のため対象外,,2026-08-20,,https://jmty.jp/shizuoka/est-hou/article-1n3dbl,不適合
スマイミー静岡 賃貸 裾野市,裾野市,賃貸マンション,賃貸カテゴリ（掲載種別）,裾野市佐野,6.0,61.8,,5,—,—,,—,賃貸のため対象外,,2026-07-25,関心:敷金無/礼金無,https://www.shizuoka.fudohsan.jp/%E7%89%A9%E4%BB%B6/170723,不適合
スマイミー静岡 賃貸 裾野市,裾野市,賃貸マンション,賃貸カテゴリ（掲載種別）,裾野市岩波,7.7,82.5,,5,—,—,,—,賃貸のため対象外,,2026-08-24,関心:礼金無,https://www.shizuoka.fudohsan.jp/%E7%89%A9%E4%BB%B6/92218,不適合
スマイミー静岡 賃貸 裾野市,裾野市,駐車場,賃貸カテゴリ（掲載種別）,裾野市岩波7-8,0.6,,,5,—,—,,—,賃貸のため対象外,,2026-07-25,関心:敷金無/礼金無,https://www.shizuoka.fudohsan.jp/%E7%89%A9%E4%BB%B6/167366,適合
スマイミー静岡 賃貸 裾野市,裾野市,賃貸アパート,賃貸カテゴリ（掲載種別）,裾野市茶畑,5.1,54.0,,5,畑,—,,—,賃貸のため対象外,,2026-07-25,関心:敷金無/礼金無,https://www.shizuoka.fudohsan.jp/%E7%89%A9%E4%BB%B6/152803,不適合
スマイミー静岡 賃貸 裾野市,裾野市,賃貸戸建,賃貸カテゴリ（掲載種別）,裾野市茶畑2016-10,7.5,106.8,,5,畑,—,,—,賃貸のため対象外,,2026-07-25,関心:礼金無/戸建,https://www.shizuoka.fudohsan.jp/%E7%89%A9%E4%BB%B6/173467,不適合
スマイミー静岡 賃貸 裾野市,裾野市,賃貸アパート,賃貸カテゴリ（掲載種別）,裾野市伊豆島田824-2,5.5,57.9,,5,田,—,,—,賃貸のため対象外,,2026-07-25,関心:礼金無,https://www.shizuoka.fudohsan.jp/%E7%89%A9%E4%BB%B6/111242,不適合
スマイミー静岡 賃貸 裾野市,裾野市,賃貸その他,賃貸カテゴリ（掲載種別）,裾野市平松389,15.77,92.9,,5,—,—,,—,賃貸のため対象外,,2026-07-25,関心:礼金無 注意:店舗,https://www.shizuoka.fudohsan.jp/%E7%89%A9%E4%BB%B6/80390,不適合
スマイミー静岡 賃貸 裾野市,裾野市,賃貸マンション,賃貸カテゴリ（掲載種別）,裾野市佐野897-1,6.8,56.4,,5,—,—,,—,賃貸のため対象外,,2026-07-25,関心:礼金無,https://www.shizuoka.fudohsan.jp/%E7%89%A9%E4%BB%B6/150897,不適合
スマイミー静岡 賃貸 裾野市,裾野市,賃貸マンション,賃貸カテゴリ（掲載種別）,裾野市佐野898-5,6.2,54.1,,5,畑,—,,—,賃貸のため対象外,,2026-07-25,関心:敷金無/礼金無,https://www.shizuoka.fudohsan.jp/%E7%89%A9%E4%BB%B6/175054,不適合
スマイミー静岡 賃貸 裾野市,裾野市,賃貸アパート,賃貸カテゴリ（掲載種別）,裾野市平松610-1,5.5,49.6,,5,—,—,,—,賃貸のため対象外,,2026-07-25,関心:敷金無,https://www.shizuoka.fudohsan.jp/%E7%89%A9%E4%BB%B6/175380,不適合
スマイミー静岡 賃貸 裾野市,裾野市,賃貸マンション,賃貸カテゴリ（掲載種別）,裾野市佐野602-4,4.5,25.6,,5,田,—,,—,賃貸のため対象外,,2026-07-25,関心:敷金無/礼金無,https://www.shizuoka.fudohsan.jp/%E7%89%A9%E4%BB%B6/175241,適合
スマイミー静岡 賃貸 裾野市,裾野市,賃貸マンション,賃貸カテゴリ（掲載種別）,裾野市佐野602-4,4.0,25.6,,5,田,—,,—,賃貸のため対象外,,2026-07-25,関心:敷金無/礼金無,https://www.shizuoka.fudohsan.jp/%E7%89%A9%E4%BB%B6/159322,適合
スマイミー静岡 賃貸 裾野市,裾野市,賃貸アパート,賃貸カテゴリ（掲載種別）,裾野市岩波240-4,7.5,54.0,,5,—,—,,—,賃貸のため対象外,,2026-07-25,関心:礼金無,https://www.shizuoka.fudohsan.jp/%E7%89%A9%E4%BB%B6/38041,不適合
スマイミー静岡 賃貸 裾野市,裾野市,賃貸アパート,賃貸カテゴリ（掲載種別）,裾野市公文名２５７－１,3.7,27.1,,5,—,—,,—,賃貸のため対象外,,2026-07-25,関心:礼金無,https://www.shizuoka.fudohsan.jp/%E7%89%A9%E4%BB%B6/56466,適合
スマイミー静岡 賃貸 裾野市,裾野市,賃貸マンション,賃貸カテゴリ（掲載種別）,裾野市佐野,3.6,20.5,,5,—,—,,—,賃貸のため対象外,,2026-07-25,関心:敷金無/礼金無,https://www.shizuoka.fudohsan.jp/%E7%89%A9%E4%BB%B6/41217,適合
スマイミー静岡 賃貸 裾野市,裾野市,賃貸マンション,賃貸カテゴリ（掲載種別）,裾野市佐野806-2,5.1,43.3,,5,—,—,,—,賃貸のため対象外,,2026-07-31,関心:敷金無/礼金無,https://www.shizuoka.fudohsan.jp/%E7%89%A9%E4%BB%B6/36129,不適合
スマイミー静岡 賃貸 裾野市,裾野市,賃貸アパート,賃貸カテゴリ（掲載種別）,裾野市佐野406-1-1,4.3,46.4,,5,—,—,,—,賃貸のため対象外,,2026-07-31,関心:敷金無/礼金無,https://www.shizuoka.fudohsan.jp/%E7%89%A9%E4%BB%B6/30501,適合
スマイミー静岡 賃貸 裾野市,裾野市,賃貸アパート,賃貸カテゴリ（掲載種別）,裾野市茶畑277-1,4.5,39.7,,5,畑,—,,—,賃貸のため対象外,,2026-07-31,関心:礼金無,https://www.shizuoka.fudohsan.jp/%E7%89%A9%E4%BB%B6/127624,適合
スマイミー静岡 賃貸 裾野市,裾野市,賃貸アパート,賃貸カテゴリ（掲載種別）,裾野市水窪122-5,3.98,41.4,,5,—,—,,—,賃貸のため対象外,,2026-07-31,関心:敷金無/礼金無,https://www.shizuoka.fudohsan.jp/%E7%89%A9%E4%BB%B6/168098,適合
スマイミー静岡 賃貸 裾野市,裾野市,賃貸アパート,賃貸カテゴリ（掲載種別）,裾野市水窪122-5,3.98,41.4,,5,—,—,,—,賃貸のため対象外,,2026-07-31,関心:敷金無/礼金無,https://www.shizuoka.fudohsan.jp/%E7%89%A9%E4%BB%B6/55035,適合
スマイミー静岡 賃貸 裾野市,裾野市,賃貸マンション,賃貸カテゴリ（掲載種別）,裾野市佐野370番地の4,6.0,55.4,,5,—,—,,—,賃貸のため対象外,,2026-07-31,関心:敷金無/礼金無,https://www.shizuoka.fudohsan.jp/%E7%89%A9%E4%BB%B6/169911,不適合
スマイミー静岡 賃貸 裾野市,裾野市,賃貸マンション,賃貸カテゴリ（掲載種別）,裾野市佐野370番地の4,5.4,55.4,,5,—,—,,—,賃貸のため対象外,,2026-07-31,関心:敷金無/礼金無,https://www.shizuoka.fudohsan.jp/%E7%89%A9%E4%BB%B6/109250,不適合
スマイミー静岡 賃貸 裾野市,裾野市,賃貸マンション,賃貸カテゴリ（掲載種別）,裾野市平松447-2,3.0,25.2,,5,—,—,,—,賃貸のため対象外,,2026-07-31,関心:敷金無/礼金無,https://www.shizuoka.fudohsan.jp/%E7%89%A9%E4%BB%B6/90675,適合
スマイミー静岡 賃貸 裾野市,裾野市,賃貸マンション,賃貸カテゴリ（掲載種別）,裾野市深良152番地の4,5.0,58.9,,5,—,—,,—,賃貸のため対象外,,2026-07-31,関心:敷金無/礼金無,https://www.shizuoka.fudohsan.jp/%E7%89%A9%E4%BB%B6/43216,適合
スマイミー静岡 賃貸 裾野市,裾野市,賃貸マンション,賃貸カテゴリ（掲載種別）,裾野市佐野1103-2,5.1,50.2,,5,—,—,,—,賃貸のため対象外,,2026-07-25,関心:敷金無/礼金無,https://www.shizuoka.fudohsan.jp/%E7%89%A9%E4%BB%B6/73039,不適合
スマイミー静岡 賃貸 裾野市,裾野市,賃貸アパート,賃貸カテゴリ（掲載種別）,裾野市麦塚40-1,5.1,40.5,,5,—,—,,—,賃貸のため対象外,,2026-07-25,関心:礼金無,https://www.shizuoka.fudohsan.jp/%E7%89%A9%E4%BB%B6/172607,不適合
SUUMO 土地 御殿場市,御殿場市,更地,土地カテゴリ（建物表記なし）,静岡県御殿場市二の岡１,1750,182.1,31.8,3000,—,—,,不明,接道・区分情報なし、詳細/役場で要確認,,2026-07-12,,https://suumo.jp/tochi/shizuoka/sc_gotemba/nc_73016982/,不適合
SUUMO 土地 御殿場市,御殿場市,更地,土地カテゴリ（建物表記なし）,静岡県御殿場市中畑,480,1156.4,1.4,3000,畑,—,,不明,接道・区分情報なし、詳細/役場で要確認,,2026-07-12,,https://suumo.jp/tochi/shizuoka/sc_gotemba/nc_77793448/,適合
SUUMO 土地 御殿場市,御殿場市,更地,土地カテゴリ（建物表記なし）,静岡県御殿場市中畑1384-34,680,240.0,9.4,3000,畑,—,,不明,接道・区分情報なし、詳細/役場で要確認,,2026-07-12,,https://suumo.jp/tochi/shizuoka/sc_gotemba/nc_76207702/,不適合
SUUMO 土地 御殿場市,御殿場市,更地,土地カテゴリ（建物表記なし）,静岡県御殿場市中畑1384番33,800,254.0,10.4,3000,畑,—,,不明,接道・区分情報なし、詳細/役場で要確認,,2026-07-12,,https://suumo.jp/tochi/shizuoka/sc_gotemba/nc_73371293/,不適合
SUUMO 土地 御殿場市,御殿場市,更地,土地カテゴリ（建物表記なし）,静岡県御殿場市萩原３３９－１,990,254.4,12.9,3000,—,—,,不明,接道・区分情報なし、詳細/役場で要確認,,2026-08-29,,https://suumo.jp/tochi/shizuoka/sc_gotemba/nc_21224497/,不適合
SUUMO 土地 御殿場市,御殿場市,更地,土地カテゴリ（建物表記なし）,静岡県御殿場市川島田,1580,254.8,20.5,3000,田,—,,不明,接道・区分情報なし、詳細/役場で要確認,,2026-07-12,,https://suumo.jp/tochi/shizuoka/sc_gotemba/nc_20745623/,不適合
SUUMO 土地 御殿場市,御殿場市,更地,土地カテゴリ（建物表記なし）,静岡県御殿場市塚原,1585,338.1,15.5,3000,—,—,,不明,接道・区分情報なし、詳細/役場で要確認,,2026-08-28,,https://suumo.jp/tochi/shizuoka/sc_gotemba/nc_76529568/,不適合
SUUMO 土地 御殿場市,御殿場市,更地,土地カテゴリ（建物表記なし）,静岡県御殿場市東田中,1650,204.7,26.6,3000,田,—,,不明,接道・区分情報なし、詳細/役場で要確認,,2026-08-03,,https://suumo.jp/tochi/shizuoka/sc_gotemba/nc_21428564/,不適合
SUUMO 土地 御殿場市,御殿場市,更地,土地カテゴリ（建物表記なし）,静岡県御殿場市二の岡１,1780,185.6,31.7,3000,—,—,,不明,接道・区分情報なし、詳細/役場で要確認,,2026-07-12,,https://suumo.jp/tochi/shizuoka/sc_gotemba/nc_72332638/,不適合
SUUMO 土地 御殿場市,御殿場市,更地,土地カテゴリ（建物表記なし）,静岡県御殿場市新橋,1780,205.6,28.6,3000,—,—,,不明,接道・区分情報なし、詳細/役場で要確認,,2026-08-21,,https://suumo.jp/tochi/shizuoka/sc_gotemba/nc_21322168/,不適合
SUUMO 土地 御殿場市,御殿場市,更地,土地カテゴリ（建物表記なし）,静岡県御殿場市川島田,1800,206.0,28.9,3000,田,—,,不明,接道・区分情報なし、詳細/役場で要確認,,2026-07-12,,https://suumo.jp/tochi/shizuoka/sc_gotemba/nc_20594958/,不適合
SUUMO 土地 御殿場市,御殿場市,更地,土地カテゴリ（建物表記なし）,静岡県御殿場市萩原,2180,247.4,29.1,3000,—,—,,不明,接道・区分情報なし、詳細/役場で要確認,,2026-07-12,,https://suumo.jp/tochi/shizuoka/sc_gotemba/nc_20682350/,不適合
SUUMO 土地 御殿場市,御殿場市,更地,土地カテゴリ（建物表記なし）,静岡県御殿場市茱萸沢,6800,1003.2,22.4,3000,—,—,,不明,接道・区分情報なし、詳細/役場で要確認,,2026-07-12,,https://suumo.jp/tochi/shizuoka/sc_gotemba/nc_20730422/,不適合
SUUMO 土地 下田市,下田市,更地,土地カテゴリ（建物表記なし）,静岡県下田市高馬,325,223.6,4.8,3000,田,—,,不明,接道・区分情報なし、詳細/役場で要確認,,2026-07-12,,https://suumo.jp/tochi/shizuoka/sc_shimoda/nc_76806211/,不適合
SUUMO 土地 下田市,下田市,更地,土地カテゴリ（建物表記なし）,静岡県下田市蓮台寺,400,132.9,9.9,3000,田,—,,不明,接道・区分情報なし、詳細/役場で要確認,,2026-07-12,,https://suumo.jp/tochi/shizuoka/sc_shimoda/nc_79192897/,不適合
SUUMO 土地 下田市,下田市,更地,土地カテゴリ（建物表記なし）,静岡県下田市六丁目,680,148.0,15.2,3000,田,—,,不明,接道・区分情報なし、詳細/役場で要確認,,2026-08-15,,https://suumo.jp/tochi/shizuoka/sc_shimoda/nc_76546962/,不適合
SUUMO 土地 下田市,下田市,更地,土地カテゴリ（建物表記なし）,静岡県下田市河内,880,185.0,15.7,3000,田,—,,不明,接道・区分情報なし、詳細/役場で要確認,,2026-07-12,,https://suumo.jp/tochi/shizuoka/sc_shimoda/nc_21156185/,不適合
SUUMO 土地 下田市,下田市,更地,土地カテゴリ（建物表記なし）,静岡県下田市白浜,880,232.0,12.5,3000,田,—,,不明,接道・区分情報なし、詳細/役場で要確認,,2026-07-12,,https://suumo.jp/tochi/shizuoka/sc_shimoda/nc_78110857/,不適合
SUUMO 土地 下田市,下田市,更地,土地カテゴリ（建物表記なし）,静岡県下田市須崎,4330,8193.0,1.7,3000,田,—,,不明,接道・区分情報なし、詳細/役場で要確認,,2026-07-12,,https://suumo.jp/tochi/shizuoka/sc_shimoda/nc_78110858/,不適合
SUUMO 土地 富士市,富士市,更地,土地カテゴリ（建物表記なし）,静岡県富士市柚木字中道下339番4,1290,129.0,33.1,3000,宅地,—,,不明,接道・区分情報なし、詳細/役場で要確認,,2026-07-12,,https://suumo.jp/tochi/shizuoka/sc_fuji/nc_77725735/,不適合
SUUMO 土地 富士市,富士市,更地,土地カテゴリ（建物表記なし）,静岡県富士市平垣字六反田160ー13他,1890,165.7,37.7,3000,田,—,,不明,接道・区分情報なし、詳細/役場で要確認,,2026-07-12,,https://suumo.jp/tochi/shizuoka/sc_fuji/nc_79026355/,不適合
SUUMO 土地 富士市,富士市,更地,土地カテゴリ（建物表記なし）,静岡県富士市本市場字北古新田45-3,1980,177.2,36.9,3000,田,—,,不明,接道・区分情報なし、詳細/役場で要確認,,2026-07-12,,https://suumo.jp/tochi/shizuoka/sc_fuji/nc_79044393/,不適合
SUUMO 土地 富士市,富士市,更地,土地カテゴリ（建物表記なし）,静岡県富士市本市場221-1外,1059,104.9,33.4,3000,田,—,,不明,接道・区分情報なし、詳細/役場で要確認,,2026-07-12,,https://suumo.jp/tochi/shizuoka/sc_fuji/nc_75338728/,不適合
SUUMO 土地 富士市,富士市,更地,土地カテゴリ（建物表記なし）,静岡県富士市中島,1180,166.6,23.4,3000,—,—,,不明,接道・区分情報なし、詳細/役場で要確認,,2026-08-28,,https://suumo.jp/tochi/shizuoka/sc_fuji/nc_78433239/,不適合
SUUMO 土地 富士市,富士市,更地,土地カテゴリ（建物表記なし）,静岡県富士市伝法字中村3097番21 外,1187,153.9,25.5,3000,田,—,,不明,接道・区分情報なし、詳細/役場で要確認,,2026-07-12,,https://suumo.jp/tochi/shizuoka/sc_fuji/nc_79202078/,不適合
SUUMO 土地 富士市,富士市,更地,土地カテゴリ（建物表記なし）,静岡県富士市元町376番1他,,132.4,,3000,—,—,,不明,接道・区分情報なし、詳細/役場で要確認,,2026-07-12,,https://suumo.jp/tochi/shizuoka/sc_fuji/nc_20777022/,数値不明
SUUMO 土地 富士市,富士市,更地,土地カテゴリ（建物表記なし）,静岡県富士市宮下４６０番５,1208,152.3,26.2,3000,宅地,—,,不明,接道・区分情報なし、詳細/役場で要確認,,2026-07-12,,https://suumo.jp/tochi/shizuoka/sc_fuji/nc_79025313/,不適合
SUUMO 土地 富士市,富士市,更地,土地カテゴリ（建物表記なし）,静岡県富士市国久保１-２番,1430,172.4,27.4,3000,—,—,,不明,接道・区分情報なし、詳細/役場で要確認,,2026-07-12,,https://suumo.jp/tochi/shizuoka/sc_fuji/nc_20532766/,不適合
SUUMO 土地 富士市,富士市,更地,土地カテゴリ（建物表記なし）,静岡県富士市原田,338,243.0,4.6,3000,田,—,,不明,接道・区分情報なし、詳細/役場で要確認,,2026-07-12,,https://suumo.jp/tochi/shizuoka/sc_fuji/nc_78298141/,不適合
SUUMO 土地 富士市,富士市,更地,土地カテゴリ（建物表記なし）,静岡県富士市今泉,800,236.0,11.2,3000,田,—,,不明,接道・区分情報なし、詳細/役場で要確認,,2026-07-18,,https://suumo.jp/tochi/shizuoka/sc_fuji/nc_21313006/,不適合
SUUMO 土地 富士市,富士市,更地,土地カテゴリ（建物表記なし）,静岡県富士市今泉,800,236.0,11.2,3000,田,—,,不明,接道・区分情報なし、詳細/役場で要確認,,2026-07-12,,https://suumo.jp/tochi/shizuoka/sc_fuji/nc_70774746/,不適合
SUUMO 土地 富士市,富士市,更地,土地カテゴリ（建物表記なし）,静岡県富士市水戸島２,880,106.9,27.2,3000,—,—,,不明,接道・区分情報なし、詳細/役場で要確認,,2026-07-12,,https://suumo.jp/tochi/shizuoka/sc_fuji/nc_20675640/,不適合
SUUMO 土地 富士市,富士市,更地,土地カテゴリ（建物表記なし）,静岡県富士市今泉,980,171.4,18.9,3000,—,—,,不明,接道・区分情報なし、詳細/役場で要確認,,2026-07-12,,https://suumo.jp/tochi/shizuoka/sc_fuji/nc_77664144/,不適合
SUUMO 土地 富士市,富士市,更地,土地カテゴリ（建物表記なし）,静岡県富士市入山瀬２,1740,592.3,9.7,3000,—,—,,不明,接道・区分情報なし、詳細/役場で要確認,,2026-07-12,,https://suumo.jp/tochi/shizuoka/sc_fuji/nc_20130243/,不適合
SUUMO 土地 富士市,富士市,更地,土地カテゴリ（建物表記なし）,静岡県富士市横割２,2500,443.1,18.7,3000,—,—,,不明,接道・区分情報なし、詳細/役場で要確認,,2026-07-12,,https://suumo.jp/tochi/shizuoka/sc_fuji/nc_21261090/,不適合
SUUMO 土地 富士市,富士市,更地,土地カテゴリ（建物表記なし）,静岡県富士市本市場,2580,373.9,22.8,3000,—,—,,不明,接道・区分情報なし、詳細/役場で要確認,,2026-07-12,,https://suumo.jp/tochi/shizuoka/sc_fuji/nc_20814953/,不適合
SUUMO 土地 富士市,富士市,更地,土地カテゴリ（建物表記なし）,静岡県富士市横割４,9800,1131.2,28.6,3000,田,—,,不明,接道・区分情報なし、詳細/役場で要確認,,2026-07-12,,https://suumo.jp/tochi/shizuoka/sc_fuji/nc_77529295/,不適合
SUUMO 土地 富士市,富士市,更地,土地カテゴリ（建物表記なし）,静岡県富士市今泉,80,99.0,2.7,3000,—,—,,不明,接道・区分情報なし、詳細/役場で要確認,,2026-08-09,,https://suumo.jp/tochi/shizuoka/sc_fuji/nc_21463318/,不適合
SUUMO 土地 富士市,富士市,更地,土地カテゴリ（建物表記なし）,静岡県富士市鵜無ケ淵,110,159.9,2.3,3000,—,—,,不明,接道・区分情報なし、詳細/役場で要確認,,2026-08-21,,https://suumo.jp/tochi/shizuoka/sc_fuji/nc_21532943/,不適合
SUUMO 土地 富士市,富士市,更地,土地カテゴリ（建物表記なし）,静岡県富士市鈴川西町,130,207.0,2.1,3000,—,—,,不明,接道・区分情報なし、詳細/役場で要確認,,2026-07-12,,https://suumo.jp/tochi/shizuoka/sc_fuji/nc_78593109/,不適合
SUUMO 土地 富士市,富士市,更地,土地カテゴリ（建物表記なし）,静岡県富士市比奈,180,106.2,5.6,3000,—,—,,不明,接道・区分情報なし、詳細/役場で要確認,,2026-07-12,,https://suumo.jp/tochi/shizuoka/sc_fuji/nc_20440652/,不適合
SUUMO 土地 富士市,富士市,更地,土地カテゴリ（建物表記なし）,静岡県富士市今泉,200,166.0,4.0,3000,田,—,,不明,接道・区分情報なし、詳細/役場で要確認,,2026-07-12,,https://suumo.jp/tochi/shizuoka/sc_fuji/nc_77683068/,不適合
SUUMO 土地 富士市,富士市,更地,土地カテゴリ（建物表記なし）,静岡県富士市増川,250,531.0,1.6,3000,田,—,,不明,接道・区分情報なし、詳細/役場で要確認,,2026-07-30,,https://suumo.jp/tochi/shizuoka/sc_fuji/nc_21274189/,不適合
SUUMO 土地 富士市,富士市,更地,土地カテゴリ（建物表記なし）,静岡県富士市今泉９-1517-3,300,109.1,9.1,3000,—,—,,不明,接道・区分情報なし、詳細/役場で要確認,,2026-07-12,,https://suumo.jp/tochi/shizuoka/sc_fuji/nc_77862514/,不適合
SUUMO 土地 富士市,富士市,更地,土地カテゴリ（建物表記なし）,静岡県富士市鵜無ケ淵,300,129.0,7.7,3000,—,—,,不明,接道・区分情報なし、詳細/役場で要確認,,2026-08-01,,https://suumo.jp/tochi/shizuoka/sc_fuji/nc_21413691/,不適合
SUUMO 土地 富士市,富士市,更地,土地カテゴリ（建物表記なし）,静岡県富士市入山瀬４,300,257.9,3.8,3000,—,—,,不明,接道・区分情報なし、詳細/役場で要確認,,2026-08-29,,https://suumo.jp/tochi/shizuoka/sc_fuji/nc_21583562/,不適合
SUUMO 土地 富士市,富士市,更地,土地カテゴリ（建物表記なし）,静岡県富士市中之郷,350,128.5,9.0,3000,—,—,,不明,接道・区分情報なし、詳細/役場で要確認,,2026-07-12,,https://suumo.jp/tochi/shizuoka/sc_fuji/nc_21064201/,不適合
SUUMO 土地 富士市,富士市,更地,土地カテゴリ（建物表記なし）,静岡県富士市桑崎299-6,380,186.0,6.8,3000,—,—,,不明,接道・区分情報なし、詳細/役場で要確認,,2026-07-27,,https://suumo.jp/tochi/shizuoka/sc_fuji/nc_94699215/,不適合
SUUMO 土地 富士市,富士市,更地,土地カテゴリ（建物表記なし）,静岡県富士市大淵,390,356.9,3.6,3000,—,—,,不明,接道・区分情報なし、詳細/役場で要確認,,2026-07-12,,https://suumo.jp/tochi/shizuoka/sc_fuji/nc_20223608/,不適合
SUUMO 土地 富士市,富士市,更地,土地カテゴリ（建物表記なし）,静岡県富士市中之郷,400,101.8,13.0,3000,—,—,,不明,接道・区分情報なし、詳細/役場で要確認,,2026-08-21,,https://suumo.jp/tochi/shizuoka/sc_fuji/nc_21532939/,不適合
SUUMO 土地 富士市,富士市,更地,土地カテゴリ（建物表記なし）,静岡県富士市木島,450,309.8,4.8,3000,—,—,,不明,接道・区分情報なし、詳細/役場で要確認,,2026-07-12,,https://suumo.jp/tochi/shizuoka/sc_fuji/nc_20867908/,不適合
SUUMO 土地 富士市,富士市,更地,土地カテゴリ（建物表記なし）,静岡県富士市伝法,468,106.1,14.6,3000,—,—,,不明,接道・区分情報なし、詳細/役場で要確認,,2026-08-21,,https://suumo.jp/tochi/shizuoka/sc_fuji/nc_74797775/,不適合
SUUMO 土地 富士市,富士市,更地,土地カテゴリ（建物表記なし）,静岡県富士市中野,490,188.1,8.6,3000,—,—,,不明,接道・区分情報なし、詳細/役場で要確認,,2026-07-12,,https://suumo.jp/tochi/shizuoka/sc_fuji/nc_77598479/,不適合
SUUMO 土地 富士市,富士市,更地,土地カテゴリ（建物表記なし）,静岡県富士市神谷,496,110.9,14.8,3000,—,—,,不明,接道・区分情報なし、詳細/役場で要確認,,2026-08-21,,https://suumo.jp/tochi/shizuoka/sc_fuji/nc_20241130/,不適合
SUUMO 土地 富士市,富士市,更地,土地カテゴリ（建物表記なし）,静岡県富士市富士岡,500,135.0,12.2,3000,—,—,,不明,接道・区分情報なし、詳細/役場で要確認,,2026-07-12,,https://suumo.jp/tochi/shizuoka/sc_fuji/nc_20508202/,不適合
SUUMO 土地 富士市,富士市,更地,土地カテゴリ（建物表記なし）,静岡県富士市中野,500,198.0,8.3,3000,—,—,,不明,接道・区分情報なし、詳細/役場で要確認,,2026-07-12,,https://suumo.jp/tochi/shizuoka/sc_fuji/nc_76108306/,不適合
SUUMO 土地 富士市,富士市,更地,土地カテゴリ（建物表記なし）,静岡県富士市富士岡,500,788.0,2.1,3000,—,—,,不明,接道・区分情報なし、詳細/役場で要確認,,2026-07-12,,https://suumo.jp/tochi/shizuoka/sc_fuji/nc_78121390/,不適合
SUUMO 土地 富士市,富士市,更地,土地カテゴリ（建物表記なし）,静岡県富士市浅間上町,600,113.9,17.4,3000,田,—,,不明,接道・区分情報なし、詳細/役場で要確認,,2026-07-12,,https://suumo.jp/tochi/shizuoka/sc_fuji/nc_20907852/,不適合
SUUMO 土地 富士市,富士市,更地,土地カテゴリ（建物表記なし）,静岡県富士市原田,600,185.1,10.7,3000,田,—,,不明,接道・区分情報なし、詳細/役場で要確認,,2026-07-12,,https://suumo.jp/tochi/shizuoka/sc_fuji/nc_79053967/,不適合
SUUMO 土地 富士市,富士市,更地,土地カテゴリ（建物表記なし）,静岡県富士市大淵,600,214.0,9.3,3000,—,—,,不明,接道・区分情報なし、詳細/役場で要確認,,2026-07-23,,https://suumo.jp/tochi/shizuoka/sc_fuji/nc_21346400/,不適合
SUUMO 土地 富士市,富士市,更地,土地カテゴリ（建物表記なし）,静岡県富士市さんどまき,600,187.0,10.6,3000,—,—,,不明,接道・区分情報なし、詳細/役場で要確認,,2026-07-21,,https://suumo.jp/tochi/shizuoka/sc_fuji/nc_21335184/,不適合
SUUMO 土地 富士市,富士市,古家付き土地,土地＋古家/上物の表記,静岡県富士市大淵,600,166.9,11.9,3000,—,—,,不明,接道・区分情報なし。建物ありだが現行法での再建築可否は役場で要確認,,2026-07-12,,https://suumo.jp/tochi/shizuoka/sc_fuji/nc_78514367/,不適合
SUUMO 土地 富士市,富士市,古家付き土地,土地＋古家/上物の表記,静岡県富士市水戸島２,638,105.9,19.9,3000,宅地,—,,不明,接道・区分情報なし。建物ありだが現行法での再建築可否は役場で要確認,,2026-07-12,,https://suumo.jp/tochi/shizuoka/sc_fuji/nc_75778181/,不適合
SUUMO 土地 富士市,富士市,更地,土地カテゴリ（建物表記なし）,静岡県富士市今泉2663-8,660,126.9,17.2,3000,—,—,,不明,接道・区分情報なし、詳細/役場で要確認,,2026-07-12,,https://suumo.jp/tochi/shizuoka/sc_fuji/nc_77219479/,不適合
SUUMO 土地 富士市,富士市,更地,土地カテゴリ（建物表記なし）,静岡県富士市東柏原新田135-3、135-4,720,472.0,5.0,3000,田,—,,不明,接道・区分情報なし、詳細/役場で要確認,,2026-07-12,,https://suumo.jp/tochi/shizuoka/sc_fuji/nc_20949309/,不適合
SUUMO 土地 富士市,富士市,更地,土地カテゴリ（建物表記なし）,静岡県富士市久沢,750,228.0,10.9,3000,—,—,,不明,接道・区分情報なし、詳細/役場で要確認,,2026-07-12,,https://suumo.jp/tochi/shizuoka/sc_fuji/nc_20069764/,不適合
SUUMO 土地 富士市,富士市,更地,土地カテゴリ（建物表記なし）,静岡県富士市今泉,800,181.5,14.6,3000,—,—,,不明,接道・区分情報なし、詳細/役場で要確認,,2026-08-03,,https://suumo.jp/tochi/shizuoka/sc_fuji/nc_21274962/,不適合
SUUMO 土地 富士市,富士市,更地,土地カテゴリ（建物表記なし）,静岡県富士市今泉,850,317.0,8.9,3000,田,—,,不明,接道・区分情報なし、詳細/役場で要確認,,2026-07-12,,https://suumo.jp/tochi/shizuoka/sc_fuji/nc_20826226/,不適合
SUUMO 土地 富士市,富士市,更地,土地カテゴリ（建物表記なし）,静岡県富士市神谷595-1,875,160.7,18.0,3000,—,—,,不明,接道・区分情報なし、詳細/役場で要確認,,2026-07-12,,https://suumo.jp/tochi/shizuoka/sc_fuji/nc_76242346/,不適合
SUUMO 土地 富士市,富士市,更地,土地カテゴリ（建物表記なし）,静岡県富士市久沢,880,132.2,22.0,3000,—,—,,不明,接道・区分情報なし、詳細/役場で要確認,,2026-08-28,,https://suumo.jp/tochi/shizuoka/sc_fuji/nc_21447602/,不適合
SUUMO 土地 富士市,富士市,更地,土地カテゴリ（建物表記なし）,静岡県富士市岩本,890,202.5,14.5,3000,—,—,,不明,接道・区分情報なし、詳細/役場で要確認,,2026-07-12,,https://suumo.jp/tochi/shizuoka/sc_fuji/nc_20452071/,不適合
SUUMO 土地 富士市,富士市,更地,土地カテゴリ（建物表記なし）,静岡県富士市中之郷,900,307.0,9.7,3000,—,—,,不明,接道・区分情報なし、詳細/役場で要確認,,2026-08-21,,https://suumo.jp/tochi/shizuoka/sc_fuji/nc_21129233/,不適合
SUUMO 土地 富士市,富士市,更地,土地カテゴリ（建物表記なし）,静岡県富士市今泉,930,186.2,16.5,3000,田,—,,不明,接道・区分情報なし、詳細/役場で要確認,,2026-07-18,,https://suumo.jp/tochi/shizuoka/sc_fuji/nc_20765333/,不適合
SUUMO 土地 富士市,富士市,更地,土地カテゴリ（建物表記なし）,静岡県富士市国久保１,950,173.1,18.1,3000,—,—,,不明,接道・区分情報なし、詳細/役場で要確認,,2026-08-21,,https://suumo.jp/tochi/shizuoka/sc_fuji/nc_21512327/,不適合
SUUMO 土地 富士市,富士市,古家付き土地,土地＋古家/上物の表記,静岡県富士市三ツ沢,980,180.1,18.0,3000,田,—,,不明,接道・区分情報なし。建物ありだが現行法での再建築可否は役場で要確認,,2026-08-28,,https://suumo.jp/tochi/shizuoka/sc_fuji/nc_76483794/,不適合
SUUMO 土地 富士市,富士市,更地,土地カテゴリ（建物表記なし）,静岡県富士市三ツ沢,980,184.9,17.5,3000,田,—,,不明,接道・区分情報なし、詳細/役場で要確認,,2026-08-21,,https://suumo.jp/tochi/shizuoka/sc_fuji/nc_21127143/,不適合
SUUMO 土地 富士市,富士市,更地,土地カテゴリ（建物表記なし）,静岡県富士市森島,980,170.7,19.0,3000,—,—,,不明,接道・区分情報なし、詳細/役場で要確認,,2026-07-12,,https://suumo.jp/tochi/shizuoka/sc_fuji/nc_20368129/,不適合
SUUMO 土地 富士市,富士市,更地,土地カテゴリ（建物表記なし）,静岡県富士市三ツ沢659-4　外,980,184.9,17.5,3000,畑,—,,不明,接道・区分情報なし、詳細/役場で要確認,,2026-07-12,,https://suumo.jp/tochi/shizuoka/sc_fuji/nc_20900793/,不適合
SUUMO 土地 富士市,富士市,更地,土地カテゴリ（建物表記なし）,静岡県富士市比奈1007-1,980,168.2,19.3,3000,—,—,,不明,接道・区分情報なし、詳細/役場で要確認,,2026-08-09,,https://suumo.jp/tochi/shizuoka/sc_fuji/nc_21452312/,不適合
SUUMO 土地 富士市,富士市,更地,土地カテゴリ（建物表記なし）,静岡県富士市天間,985,324.0,10.0,3000,田,—,,不明,接道・区分情報なし、詳細/役場で要確認,,2026-07-12,,https://suumo.jp/tochi/shizuoka/sc_fuji/nc_75378861/,不適合
SUUMO 土地 富士市,富士市,更地,土地カテゴリ（建物表記なし）,静岡県富士市中里,1000,212.1,15.6,3000,—,—,,不明,接道・区分情報なし、詳細/役場で要確認,,2026-07-12,,https://suumo.jp/tochi/shizuoka/sc_fuji/nc_21218669/,不適合
SUUMO 土地 富士市,富士市,更地,土地カテゴリ（建物表記なし）,静岡県富士市伝法,1000,165.0,20.0,3000,—,—,,不明,接道・区分情報なし、詳細/役場で要確認,,2026-07-12,,https://suumo.jp/tochi/shizuoka/sc_fuji/nc_76461227/,不適合
SUUMO 土地 富士市,富士市,更地,土地カテゴリ（建物表記なし）,静岡県富士市中之郷181-1,1034,190.0,18.0,3000,—,—,,不明,接道・区分情報なし、詳細/役場で要確認,,2026-07-12,,https://suumo.jp/tochi/shizuoka/sc_fuji/nc_20178329/,不適合
SUUMO 土地 富士市,富士市,更地,土地カテゴリ（建物表記なし）,静岡県富士市松岡,1080,199.8,17.9,3000,田,—,,不明,接道・区分情報なし、詳細/役場で要確認,,2026-08-25,,https://suumo.jp/tochi/shizuoka/sc_fuji/nc_21544450/,不適合
SUUMO 土地 富士市,富士市,更地,土地カテゴリ（建物表記なし）,静岡県富士市今泉１,1080,132.2,27.0,3000,—,—,幅員5.9m,不明,接道・区分情報なし、詳細/役場で要確認,,2026-07-12,,https://suumo.jp/tochi/shizuoka/sc_fuji/nc_21252082/,不適合
SUUMO 土地 富士市,富士市,更地,土地カテゴリ（建物表記なし）,静岡県富士市宮下字一ノ堤下 外,1080,177.6,20.1,3000,—,—,,不明,接道・区分情報なし、詳細/役場で要確認,,2026-07-12,,https://suumo.jp/tochi/shizuoka/sc_fuji/nc_78451814/,不適合
SUUMO 土地 富士市,富士市,更地,土地カテゴリ（建物表記なし）,静岡県富士市伝法,1100,186.4,19.5,3000,—,—,,不明,接道・区分情報なし、詳細/役場で要確認,,2026-07-12,,https://suumo.jp/tochi/shizuoka/sc_fuji/nc_20778071/,不適合
SUUMO 土地 富士市,富士市,更地,土地カテゴリ（建物表記なし）,静岡県富士市富士見台５-3-1,1100,230.9,15.7,3000,田,—,,不明,接道・区分情報なし、詳細/役場で要確認,,2026-08-29,,https://suumo.jp/tochi/shizuoka/sc_fuji/nc_21583256/,不適合
SUUMO 土地 富士市,富士市,更地,土地カテゴリ（建物表記なし）,静岡県富士市富士見台５-2-90,1120,173.3,21.4,3000,田,—,,不明,接道・区分情報なし、詳細/役場で要確認,,2026-08-02,,https://suumo.jp/tochi/shizuoka/sc_fuji/nc_93911241/,不適合
SUUMO 土地 富士市,富士市,更地,土地カテゴリ（建物表記なし）,静岡県富士市一色74-5,1120,203.2,18.2,3000,田,—,,不明,接道・区分情報なし、詳細/役場で要確認,,2026-08-02,,https://suumo.jp/tochi/shizuoka/sc_fuji/nc_90125671/,不適合
SUUMO 土地 富士市,富士市,更地,土地カテゴリ（建物表記なし）,静岡県富士市比奈1007-1,1130,175.7,21.3,3000,—,—,,不明,接道・区分情報なし、詳細/役場で要確認,,2026-08-09,,https://suumo.jp/tochi/shizuoka/sc_fuji/nc_21452613/,不適合
SUUMO 土地 富士市,富士市,更地,土地カテゴリ（建物表記なし）,静岡県富士市今泉,1140,214.6,17.6,3000,田,—,,不明,接道・区分情報なし、詳細/役場で要確認,,2026-07-12,,https://suumo.jp/tochi/shizuoka/sc_fuji/nc_78959177/,不適合
SUUMO 土地 富士市,富士市,更地,土地カテゴリ（建物表記なし）,静岡県富士市今泉,1140,171.3,22.0,3000,—,—,,不明,接道・区分情報なし、詳細/役場で要確認,,2026-08-22,,https://suumo.jp/tochi/shizuoka/sc_fuji/nc_21538866/,不適合
SUUMO 土地 富士市,富士市,更地,土地カテゴリ（建物表記なし）,静岡県富士市本市場221-1外,1146,114.7,33.0,3000,—,—,,不明,接道・区分情報なし、詳細/役場で要確認,,2026-07-12,,https://suumo.jp/tochi/shizuoka/sc_fuji/nc_76685204/,不適合
SUUMO 土地 富士市,富士市,更地,土地カテゴリ（建物表記なし）,静岡県富士市今泉２-232番１　他,1172,167.0,23.2,3000,—,—,,不明,接道・区分情報なし、詳細/役場で要確認,,2026-08-09,,https://suumo.jp/tochi/shizuoka/sc_fuji/nc_79025312/,不適合
SUUMO 土地 富士市,富士市,更地,土地カテゴリ（建物表記なし）,静岡県富士市松岡,1190,160.0,24.6,3000,—,—,,不明,接道・区分情報なし、詳細/役場で要確認,,2026-07-12,,https://suumo.jp/tochi/shizuoka/sc_fuji/nc_20556703/,不適合
SUUMO 土地 富士市,富士市,更地,土地カテゴリ（建物表記なし）,静岡県富士市柚木字穴掘3-1 外,1198,172.1,23.0,3000,—,—,,不明,接道・区分情報なし、詳細/役場で要確認,,2026-07-12,,https://suumo.jp/tochi/shizuoka/sc_fuji/nc_78451350/,不適合
SUUMO 土地 富士市,富士市,更地,土地カテゴリ（建物表記なし）,静岡県富士市久沢,1200,347.9,11.4,3000,田,—,,不明,接道・区分情報なし、詳細/役場で要確認,,2026-07-12,,https://suumo.jp/tochi/shizuoka/sc_fuji/nc_78624294/,不適合
SUUMO 土地 富士市,富士市,更地,土地カテゴリ（建物表記なし）,静岡県富士市東柏原新田,1200,462.0,8.6,3000,田,—,接道、二方向が接道しているで,不明,接道・区分情報なし、詳細/役場で要確認,,2026-07-12,,https://suumo.jp/tochi/shizuoka/sc_fuji/nc_79178912/,不適合
SUUMO 土地 富士市,富士市,更地,土地カテゴリ（建物表記なし）,静岡県富士市今泉,1200,198.0,20.0,3000,—,—,,不明,接道・区分情報なし、詳細/役場で要確認,,2026-07-12,,https://suumo.jp/tochi/shizuoka/sc_fuji/nc_20508200/,不適合
SUUMO 土地 富士市,富士市,更地,土地カテゴリ（建物表記なし）,静岡県富士市中之郷,1200,257.0,15.4,3000,—,—,,不明,接道・区分情報なし、詳細/役場で要確認,,2026-07-12,,https://suumo.jp/tochi/shizuoka/sc_fuji/nc_20767559/,不適合
SUUMO 土地 富士市,富士市,更地,土地カテゴリ（建物表記なし）,静岡県富士市石坂,1200,188.8,21.0,3000,田,—,,不明,接道・区分情報なし、詳細/役場で要確認,,2026-07-12,,https://suumo.jp/tochi/shizuoka/sc_fuji/nc_78236731/,不適合
SUUMO 土地 富士市,富士市,更地,土地カテゴリ（建物表記なし）,静岡県富士市厚原1394-10,1210,174.6,22.9,3000,—,—,,不明,接道・区分情報なし、詳細/役場で要確認,,2026-08-21,,https://suumo.jp/tochi/shizuoka/sc_fuji/nc_20887656/,不適合
SUUMO 土地 富士市,富士市,更地,土地カテゴリ（建物表記なし）,静岡県富士市松岡381-1,1240,178.2,23.0,3000,—,—,,不明,接道・区分情報なし、詳細/役場で要確認,,2026-07-27,,https://suumo.jp/tochi/shizuoka/sc_fuji/nc_78100655/,不適合
SUUMO 土地 富士市,富士市,更地,土地カテゴリ（建物表記なし）,静岡県富士市松岡381-6,1240,178.2,23.0,3000,—,—,,不明,接道・区分情報なし、詳細/役場で要確認,,2026-08-28,,https://suumo.jp/tochi/shizuoka/sc_fuji/nc_77108605/,不適合
SUUMO 土地 富士市,富士市,更地,土地カテゴリ（建物表記なし）,静岡県富士市中丸,1280,223.7,18.9,3000,田,—,,不明,接道・区分情報なし、詳細/役場で要確認,,2026-07-12,,https://suumo.jp/tochi/shizuoka/sc_fuji/nc_78914959/,不適合
SUUMO 土地 富士市,富士市,更地,土地カテゴリ（建物表記なし）,静岡県富士市厚原,1280,241.7,17.5,3000,田,—,,不明,接道・区分情報なし、詳細/役場で要確認,,2026-07-12,,https://suumo.jp/tochi/shizuoka/sc_fuji/nc_20213563/,不適合
SUUMO 土地 富士市,富士市,更地,土地カテゴリ（建物表記なし）,静岡県富士市吉原４,1285,168.5,25.2,3000,—,—,,不明,接道・区分情報なし、詳細/役場で要確認,,2026-07-12,,https://suumo.jp/tochi/shizuoka/sc_fuji/nc_20407304/,不適合
SUUMO 土地 富士市,富士市,更地,土地カテゴリ（建物表記なし）,静岡県富士市厚原字大石2291-7の内,1290,217.2,19.6,3000,—,—,,不明,接道・区分情報なし、詳細/役場で要確認,,2026-08-15,,https://suumo.jp/tochi/shizuoka/sc_fuji/nc_21475731/,不適合
SUUMO 土地 富士市,富士市,更地,土地カテゴリ（建物表記なし）,静岡県富士市南松野2693-2,1298,274.1,15.7,3000,—,—,,不明,接道・区分情報なし、詳細/役場で要確認,,2026-07-12,,https://suumo.jp/tochi/shizuoka/sc_fuji/nc_79221838/,不適合
SUUMO 土地 富士市,富士市,更地,土地カテゴリ（建物表記なし）,静岡県富士市天間,1380,507.3,9.0,3000,—,—,,不明,接道・区分情報なし、詳細/役場で要確認,,2026-07-12,,https://suumo.jp/tochi/shizuoka/sc_fuji/nc_77056740/,不適合
SUUMO 土地 富士市,富士市,更地,土地カテゴリ（建物表記なし）,静岡県富士市松岡,1390,200.0,23.0,3000,—,—,,不明,接道・区分情報なし、詳細/役場で要確認,,2026-08-15,,https://suumo.jp/tochi/shizuoka/sc_fuji/nc_20842554/,不適合
SUUMO 土地 富士市,富士市,更地,土地カテゴリ（建物表記なし）,静岡県富士市川成島,1398,165.5,27.9,3000,—,—,,不明,接道・区分情報なし、詳細/役場で要確認,,2026-07-12,,https://suumo.jp/tochi/shizuoka/sc_fuji/nc_20859263/,不適合
SUUMO 土地 富士市,富士市,更地,土地カテゴリ（建物表記なし）,静岡県富士市厚原,1400,369.0,12.5,3000,田,—,,不明,接道・区分情報なし、詳細/役場で要確認,,2026-07-12,,https://suumo.jp/tochi/shizuoka/sc_fuji/nc_21208610/,不適合
SUUMO 土地 富士市,富士市,更地,土地カテゴリ（建物表記なし）,静岡県富士市松本字砂田47番15他,1400,181.6,25.5,3000,田,—,,不明,接道・区分情報なし、詳細/役場で要確認,,2026-07-12,,https://suumo.jp/tochi/shizuoka/sc_fuji/nc_77427786/,不適合
SUUMO 土地 富士市,富士市,更地,土地カテゴリ（建物表記なし）,静岡県富士市今泉,1400,253.3,18.3,3000,—,—,,不明,接道・区分情報なし、詳細/役場で要確認,,2026-07-12,,https://suumo.jp/tochi/shizuoka/sc_fuji/nc_20869443/,不適合
SUUMO 土地 富士市,富士市,更地,土地カテゴリ（建物表記なし）,静岡県富士市厚原,1430,200.9,23.5,3000,—,—,,不明,接道・区分情報なし、詳細/役場で要確認,,2026-07-12,,https://suumo.jp/tochi/shizuoka/sc_fuji/nc_21236947/,不適合
SUUMO 土地 富士市,富士市,更地,土地カテゴリ（建物表記なし）,静岡県富士市広見西本町579番,1443,166.3,28.7,3000,—,—,,不明,接道・区分情報なし、詳細/役場で要確認,,2026-07-26,,https://suumo.jp/tochi/shizuoka/sc_fuji/nc_78077483/,不適合
SUUMO 土地 富士市,富士市,更地,土地カテゴリ（建物表記なし）,静岡県富士市江尾,1450,381.2,12.6,3000,田,—,,不明,接道・区分情報なし、詳細/役場で要確認,,2026-07-12,,https://suumo.jp/tochi/shizuoka/sc_fuji/nc_79138853/,不適合
SUUMO 土地 富士市,富士市,更地,土地カテゴリ（建物表記なし）,静岡県富士市横割４,1480,162.0,30.2,3000,—,—,,不明,接道・区分情報なし、詳細/役場で要確認,,2026-07-12,,https://suumo.jp/tochi/shizuoka/sc_fuji/nc_77065565/,不適合
SUUMO 土地 富士市,富士市,更地,土地カテゴリ（建物表記なし）,静岡県富士市南町,1480,187.4,26.1,3000,—,—,,不明,接道・区分情報なし、詳細/役場で要確認,,2026-07-27,,https://suumo.jp/tochi/shizuoka/sc_fuji/nc_21378800/,不適合
SUUMO 土地 富士市,富士市,更地,土地カテゴリ（建物表記なし）,静岡県富士市松岡1327-5,1480,219.5,22.3,3000,—,—,,不明,接道・区分情報なし、詳細/役場で要確認,,2026-07-16,,https://suumo.jp/tochi/shizuoka/sc_fuji/nc_20915048/,不適合
SUUMO 土地 富士市,富士市,更地,土地カテゴリ（建物表記なし）,静岡県富士市広見西本町579-188,1500,176.0,28.2,3000,—,—,,不明,接道・区分情報なし、詳細/役場で要確認,,2026-08-15,,https://suumo.jp/tochi/shizuoka/sc_fuji/nc_21483475/,不適合
SUUMO 土地 富士市,富士市,更地,土地カテゴリ（建物表記なし）,静岡県富士市松岡,1500,148.0,33.5,3000,—,—,,不明,接道・区分情報なし、詳細/役場で要確認,,2026-07-12,,https://suumo.jp/tochi/shizuoka/sc_fuji/nc_20122649/,不適合
SUUMO 土地 富士市,富士市,更地,土地カテゴリ（建物表記なし）,静岡県富士市中柏原新田,1530,670.4,7.5,3000,宅地,—,,不明,接道・区分情報なし、詳細/役場で要確認,,2026-07-27,,https://suumo.jp/tochi/shizuoka/sc_fuji/nc_20399080/,不適合
SUUMO 土地 富士市,富士市,更地,土地カテゴリ（建物表記なし）,静岡県富士市大淵201-1,1588,210.0,25.0,3000,—,—,,不明,接道・区分情報なし、詳細/役場で要確認,,2026-07-12,,https://suumo.jp/tochi/shizuoka/sc_fuji/nc_20546741/,不適合
SUUMO 土地 富士市,富士市,更地,土地カテゴリ（建物表記なし）,静岡県富士市大淵201,1588,210.0,25.0,3000,—,—,,不明,接道・区分情報なし、詳細/役場で要確認,,2026-07-12,,https://suumo.jp/tochi/shizuoka/sc_fuji/nc_20617373/,不適合
SUUMO 土地 富士市,富士市,更地,土地カテゴリ（建物表記なし）,静岡県富士市中島字北村35番13他,1590,165.3,31.8,3000,—,—,,不明,接道・区分情報なし、詳細/役場で要確認,,2026-07-12,,https://suumo.jp/tochi/shizuoka/sc_fuji/nc_21147391/,不適合
SUUMO 土地 富士市,富士市,更地,土地カテゴリ（建物表記なし）,静岡県富士市横割４,1600,134.5,39.3,3000,—,—,,不明,接道・区分情報なし、詳細/役場で要確認,,2026-07-12,,https://suumo.jp/tochi/shizuoka/sc_fuji/nc_20330559/,不適合
SUUMO 土地 富士市,富士市,更地,土地カテゴリ（建物表記なし）,静岡県富士市伝法759-1,1630,225.3,23.9,3000,田,—,,不明,接道・区分情報なし、詳細/役場で要確認,,2026-07-12,,https://suumo.jp/tochi/shizuoka/sc_fuji/nc_20512140/,不適合
SUUMO 土地 富士市,富士市,古家付き土地,土地＋古家/上物の表記,静岡県富士市松岡33-8,1680,330.6,16.8,3000,—,—,,不明,接道・区分情報なし。建物ありだが現行法での再建築可否は役場で要確認,,2026-07-12,,https://suumo.jp/tochi/shizuoka/sc_fuji/nc_20671630/,不適合
SUUMO 土地 富士市,富士市,更地,土地カテゴリ（建物表記なし）,静岡県富士市天間,1700,635.5,8.8,3000,—,—,,不明,接道・区分情報なし、詳細/役場で要確認,,2026-08-21,,https://suumo.jp/tochi/shizuoka/sc_fuji/nc_79122289/,不適合
SUUMO 土地 富士市,富士市,更地,土地カテゴリ（建物表記なし）,静岡県富士市今泉,1700,292.0,19.2,3000,—,—,,不明,接道・区分情報なし、詳細/役場で要確認,,2026-07-12,,https://suumo.jp/tochi/shizuoka/sc_fuji/nc_76634299/,不適合
SUUMO 土地 富士市,富士市,更地,土地カテゴリ（建物表記なし）,静岡県富士市平垣字天神河原152番3他,1700,150.0,37.5,3000,—,—,,不明,接道・区分情報なし、詳細/役場で要確認,,2026-07-12,,https://suumo.jp/tochi/shizuoka/sc_fuji/nc_78465292/,不適合
SUUMO 土地 富士市,富士市,更地,土地カテゴリ（建物表記なし）,静岡県富士市吉原４,1700,242.0,23.2,3000,—,—,,不明,接道・区分情報なし、詳細/役場で要確認,,2026-08-09,,https://suumo.jp/tochi/shizuoka/sc_fuji/nc_21458679/,不適合
SUUMO 土地 富士市,富士市,更地,土地カテゴリ（建物表記なし）,静岡県富士市天間1481-5、1481-8、1481-6、1481-12,1700,679.5,8.3,3000,—,—,,不明,接道・区分情報なし、詳細/役場で要確認,,2026-07-12,,https://suumo.jp/tochi/shizuoka/sc_fuji/nc_76732221/,不適合
SUUMO 土地 富士市,富士市,更地,土地カテゴリ（建物表記なし）,静岡県富士市天間1481-5、1481-8、1481-6、1481-12,1700,679.5,8.3,3000,—,—,,不明,接道・区分情報なし、詳細/役場で要確認,,2026-07-12,,https://suumo.jp/tochi/shizuoka/sc_fuji/nc_76732156/,不適合
SUUMO 土地 富士市,富士市,更地,土地カテゴリ（建物表記なし）,静岡県富士市大淵,1750,1123.5,5.1,3000,—,—,,不明,接道・区分情報なし、詳細/役場で要確認,,2026-07-12,,https://suumo.jp/tochi/shizuoka/sc_fuji/nc_71060427/,適合
SUUMO 土地 富士市,富士市,更地,土地カテゴリ（建物表記なし）,静岡県富士市川成島,1780,223.6,26.3,3000,—,—,,不明,接道・区分情報なし、詳細/役場で要確認,,2026-07-12,,https://suumo.jp/tochi/shizuoka/sc_fuji/nc_20745873/,不適合
SUUMO 土地 富士市,富士市,更地,土地カテゴリ（建物表記なし）,静岡県富士市津田,1800,199.6,29.8,3000,田,—,,不明,接道・区分情報なし、詳細/役場で要確認,,2026-07-12,,https://suumo.jp/tochi/shizuoka/sc_fuji/nc_21237142/,不適合
SUUMO 土地 富士市,富士市,更地,土地カテゴリ（建物表記なし）,静岡県富士市今泉3399-6,1800,278.8,21.3,3000,—,—,,不明,接道・区分情報なし、詳細/役場で要確認,,2026-08-21,,https://suumo.jp/tochi/shizuoka/sc_fuji/nc_21517825/,不適合
SUUMO 土地 富士市,富士市,更地,土地カテゴリ（建物表記なし）,静岡県富士市八幡町84-8,1890,216.3,28.9,3000,—,—,,不明,接道・区分情報なし、詳細/役場で要確認,,2026-08-09,,https://suumo.jp/tochi/shizuoka/sc_fuji/nc_21452090/,不適合
SUUMO 土地 富士市,富士市,更地,土地カテゴリ（建物表記なし）,静岡県富士市中柏原新田,1900,493.2,12.7,3000,田,—,,不明,接道・区分情報なし、詳細/役場で要確認,,2026-07-12,,https://suumo.jp/tochi/shizuoka/sc_fuji/nc_73765297/,不適合
SUUMO 土地 富士市,富士市,更地,土地カテゴリ（建物表記なし）,静岡県富士市中島,1915,179.0,35.4,3000,—,—,,不明,接道・区分情報なし、詳細/役場で要確認,,2026-07-12,,https://suumo.jp/tochi/shizuoka/sc_fuji/nc_78705557/,不適合
SUUMO 土地 富士市,富士市,更地,土地カテゴリ（建物表記なし）,静岡県富士市今泉,1950,318.8,20.2,3000,—,—,,不明,接道・区分情報なし、詳細/役場で要確認,,2026-07-12,,https://suumo.jp/tochi/shizuoka/sc_fuji/nc_20400491/,不適合
SUUMO 土地 富士市,富士市,更地,土地カテゴリ（建物表記なし）,静岡県富士市今泉,1950,318.8,20.2,3000,田,—,,不明,接道・区分情報なし、詳細/役場で要確認,,2026-07-12,,https://suumo.jp/tochi/shizuoka/sc_fuji/nc_77775191/,不適合
SUUMO 土地 富士市,富士市,更地,土地カテゴリ（建物表記なし）,静岡県富士市大野新田,1980,571.0,11.5,3000,田,—,,不明,接道・区分情報なし、詳細/役場で要確認,,2026-07-12,,https://suumo.jp/tochi/shizuoka/sc_fuji/nc_97810106/,不適合
SUUMO 土地 富士市,富士市,更地,土地カテゴリ（建物表記なし）,静岡県富士市川成島,1990,235.5,27.9,3000,—,—,,不明,接道・区分情報なし、詳細/役場で要確認,,2026-07-12,,https://suumo.jp/tochi/shizuoka/sc_fuji/nc_20026978/,不適合
SUUMO 土地 富士市,富士市,更地,土地カテゴリ（建物表記なし）,静岡県富士市吉原１,2100,277.4,25.0,3000,—,—,,不明,接道・区分情報なし、詳細/役場で要確認,,2026-07-12,,https://suumo.jp/tochi/shizuoka/sc_fuji/nc_75541914/,不適合
SUUMO 土地 富士市,富士市,更地,土地カテゴリ（建物表記なし）,静岡県富士市横割５-196番19、-17,2124,234.1,30.0,3000,—,—,,不明,接道・区分情報なし、詳細/役場で要確認,,2026-07-12,,https://suumo.jp/tochi/shizuoka/sc_fuji/nc_20113498/,不適合
SUUMO 土地 富士市,富士市,更地,土地カテゴリ（建物表記なし）,静岡県富士市横割５,2124,234.1,30.0,3000,—,—,,不明,接道・区分情報なし、詳細/役場で要確認,,2026-07-12,,https://suumo.jp/tochi/shizuoka/sc_fuji/nc_20802540/,不適合
SUUMO 土地 富士市,富士市,更地,土地カテゴリ（建物表記なし）,静岡県富士市吉原１,2180,290.1,24.8,3000,—,—,,不明,接道・区分情報なし、詳細/役場で要確認,,2026-07-30,,https://suumo.jp/tochi/shizuoka/sc_fuji/nc_20069996/,不適合
SUUMO 土地 富士市,富士市,更地,土地カテゴリ（建物表記なし）,静岡県富士市天間,2200,730.4,10.0,3000,—,—,,不明,接道・区分情報なし、詳細/役場で要確認,,2026-08-21,,https://suumo.jp/tochi/shizuoka/sc_fuji/nc_79053960/,不適合
SUUMO 土地 富士市,富士市,更地,土地カテゴリ（建物表記なし）,静岡県富士市御幸町11-34,2350,198.4,39.2,3000,—,—,,不明,接道・区分情報なし、詳細/役場で要確認,,2026-07-12,,https://suumo.jp/tochi/shizuoka/sc_fuji/nc_78807165/,不適合
SUUMO 土地 富士市,富士市,更地,土地カテゴリ（建物表記なし）,静岡県富士市三ツ沢字片曽228-32他,2390,398.3,19.8,3000,田,—,,不明,接道・区分情報なし、詳細/役場で要確認,,2026-07-12,,https://suumo.jp/tochi/shizuoka/sc_fuji/nc_20474480/,不適合
SUUMO 土地 富士市,富士市,更地,土地カテゴリ（建物表記なし）,静岡県富士市横割４,2390,243.8,32.4,3000,—,—,,不明,接道・区分情報なし、詳細/役場で要確認,,2026-07-12,,https://suumo.jp/tochi/shizuoka/sc_fuji/nc_20935309/,不適合
SUUMO 土地 富士市,富士市,更地,土地カテゴリ（建物表記なし）,静岡県富士市中央町１,2410,199.2,40.0,3000,—,—,,不明,接道・区分情報なし、詳細/役場で要確認,,2026-07-12,,https://suumo.jp/tochi/shizuoka/sc_fuji/nc_77356435/,不適合
SUUMO 土地 富士市,富士市,更地,土地カテゴリ（建物表記なし）,静岡県富士市本町15-29,2580,235.8,36.2,3000,—,—,,不明,接道・区分情報なし、詳細/役場で要確認,,2026-08-02,,https://suumo.jp/tochi/shizuoka/sc_fuji/nc_21229832/,不適合
SUUMO 土地 富士市,富士市,更地,土地カテゴリ（建物表記なし）,静岡県富士市神谷571-1,2800,807.4,11.5,3000,—,—,,不明,接道・区分情報なし、詳細/役場で要確認,,2026-07-12,,https://suumo.jp/tochi/shizuoka/sc_fuji/nc_75584551/,不適合
SUUMO 土地 富士市,富士市,更地,土地カテゴリ（建物表記なし）,静岡県富士市今泉８,2990,664.5,14.9,3000,—,—,,不明,接道・区分情報なし、詳細/役場で要確認,,2026-07-12,,https://suumo.jp/tochi/shizuoka/sc_fuji/nc_20814730/,不適合
SUUMO 土地 富士市,富士市,更地,土地カテゴリ（建物表記なし）,静岡県富士市吉原４,3000,214.5,46.2,3000,—,—,,不明,接道・区分情報なし、詳細/役場で要確認,,2026-07-12,,https://suumo.jp/tochi/shizuoka/sc_fuji/nc_76353923/,不適合
SUUMO 土地 富士市,富士市,更地,土地カテゴリ（建物表記なし）,静岡県富士市大淵,3100,3621.7,2.8,3000,—,—,,不明,接道・区分情報なし、詳細/役場で要確認,,2026-08-28,,https://suumo.jp/tochi/shizuoka/sc_fuji/nc_20899607/,不適合
SUUMO 土地 富士市,富士市,更地,土地カテゴリ（建物表記なし）,静岡県富士市今泉,3300,612.0,17.8,3000,田,—,,不明,接道・区分情報なし、詳細/役場で要確認,,2026-07-12,,https://suumo.jp/tochi/shizuoka/sc_fuji/nc_20978881/,不適合
SUUMO 土地 富士市,富士市,更地,土地カテゴリ（建物表記なし）,静岡県富士市下横割,3300,363.2,30.0,3000,—,—,,不明,接道・区分情報なし、詳細/役場で要確認,,2026-07-12,,https://suumo.jp/tochi/shizuoka/sc_fuji/nc_20364624/,不適合
SUUMO 土地 富士市,富士市,更地,土地カテゴリ（建物表記なし）,静岡県富士市石坂,3340,554.6,19.9,3000,—,—,,不明,接道・区分情報なし、詳細/役場で要確認,,2026-07-12,,https://suumo.jp/tochi/shizuoka/sc_fuji/nc_21103481/,不適合
SUUMO 土地 富士市,富士市,更地,土地カテゴリ（建物表記なし）,静岡県富士市青葉町,3850,231.5,55.0,3000,—,—,,不明,接道・区分情報なし、詳細/役場で要確認,,2026-07-12,,https://suumo.jp/tochi/shizuoka/sc_fuji/nc_78665845/,不適合
SUUMO 土地 富士市,富士市,更地,土地カテゴリ（建物表記なし）,静岡県富士市青葉町,3890,214.7,59.9,3000,田,—,,不明,接道・区分情報なし、詳細/役場で要確認,,2026-07-12,,https://suumo.jp/tochi/shizuoka/sc_fuji/nc_21030844/,不適合
SUUMO 土地 富士市,富士市,更地,土地カテゴリ（建物表記なし）,静岡県富士市青葉町507,3890,214.6,59.9,3000,田,—,,不明,接道・区分情報なし、詳細/役場で要確認,,2026-07-12,,https://suumo.jp/tochi/shizuoka/sc_fuji/nc_78286380/,不適合
SUUMO 土地 富士市,富士市,更地,土地カテゴリ（建物表記なし）,静岡県富士市今泉８,3900,727.3,17.7,3000,—,—,,不明,接道・区分情報なし、詳細/役場で要確認,,2026-07-12,,https://suumo.jp/tochi/shizuoka/sc_fuji/nc_20682560/,不適合
SUUMO 土地 富士市,富士市,更地,土地カテゴリ（建物表記なし）,静岡県富士市中丸,3980,2636.1,5.0,3000,—,—,,不明,接道・区分情報なし、詳細/役場で要確認,,2026-07-14,,https://suumo.jp/tochi/shizuoka/sc_fuji/nc_78857078/,不適合
SUUMO 土地 富士市,富士市,更地,土地カテゴリ（建物表記なし）,静岡県富士市青葉町,4390,264.4,54.9,3000,—,—,,不明,接道・区分情報なし、詳細/役場で要確認,,2026-07-12,,https://suumo.jp/tochi/shizuoka/sc_fuji/nc_78666821/,不適合
SUUMO 土地 富士市,富士市,更地,土地カテゴリ（建物表記なし）,静岡県富士市米之宮町,7486,465.0,53.2,3000,田,—,,不明,接道・区分情報なし、詳細/役場で要確認,,2026-07-12,,https://suumo.jp/tochi/shizuoka/sc_fuji/nc_21007955/,不適合
SUUMO 土地 富士市,富士市,更地,土地カテゴリ（建物表記なし）,静岡県富士市青葉町,8240,495.9,54.9,3000,—,—,,不明,接道・区分情報なし、詳細/役場で要確認,,2026-07-12,,https://suumo.jp/tochi/shizuoka/sc_fuji/nc_78713037/,不適合
SUUMO 土地 富士市,富士市,更地,土地カテゴリ（建物表記なし）,静岡県富士市横割４,9800,1131.2,28.6,3000,—,—,,不明,接道・区分情報なし、詳細/役場で要確認,,2026-08-15,,https://suumo.jp/tochi/shizuoka/sc_fuji/nc_21309965/,不適合
SUUMO 土地 富士市,富士市,更地,土地カテゴリ（建物表記なし）,静岡県富士市本市場,,157.9,,3000,—,—,,不明,接道・区分情報なし、詳細/役場で要確認,,2026-07-16,,https://suumo.jp/tochi/shizuoka/sc_fuji/nc_21190931/,数値不明
空き家バンクしずおか 長泉町,長泉町,空き家,掲載に空き家表記,駿東郡長泉町中土狩370-17,5180,91.1,188.0,3000,田,—,,不明,接道・区分情報なし。建物ありだが現行法での再建築可否は役場で要確認,,2026-06-14,注意:管理費,https://akiya-bank.shizuoka.fudohsan.jp/%E7%89%A9%E4%BB%B6/164962/settle/1,不適合
空き家バンクしずおか 長泉町,長泉町,更地,土地カテゴリ（建物表記なし）,駿東郡長泉町上土狩,2580,213.4,40.0,1500,田,市街化区域,,△,市街化区域だが接道幅員が不明。新築可否は接道要確認,,2026-07-15,,https://akiya-bank.shizuoka.fudohsan.jp/%E7%89%A9%E4%BB%B6/175290/settle/1,不適合
空き家バンクしずおか 長泉町,長泉町,更地,土地カテゴリ（建物表記なし）,駿東郡長泉町東野,700,818.0,2.8,1500,田,市街化調整区域,,△,市街化調整区域は原則新築不可・許可要件次第＝本命候補,,2026-06-14,関心:調整区域/無指定,https://akiya-bank.shizuoka.fudohsan.jp/%E7%89%A9%E4%BB%B6/160566/settle/1,適合
空き家バンクしずおか 長泉町,長泉町,空き家,掲載に空き家表記,駿東郡長泉町下土狩,4500,55.5,268.0,3000,田,—,,不明,接道・区分情報なし。建物ありだが現行法での再建築可否は役場で要確認,,2026-06-14,注意:管理費,https://akiya-bank.shizuoka.fudohsan.jp/%E7%89%A9%E4%BB%B6/173457/settle/1,不適合
空き家バンクしずおか 長泉町,長泉町,古家付き土地,土地＋古家/上物の表記,駿東郡長泉町本宿,1450,138.5,34.6,1500,田,市街化区域,,不明,接道・区分情報なし。建物ありだが現行法での再建築可否は役場で要確認,,2026-06-14,,https://akiya-bank.shizuoka.fudohsan.jp/%E7%89%A9%E4%BB%B6/139461/settle/1,不適合
空き家バンクしずおか 長泉町,長泉町,空き家,掲載に空き家表記,駿東郡長泉町下土狩,2190,72.0,100.6,3000,田,—,,不明,接道・区分情報なし。建物ありだが現行法での再建築可否は役場で要確認,,2026-08-15,注意:管理費,https://akiya-bank.shizuoka.fudohsan.jp/%E7%89%A9%E4%BB%B6/176149/settle/1,不適合
空き家バンクしずおか 長泉町,長泉町,空き家,掲載に空き家表記,駿東郡長泉町竹原,1650,72.4,75.3,3000,田,—,,不明,接道・区分情報なし。建物ありだが現行法での再建築可否は役場で要確認,,2026-08-15,注意:管理費,https://akiya-bank.shizuoka.fudohsan.jp/%E7%89%A9%E4%BB%B6/176151/settle/1,不適合
空き家バンクしずおか 長泉町,長泉町,更地,土地カテゴリ（建物表記なし）,駿東郡長泉町下土狩1169-2,7980,486.5,54.2,1500,田,市街化区域,,△,市街化区域だが接道幅員が不明。新築可否は接道要確認,,2026-08-15,,https://akiya-bank.shizuoka.fudohsan.jp/%E7%89%A9%E4%BB%B6/176119/settle/1,不適合
空き家バンクしずおか 長泉町,長泉町,空き家,掲載に空き家表記,駿東郡長泉町下土狩,2400,224.0,35.4,3000,田,市街化区域,,不明,接道・区分情報なし。建物ありだが現行法での再建築可否は役場で要確認,,2026-06-14,,https://akiya-bank.shizuoka.fudohsan.jp/%E7%89%A9%E4%BB%B6/163134/settle/1,不適合
空き家バンクしずおか 長泉町,長泉町,更地,土地カテゴリ（建物表記なし）,駿東郡長泉町下土狩,1250,73.6,56.1,1500,田,市街化区域,,△,市街化区域だが接道幅員が不明。新築可否は接道要確認,,2026-07-30,,https://akiya-bank.shizuoka.fudohsan.jp/%E7%89%A9%E4%BB%B6/171596/settle/1,不適合
空き家バンクしずおか 長泉町,長泉町,更地,土地カテゴリ（建物表記なし）,駿東郡長泉町南一色,15000,1041.1,47.6,1500,田,市街化区域,,△,市街化区域だが接道幅員が不明。新築可否は接道要確認,,2026-07-13,,https://akiya-bank.shizuoka.fudohsan.jp/%E7%89%A9%E4%BB%B6/175219/settle/1,不適合
家っち(新日本住建販売) 長泉町 土地一覧,長泉町,更地,土地カテゴリ（建物表記なし）,静岡県駿東郡長泉町中土狩,1990,169.6,38.8,1500,—,—,,不明,接道・区分情報なし、詳細/役場で要確認,,2026-07-23,,https://www.snjhkk.com/s_r_59264/index.html,不適合
家っち(新日本住建販売) 長泉町 土地一覧,長泉町,更地,土地カテゴリ（建物表記なし）,静岡県駿東郡長泉町下土狩,2980,,,1500,—,—,,不明,接道・区分情報なし、詳細/役場で要確認,,2026-07-18,,https://www.snjhkk.com/s_r_59260/index.html,数値不明
家っち(新日本住建販売) 長泉町 土地一覧,長泉町,更地,土地カテゴリ（建物表記なし）,静岡県駿東郡長泉町下土狩,2430,,,1500,—,—,,不明,接道・区分情報なし、詳細/役場で要確認,,2026-07-12,,https://www.snjhkk.com/s_r_59244/index.html,数値不明
家っち(新日本住建販売) 長泉町 土地一覧,長泉町,更地,土地カテゴリ（建物表記なし）,静岡県駿東郡長泉町上土狩,4180,219.6,62.9,1500,—,—,,不明,接道・区分情報なし、詳細/役場で要確認,,2026-08-15,,https://www.snjhkk.com/s_r_59038/index.html,不適合
家っち(新日本住建販売) 長泉町 土地一覧,長泉町,更地,土地カテゴリ（建物表記なし）,静岡県駿東郡長泉町下土狩,1498,,,1500,—,—,,不明,接道・区分情報なし、詳細/役場で要確認,,2026-08-15,,https://www.snjhkk.com/s_r_58973/index.html,数値不明
家っち(新日本住建販売) 長泉町 土地一覧,長泉町,更地,土地カテゴリ（建物表記なし）,静岡県駿東郡長泉町下土狩,4690,,,1500,—,—,,不明,接道・区分情報なし、詳細/役場で要確認,,2026-08-15,,https://www.snjhkk.com/s_r_58895/index.html,数値不明
家っち(新日本住建販売) 長泉町 土地一覧,長泉町,更地,土地カテゴリ（建物表記なし）,静岡県駿東郡長泉町下土狩,3680,,,1500,—,—,,不明,接道・区分情報なし、詳細/役場で要確認,,2026-08-15,,https://www.snjhkk.com/s_r_58810/index.html,数値不明
家っち(新日本住建販売) 長泉町 土地一覧,長泉町,更地,土地カテゴリ（建物表記なし）,静岡県駿東郡長泉町下土狩,3780,,,1500,—,—,,不明,接道・区分情報なし、詳細/役場で要確認,,2026-08-15,,https://www.snjhkk.com/s_r_58743/index.html,数値不明
家っち(新日本住建販売) 長泉町 土地一覧,長泉町,更地,土地カテゴリ（建物表記なし）,静岡県駿東郡長泉町下土狩,2190,,,1500,—,—,,不明,接道・区分情報なし、詳細/役場で要確認,,2026-08-15,,https://www.snjhkk.com/s_r_58591/index.html,数値不明
家っち(新日本住建販売) 長泉町 土地一覧,長泉町,更地,土地カテゴリ（建物表記なし）,静岡県駿東郡長泉町下土狩,6980,,,1500,—,—,,不明,接道・区分情報なし、詳細/役場で要確認,,2026-08-15,,https://www.snjhkk.com/s_r_58385/index.html,数値不明
家っち(新日本住建販売) 長泉町 土地一覧,長泉町,更地,土地カテゴリ（建物表記なし）,静岡県駿東郡長泉町下土狩,7980,,,1500,—,—,,不明,接道・区分情報なし、詳細/役場で要確認,,2026-08-15,,https://www.snjhkk.com/s_r_58383/index.html,数値不明
スマイミー静岡 賃貸 伊豆市,伊豆市,駐車場,賃貸カテゴリ（掲載種別）,伊豆市牧之郷１８２－1,0.39,,,5,—,—,,—,賃貸のため対象外,,2026-07-25,関心:礼金無,https://www.shizuoka.fudohsan.jp/%E7%89%A9%E4%BB%B6/168645,適合
スマイミー静岡 賃貸 伊豆市,伊豆市,賃貸戸建,賃貸カテゴリ（掲載種別）,伊豆市上白岩902-1,5.0,49.7,,5,—,—,,—,賃貸のため対象外,,2026-07-25,関心:戸建,https://www.shizuoka.fudohsan.jp/%E7%89%A9%E4%BB%B6/154432,適合
スマイミー静岡 賃貸 伊豆市,伊豆市,賃貸アパート,賃貸カテゴリ（掲載種別）,伊豆市柏久保1181,4.0,33.0,,5,—,—,,—,賃貸のため対象外,,2026-07-25,,https://www.shizuoka.fudohsan.jp/%E7%89%A9%E4%BB%B6/111380,適合
スマイミー静岡 賃貸 伊豆市,伊豆市,賃貸アパート,賃貸カテゴリ（掲載種別）,伊豆市柏久保1181,4.0,33.0,,5,—,—,,—,賃貸のため対象外,,2026-07-25,,https://www.shizuoka.fudohsan.jp/%E7%89%A9%E4%BB%B6/43601,適合
スマイミー静岡 賃貸 伊豆市,伊豆市,賃貸アパート,賃貸カテゴリ（掲載種別）,伊豆市熊坂415,8.5,105.8,,5,—,—,,—,賃貸のため対象外,,2026-07-25,,https://www.shizuoka.fudohsan.jp/%E7%89%A9%E4%BB%B6/171007,不適合
スマイミー静岡 賃貸 伊豆市,伊豆市,賃貸アパート,賃貸カテゴリ（掲載種別）,伊豆市修善寺732-32,5.0,48.9,,5,—,—,,—,賃貸のため対象外,,2026-07-25,,https://www.shizuoka.fudohsan.jp/%E7%89%A9%E4%BB%B6/161406,適合
スマイミー静岡 賃貸 伊豆市,伊豆市,駐車場,賃貸カテゴリ（掲載種別）,伊豆市柏久保1163,0.35,,,5,—,—,,—,賃貸のため対象外,,2026-07-25,関心:敷金無,https://www.shizuoka.fudohsan.jp/%E7%89%A9%E4%BB%B6/129554,適合
スマイミー静岡 賃貸 伊豆市,伊豆市,賃貸戸建,賃貸カテゴリ（掲載種別）,伊豆市関野388,4.9,69.0,,5,—,—,,—,賃貸のため対象外,,2026-07-25,関心:戸建,https://www.shizuoka.fudohsan.jp/%E7%89%A9%E4%BB%B6/66152,適合
スマイミー静岡 賃貸 伊豆市,伊豆市,賃貸その他,賃貸カテゴリ（掲載種別）,伊豆市熊坂415,7.4,38.7,,5,—,—,,—,賃貸のため対象外,,2026-07-25,注意:事務所,https://www.shizuoka.fudohsan.jp/%E7%89%A9%E4%BB%B6/145776,不適合
スマイミー静岡 賃貸 伊豆市,伊豆市,賃貸戸建,賃貸カテゴリ（掲載種別）,伊豆市牧之郷385-5,4.0,29.0,,5,—,—,,—,賃貸のため対象外,,2026-07-25,関心:礼金無/戸建,https://www.shizuoka.fudohsan.jp/%E7%89%A9%E4%BB%B6/169550,適合
スマイミー静岡 賃貸 伊豆市,伊豆市,賃貸アパート,賃貸カテゴリ（掲載種別）,伊豆市小立野91,4.5,42.2,,5,—,—,,—,賃貸のため対象外,,2026-07-25,関心:礼金無,https://www.shizuoka.fudohsan.jp/%E7%89%A9%E4%BB%B6/149506,適合
SUUMO 土地 賀茂郡（西伊豆/東伊豆/南伊豆/河津/松崎）,南伊豆町,更地,土地カテゴリ（建物表記なし）,静岡県賀茂郡南伊豆町下賀茂600番21,480,248.2,6.4,3000,田,—,,不明,接道・区分情報なし、詳細/役場で要確認,,2026-08-01,,https://suumo.jp/tochi/shizuoka/sc_kamogun/nc_21279944/,不適合
SUUMO 土地 賀茂郡（西伊豆/東伊豆/南伊豆/河津/松崎）,南伊豆町,更地,土地カテゴリ（建物表記なし）,静岡県賀茂郡南伊豆町加納,620,256.0,8.0,3000,田,—,,不明,接道・区分情報なし、詳細/役場で要確認,,2026-07-12,,https://suumo.jp/tochi/shizuoka/sc_kamogun/nc_77740246/,不適合
SUUMO 土地 賀茂郡（西伊豆/東伊豆/南伊豆/河津/松崎）,松崎町,更地,土地カテゴリ（建物表記なし）,静岡県賀茂郡松崎町櫻田,990,548.7,6.0,3000,田,—,,不明,接道・区分情報なし、詳細/役場で要確認,,2026-07-12,,https://suumo.jp/tochi/shizuoka/sc_kamogun/nc_79108111/,不適合
SUUMO 土地 賀茂郡（西伊豆/東伊豆/南伊豆/河津/松崎）,西伊豆町,更地,土地カテゴリ（建物表記なし）,静岡県賀茂郡西伊豆町仁科,1580,641.4,8.1,3000,—,—,,不明,接道・区分情報なし、詳細/役場で要確認,,2026-08-15,,https://suumo.jp/tochi/shizuoka/sc_kamogun/nc_21429675/,不適合
SUUMO 土地 賀茂郡（西伊豆/東伊豆/南伊豆/河津/松崎）,河津町,更地,土地カテゴリ（建物表記なし）,静岡県賀茂郡河津町川津筏場,2500,811.0,10.2,3000,—,—,,不明,接道・区分情報なし、詳細/役場で要確認,,2026-07-12,,https://suumo.jp/tochi/shizuoka/sc_kamogun/nc_66521056/,不適合
SUUMO 土地 賀茂郡（西伊豆/東伊豆/南伊豆/河津/松崎）,東伊豆町,更地,土地カテゴリ（建物表記なし）,静岡県賀茂郡東伊豆町稲取,10800,36898.3,1.0,3000,—,—,,不明,接道・区分情報なし、詳細/役場で要確認,,2026-07-12,,https://suumo.jp/tochi/shizuoka/sc_kamogun/nc_72755666/,不適合
SUUMO 土地 賀茂郡（西伊豆/東伊豆/南伊豆/河津/松崎）,西伊豆町,更地,土地カテゴリ（建物表記なし）,静岡県賀茂郡西伊豆町仁科,11000,6593.3,5.5,3000,—,—,,不明,接道・区分情報なし、詳細/役場で要確認,,2026-07-12,,https://suumo.jp/tochi/shizuoka/sc_kamogun/nc_20783171/,不適合
